bodyID,weight_kg,stature_cm,neck_base_girth,chest_girth,waist_girth,hips_buttock_girth,shoulder_girth,thigh_girth,thigh_low_girth,calf_girth,ankle_girth,forearm_girth,wrist_girth,shoulder_length,sleeveoutseam_length,forearm_length,crotchheight_length,waistback_length,thigh_length,chest_depth_length,head_girth,biacromialbreadth,scyecircoveracromion
ANSURI_mal_0001,86.55,171.35,45.83,105.02,95.36,103.21,120.97,61.79,41.7,39.6,22.37,31.16,17.56,13.76,59.75,27.09,78.7,39.47,41.33,27.32,57.65,0.0,0.0
ANSURI_mal_0002,87.41,182.93,42.18,102.07,95.22,104.45,116.85,60.45,39.24,39.82,24.54,29.05,18.1,14.61,61.88,28.32,90.16,42.3,43.75,25.29,58.92,0.0,0.0
ANSURI_mal_0003,72.38,171.26,41.56,98.31,83.22,96.85,116.18,56.79,37.42,35.87,20.68,27.84,16.61,15.44,57.65,26.23,79.06,40.79,39.75,23.48,57.37,0.0,0.0
ANSURI_mal_0004,80.34,177.05,42.49,96.12,86.76,100.03,112.54,60.41,41.11,40.87,23.34,30.29,17.42,14.01,60.61,27.72,83.44,43.46,41.56,23.81,59.37,0.0,0.0
ANSURI_mal_0005,74.4,165.43,40.98,102.67,93.75,97.14,112.96,57.58,39.3,37.71,21.38,28.74,16.15,14.46,55.42,26.19,78.21,39.5,36.69,26.47,54.86,0.0,0.0
ANSURI_mal_0006,60.74,176.56,37.66,92.02,74.32,88.13,108.6,50.21,33.98,32.3,20.65,28.13,16.03,14.77,61.76,27.54,91.01,40.72,45.16,20.76,55.43,0.0,0.0
ANSURI_mal_0007,83.93,178.03,42.22,100.55,96.03,103.16,119.3,59.0,40.19,35.83,21.2,29.71,17.41,16.09,57.91,26.84,82.9,40.54,40.1,24.74,59.77,0.0,0.0
ANSURI_mal_0008,82.57,181.03,40.3,97.04,90.74,102.59,115.72,59.97,41.16,38.66,23.34,28.05,16.65,15.45,62.63,28.3,85.42,44.3,41.98,23.18,54.97,0.0,0.0
ANSURI_mal_0009,81.46,174.07,42.92,101.64,90.78,101.29,121.79,60.25,39.57,36.59,22.52,29.03,16.99,16.77,59.96,26.91,82.76,42.19,41.66,25.88,56.66,0.0,0.0
ANSURI_mal_0010,80.72,165.01,41.6,105.3,91.66,105.17,119.14,63.21,42.69,37.38,22.77,31.18,17.1,14.33,59.11,27.53,79.75,38.96,39.44,25.3,56.57,0.0,0.0
ANSURI_mal_0011,81.13,168.86,44.31,103.29,94.14,102.3,117.09,59.74,41.01,38.94,22.4,30.21,17.88,12.91,58.31,25.93,79.73,38.69,40.02,25.41,57.92,0.0,0.0
ANSURI_mal_0012,87.29,171.74,41.96,104.75,91.61,107.07,118.56,67.92,44.02,39.72,22.67,32.08,16.87,12.76,61.56,28.52,83.62,38.0,42.47,25.77,56.49,0.0,0.0
ANSURI_mal_0013,78.79,171.3,42.38,103.17,91.59,98.98,115.1,56.78,39.95,38.98,23.67,28.29,17.25,14.2,56.59,26.03,77.58,41.74,40.89,24.56,56.18,0.0,0.0
ANSURI_mal_0014,73.78,166.76,41.31,103.25,86.07,95.93,115.69,57.77,38.58,36.02,20.69,28.99,17.4,13.57,58.97,25.61,77.79,40.26,39.81,26.38,56.56,0.0,0.0
ANSURI_mal_0015,67.37,165.53,38.99,88.86,87.28,95.86,108.47,55.55,40.72,38.02,21.89,27.39,16.33,15.29,54.43,25.35,76.75,39.21,38.11,21.46,54.54,0.0,0.0
ANSURI_mal_0016,79.61,166.63,44.93,106.98,94.99,98.73,122.46,58.34,38.68,35.41,22.07,29.32,16.74,14.32,58.45,25.63,77.03,40.1,38.34,26.49,56.41,0.0,0.0
ANSURI_mal_0017,84.29,178.17,41.86,101.49,87.33,102.41,120.35,62.44,42.18,40.06,24.57,31.76,17.78,14.76,61.09,27.56,88.51,41.02,41.41,24.01,56.0,0.0,0.0
ANSURI_mal_0018,83.31,187.77,41.48,98.07,86.01,99.45,117.72,58.43,39.29,39.61,23.12,30.44,18.07,14.59,65.72,29.63,92.49,44.79,45.05,22.35,57.94,0.0,0.0
ANSURI_mal_0019,78.25,183.37,41.62,98.69,83.68,96.34,116.57,56.85,38.55,36.68,23.91,29.45,17.65,15.61,62.28,28.23,89.73,44.26,44.29,23.36,57.13,0.0,0.0
ANSURI_mal_0020,81.66,170.58,43.11,97.95,89.29,103.08,121.43,61.33,41.41,39.55,24.29,32.58,17.6,15.18,59.43,28.08,82.06,39.24,40.77,24.94,57.66,0.0,0.0
ANSURI_mal_0021,96.69,173.22,44.48,112.71,97.96,109.83,127.16,68.23,42.38,42.94,24.05,34.85,18.33,14.42,60.99,27.42,82.42,41.03,40.64,26.95,57.33,0.0,0.0
ANSURI_mal_0022,68.56,173.16,40.67,94.78,83.32,92.25,112.5,53.91,35.6,34.46,20.31,29.18,18.11,14.77,60.65,27.14,85.28,41.8,41.63,23.09,56.98,0.0,0.0
ANSURI_mal_0023,70.6,172.54,40.64,99.56,79.35,91.95,114.94,54.52,38.8,38.14,21.51,29.14,16.17,15.14,57.28,25.75,82.31,41.74,38.91,24.25,56.4,0.0,0.0
ANSURI_mal_0024,76.27,186.41,41.1,95.7,77.13,96.46,114.93,56.48,37.88,37.46,22.47,31.76,17.34,14.66,64.4,30.03,91.73,44.31,45.51,21.3,56.16,0.0,0.0
ANSURI_mal_0025,75.52,172.52,40.19,97.24,87.23,99.62,110.44,58.33,40.71,38.09,21.65,30.72,17.92,14.09,59.64,28.08,83.81,41.2,40.66,23.25,57.82,0.0,0.0
ANSURI_mal_0026,74.01,170.22,39.41,92.57,84.5,102.13,110.3,61.36,41.36,39.38,22.54,27.96,16.69,13.59,58.52,27.66,83.66,36.41,41.69,22.9,56.57,0.0,0.0
ANSURI_mal_0027,84.68,173.25,43.42,101.44,92.62,104.17,119.58,60.97,40.5,39.99,23.16,31.37,18.16,13.34,62.3,27.3,80.69,42.28,38.4,24.53,56.99,0.0,0.0
ANSURI_mal_0028,70.42,164.82,40.97,97.28,84.18,96.89,114.5,58.05,40.01,36.18,22.06,28.79,17.42,14.73,54.63,25.03,78.36,38.05,39.99,23.68,57.66,0.0,0.0
ANSURI_mal_0029,59.73,168.92,37.83,86.18,75.64,89.83,104.99,54.39,35.32,32.39,20.06,26.67,16.44,14.15,58.2,26.16,79.97,41.9,38.29,19.57,56.32,0.0,0.0
ANSURI_mal_0030,81.58,175.12,43.26,103.59,88.59,100.36,119.75,60.07,40.08,37.13,23.39,31.0,17.92,14.07,58.47,25.6,83.72,42.35,40.02,24.84,57.48,0.0,0.0
ANSURI_mal_0031,73.66,166.27,41.46,99.31,84.48,97.89,114.66,58.85,39.15,37.82,22.6,29.37,17.59,13.79,57.42,25.52,75.6,40.25,39.98,23.75,59.2,0.0,0.0
ANSURI_mal_0032,77.61,163.64,41.58,99.93,88.43,104.38,116.04,64.58,42.78,39.44,22.33,29.98,16.42,14.41,55.54,25.93,77.61,37.25,39.13,24.47,55.16,0.0,0.0
ANSURI_mal_0033,81.66,173.76,43.66,106.56,93.02,101.08,116.89,58.85,38.97,38.39,23.56,29.77,17.44,14.25,58.45,26.53,85.24,41.37,41.33,26.04,57.41,0.0,0.0
ANSURI_mal_0034,68.43,174.28,39.41,90.09,81.12,94.08,113.41,55.41,37.42,33.5,21.27,28.36,16.8,15.42,58.97,26.35,82.99,42.36,40.87,21.81,57.33,0.0,0.0
ANSURI_mal_0035,99.93,184.25,45.27,107.89,93.59,106.94,124.94,68.05,45.34,43.43,24.19,35.95,19.35,13.78,67.21,31.08,92.3,43.07,45.68,26.05,58.64,0.0,0.0
ANSURI_mal_0036,103.04,193.87,43.04,106.71,101.68,111.19,120.79,64.4,43.9,39.01,22.29,31.26,18.63,15.5,67.0,29.46,91.68,46.45,46.28,25.06,60.2,0.0,0.0
ANSURI_mal_0037,74.73,184.49,38.96,94.16,77.68,95.72,109.74,58.02,37.9,38.42,22.89,30.57,17.63,14.41,62.82,30.49,93.41,42.67,47.81,22.18,58.02,0.0,0.0
ANSURI_mal_0038,57.27,160.77,37.6,88.9,76.87,88.28,108.2,51.77,35.42,33.69,20.06,27.27,15.93,14.5,53.81,25.41,77.51,37.82,38.74,20.89,56.6,0.0,0.0
ANSURI_mal_0039,81.97,184.28,41.16,94.14,86.45,101.48,118.76,60.26,40.1,37.63,22.7,31.34,17.14,16.53,62.6,27.82,91.1,42.25,45.71,22.91,57.02,0.0,0.0
ANSURI_mal_0040,71.14,166.0,41.66,97.93,89.72,96.17,114.33,56.74,37.15,35.32,19.33,28.69,16.15,14.48,58.76,26.8,77.92,39.14,38.66,24.16,55.73,0.0,0.0
ANSURI_mal_0041,105.93,193.12,43.05,102.97,100.13,113.22,121.42,68.5,46.46,43.03,26.22,31.63,18.8,14.43,66.78,29.55,95.05,45.93,46.5,25.08,60.59,0.0,0.0
ANSURI_mal_0042,80.15,184.26,41.91,94.56,85.46,99.94,114.33,59.83,39.45,37.67,21.32,28.63,17.53,14.57,63.59,27.71,87.72,45.31,45.51,22.17,57.35,0.0,0.0
ANSURI_mal_0043,64.97,169.47,39.85,94.71,80.5,91.53,111.06,52.61,36.31,34.27,20.58,28.47,17.22,14.63,58.32,26.71,82.64,40.06,41.19,21.88,56.23,0.0,0.0
ANSURI_mal_0044,83.72,173.54,42.9,102.51,95.6,103.63,115.53,61.65,40.57,38.75,24.3,30.05,18.0,13.46,60.23,26.17,83.65,40.21,42.26,24.84,58.03,0.0,0.0
ANSURI_mal_0045,89.51,173.56,43.42,101.69,92.32,107.27,124.91,67.1,43.05,40.81,23.12,33.86,17.84,15.86,59.45,27.45,81.13,40.88,42.33,24.06,58.23,0.0,0.0
ANSURI_mal_0046,81.71,170.93,43.94,103.54,88.24,100.35,119.43,61.34,42.1,39.62,22.35,31.19,17.0,14.53,57.23,25.86,79.0,42.61,41.42,25.47,59.64,0.0,0.0
ANSURI_mal_0047,71.55,171.55,41.16,92.46,85.55,95.14,112.72,57.46,39.44,37.35,21.74,30.25,16.56,14.1,60.49,26.6,82.36,39.27,42.51,21.28,57.22,0.0,0.0
ANSURI_mal_0048,88.75,176.75,42.86,108.05,100.88,102.74,122.44,61.58,39.25,39.17,22.37,29.24,17.53,16.12,61.03,26.82,83.95,46.69,41.44,25.95,55.9,0.0,0.0
ANSURI_mal_0049,109.65,189.64,46.37,109.74,103.46,113.78,132.07,66.45,42.92,42.48,24.68,33.83,19.53,17.78,65.5,28.68,89.66,48.69,44.48,27.17,60.27,0.0,0.0
ANSURI_mal_0050,79.02,172.09,41.54,102.96,90.42,99.33,118.1,59.95,39.6,38.68,21.74,28.43,17.54,14.59,58.96,25.25,80.9,41.09,40.02,23.86,57.75,0.0,0.0
ANSURI_mal_0051,82.07,166.44,42.79,102.03,95.96,99.93,121.09,60.46,40.79,40.56,22.47,32.01,17.88,16.14,55.83,25.08,72.95,43.28,35.85,25.43,55.31,0.0,0.0
ANSURI_mal_0052,86.04,169.21,42.76,107.0,94.05,106.89,125.29,64.53,39.24,38.12,22.25,32.21,17.95,15.75,56.27,25.88,78.48,38.89,40.67,25.68,58.57,0.0,0.0
ANSURI_mal_0053,89.63,177.31,41.81,110.55,92.38,104.88,123.14,64.78,42.98,39.05,23.04,29.76,17.4,15.74,60.77,27.42,86.77,41.56,44.31,27.35,56.4,0.0,0.0
ANSURI_mal_0054,74.76,181.91,40.4,91.07,78.08,95.04,114.9,58.98,41.12,38.06,22.99,29.62,17.57,14.92,63.04,29.03,89.12,41.5,44.7,20.54,57.95,0.0,0.0
ANSURI_mal_0055,69.74,174.01,39.82,93.84,82.86,94.14,111.63,56.91,39.14,34.99,20.45,28.35,16.43,13.9,60.47,27.16,86.95,39.45,44.14,22.44,55.89,0.0,0.0
ANSURI_mal_0056,85.19,175.79,41.57,106.45,92.51,101.09,119.39,61.8,40.95,40.05,22.36,30.54,17.55,14.36,62.9,28.21,85.12,42.01,44.08,25.8,57.49,0.0,0.0
ANSURI_mal_0057,90.74,185.25,41.22,101.3,95.19,104.84,117.82,62.55,45.25,38.97,22.85,30.44,18.77,16.01,65.2,29.86,92.3,41.86,45.97,25.82,56.12,0.0,0.0
ANSURI_mal_0058,88.12,165.84,43.77,113.87,102.99,105.26,121.85,62.94,40.72,39.24,20.58,34.13,17.6,12.75,59.33,26.68,78.92,37.96,40.15,28.4,56.56,0.0,0.0
ANSURI_mal_0059,65.79,169.86,40.26,93.28,79.42,90.65,113.62,54.97,36.86,34.03,20.33,28.37,16.18,14.83,58.37,25.98,80.87,42.24,40.83,21.63,56.83,0.0,0.0
ANSURI_mal_0060,69.13,174.57,40.51,87.96,75.81,95.33,110.49,59.22,39.73,35.94,20.74,30.42,16.4,13.47,58.41,26.07,84.54,41.04,41.52,21.02,58.58,0.0,0.0
ANSURI_mal_0061,86.4,175.44,44.18,101.82,95.04,107.08,121.94,62.12,40.3,37.44,22.47,32.29,18.1,15.03,58.72,27.18,84.8,40.89,42.39,24.47,56.87,0.0,0.0
ANSURI_mal_0062,86.05,185.07,41.97,102.21,89.17,101.72,120.55,58.84,40.78,36.19,22.56,31.05,18.76,16.16,60.32,28.01,88.31,45.56,45.32,25.25,56.5,0.0,0.0
ANSURI_mal_0063,96.92,182.86,42.24,105.59,97.36,110.27,120.75,66.59,45.44,42.82,25.36,31.52,17.83,14.16,62.43,27.48,89.2,40.14,44.52,24.88,57.24,0.0,0.0
ANSURI_mal_0064,82.51,175.69,42.66,102.38,89.87,101.08,118.55,60.52,39.63,39.34,22.58,31.2,18.12,14.95,62.12,28.48,86.16,41.97,42.06,25.53,57.39,0.0,0.0
ANSURI_mal_0065,83.26,184.43,41.58,99.53,81.36,102.54,119.27,61.08,40.76,38.72,22.78,32.43,18.49,14.95,63.09,29.06,95.04,40.49,46.83,23.51,57.42,0.0,0.0
ANSURI_mal_0066,65.43,182.89,38.2,84.89,71.76,91.67,108.1,53.76,36.6,35.75,22.3,28.47,16.58,14.24,64.89,29.19,93.61,39.88,46.68,20.34,54.72,0.0,0.0
ANSURI_mal_0067,86.81,175.33,44.06,101.61,88.01,106.63,121.39,66.32,41.94,38.64,21.86,31.43,18.59,14.62,61.76,28.69,84.43,39.24,43.26,24.91,58.77,0.0,0.0
ANSURI_mal_0068,93.44,187.24,42.82,99.97,99.6,105.43,121.96,66.32,40.44,37.0,21.49,29.58,16.82,17.69,63.0,28.92,88.84,47.39,45.32,25.18,57.92,0.0,0.0
ANSURI_mal_0069,90.45,180.37,44.34,107.89,89.22,102.25,123.84,61.56,42.14,41.06,22.55,34.77,18.65,14.31,61.14,27.91,84.78,43.71,43.79,25.58,59.49,0.0,0.0
ANSURI_mal_0070,68.91,171.83,39.16,94.35,78.5,95.17,110.07,57.25,37.51,37.83,22.45,29.58,16.74,13.99,60.13,28.29,84.69,39.35,43.54,21.51,55.55,0.0,0.0
ANSURI_mal_0071,92.6,182.37,42.87,105.2,97.7,106.16,124.9,63.3,41.94,38.22,23.01,30.29,17.25,16.5,61.17,27.56,86.3,44.85,42.03,25.54,56.83,0.0,0.0
ANSURI_mal_0072,62.33,161.07,41.95,89.38,76.26,91.9,109.66,56.51,37.41,35.59,21.63,29.43,16.33,12.81,57.7,27.09,77.49,37.08,39.31,21.42,55.09,0.0,0.0
ANSURI_mal_0073,54.04,165.13,37.65,84.13,69.54,84.81,99.61,49.45,34.32,34.51,20.33,26.99,16.8,13.05,55.27,24.95,76.24,40.95,40.4,19.8,55.42,0.0,0.0
ANSURI_mal_0074,76.27,178.1,39.72,93.99,83.09,98.31,111.65,56.88,39.75,39.46,24.05,30.28,18.39,13.83,59.22,26.73,84.64,45.49,42.93,23.19,56.34,0.0,0.0
ANSURI_mal_0075,71.18,162.58,41.79,96.14,82.26,98.28,117.31,59.67,40.39,35.72,22.82,30.04,17.96,14.27,54.13,25.21,73.19,40.51,38.16,22.35,58.66,0.0,0.0
ANSURI_mal_0076,65.08,172.44,39.46,90.53,78.31,92.67,111.69,52.79,37.55,34.18,20.8,28.49,17.65,13.6,58.97,27.0,83.91,41.76,42.22,20.33,54.57,0.0,0.0
ANSURI_mal_0077,76.29,171.02,41.22,98.68,84.96,98.29,117.26,61.56,41.35,38.65,21.6,30.22,15.83,14.63,60.59,27.93,82.01,37.52,41.93,22.89,56.56,0.0,0.0
ANSURI_mal_0078,80.66,182.84,41.34,96.83,82.21,99.02,118.54,59.38,39.17,39.19,22.41,32.16,17.63,15.85,61.38,28.1,87.11,47.21,42.93,23.01,54.98,0.0,0.0
ANSURI_mal_0079,88.27,183.76,42.06,103.87,91.21,102.92,119.69,61.92,41.37,39.05,22.67,30.76,17.83,15.33,64.71,29.21,89.13,43.53,44.47,24.72,56.67,0.0,0.0
ANSURI_mal_0080,79.19,167.81,41.97,102.04,91.12,102.7,111.55,62.35,40.48,38.43,22.62,29.54,17.3,13.01,57.52,26.22,77.68,41.7,40.25,25.5,56.31,0.0,0.0
ANSURI_mal_0081,67.53,184.6,39.99,91.29,74.5,90.33,111.65,52.33,35.19,36.35,21.37,28.18,17.02,15.46,60.63,28.15,90.57,45.43,45.11,20.92,56.54,0.0,0.0
ANSURI_mal_0082,83.61,178.78,40.72,102.02,86.8,101.59,120.6,62.29,40.78,39.74,22.6,30.71,17.37,16.27,61.34,27.65,86.71,44.36,42.75,24.43,55.95,0.0,0.0
ANSURI_mal_0083,97.1,185.08,42.59,111.22,95.64,106.89,125.73,64.61,43.36,41.72,23.58,31.4,17.65,15.54,63.37,28.37,90.92,43.68,44.9,26.4,59.09,0.0,0.0
ANSURI_mal_0084,96.06,177.47,45.12,107.8,95.34,109.2,126.33,66.86,43.11,44.33,24.38,33.22,18.37,15.67,63.75,30.74,87.84,41.32,43.92,26.17,58.51,0.0,0.0
ANSURI_mal_0085,88.94,179.34,43.24,99.21,96.0,107.11,117.77,64.03,41.79,39.47,23.51,30.58,17.8,14.28,60.54,26.99,83.98,40.99,42.43,23.83,58.34,0.0,0.0
ANSURI_mal_0086,85.27,173.62,44.07,98.87,87.63,104.43,122.48,66.89,45.41,40.0,23.5,31.68,17.08,15.97,61.65,28.92,84.91,38.75,42.4,23.01,56.52,0.0,0.0
ANSURI_mal_0087,78.22,176.2,42.39,97.24,89.26,99.38,114.72,60.48,38.87,36.1,21.19,28.66,17.21,14.56,60.4,28.5,82.55,41.76,40.65,23.15,58.03,0.0,0.0
ANSURI_mal_0088,77.18,169.58,42.75,97.65,89.88,99.62,117.15,59.47,40.51,38.07,23.21,29.51,16.86,14.36,58.87,25.66,79.22,39.73,40.01,23.57,56.38,0.0,0.0
ANSURI_mal_0089,84.58,181.24,42.72,98.29,83.68,99.34,119.41,61.44,42.71,41.33,25.17,33.1,18.75,14.61,62.24,29.42,88.04,44.17,45.06,23.5,57.96,0.0,0.0
ANSURI_mal_0090,95.69,187.88,43.34,102.64,98.93,109.54,117.66,65.43,41.63,38.2,23.13,30.37,18.04,15.38,61.88,28.29,90.16,46.11,47.42,25.3,59.62,0.0,0.0
ANSURI_mal_0091,100.97,186.53,44.18,105.84,96.35,108.91,125.32,67.86,45.61,41.47,24.51,32.8,19.24,16.08,65.84,31.06,89.9,40.32,47.16,25.95,58.85,0.0,0.0
ANSURI_mal_0092,81.52,170.46,42.88,105.6,90.33,100.41,119.82,59.44,39.94,38.8,22.57,31.66,17.71,13.97,58.76,26.22,80.35,42.62,40.72,26.65,58.04,0.0,0.0
ANSURI_mal_0093,63.96,173.02,38.12,90.39,74.48,92.13,104.43,52.3,35.79,36.58,20.73,29.48,17.19,14.75,54.38,25.96,80.12,43.89,40.94,21.89,57.35,0.0,0.0
ANSURI_mal_0094,66.71,170.6,40.79,94.35,77.08,92.4,110.72,54.62,37.95,35.5,21.68,27.66,17.16,14.26,56.72,25.36,78.69,43.43,38.55,21.91,55.75,0.0,0.0
ANSURI_mal_0095,72.84,175.72,42.68,94.26,83.11,96.13,116.67,57.11,36.75,34.54,21.08,28.57,16.49,14.48,59.42,27.15,83.3,43.8,40.53,22.73,55.71,0.0,0.0
ANSURI_mal_0096,83.24,171.06,43.15,105.81,94.21,102.02,121.28,60.14,40.36,38.58,21.9,31.64,17.8,14.66,58.33,25.49,79.37,41.14,39.75,24.66,58.45,0.0,0.0
ANSURI_mal_0097,92.2,174.2,45.38,108.91,95.31,107.66,124.45,66.95,41.7,40.53,22.74,31.48,18.42,15.31,60.6,28.29,83.27,40.69,40.54,27.01,59.93,0.0,0.0
ANSURI_mal_0098,79.98,176.02,42.47,95.34,84.88,98.96,117.52,61.72,41.97,40.1,25.22,32.17,18.94,14.15,59.57,27.19,86.62,38.47,41.98,22.43,60.15,0.0,0.0
ANSURI_mal_0099,71.18,172.37,40.31,93.66,84.74,95.09,110.05,58.13,38.61,38.91,22.42,28.82,16.34,12.91,60.21,26.5,85.89,40.37,42.29,22.18,55.24,0.0,0.0
ANSURI_mal_0100,62.59,168.02,38.83,91.09,73.37,93.28,106.52,55.93,37.86,35.34,20.18,27.7,16.09,14.36,53.8,26.03,81.5,39.84,40.38,21.29,55.9,0.0,0.0
ANSURI_mal_0101,70.09,175.6,41.33,92.94,78.7,94.01,114.22,54.45,39.27,36.89,23.17,27.37,17.3,14.43,59.62,26.92,84.53,41.94,41.33,21.73,56.29,0.0,0.0
ANSURI_mal_0102,108.44,168.77,43.66,113.85,115.63,123.65,118.93,77.97,49.38,43.29,22.47,32.41,16.75,13.82,57.06,25.48,76.48,40.69,39.5,28.81,56.09,0.0,0.0
ANSURI_mal_0103,74.32,174.79,41.72,100.37,79.94,94.12,115.75,56.13,39.41,38.47,22.86,30.32,17.97,14.69,56.45,25.38,82.04,42.58,40.83,24.05,56.83,0.0,0.0
ANSURI_mal_0104,70.23,165.7,40.38,96.09,79.7,95.4,113.49,57.05,39.04,39.57,24.82,30.62,16.53,13.38,55.55,24.85,76.1,41.82,37.86,23.01,55.8,0.0,0.0
ANSURI_mal_0105,88.31,170.34,42.16,103.84,92.23,106.85,121.26,66.28,44.84,44.01,25.32,31.29,17.68,15.29,56.27,25.75,77.12,41.64,37.91,24.58,59.29,0.0,0.0
ANSURI_mal_0106,88.24,171.38,43.99,107.57,97.26,105.1,119.45,64.84,42.8,40.31,23.79,30.7,17.44,14.13,58.23,26.15,80.56,41.62,38.45,26.45,57.18,0.0,0.0
ANSURI_mal_0107,70.23,181.13,41.34,94.5,77.13,92.16,114.29,53.61,36.37,33.24,20.46,29.07,17.62,14.85,64.06,28.98,87.73,45.29,42.4,22.24,56.69,0.0,0.0
ANSURI_mal_0108,93.88,177.75,45.12,108.15,98.17,106.3,123.9,64.26,42.3,40.89,23.15,31.75,18.2,14.85,60.78,27.07,82.15,43.98,41.9,25.91,59.72,0.0,0.0
ANSURI_mal_0109,72.06,164.69,40.76,99.05,89.12,97.2,110.98,58.49,38.76,36.37,21.31,29.14,16.67,13.13,56.8,24.97,75.55,41.04,36.99,23.7,57.19,0.0,0.0
ANSURI_mal_0110,77.02,172.95,41.09,98.3,89.55,99.22,113.33,59.99,40.0,37.48,22.12,30.0,17.54,15.08,56.63,25.9,83.32,40.98,41.65,24.17,57.26,0.0,0.0
ANSURI_mal_0111,82.74,187.66,42.08,97.73,81.75,97.39,116.56,58.18,40.61,40.54,24.13,32.26,18.87,14.89,64.16,29.25,93.25,45.8,46.76,22.9,59.32,0.0,0.0
ANSURI_mal_0112,76.42,173.16,42.23,99.27,88.58,96.42,117.62,56.51,38.68,37.8,21.63,29.51,16.76,15.62,60.98,27.31,80.94,45.72,40.04,23.6,57.18,0.0,0.0
ANSURI_mal_0113,71.7,174.32,41.12,92.06,83.03,95.83,116.54,54.93,38.18,36.34,21.95,29.09,17.49,15.86,61.23,27.97,83.89,41.22,42.65,21.78,58.05,0.0,0.0
ANSURI_mal_0114,89.55,182.76,42.21,108.12,95.14,102.7,120.69,61.56,40.82,38.3,22.92,29.14,17.07,15.91,62.08,27.77,87.55,43.87,44.41,26.19,58.25,0.0,0.0
ANSURI_mal_0115,81.55,173.72,42.51,99.98,92.22,102.35,116.67,62.55,38.59,38.88,23.26,30.08,17.32,14.35,58.91,26.41,82.26,40.68,42.25,23.57,58.42,0.0,0.0
ANSURI_mal_0116,85.64,185.36,42.68,97.99,83.75,103.68,118.06,62.63,40.91,38.78,22.98,32.85,18.01,15.03,63.14,27.75,91.14,44.52,44.15,23.66,56.36,0.0,0.0
ANSURI_mal_0117,79.58,183.7,41.25,98.64,83.45,97.43,121.28,56.23,39.04,39.23,23.26,28.82,17.27,15.3,65.9,27.63,91.97,42.39,45.3,23.07,57.96,0.0,0.0
ANSURI_mal_0118,70.41,163.19,40.97,99.64,87.16,95.69,113.11,59.08,39.12,34.25,19.48,30.37,16.46,14.22,56.06,26.62,77.06,38.6,40.47,25.04,55.44,0.0,0.0
ANSURI_mal_0119,80.71,175.25,41.81,98.99,86.95,102.73,114.1,62.48,39.18,37.74,22.63,30.01,17.63,13.84,57.55,26.56,80.07,44.22,41.05,23.96,58.95,0.0,0.0
ANSURI_mal_0120,91.97,177.45,44.0,108.33,94.38,104.77,125.11,62.19,44.42,40.76,24.27,32.6,18.83,14.48,62.1,26.56,84.7,43.39,42.15,25.8,58.6,0.0,0.0
ANSURI_mal_0121,87.53,189.83,43.59,102.06,86.27,99.38,120.04,60.23,40.7,39.06,23.16,29.37,17.88,15.8,67.01,30.41,94.08,49.14,46.59,25.08,57.61,0.0,0.0
ANSURI_mal_0122,65.09,180.5,39.74,90.66,76.75,89.7,111.89,51.72,35.78,34.85,20.87,28.0,17.17,15.13,61.89,28.44,89.57,45.6,45.68,19.16,55.37,0.0,0.0
ANSURI_mal_0123,89.6,189.93,42.41,98.1,85.35,104.75,116.01,62.0,44.44,41.13,24.75,32.1,18.88,16.13,62.19,28.75,92.39,44.99,45.35,23.28,57.47,0.0,0.0
ANSURI_mal_0124,78.06,186.89,41.05,100.88,81.25,94.81,116.94,56.0,38.61,36.82,22.36,27.38,16.72,15.76,62.93,28.39,91.4,45.86,47.0,23.74,58.12,0.0,0.0
ANSURI_mal_0125,79.43,180.95,40.74,101.37,88.87,98.63,116.26,55.59,38.19,35.91,21.82,27.52,17.07,15.55,61.64,28.1,84.27,44.54,43.64,24.25,57.2,0.0,0.0
ANSURI_mal_0126,62.71,168.08,38.5,88.41,78.32,91.35,107.61,52.69,36.94,37.34,21.7,26.05,16.7,14.1,57.96,25.85,79.52,39.65,39.21,20.9,55.83,0.0,0.0
ANSURI_mal_0127,88.05,177.47,41.49,103.58,96.79,107.09,112.68,64.28,42.96,41.32,23.06,29.9,16.18,13.22,61.63,27.94,86.68,38.67,43.32,25.44,56.54,0.0,0.0
ANSURI_mal_0128,70.62,179.51,39.36,91.57,73.65,94.68,115.51,55.64,38.48,36.19,21.88,30.54,17.35,15.53,61.82,28.96,89.32,42.26,45.03,22.21,55.34,0.0,0.0
ANSURI_mal_0129,82.89,179.2,42.62,103.36,91.07,100.64,118.31,58.22,39.92,38.71,21.89,30.96,18.23,15.68,59.75,26.79,86.35,43.08,44.63,24.12,58.2,0.0,0.0
ANSURI_mal_0130,83.7,173.52,40.43,100.06,92.22,104.91,116.01,65.22,41.79,40.76,23.6,29.49,17.26,15.25,59.0,25.62,82.43,40.16,40.0,23.74,57.73,0.0,0.0
ANSURI_mal_0131,74.8,178.29,41.63,97.17,79.65,96.5,117.11,57.94,38.41,36.81,22.92,29.62,17.03,15.81,61.27,27.27,88.24,43.29,42.63,22.48,58.97,0.0,0.0
ANSURI_mal_0132,66.1,172.64,39.52,93.78,79.89,92.77,108.37,52.55,35.62,36.57,22.31,28.86,16.22,14.23,59.88,27.5,85.17,38.58,43.99,21.75,56.81,0.0,0.0
ANSURI_mal_0133,76.04,166.53,41.65,103.67,88.76,100.31,117.72,56.69,40.18,37.56,21.47,28.78,16.25,15.39,58.44,25.78,76.12,41.78,39.61,24.75,57.28,0.0,0.0
ANSURI_mal_0134,82.14,177.21,40.62,99.87,88.03,102.14,116.76,63.45,41.4,38.77,23.19,28.76,17.05,15.26,61.85,27.64,84.86,42.46,40.7,23.78,55.91,0.0,0.0
ANSURI_mal_0135,69.97,178.08,41.02,89.69,75.14,92.45,114.68,56.44,38.41,37.76,21.77,30.07,17.32,14.76,60.96,27.49,85.37,42.93,43.81,20.35,56.27,0.0,0.0
ANSURI_mal_0136,63.25,173.88,38.73,91.3,80.81,90.35,105.87,51.56,35.91,32.23,19.91,27.58,16.6,13.63,60.68,26.76,85.19,43.35,43.28,20.49,56.87,0.0,0.0
ANSURI_mal_0137,64.22,169.83,39.54,90.65,73.97,91.15,111.88,54.97,36.71,35.69,21.64,28.72,17.76,14.49,60.37,27.77,84.74,37.81,42.84,21.57,55.04,0.0,0.0
ANSURI_mal_0138,88.72,177.85,41.74,102.6,95.79,105.26,118.63,62.04,43.34,42.83,24.4,28.4,17.32,15.5,59.38,27.89,83.14,42.49,40.81,25.36,57.57,0.0,0.0
ANSURI_mal_0139,76.65,175.84,42.86,98.79,78.55,97.54,118.75,58.93,39.58,38.71,22.26,33.57,17.92,15.67,60.19,27.73,86.78,39.82,43.08,23.21,56.13,0.0,0.0
ANSURI_mal_0140,52.81,159.18,36.86,83.83,73.83,86.81,99.69,51.36,34.79,33.18,19.86,26.55,14.41,12.5,50.04,21.24,73.79,38.27,38.41,19.84,53.69,0.0,0.0
ANSURI_mal_0141,101.14,184.04,43.95,109.36,97.02,109.8,125.81,66.54,44.14,43.63,25.77,33.71,18.62,15.85,59.56,27.78,85.09,42.63,42.65,26.19,57.71,0.0,0.0
ANSURI_mal_0142,66.44,171.91,38.55,87.38,78.68,93.89,107.27,55.55,40.49,36.43,22.78,28.96,17.34,14.18,60.6,28.15,84.37,39.98,42.29,20.59,54.11,0.0,0.0
ANSURI_mal_0143,70.84,176.72,40.16,93.69,85.28,94.88,109.33,55.47,37.43,37.18,22.1,27.46,16.77,14.85,59.88,27.37,87.25,40.43,42.72,22.02,55.64,0.0,0.0
ANSURI_mal_0144,69.78,175.8,40.61,95.24,78.12,93.73,109.54,53.84,37.71,35.64,22.48,28.58,17.49,13.67,59.06,27.36,84.19,44.26,43.02,23.34,59.05,0.0,0.0
ANSURI_mal_0145,85.32,181.38,41.46,99.18,87.21,103.24,123.84,63.23,42.9,37.76,21.84,32.05,18.35,16.3,60.84,27.04,88.52,43.28,42.6,22.49,57.31,0.0,0.0
ANSURI_mal_0146,84.52,172.0,43.39,104.96,91.21,101.85,120.94,61.73,40.63,40.29,24.11,32.11,18.42,15.35,56.98,24.91,78.92,43.94,37.72,25.18,59.07,0.0,0.0
ANSURI_mal_0147,76.03,169.88,42.71,97.25,86.88,98.62,118.61,58.88,40.54,35.75,21.91,29.57,17.27,14.96,57.36,26.49,79.52,43.42,41.75,24.68,58.13,0.0,0.0
ANSURI_mal_0148,82.57,177.05,42.73,92.98,85.87,103.8,119.62,63.42,41.51,40.35,23.24,31.1,17.7,14.53,62.44,28.53,84.88,39.73,43.4,21.95,59.36,0.0,0.0
ANSURI_mal_0149,78.63,170.0,42.87,102.53,93.07,100.66,117.5,59.78,39.91,37.07,21.64,28.55,17.0,14.25,59.28,27.97,80.56,38.47,41.77,23.86,57.6,0.0,0.0
ANSURI_mal_0150,82.56,174.99,43.57,101.53,91.31,102.27,118.58,61.49,39.86,39.4,23.51,29.57,17.73,14.9,56.6,25.72,81.12,43.0,40.85,22.84,59.23,0.0,0.0
ANSURI_mal_0151,81.57,172.68,42.35,100.54,92.76,103.33,116.16,60.24,39.33,37.83,22.52,29.87,17.58,13.48,58.49,25.96,78.31,41.72,40.21,24.08,56.6,0.0,0.0
ANSURI_mal_0152,66.26,178.0,39.51,89.04,76.95,92.2,111.1,53.27,37.63,34.16,19.83,27.36,16.57,14.68,59.21,26.96,83.99,44.12,43.34,20.29,55.83,0.0,0.0
ANSURI_mal_0153,92.53,180.41,43.19,105.59,91.9,105.76,120.04,64.79,47.19,42.07,25.06,31.63,19.27,15.17,61.73,28.1,88.05,43.22,42.76,25.14,57.99,0.0,0.0
ANSURI_mal_0154,52.97,161.64,38.72,88.02,69.33,82.92,106.96,48.62,34.51,33.6,20.45,27.35,15.92,13.67,53.69,23.59,78.16,39.24,38.46,20.21,53.67,0.0,0.0
ANSURI_mal_0155,71.53,164.85,40.17,97.81,83.94,96.48,115.06,58.81,41.22,36.83,21.67,30.37,17.5,14.47,55.82,24.28,77.62,38.52,39.33,23.86,57.11,0.0,0.0
ANSURI_mal_0156,78.28,184.55,38.68,90.34,81.35,100.45,114.17,59.85,41.55,40.03,23.47,28.93,16.3,14.89,65.04,30.07,92.63,40.92,46.56,20.93,56.5,0.0,0.0
ANSURI_mal_0157,68.41,169.34,39.43,93.27,78.01,96.07,110.53,59.46,39.28,35.82,21.67,28.83,15.94,13.5,55.92,25.2,81.92,37.16,42.15,22.59,57.02,0.0,0.0
ANSURI_mal_0158,76.08,176.14,42.11,93.68,84.01,99.33,116.43,57.29,39.09,38.5,23.98,29.4,18.35,15.2,58.78,26.64,83.68,41.35,42.47,22.1,55.52,0.0,0.0
ANSURI_mal_0159,79.86,173.31,42.14,106.5,94.53,98.74,117.65,57.14,37.38,35.82,21.17,29.33,16.3,15.04,60.72,28.45,81.41,42.85,39.6,25.22,57.86,0.0,0.0
ANSURI_mal_0160,78.22,176.99,40.56,96.33,85.47,100.9,119.74,62.41,40.04,35.91,21.46,29.39,16.32,16.09,61.29,28.54,86.95,39.59,45.16,22.41,54.72,0.0,0.0
ANSURI_mal_0161,87.7,169.16,45.73,105.81,96.96,104.53,123.68,67.41,42.94,38.88,22.54,31.45,16.55,13.03,60.42,26.61,81.03,38.74,40.44,26.13,57.93,0.0,0.0
ANSURI_mal_0162,67.28,175.96,39.21,91.06,76.82,93.21,108.33,53.79,37.96,37.13,22.82,28.04,16.46,14.48,59.46,26.63,84.4,42.21,42.48,20.95,57.79,0.0,0.0
ANSURI_mal_0163,88.68,179.15,44.15,109.91,96.49,103.93,120.89,61.63,37.15,38.47,23.02,29.48,17.55,14.79,61.82,27.28,86.93,42.05,43.62,26.93,58.21,0.0,0.0
ANSURI_mal_0164,84.71,185.31,41.6,98.11,88.21,102.63,119.35,60.52,39.97,38.3,22.25,29.8,17.87,16.03,61.93,28.92,89.71,42.05,46.19,23.35,59.48,0.0,0.0
ANSURI_mal_0165,79.74,182.25,41.41,100.04,83.93,98.09,114.99,59.44,38.63,39.51,21.87,30.3,17.28,13.61,63.31,29.23,91.57,43.44,45.02,23.93,57.01,0.0,0.0
ANSURI_mal_0166,74.44,172.68,41.78,96.39,86.29,97.27,117.98,57.53,38.63,36.62,21.36,29.28,16.77,14.78,58.59,26.37,78.77,41.83,40.29,21.28,57.01,0.0,0.0
ANSURI_mal_0167,79.95,173.12,42.13,104.08,85.13,98.66,119.81,59.79,40.57,39.0,24.19,31.36,18.36,13.79,58.58,26.33,83.44,42.55,39.12,24.93,56.87,0.0,0.0
ANSURI_mal_0168,86.83,180.5,43.99,99.57,87.16,104.12,123.13,63.28,42.68,39.97,22.31,32.23,17.44,14.97,62.86,29.14,89.19,41.84,44.14,24.01,56.3,0.0,0.0
ANSURI_mal_0169,89.18,186.92,42.36,97.06,89.0,105.92,119.79,61.98,42.7,41.14,23.88,29.45,18.38,15.95,66.1,29.97,90.12,42.66,41.97,22.51,60.2,0.0,0.0
ANSURI_mal_0170,77.99,172.67,43.26,100.88,85.14,98.05,120.1,60.38,39.89,39.46,22.63,30.05,16.55,14.77,58.58,27.62,83.72,39.15,40.91,24.1,58.2,0.0,0.0
ANSURI_mal_0171,64.52,169.38,39.58,92.64,78.24,90.83,110.53,54.21,35.04,36.61,20.82,28.39,15.85,13.56,58.06,25.78,83.66,39.35,41.39,22.77,57.6,0.0,0.0
ANSURI_mal_0172,78.39,181.17,40.26,97.99,87.66,98.89,115.39,56.63,38.87,35.99,22.35,29.68,17.47,14.36,59.33,27.14,87.63,41.32,44.72,24.17,56.82,0.0,0.0
ANSURI_mal_0173,66.38,167.06,40.09,90.18,75.2,92.75,111.61,56.99,40.84,38.06,21.68,28.39,17.38,15.23,58.63,28.4,77.82,41.52,40.15,21.03,56.85,0.0,0.0
ANSURI_mal_0174,63.41,178.84,38.15,87.01,70.05,88.96,114.41,52.11,35.9,34.62,22.13,27.56,16.8,15.77,60.99,27.62,86.09,41.5,43.33,19.39,57.31,0.0,0.0
ANSURI_mal_0175,67.98,169.47,39.36,92.88,79.32,95.77,106.55,58.1,38.93,35.83,21.99,28.14,16.23,12.37,57.78,25.65,80.23,40.43,40.09,22.35,56.85,0.0,0.0
ANSURI_mal_0176,77.4,171.56,41.0,101.18,90.23,97.58,114.63,56.88,39.79,38.54,20.88,31.48,17.68,14.78,58.75,27.02,79.23,41.83,41.6,24.31,57.24,0.0,0.0
ANSURI_mal_0177,67.6,176.62,40.27,92.12,77.01,91.79,109.74,53.79,37.92,36.0,21.29,28.17,16.53,13.68,61.51,26.86,86.53,42.2,45.17,21.95,57.63,0.0,0.0
ANSURI_mal_0178,70.65,166.5,41.45,93.62,77.22,96.38,116.24,57.97,39.95,40.59,23.33,28.91,16.62,16.09,55.93,25.78,75.51,41.99,38.65,23.08,56.39,0.0,0.0
ANSURI_mal_0179,83.75,184.16,42.61,98.57,89.49,99.53,114.29,60.3,42.21,37.83,23.73,30.69,17.95,13.11,63.04,29.03,91.51,43.79,45.31,24.07,57.83,0.0,0.0
ANSURI_mal_0180,74.18,181.61,40.09,91.9,81.74,96.29,112.86,57.28,39.42,35.82,20.83,29.16,17.13,15.03,63.83,29.2,88.37,42.85,44.82,21.8,57.74,0.0,0.0
ANSURI_mal_0181,73.09,171.25,40.96,98.41,79.17,96.02,115.73,59.25,39.24,39.77,21.98,29.58,16.86,14.31,58.7,27.31,80.9,38.77,41.08,22.73,55.77,0.0,0.0
ANSURI_mal_0182,73.58,170.76,42.59,97.44,83.57,95.23,117.28,57.84,39.52,36.47,22.58,30.31,17.48,14.93,56.99,25.11,79.94,40.81,39.55,22.91,59.8,0.0,0.0
ANSURI_mal_0183,69.39,175.16,41.79,95.48,76.39,92.63,111.24,55.02,37.9,35.31,22.01,28.78,16.75,13.04,56.62,25.18,82.63,44.76,42.01,23.7,56.28,0.0,0.0
ANSURI_mal_0184,86.87,177.48,43.53,102.36,92.22,104.77,117.91,62.56,43.53,39.83,22.82,31.16,16.81,13.23,62.09,27.55,85.03,41.08,43.33,24.66,57.6,0.0,0.0
ANSURI_mal_0185,86.21,169.83,42.84,109.66,94.93,103.81,117.83,60.87,42.82,39.35,24.88,30.41,18.57,13.84,56.08,26.72,77.14,43.26,37.1,27.22,58.47,0.0,0.0
ANSURI_mal_0186,67.22,172.89,39.13,90.14,76.97,93.37,113.4,55.64,38.14,34.61,22.49,27.23,17.07,15.06,58.05,25.93,80.9,41.8,40.68,21.88,54.93,0.0,0.0
ANSURI_mal_0187,92.35,172.48,44.59,112.85,95.03,104.56,125.8,62.27,44.21,41.46,25.56,32.08,19.07,14.38,55.85,24.64,76.96,41.62,38.24,27.53,60.22,0.0,0.0
ANSURI_mal_0188,77.29,170.83,39.3,96.99,88.82,101.18,113.59,63.08,42.05,37.5,23.47,28.9,17.06,13.97,57.46,25.68,82.0,39.05,40.78,23.49,55.71,0.0,0.0
ANSURI_mal_0189,66.9,172.03,39.25,91.7,84.66,94.21,108.13,53.98,37.27,34.34,20.32,27.42,16.64,13.68,56.57,25.31,82.33,40.07,42.11,21.78,55.38,0.0,0.0
ANSURI_mal_0190,71.67,176.57,40.21,96.65,78.58,95.16,111.9,57.24,35.95,37.67,22.22,31.84,17.16,14.03,60.49,28.69,88.93,40.89,45.3,22.52,54.14,0.0,0.0
ANSURI_mal_0191,98.56,187.15,45.29,106.5,93.03,107.82,127.52,65.26,43.29,41.76,22.8,33.31,18.74,14.89,67.28,31.1,91.67,43.22,46.65,25.05,59.34,0.0,0.0
ANSURI_mal_0192,62.45,169.71,38.98,94.81,73.96,88.45,108.06,51.89,36.55,37.48,22.35,26.59,15.9,14.24,57.62,25.48,83.0,38.81,41.66,21.95,57.26,0.0,0.0
ANSURI_mal_0193,73.26,176.09,40.06,93.93,81.31,96.35,115.6,57.1,40.76,37.9,22.76,28.84,17.77,14.93,61.02,27.14,87.0,40.08,43.61,21.55,57.0,0.0,0.0
ANSURI_mal_0194,83.43,180.36,40.72,101.92,88.49,100.38,116.17,62.43,42.02,38.12,23.09,30.09,16.56,15.18,61.71,27.95,87.83,43.39,43.84,24.95,56.26,0.0,0.0
ANSURI_mal_0195,105.2,186.15,43.82,115.86,103.81,111.86,124.18,68.28,43.25,42.09,23.15,31.04,18.04,16.68,61.79,28.84,90.13,44.55,45.01,29.03,58.02,0.0,0.0
ANSURI_mal_0196,91.65,185.3,41.0,102.34,92.55,106.0,120.07,63.84,43.35,39.32,23.88,30.45,18.16,15.09,64.27,28.82,87.81,46.58,44.88,23.71,56.32,0.0,0.0
ANSURI_mal_0197,70.91,177.17,39.43,92.22,81.94,97.46,109.52,56.7,37.47,35.56,20.88,27.26,16.76,14.72,61.33,27.82,84.9,42.69,43.41,21.5,55.97,0.0,0.0
ANSURI_mal_0198,80.83,174.7,41.36,102.26,86.16,100.31,115.37,61.83,40.77,39.49,22.71,31.27,17.43,14.13,59.13,26.3,82.12,44.53,42.78,24.1,56.96,0.0,0.0
ANSURI_mal_0199,79.36,174.08,40.78,96.63,89.0,101.08,113.78,61.94,41.41,39.82,23.87,29.0,17.84,14.69,59.16,26.67,81.12,40.8,41.96,21.82,58.22,0.0,0.0
ANSURI_mal_0200,76.07,174.19,41.77,94.16,85.16,98.37,113.35,61.01,40.75,38.44,21.46,28.84,17.02,14.94,59.63,27.73,82.84,41.35,42.71,23.02,57.82,0.0,0.0
ANSURI_mal_0201,76.44,177.08,41.6,100.53,86.35,95.82,117.58,56.8,36.68,35.94,21.7,29.73,16.8,15.55,60.63,27.06,84.33,42.4,43.57,24.5,56.92,0.0,0.0
ANSURI_mal_0202,66.83,176.22,38.94,89.7,78.41,92.12,107.46,53.94,37.77,34.96,22.24,28.27,17.79,15.3,59.54,27.12,85.33,42.95,42.53,21.66,56.48,0.0,0.0
ANSURI_mal_0203,88.51,175.37,42.12,103.33,97.39,104.11,117.75,63.6,42.96,40.31,23.76,30.44,18.02,14.81,58.79,25.42,79.49,44.36,40.14,25.19,57.3,0.0,0.0
ANSURI_mal_0204,69.5,171.17,39.8,91.94,85.15,95.6,109.03,54.13,37.04,36.4,21.57,29.14,17.62,13.5,56.02,25.57,77.27,43.21,38.97,21.38,56.52,0.0,0.0
ANSURI_mal_0205,77.37,178.49,39.15,94.2,81.27,100.89,114.61,60.68,40.64,39.94,23.14,29.05,17.39,15.36,62.15,27.73,88.54,42.48,45.32,22.07,55.78,0.0,0.0
ANSURI_mal_0206,67.66,170.98,39.25,91.99,80.47,92.45,107.87,57.14,37.67,37.43,22.13,28.77,16.82,14.52,59.7,27.04,82.99,40.99,41.51,22.09,56.93,0.0,0.0
ANSURI_mal_0207,68.63,177.35,39.43,91.11,76.24,94.59,114.34,53.93,36.59,36.77,21.98,27.62,16.55,16.08,62.45,27.98,87.04,41.69,44.25,22.08,54.77,0.0,0.0
ANSURI_mal_0208,92.85,176.1,43.79,108.45,99.43,107.62,123.42,66.52,41.86,40.6,23.41,30.74,17.94,15.17,62.14,27.47,85.64,42.35,42.89,25.78,58.57,0.0,0.0
ANSURI_mal_0209,84.69,176.31,41.48,104.27,94.45,105.55,113.06,62.47,40.43,35.68,21.41,29.89,17.81,14.95,58.77,27.41,82.9,44.09,42.42,26.19,56.58,0.0,0.0
ANSURI_mal_0210,64.19,178.71,38.82,87.37,73.04,88.46,106.68,54.11,37.39,35.16,21.83,29.15,16.67,14.48,60.24,28.06,88.95,42.19,44.2,20.28,56.58,0.0,0.0
ANSURI_mal_0211,75.55,173.17,41.89,96.41,81.06,97.14,115.5,59.09,41.77,37.98,23.64,30.57,17.09,14.48,56.52,25.1,78.32,42.17,40.41,22.77,58.39,0.0,0.0
ANSURI_mal_0212,67.65,179.29,40.0,90.29,75.08,92.19,110.26,52.61,37.41,35.59,21.38,28.44,17.02,15.29,59.58,25.68,83.37,44.27,43.55,21.34,60.03,0.0,0.0
ANSURI_mal_0213,80.33,180.64,39.46,95.49,84.41,101.94,114.68,63.69,41.49,37.82,22.1,30.88,16.75,14.53,65.53,30.7,93.35,40.24,46.04,22.58,55.48,0.0,0.0
ANSURI_mal_0214,81.93,184.99,44.24,103.07,83.71,96.56,119.87,58.04,38.21,37.42,22.57,32.9,18.5,14.02,66.05,29.96,94.66,41.28,48.28,24.23,56.75,0.0,0.0
ANSURI_mal_0215,71.22,185.92,38.37,88.16,79.31,94.13,114.24,53.57,37.47,35.15,21.85,27.4,17.74,17.71,62.19,28.44,88.39,47.26,44.42,20.28,57.85,0.0,0.0
ANSURI_mal_0216,60.64,170.76,38.04,89.25,74.33,89.2,106.57,52.13,34.38,34.12,21.33,27.73,16.24,14.97,55.61,25.19,80.56,43.36,41.62,20.24,56.9,0.0,0.0
ANSURI_mal_0217,84.96,178.55,41.88,100.86,91.6,104.08,112.7,61.87,43.75,39.01,23.49,31.24,17.33,13.78,60.54,27.73,86.46,42.23,40.56,25.07,55.74,0.0,0.0
ANSURI_mal_0218,79.52,176.21,42.35,99.54,85.0,99.35,118.27,61.52,39.92,39.61,21.77,28.88,16.63,15.24,62.94,28.33,86.55,43.22,43.37,23.99,57.9,0.0,0.0
ANSURI_mal_0219,101.97,181.11,44.97,111.69,102.31,108.8,125.57,66.5,44.86,42.09,25.15,32.2,18.88,16.24,57.84,26.86,81.42,45.06,41.57,27.25,61.21,0.0,0.0
ANSURI_mal_0220,70.15,177.68,40.05,98.31,78.13,94.82,116.5,52.93,35.61,35.22,20.49,28.44,16.65,16.12,59.58,26.55,87.06,40.96,44.73,23.35,56.79,0.0,0.0
ANSURI_mal_0221,87.41,187.99,40.73,98.15,89.73,103.87,116.13,61.42,40.08,41.24,25.04,28.75,17.23,14.36,63.66,29.13,90.8,44.68,44.28,23.04,57.74,0.0,0.0
ANSURI_mal_0222,93.31,175.33,44.46,110.63,102.56,107.24,119.45,64.83,43.55,40.02,22.71,30.6,17.99,14.19,61.36,27.54,82.88,41.66,41.87,26.28,58.67,0.0,0.0
ANSURI_mal_0223,91.63,187.85,43.25,110.5,87.46,99.56,126.81,58.98,41.43,40.24,24.02,34.26,18.84,16.03,62.4,28.11,93.07,45.76,45.79,26.48,58.44,0.0,0.0
ANSURI_mal_0224,75.41,182.78,39.53,91.03,80.24,97.61,111.19,57.95,40.55,37.51,23.12,28.9,17.26,15.82,62.08,27.54,87.7,43.07,43.83,21.96,59.0,0.0,0.0
ANSURI_mal_0225,65.69,164.09,40.18,88.99,79.46,94.79,108.03,56.27,39.47,37.69,23.17,27.06,16.65,14.13,53.58,24.25,72.93,42.58,35.89,22.11,56.42,0.0,0.0
ANSURI_mal_0226,68.57,165.87,40.91,95.44,83.5,92.37,113.08,55.43,36.94,38.56,22.19,29.07,17.39,14.03,57.35,25.27,77.0,41.38,41.57,22.74,55.08,0.0,0.0
ANSURI_mal_0227,79.93,186.6,40.22,93.35,83.55,98.77,113.92,58.91,40.62,37.63,22.73,28.69,17.46,15.39,65.7,28.64,91.74,46.55,46.53,23.12,58.67,0.0,0.0
ANSURI_mal_0228,84.16,173.92,43.47,100.5,95.82,101.99,119.7,63.74,42.31,38.25,22.17,30.62,17.02,16.15,56.41,25.95,82.25,43.26,43.0,24.13,57.42,0.0,0.0
ANSURI_mal_0229,72.05,174.54,40.11,94.83,78.33,95.96,115.11,58.12,38.44,37.29,22.65,29.88,17.04,15.76,57.94,25.13,84.33,42.73,41.86,22.57,57.07,0.0,0.0
ANSURI_mal_0230,77.66,172.13,40.97,97.22,86.51,100.99,116.48,59.92,40.46,38.65,23.14,29.71,17.13,14.91,57.97,25.27,81.73,42.3,41.01,24.32,56.08,0.0,0.0
ANSURI_mal_0231,76.71,177.15,39.99,93.42,86.5,100.6,109.9,61.51,39.16,38.21,21.39,29.5,16.94,14.08,62.61,29.11,88.99,39.71,46.59,23.52,57.36,0.0,0.0
ANSURI_mal_0232,58.36,161.36,39.51,86.18,74.6,89.15,107.16,53.14,37.51,33.26,19.9,27.13,16.39,14.4,53.28,24.35,71.93,43.19,36.91,20.37,56.11,0.0,0.0
ANSURI_mal_0233,60.16,164.07,39.9,91.91,74.69,89.77,110.07,52.18,34.6,34.26,20.94,29.32,15.68,13.02,54.28,23.93,76.58,41.91,38.7,20.61,55.18,0.0,0.0
ANSURI_mal_0234,86.01,179.52,41.23,102.51,97.66,102.17,116.81,63.03,41.84,38.46,22.67,29.33,17.06,15.27,63.82,30.08,89.75,40.82,46.13,24.66,57.2,0.0,0.0
ANSURI_mal_0235,76.71,183.4,40.4,92.13,81.42,97.12,115.43,57.31,41.05,38.51,23.49,28.54,17.68,15.63,63.94,28.33,90.69,44.89,45.09,21.83,55.92,0.0,0.0
ANSURI_mal_0236,71.93,169.1,39.43,101.55,84.08,96.74,111.84,58.67,38.2,37.41,21.05,28.38,17.4,15.03,56.6,26.42,82.72,39.98,40.27,24.29,56.9,0.0,0.0
ANSURI_mal_0237,69.43,175.99,39.46,93.89,81.08,95.51,111.11,54.24,38.4,34.82,23.49,28.16,17.24,14.45,59.57,26.44,85.44,42.81,42.58,20.53,56.06,0.0,0.0
ANSURI_mal_0238,71.89,174.31,40.04,94.95,86.18,95.48,111.61,57.06,38.35,34.42,21.37,29.52,16.03,14.32,57.67,25.35,84.39,40.68,44.12,23.58,56.14,0.0,0.0
ANSURI_mal_0239,66.73,169.61,38.92,93.67,81.51,93.11,110.38,54.35,37.8,35.82,20.8,27.83,15.6,14.43,60.05,26.99,80.76,40.12,41.01,22.29,56.24,0.0,0.0
ANSURI_mal_0240,86.52,181.55,43.38,100.21,85.3,104.52,121.45,61.96,41.18,40.68,23.41,31.54,18.13,15.89,61.12,27.64,87.06,43.28,44.07,24.45,57.44,0.0,0.0
ANSURI_mal_0241,80.88,172.37,44.19,108.37,94.12,96.98,123.08,54.83,38.12,37.21,21.84,30.75,18.1,17.1,56.42,26.22,81.05,42.14,40.92,26.59,58.63,0.0,0.0
ANSURI_mal_0242,81.52,174.79,40.68,102.94,94.13,102.11,114.61,61.99,39.98,38.31,21.96,27.44,16.09,15.24,58.18,25.92,84.21,41.78,42.11,25.73,56.91,0.0,0.0
ANSURI_mal_0243,89.15,182.38,41.22,101.4,90.59,107.82,116.57,64.65,43.07,41.66,23.42,30.26,17.08,15.86,60.94,26.44,88.71,43.58,45.35,24.06,56.2,0.0,0.0
ANSURI_mal_0244,63.92,175.17,39.13,85.85,75.23,91.34,109.51,52.52,35.76,36.39,22.67,27.89,17.39,16.52,55.99,25.78,83.24,44.64,41.93,19.76,57.76,0.0,0.0
ANSURI_mal_0245,82.61,168.18,42.6,105.01,89.43,101.34,121.86,63.34,43.53,40.79,24.76,30.83,17.69,15.07,54.74,24.67,79.3,40.07,39.09,25.83,60.05,0.0,0.0
ANSURI_mal_0246,70.4,175.48,41.25,95.35,77.68,92.39,112.84,56.51,37.91,36.11,22.06,31.36,18.13,14.9,60.37,28.91,87.19,39.36,44.18,22.39,55.98,0.0,0.0
ANSURI_mal_0247,62.31,162.74,39.56,95.83,78.59,90.66,113.96,52.76,35.92,34.37,20.99,27.3,15.99,14.77,54.47,24.09,74.73,40.34,38.6,21.12,54.33,0.0,0.0
ANSURI_mal_0248,56.1,163.99,37.09,83.35,72.37,89.05,101.35,54.44,36.48,34.1,20.82,24.97,14.55,14.03,52.0,23.08,74.95,39.24,39.64,18.83,58.15,0.0,0.0
ANSURI_mal_0249,61.69,170.44,38.59,88.09,75.92,91.64,104.33,53.81,35.85,33.14,20.24,27.16,15.32,13.69,57.48,26.23,82.3,42.39,42.7,22.1,55.97,0.0,0.0
ANSURI_mal_0250,69.4,167.88,38.95,91.57,85.38,96.85,113.45,58.47,39.51,38.58,21.77,27.99,15.34,14.77,61.61,26.85,85.61,37.74,43.07,21.83,53.9,0.0,0.0
ANSURI_mal_0251,84.43,175.38,42.5,100.21,90.15,103.87,118.24,63.04,41.54,40.56,22.88,33.3,17.55,14.3,61.4,27.15,85.6,40.6,42.7,23.94,58.33,0.0,0.0
ANSURI_mal_0252,91.68,178.4,42.2,103.53,91.64,107.83,119.93,68.06,44.23,41.35,24.2,33.53,17.91,15.4,61.03,26.98,88.01,40.86,44.09,25.5,57.43,0.0,0.0
ANSURI_mal_0253,117.29,193.98,48.26,117.54,107.18,113.98,128.26,68.59,46.96,42.41,24.31,35.78,19.91,14.92,65.82,29.72,94.99,45.95,47.2,29.24,62.42,0.0,0.0
ANSURI_mal_0254,65.31,167.23,38.72,94.79,79.76,94.6,110.51,55.49,36.86,33.41,19.59,26.55,15.72,13.92,56.94,24.58,79.36,38.89,39.34,23.33,55.97,0.0,0.0
ANSURI_mal_0255,72.69,179.15,37.38,92.37,86.64,96.82,105.21,56.51,38.95,37.59,22.24,28.43,16.38,13.55,62.13,28.41,89.24,40.27,45.4,23.01,55.47,0.0,0.0
ANSURI_mal_0256,82.14,174.83,42.43,102.63,92.52,99.97,121.64,60.98,38.76,37.03,21.28,30.6,17.8,15.92,58.15,25.55,80.76,42.89,41.31,23.87,58.24,0.0,0.0
ANSURI_mal_0257,71.65,165.85,40.28,93.75,80.01,98.27,114.32,63.24,41.09,38.01,22.3,30.73,16.59,14.39,57.81,26.39,79.01,38.16,40.14,21.84,53.95,0.0,0.0
ANSURI_mal_0258,69.53,176.79,40.92,95.57,78.77,92.42,109.89,54.45,36.94,36.28,20.86,28.89,16.73,12.87,64.73,29.05,89.71,41.19,44.45,23.9,57.91,0.0,0.0
ANSURI_mal_0259,70.16,167.0,40.08,93.6,81.59,96.2,109.54,60.29,40.55,37.63,22.63,29.85,17.31,14.52,54.66,24.73,78.55,41.73,40.12,22.57,55.55,0.0,0.0
ANSURI_mal_0260,63.4,168.43,38.96,88.75,73.39,88.83,108.81,54.33,37.6,39.29,23.3,29.3,16.86,14.2,56.68,25.56,80.48,39.95,39.76,21.32,56.81,0.0,0.0
ANSURI_mal_0261,68.35,171.1,39.82,91.87,84.58,93.67,109.61,55.91,37.95,35.28,20.41,29.39,16.27,14.09,58.35,26.19,81.75,39.34,41.79,22.08,57.26,0.0,0.0
ANSURI_mal_0262,49.02,163.23,35.46,85.43,69.7,81.37,99.43,47.48,31.75,30.79,18.58,25.61,15.2,13.12,54.41,25.73,81.85,37.28,42.19,19.72,55.35,0.0,0.0
ANSURI_mal_0263,64.34,164.39,39.43,89.84,80.36,93.93,107.66,56.41,37.57,36.12,21.15,27.5,16.22,13.52,54.24,24.68,75.66,39.6,39.75,21.58,56.16,0.0,0.0
ANSURI_mal_0264,75.78,176.93,40.54,96.49,86.99,96.52,112.59,58.43,40.27,37.83,21.87,28.78,16.37,15.04,58.33,27.82,85.5,41.14,43.35,23.89,55.98,0.0,0.0
ANSURI_mal_0265,74.2,171.33,41.23,95.99,86.51,99.91,111.6,58.45,37.3,37.51,22.15,29.69,17.81,14.18,55.69,25.5,81.03,40.83,41.54,24.25,57.9,0.0,0.0
ANSURI_mal_0266,80.33,186.1,41.74,97.07,86.59,99.09,117.25,58.57,39.47,33.85,20.58,29.86,17.84,16.37,60.64,28.37,90.86,44.93,45.84,23.35,58.16,0.0,0.0
ANSURI_mal_0267,74.32,179.29,40.28,95.26,79.61,96.06,115.51,56.56,38.86,39.13,22.77,29.18,17.41,15.18,60.24,27.62,89.46,39.87,44.67,22.97,58.68,0.0,0.0
ANSURI_mal_0268,73.69,182.8,39.37,98.71,81.49,94.59,114.66,53.57,38.23,34.53,22.18,27.22,16.82,16.27,60.63,27.71,89.89,45.78,45.85,24.28,57.23,0.0,0.0
ANSURI_mal_0269,86.66,168.97,40.25,106.01,102.31,109.17,110.75,64.82,42.9,39.09,22.87,28.54,16.56,13.82,56.94,26.01,78.83,41.12,39.43,27.73,57.43,0.0,0.0
ANSURI_mal_0270,70.68,166.73,40.47,93.67,82.97,97.91,109.88,60.67,39.94,38.44,20.18,30.32,16.39,13.76,58.74,27.06,81.64,38.79,39.75,22.79,56.7,0.0,0.0
ANSURI_mal_0271,73.82,172.47,40.49,98.22,84.55,96.95,114.89,58.65,38.79,36.98,21.85,28.55,16.33,15.02,58.82,26.45,83.14,42.0,42.0,23.69,56.96,0.0,0.0
ANSURI_mal_0272,73.4,168.55,40.51,95.63,86.57,98.71,114.36,59.52,38.93,37.14,22.58,28.56,16.13,13.75,55.69,25.17,78.03,40.52,39.33,23.65,56.68,0.0,0.0
ANSURI_mal_0273,75.09,175.57,40.1,95.67,83.7,98.06,113.01,59.15,42.18,37.98,22.24,29.67,16.25,14.1,58.84,25.82,85.46,39.81,43.01,22.19,57.94,0.0,0.0
ANSURI_mal_0274,66.27,169.09,37.68,94.95,86.15,95.79,101.32,53.69,36.08,34.37,20.04,28.59,16.01,12.21,58.59,26.91,81.16,38.49,40.0,22.9,55.84,0.0,0.0
ANSURI_mal_0275,73.07,172.27,40.94,99.58,83.25,95.9,109.78,58.78,39.91,38.14,21.25,30.74,16.93,13.69,60.8,28.8,87.55,37.8,44.66,23.58,59.55,0.0,0.0
ANSURI_mal_0276,67.22,176.66,38.37,91.49,76.47,93.04,108.54,55.76,36.73,35.57,20.83,28.61,16.16,14.05,59.23,26.97,85.08,40.1,44.13,21.75,55.8,0.0,0.0
ANSURI_mal_0277,77.06,178.58,40.67,97.69,83.26,98.5,109.77,58.27,39.65,38.39,23.62,28.26,16.8,14.15,60.13,27.67,85.06,43.75,43.45,25.5,56.8,0.0,0.0
ANSURI_mal_0278,84.93,177.48,41.77,99.67,90.73,106.48,116.04,66.39,41.76,38.37,22.63,30.74,17.17,14.34,58.58,27.71,87.52,41.43,43.19,23.14,57.14,0.0,0.0
ANSURI_mal_0279,68.0,172.88,39.86,89.79,77.31,95.36,114.03,56.97,38.08,35.6,20.84,29.42,16.09,16.24,57.94,26.58,83.21,41.8,43.42,21.06,54.25,0.0,0.0
ANSURI_mal_0280,89.59,178.69,43.02,104.26,92.62,106.03,119.2,65.21,43.74,38.62,22.52,31.08,18.02,15.31,59.66,27.16,84.26,40.98,43.5,25.9,57.7,0.0,0.0
ANSURI_mal_0281,104.62,184.38,45.19,112.43,102.61,112.3,123.81,69.3,42.25,41.73,23.93,31.33,18.16,15.39,62.71,28.07,85.78,44.96,44.04,28.16,58.59,0.0,0.0
ANSURI_mal_0282,66.84,168.28,39.92,97.13,75.62,90.57,113.76,55.19,39.33,37.38,21.26,29.52,16.85,15.08,55.8,25.36,79.4,41.33,41.07,22.7,54.1,0.0,0.0
ANSURI_mal_0283,66.51,169.39,40.2,94.15,79.59,91.98,107.99,52.59,36.72,37.71,22.59,28.09,17.06,14.31,56.02,25.91,76.8,43.68,39.69,22.01,56.87,0.0,0.0
ANSURI_mal_0284,98.24,185.49,44.24,108.37,96.44,108.42,127.4,65.42,41.47,41.32,23.94,31.55,18.33,17.37,66.66,30.87,89.97,45.09,45.49,25.46,57.04,0.0,0.0
ANSURI_mal_0285,87.59,176.88,44.92,108.08,89.59,101.87,124.86,63.71,41.52,39.8,22.47,32.87,18.16,15.18,61.1,28.09,87.47,41.13,43.82,25.38,57.9,0.0,0.0
ANSURI_mal_0286,81.62,182.85,39.12,101.17,91.15,101.59,110.58,58.03,41.13,37.74,22.28,29.62,16.97,13.65,63.46,29.28,90.31,41.84,46.77,23.73,55.5,0.0,0.0
ANSURI_mal_0287,80.12,166.81,39.9,103.09,93.32,102.32,117.49,61.57,42.37,40.19,23.01,30.4,17.07,15.0,56.87,25.91,79.49,40.1,39.71,25.72,54.5,0.0,0.0
ANSURI_mal_0288,71.2,175.84,39.62,95.42,83.29,94.4,111.64,55.02,37.83,35.36,21.87,28.89,17.66,14.84,57.43,26.17,84.38,43.58,43.84,22.75,57.8,0.0,0.0
ANSURI_mal_0289,70.48,172.38,40.71,99.55,84.08,92.73,115.09,55.44,38.67,33.42,19.67,29.12,15.79,14.49,61.48,27.81,86.1,42.12,46.61,24.13,55.52,0.0,0.0
ANSURI_mal_0290,83.56,177.44,42.12,98.25,88.7,102.63,115.85,61.56,42.06,38.51,22.76,30.54,17.78,14.46,62.43,27.89,82.69,45.66,42.82,24.84,59.12,0.0,0.0
ANSURI_mal_0291,85.61,179.59,41.24,103.55,93.38,103.02,120.09,60.57,41.2,39.19,23.53,29.92,17.29,16.1,58.91,27.64,85.98,42.44,44.64,23.89,58.57,0.0,0.0
ANSURI_mal_0292,77.38,171.76,39.79,96.66,84.64,103.15,112.88,63.99,41.77,36.32,20.54,29.04,15.98,14.58,60.47,27.7,79.62,40.4,42.08,23.23,57.82,0.0,0.0
ANSURI_mal_0293,73.36,178.21,40.42,93.53,84.31,98.04,109.99,56.28,38.18,37.01,21.52,28.97,17.26,14.12,61.52,28.96,88.2,41.05,42.36,22.26,58.57,0.0,0.0
ANSURI_mal_0294,90.74,172.86,43.31,107.65,101.03,108.29,119.3,63.06,41.89,40.4,23.16,30.9,18.21,14.31,58.9,27.29,79.58,41.27,42.35,26.07,58.25,0.0,0.0
ANSURI_mal_0295,79.58,175.39,41.28,101.68,87.94,99.96,116.37,60.54,40.99,37.44,22.76,28.3,16.34,14.24,59.42,26.09,82.86,43.64,42.08,23.69,58.41,0.0,0.0
ANSURI_mal_0296,90.0,175.98,43.38,103.74,100.86,105.23,121.27,65.58,41.35,40.35,22.68,29.05,16.65,15.81,58.55,26.83,81.9,43.29,45.53,25.0,56.03,0.0,0.0
ANSURI_mal_0297,89.08,176.53,42.5,110.29,95.13,102.29,122.16,63.32,41.95,37.6,22.88,31.94,17.65,14.63,58.8,26.02,82.13,43.54,42.0,26.26,57.14,0.0,0.0
ANSURI_mal_0298,79.74,182.01,42.51,102.02,80.72,94.63,123.69,58.17,38.93,38.2,22.78,31.93,17.43,17.19,63.2,28.98,88.97,44.19,46.39,22.9,56.66,0.0,0.0
ANSURI_mal_0299,72.25,169.82,40.0,98.09,82.35,97.91,116.67,56.55,37.13,36.24,22.11,29.79,17.24,15.85,54.68,25.9,78.76,42.45,40.59,23.74,57.34,0.0,0.0
ANSURI_mal_0300,75.15,165.52,41.17,98.64,86.89,99.45,119.43,58.94,39.45,40.05,23.31,29.13,17.13,15.46,56.63,25.61,76.36,39.17,40.77,23.88,55.5,0.0,0.0
ANSURI_mal_0301,71.36,169.16,42.77,104.12,85.13,94.5,115.31,56.64,36.82,32.78,20.48,28.13,16.78,14.14,59.26,26.43,82.85,39.63,42.09,25.13,56.66,0.0,0.0
ANSURI_mal_0302,79.8,186.31,40.77,98.53,83.55,100.54,114.72,58.48,38.1,35.67,21.89,27.95,16.68,15.59,63.71,28.9,92.04,44.41,46.76,24.5,57.18,0.0,0.0
ANSURI_mal_0303,99.54,187.36,42.8,107.34,95.18,109.45,126.43,65.81,43.35,41.21,24.0,32.09,17.9,15.09,64.9,29.13,89.48,44.63,44.67,25.74,58.34,0.0,0.0
ANSURI_mal_0304,77.1,181.18,41.38,99.12,81.38,98.61,117.11,57.68,38.55,37.35,22.06,29.13,16.97,15.82,59.14,27.17,87.7,42.32,44.79,22.79,57.62,0.0,0.0
ANSURI_mal_0305,75.95,174.08,40.87,96.88,83.42,98.67,115.07,58.47,39.17,39.28,22.49,30.5,17.23,13.64,60.1,26.94,82.75,40.53,41.67,23.09,56.51,0.0,0.0
ANSURI_mal_0306,70.6,168.24,40.39,97.81,86.7,94.1,116.27,57.57,35.24,35.51,20.88,27.68,16.52,15.74,57.52,27.5,78.11,39.36,41.07,23.38,56.19,0.0,0.0
ANSURI_mal_0307,72.38,175.79,40.32,92.74,77.72,95.44,116.57,57.52,39.81,37.92,22.45,30.31,17.33,15.31,59.15,26.48,84.09,42.02,42.06,21.22,57.99,0.0,0.0
ANSURI_mal_0308,70.89,174.63,41.22,94.72,78.18,92.55,116.55,55.01,37.82,37.82,21.52,29.18,17.76,16.34,58.9,27.98,82.21,43.67,43.31,22.61,56.55,0.0,0.0
ANSURI_mal_0309,69.54,171.15,41.07,96.23,79.4,92.42,116.63,54.91,37.08,35.8,21.46,28.41,16.91,15.47,58.91,27.47,78.43,42.05,41.0,22.45,58.26,0.0,0.0
ANSURI_mal_0310,80.82,182.99,40.7,94.53,82.61,99.7,114.01,60.59,40.7,41.47,23.89,30.14,18.18,14.7,64.56,29.31,89.21,42.18,45.81,22.23,56.38,0.0,0.0
ANSURI_mal_0311,60.98,171.93,39.56,88.69,76.5,88.13,110.71,50.21,33.88,32.21,19.87,27.74,16.9,15.3,58.23,26.16,81.33,42.18,41.28,20.4,56.27,0.0,0.0
ANSURI_mal_0312,79.13,173.38,41.08,100.97,86.92,99.76,115.67,60.92,40.55,38.71,22.48,30.58,17.05,14.97,57.06,24.56,81.45,44.36,42.34,24.51,55.93,0.0,0.0
ANSURI_mal_0313,77.4,169.7,41.89,103.71,86.54,97.46,125.44,59.35,39.26,37.36,21.58,30.66,16.84,17.28,57.96,26.27,80.81,42.54,40.72,24.03,56.28,0.0,0.0
ANSURI_mal_0314,53.39,165.29,37.65,84.22,68.4,85.66,107.29,49.41,33.12,31.84,19.96,26.9,15.61,14.5,57.0,25.81,81.33,38.55,42.36,19.51,55.32,0.0,0.0
ANSURI_mal_0315,76.57,177.27,40.75,94.59,80.91,98.17,116.19,59.23,39.1,40.19,24.59,29.96,17.86,16.03,61.32,28.0,87.57,42.65,44.24,23.05,55.44,0.0,0.0
ANSURI_mal_0316,97.41,178.94,43.76,105.3,99.12,109.52,123.16,65.75,43.85,44.62,25.11,33.63,18.65,16.81,60.6,27.47,83.32,44.37,40.85,25.99,58.38,0.0,0.0
ANSURI_mal_0317,82.0,178.42,40.99,96.8,88.75,104.0,117.83,61.48,40.36,37.5,22.96,29.08,17.25,14.73,59.29,27.33,83.8,43.5,43.53,22.97,57.5,0.0,0.0
ANSURI_mal_0318,68.41,172.39,39.87,92.19,75.04,93.4,112.63,58.86,37.62,36.0,21.65,30.4,16.51,14.38,60.57,28.14,85.61,38.41,43.96,22.41,56.83,0.0,0.0
ANSURI_mal_0319,63.46,172.8,38.96,87.83,80.18,91.09,108.52,52.7,36.0,34.05,20.78,27.85,16.23,14.76,57.63,26.75,85.09,40.79,43.94,21.39,54.13,0.0,0.0
ANSURI_mal_0320,62.94,165.63,39.9,93.37,79.41,89.87,111.94,51.68,37.39,34.5,21.23,27.53,17.22,14.61,57.81,25.72,80.36,39.71,41.73,21.9,56.82,0.0,0.0
ANSURI_mal_0321,60.35,166.7,37.22,89.77,73.46,89.99,107.98,54.14,36.14,35.88,20.62,28.18,15.64,14.53,55.38,25.09,79.32,39.24,40.26,20.17,55.92,0.0,0.0
ANSURI_mal_0322,77.69,168.91,42.98,102.64,91.55,99.61,118.79,58.45,38.63,37.5,21.17,29.15,16.49,15.02,56.5,25.56,78.07,41.99,41.51,24.85,55.98,0.0,0.0
ANSURI_mal_0323,76.61,172.84,40.79,96.37,86.5,100.39,113.47,61.52,38.42,37.18,21.2,30.72,17.28,14.62,59.59,26.5,82.35,40.17,41.87,23.77,58.23,0.0,0.0
ANSURI_mal_0324,73.22,170.18,40.29,96.7,83.58,97.0,115.98,58.38,39.19,37.15,21.1,29.46,16.78,15.62,59.25,26.71,78.69,41.68,40.44,23.06,57.26,0.0,0.0
ANSURI_mal_0325,60.37,161.63,38.36,90.23,78.68,89.35,107.01,53.8,37.99,35.72,20.25,29.53,16.19,12.97,56.58,25.85,79.26,38.06,39.69,20.99,55.76,0.0,0.0
ANSURI_mal_0326,75.98,169.15,40.32,97.99,88.9,99.9,114.95,60.35,40.04,39.75,22.59,27.4,16.98,13.99,58.36,26.91,79.84,38.47,40.73,23.27,58.34,0.0,0.0
ANSURI_mal_0327,81.86,157.98,45.39,112.7,90.75,102.86,125.8,64.4,40.43,41.27,23.01,33.15,17.48,14.27,53.48,24.28,71.56,36.13,36.0,27.14,60.85,0.0,0.0
ANSURI_mal_0328,85.84,178.95,42.87,105.13,92.51,103.15,125.21,60.44,39.67,36.38,21.49,29.2,17.19,17.39,61.38,28.02,84.27,44.41,44.1,24.68,57.39,0.0,0.0
ANSURI_mal_0329,88.68,173.96,43.44,107.37,95.02,104.43,127.13,63.06,42.07,36.52,21.81,30.29,17.97,16.65,60.72,27.29,79.54,45.15,40.12,25.97,58.02,0.0,0.0
ANSURI_mal_0330,93.99,180.77,43.81,110.94,95.11,105.21,124.6,62.16,41.28,41.74,24.23,33.29,19.36,15.27,63.91,30.03,89.09,43.61,45.22,27.02,56.65,0.0,0.0
ANSURI_mal_0331,74.67,170.45,40.69,99.58,85.54,97.48,115.35,58.53,38.39,37.87,23.27,28.09,16.93,14.57,59.79,26.41,80.73,40.75,40.52,24.49,57.09,0.0,0.0
ANSURI_mal_0332,81.84,173.58,43.0,100.73,87.72,101.83,121.04,60.61,40.75,39.98,23.25,31.72,17.56,15.61,54.82,24.17,80.6,44.7,42.0,24.07,59.03,0.0,0.0
ANSURI_mal_0333,76.11,182.09,40.85,94.4,77.64,95.81,117.09,58.72,38.08,38.52,22.72,30.69,17.06,16.04,62.36,28.17,90.69,43.26,45.02,23.76,55.88,0.0,0.0
ANSURI_mal_0334,62.65,164.65,39.12,91.35,73.73,90.11,113.23,54.36,37.04,35.81,21.67,30.49,16.29,14.81,55.73,24.9,77.74,40.37,40.31,21.45,55.62,0.0,0.0
ANSURI_mal_0335,75.53,175.84,41.72,98.76,82.49,97.13,118.98,56.91,37.83,37.05,22.49,31.16,16.99,16.64,59.37,27.16,83.64,42.74,42.99,22.76,56.54,0.0,0.0
ANSURI_mal_0336,102.47,188.33,43.37,106.5,94.6,110.78,124.86,69.72,46.0,43.64,24.31,33.06,18.23,15.73,64.55,29.87,92.55,42.68,45.85,25.28,58.89,0.0,0.0
ANSURI_mal_0337,66.65,172.25,39.6,89.31,78.85,92.71,108.46,55.57,38.1,36.31,22.17,28.92,17.05,15.86,57.03,27.6,83.02,43.3,40.65,21.62,56.42,0.0,0.0
ANSURI_mal_0338,85.03,174.41,41.06,102.33,86.8,104.61,117.62,66.45,44.92,39.58,23.38,32.79,17.46,13.95,60.31,26.83,85.36,39.19,43.54,24.59,53.47,0.0,0.0
ANSURI_mal_0339,81.44,176.94,40.89,96.65,83.38,103.01,119.42,62.79,41.92,40.28,23.86,30.41,17.26,16.29,58.24,26.66,83.28,41.82,43.0,23.0,55.8,0.0,0.0
ANSURI_mal_0340,86.28,179.69,42.07,100.35,89.01,102.49,120.63,62.92,42.24,42.37,24.24,31.46,17.91,15.97,59.6,26.63,87.42,41.27,43.6,23.96,58.39,0.0,0.0
ANSURI_mal_0341,77.86,178.67,39.66,95.96,85.55,101.97,114.34,60.48,40.13,36.93,21.1,28.12,16.65,15.83,62.1,29.35,87.29,43.87,44.07,22.73,56.68,0.0,0.0
ANSURI_mal_0342,81.04,179.2,41.33,98.86,86.32,100.25,117.52,61.0,41.08,38.21,22.71,30.22,17.06,14.29,61.38,27.94,87.49,42.59,42.45,23.59,58.57,0.0,0.0
ANSURI_mal_0343,75.0,174.27,40.13,96.23,83.52,97.21,115.64,57.0,41.66,37.31,21.89,30.71,18.12,15.3,56.71,25.58,79.81,44.67,41.05,21.96,56.74,0.0,0.0
ANSURI_mal_0344,94.26,181.05,44.55,109.91,95.84,105.79,130.83,65.71,40.18,39.48,22.52,31.6,17.13,16.26,62.28,27.18,86.5,40.5,43.41,25.15,59.38,0.0,0.0
ANSURI_mal_0345,78.22,170.31,39.74,98.92,89.29,101.9,117.96,62.89,40.64,38.34,22.48,29.8,16.55,15.48,59.01,26.18,82.56,39.94,41.37,23.15,56.69,0.0,0.0
ANSURI_mal_0346,61.97,163.11,39.2,93.22,73.21,91.05,109.22,56.05,37.31,35.75,21.73,28.38,16.46,14.14,54.06,25.79,79.01,37.89,39.68,22.76,56.31,0.0,0.0
ANSURI_mal_0347,74.49,167.69,39.89,97.3,95.34,100.29,111.21,59.36,37.47,37.76,21.49,28.06,17.19,15.14,59.97,27.42,81.24,40.6,41.6,23.72,52.61,0.0,0.0
ANSURI_mal_0348,80.85,181.57,40.78,99.6,84.27,99.28,120.56,59.44,38.45,39.48,21.39,31.49,16.88,16.59,61.7,27.82,87.87,43.06,44.92,23.34,56.93,0.0,0.0
ANSURI_mal_0349,64.75,173.43,37.66,89.48,79.18,92.85,106.03,53.9,36.96,35.61,21.1,27.42,16.49,14.25,56.02,25.02,84.45,41.72,43.25,21.67,54.96,0.0,0.0
ANSURI_mal_0350,74.46,173.54,41.58,99.89,77.43,94.48,119.81,57.98,40.91,36.99,22.45,31.79,17.52,14.81,58.66,26.65,82.94,41.77,41.43,23.72,56.7,0.0,0.0
ANSURI_mal_0351,78.58,186.87,40.05,97.38,80.56,97.25,113.82,59.97,36.65,38.27,22.32,28.74,17.05,14.11,64.31,30.59,93.56,45.03,46.17,23.22,58.3,0.0,0.0
ANSURI_mal_0352,72.09,180.97,40.09,92.53,79.93,94.07,112.05,54.55,37.88,35.66,22.2,29.11,17.55,14.18,61.13,26.95,87.08,46.2,44.1,22.4,58.32,0.0,0.0
ANSURI_mal_0353,76.35,178.77,40.7,95.56,81.88,96.5,115.61,58.8,39.29,39.72,22.31,30.27,17.08,14.78,58.85,25.77,85.82,42.51,43.75,22.53,58.25,0.0,0.0
ANSURI_mal_0354,80.46,175.34,42.69,104.59,92.2,98.84,116.01,58.53,39.55,37.4,21.23,30.11,17.5,14.01,61.92,27.06,85.92,42.57,42.45,25.42,56.26,0.0,0.0
ANSURI_mal_0355,76.67,169.7,41.94,101.09,91.65,98.56,117.6,59.52,38.89,36.63,21.04,31.2,17.12,15.77,56.7,26.3,82.34,40.07,41.73,24.52,56.77,0.0,0.0
ANSURI_mal_0356,63.99,163.95,38.65,92.81,77.32,94.05,110.74,56.07,37.86,36.6,21.07,27.88,16.43,15.07,54.63,25.33,77.6,40.21,40.41,21.4,54.93,0.0,0.0
ANSURI_mal_0357,80.96,174.48,41.09,101.42,85.28,100.2,114.47,61.74,41.9,40.06,23.78,31.4,18.72,14.81,64.42,29.9,85.05,41.35,42.48,23.91,59.6,0.0,0.0
ANSURI_mal_0358,77.8,174.92,41.42,99.77,86.84,98.9,117.8,58.07,40.27,37.61,21.75,29.78,17.53,16.04,58.66,27.11,84.1,42.3,42.4,24.45,56.45,0.0,0.0
ANSURI_mal_0359,86.13,178.67,42.91,102.5,93.22,102.86,122.2,61.09,41.31,38.72,22.83,28.95,17.43,17.29,59.87,27.15,84.07,42.95,42.35,25.06,58.61,0.0,0.0
ANSURI_mal_0360,79.19,170.37,41.58,96.28,87.61,103.89,119.49,62.56,41.09,38.21,22.33,31.95,16.84,14.79,59.2,26.79,83.59,37.66,43.39,23.87,56.9,0.0,0.0
ANSURI_mal_0361,76.67,169.12,40.28,95.03,89.53,102.1,113.85,62.96,40.02,37.42,21.21,27.6,17.12,16.22,54.84,24.23,76.14,40.52,38.3,24.04,58.53,0.0,0.0
ANSURI_mal_0362,67.18,174.52,37.98,94.41,78.33,94.61,112.25,56.2,35.96,33.99,20.31,26.7,15.98,15.13,57.58,25.43,84.59,41.96,42.58,21.65,55.95,0.0,0.0
ANSURI_mal_0363,67.23,165.24,40.85,97.42,77.91,93.46,115.21,58.74,36.67,35.24,20.22,30.23,16.2,14.41,56.93,27.14,79.47,37.6,40.9,23.0,55.19,0.0,0.0
ANSURI_mal_0364,80.48,165.49,42.96,103.0,89.82,101.09,121.66,62.43,42.68,39.1,22.41,31.12,17.61,14.84,55.32,25.14,75.5,42.32,38.97,25.8,56.99,0.0,0.0
ANSURI_mal_0365,59.38,167.43,38.38,88.09,73.3,90.0,109.57,52.38,37.31,33.8,19.67,27.35,15.61,16.07,53.95,24.02,79.36,40.57,38.9,19.84,56.42,0.0,0.0
ANSURI_mal_0366,63.82,165.19,38.77,91.58,82.65,93.54,107.71,53.65,38.08,34.71,20.9,28.01,16.58,13.21,61.02,26.86,82.63,36.47,40.46,22.57,53.86,0.0,0.0
ANSURI_mal_0367,65.42,182.25,37.05,86.43,76.48,92.07,105.8,52.61,37.26,36.59,22.29,27.12,16.43,15.02,62.03,27.82,90.1,44.01,45.16,20.15,55.94,0.0,0.0
ANSURI_mal_0368,88.51,184.45,41.52,104.6,95.79,101.94,115.84,59.42,42.38,38.86,22.77,29.73,18.38,14.64,63.44,28.81,87.72,44.61,43.48,24.64,57.35,0.0,0.0
ANSURI_mal_0369,67.06,176.71,39.34,88.47,75.16,92.23,111.97,53.52,38.97,36.03,21.18,29.37,16.9,14.23,61.86,27.31,84.91,43.65,43.2,20.43,57.38,0.0,0.0
ANSURI_mal_0370,71.4,171.1,39.89,92.83,80.42,94.31,114.35,59.1,39.64,39.64,22.43,30.13,16.57,14.47,58.41,27.16,83.01,39.27,42.41,22.25,56.87,0.0,0.0
ANSURI_mal_0371,66.19,167.4,40.43,94.15,77.79,92.92,115.02,53.19,37.32,35.69,21.95,29.3,16.51,15.49,52.61,22.74,76.66,42.9,39.73,22.4,57.13,0.0,0.0
ANSURI_mal_0372,68.38,165.77,39.99,93.87,80.57,95.5,114.5,57.79,38.52,37.69,22.06,28.93,17.01,14.99,57.17,25.84,78.95,39.2,40.22,21.56,57.56,0.0,0.0
ANSURI_mal_0373,86.35,176.2,42.32,102.58,93.37,101.93,122.32,60.34,41.66,42.04,24.29,31.9,17.67,15.59,59.12,26.38,83.1,44.39,43.71,24.54,58.78,0.0,0.0
ANSURI_mal_0374,76.47,169.93,41.91,98.8,82.91,98.25,119.15,61.14,40.01,37.99,22.31,32.05,17.0,15.07,57.96,27.74,79.0,40.18,41.3,23.84,55.6,0.0,0.0
ANSURI_mal_0375,81.64,176.25,42.12,107.12,90.51,98.88,117.77,56.55,41.26,36.72,21.63,28.88,17.14,14.09,60.13,26.14,82.67,42.46,42.66,26.24,58.86,0.0,0.0
ANSURI_mal_0376,83.78,174.22,41.41,98.63,92.2,103.94,123.16,61.81,41.16,40.84,23.71,30.08,18.05,16.56,59.31,27.03,83.3,41.9,43.14,23.42,55.87,0.0,0.0
ANSURI_mal_0377,53.26,156.61,37.27,86.97,73.65,85.13,104.66,50.91,34.24,32.93,19.74,27.56,15.79,13.21,53.35,24.15,74.92,37.48,38.68,21.11,54.56,0.0,0.0
ANSURI_mal_0378,83.68,177.27,43.34,98.27,90.19,103.35,119.13,61.58,41.88,38.32,23.11,30.93,17.88,15.42,58.98,26.1,83.45,42.56,41.21,23.52,57.71,0.0,0.0
ANSURI_mal_0379,75.95,165.01,42.08,104.24,93.49,96.71,118.97,58.07,39.73,37.05,22.0,30.97,17.09,13.88,58.32,26.04,78.88,41.71,38.93,24.34,56.2,0.0,0.0
ANSURI_mal_0380,80.71,171.72,41.55,104.41,86.85,100.43,118.59,60.69,40.61,39.85,22.01,31.74,17.85,13.95,58.47,26.73,80.82,40.82,41.11,25.21,57.8,0.0,0.0
ANSURI_mal_0381,68.52,165.08,40.46,99.56,85.22,94.82,114.63,55.77,35.46,35.72,22.01,27.95,15.65,13.85,56.54,25.04,79.65,37.5,38.56,24.8,55.16,0.0,0.0
ANSURI_mal_0382,65.61,162.7,39.37,95.66,82.3,94.43,110.13,55.73,36.96,36.0,21.33,28.27,16.19,13.8,56.27,25.79,76.13,37.5,37.33,22.87,55.4,0.0,0.0
ANSURI_mal_0383,98.59,185.05,43.71,113.27,102.0,108.05,125.5,61.55,40.44,38.99,22.2,30.5,18.46,15.4,63.34,28.14,87.43,45.16,45.0,27.78,56.86,0.0,0.0
ANSURI_mal_0384,69.06,175.96,39.36,95.7,79.05,94.01,114.23,56.13,37.14,32.89,19.31,28.35,15.62,14.83,59.54,26.21,85.92,41.73,44.07,22.85,55.6,0.0,0.0
ANSURI_mal_0385,61.86,166.18,37.39,88.37,77.23,91.82,108.12,54.61,37.61,35.38,20.5,28.6,16.38,14.71,58.81,26.33,80.49,39.43,41.16,19.94,55.79,0.0,0.0
ANSURI_mal_0386,56.28,164.1,36.44,86.0,71.56,87.19,105.63,52.44,33.95,33.91,19.94,27.73,15.8,13.9,60.19,27.65,79.77,39.61,40.15,20.29,54.72,0.0,0.0
ANSURI_mal_0387,68.15,175.57,39.74,92.08,78.25,93.86,111.51,53.14,37.51,34.83,20.73,27.82,17.03,15.57,60.93,27.27,82.99,43.1,42.67,22.64,57.61,0.0,0.0
ANSURI_mal_0388,78.7,174.42,40.8,100.55,87.96,98.16,118.36,58.71,40.13,38.94,21.68,29.3,17.13,15.54,60.6,27.7,82.5,44.05,41.64,24.18,57.66,0.0,0.0
ANSURI_mal_0389,79.6,165.58,42.02,104.52,89.86,102.47,120.78,60.34,42.19,38.1,20.35,32.08,17.11,15.62,56.79,25.92,76.88,40.76,39.4,25.68,59.06,0.0,0.0
ANSURI_mal_0390,78.99,178.11,42.14,96.99,87.91,98.96,114.13,58.87,38.81,38.17,23.27,28.39,17.96,13.7,60.9,26.96,83.84,43.16,42.16,23.6,57.75,0.0,0.0
ANSURI_mal_0391,85.31,174.74,43.19,97.55,87.1,104.71,120.76,64.96,43.64,41.48,22.9,32.09,18.27,16.01,60.55,27.65,81.57,42.18,42.29,23.15,58.53,0.0,0.0
ANSURI_mal_0392,90.65,187.29,42.44,102.26,88.33,103.37,124.05,61.64,41.5,40.43,23.16,31.28,18.46,16.29,66.46,29.89,92.28,42.51,46.93,25.19,60.13,0.0,0.0
ANSURI_mal_0393,69.18,170.81,39.05,91.44,84.03,95.98,109.12,58.7,39.78,36.18,19.95,28.36,16.22,15.32,55.51,25.53,81.25,40.95,41.15,21.41,56.81,0.0,0.0
ANSURI_mal_0394,64.81,177.11,38.64,89.07,73.69,91.36,109.81,53.26,36.42,35.04,21.24,28.04,16.89,15.56,58.42,26.55,86.28,42.77,41.63,21.33,56.21,0.0,0.0
ANSURI_mal_0395,83.72,177.95,41.71,101.56,88.43,100.81,119.39,61.67,41.69,38.96,22.9,31.15,17.73,15.86,60.79,27.84,85.03,44.53,44.61,24.37,57.69,0.0,0.0
ANSURI_mal_0396,71.41,168.61,41.18,98.7,86.49,93.3,121.04,54.38,37.86,36.83,22.29,29.81,17.62,15.86,59.63,26.43,84.1,38.89,42.05,23.74,56.29,0.0,0.0
ANSURI_mal_0397,83.51,171.48,42.83,102.73,90.84,104.4,119.48,65.77,42.35,38.63,21.55,30.55,17.33,15.13,58.47,26.57,83.4,38.49,40.17,25.4,57.86,0.0,0.0
ANSURI_mal_0398,83.14,175.27,42.58,103.36,90.4,101.84,120.33,61.39,40.7,38.04,23.3,30.79,16.86,15.01,56.32,25.32,81.01,42.0,39.79,24.27,57.82,0.0,0.0
ANSURI_mal_0399,67.98,170.14,40.15,94.46,77.33,94.88,114.84,56.17,37.26,35.05,20.24,29.97,15.72,15.07,57.44,26.55,81.76,42.01,40.78,22.67,57.06,0.0,0.0
ANSURI_mal_0400,72.61,173.4,40.74,95.5,85.24,97.18,112.54,56.88,36.79,36.82,21.1,29.11,17.4,13.81,59.98,26.28,82.69,41.23,42.62,22.38,56.91,0.0,0.0
ANSURI_mal_0401,107.39,182.0,45.32,113.83,105.77,113.93,125.59,71.53,45.89,42.26,24.22,33.85,18.83,14.56,62.29,27.06,88.91,43.63,44.67,28.85,58.08,0.0,0.0
ANSURI_mal_0402,99.39,187.98,43.17,109.72,95.13,108.59,125.36,68.12,42.77,39.02,23.67,31.61,17.68,16.6,65.14,29.66,91.87,47.1,46.0,26.04,57.55,0.0,0.0
ANSURI_mal_0403,76.0,174.48,41.04,95.11,82.69,99.05,116.79,59.89,38.95,36.97,21.67,30.64,17.08,14.68,61.93,27.91,84.15,41.34,44.02,23.78,56.56,0.0,0.0
ANSURI_mal_0404,61.94,170.23,37.63,91.43,73.55,89.76,105.57,54.52,36.48,34.49,20.3,28.56,16.78,13.19,60.72,29.13,84.89,39.41,44.41,21.16,54.68,0.0,0.0
ANSURI_mal_0405,65.47,174.18,38.07,90.22,79.28,92.02,109.04,54.15,37.14,34.17,20.79,28.52,17.04,15.02,58.75,26.47,85.73,43.02,42.97,21.0,56.75,0.0,0.0
ANSURI_mal_0406,68.2,162.91,41.16,93.76,84.29,95.81,111.54,59.08,39.93,35.94,20.03,29.0,16.65,14.29,56.43,25.37,77.43,38.92,40.61,22.77,56.86,0.0,0.0
ANSURI_mal_0407,80.49,176.48,41.83,105.08,88.98,98.62,116.56,56.72,39.02,37.5,22.27,29.82,16.72,13.95,60.42,26.35,81.8,43.42,43.11,25.59,55.01,0.0,0.0
ANSURI_mal_0408,83.53,182.54,41.75,100.0,86.88,100.83,119.35,60.65,41.31,40.06,23.38,28.59,16.77,15.87,62.3,27.97,87.47,44.61,44.44,23.06,56.65,0.0,0.0
ANSURI_mal_0409,64.23,170.08,40.8,94.87,72.14,90.95,117.59,54.1,34.94,34.48,20.68,30.55,16.41,14.58,58.79,25.83,84.68,37.64,42.95,21.27,54.99,0.0,0.0
ANSURI_mal_0410,76.98,177.31,41.29,97.03,85.89,97.74,113.67,58.9,39.61,37.78,21.48,29.51,17.52,14.95,61.53,28.22,85.28,41.21,44.21,23.17,57.49,0.0,0.0
ANSURI_mal_0411,67.45,167.15,40.7,92.87,79.38,94.13,108.84,56.62,37.61,38.24,22.26,28.89,17.84,13.96,56.1,24.88,79.39,38.96,40.39,23.17,56.21,0.0,0.0
ANSURI_mal_0412,84.11,201.23,42.13,95.43,79.64,95.68,118.33,56.12,39.73,39.18,23.99,30.13,18.02,14.43,74.17,32.35,106.93,44.46,52.79,22.67,57.79,0.0,0.0
ANSURI_mal_0413,101.31,183.96,44.79,113.16,102.74,107.53,124.71,64.73,43.85,41.75,23.61,31.04,17.7,15.35,61.48,28.13,86.66,43.97,45.14,28.73,59.6,0.0,0.0
ANSURI_mal_0414,83.17,175.28,42.83,102.14,89.04,100.83,120.83,62.78,39.55,38.16,22.18,31.14,17.76,15.66,64.06,29.28,83.68,41.69,43.41,24.72,56.68,0.0,0.0
ANSURI_mal_0415,69.75,179.64,40.16,97.11,82.63,92.35,114.77,51.03,35.01,35.31,20.15,28.86,17.22,15.23,62.39,27.76,87.91,45.46,45.26,21.41,54.97,0.0,0.0
ANSURI_mal_0416,89.45,173.29,42.94,106.25,96.58,106.78,124.15,64.78,42.29,38.35,24.01,31.01,17.32,15.1,60.21,27.01,81.64,41.98,41.51,26.24,55.66,0.0,0.0
ANSURI_mal_0417,91.1,186.31,42.29,99.94,85.15,106.79,119.48,66.59,43.51,41.9,22.85,32.18,17.68,14.72,65.12,29.96,92.36,41.24,45.89,23.59,57.75,0.0,0.0
ANSURI_mal_0418,83.44,169.8,43.08,106.03,91.84,101.84,124.09,60.96,41.46,40.65,24.32,29.56,17.35,16.18,57.76,26.21,80.12,40.68,41.31,26.12,57.41,0.0,0.0
ANSURI_mal_0419,71.09,184.23,39.68,87.36,78.84,96.24,110.8,56.49,37.29,33.97,19.94,28.57,16.31,14.71,61.18,27.13,87.51,43.41,44.99,20.63,56.77,0.0,0.0
ANSURI_mal_0420,70.03,172.3,41.41,99.15,77.2,93.18,117.19,56.41,37.31,35.22,20.47,29.62,17.44,15.59,58.27,27.6,84.77,42.17,42.68,23.36,57.48,0.0,0.0
ANSURI_mal_0421,109.81,186.39,45.01,114.64,106.37,114.28,128.86,70.27,44.14,42.0,24.87,32.73,18.49,17.0,62.55,29.82,88.37,44.82,44.88,27.45,56.5,0.0,0.0
ANSURI_mal_0422,85.3,169.96,43.26,105.12,92.82,105.33,118.92,62.48,41.92,42.9,24.14,31.65,18.52,13.52,59.39,25.85,80.77,42.46,39.59,24.48,56.88,0.0,0.0
ANSURI_mal_0423,69.71,182.81,39.79,91.12,81.75,91.75,112.61,52.6,36.12,34.89,21.22,29.03,17.24,15.32,62.3,28.27,90.21,45.47,45.69,20.5,57.75,0.0,0.0
ANSURI_mal_0424,81.26,174.47,41.33,98.41,90.31,102.15,117.99,61.1,40.42,38.41,23.27,30.44,17.9,14.71,60.77,27.03,82.12,40.7,39.89,23.32,58.61,0.0,0.0
ANSURI_mal_0425,74.08,170.73,40.91,92.45,85.35,99.66,112.95,59.79,42.99,36.88,22.77,29.72,17.61,14.97,54.68,24.91,80.99,43.19,41.1,22.02,57.38,0.0,0.0
ANSURI_mal_0426,65.01,167.81,40.85,96.75,78.35,90.87,109.62,52.96,35.96,34.57,21.3,30.46,16.58,13.18,55.89,24.62,80.41,42.35,40.64,23.08,54.39,0.0,0.0
ANSURI_mal_0427,69.25,179.86,40.34,92.22,74.22,92.78,110.25,53.69,38.53,35.95,21.3,29.64,16.61,14.23,61.25,26.37,85.83,41.05,44.14,22.64,57.95,0.0,0.0
ANSURI_mal_0428,74.9,179.08,41.05,99.12,83.01,96.16,118.91,57.82,37.15,35.32,20.64,28.89,16.63,15.59,62.95,29.22,88.8,42.33,44.08,22.17,57.84,0.0,0.0
ANSURI_mal_0429,54.91,170.36,38.26,84.63,68.92,85.26,108.06,49.7,33.32,31.64,18.95,26.04,15.85,15.3,57.69,26.17,82.5,40.58,41.3,18.82,56.22,0.0,0.0
ANSURI_mal_0430,71.77,168.36,41.14,95.76,80.64,99.77,114.86,59.79,40.04,35.95,21.54,28.99,16.7,14.68,58.54,26.97,82.57,39.77,40.65,23.02,56.85,0.0,0.0
ANSURI_mal_0431,71.66,163.99,41.06,96.4,84.6,97.74,117.36,59.03,40.19,38.18,22.4,28.22,16.11,15.19,55.69,25.5,76.07,39.62,37.82,23.5,57.39,0.0,0.0
ANSURI_mal_0432,58.28,162.11,38.84,89.63,75.99,87.2,105.21,50.4,35.46,35.38,20.24,30.31,16.52,12.95,57.21,25.09,75.01,39.96,38.57,19.94,55.38,0.0,0.0
ANSURI_mal_0433,71.63,171.86,40.25,97.85,80.12,93.47,117.12,55.58,38.52,36.86,21.13,29.78,17.72,15.48,59.25,25.85,82.41,44.0,43.09,24.04,58.24,0.0,0.0
ANSURI_mal_0434,72.36,174.13,41.35,93.28,83.88,95.91,112.59,56.99,39.4,37.47,22.05,29.05,16.79,14.44,59.34,26.96,81.85,41.82,41.33,21.13,56.94,0.0,0.0
ANSURI_mal_0435,69.91,174.62,39.7,89.35,80.11,96.46,111.8,57.7,38.79,36.91,21.56,27.68,16.63,15.5,59.11,26.67,82.58,43.74,42.81,20.78,53.8,0.0,0.0
ANSURI_mal_0436,73.04,178.78,40.73,96.15,80.81,94.9,116.52,56.41,37.07,36.72,22.05,29.12,17.18,15.53,57.57,26.32,86.31,42.18,43.31,21.87,58.5,0.0,0.0
ANSURI_mal_0437,74.35,162.1,41.13,98.71,91.54,99.65,114.34,61.93,40.86,38.31,21.4,30.84,17.21,12.92,56.95,25.2,78.96,38.76,40.59,24.56,55.46,0.0,0.0
ANSURI_mal_0438,100.61,194.53,45.2,107.99,93.16,104.32,131.11,63.13,43.83,39.51,22.67,33.67,20.25,16.97,69.49,32.02,98.71,45.01,49.27,25.54,60.49,0.0,0.0
ANSURI_mal_0439,80.32,177.53,42.29,101.02,83.2,100.18,118.79,60.27,41.1,36.91,21.9,31.41,17.8,14.22,60.45,27.92,82.98,43.52,40.81,23.2,56.05,0.0,0.0
ANSURI_mal_0440,92.88,180.63,45.26,107.31,91.83,107.23,125.8,63.76,41.78,39.37,24.8,32.21,18.15,15.76,60.27,27.91,87.51,44.89,42.74,26.62,58.51,0.0,0.0
ANSURI_mal_0441,102.97,176.27,45.85,115.62,105.09,109.94,131.23,67.93,45.8,41.97,23.79,32.05,18.65,15.11,62.5,28.28,82.91,41.74,41.09,28.44,60.04,0.0,0.0
ANSURI_mal_0442,68.22,177.41,39.28,89.74,77.34,92.94,114.27,55.11,38.19,36.64,21.74,27.94,16.36,15.56,62.37,28.13,89.95,39.45,44.88,20.93,56.85,0.0,0.0
ANSURI_mal_0443,100.45,180.43,45.22,109.65,105.2,111.53,126.53,68.32,41.55,38.92,22.34,33.04,18.52,14.43,64.88,30.02,87.91,39.48,43.94,27.03,59.97,0.0,0.0
ANSURI_mal_0444,87.57,181.18,43.91,101.56,89.5,103.42,121.71,61.24,41.27,40.6,23.31,32.08,18.0,14.83,62.31,27.3,85.57,44.78,43.31,23.56,57.74,0.0,0.0
ANSURI_mal_0445,91.5,187.49,43.33,106.55,89.79,103.36,123.34,62.45,39.79,41.3,22.33,31.72,17.85,15.28,66.71,28.91,94.01,45.04,47.44,25.27,58.48,0.0,0.0
ANSURI_mal_0446,52.41,167.11,36.82,83.28,68.91,83.96,104.75,48.87,32.42,30.49,19.08,27.36,15.49,13.2,59.12,26.61,83.04,38.26,41.48,19.43,55.13,0.0,0.0
ANSURI_mal_0447,71.04,172.25,41.04,92.56,82.77,97.39,115.38,55.6,36.93,37.37,21.85,28.35,17.23,15.34,55.73,25.57,79.14,41.89,40.26,21.32,56.69,0.0,0.0
ANSURI_mal_0448,72.04,171.06,40.74,95.63,80.93,96.53,113.91,57.38,39.9,37.11,22.56,29.87,17.2,14.03,58.66,25.37,81.37,42.0,40.89,22.74,56.95,0.0,0.0
ANSURI_mal_0449,80.94,166.02,42.85,104.05,95.08,99.96,119.88,60.84,41.12,40.61,23.4,30.05,17.83,15.41,54.16,24.69,74.95,43.01,37.9,25.07,55.31,0.0,0.0
ANSURI_mal_0450,85.97,177.49,44.04,98.92,87.04,104.64,120.61,65.85,41.32,39.82,22.13,32.81,17.59,15.12,63.22,29.19,86.62,40.52,43.15,23.94,58.24,0.0,0.0
ANSURI_mal_0451,94.98,183.43,42.74,106.1,92.0,108.27,125.1,65.98,43.09,40.22,22.89,34.52,18.49,16.5,63.42,29.49,90.64,42.58,44.65,25.51,59.02,0.0,0.0
ANSURI_mal_0452,74.81,174.41,39.96,91.3,84.73,100.45,110.74,60.96,40.75,36.52,22.5,29.26,16.9,15.02,57.59,26.57,82.51,43.05,42.16,22.47,57.03,0.0,0.0
ANSURI_mal_0453,64.66,168.65,39.55,90.99,76.9,92.99,112.97,52.38,35.15,35.15,21.72,28.97,17.2,16.65,54.7,25.32,77.85,44.27,38.98,21.74,57.88,0.0,0.0
ANSURI_mal_0454,83.36,173.28,42.2,103.15,95.22,103.46,123.4,60.2,37.93,38.61,23.57,29.87,17.52,15.94,61.18,28.36,83.39,39.88,41.3,24.39,55.82,0.0,0.0
ANSURI_mal_0455,65.13,167.98,40.72,93.41,79.1,91.79,116.04,52.61,36.89,34.73,20.99,29.18,16.16,15.6,58.26,25.18,81.51,41.29,40.88,21.46,56.97,0.0,0.0
ANSURI_mal_0456,73.53,176.04,41.16,99.43,79.72,95.29,117.22,57.18,37.69,35.89,21.35,29.88,17.55,14.79,61.88,28.0,89.4,41.17,43.14,24.31,58.94,0.0,0.0
ANSURI_mal_0457,63.17,162.63,39.74,88.37,76.47,92.48,111.67,54.86,36.94,38.48,23.05,30.02,16.99,14.54,54.36,24.39,76.46,39.41,38.32,20.66,56.21,0.0,0.0
ANSURI_mal_0458,98.86,178.11,43.71,109.24,100.12,110.99,124.64,66.52,44.2,42.82,25.6,33.64,19.36,14.74,62.16,28.78,85.33,40.87,42.23,26.54,58.62,0.0,0.0
ANSURI_mal_0459,53.61,166.03,37.06,84.41,68.11,85.05,106.12,49.27,33.12,32.25,19.97,26.98,15.42,14.24,57.54,26.46,79.69,41.25,40.13,20.04,54.18,0.0,0.0
ANSURI_mal_0460,87.18,175.46,43.3,101.2,91.83,103.45,120.71,64.6,43.49,40.06,22.85,32.79,18.68,14.71,61.58,28.44,83.21,41.48,43.02,24.19,58.19,0.0,0.0
ANSURI_mal_0461,98.98,180.58,44.95,113.34,102.05,105.65,125.0,65.18,43.15,40.87,23.82,33.29,18.8,15.22,59.64,26.16,84.99,45.45,43.19,27.87,60.1,0.0,0.0
ANSURI_mal_0462,84.88,174.7,42.44,103.53,89.34,106.31,119.77,60.22,42.31,40.52,22.4,31.17,17.75,15.18,57.45,26.69,82.22,41.12,41.0,24.75,61.13,0.0,0.0
ANSURI_mal_0463,61.46,175.72,38.1,86.01,71.72,89.84,107.67,52.82,36.58,33.98,19.34,28.6,15.79,14.57,62.23,27.18,87.3,39.72,44.12,19.93,55.35,0.0,0.0
ANSURI_mal_0464,82.31,188.89,41.95,97.45,85.71,97.89,121.82,56.77,39.23,37.72,22.46,31.34,18.05,15.69,64.65,27.67,94.12,43.96,46.74,22.25,58.15,0.0,0.0
ANSURI_mal_0465,88.2,181.57,41.33,104.29,89.47,105.97,121.07,63.45,41.81,38.97,23.15,29.72,16.79,15.36,62.46,28.67,89.57,42.62,44.81,26.15,56.23,0.0,0.0
ANSURI_mal_0466,79.44,171.67,41.53,100.22,85.81,101.71,117.34,62.37,39.94,39.75,22.42,30.64,17.55,14.31,58.05,26.16,82.37,42.76,40.45,24.69,57.18,0.0,0.0
ANSURI_mal_0467,68.77,174.92,40.63,94.79,77.14,93.18,115.57,56.2,36.61,35.5,19.91,29.74,16.24,15.89,58.95,27.1,87.16,40.47,44.27,22.34,56.54,0.0,0.0
ANSURI_mal_0468,56.27,169.02,37.77,85.45,68.13,87.39,105.89,52.07,34.34,31.96,18.87,28.91,16.11,13.67,57.19,26.86,83.19,38.09,43.03,19.62,55.52,0.0,0.0
ANSURI_mal_0469,87.16,170.73,43.19,110.04,99.8,102.86,120.04,62.6,41.68,37.77,22.94,31.11,17.83,13.48,57.12,25.1,78.63,40.46,38.96,26.29,57.75,0.0,0.0
ANSURI_mal_0470,53.65,170.87,36.56,88.48,69.23,83.02,104.01,48.24,31.0,32.58,19.49,27.15,15.61,13.28,58.74,28.26,86.68,37.8,44.01,20.57,53.11,0.0,0.0
ANSURI_mal_0471,69.4,180.29,40.5,91.46,76.94,94.39,112.56,52.97,35.86,35.9,21.33,30.24,16.78,14.92,61.49,27.47,85.12,46.01,42.03,19.68,59.31,0.0,0.0
ANSURI_mal_0472,62.37,168.97,37.52,87.77,76.84,93.17,103.51,56.19,36.24,35.32,20.55,26.76,15.97,13.52,56.32,25.3,81.04,39.91,40.73,21.13,55.0,0.0,0.0
ANSURI_mal_0473,77.09,175.5,40.7,101.21,88.59,99.11,110.31,55.34,38.96,37.82,21.51,29.67,17.23,13.37,59.82,26.79,84.12,43.42,42.65,26.32,57.08,0.0,0.0
ANSURI_mal_0474,78.91,171.78,41.58,93.52,88.15,100.53,120.87,61.75,40.28,40.38,22.06,31.11,17.26,16.14,62.37,28.42,81.04,42.13,41.99,22.04,54.78,0.0,0.0
ANSURI_mal_0475,83.99,179.87,41.92,95.65,90.06,103.79,113.92,65.99,41.32,38.66,21.96,30.46,17.41,13.74,61.94,27.74,87.3,40.65,44.61,22.63,57.64,0.0,0.0
ANSURI_mal_0476,60.05,165.39,38.72,88.08,72.27,89.77,110.15,55.55,36.0,33.52,20.68,27.83,16.64,14.89,55.35,25.93,79.88,40.53,40.93,20.9,55.35,0.0,0.0
ANSURI_mal_0477,66.69,160.53,41.13,93.98,82.55,95.93,110.6,57.21,39.56,36.42,22.13,28.64,17.37,14.18,54.48,24.92,73.58,39.17,38.27,22.17,55.5,0.0,0.0
ANSURI_mal_0478,78.76,181.22,39.74,95.37,81.65,102.16,114.86,60.31,40.41,39.21,23.09,28.39,17.23,15.39,58.86,27.24,87.81,44.78,45.04,22.16,56.93,0.0,0.0
ANSURI_mal_0479,89.74,185.6,42.0,97.3,86.66,104.73,122.1,66.46,41.51,41.2,22.72,32.34,17.4,15.8,65.61,29.23,93.59,41.61,46.78,24.5,58.26,0.0,0.0
ANSURI_mal_0480,63.73,173.44,38.27,93.86,76.61,87.98,112.26,51.97,35.44,35.96,20.38,28.06,16.18,14.5,59.17,26.21,86.05,40.72,43.3,21.7,54.62,0.0,0.0
ANSURI_mal_0481,70.56,171.92,40.88,94.76,79.88,94.44,116.88,55.22,37.5,37.44,21.77,30.9,17.19,15.39,58.77,26.37,81.9,43.15,41.01,21.93,56.18,0.0,0.0
ANSURI_mal_0482,77.9,168.63,42.01,96.55,86.51,103.48,119.37,62.13,40.37,37.93,22.86,30.76,16.98,14.05,59.8,27.11,81.19,38.84,42.17,23.46,56.13,0.0,0.0
ANSURI_mal_0483,70.75,178.73,40.28,94.26,78.95,94.28,113.02,56.8,38.63,35.15,21.12,29.94,16.61,14.62,61.45,27.99,89.27,42.26,46.02,20.7,55.42,0.0,0.0
ANSURI_mal_0484,74.19,179.11,40.65,96.08,85.34,96.01,115.7,54.96,37.61,35.16,21.99,28.47,16.73,14.44,63.07,28.77,87.75,41.56,45.39,23.22,55.98,0.0,0.0
ANSURI_mal_0485,80.19,165.55,42.74,105.2,92.74,101.63,122.67,61.68,39.36,38.81,22.58,31.05,17.5,15.53,57.3,26.13,77.41,40.59,38.64,24.62,55.9,0.0,0.0
ANSURI_mal_0486,80.0,172.19,41.69,100.55,83.19,99.93,123.23,61.21,41.03,38.92,22.78,32.38,18.0,16.59,61.42,27.61,83.82,42.73,42.51,24.81,56.05,0.0,0.0
ANSURI_mal_0487,93.06,181.84,43.44,108.67,97.19,105.08,117.23,63.7,42.01,40.09,22.71,30.5,18.91,14.36,58.78,27.36,85.14,46.25,42.66,26.9,58.25,0.0,0.0
ANSURI_mal_0488,67.18,174.46,38.9,87.36,79.31,95.58,105.7,55.86,38.16,36.42,21.86,28.45,16.94,13.87,56.99,25.52,82.4,42.38,42.25,20.28,55.13,0.0,0.0
ANSURI_mal_0489,68.97,172.39,39.93,95.31,81.15,92.28,112.48,53.94,36.13,38.35,21.89,30.34,18.14,14.47,58.1,25.61,83.45,43.54,42.0,21.75,56.6,0.0,0.0
ANSURI_mal_0490,83.04,185.02,40.86,95.24,82.92,101.95,117.42,62.61,40.5,40.93,23.43,29.95,17.68,16.23,66.65,31.55,93.27,43.43,45.74,21.75,56.66,0.0,0.0
ANSURI_mal_0491,88.1,169.87,43.68,105.96,94.33,108.16,120.01,65.89,42.63,40.71,23.82,31.13,17.51,14.57,58.64,26.33,79.66,42.04,41.21,26.37,57.44,0.0,0.0
ANSURI_mal_0492,74.38,169.05,40.74,99.85,86.26,98.29,114.3,59.48,40.23,37.77,20.78,28.31,16.53,14.54,57.42,25.56,80.43,40.6,41.54,24.51,57.23,0.0,0.0
ANSURI_mal_0493,66.62,175.39,39.03,89.88,74.88,91.62,110.31,52.49,37.21,36.8,22.33,30.65,17.92,14.92,59.32,26.82,82.37,43.81,41.83,20.79,57.35,0.0,0.0
ANSURI_mal_0494,74.09,170.01,40.35,97.88,88.0,98.5,113.84,60.02,38.21,36.43,20.94,28.8,16.12,15.99,55.08,25.59,79.57,42.02,41.82,24.31,55.18,0.0,0.0
ANSURI_mal_0495,96.76,178.86,44.73,113.03,95.18,104.06,128.66,63.14,44.34,42.14,24.09,34.62,20.22,16.52,62.45,27.17,83.31,45.94,41.39,26.46,58.62,0.0,0.0
ANSURI_mal_0496,89.29,169.41,45.4,105.96,96.73,106.82,125.48,66.29,41.71,41.34,23.09,34.52,17.46,14.14,58.77,26.98,82.42,38.08,41.81,26.49,56.59,0.0,0.0
ANSURI_mal_0497,80.85,181.64,41.9,100.17,83.47,102.05,118.18,59.57,38.7,36.01,22.01,31.35,17.8,13.55,65.09,29.11,90.33,41.19,45.07,23.16,58.02,0.0,0.0
ANSURI_mal_0498,83.89,177.67,43.14,105.44,85.58,99.07,120.4,60.8,43.14,38.88,22.13,32.3,18.35,14.6,58.38,26.1,84.78,44.15,42.41,25.59,57.15,0.0,0.0
ANSURI_mal_0499,86.46,170.65,44.47,108.26,96.66,104.99,126.28,62.58,39.58,36.74,20.76,31.67,16.8,16.04,59.78,29.24,80.58,40.95,41.91,26.5,56.63,0.0,0.0
ANSURI_mal_0500,75.17,169.25,39.82,98.69,88.11,99.91,111.89,60.85,42.04,36.05,20.25,30.45,17.0,13.81,58.19,26.65,81.31,38.93,40.65,24.07,54.99,0.0,0.0
ANSURI_mal_0501,79.05,181.42,40.26,94.68,79.57,102.19,112.04,62.27,40.26,38.68,21.45,30.52,17.24,13.91,63.69,28.93,89.78,42.97,46.81,23.02,56.04,0.0,0.0
ANSURI_mal_0502,78.11,166.04,41.52,100.7,90.28,102.65,115.26,62.4,41.41,40.77,23.13,29.92,16.85,14.25,56.22,26.61,80.47,39.72,41.09,24.76,56.74,0.0,0.0
ANSURI_mal_0503,71.89,167.52,42.05,99.47,78.51,97.99,120.35,58.82,38.4,36.58,20.72,30.69,17.16,15.84,58.9,26.8,82.87,39.82,41.86,23.77,55.75,0.0,0.0
ANSURI_mal_0504,115.78,179.24,46.51,118.87,111.79,121.58,131.11,74.25,47.1,42.48,24.44,34.3,18.89,15.83,62.81,29.96,85.29,41.13,43.88,30.1,58.44,0.0,0.0
ANSURI_mal_0505,68.17,174.1,38.94,92.09,80.15,92.8,107.88,55.87,37.41,36.06,20.53,30.21,17.43,13.97,60.41,28.8,83.92,43.97,41.93,21.53,54.64,0.0,0.0
ANSURI_mal_0506,69.24,163.3,39.9,96.19,84.98,96.78,108.31,56.11,40.43,39.13,22.51,29.3,16.61,13.24,55.85,25.4,77.23,39.79,39.18,24.23,55.03,0.0,0.0
ANSURI_mal_0507,74.58,173.36,40.36,92.74,80.87,99.26,113.8,60.21,41.07,38.68,22.76,30.77,18.03,14.97,58.71,27.53,82.75,41.76,42.76,21.57,55.62,0.0,0.0
ANSURI_mal_0508,60.98,169.42,38.47,89.23,77.52,90.94,105.25,51.12,35.75,32.66,20.7,27.93,17.23,13.54,58.24,26.49,80.85,42.7,41.26,20.49,54.9,0.0,0.0
ANSURI_mal_0509,67.43,177.39,39.59,90.88,74.26,93.27,110.43,55.39,37.46,35.29,20.96,29.22,17.14,14.58,64.34,30.02,89.4,39.33,44.95,21.2,56.84,0.0,0.0
ANSURI_mal_0510,83.67,175.25,41.56,99.48,90.9,102.38,118.43,61.74,40.13,41.12,23.75,30.35,18.85,15.55,59.74,27.04,80.46,43.5,39.18,23.49,58.06,0.0,0.0
ANSURI_mal_0511,61.86,167.41,39.0,90.0,75.82,90.14,103.45,55.18,36.46,34.56,20.87,28.07,16.52,13.49,55.87,24.9,79.38,40.11,40.05,22.21,56.63,0.0,0.0
ANSURI_mal_0512,86.66,180.06,41.88,99.04,90.0,104.0,117.19,64.23,43.03,42.77,23.78,30.15,17.25,14.02,64.32,28.55,88.01,42.54,43.76,23.0,55.54,0.0,0.0
ANSURI_mal_0513,62.44,168.85,39.5,90.44,77.48,92.07,110.38,53.43,35.26,34.02,20.85,27.75,16.02,14.27,56.5,26.24,82.18,40.2,42.12,20.37,55.37,0.0,0.0
ANSURI_mal_0514,64.22,180.18,38.86,86.14,75.82,91.21,107.45,52.34,35.92,33.76,20.28,26.67,16.41,14.97,60.09,27.73,87.31,43.42,44.04,20.68,56.19,0.0,0.0
ANSURI_mal_0515,84.56,174.67,41.5,100.07,88.54,103.19,117.75,65.24,41.61,42.16,23.46,30.54,16.87,14.59,59.39,26.4,81.71,43.0,41.97,24.87,57.62,0.0,0.0
ANSURI_mal_0516,78.74,167.91,43.13,98.86,88.68,102.47,116.89,62.9,39.73,39.63,21.98,32.45,16.63,13.51,58.84,26.64,79.88,37.13,39.66,23.79,58.13,0.0,0.0
ANSURI_mal_0517,85.33,175.14,43.41,102.67,92.35,105.98,120.6,62.86,42.03,36.11,21.83,29.55,17.47,15.81,58.8,26.15,82.08,41.88,41.52,25.18,59.55,0.0,0.0
ANSURI_mal_0518,96.72,189.71,44.97,108.5,102.45,103.89,118.62,60.37,41.78,37.6,21.21,30.89,18.11,13.12,65.26,27.47,89.41,47.75,45.42,25.86,60.54,0.0,0.0
ANSURI_mal_0519,79.82,183.52,41.28,95.39,84.2,99.5,113.36,59.74,40.06,40.0,22.52,29.15,17.2,14.25,62.05,27.87,91.66,40.93,46.71,24.0,56.9,0.0,0.0
ANSURI_mal_0520,89.35,178.36,40.42,103.55,99.24,109.39,114.07,65.87,40.02,39.2,22.9,28.97,17.15,14.37,63.37,28.32,87.64,42.13,44.7,25.98,55.27,0.0,0.0
ANSURI_mal_0521,74.53,169.25,41.28,102.95,86.41,96.55,117.15,58.43,38.0,36.57,21.0,29.87,16.35,14.49,54.72,25.86,78.17,41.35,40.32,24.42,55.48,0.0,0.0
ANSURI_mal_0522,63.82,176.33,40.7,92.19,74.45,87.82,115.12,50.51,34.27,35.23,20.76,28.06,16.02,15.98,59.97,27.15,86.44,43.57,43.61,21.2,56.04,0.0,0.0
ANSURI_mal_0523,81.35,179.62,41.26,103.5,91.98,101.99,115.95,60.04,36.29,36.46,20.64,29.31,16.65,14.36,62.12,27.88,88.61,43.85,44.39,24.41,56.4,0.0,0.0
ANSURI_mal_0524,84.24,173.22,42.0,106.22,89.31,102.6,119.32,61.42,41.01,42.21,24.41,30.46,17.38,15.97,57.89,26.79,81.97,41.77,41.94,26.18,57.47,0.0,0.0
ANSURI_mal_0525,71.5,172.61,40.75,94.97,79.63,95.16,113.13,57.25,40.38,37.11,23.11,29.64,17.02,14.06,58.57,25.95,82.72,41.92,40.43,22.34,57.2,0.0,0.0
ANSURI_mal_0526,69.2,176.83,39.96,96.75,77.17,91.75,112.38,53.2,36.02,36.21,20.98,29.05,16.65,14.19,60.42,27.02,85.44,43.55,44.04,23.58,57.93,0.0,0.0
ANSURI_mal_0527,95.39,175.93,44.21,109.99,94.67,110.47,128.46,67.27,44.61,40.18,23.38,33.87,18.38,15.15,60.88,28.81,86.08,38.62,44.69,26.27,60.35,0.0,0.0
ANSURI_mal_0528,84.64,176.38,42.14,105.93,96.34,102.9,112.55,60.76,39.53,38.06,21.88,30.09,17.62,13.44,61.41,27.34,84.24,41.23,42.79,26.06,57.93,0.0,0.0
ANSURI_mal_0529,93.75,174.35,43.01,111.24,103.0,108.2,119.7,64.96,42.93,40.49,23.75,31.53,17.46,14.91,59.69,27.22,82.47,42.21,43.62,27.7,57.18,0.0,0.0
ANSURI_mal_0530,61.52,157.94,39.82,95.9,75.41,90.2,114.68,55.81,35.75,35.34,21.08,30.85,16.49,15.25,52.64,23.37,74.04,38.45,38.64,21.73,55.25,0.0,0.0
ANSURI_mal_0531,84.67,180.3,42.16,106.64,86.05,98.63,123.53,59.35,40.4,39.18,23.97,31.68,17.59,16.96,57.85,27.53,84.98,44.97,43.55,25.56,57.07,0.0,0.0
ANSURI_mal_0532,66.87,171.82,40.18,89.11,73.44,93.07,111.98,55.5,38.17,38.64,22.45,30.6,16.76,14.26,62.79,27.62,83.13,39.96,42.45,20.61,53.78,0.0,0.0
ANSURI_mal_0533,73.47,171.46,43.0,96.66,82.49,95.33,116.52,56.63,38.71,37.87,22.64,29.64,17.5,13.83,58.48,26.71,79.52,40.47,40.4,23.11,58.28,0.0,0.0
ANSURI_mal_0534,96.13,179.92,44.68,110.68,95.9,106.59,130.15,64.94,43.53,39.47,23.75,32.03,18.26,15.81,62.95,28.78,87.66,42.76,43.94,27.8,57.77,0.0,0.0
ANSURI_mal_0535,85.42,172.26,44.7,107.77,97.01,101.34,120.0,59.47,41.45,39.85,21.78,32.3,17.68,14.33,63.75,28.18,84.99,41.63,43.74,27.5,57.26,0.0,0.0
ANSURI_mal_0536,87.73,182.71,42.37,107.66,89.4,98.28,122.17,58.67,41.05,41.19,24.09,31.5,17.98,16.33,61.77,29.36,87.01,48.31,42.95,25.8,58.34,0.0,0.0
ANSURI_mal_0537,68.76,168.28,40.62,91.51,82.36,95.96,107.39,58.23,39.36,36.14,20.83,28.99,17.6,13.13,58.47,26.54,80.02,39.86,41.89,22.4,56.29,0.0,0.0
ANSURI_mal_0538,71.02,171.35,41.22,96.99,82.09,96.1,112.63,54.5,37.03,34.65,22.47,29.2,16.88,13.25,59.57,26.84,80.28,41.14,40.93,24.48,56.64,0.0,0.0
ANSURI_mal_0539,68.56,170.36,39.83,96.18,81.6,94.44,109.05,54.13,37.02,36.49,22.49,28.72,17.36,13.94,55.77,25.34,81.22,42.35,42.21,23.67,56.65,0.0,0.0
ANSURI_mal_0540,73.61,174.83,39.99,94.44,78.42,97.71,115.13,59.62,39.72,38.53,22.55,29.47,16.96,15.61,59.87,27.89,85.75,41.65,43.3,22.77,55.47,0.0,0.0
ANSURI_mal_0541,67.1,172.13,39.94,91.21,75.73,95.49,110.31,56.06,37.38,34.08,21.47,29.94,17.28,13.77,57.99,26.26,81.13,42.77,41.17,21.04,55.98,0.0,0.0
ANSURI_mal_0542,79.1,176.36,42.46,97.85,85.84,98.89,117.44,59.9,39.93,38.84,22.63,30.35,17.94,14.59,60.13,27.63,85.66,41.59,43.61,24.07,57.16,0.0,0.0
ANSURI_mal_0543,90.04,175.78,43.21,105.47,95.04,105.57,123.68,63.37,41.6,39.47,23.8,30.65,18.51,15.35,60.11,26.63,80.29,43.45,42.8,25.83,57.65,0.0,0.0
ANSURI_mal_0544,76.95,175.98,41.35,97.91,82.15,99.94,115.39,59.81,40.59,35.69,21.48,31.37,17.29,14.53,59.45,26.78,85.02,42.09,43.3,24.08,55.31,0.0,0.0
ANSURI_mal_0545,81.21,178.61,41.61,101.3,84.28,99.72,122.39,61.17,40.13,37.33,22.53,30.21,17.16,16.63,59.96,27.07,86.81,41.94,44.8,24.82,56.55,0.0,0.0
ANSURI_mal_0546,68.64,172.61,41.16,97.53,78.02,93.6,114.47,56.84,37.03,33.61,20.19,28.47,16.44,14.35,58.59,27.41,87.54,40.13,45.37,23.96,57.11,0.0,0.0
ANSURI_mal_0547,88.74,184.63,44.31,102.16,85.33,104.73,118.22,61.28,41.58,41.52,23.3,33.24,18.94,15.5,61.52,28.66,89.07,42.52,45.45,24.53,60.58,0.0,0.0
ANSURI_mal_0548,73.02,169.92,41.38,95.26,79.45,97.59,114.7,58.6,40.43,40.35,23.45,28.79,16.83,14.34,59.22,26.39,80.62,39.83,40.56,23.01,58.52,0.0,0.0
ANSURI_mal_0549,76.8,180.62,41.63,98.47,80.89,96.83,115.71,55.92,39.34,36.21,23.56,29.63,17.97,15.08,61.71,28.43,88.95,44.72,46.66,25.23,56.78,0.0,0.0
ANSURI_mal_0550,93.97,183.8,44.04,109.15,89.29,102.95,127.12,63.29,42.12,42.78,23.77,32.38,18.76,16.5,63.28,28.55,87.49,45.92,45.59,25.76,59.2,0.0,0.0
ANSURI_mal_0551,55.01,166.89,36.39,86.37,71.51,85.76,101.71,53.08,32.42,32.88,19.8,28.05,16.17,13.7,55.83,26.5,85.71,37.53,43.79,20.5,54.11,0.0,0.0
ANSURI_mal_0552,85.02,171.81,44.03,100.83,85.21,106.92,121.74,65.97,42.58,39.29,22.4,32.92,18.55,14.21,60.48,27.18,80.98,42.33,42.26,23.54,59.5,0.0,0.0
ANSURI_mal_0553,71.85,174.59,39.75,95.44,82.45,96.24,115.32,56.34,37.61,37.97,20.57,29.3,16.47,16.36,57.06,25.14,85.4,41.19,43.82,23.26,55.95,0.0,0.0
ANSURI_mal_0554,75.01,180.16,39.56,97.17,79.69,97.06,117.27,56.77,37.7,36.18,22.1,29.78,18.27,15.45,65.34,30.02,91.07,42.44,46.8,23.06,56.02,0.0,0.0
ANSURI_mal_0555,95.59,177.67,43.06,108.86,98.28,108.96,121.97,68.33,43.83,40.35,23.34,31.46,18.07,14.8,59.03,27.75,82.76,43.56,43.18,26.41,56.66,0.0,0.0
ANSURI_mal_0556,69.63,169.74,40.58,92.61,80.31,94.68,113.13,56.43,38.87,38.84,22.84,29.58,17.92,15.04,58.75,26.24,83.45,41.53,42.96,22.42,55.22,0.0,0.0
ANSURI_mal_0557,81.02,178.74,41.97,101.03,85.02,97.98,121.78,61.39,39.5,40.02,22.47,30.91,17.68,15.34,62.01,27.92,89.03,41.1,44.9,23.2,56.46,0.0,0.0
ANSURI_mal_0558,76.09,169.24,40.75,93.16,83.64,101.77,114.89,62.98,40.58,39.73,23.42,31.02,18.01,15.35,55.66,25.51,79.43,41.26,40.7,22.74,56.38,0.0,0.0
ANSURI_mal_0559,62.14,170.97,38.87,84.9,74.87,91.67,109.25,53.73,35.04,35.29,22.35,27.57,16.85,15.13,59.76,27.97,81.12,40.19,40.93,19.21,53.88,0.0,0.0
ANSURI_mal_0560,78.59,181.78,40.91,94.88,84.57,100.36,114.37,57.97,39.98,37.23,21.97,29.76,17.63,14.83,61.55,27.15,87.21,40.4,43.73,23.18,57.05,0.0,0.0
ANSURI_mal_0561,76.8,178.96,40.06,99.18,85.67,96.46,116.53,57.81,38.57,36.24,22.14,28.95,17.98,16.37,61.5,28.88,87.66,43.76,43.54,23.7,56.54,0.0,0.0
ANSURI_mal_0562,68.52,177.61,39.96,92.0,75.91,92.57,114.35,56.51,34.6,35.96,20.14,28.39,16.76,14.61,63.0,28.54,88.56,39.11,43.94,22.2,58.08,0.0,0.0
ANSURI_mal_0563,63.63,171.64,38.6,90.97,76.66,88.95,109.32,54.33,36.89,33.43,21.39,29.82,17.53,14.44,56.8,26.49,83.33,41.45,43.35,20.43,56.81,0.0,0.0
ANSURI_mal_0564,67.14,164.9,39.12,90.81,80.85,95.47,111.79,58.15,37.06,37.6,22.32,29.54,17.19,14.85,56.59,26.14,77.83,39.9,41.41,21.76,54.85,0.0,0.0
ANSURI_mal_0565,83.62,171.66,42.21,102.1,87.95,103.64,122.2,65.51,41.7,40.19,22.56,30.31,17.66,14.36,59.38,25.9,82.21,39.93,42.23,24.94,56.45,0.0,0.0
ANSURI_mal_0566,67.54,176.63,38.3,90.19,79.33,93.67,109.38,54.89,37.22,36.49,21.27,27.31,16.3,14.71,59.68,27.91,86.03,41.14,43.11,20.89,56.88,0.0,0.0
ANSURI_mal_0567,55.43,160.17,38.1,83.96,71.66,86.99,106.54,53.38,34.54,33.3,19.97,28.75,16.07,13.64,53.25,23.93,74.8,38.57,37.27,20.79,54.03,0.0,0.0
ANSURI_mal_0568,71.07,176.55,39.83,95.94,76.49,94.8,115.26,55.38,37.93,37.82,22.37,29.8,16.55,15.58,58.05,26.27,82.92,43.99,40.77,21.41,56.62,0.0,0.0
ANSURI_mal_0569,75.88,178.33,42.14,96.83,81.43,97.07,117.22,58.79,37.34,37.37,20.61,30.57,17.61,13.3,66.88,30.56,90.89,37.75,46.63,23.28,57.38,0.0,0.0
ANSURI_mal_0570,87.75,178.3,41.03,102.28,92.1,107.06,119.37,64.2,42.17,40.09,22.67,28.59,17.18,15.34,60.12,26.67,83.87,43.07,43.98,24.95,56.1,0.0,0.0
ANSURI_mal_0571,85.4,175.01,41.43,99.14,86.21,104.82,116.77,64.92,44.0,42.18,24.34,31.51,17.74,14.3,59.45,26.55,81.4,43.33,42.27,25.01,57.09,0.0,0.0
ANSURI_mal_0572,80.61,184.22,41.47,98.49,80.41,98.99,114.75,59.78,41.53,38.73,22.95,31.25,17.25,14.54,64.79,30.28,92.57,42.27,47.22,23.03,59.03,0.0,0.0
ANSURI_mal_0573,72.56,162.0,40.46,98.1,92.82,97.99,115.17,58.39,38.51,36.43,21.86,30.24,16.98,14.92,54.14,24.77,74.39,39.7,39.85,24.02,57.3,0.0,0.0
ANSURI_mal_0574,82.75,180.95,41.36,99.02,85.33,101.54,120.06,60.54,39.02,39.96,23.26,29.7,17.97,15.98,62.13,28.31,86.8,43.56,43.65,23.56,58.93,0.0,0.0
ANSURI_mal_0575,62.88,165.41,40.35,89.5,79.48,90.6,110.96,54.41,36.28,34.57,20.72,28.73,17.41,14.45,53.64,24.23,79.06,39.44,40.97,21.81,55.27,0.0,0.0
ANSURI_mal_0576,61.32,172.07,38.18,88.21,74.64,89.68,109.61,50.85,34.01,36.53,20.73,27.58,15.93,15.62,58.72,26.44,82.63,44.05,42.12,20.18,55.13,0.0,0.0
ANSURI_mal_0577,77.57,173.62,42.87,96.78,83.4,99.88,121.41,61.86,41.2,36.25,21.13,30.38,17.37,16.26,60.61,28.31,84.6,40.43,43.49,22.69,55.48,0.0,0.0
ANSURI_mal_0578,67.69,162.59,40.29,96.06,83.04,95.1,114.19,57.8,36.95,36.81,21.49,28.93,16.8,14.76,53.39,23.92,74.11,40.11,38.71,22.2,55.42,0.0,0.0
ANSURI_mal_0579,78.96,179.06,40.9,101.43,84.57,99.58,117.16,59.5,39.1,36.41,21.61,28.78,17.17,15.05,61.27,28.29,86.83,41.81,44.1,24.21,57.61,0.0,0.0
ANSURI_mal_0580,70.41,174.96,38.98,91.22,81.59,97.03,110.34,57.93,37.97,35.08,20.97,28.13,16.62,15.13,58.09,25.71,82.15,40.33,42.72,21.82,56.25,0.0,0.0
ANSURI_mal_0581,89.08,179.63,44.25,106.43,91.86,104.01,126.31,62.29,41.16,38.42,23.05,31.62,18.13,16.88,60.73,27.27,87.56,41.34,43.72,25.81,59.17,0.0,0.0
ANSURI_mal_0582,61.3,169.95,38.15,89.29,74.31,89.2,110.25,53.78,34.74,33.64,20.36,28.18,16.52,15.17,60.48,27.98,84.63,38.12,44.62,21.16,55.96,0.0,0.0
ANSURI_mal_0583,88.67,178.47,43.02,106.97,86.95,102.6,124.03,62.46,41.73,41.11,24.41,34.05,18.85,15.22,62.87,27.3,86.83,44.4,44.14,25.5,57.71,0.0,0.0
ANSURI_mal_0584,76.89,169.3,40.73,103.03,85.66,99.17,121.24,59.9,39.29,37.25,22.01,30.5,16.67,16.22,55.68,25.37,79.71,41.96,41.74,24.86,56.52,0.0,0.0
ANSURI_mal_0585,76.05,174.15,41.46,96.09,84.64,97.81,116.61,58.76,40.27,37.97,22.17,30.44,17.68,14.92,63.4,28.58,86.47,43.18,43.97,22.94,57.54,0.0,0.0
ANSURI_mal_0586,80.34,179.13,42.21,96.8,83.0,101.18,118.59,60.89,40.36,38.11,23.22,29.99,16.9,15.62,63.61,29.06,86.95,39.44,44.74,23.95,55.57,0.0,0.0
ANSURI_mal_0587,89.76,180.32,42.96,102.53,96.99,105.84,121.91,63.53,39.6,39.28,23.7,30.8,17.37,15.22,61.78,27.59,88.1,42.64,45.71,25.73,55.52,0.0,0.0
ANSURI_mal_0588,90.05,181.21,41.82,102.8,100.76,106.96,117.17,64.44,40.43,37.11,22.13,28.94,16.54,15.44,62.04,28.15,87.62,43.19,45.4,26.39,56.28,0.0,0.0
ANSURI_mal_0589,85.62,186.91,43.06,100.35,87.57,101.12,122.05,60.75,39.82,37.64,22.0,31.99,17.74,15.24,64.16,29.87,93.66,41.81,46.84,23.26,57.12,0.0,0.0
ANSURI_mal_0590,79.71,185.16,41.26,99.14,80.4,96.25,116.94,57.48,38.65,39.53,23.18,29.7,17.99,16.54,62.97,28.72,89.67,47.22,46.33,23.8,56.93,0.0,0.0
ANSURI_mal_0591,45.45,156.75,35.62,76.87,65.75,81.38,95.97,48.01,32.7,31.34,19.85,24.14,14.36,13.53,50.55,22.71,72.37,38.05,36.26,17.92,55.81,0.0,0.0
ANSURI_mal_0592,74.55,172.04,40.81,96.06,85.02,99.07,112.48,59.14,41.27,36.62,22.24,29.69,17.29,14.52,58.42,26.35,81.61,40.69,42.8,22.64,55.9,0.0,0.0
ANSURI_mal_0593,75.51,167.87,40.7,104.28,86.11,97.7,119.79,61.16,38.9,35.95,19.89,28.97,16.15,16.51,55.51,25.38,78.38,41.47,40.98,25.62,55.02,0.0,0.0
ANSURI_mal_0594,71.17,183.38,39.44,91.65,79.48,94.56,109.34,54.09,38.34,36.35,22.38,27.44,17.48,14.56,62.87,29.46,90.45,42.33,45.81,21.79,55.14,0.0,0.0
ANSURI_mal_0595,58.55,165.47,37.41,88.3,71.53,88.71,108.57,51.0,36.8,35.2,20.72,28.18,16.53,15.02,56.72,25.77,79.84,40.19,41.52,21.18,55.18,0.0,0.0
ANSURI_mal_0596,66.99,178.7,38.58,90.8,76.26,93.61,110.53,54.82,35.36,35.2,21.31,31.28,16.05,14.69,64.39,28.72,94.37,37.31,47.82,21.17,54.95,0.0,0.0
ANSURI_mal_0597,83.77,179.87,41.25,96.69,93.25,105.3,116.3,62.54,41.13,35.55,21.4,28.02,16.99,15.43,62.2,27.56,84.79,41.73,44.74,23.64,55.87,0.0,0.0
ANSURI_mal_0598,74.82,165.46,42.33,100.42,85.56,96.75,116.44,60.63,41.72,39.05,23.32,30.97,17.42,14.26,56.11,25.46,78.88,39.73,39.56,24.4,55.29,0.0,0.0
ANSURI_mal_0599,77.31,179.94,40.82,98.49,84.15,96.59,113.65,57.04,38.37,37.41,22.25,29.07,17.89,14.98,62.21,28.95,86.41,43.32,45.03,24.95,57.58,0.0,0.0
ANSURI_mal_0600,69.67,180.92,41.14,94.72,75.04,92.29,113.55,52.77,37.3,34.63,21.47,29.83,17.53,14.65,61.25,27.59,87.96,45.53,44.62,22.73,55.61,0.0,0.0
ANSURI_mal_0601,67.63,172.55,38.97,94.09,80.49,92.75,111.05,55.25,36.46,33.73,21.04,28.44,16.72,15.4,59.55,27.68,82.65,41.64,43.13,22.96,55.47,0.0,0.0
ANSURI_mal_0602,74.15,169.47,41.18,97.98,82.03,95.65,117.32,59.76,40.98,39.04,22.06,31.66,17.61,13.99,59.83,26.57,82.7,39.53,40.81,23.4,56.54,0.0,0.0
ANSURI_mal_0603,81.77,179.53,40.71,103.24,87.76,101.33,118.59,61.22,39.08,37.82,21.27,29.86,17.12,15.44,58.26,27.19,88.75,42.32,46.45,24.95,56.31,0.0,0.0
ANSURI_mal_0604,78.95,174.32,42.22,98.58,84.33,100.35,119.18,61.01,39.49,39.39,23.64,29.98,17.36,15.28,57.51,26.64,83.82,42.55,41.7,24.34,55.9,0.0,0.0
ANSURI_mal_0605,81.57,184.91,41.41,97.13,86.34,99.19,114.83,58.78,38.54,40.71,23.31,29.6,17.71,15.25,61.65,27.98,91.25,42.85,46.44,24.1,57.93,0.0,0.0
ANSURI_mal_0606,86.43,182.51,41.9,98.75,88.73,105.12,116.14,61.4,41.75,40.97,24.2,29.03,17.19,15.45,61.62,28.76,86.45,45.51,43.73,24.5,57.9,0.0,0.0
ANSURI_mal_0607,80.45,166.55,42.67,107.9,95.06,99.77,123.8,60.0,38.9,38.55,22.45,29.4,16.85,16.07,56.95,26.22,78.69,40.96,39.72,26.08,55.5,0.0,0.0
ANSURI_mal_0608,56.32,159.26,38.4,85.47,73.58,89.05,106.5,53.87,35.12,34.89,20.09,26.6,15.51,13.15,56.82,26.76,77.05,36.91,40.36,20.2,55.38,0.0,0.0
ANSURI_mal_0609,76.12,165.9,41.57,95.75,84.58,99.53,117.14,62.23,43.49,39.62,23.71,31.24,18.07,14.84,59.95,28.23,79.57,38.56,41.62,23.26,56.48,0.0,0.0
ANSURI_mal_0610,73.39,177.02,40.49,96.45,80.75,96.71,116.31,59.13,35.64,35.24,21.29,29.56,17.64,16.0,58.96,26.43,86.08,43.16,43.35,22.78,55.69,0.0,0.0
ANSURI_mal_0611,80.55,175.33,41.53,102.71,94.06,99.8,115.85,57.86,39.05,37.76,22.75,28.29,17.05,14.28,59.36,26.56,82.99,41.64,42.42,25.05,56.3,0.0,0.0
ANSURI_mal_0612,79.21,183.98,40.6,94.76,81.73,99.05,112.24,58.94,39.91,40.05,23.01,28.8,17.14,14.08,61.63,29.27,88.25,44.85,45.11,22.69,61.17,0.0,0.0
ANSURI_mal_0613,71.1,167.97,40.97,92.36,84.56,97.82,111.5,58.05,38.93,37.72,22.49,28.86,17.6,14.22,58.0,26.03,79.26,40.03,39.64,22.42,57.45,0.0,0.0
ANSURI_mal_0614,64.95,179.66,39.17,90.46,73.69,89.9,107.28,52.19,34.23,35.46,20.31,28.67,16.58,13.92,58.27,26.59,85.54,43.05,43.33,21.55,57.59,0.0,0.0
ANSURI_mal_0615,89.71,170.68,44.42,106.39,97.15,106.09,126.84,63.53,43.12,39.8,22.81,31.11,17.71,15.67,57.35,25.45,76.77,43.14,39.68,26.31,57.31,0.0,0.0
ANSURI_mal_0616,72.34,174.45,40.85,96.22,78.83,99.41,114.02,58.48,38.93,35.37,21.45,29.79,17.11,14.21,60.67,27.61,87.59,38.44,43.07,22.06,56.87,0.0,0.0
ANSURI_mal_0617,80.27,175.15,42.63,101.17,85.81,100.65,118.19,62.15,39.45,36.02,22.16,30.46,17.37,14.45,61.59,27.35,83.49,43.89,42.2,24.19,58.15,0.0,0.0
ANSURI_mal_0618,78.47,169.57,42.17,100.7,88.54,100.67,118.43,61.37,39.62,36.63,22.21,31.17,17.09,14.29,56.95,26.17,78.81,41.64,40.45,24.54,57.41,0.0,0.0
ANSURI_mal_0619,72.97,171.01,40.48,94.99,82.07,98.88,114.48,59.67,39.71,36.42,21.39,29.47,16.26,14.99,62.88,28.74,83.53,40.62,42.74,22.66,56.88,0.0,0.0
ANSURI_mal_0620,92.19,173.33,44.45,107.64,96.45,107.82,128.53,65.73,41.86,39.22,22.48,32.49,17.81,15.5,61.17,27.34,81.02,40.96,42.12,26.52,56.05,0.0,0.0
ANSURI_mal_0621,82.59,173.03,43.33,105.66,96.29,99.42,125.32,59.27,39.23,35.06,20.69,29.59,17.01,15.98,58.64,26.57,81.56,41.21,42.6,25.64,58.18,0.0,0.0
ANSURI_mal_0622,74.11,172.9,40.23,97.62,86.96,98.8,112.48,59.71,39.15,35.04,20.87,26.81,16.15,14.92,57.45,26.65,82.17,42.81,42.76,23.8,56.35,0.0,0.0
ANSURI_mal_0623,69.07,175.88,40.62,90.94,74.97,93.07,114.46,55.14,38.14,35.93,22.0,30.18,18.02,15.39,60.57,28.08,83.3,42.0,42.71,21.05,56.86,0.0,0.0
ANSURI_mal_0624,78.2,179.0,41.57,100.11,82.03,96.68,119.02,57.78,40.41,38.25,22.86,31.0,18.15,15.76,60.16,27.73,85.86,42.31,43.4,22.93,56.23,0.0,0.0
ANSURI_mal_0625,70.78,175.27,40.0,92.0,80.63,94.06,114.05,56.11,38.24,36.61,21.47,29.55,17.4,15.85,61.22,27.72,84.82,43.43,43.68,22.01,56.45,0.0,0.0
ANSURI_mal_0626,62.53,173.76,38.86,86.75,75.25,89.84,108.33,51.63,36.3,36.2,21.54,26.75,16.67,15.03,57.3,24.65,81.38,42.87,41.63,20.34,54.26,0.0,0.0
ANSURI_mal_0627,92.03,180.54,44.28,101.98,91.31,107.98,116.01,67.16,44.35,40.21,23.23,33.5,18.78,13.44,62.81,28.7,87.09,40.38,45.87,25.18,59.14,0.0,0.0
ANSURI_mal_0628,97.1,178.74,46.17,116.61,99.63,103.21,133.91,61.97,40.23,39.36,22.83,31.81,17.95,16.92,56.42,25.16,81.42,45.73,41.31,28.86,60.23,0.0,0.0
ANSURI_mal_0629,74.1,188.78,39.61,91.21,77.13,93.96,111.86,57.42,37.51,37.37,21.86,28.64,17.14,14.81,65.36,30.14,97.19,42.47,48.73,22.2,57.16,0.0,0.0
ANSURI_mal_0630,85.4,186.23,43.35,99.37,83.39,98.11,123.96,59.16,41.18,40.46,24.28,32.22,18.03,16.85,66.11,29.93,91.86,44.02,46.4,23.21,58.81,0.0,0.0
ANSURI_mal_0631,91.3,187.34,43.88,105.93,85.6,104.42,124.46,63.93,40.44,39.33,23.5,33.41,18.1,16.0,61.99,29.12,91.9,41.07,47.05,24.54,60.59,0.0,0.0
ANSURI_mal_0632,66.58,166.62,40.73,95.23,75.78,92.95,118.56,55.58,37.0,36.49,21.09,29.59,16.3,15.67,56.82,26.22,77.96,38.31,38.94,21.82,56.19,0.0,0.0
ANSURI_mal_0633,80.06,165.9,41.2,103.49,91.45,102.18,119.52,62.14,43.12,40.09,23.82,29.53,17.34,15.18,55.7,25.23,77.84,41.39,40.37,24.72,56.74,0.0,0.0
ANSURI_mal_0634,70.09,170.28,40.59,93.25,79.42,96.28,112.32,57.86,38.47,36.85,21.98,30.04,16.42,13.72,57.71,26.06,82.75,40.32,41.57,23.73,56.39,0.0,0.0
ANSURI_mal_0635,99.27,173.01,46.19,118.15,100.23,107.61,135.77,68.11,44.3,37.61,22.62,34.46,18.49,15.51,61.11,26.72,81.02,42.34,41.86,28.16,57.73,0.0,0.0
ANSURI_mal_0636,67.64,179.05,39.5,91.42,77.88,91.47,109.02,52.91,36.21,33.97,21.43,28.69,16.94,15.27,58.61,26.75,84.18,46.65,42.24,22.0,57.31,0.0,0.0
ANSURI_mal_0637,59.25,168.92,39.71,89.59,71.35,86.77,110.87,50.26,36.98,32.81,19.32,27.2,16.48,14.81,61.81,26.96,78.92,41.77,41.31,20.61,55.5,0.0,0.0
ANSURI_mal_0638,69.77,169.23,40.29,95.23,80.46,95.07,115.79,55.85,39.33,36.24,21.5,27.7,17.13,14.59,58.51,25.34,79.94,42.51,40.53,23.23,55.46,0.0,0.0
ANSURI_mal_0639,69.8,179.64,40.31,91.15,77.47,93.78,113.56,53.47,38.08,34.64,20.83,29.36,16.9,15.39,61.87,28.36,85.53,44.34,44.3,21.83,56.27,0.0,0.0
ANSURI_mal_0640,86.91,178.9,41.75,103.17,91.46,103.86,115.56,61.95,41.97,41.11,24.54,30.94,18.19,14.06,59.04,26.75,85.01,41.52,42.96,25.89,56.94,0.0,0.0
ANSURI_mal_0641,69.89,169.67,40.15,95.13,80.81,95.9,112.08,57.92,39.36,36.99,20.78,27.83,16.67,14.24,53.91,24.7,78.95,40.25,41.58,22.71,57.76,0.0,0.0
ANSURI_mal_0642,88.78,180.39,44.48,106.82,88.96,104.15,123.74,62.11,42.16,38.54,22.24,32.25,18.38,14.69,65.65,29.1,89.37,40.88,45.2,25.3,57.99,0.0,0.0
ANSURI_mal_0643,82.85,173.46,42.28,104.16,90.53,102.53,118.96,60.72,41.39,39.19,22.64,30.44,17.94,15.14,58.85,26.33,82.98,42.23,42.4,25.37,57.09,0.0,0.0
ANSURI_mal_0644,74.8,180.12,40.18,94.43,82.1,97.59,113.35,58.88,38.7,36.63,21.36,28.25,16.16,14.85,63.01,29.38,89.36,41.85,46.01,23.07,54.44,0.0,0.0
ANSURI_mal_0645,66.15,178.92,39.32,91.62,75.39,91.03,111.48,52.92,35.09,35.48,20.61,27.96,16.68,15.88,63.21,30.03,89.51,42.05,46.85,21.7,53.67,0.0,0.0
ANSURI_mal_0646,75.75,164.47,41.93,101.88,87.99,99.56,117.34,61.32,40.47,39.14,22.12,30.86,16.82,14.09,55.68,24.14,77.11,38.93,40.08,23.81,56.82,0.0,0.0
ANSURI_mal_0647,72.19,172.38,40.53,96.65,81.14,94.61,113.5,57.12,38.81,39.6,22.04,31.34,17.41,14.36,62.19,28.32,85.95,37.69,44.61,22.59,56.83,0.0,0.0
ANSURI_mal_0648,63.71,166.79,40.31,90.1,74.86,93.18,110.32,57.07,36.45,34.16,20.69,29.53,16.49,14.21,55.31,26.37,79.56,38.6,40.2,21.18,56.77,0.0,0.0
ANSURI_mal_0649,85.01,183.45,42.81,98.66,84.95,103.17,121.92,62.44,38.24,38.12,20.93,34.24,18.25,15.82,61.0,28.22,88.95,40.4,44.69,23.74,58.88,0.0,0.0
ANSURI_mal_0650,82.03,179.78,41.27,98.92,84.65,98.67,119.35,60.08,40.52,41.42,23.89,30.13,18.48,15.36,61.81,27.55,85.17,42.33,43.43,23.21,60.27,0.0,0.0
ANSURI_mal_0651,66.23,177.56,40.34,89.26,72.64,91.41,112.3,53.67,36.46,35.35,22.01,29.62,17.22,14.23,63.89,29.06,88.95,40.32,44.88,20.99,55.11,0.0,0.0
ANSURI_mal_0652,66.25,164.97,38.33,91.7,85.42,93.63,107.3,58.48,37.0,37.43,20.91,25.52,15.89,13.52,57.49,26.66,77.92,38.86,42.82,22.46,55.07,0.0,0.0
ANSURI_mal_0653,75.61,170.68,40.55,98.46,86.47,99.68,118.7,58.78,38.88,38.31,21.99,29.9,16.75,15.77,57.96,25.96,82.38,40.33,41.93,23.9,54.33,0.0,0.0
ANSURI_mal_0654,88.04,176.53,43.2,108.05,99.47,104.29,118.78,60.73,38.99,38.05,22.07,29.99,17.83,15.61,58.15,26.94,82.72,42.97,43.27,27.17,57.29,0.0,0.0
ANSURI_mal_0655,72.85,176.38,39.86,94.29,81.92,96.92,115.36,57.23,39.09,34.3,21.12,29.2,18.26,15.71,59.2,27.98,84.04,44.02,42.22,21.79,55.83,0.0,0.0
ANSURI_mal_0656,61.9,161.06,38.7,85.63,74.53,94.75,107.02,57.45,40.09,36.06,22.2,28.51,16.5,14.69,53.69,24.83,76.72,37.23,38.57,21.45,56.95,0.0,0.0
ANSURI_mal_0657,79.76,168.46,42.67,99.19,90.11,103.23,120.54,62.37,40.57,37.77,22.43,32.66,18.5,15.48,55.94,25.44,81.16,38.05,43.42,24.07,56.51,0.0,0.0
ANSURI_mal_0658,77.56,175.99,42.21,99.55,84.86,96.72,119.56,55.4,38.44,37.36,22.44,29.44,18.65,15.19,58.73,26.32,80.92,45.55,41.84,24.6,56.27,0.0,0.0
ANSURI_mal_0659,107.88,184.68,44.65,113.21,102.98,110.24,127.21,69.07,45.91,43.63,26.49,32.52,19.78,15.17,64.72,29.1,86.63,45.83,45.93,28.29,59.32,0.0,0.0
ANSURI_mal_0660,73.33,173.97,41.92,94.63,83.31,96.8,116.93,56.39,37.8,36.85,21.53,29.01,17.53,15.21,59.21,27.97,82.52,41.35,42.29,22.7,57.52,0.0,0.0
ANSURI_mal_0661,109.56,181.95,46.77,117.64,114.28,112.23,130.17,66.84,43.88,39.72,23.26,29.08,18.06,15.45,63.38,29.01,84.03,46.85,42.59,30.42,58.69,0.0,0.0
ANSURI_mal_0662,62.7,161.2,39.04,90.72,76.69,93.61,108.68,55.08,38.03,36.77,22.63,28.75,16.79,13.55,55.37,24.04,75.35,38.76,36.75,21.66,54.68,0.0,0.0
ANSURI_mal_0663,70.47,172.88,41.14,93.86,78.3,95.2,112.52,56.0,37.98,37.1,22.6,30.93,17.99,14.06,59.12,26.84,82.39,44.45,41.73,21.88,54.87,0.0,0.0
ANSURI_mal_0664,91.98,177.59,43.1,101.71,95.12,110.12,126.22,66.18,41.26,38.95,23.93,31.44,17.69,16.93,60.65,27.35,82.54,43.44,41.95,24.38,58.75,0.0,0.0
ANSURI_mal_0665,95.56,180.59,43.46,108.07,100.35,108.06,125.01,63.74,39.68,40.74,24.18,29.76,18.07,16.14,59.18,26.87,82.62,44.65,43.49,26.71,57.79,0.0,0.0
ANSURI_mal_0666,80.98,172.77,42.84,102.88,90.79,101.97,114.47,61.1,40.95,37.02,22.17,29.74,17.82,13.46,55.67,24.91,80.46,44.37,41.02,25.29,56.7,0.0,0.0
ANSURI_mal_0667,81.58,181.4,41.68,99.94,83.65,100.86,117.73,59.95,40.28,36.62,22.81,30.93,17.76,14.09,58.84,26.57,86.77,44.66,44.08,24.91,55.95,0.0,0.0
ANSURI_mal_0668,97.43,174.13,44.61,111.35,102.7,109.42,128.03,65.08,40.93,42.35,24.4,33.7,18.31,15.4,59.53,26.4,79.63,42.91,41.8,27.16,58.25,0.0,0.0
ANSURI_mal_0669,77.01,170.13,41.25,99.52,85.81,100.82,114.16,59.75,41.0,37.56,22.38,31.15,17.89,14.72,57.28,25.84,80.34,40.73,42.25,25.16,56.25,0.0,0.0
ANSURI_mal_0670,81.02,180.91,42.27,100.47,88.48,99.93,113.15,60.9,39.4,37.16,21.74,30.2,17.02,14.39,61.99,27.41,90.19,43.04,45.85,25.09,56.81,0.0,0.0
ANSURI_mal_0671,71.04,180.9,39.91,94.64,77.83,94.63,113.59,55.84,36.5,33.32,21.36,28.66,17.24,14.78,61.53,27.46,87.18,44.91,43.93,21.6,56.11,0.0,0.0
ANSURI_mal_0672,67.91,168.37,40.67,96.39,78.44,91.39,112.75,56.06,37.77,37.21,22.22,30.05,16.71,13.9,58.46,26.53,81.54,40.41,41.84,23.2,56.22,0.0,0.0
ANSURI_mal_0673,65.83,156.64,39.69,92.83,89.35,97.47,108.41,56.53,38.35,36.37,21.44,27.03,16.97,13.62,55.4,24.82,71.5,37.52,38.69,22.67,55.3,0.0,0.0
ANSURI_mal_0674,96.31,186.25,45.4,106.81,93.03,105.8,128.62,65.43,43.75,40.18,23.19,30.72,18.05,16.27,63.43,28.7,88.3,45.21,44.97,24.24,57.57,0.0,0.0
ANSURI_mal_0675,73.75,180.76,41.47,91.52,74.8,95.59,117.33,55.71,37.76,39.29,23.0,32.25,17.54,15.45,61.21,27.5,88.28,43.09,44.09,21.85,57.58,0.0,0.0
ANSURI_mal_0676,70.71,159.84,40.91,98.39,89.64,97.76,116.12,58.37,39.71,36.73,21.6,28.94,16.77,14.23,56.57,24.54,75.65,37.89,39.53,24.05,55.25,0.0,0.0
ANSURI_mal_0677,94.75,176.55,44.2,111.73,99.64,106.94,122.2,64.22,42.37,40.98,24.44,32.38,18.16,15.19,59.04,27.42,82.27,42.23,42.24,27.66,57.93,0.0,0.0
ANSURI_mal_0678,79.23,172.5,40.91,96.45,85.2,101.71,117.37,64.19,42.26,39.4,22.31,29.16,17.64,14.49,61.68,27.52,84.59,38.92,43.45,23.69,55.84,0.0,0.0
ANSURI_mal_0679,85.31,176.43,42.15,103.84,90.85,102.54,120.49,62.87,41.47,39.33,22.73,29.84,17.54,15.62,60.26,27.05,83.79,42.66,44.1,25.49,55.59,0.0,0.0
ANSURI_mal_0680,61.31,167.55,39.36,90.77,76.74,88.44,107.0,52.66,35.53,34.97,19.86,27.83,16.74,13.37,56.03,24.51,80.77,40.31,41.42,22.7,54.67,0.0,0.0
ANSURI_mal_0681,78.64,183.79,41.87,96.14,82.32,97.17,119.37,57.83,39.72,37.72,22.31,30.14,17.87,15.08,60.67,27.69,89.27,42.1,44.6,22.12,57.14,0.0,0.0
ANSURI_mal_0682,87.46,175.15,42.87,104.96,89.88,100.47,127.53,61.95,41.46,41.11,23.67,33.75,18.56,15.84,63.17,27.28,84.04,42.72,41.82,26.08,58.29,0.0,0.0
ANSURI_mal_0683,71.7,175.69,41.25,95.28,80.94,92.71,115.09,54.95,36.91,38.23,22.04,30.3,18.36,15.9,57.79,27.54,84.1,42.81,43.58,22.35,56.33,0.0,0.0
ANSURI_mal_0684,79.76,182.22,42.17,98.87,80.83,99.85,120.74,60.16,37.08,38.73,22.4,30.05,16.85,15.09,67.46,29.83,94.69,40.02,48.16,23.76,56.75,0.0,0.0
ANSURI_mal_0685,86.32,176.82,41.11,105.63,94.03,103.75,123.1,61.53,40.83,38.23,21.45,32.04,17.09,15.35,61.97,26.43,85.09,41.73,42.97,24.86,57.56,0.0,0.0
ANSURI_mal_0686,82.62,179.47,42.3,102.21,85.65,100.93,119.54,60.27,41.27,37.79,22.22,30.51,18.34,14.53,61.66,27.91,87.16,42.5,45.78,24.33,57.59,0.0,0.0
ANSURI_mal_0687,70.27,172.19,39.54,91.55,78.08,97.42,114.7,57.54,38.01,36.48,20.23,30.44,17.39,15.59,59.72,27.33,82.05,41.22,42.55,21.47,57.37,0.0,0.0
ANSURI_mal_0688,84.95,182.65,42.2,100.08,85.97,102.89,118.65,62.74,42.21,39.04,22.3,29.77,17.35,15.28,63.74,29.59,89.02,42.31,46.48,23.17,58.54,0.0,0.0
ANSURI_mal_0689,80.42,187.54,40.62,97.54,88.57,98.61,114.14,56.2,38.6,34.9,21.15,28.62,17.33,15.83,65.32,28.84,90.85,47.53,45.71,23.99,56.66,0.0,0.0
ANSURI_mal_0690,91.76,180.68,44.23,105.59,88.9,104.03,128.36,65.35,42.75,41.03,23.44,32.95,18.21,16.0,60.82,26.95,87.99,40.47,44.91,25.76,59.76,0.0,0.0
ANSURI_mal_0691,70.78,164.56,40.32,96.17,79.23,97.66,119.82,60.29,37.26,37.57,21.44,31.4,17.08,16.03,58.6,27.51,78.42,38.32,40.54,22.48,56.35,0.0,0.0
ANSURI_mal_0692,82.21,176.36,41.28,96.87,86.17,103.94,117.7,64.76,44.08,40.2,22.22,29.56,16.56,15.04,65.11,29.59,92.0,38.57,47.34,23.32,54.84,0.0,0.0
ANSURI_mal_0693,67.04,168.49,40.69,93.48,77.31,93.89,113.84,56.94,38.67,36.96,21.9,29.54,16.54,14.57,56.99,25.88,84.98,38.78,43.23,21.56,56.16,0.0,0.0
ANSURI_mal_0694,84.93,177.43,42.83,104.19,91.26,104.66,119.83,64.13,39.89,34.84,20.25,30.0,16.22,13.83,62.25,27.3,85.88,42.73,45.06,25.34,58.25,0.0,0.0
ANSURI_mal_0695,76.67,186.07,41.49,97.16,83.65,94.8,116.52,54.83,36.71,33.6,21.45,30.07,17.82,15.15,63.72,29.02,91.01,44.94,46.16,23.91,55.15,0.0,0.0
ANSURI_mal_0696,84.11,182.71,41.44,97.71,84.88,99.41,120.99,60.26,41.44,41.67,24.04,31.53,18.57,16.29,62.17,28.63,87.03,45.19,43.55,22.73,58.97,0.0,0.0
ANSURI_mal_0697,79.24,179.77,42.91,98.75,83.73,99.67,118.21,58.33,39.37,36.74,21.89,30.07,16.92,14.95,60.08,27.53,86.49,42.28,44.9,24.29,58.58,0.0,0.0
ANSURI_mal_0698,77.82,185.44,39.6,93.5,82.25,98.49,117.83,57.45,40.83,37.24,22.16,28.27,17.5,17.08,65.4,30.45,93.61,43.97,49.11,21.97,55.49,0.0,0.0
ANSURI_mal_0699,83.85,172.34,42.09,106.14,91.7,100.25,123.75,61.33,41.54,41.44,23.55,28.96,17.9,16.29,58.38,25.99,82.29,41.1,41.66,26.11,56.15,0.0,0.0
ANSURI_mal_0700,79.59,173.6,42.0,102.02,86.23,100.26,120.22,59.89,39.15,37.92,22.76,29.91,17.62,14.95,59.81,27.01,82.27,43.18,42.36,24.31,57.17,0.0,0.0
ANSURI_mal_0701,65.09,168.91,39.46,93.42,79.63,91.83,110.43,53.77,36.19,35.48,21.18,29.21,16.99,14.04,59.37,26.05,83.41,39.89,42.15,22.03,56.3,0.0,0.0
ANSURI_mal_0702,69.44,176.81,39.21,94.38,80.88,93.21,112.2,53.07,37.3,35.23,20.21,29.15,16.96,14.98,57.23,26.45,84.07,44.38,43.38,22.51,57.39,0.0,0.0
ANSURI_mal_0703,74.54,164.91,43.13,100.62,81.94,98.17,122.01,60.34,39.96,38.45,22.38,32.54,17.13,14.82,55.54,25.9,78.27,40.06,39.8,23.61,55.77,0.0,0.0
ANSURI_mal_0704,97.74,182.08,42.6,106.39,97.26,109.14,125.07,68.16,43.97,40.46,24.36,32.41,18.68,16.61,59.44,27.12,83.96,45.43,42.45,24.93,60.0,0.0,0.0
ANSURI_mal_0705,104.62,179.69,44.65,117.45,107.64,111.54,129.8,67.41,43.03,40.49,23.66,32.9,18.35,15.73,59.74,26.42,83.79,43.22,42.27,27.96,58.34,0.0,0.0
ANSURI_mal_0706,85.89,177.88,42.18,102.5,92.48,104.11,115.55,62.38,42.3,40.11,22.67,29.35,17.97,14.17,60.97,26.85,86.02,41.25,44.06,25.99,58.18,0.0,0.0
ANSURI_mal_0707,58.98,173.35,38.28,82.06,74.45,90.37,103.32,53.98,35.44,32.05,19.87,27.26,16.04,14.12,58.93,27.56,89.25,38.31,44.73,19.53,54.44,0.0,0.0
ANSURI_mal_0708,79.76,188.17,40.34,94.11,77.87,101.48,116.92,57.7,40.7,38.04,22.61,30.11,17.17,16.44,62.33,28.51,90.69,45.65,45.69,21.5,58.73,0.0,0.0
ANSURI_mal_0709,73.43,179.75,40.46,92.6,77.2,98.93,119.82,57.49,36.96,32.59,20.08,28.86,16.76,16.15,63.66,27.72,85.4,44.31,44.26,22.19,56.21,0.0,0.0
ANSURI_mal_0710,82.44,181.2,41.35,100.14,87.21,101.45,117.76,60.91,39.34,38.65,21.97,29.38,17.47,14.37,61.0,27.57,86.9,43.82,44.97,23.6,57.28,0.0,0.0
ANSURI_mal_0711,65.5,172.91,40.15,89.8,76.08,91.34,112.67,54.31,36.04,36.64,22.03,26.72,16.27,15.13,56.54,25.31,81.1,43.27,40.49,21.12,57.18,0.0,0.0
ANSURI_mal_0712,91.28,188.72,42.16,104.3,97.0,99.65,120.09,58.73,40.08,39.8,23.68,29.35,18.08,16.54,63.73,29.07,87.3,47.18,45.23,25.1,57.63,0.0,0.0
ANSURI_mal_0713,76.13,176.72,42.62,100.48,86.3,98.66,115.31,57.68,37.3,32.9,19.64,31.49,16.88,14.46,60.74,27.01,88.35,40.67,46.48,25.93,57.97,0.0,0.0
ANSURI_mal_0714,60.53,176.81,38.5,86.27,70.71,87.26,107.09,50.58,34.77,35.65,21.91,27.45,15.97,14.08,59.47,26.54,83.79,42.44,41.84,19.96,56.47,0.0,0.0
ANSURI_mal_0715,77.61,170.47,41.94,101.72,82.59,97.59,119.42,59.47,40.55,39.36,22.23,30.78,17.71,14.74,58.94,25.36,79.13,43.15,41.18,25.03,58.72,0.0,0.0
ANSURI_mal_0716,90.86,177.3,41.64,103.0,94.32,107.13,123.29,67.18,44.56,40.51,22.47,30.93,17.3,16.05,58.78,26.31,84.44,42.01,43.07,25.45,57.37,0.0,0.0
ANSURI_mal_0717,59.58,167.66,39.09,90.81,69.68,87.15,111.49,52.12,37.37,31.95,19.81,30.0,16.34,14.72,59.22,25.19,82.35,39.11,41.7,21.55,53.83,0.0,0.0
ANSURI_mal_0718,80.57,185.45,42.33,100.28,79.18,96.5,119.99,55.78,37.73,37.23,22.47,32.9,18.7,15.19,64.31,29.2,88.05,47.25,45.05,24.13,57.32,0.0,0.0
ANSURI_mal_0719,90.49,176.02,44.34,104.35,92.48,105.73,125.47,64.72,43.87,42.22,24.41,30.19,17.96,15.28,59.82,26.56,82.92,42.62,42.37,25.08,59.01,0.0,0.0
ANSURI_mal_0720,73.33,178.03,40.66,90.19,79.08,98.5,115.7,59.94,38.6,38.3,21.74,28.28,16.16,16.04,61.58,29.0,89.58,38.72,45.56,21.6,56.01,0.0,0.0
ANSURI_mal_0721,78.94,180.88,41.35,97.58,86.15,98.83,116.06,58.97,38.35,37.62,21.82,30.03,16.83,14.53,61.91,27.88,87.67,42.83,45.63,23.25,55.08,0.0,0.0
ANSURI_mal_0722,72.19,178.79,41.62,95.12,77.87,92.56,115.77,53.75,36.07,39.21,23.12,31.22,17.63,14.83,61.04,27.64,87.78,42.25,43.54,23.05,56.64,0.0,0.0
ANSURI_mal_0723,106.13,180.16,44.1,110.4,100.48,113.02,128.35,72.01,47.29,46.29,24.15,32.91,18.64,14.88,61.7,26.06,83.09,42.93,43.01,27.19,58.54,0.0,0.0
ANSURI_mal_0724,66.46,173.43,38.36,91.52,80.58,94.55,111.11,53.4,37.36,33.08,20.58,26.41,16.15,15.85,57.17,26.03,81.11,43.64,41.95,21.65,55.18,0.0,0.0
ANSURI_mal_0725,94.55,180.22,43.68,109.35,96.25,103.6,125.43,65.2,42.91,40.14,23.16,31.29,17.73,15.68,64.84,28.82,85.1,43.45,44.51,27.5,56.86,0.0,0.0
ANSURI_mal_0726,96.76,177.64,42.92,104.07,96.64,111.94,127.81,69.28,43.79,42.1,24.09,33.33,18.2,16.1,61.77,29.15,86.27,42.04,45.28,24.86,58.24,0.0,0.0
ANSURI_mal_0727,73.54,176.07,41.16,98.16,77.13,92.7,119.77,56.54,37.56,38.93,22.65,31.91,17.24,15.11,62.32,27.87,86.86,42.12,44.09,23.04,55.81,0.0,0.0
ANSURI_mal_0728,65.38,168.48,38.75,91.78,78.54,93.17,108.18,56.1,38.41,34.24,21.18,28.63,16.71,14.94,56.1,25.36,79.68,40.63,40.28,22.31,55.64,0.0,0.0
ANSURI_mal_0729,91.06,175.32,44.28,106.84,89.26,106.35,127.81,64.75,43.37,42.38,23.49,33.47,18.18,15.87,60.75,27.83,84.61,39.77,42.87,26.45,58.26,0.0,0.0
ANSURI_mal_0730,70.2,167.16,41.82,94.86,82.25,96.0,113.38,56.6,38.93,37.08,21.47,30.2,17.39,14.44,54.49,24.59,78.02,39.61,40.44,23.96,55.47,0.0,0.0
ANSURI_mal_0731,99.91,172.41,44.54,114.24,101.67,112.63,130.38,72.01,43.15,40.16,23.72,32.18,18.18,16.43,58.6,26.1,79.87,41.6,42.99,28.06,56.35,0.0,0.0
ANSURI_mal_0732,71.61,171.41,39.77,96.69,83.16,95.42,112.45,55.49,37.21,39.12,22.65,29.32,17.76,13.95,58.31,25.95,81.23,42.6,41.49,22.89,55.22,0.0,0.0
ANSURI_mal_0733,88.25,178.73,43.2,105.11,94.45,102.01,123.55,63.61,39.71,39.27,22.65,29.94,17.45,15.69,61.59,28.15,84.67,40.92,43.1,25.98,57.41,0.0,0.0
ANSURI_mal_0734,68.91,171.54,39.79,92.69,74.7,95.83,111.81,57.63,39.86,36.59,22.34,29.81,17.64,14.61,59.09,26.99,86.15,40.48,44.38,22.94,54.67,0.0,0.0
ANSURI_mal_0735,72.12,175.76,39.23,95.17,82.3,96.44,113.29,56.83,39.48,35.41,21.8,27.85,17.58,15.14,59.74,26.94,84.53,40.89,44.02,22.16,55.42,0.0,0.0
ANSURI_mal_0736,69.76,175.98,38.85,90.5,76.41,95.91,110.82,58.09,38.47,36.44,24.11,27.57,17.32,14.09,59.91,26.83,85.5,40.96,42.77,21.46,55.72,0.0,0.0
ANSURI_mal_0737,61.55,174.44,37.79,85.33,71.53,89.67,107.62,53.32,35.32,36.38,20.9,28.48,16.37,14.9,62.23,28.5,91.31,37.7,45.22,21.05,56.52,0.0,0.0
ANSURI_mal_0738,68.88,165.89,40.41,93.25,78.55,96.1,115.4,57.95,40.47,38.24,21.74,29.47,16.21,15.85,56.16,25.92,78.53,39.89,39.81,21.99,57.44,0.0,0.0
ANSURI_mal_0739,78.17,169.96,43.1,100.7,86.8,98.0,123.97,58.97,39.49,39.09,22.04,32.17,17.49,16.45,60.61,27.24,82.51,40.06,41.55,24.68,55.41,0.0,0.0
ANSURI_mal_0740,98.61,177.37,44.75,109.39,99.67,110.59,127.62,68.95,44.79,40.89,23.54,31.98,19.23,16.05,62.24,28.59,86.38,42.42,43.59,27.43,57.67,0.0,0.0
ANSURI_mal_0741,75.35,165.72,42.65,97.29,87.37,98.74,120.71,60.42,38.69,37.61,21.71,29.64,17.46,15.13,58.89,27.16,77.36,38.48,40.88,24.59,57.47,0.0,0.0
ANSURI_mal_0742,70.21,190.07,40.91,89.51,72.67,91.68,112.26,53.95,36.87,34.82,22.02,27.59,17.3,13.8,66.88,31.24,96.8,44.09,49.04,20.91,58.51,0.0,0.0
ANSURI_mal_0743,69.29,174.4,41.04,94.95,77.72,93.77,113.29,53.46,37.43,37.55,22.33,29.63,17.22,14.37,58.98,26.53,83.47,42.28,43.08,21.63,56.33,0.0,0.0
ANSURI_mal_0744,82.23,170.27,43.07,103.1,87.99,102.2,120.23,62.64,40.7,39.37,22.92,30.31,18.2,14.78,59.39,27.07,78.67,42.97,41.1,25.68,57.15,0.0,0.0
ANSURI_mal_0745,90.48,182.64,43.03,100.88,89.68,105.82,122.32,65.05,43.24,41.32,23.11,33.22,17.71,17.04,60.47,28.62,90.63,41.81,46.12,24.84,57.83,0.0,0.0
ANSURI_mal_0746,78.71,177.89,41.2,98.92,88.78,97.43,115.49,57.98,39.57,39.07,22.61,29.55,17.38,14.34,59.49,27.63,86.73,42.92,44.69,24.29,56.98,0.0,0.0
ANSURI_mal_0747,86.47,181.12,42.42,104.09,86.93,100.99,122.97,62.17,40.06,41.79,22.82,32.81,18.28,15.07,64.6,29.85,90.18,41.45,45.77,23.8,57.34,0.0,0.0
ANSURI_mal_0748,69.23,169.25,39.8,96.29,80.11,94.0,116.89,56.23,37.65,37.37,23.58,28.16,17.28,15.73,55.2,25.65,79.55,40.69,39.8,21.55,57.4,0.0,0.0
ANSURI_mal_0749,99.8,178.94,44.02,110.04,100.48,110.79,124.99,67.65,43.43,43.07,24.53,32.58,18.97,15.05,62.06,26.97,85.11,42.03,43.12,27.58,56.86,0.0,0.0
ANSURI_mal_0750,89.63,172.58,43.74,107.4,97.69,104.13,126.3,66.31,42.33,39.69,22.92,30.5,17.78,15.18,56.87,25.07,80.47,42.54,40.82,25.65,56.04,0.0,0.0
ANSURI_mal_0751,72.0,169.52,42.25,99.2,80.63,96.55,120.57,56.5,37.56,35.25,21.19,30.47,17.18,15.89,57.61,24.99,81.33,41.6,41.25,23.44,57.21,0.0,0.0
ANSURI_mal_0752,65.83,172.61,39.86,99.7,74.14,87.93,114.65,50.3,35.25,35.83,21.5,28.5,16.98,15.09,57.06,25.43,82.68,45.6,41.84,24.23,56.84,0.0,0.0
ANSURI_mal_0753,79.47,176.09,41.04,98.96,84.87,101.63,120.16,61.92,40.07,37.47,21.88,30.17,17.75,15.34,60.3,28.32,85.75,40.67,44.56,22.34,56.9,0.0,0.0
ANSURI_mal_0754,96.35,187.49,42.88,105.66,98.0,108.76,118.37,66.33,41.5,39.51,23.35,30.54,18.16,15.28,64.99,29.62,93.02,41.74,47.46,27.26,57.7,0.0,0.0
ANSURI_mal_0755,76.0,181.43,42.71,94.41,82.48,98.24,113.39,60.17,37.2,36.1,20.47,30.17,16.53,14.54,59.29,27.37,89.69,41.76,45.44,22.87,56.97,0.0,0.0
ANSURI_mal_0756,69.1,165.6,41.77,94.12,85.98,94.52,114.98,57.58,36.85,37.11,19.75,27.78,16.5,14.96,56.81,26.63,78.55,38.9,42.09,23.54,55.79,0.0,0.0
ANSURI_mal_0757,75.37,174.71,40.46,97.13,83.11,100.91,116.22,61.15,38.84,35.94,20.66,29.4,15.69,13.71,58.92,26.6,86.88,38.94,44.2,23.27,57.04,0.0,0.0
ANSURI_mal_0758,74.37,185.69,39.98,88.61,75.74,96.06,114.23,57.83,37.04,37.99,22.91,31.04,17.94,16.47,65.02,29.27,93.65,44.51,48.2,21.34,55.9,0.0,0.0
ANSURI_mal_0759,87.9,177.0,42.07,101.07,89.57,105.94,120.57,65.34,40.94,42.76,23.24,32.25,17.68,14.35,62.08,28.64,86.19,40.82,45.22,25.08,57.31,0.0,0.0
ANSURI_mal_0760,74.4,176.2,41.15,92.12,79.87,97.2,114.61,58.81,38.41,38.65,22.88,28.17,17.88,15.23,59.6,27.13,79.81,43.74,43.66,22.05,57.18,0.0,0.0
ANSURI_mal_0761,100.59,191.13,44.57,107.32,94.51,108.17,127.93,65.31,42.49,41.18,23.67,32.4,20.06,16.94,67.52,30.55,94.16,44.06,47.92,24.78,59.0,0.0,0.0
ANSURI_mal_0762,64.08,173.78,39.81,91.63,75.55,91.1,109.44,53.23,35.89,32.75,20.71,29.12,16.02,13.95,55.71,25.13,83.84,40.82,43.47,21.61,57.24,0.0,0.0
ANSURI_mal_0763,81.2,167.15,44.84,102.45,92.06,99.59,116.66,61.01,43.3,40.63,23.1,31.21,18.33,13.81,59.23,25.65,76.81,40.52,39.99,25.18,58.66,0.0,0.0
ANSURI_mal_0764,90.83,188.25,43.28,101.89,89.02,105.15,121.89,61.63,41.36,40.13,23.21,31.74,18.66,14.68,63.96,29.62,90.76,45.8,45.74,22.94,58.84,0.0,0.0
ANSURI_mal_0765,72.56,171.39,41.04,96.54,80.24,95.67,115.34,58.8,40.26,37.78,21.11,29.74,16.9,15.54,57.1,24.92,79.86,41.55,40.65,22.8,57.23,0.0,0.0
ANSURI_mal_0766,69.03,172.46,40.65,90.21,73.44,92.94,114.13,57.01,38.75,38.58,23.84,31.69,17.82,15.92,58.01,27.45,83.86,41.36,43.65,21.46,57.26,0.0,0.0
ANSURI_mal_0767,69.8,179.36,38.26,89.35,81.91,96.13,107.02,57.37,37.11,36.22,21.5,25.89,16.54,13.83,63.03,28.26,89.52,40.83,45.44,21.5,55.06,0.0,0.0
ANSURI_mal_0768,74.68,175.18,40.6,92.65,82.19,97.64,112.27,59.21,41.05,40.31,24.07,28.44,17.18,15.06,60.54,27.99,84.79,40.78,42.06,22.32,55.83,0.0,0.0
ANSURI_mal_0769,63.33,170.27,39.68,96.47,74.37,87.87,115.85,52.03,35.31,32.73,19.85,28.67,16.49,16.09,58.7,26.25,83.16,41.42,41.89,22.56,56.85,0.0,0.0
ANSURI_mal_0770,76.29,167.68,41.76,102.88,89.52,99.17,119.38,60.81,38.75,35.5,20.41,30.03,17.2,15.46,55.52,25.3,79.1,41.15,40.69,24.36,57.64,0.0,0.0
ANSURI_mal_0771,74.4,169.83,40.45,97.05,86.93,98.73,110.58,62.11,39.67,38.74,21.64,28.98,16.64,13.16,58.39,25.72,83.39,38.6,43.86,23.66,56.23,0.0,0.0
ANSURI_mal_0772,67.07,169.46,39.01,95.7,80.43,92.38,112.42,53.66,35.94,35.56,20.43,29.92,17.1,14.85,58.63,25.94,81.67,41.57,42.11,23.6,56.75,0.0,0.0
ANSURI_mal_0773,63.58,164.42,38.58,92.69,76.27,91.15,112.52,55.81,38.05,39.04,20.66,28.06,15.26,14.68,57.9,26.05,81.39,38.1,41.74,21.71,54.29,0.0,0.0
ANSURI_mal_0774,54.3,159.05,38.57,86.69,75.1,87.89,103.55,50.08,32.92,32.12,19.39,26.75,16.32,14.3,51.67,24.54,74.32,39.74,39.31,20.98,54.66,0.0,0.0
ANSURI_mal_0775,57.35,169.5,37.84,90.66,71.04,85.1,109.37,49.86,33.42,31.57,19.13,27.98,17.55,14.02,61.05,27.2,86.15,40.92,44.77,21.21,53.67,0.0,0.0
ANSURI_mal_0776,79.41,178.69,40.5,97.48,85.04,98.48,116.09,59.83,40.49,38.9,23.15,30.67,17.85,14.52,61.36,27.73,86.63,43.65,43.62,23.85,55.74,0.0,0.0
ANSURI_mal_0777,63.3,175.74,39.65,89.02,74.67,90.08,112.92,51.08,34.99,34.34,20.8,28.41,16.71,16.07,59.58,26.93,85.13,42.51,43.44,20.42,55.82,0.0,0.0
ANSURI_mal_0778,89.02,172.26,43.1,112.86,93.65,107.09,121.37,66.33,41.72,37.82,20.24,31.42,16.67,14.69,58.9,26.66,82.19,41.29,43.09,28.33,55.15,0.0,0.0
ANSURI_mal_0779,66.24,170.98,39.29,90.59,74.21,93.71,111.68,56.88,37.11,36.68,20.95,29.28,16.71,16.47,60.85,28.27,85.86,39.29,44.25,22.47,55.83,0.0,0.0
ANSURI_mal_0780,67.87,171.52,40.22,93.56,78.13,94.09,109.65,55.09,38.33,36.88,21.53,29.86,16.83,13.55,56.24,25.29,83.11,42.03,41.73,22.78,55.5,0.0,0.0
ANSURI_mal_0781,99.8,194.06,43.5,105.21,92.26,107.76,123.24,66.12,43.02,38.94,24.12,33.32,18.37,15.77,65.94,29.9,95.2,44.56,49.39,26.2,58.61,0.0,0.0
ANSURI_mal_0782,66.84,166.91,38.95,92.7,78.63,95.44,112.96,57.01,39.08,36.8,21.99,29.09,16.34,14.98,56.17,25.83,81.82,37.99,40.67,21.84,54.94,0.0,0.0
ANSURI_mal_0783,74.88,176.31,39.91,102.6,78.28,94.8,118.42,58.53,37.98,37.34,20.9,30.05,17.18,15.15,60.92,26.71,86.33,42.67,44.59,23.99,58.02,0.0,0.0
ANSURI_mal_0784,69.5,173.95,40.74,94.19,78.45,93.84,115.42,54.74,36.81,38.7,21.9,27.82,16.15,15.07,58.74,25.43,82.75,41.52,41.6,21.62,58.2,0.0,0.0
ANSURI_mal_0785,74.27,186.41,40.6,90.89,80.25,95.28,113.19,55.17,37.58,35.98,21.77,29.11,17.44,14.58,66.84,29.51,92.76,44.22,47.73,22.22,55.7,0.0,0.0
ANSURI_mal_0786,98.48,186.79,42.62,110.93,99.28,106.74,123.22,63.47,41.94,40.19,24.23,31.74,18.19,15.48,64.44,29.21,90.1,44.46,45.69,27.53,58.32,0.0,0.0
ANSURI_mal_0787,84.92,179.06,42.91,101.8,84.08,101.06,120.51,62.83,42.73,39.15,24.41,32.94,18.84,13.63,61.99,27.39,88.2,42.9,44.65,24.23,58.58,0.0,0.0
ANSURI_mal_0788,95.36,187.51,42.05,98.4,96.45,111.29,116.85,65.19,43.92,40.91,23.43,29.95,18.18,14.33,64.97,29.87,90.74,44.34,44.9,24.94,55.65,0.0,0.0
ANSURI_mal_0789,68.93,162.52,41.61,100.81,80.62,93.44,117.7,54.86,37.56,37.66,23.01,29.6,16.21,14.79,55.55,24.99,75.25,39.8,38.11,24.73,57.04,0.0,0.0
ANSURI_mal_0790,73.68,170.96,38.87,99.48,83.93,97.87,116.05,60.96,38.95,35.83,21.84,29.02,16.67,14.77,57.57,25.6,83.28,40.61,42.06,23.52,54.69,0.0,0.0
ANSURI_mal_0791,67.29,167.55,41.42,95.23,75.95,93.0,117.35,56.38,37.88,36.21,20.01,31.13,16.36,14.6,56.35,25.34,82.8,38.31,42.11,23.02,56.82,0.0,0.0
ANSURI_mal_0792,74.05,173.63,39.71,96.05,81.28,96.03,116.26,60.2,38.79,39.19,22.04,30.17,16.68,15.58,59.53,28.23,84.67,39.21,43.54,22.63,58.48,0.0,0.0
ANSURI_mal_0793,78.42,169.21,39.74,99.89,95.77,100.94,115.28,59.78,39.4,38.41,22.46,29.25,16.63,14.88,59.01,27.29,80.15,41.79,42.12,24.38,56.44,0.0,0.0
ANSURI_mal_0794,82.28,177.14,42.42,100.55,87.96,100.62,118.84,60.88,40.94,39.75,21.64,31.72,17.65,14.38,59.94,26.33,85.54,42.27,43.59,24.39,57.17,0.0,0.0
ANSURI_mal_0795,91.28,179.71,42.19,103.82,96.45,105.75,122.58,65.18,41.0,41.52,23.05,30.5,17.69,15.15,60.93,27.49,85.11,43.17,41.83,24.72,59.76,0.0,0.0
ANSURI_mal_0796,85.94,179.77,40.93,103.79,94.5,101.25,119.7,61.11,40.71,39.58,22.6,28.59,18.12,15.86,60.88,27.95,87.27,44.69,43.3,25.84,57.55,0.0,0.0
ANSURI_mal_0797,75.58,174.84,41.55,99.38,83.0,97.52,117.49,58.18,39.85,36.1,21.33,30.63,17.29,14.81,62.16,27.82,86.88,40.17,44.14,23.72,56.77,0.0,0.0
ANSURI_mal_0798,78.99,176.85,41.21,100.23,95.02,100.34,115.19,59.75,38.58,34.21,19.55,27.82,16.32,15.1,60.21,27.29,86.42,42.15,45.03,24.52,56.39,0.0,0.0
ANSURI_mal_0799,74.72,174.49,41.17,96.0,85.18,97.61,120.12,57.48,36.63,37.9,20.96,28.88,16.45,16.31,58.24,26.2,83.19,41.59,43.22,23.12,55.57,0.0,0.0
ANSURI_mal_0800,86.08,176.55,42.21,102.85,89.29,102.93,123.48,63.38,40.13,42.14,23.66,30.99,17.88,16.17,61.03,27.93,85.66,41.93,43.27,24.8,58.65,0.0,0.0
ANSURI_mal_0801,80.72,178.99,42.31,103.13,81.39,96.99,122.5,60.83,40.89,36.54,22.4,32.38,18.14,16.26,61.3,29.5,88.66,41.31,44.84,24.65,57.62,0.0,0.0
ANSURI_mal_0802,67.57,182.97,37.85,92.63,74.43,92.08,111.05,53.46,36.28,35.09,21.44,27.32,16.23,15.32,63.7,29.65,92.21,44.01,47.18,21.66,54.09,0.0,0.0
ANSURI_mal_0803,83.44,173.13,42.01,103.71,91.32,102.42,120.31,63.23,40.77,40.29,22.72,28.32,16.76,15.44,59.79,26.66,82.49,40.29,42.6,25.67,58.34,0.0,0.0
ANSURI_mal_0804,86.98,175.22,42.11,103.27,93.31,105.4,119.52,65.36,42.35,38.34,23.14,31.53,17.55,15.37,58.67,26.6,84.2,42.77,43.3,25.55,57.53,0.0,0.0
ANSURI_mal_0805,88.61,187.72,42.0,105.97,87.25,99.58,122.8,59.49,42.23,40.08,24.02,31.11,17.53,15.79,64.21,27.9,93.52,44.15,45.89,25.79,57.75,0.0,0.0
ANSURI_mal_0806,84.62,172.1,41.87,98.1,92.53,107.82,119.53,66.88,42.41,38.62,22.04,31.49,17.72,15.94,56.47,25.67,81.83,40.28,42.93,23.16,57.28,0.0,0.0
ANSURI_mal_0807,72.27,172.27,41.26,96.3,78.18,96.11,117.12,56.79,38.31,37.53,21.98,30.36,17.1,14.64,60.5,26.24,83.33,41.58,41.38,23.55,57.35,0.0,0.0
ANSURI_mal_0808,91.65,175.01,43.41,105.81,97.06,107.44,120.46,64.64,43.82,40.86,24.03,31.64,18.81,12.58,62.51,27.31,82.84,42.02,41.68,25.81,57.9,0.0,0.0
ANSURI_mal_0809,81.71,169.31,42.24,103.26,94.69,102.07,118.4,62.18,41.18,40.04,23.35,29.06,16.94,13.88,59.68,27.77,81.88,40.29,41.77,25.19,56.72,0.0,0.0
ANSURI_mal_0810,83.38,181.73,41.97,97.22,88.0,102.51,119.76,61.96,39.71,36.79,20.59,30.07,17.17,16.47,63.74,28.84,85.26,41.79,45.6,23.23,56.74,0.0,0.0
ANSURI_mal_0811,69.58,173.43,40.59,95.89,80.83,94.2,112.94,55.21,36.18,33.77,21.62,28.26,17.24,13.82,61.33,28.43,83.76,41.72,42.04,22.93,57.45,0.0,0.0
ANSURI_mal_0812,92.48,169.74,45.27,112.45,98.49,107.74,128.6,65.02,42.66,39.81,22.56,33.15,18.03,16.34,59.09,26.26,79.3,40.85,43.11,27.65,57.84,0.0,0.0
ANSURI_mal_0813,92.66,175.81,44.39,109.38,98.46,106.1,128.13,63.14,42.54,39.73,22.93,30.96,17.16,15.62,61.25,26.48,82.55,43.24,42.59,26.46,56.18,0.0,0.0
ANSURI_mal_0814,73.56,190.16,40.16,90.56,78.74,93.14,112.44,54.93,38.03,34.47,21.88,29.92,17.36,15.93,63.09,29.46,93.47,45.03,48.68,20.78,57.75,0.0,0.0
ANSURI_mal_0815,70.34,176.13,40.46,97.72,76.42,91.19,115.36,55.59,37.24,35.49,21.71,29.37,17.25,15.51,62.26,29.15,87.6,43.53,45.72,23.99,54.75,0.0,0.0
ANSURI_mal_0816,76.35,170.45,41.32,97.8,85.11,99.34,116.76,61.14,40.56,37.05,22.75,29.43,17.09,14.38,57.69,25.18,78.42,41.12,40.78,23.56,55.91,0.0,0.0
ANSURI_mal_0817,75.43,179.2,41.25,100.59,80.9,95.64,117.11,56.5,39.11,36.05,22.1,29.02,17.67,15.26,60.3,26.95,89.25,41.47,46.47,24.74,55.85,0.0,0.0
ANSURI_mal_0818,102.59,179.58,44.06,110.95,97.08,113.26,131.47,70.07,43.77,44.27,23.41,33.62,18.74,15.33,64.3,29.52,87.2,40.11,45.15,26.57,60.36,0.0,0.0
ANSURI_mal_0819,57.76,165.51,39.43,87.69,71.26,86.65,109.41,51.33,32.66,32.54,19.02,30.18,16.73,14.51,59.03,27.33,79.87,37.88,41.35,21.09,56.9,0.0,0.0
ANSURI_mal_0820,69.53,177.59,39.92,92.5,73.25,93.65,116.37,58.05,36.43,36.51,20.7,29.2,17.48,16.67,59.4,27.11,89.56,40.46,46.77,22.27,55.73,0.0,0.0
ANSURI_mal_0821,73.71,175.69,41.28,99.62,88.8,93.61,115.62,56.85,36.01,34.23,20.49,28.13,16.64,15.08,58.78,26.79,85.82,41.39,43.53,25.17,55.73,0.0,0.0
ANSURI_mal_0822,123.84,181.05,49.53,122.27,108.36,122.89,140.93,74.74,46.82,46.52,25.83,36.4,19.3,15.79,64.44,28.86,83.56,44.76,44.56,30.69,58.96,0.0,0.0
ANSURI_mal_0823,93.66,181.94,41.94,110.54,99.72,105.66,118.86,64.07,42.84,39.01,22.27,29.26,18.11,15.22,61.68,27.85,88.67,46.11,45.04,28.27,56.13,0.0,0.0
ANSURI_mal_0824,82.76,176.88,41.73,104.11,90.37,101.78,122.57,60.43,39.74,36.53,21.75,30.69,17.14,15.08,63.87,29.35,88.3,39.39,44.24,25.35,55.93,0.0,0.0
ANSURI_mal_0825,86.48,177.72,42.63,99.7,94.59,105.05,116.97,64.68,40.88,38.5,22.2,29.99,17.11,14.21,62.42,27.38,85.6,43.1,44.78,25.44,56.81,0.0,0.0
ANSURI_mal_0826,66.18,169.92,40.4,92.09,77.8,93.92,112.8,54.24,36.97,34.32,22.0,28.25,16.78,14.52,58.25,25.82,79.68,41.61,40.35,21.18,56.6,0.0,0.0
ANSURI_mal_0827,59.18,166.19,38.07,85.57,71.04,91.17,106.72,54.0,36.13,36.07,19.95,27.55,15.52,14.29,56.9,26.02,79.81,38.23,41.79,20.47,54.84,0.0,0.0
ANSURI_mal_0828,63.11,170.44,39.17,93.05,74.53,90.32,114.36,51.46,34.65,34.42,20.07,28.59,17.03,15.99,55.27,24.69,79.84,43.17,41.3,21.52,54.07,0.0,0.0
ANSURI_mal_0829,64.73,176.13,39.78,90.87,76.32,91.53,106.79,51.94,34.32,32.7,20.23,29.56,16.07,12.68,61.21,27.72,84.62,41.79,43.44,22.31,56.37,0.0,0.0
ANSURI_mal_0830,59.24,161.17,38.74,91.99,78.5,89.67,108.68,53.74,34.91,32.12,19.48,26.59,15.58,14.83,54.23,23.9,76.11,41.3,38.86,22.04,53.81,0.0,0.0
ANSURI_mal_0831,70.32,172.54,39.59,93.73,82.32,97.22,111.84,57.8,36.41,34.96,21.26,28.13,17.33,15.2,59.52,26.92,83.32,40.84,41.93,22.64,56.84,0.0,0.0
ANSURI_mal_0832,65.88,177.2,39.41,92.12,75.8,91.38,112.14,54.03,35.45,33.98,20.36,28.59,16.26,14.92,58.45,27.08,87.51,42.53,44.49,21.18,56.29,0.0,0.0
ANSURI_mal_0833,61.03,171.61,39.07,87.43,74.69,87.5,111.6,51.28,34.03,34.8,20.2,26.33,16.24,16.47,57.9,25.71,79.6,45.53,41.84,20.39,55.32,0.0,0.0
ANSURI_mal_0834,74.15,172.07,41.21,97.49,84.23,98.75,116.54,59.23,38.01,37.53,21.67,28.84,16.62,14.98,59.4,27.14,83.51,40.83,43.14,22.63,56.69,0.0,0.0
ANSURI_mal_0835,64.9,158.64,40.14,96.26,85.59,93.12,112.33,55.41,36.63,36.74,20.59,28.71,16.61,14.07,53.07,23.41,74.59,37.18,36.76,23.21,56.66,0.0,0.0
ANSURI_mal_0836,91.86,172.36,43.86,106.57,95.87,107.94,124.25,68.27,43.95,40.01,23.9,33.14,18.33,14.61,61.39,27.67,82.9,41.58,41.27,25.76,56.72,0.0,0.0
ANSURI_mal_0837,69.34,167.9,39.97,91.84,77.77,95.7,115.01,58.94,38.53,36.71,22.74,31.75,17.56,14.99,58.81,26.1,80.68,39.57,40.86,21.9,54.62,0.0,0.0
ANSURI_mal_0838,88.55,179.44,44.28,106.24,89.9,103.64,128.02,61.98,38.72,39.34,23.22,32.54,17.54,15.21,65.94,29.42,88.7,40.04,44.15,25.44,56.38,0.0,0.0
ANSURI_mal_0839,81.79,181.9,40.52,98.32,83.94,102.17,116.88,59.69,40.31,38.84,23.37,29.45,18.18,16.29,65.17,30.1,89.88,44.64,45.48,23.97,56.46,0.0,0.0
ANSURI_mal_0840,84.86,179.39,42.19,100.73,94.09,100.95,118.29,61.14,40.61,38.63,22.54,29.73,18.04,15.65,61.32,27.85,86.04,44.63,42.24,25.04,56.45,0.0,0.0
ANSURI_mal_0841,91.59,185.74,44.58,104.75,96.69,104.72,120.85,61.59,39.98,36.52,21.63,30.96,18.12,15.04,60.75,26.75,87.91,43.56,46.49,25.76,59.13,0.0,0.0
ANSURI_mal_0842,99.15,183.22,44.84,107.65,96.76,107.18,126.11,66.44,44.12,42.49,24.19,35.33,19.18,16.19,61.23,28.74,87.11,45.17,42.87,25.87,59.46,0.0,0.0
ANSURI_mal_0843,83.06,183.94,40.86,95.34,85.71,101.91,119.5,61.93,41.51,38.8,23.57,30.1,17.65,16.5,64.65,30.09,91.27,40.09,46.94,21.85,56.51,0.0,0.0
ANSURI_mal_0844,64.9,167.06,39.44,93.62,81.1,90.84,111.37,53.14,35.75,36.52,20.2,27.55,16.04,14.84,54.91,24.12,78.42,41.65,40.6,23.24,57.65,0.0,0.0
ANSURI_mal_0845,68.59,165.32,41.07,96.68,84.34,94.25,112.98,56.24,37.09,35.92,21.09,26.42,16.85,14.12,54.59,24.12,75.44,41.86,39.53,23.87,56.77,0.0,0.0
ANSURI_mal_0846,70.56,170.54,38.97,91.81,79.88,96.6,113.68,59.84,38.36,38.5,21.79,29.49,17.02,14.56,61.07,27.63,82.65,39.4,41.85,20.96,56.62,0.0,0.0
ANSURI_mal_0847,86.39,172.84,45.07,104.41,93.57,103.29,126.17,62.79,41.31,39.64,22.82,31.76,17.92,15.82,58.16,25.44,81.19,41.15,40.87,24.52,58.12,0.0,0.0
ANSURI_mal_0848,82.64,173.61,41.63,101.42,91.61,104.09,120.28,61.49,41.09,36.24,22.52,31.18,18.08,15.05,61.26,28.26,83.71,38.96,43.79,24.56,56.58,0.0,0.0
ANSURI_mal_0849,67.79,168.79,39.96,92.39,79.92,94.46,111.89,56.2,37.91,37.47,22.05,29.51,16.88,14.67,57.27,25.29,79.57,41.28,41.32,21.25,55.18,0.0,0.0
ANSURI_mal_0850,73.09,182.06,40.59,92.91,78.03,94.47,111.24,54.56,37.79,38.95,23.35,30.19,18.17,15.12,61.24,27.74,86.49,42.75,43.7,21.42,57.36,0.0,0.0
ANSURI_mal_0851,82.37,177.48,40.92,101.4,90.29,102.31,116.23,62.83,41.97,38.24,21.95,29.13,16.89,15.51,58.18,26.88,86.62,42.04,43.95,24.33,56.21,0.0,0.0
ANSURI_mal_0852,89.82,178.59,42.86,104.49,97.12,106.24,118.8,65.13,42.44,37.69,23.07,29.59,17.24,15.29,58.88,26.39,84.8,42.45,43.42,26.44,56.79,0.0,0.0
ANSURI_mal_0853,74.75,176.17,40.77,95.66,79.4,96.69,115.98,58.45,39.16,38.04,22.84,30.16,17.82,14.95,61.26,26.95,84.41,43.54,41.6,22.54,57.08,0.0,0.0
ANSURI_mal_0854,69.73,167.21,39.94,95.02,82.44,95.16,116.04,59.43,37.57,35.74,20.38,28.48,15.88,15.46,59.91,27.39,79.72,40.47,40.35,23.5,54.53,0.0,0.0
ANSURI_mal_0855,84.04,180.23,41.95,102.93,88.32,101.11,122.43,61.26,40.4,37.18,21.22,30.9,17.06,15.85,61.07,27.67,87.54,43.78,43.63,25.09,56.09,0.0,0.0
ANSURI_mal_0856,87.31,171.55,44.5,114.04,87.7,102.08,131.83,64.11,38.87,38.55,22.12,32.93,17.43,16.57,58.26,27.07,83.11,44.46,42.82,28.08,55.54,0.0,0.0
ANSURI_mal_0857,73.25,167.75,40.44,103.84,79.5,97.43,121.01,60.99,37.99,34.89,19.84,30.95,16.36,14.77,59.7,26.11,82.57,39.16,43.52,24.47,56.86,0.0,0.0
ANSURI_mal_0858,73.9,178.95,40.54,93.99,83.89,96.75,112.94,55.55,38.03,36.74,21.67,28.69,17.36,14.87,58.09,26.0,83.79,43.01,42.33,22.24,56.96,0.0,0.0
ANSURI_mal_0859,80.0,175.89,41.3,94.78,81.43,100.19,119.61,63.72,42.6,40.94,23.49,31.67,17.95,16.19,59.51,27.68,85.07,40.63,43.3,22.14,55.81,0.0,0.0
ANSURI_mal_0860,68.6,169.44,39.53,93.56,80.92,94.83,110.54,57.75,38.43,36.8,21.12,28.88,17.13,14.58,56.78,25.97,80.82,42.01,41.58,21.69,56.73,0.0,0.0
ANSURI_mal_0861,66.37,175.29,38.77,94.2,73.75,90.57,114.64,54.8,36.75,35.04,19.82,28.92,16.66,14.75,62.78,27.85,90.31,40.65,45.32,22.4,56.69,0.0,0.0
ANSURI_mal_0862,64.36,168.54,39.03,93.36,79.09,91.89,113.91,53.28,35.81,34.6,19.72,28.35,16.5,16.05,55.99,25.29,80.1,42.78,42.39,21.1,56.09,0.0,0.0
ANSURI_mal_0863,69.89,170.87,41.64,92.85,80.75,96.1,113.13,58.73,39.38,35.21,20.26,28.54,16.28,14.3,61.51,28.37,86.2,36.81,44.91,23.32,56.5,0.0,0.0
ANSURI_mal_0864,85.73,182.22,42.56,100.23,90.2,103.21,120.98,59.77,40.37,36.71,21.23,31.04,17.98,15.0,63.69,28.5,85.72,43.31,43.72,24.43,58.02,0.0,0.0
ANSURI_mal_0865,68.8,177.55,39.4,93.43,80.98,92.65,111.26,54.61,36.84,34.5,20.82,27.51,17.07,15.18,61.78,28.03,87.69,42.55,43.49,22.51,54.4,0.0,0.0
ANSURI_mal_0866,60.31,173.58,37.26,87.43,74.72,89.11,106.79,51.72,35.52,33.33,20.88,26.05,16.1,15.16,59.06,26.54,86.76,41.55,43.43,21.25,54.63,0.0,0.0
ANSURI_mal_0867,67.46,171.17,40.07,92.19,75.92,93.41,112.78,56.98,36.12,38.09,22.14,29.92,17.15,14.9,58.76,27.25,85.53,40.0,42.02,21.91,55.97,0.0,0.0
ANSURI_mal_0868,64.11,172.13,38.37,90.23,73.8,89.76,111.5,54.9,36.03,36.44,22.24,28.98,16.95,15.73,59.49,27.24,84.73,40.12,42.95,20.91,54.43,0.0,0.0
ANSURI_mal_0869,73.96,168.55,40.87,96.9,88.21,96.96,116.94,58.44,38.53,35.63,21.35,29.59,16.96,14.68,58.96,26.23,77.54,42.36,39.89,23.62,55.69,0.0,0.0
ANSURI_mal_0870,71.67,174.13,40.53,96.11,77.59,94.15,113.84,58.17,38.48,35.36,21.47,31.5,17.6,15.39,57.43,26.5,82.64,43.21,42.25,23.29,58.11,0.0,0.0
ANSURI_mal_0871,97.88,180.35,43.24,108.83,100.3,109.71,120.3,65.52,44.52,41.3,23.74,31.6,18.24,14.12,61.89,27.71,83.14,42.71,42.76,26.93,58.11,0.0,0.0
ANSURI_mal_0872,91.79,169.23,43.41,104.8,94.49,110.93,126.4,71.43,45.5,42.18,23.06,33.63,17.35,15.79,57.65,27.06,81.59,36.71,42.53,24.89,56.24,0.0,0.0
ANSURI_mal_0873,80.95,170.03,41.73,103.86,90.95,101.4,118.07,60.8,41.04,39.61,21.98,29.99,17.33,15.37,57.47,26.03,79.86,45.14,41.55,25.82,56.51,0.0,0.0
ANSURI_mal_0874,75.73,173.07,41.55,100.0,84.76,98.01,118.03,59.72,38.1,34.67,20.64,30.99,17.86,15.2,61.58,26.98,84.98,40.71,43.28,23.9,57.41,0.0,0.0
ANSURI_mal_0875,89.89,189.4,43.72,102.54,84.97,102.83,123.72,62.02,40.05,40.0,22.34,32.54,18.75,16.16,62.74,28.06,90.3,46.46,45.7,23.19,59.97,0.0,0.0
ANSURI_mal_0876,76.22,172.07,42.68,98.64,77.96,98.88,119.14,61.76,38.51,40.29,23.12,31.04,17.25,14.82,58.25,26.97,83.37,41.37,42.21,23.44,55.81,0.0,0.0
ANSURI_mal_0877,97.98,183.57,44.33,108.13,94.99,108.55,123.87,65.05,42.43,44.12,23.75,31.59,17.89,15.61,62.33,26.72,85.75,45.05,44.99,27.02,57.55,0.0,0.0
ANSURI_mal_0878,84.34,172.54,42.5,98.86,90.54,106.19,123.84,65.34,41.99,37.94,22.02,31.45,17.81,16.57,58.16,25.63,81.82,38.87,41.59,23.88,55.85,0.0,0.0
ANSURI_mal_0879,64.15,165.6,39.89,89.66,75.63,93.7,110.84,56.61,36.37,36.2,20.96,30.01,17.2,13.51,56.21,25.4,79.72,37.17,40.09,20.91,58.73,0.0,0.0
ANSURI_mal_0880,78.33,168.58,42.59,99.51,88.17,102.08,117.1,63.5,38.88,37.68,20.21,29.48,16.96,13.45,62.36,28.56,80.38,41.42,42.01,24.9,55.24,0.0,0.0
ANSURI_mal_0881,101.98,193.22,44.45,103.63,93.19,110.49,123.53,67.23,43.13,43.13,24.12,32.49,18.69,16.1,66.94,30.17,95.95,44.06,48.51,25.95,58.29,0.0,0.0
ANSURI_mal_0882,75.58,167.7,40.88,102.26,87.16,98.86,117.07,58.04,39.26,37.96,21.62,28.95,17.03,13.74,58.07,25.8,77.9,42.82,39.61,24.66,56.45,0.0,0.0
ANSURI_mal_0883,67.28,172.15,39.89,90.19,78.08,92.46,112.56,55.94,37.71,38.23,21.81,29.07,17.67,15.35,56.99,25.81,83.66,40.58,41.26,20.77,55.82,0.0,0.0
ANSURI_mal_0884,68.15,176.18,39.26,89.87,74.78,93.89,113.22,54.66,39.7,36.94,22.72,29.76,16.95,15.28,59.47,27.78,86.42,39.91,43.05,20.39,57.21,0.0,0.0
ANSURI_mal_0885,68.19,177.94,38.24,93.41,80.23,93.44,111.07,51.6,36.59,33.37,20.57,28.36,17.66,15.79,60.59,27.37,84.51,44.15,43.77,22.59,55.33,0.0,0.0
ANSURI_mal_0886,74.47,170.54,42.12,97.36,83.93,98.0,116.3,58.23,38.96,37.6,23.48,29.49,17.07,14.43,61.75,28.23,82.22,40.89,42.3,23.29,58.28,0.0,0.0
ANSURI_mal_0887,74.81,173.74,40.85,96.18,80.09,98.58,115.89,59.72,39.1,38.56,21.45,28.88,16.83,14.0,62.53,28.08,83.43,39.61,43.85,23.11,58.05,0.0,0.0
ANSURI_mal_0888,83.14,169.69,41.2,99.73,91.53,105.73,118.74,64.77,43.43,39.5,22.25,30.52,16.8,14.76,58.37,26.91,78.35,41.14,39.64,24.66,55.09,0.0,0.0
ANSURI_mal_0889,72.33,186.09,40.66,96.3,78.36,92.3,114.8,52.75,35.97,35.29,21.28,27.2,16.82,15.4,63.48,28.75,90.78,46.1,45.23,22.73,56.32,0.0,0.0
ANSURI_mal_0890,87.28,164.25,44.2,106.99,95.99,107.48,124.56,67.42,44.25,41.47,22.94,31.83,17.05,14.23,58.47,25.38,77.38,38.18,39.32,26.11,55.82,0.0,0.0
ANSURI_mal_0891,76.87,174.09,41.77,98.86,82.95,97.6,115.59,57.55,39.57,38.94,23.21,31.18,18.63,14.1,58.74,26.14,81.42,42.61,41.58,23.54,59.5,0.0,0.0
ANSURI_mal_0892,71.83,173.48,40.77,96.38,78.62,95.45,115.76,58.19,36.4,36.39,20.89,29.82,16.52,13.99,59.8,26.67,82.93,43.43,42.0,23.47,56.49,0.0,0.0
ANSURI_mal_0893,83.42,180.12,42.03,97.32,81.68,102.38,118.61,64.07,42.71,40.62,23.79,31.79,18.88,15.84,60.14,28.44,89.63,41.24,45.54,23.33,56.31,0.0,0.0
ANSURI_mal_0894,80.87,177.13,41.44,98.69,84.45,102.02,118.76,60.43,40.89,40.19,22.44,30.59,18.33,16.06,61.43,28.0,85.58,43.1,43.13,23.2,56.23,0.0,0.0
ANSURI_mal_0895,107.86,183.95,44.68,113.11,102.49,113.03,131.62,70.12,44.99,44.24,25.41,32.28,19.12,16.93,63.64,28.37,88.27,44.95,43.44,27.39,58.09,0.0,0.0
ANSURI_mal_0896,77.39,175.31,42.08,97.64,81.96,99.1,119.84,60.25,38.97,37.32,22.54,30.84,17.72,15.7,58.24,26.19,83.91,41.44,42.53,23.73,56.27,0.0,0.0
ANSURI_mal_0897,61.04,173.49,38.42,86.39,74.87,87.94,109.93,50.91,34.06,36.53,22.19,27.28,16.71,15.7,56.61,26.94,83.56,40.98,41.99,19.55,56.62,0.0,0.0
ANSURI_mal_0898,73.88,172.73,39.61,97.62,81.55,100.7,117.52,58.94,38.71,35.9,21.54,28.54,16.64,17.06,55.8,25.36,81.5,42.68,41.54,22.92,55.37,0.0,0.0
ANSURI_mal_0899,82.08,172.33,42.25,104.51,88.83,99.92,123.66,60.46,40.74,39.05,22.96,31.58,17.26,15.07,59.76,26.83,82.44,41.04,42.55,25.73,55.63,0.0,0.0
ANSURI_mal_0900,86.8,171.19,43.05,110.17,98.38,104.34,125.47,62.19,38.84,38.73,22.32,31.03,17.61,15.25,57.59,24.94,81.94,40.79,40.65,26.39,56.5,0.0,0.0
ANSURI_mal_0901,76.63,176.16,42.26,96.47,80.77,98.3,118.8,60.08,38.99,37.66,22.19,30.09,16.92,14.41,62.4,27.26,87.01,38.45,43.54,23.91,58.43,0.0,0.0
ANSURI_mal_0902,64.69,164.31,39.38,94.94,79.28,93.78,115.01,56.37,35.82,34.66,19.37,26.16,15.43,14.86,54.57,24.78,75.99,40.35,39.18,22.02,56.77,0.0,0.0
ANSURI_mal_0903,76.15,164.21,41.85,100.48,92.86,100.83,115.59,61.66,39.3,36.97,21.09,29.8,16.5,13.81,56.04,24.9,76.93,39.63,40.83,25.22,55.68,0.0,0.0
ANSURI_mal_0904,69.67,171.6,38.49,94.06,83.34,96.64,113.26,56.91,37.31,36.13,20.42,27.25,16.44,14.96,59.62,26.94,81.87,41.68,41.84,21.68,54.41,0.0,0.0
ANSURI_mal_0905,85.1,183.28,42.05,99.77,88.01,102.04,120.74,62.77,40.35,37.85,21.21,30.37,17.47,16.21,61.7,29.23,89.21,41.64,45.65,24.52,57.08,0.0,0.0
ANSURI_mal_0906,81.46,185.03,42.16,98.34,82.13,99.37,119.48,59.07,37.63,38.78,21.4,30.54,17.14,14.75,66.48,30.95,90.99,42.47,45.79,23.81,58.24,0.0,0.0
ANSURI_mal_0907,72.54,169.33,41.18,96.68,81.42,95.7,115.84,58.99,40.31,37.73,22.17,31.03,17.51,13.87,56.25,25.12,79.51,39.99,40.79,22.44,57.18,0.0,0.0
ANSURI_mal_0908,78.7,174.8,41.38,102.15,90.04,97.87,117.25,58.64,37.46,37.84,21.27,29.8,16.34,15.65,58.6,26.87,81.73,42.36,42.66,24.81,57.73,0.0,0.0
ANSURI_mal_0909,75.02,176.86,41.67,99.17,80.72,97.89,115.33,56.31,39.34,33.87,22.09,29.26,17.09,14.83,60.04,26.11,83.92,42.57,42.07,24.86,57.37,0.0,0.0
ANSURI_mal_0910,69.44,172.57,40.98,92.58,76.57,94.85,116.28,58.56,36.95,37.08,20.8,28.59,16.01,15.17,61.63,28.21,85.42,39.31,43.54,22.16,55.87,0.0,0.0
ANSURI_mal_0911,78.8,170.1,42.58,100.69,83.56,103.86,115.63,63.81,40.17,37.62,22.37,30.82,17.0,12.96,57.94,25.89,79.69,38.54,40.73,23.94,58.48,0.0,0.0
ANSURI_mal_0912,102.78,171.75,42.84,117.0,106.71,113.74,130.68,69.38,45.29,45.81,24.54,32.62,17.83,15.88,59.12,27.77,81.36,41.58,40.87,28.24,56.78,0.0,0.0
ANSURI_mal_0913,60.23,166.16,36.24,84.22,75.15,90.83,104.1,53.39,39.31,37.69,22.11,27.08,16.1,15.33,55.13,26.09,77.96,41.17,38.67,20.11,55.09,0.0,0.0
ANSURI_mal_0914,82.74,180.43,40.6,97.71,88.24,102.01,118.29,61.61,42.23,37.62,22.42,29.99,18.28,15.13,60.49,27.84,87.58,40.06,46.66,23.47,56.09,0.0,0.0
ANSURI_mal_0915,48.83,161.18,35.66,82.8,66.8,80.98,100.44,47.54,32.64,33.06,19.3,25.95,14.95,13.57,55.44,24.64,79.35,38.3,40.17,20.09,54.57,0.0,0.0
ANSURI_mal_0916,67.98,177.83,39.68,88.52,78.61,92.7,110.76,54.58,37.35,35.5,20.62,30.43,16.97,14.7,61.82,27.4,86.65,40.79,43.68,20.68,55.25,0.0,0.0
ANSURI_mal_0917,80.93,176.15,42.23,98.52,82.99,101.77,118.5,63.76,40.71,39.28,21.65,33.04,17.7,14.65,63.12,29.29,87.87,39.74,45.11,22.82,56.49,0.0,0.0
ANSURI_mal_0918,67.57,184.35,39.01,90.18,78.0,91.58,111.81,52.22,36.17,32.75,20.1,27.29,17.53,15.49,61.61,27.96,89.42,47.42,45.72,20.7,54.57,0.0,0.0
ANSURI_mal_0919,78.81,173.34,41.14,95.51,87.67,101.24,115.74,61.79,40.21,41.15,23.54,30.73,17.25,14.62,58.73,26.6,84.13,40.71,42.96,22.8,55.23,0.0,0.0
ANSURI_mal_0920,64.39,166.17,40.08,90.45,80.3,92.01,112.16,54.84,36.15,34.37,20.4,29.37,16.66,14.17,56.58,24.91,78.91,40.45,40.51,21.86,55.26,0.0,0.0
ANSURI_mal_0921,87.91,179.09,42.54,105.28,91.79,104.3,121.68,61.18,41.52,39.08,22.84,31.88,17.64,15.04,61.04,26.86,84.74,42.22,41.62,25.32,58.68,0.0,0.0
ANSURI_mal_0922,92.95,168.18,45.29,116.13,99.81,105.05,130.81,64.91,41.78,39.24,21.64,32.31,18.27,14.0,56.32,23.28,74.98,43.87,40.11,28.2,57.26,0.0,0.0
ANSURI_mal_0923,82.48,176.47,43.01,102.98,87.16,99.23,123.71,59.31,40.74,37.58,22.68,31.75,17.81,14.87,61.31,27.14,84.41,42.68,41.83,25.06,57.37,0.0,0.0
ANSURI_mal_0924,87.83,175.42,43.0,106.5,93.39,104.4,124.78,65.34,39.6,36.85,21.44,30.88,17.3,14.44,63.68,28.23,83.44,38.17,44.2,26.3,55.9,0.0,0.0
ANSURI_mal_0925,84.73,183.78,43.33,97.61,84.43,101.74,120.56,61.13,39.56,40.01,22.62,33.0,17.61,15.02,67.11,30.06,93.18,41.63,46.81,24.28,58.33,0.0,0.0
ANSURI_mal_0926,82.9,168.48,42.97,97.04,87.23,107.13,121.67,66.6,43.09,41.11,23.8,33.29,17.15,16.27,56.58,25.71,80.1,39.31,40.15,23.01,55.41,0.0,0.0
ANSURI_mal_0927,75.74,177.11,39.49,93.35,84.63,101.02,115.54,61.14,39.13,37.34,21.03,29.15,16.28,15.51,60.98,28.37,88.46,40.38,44.22,21.08,55.55,0.0,0.0
ANSURI_mal_0928,55.74,167.17,36.49,83.09,73.31,87.68,100.99,51.88,34.92,33.45,19.12,26.14,15.34,13.65,56.0,25.3,78.0,39.5,40.79,18.57,56.94,0.0,0.0
ANSURI_mal_0929,72.53,174.14,41.93,94.6,80.2,93.17,116.83,54.97,39.08,39.39,22.78,31.43,17.52,15.29,59.1,27.52,84.85,41.97,42.56,23.17,57.59,0.0,0.0
ANSURI_mal_0930,56.92,158.28,39.1,89.88,69.72,87.72,111.96,52.88,35.22,36.19,20.07,30.2,16.01,14.65,54.0,24.69,77.0,35.97,37.9,21.24,53.59,0.0,0.0
ANSURI_mal_0931,65.02,180.71,39.2,89.19,74.84,89.76,112.07,52.9,34.26,34.47,20.98,28.38,16.28,15.1,63.1,29.9,92.77,41.25,46.8,20.67,54.71,0.0,0.0
ANSURI_mal_0932,89.7,172.22,41.78,109.48,100.27,105.02,122.68,63.5,44.68,40.18,22.11,31.69,17.23,14.39,59.62,25.88,82.8,42.31,41.3,26.51,56.77,0.0,0.0
ANSURI_mal_0933,69.9,174.11,39.52,93.67,78.32,94.88,113.63,57.56,36.92,36.12,22.53,28.35,17.14,14.47,62.82,27.81,85.82,39.06,43.46,22.08,56.08,0.0,0.0
ANSURI_mal_0934,73.81,173.57,41.13,97.47,86.27,96.76,116.88,57.75,37.64,36.58,21.44,28.36,16.43,15.11,58.29,26.39,83.11,42.15,43.0,22.55,55.82,0.0,0.0
ANSURI_mal_0935,71.2,171.99,39.78,93.54,83.43,96.05,113.78,59.22,39.58,35.4,21.92,28.29,16.94,14.17,56.82,24.85,82.3,40.53,41.73,21.49,57.48,0.0,0.0
ANSURI_mal_0936,63.4,169.91,39.07,92.84,79.19,90.16,106.59,53.49,36.17,35.55,20.67,26.26,15.88,13.94,56.13,25.6,80.67,40.17,40.83,21.35,57.77,0.0,0.0
ANSURI_mal_0937,81.91,176.6,42.4,102.37,85.18,99.14,120.3,58.11,40.94,40.3,23.09,32.46,17.73,14.27,61.13,27.23,82.74,42.84,41.82,24.56,56.48,0.0,0.0
ANSURI_mal_0938,85.05,178.46,41.93,102.9,91.49,102.83,122.53,61.46,40.14,38.12,20.92,30.79,17.44,15.97,60.47,27.47,84.92,43.77,43.63,24.48,56.19,0.0,0.0
ANSURI_mal_0939,87.32,181.02,42.36,101.26,96.31,105.36,117.17,62.93,39.22,36.76,21.95,30.57,17.72,14.88,60.16,26.25,86.62,43.76,43.37,25.26,56.97,0.0,0.0
ANSURI_mal_0940,62.46,172.06,37.6,88.06,74.4,92.44,103.77,53.66,38.85,36.11,21.4,26.43,16.33,13.99,58.65,26.42,85.64,41.55,42.8,21.01,54.37,0.0,0.0
ANSURI_mal_0941,69.21,178.23,38.87,90.55,78.69,93.34,107.93,55.05,37.23,36.25,21.14,28.51,16.99,13.78,59.75,27.33,84.54,45.38,42.91,22.69,56.13,0.0,0.0
ANSURI_mal_0942,74.2,176.12,39.72,95.03,81.85,99.04,112.72,59.8,40.28,36.25,20.75,28.59,16.62,14.96,58.77,25.53,82.9,43.37,42.66,21.99,55.38,0.0,0.0
ANSURI_mal_0943,70.13,164.25,39.05,94.57,86.41,98.43,113.86,59.12,39.98,36.98,20.9,28.66,16.31,14.62,57.22,26.02,79.41,37.65,40.92,22.89,55.45,0.0,0.0
ANSURI_mal_0944,99.81,179.35,43.01,114.2,104.76,109.48,123.68,66.18,42.85,40.5,23.74,31.85,18.1,15.67,60.77,27.73,84.94,45.08,42.68,28.49,57.13,0.0,0.0
ANSURI_mal_0945,79.42,174.98,41.51,100.66,87.0,100.22,118.49,58.27,39.82,39.54,22.03,31.37,17.22,14.48,62.16,27.24,84.95,41.1,43.68,23.81,56.52,0.0,0.0
ANSURI_mal_0946,92.29,170.98,44.65,113.83,100.93,103.67,128.72,65.42,42.72,40.05,24.38,31.82,18.27,15.88,58.96,27.6,82.43,40.01,42.24,28.22,57.16,0.0,0.0
ANSURI_mal_0947,92.42,192.79,41.61,98.9,82.71,104.53,121.07,65.07,42.83,43.28,25.08,32.09,18.44,16.87,66.13,30.66,97.99,42.21,49.79,23.39,57.14,0.0,0.0
ANSURI_mal_0948,74.49,171.71,41.57,96.29,81.11,97.61,119.94,60.0,39.45,37.98,22.72,29.7,17.13,15.57,57.87,25.31,82.68,41.1,41.89,23.03,55.26,0.0,0.0
ANSURI_mal_0949,100.8,180.15,44.07,106.98,99.91,113.31,126.7,73.5,43.28,39.8,22.08,32.44,18.96,15.72,61.17,27.84,87.17,41.05,44.31,26.6,56.99,0.0,0.0
ANSURI_mal_0950,72.08,174.25,40.36,96.89,76.25,95.87,118.05,57.82,38.62,38.3,21.65,29.15,16.96,16.17,57.54,25.32,83.14,44.32,41.99,21.94,56.94,0.0,0.0
ANSURI_mal_0951,57.36,173.16,37.34,86.61,71.36,87.18,104.79,49.42,33.29,34.24,19.62,28.09,15.83,13.86,59.49,25.62,86.9,41.5,42.69,19.85,55.5,0.0,0.0
ANSURI_mal_0952,93.28,175.58,43.4,111.01,100.58,108.01,121.72,66.54,43.78,40.71,22.36,32.49,17.72,14.31,60.82,27.31,87.44,40.8,44.08,26.15,57.16,0.0,0.0
ANSURI_mal_0953,83.88,178.94,42.35,100.08,93.84,98.52,117.59,60.98,42.55,37.28,21.86,31.06,17.07,15.53,63.92,28.92,86.03,43.12,42.75,24.8,59.25,0.0,0.0
ANSURI_mal_0954,82.14,176.5,42.49,101.81,90.57,100.64,118.68,59.18,40.31,39.61,22.68,29.65,17.23,15.39,59.13,26.67,82.46,43.72,41.89,23.67,58.77,0.0,0.0
ANSURI_mal_0955,60.52,170.95,38.34,87.0,74.89,89.31,104.25,51.74,35.0,34.62,21.24,26.93,16.67,14.08,58.17,26.04,81.88,42.74,41.94,21.03,56.52,0.0,0.0
ANSURI_mal_0956,60.92,163.33,39.21,88.27,73.08,89.93,109.61,56.34,35.86,35.85,21.38,29.49,16.58,14.28,56.55,25.11,78.82,37.63,40.83,21.35,54.87,0.0,0.0
ANSURI_mal_0957,73.7,168.0,42.11,98.18,85.0,96.25,119.98,57.74,39.29,37.91,22.44,29.85,16.61,15.2,57.21,25.84,78.42,39.37,39.02,23.45,57.08,0.0,0.0
ANSURI_mal_0958,63.45,175.36,37.08,90.07,79.12,89.87,105.49,52.18,34.19,34.7,19.52,26.51,16.38,15.18,59.73,26.7,81.89,44.11,43.3,20.51,56.21,0.0,0.0
ANSURI_mal_0959,96.56,180.05,43.6,109.11,103.71,110.35,122.65,65.75,41.84,37.7,22.77,31.18,17.55,14.3,61.79,28.23,86.36,43.71,42.37,26.85,56.51,0.0,0.0
ANSURI_mal_0960,96.27,180.74,43.49,112.01,91.92,106.86,126.79,65.91,43.39,41.53,23.4,33.58,18.83,15.33,59.45,26.33,87.01,48.13,44.01,27.61,56.91,0.0,0.0
ANSURI_mal_0961,105.11,191.79,46.15,111.97,98.56,109.71,126.92,65.63,42.45,41.26,23.37,32.24,18.6,15.11,64.6,29.35,93.57,47.18,46.89,28.73,58.21,0.0,0.0
ANSURI_mal_0962,71.3,177.4,40.51,96.19,78.6,92.72,117.61,54.19,37.21,36.17,22.13,29.66,16.24,15.61,58.67,26.1,84.01,44.14,42.11,22.31,57.85,0.0,0.0
ANSURI_mal_0963,65.97,167.85,38.56,89.72,78.17,95.17,108.04,58.39,37.44,35.65,20.82,28.62,16.41,13.78,55.5,24.81,78.77,41.41,40.35,22.31,55.2,0.0,0.0
ANSURI_mal_0964,65.22,181.17,38.98,87.59,72.37,91.15,109.47,54.84,35.39,34.25,21.1,28.88,16.46,15.04,62.08,28.66,92.82,40.93,45.44,20.69,56.07,0.0,0.0
ANSURI_mal_0965,75.36,161.16,41.53,102.74,90.73,98.67,119.03,60.64,40.03,37.4,21.55,29.66,17.13,14.78,52.09,23.0,71.73,39.71,37.23,25.84,57.46,0.0,0.0
ANSURI_mal_0966,81.39,173.26,41.59,98.56,92.53,102.9,118.86,61.56,39.71,36.62,22.07,31.2,17.28,14.09,61.05,26.38,82.61,40.38,42.24,24.67,56.28,0.0,0.0
ANSURI_mal_0967,79.14,178.12,42.93,98.29,78.73,97.34,119.26,60.13,41.32,40.79,23.87,30.18,17.26,14.27,64.36,29.35,87.97,39.87,42.55,24.08,56.55,0.0,0.0
ANSURI_mal_0968,57.63,170.67,37.4,84.0,69.99,88.19,105.34,52.08,36.84,33.51,19.41,26.31,15.89,14.37,56.71,25.85,81.56,41.96,42.63,19.45,56.22,0.0,0.0
ANSURI_mal_0969,66.6,168.09,40.49,94.33,78.44,92.5,115.2,54.47,36.76,37.27,21.7,27.29,16.64,15.87,55.47,24.61,78.05,44.5,39.54,21.76,56.2,0.0,0.0
ANSURI_mal_0970,65.02,163.49,39.26,90.79,84.42,94.74,107.0,55.36,39.01,35.28,20.74,28.96,17.06,13.5,56.29,24.39,78.46,39.36,40.02,22.07,55.06,0.0,0.0
ANSURI_mal_0971,72.52,167.17,41.29,98.47,85.99,96.7,117.0,58.44,38.35,36.96,20.62,29.95,16.63,15.31,53.62,24.42,77.56,40.13,38.94,23.91,56.2,0.0,0.0
ANSURI_mal_0972,61.62,172.74,39.27,88.72,77.35,90.05,109.31,51.07,34.29,31.67,18.59,28.07,16.06,14.17,61.18,26.65,85.85,40.82,43.31,21.9,56.65,0.0,0.0
ANSURI_mal_0973,64.25,162.64,38.97,94.02,77.74,95.53,110.94,57.77,36.46,35.33,20.29,28.09,15.8,15.14,56.31,26.58,79.61,38.56,41.95,22.53,56.9,0.0,0.0
ANSURI_mal_0974,57.31,172.07,36.71,85.37,74.15,87.61,104.82,50.16,34.51,32.95,20.16,26.06,15.45,15.38,59.02,26.35,85.69,42.59,42.94,20.22,55.03,0.0,0.0
ANSURI_mal_0975,84.81,176.58,42.38,102.06,93.68,103.72,119.83,61.62,40.23,38.16,21.91,30.6,17.28,14.48,63.66,27.84,84.22,41.47,43.2,23.98,56.53,0.0,0.0
ANSURI_mal_0976,73.33,181.37,39.58,95.81,84.13,94.15,115.82,53.36,37.24,35.97,21.36,29.24,16.75,17.21,59.97,26.88,88.67,44.77,44.91,23.5,55.36,0.0,0.0
ANSURI_mal_0977,77.59,173.47,43.43,105.02,84.49,95.63,123.82,58.78,38.55,37.56,21.5,30.51,17.19,15.27,58.28,27.17,85.78,40.52,42.38,25.16,54.76,0.0,0.0
ANSURI_mal_0978,69.77,177.34,40.93,93.42,78.64,93.97,114.81,55.43,36.52,34.96,21.14,28.08,17.14,14.8,62.82,27.83,88.94,40.4,43.64,22.6,55.48,0.0,0.0
ANSURI_mal_0979,86.26,176.57,44.3,107.39,94.18,100.49,120.39,62.31,41.32,38.15,22.06,30.32,17.2,15.5,62.71,29.17,85.68,41.48,42.7,27.0,56.2,0.0,0.0
ANSURI_mal_0980,72.46,168.21,39.68,92.63,85.77,100.3,111.51,61.86,40.13,36.81,21.77,28.92,15.62,13.81,56.59,26.56,79.34,38.71,40.68,22.16,54.62,0.0,0.0
ANSURI_mal_0981,70.62,182.52,38.25,89.63,80.01,94.42,111.03,56.11,36.82,36.41,21.7,28.78,16.67,15.42,61.57,27.8,90.72,45.32,45.86,20.68,55.71,0.0,0.0
ANSURI_mal_0982,96.51,182.07,42.35,106.87,99.84,107.86,123.26,67.65,43.66,40.44,25.05,30.41,16.74,15.73,61.35,28.05,88.11,43.75,43.09,26.7,58.46,0.0,0.0
ANSURI_mal_0983,71.29,162.58,41.01,99.8,81.23,94.97,118.34,57.51,39.42,40.28,23.66,30.97,18.12,15.27,54.54,24.25,74.76,39.79,37.69,23.59,57.36,0.0,0.0
ANSURI_mal_0984,69.07,170.63,40.37,93.47,80.26,94.49,112.59,56.41,38.43,35.92,21.24,29.21,16.9,14.69,57.78,25.86,80.9,41.09,41.19,22.38,57.59,0.0,0.0
ANSURI_mal_0985,91.2,178.77,43.63,108.31,96.74,106.93,123.19,64.78,39.8,38.19,23.46,29.85,17.66,14.85,60.97,27.35,86.69,41.35,42.67,26.64,57.54,0.0,0.0
ANSURI_mal_0986,83.46,172.3,43.05,104.97,90.32,103.73,124.68,62.47,40.26,36.86,21.28,30.93,16.92,16.14,59.22,27.13,82.27,42.64,42.75,25.25,57.08,0.0,0.0
ANSURI_mal_0987,80.15,179.78,41.0,97.04,85.94,100.99,118.13,62.31,39.17,37.09,22.76,30.38,16.67,15.23,60.71,27.9,88.92,40.75,45.91,22.74,57.73,0.0,0.0
ANSURI_mal_0988,73.86,173.96,40.13,96.51,85.36,96.97,114.65,59.13,38.21,34.99,21.73,28.21,17.96,15.21,58.34,26.66,83.12,44.76,42.0,23.05,55.96,0.0,0.0
ANSURI_mal_0989,66.42,177.14,39.39,91.93,73.9,91.59,111.24,54.44,37.14,34.09,21.52,28.09,16.87,15.1,59.56,27.22,85.23,40.87,44.28,21.56,56.23,0.0,0.0
ANSURI_mal_0990,64.05,167.62,38.51,92.78,85.39,91.42,108.37,53.17,34.6,33.12,19.94,26.87,16.11,15.58,55.29,25.58,78.34,44.01,40.46,22.1,54.72,0.0,0.0
ANSURI_mal_0991,92.97,180.28,43.47,106.33,89.35,107.28,123.58,66.78,41.46,43.02,23.35,34.22,17.81,14.7,64.83,30.36,90.39,40.57,46.11,26.16,56.07,0.0,0.0
ANSURI_mal_0992,75.38,165.71,41.68,104.79,90.33,98.92,117.05,61.89,38.86,34.41,20.17,28.9,16.63,14.59,53.23,24.42,78.07,40.7,40.88,25.26,55.7,0.0,0.0
ANSURI_mal_0993,72.83,183.37,40.88,94.62,76.53,91.81,116.41,55.81,36.58,38.45,21.91,30.16,16.39,15.53,63.8,29.19,92.85,42.28,47.19,21.96,58.27,0.0,0.0
ANSURI_mal_0994,79.15,183.43,41.64,93.7,80.02,101.11,118.94,61.77,38.99,35.11,21.9,31.1,17.72,16.71,61.73,29.74,91.11,40.4,46.4,22.15,58.94,0.0,0.0
ANSURI_mal_0995,66.98,161.15,38.71,92.95,80.47,97.79,111.53,61.05,39.57,35.67,21.12,28.7,16.31,14.86,52.65,23.61,74.07,37.87,37.1,22.66,54.99,0.0,0.0
ANSURI_mal_0996,79.84,168.87,42.16,104.86,93.68,100.51,118.13,60.88,39.91,37.38,21.44,28.34,16.24,14.49,56.24,24.52,78.27,40.66,40.06,26.17,57.1,0.0,0.0
ANSURI_mal_0997,85.33,173.57,43.64,102.83,89.89,102.04,124.1,62.0,42.23,40.7,23.03,31.57,18.13,15.15,59.18,26.26,81.57,43.76,40.97,25.34,58.72,0.0,0.0
ANSURI_mal_0998,71.65,172.81,39.92,91.29,79.44,98.45,114.02,61.19,40.05,36.32,20.49,28.48,16.91,15.4,60.71,27.44,84.08,37.91,43.33,21.17,56.51,0.0,0.0
ANSURI_mal_0999,76.46,175.54,39.44,96.38,82.24,99.89,112.12,61.81,41.73,40.75,23.51,28.01,16.95,15.01,55.86,25.53,85.34,40.56,43.95,22.47,56.98,0.0,0.0
ANSURI_mal_1000,82.72,175.68,41.33,102.68,90.39,101.44,118.19,62.23,41.78,38.97,22.13,28.5,16.87,15.25,61.66,27.43,86.48,44.37,43.61,26.07,55.26,0.0,0.0
ANSURI_mal_1001,68.64,170.36,39.61,92.12,76.95,94.21,113.99,55.99,38.67,38.93,22.0,28.61,17.06,15.02,57.23,25.35,79.36,40.94,38.8,22.1,57.42,0.0,0.0
ANSURI_mal_1002,71.94,183.5,39.91,94.88,79.3,93.25,114.17,53.57,37.24,34.93,20.28,28.84,17.46,15.51,61.73,27.29,88.72,44.55,44.41,21.99,57.91,0.0,0.0
ANSURI_mal_1003,70.28,178.09,38.37,88.6,74.71,93.3,112.16,57.5,39.16,39.01,21.66,31.55,17.27,14.72,58.35,25.33,84.32,42.41,43.11,20.49,59.0,0.0,0.0
ANSURI_mal_1004,65.57,169.04,38.44,92.11,77.27,91.89,116.22,56.36,36.05,34.52,19.6,29.57,16.68,16.27,60.42,27.34,82.98,40.18,43.2,22.01,52.65,0.0,0.0
ANSURI_mal_1005,78.41,172.05,41.49,100.7,84.85,100.44,121.27,62.14,38.48,37.88,21.63,29.54,16.64,15.73,57.01,24.84,79.5,41.41,40.78,24.02,57.61,0.0,0.0
ANSURI_mal_1006,83.71,179.72,41.89,104.38,85.54,99.28,123.34,60.69,40.3,39.91,22.12,30.03,17.89,16.15,61.89,28.8,86.78,43.5,44.1,24.74,57.31,0.0,0.0
ANSURI_mal_1007,78.64,172.34,42.69,104.35,83.06,98.0,123.74,59.27,39.12,37.74,21.61,32.17,16.68,14.68,62.04,27.26,84.8,39.38,42.2,25.93,56.25,0.0,0.0
ANSURI_mal_1008,75.76,176.16,41.16,99.94,83.28,95.84,118.06,59.46,37.21,37.87,21.57,28.08,15.89,14.95,57.9,25.47,83.5,42.88,42.17,23.94,57.52,0.0,0.0
ANSURI_mal_1009,69.55,166.24,38.66,89.02,86.49,99.26,105.56,59.82,40.78,38.38,22.43,27.15,16.35,14.76,54.42,24.6,77.66,38.58,36.88,21.98,58.09,0.0,0.0
ANSURI_mal_1010,73.39,184.22,42.06,94.59,77.54,93.54,115.95,53.66,35.03,36.59,22.08,31.95,17.79,14.32,67.72,30.02,94.72,41.66,46.74,22.84,57.83,0.0,0.0
ANSURI_mal_1011,78.55,167.53,42.36,105.05,93.32,99.46,119.84,63.14,39.59,34.41,19.96,29.51,16.22,14.2,57.56,26.46,80.71,39.97,41.74,26.12,56.72,0.0,0.0
ANSURI_mal_1012,81.08,184.31,40.23,93.6,84.49,102.29,115.96,62.71,40.71,38.22,23.08,28.22,16.38,15.63,63.99,29.24,91.95,41.33,46.43,21.85,56.83,0.0,0.0
ANSURI_mal_1013,78.29,174.16,41.16,99.4,89.22,99.05,115.66,58.77,39.33,36.76,21.27,31.24,18.09,14.88,60.8,27.24,83.23,40.8,41.57,24.52,57.37,0.0,0.0
ANSURI_mal_1014,77.74,173.36,41.41,99.17,81.07,100.53,116.51,62.72,39.65,41.02,23.57,30.6,17.27,15.78,58.07,27.07,84.21,40.34,41.75,22.62,57.42,0.0,0.0
ANSURI_mal_1015,71.81,172.87,40.77,97.61,77.81,95.88,115.46,57.91,37.27,38.02,21.68,28.98,16.56,14.45,59.49,26.92,84.39,41.49,41.61,23.81,57.16,0.0,0.0
ANSURI_mal_1016,77.48,165.29,42.43,102.28,84.79,100.71,118.99,63.64,40.58,39.31,22.52,30.77,16.64,14.54,55.7,25.85,76.69,40.22,38.88,25.05,56.07,0.0,0.0
ANSURI_mal_1017,70.97,183.82,38.52,89.17,82.22,96.6,108.44,56.98,37.24,34.19,21.41,26.72,17.13,14.98,60.91,27.71,91.21,41.37,45.47,20.27,57.79,0.0,0.0
ANSURI_mal_1018,73.31,174.89,40.0,98.2,86.64,96.58,108.89,57.47,38.13,37.57,21.32,29.05,16.79,12.68,59.54,28.01,87.96,39.09,45.13,24.61,54.48,0.0,0.0
ANSURI_mal_1019,99.43,180.49,43.23,107.7,102.99,113.54,124.09,70.26,42.26,40.65,23.5,31.58,18.12,15.46,61.96,27.9,89.92,40.29,45.68,26.6,57.78,0.0,0.0
ANSURI_mal_1020,67.2,172.42,39.75,95.33,78.73,92.23,115.73,54.37,34.77,36.53,20.45,29.01,16.23,14.77,60.09,24.99,84.16,41.87,42.37,21.29,56.74,0.0,0.0
ANSURI_mal_1021,85.27,181.08,42.36,99.23,85.03,102.85,123.69,64.83,40.7,37.85,22.58,30.84,17.84,15.76,64.77,29.05,91.38,41.83,46.34,24.43,56.97,0.0,0.0
ANSURI_mal_1022,101.06,187.64,45.05,108.32,97.07,108.63,124.63,66.63,42.24,44.53,24.23,32.16,18.71,14.41,66.48,28.62,93.78,44.67,44.87,26.67,59.07,0.0,0.0
ANSURI_mal_1023,66.31,183.78,38.35,91.39,77.28,91.41,109.11,51.97,35.52,32.11,19.88,27.25,16.05,14.39,63.37,27.1,92.86,42.47,47.06,22.53,54.51,0.0,0.0
ANSURI_mal_1024,74.44,167.48,43.14,100.44,88.45,97.14,119.17,58.21,38.18,36.48,20.07,28.75,16.28,15.8,56.58,26.13,78.22,42.13,38.93,25.26,54.81,0.0,0.0
ANSURI_mal_1025,67.02,181.69,38.97,90.65,79.97,92.28,107.72,53.13,36.82,32.92,19.95,26.15,16.8,15.58,62.48,27.79,89.5,45.1,44.43,20.95,56.63,0.0,0.0
ANSURI_mal_1026,62.01,161.62,39.94,94.96,79.18,92.55,110.17,55.0,35.45,33.36,18.69,27.93,15.88,13.59,54.22,24.67,76.63,37.97,39.29,22.5,54.65,0.0,0.0
ANSURI_mal_1027,71.71,175.35,40.87,95.6,78.82,94.63,113.72,54.25,38.01,38.93,23.47,29.76,17.35,14.31,60.5,27.85,84.55,43.39,41.0,22.3,58.06,0.0,0.0
ANSURI_mal_1028,93.38,184.42,42.9,103.6,96.45,106.38,119.2,65.24,42.58,40.25,23.08,30.28,18.19,16.25,59.57,27.11,87.88,42.71,44.17,26.2,59.64,0.0,0.0
ANSURI_mal_1029,84.0,180.05,41.29,100.24,90.02,102.27,114.35,62.06,41.22,39.87,22.97,29.91,17.07,13.29,62.26,28.14,87.49,43.62,43.76,24.29,57.05,0.0,0.0
ANSURI_mal_1030,65.5,175.7,39.61,88.64,76.17,90.81,109.03,52.33,36.82,36.6,21.66,29.08,17.02,13.73,61.13,26.56,85.0,42.47,42.0,20.83,56.65,0.0,0.0
ANSURI_mal_1031,93.93,178.14,42.85,105.87,96.72,108.89,123.33,67.64,41.71,41.61,22.66,30.68,17.26,14.83,62.68,26.52,84.24,42.49,41.83,26.23,58.12,0.0,0.0
ANSURI_mal_1032,110.37,184.05,46.35,114.28,107.13,113.51,129.22,70.61,45.54,44.4,23.88,32.58,19.1,15.26,62.64,28.85,87.33,45.33,44.46,28.17,60.57,0.0,0.0
ANSURI_mal_1033,91.25,182.02,44.66,107.27,90.18,103.09,126.95,59.55,40.1,40.31,23.6,33.59,19.32,15.39,62.85,26.69,86.27,43.66,44.25,26.46,58.61,0.0,0.0
ANSURI_mal_1034,69.82,173.18,39.77,94.73,82.6,92.76,114.65,55.0,36.67,36.68,23.18,27.68,16.25,15.82,59.78,26.83,85.12,41.46,43.12,23.8,56.93,0.0,0.0
ANSURI_mal_1035,62.16,166.13,39.93,91.31,76.11,90.59,111.71,53.67,36.44,33.79,19.71,28.99,16.29,15.36,53.72,24.13,78.95,42.19,40.7,21.67,55.04,0.0,0.0
ANSURI_mal_1036,76.42,169.57,41.37,96.89,84.0,100.39,118.49,60.95,40.27,39.56,22.08,30.15,17.31,15.17,58.54,25.94,80.75,39.46,39.75,24.2,55.89,0.0,0.0
ANSURI_mal_1037,91.84,187.94,43.6,103.25,89.71,105.28,122.59,63.11,40.64,40.08,23.55,32.38,18.96,15.63,66.75,31.19,95.77,41.7,47.18,24.5,58.67,0.0,0.0
ANSURI_mal_1038,74.14,161.09,41.43,96.87,85.85,99.84,117.37,61.68,42.77,40.0,23.18,30.88,18.09,14.67,53.38,23.6,73.23,39.73,38.73,23.13,56.08,0.0,0.0
ANSURI_mal_1039,64.96,175.46,39.28,92.88,75.06,91.6,112.12,51.79,33.8,34.18,20.45,29.27,16.62,14.55,59.05,26.55,85.26,42.27,43.58,21.82,56.09,0.0,0.0
ANSURI_mal_1040,64.36,169.93,39.11,89.13,76.23,92.73,108.79,55.47,36.9,35.78,20.41,27.82,16.43,15.21,56.18,25.57,79.83,43.12,40.66,21.36,55.84,0.0,0.0
ANSURI_mal_1041,77.55,177.65,42.37,99.28,84.0,98.43,122.85,59.13,37.91,35.72,21.52,30.46,17.72,16.72,57.45,26.23,84.97,43.65,42.79,22.26,56.06,0.0,0.0
ANSURI_mal_1042,72.96,177.82,40.25,95.87,83.87,95.54,114.37,56.13,36.95,35.19,21.81,28.94,16.93,14.74,61.12,27.83,86.38,43.62,44.15,22.23,56.67,0.0,0.0
ANSURI_mal_1043,84.57,172.37,44.13,113.06,92.37,99.48,122.1,59.32,39.49,39.61,22.98,31.62,16.83,14.45,56.36,25.38,81.56,41.25,39.81,27.91,55.98,0.0,0.0
ANSURI_mal_1044,70.4,175.82,39.47,93.24,76.7,95.14,108.85,56.78,39.21,38.56,23.23,28.51,17.45,14.22,59.81,28.82,86.51,40.95,42.1,22.1,57.78,0.0,0.0
ANSURI_mal_1045,93.13,178.54,43.61,109.62,94.61,104.96,126.91,64.98,41.61,41.33,22.16,34.25,18.76,14.93,64.31,28.43,86.32,43.85,44.81,24.52,58.72,0.0,0.0
ANSURI_mal_1046,83.57,176.03,42.36,102.5,92.11,102.17,118.75,63.17,39.39,37.59,21.6,30.38,17.41,15.16,62.02,28.32,85.68,41.41,42.96,25.38,58.79,0.0,0.0
ANSURI_mal_1047,84.71,180.28,42.47,103.33,87.76,102.13,121.78,63.37,38.68,38.79,21.68,31.11,16.7,15.02,63.93,28.59,91.44,41.4,46.13,25.35,57.43,0.0,0.0
ANSURI_mal_1048,98.84,183.61,43.8,107.2,95.22,110.4,126.05,68.8,42.5,40.68,23.92,33.63,18.44,15.85,66.62,31.69,90.56,43.65,45.44,25.47,58.17,0.0,0.0
ANSURI_mal_1049,60.8,168.74,38.4,87.18,73.29,90.84,107.0,52.5,36.58,35.38,20.19,28.12,16.11,13.23,57.17,25.25,79.51,42.13,40.52,20.72,54.32,0.0,0.0
ANSURI_mal_1050,67.31,180.27,37.82,89.58,81.16,92.84,104.84,52.3,36.12,34.86,21.06,27.01,17.23,13.56,61.13,27.35,87.29,45.47,43.98,21.41,58.33,0.0,0.0
ANSURI_mal_1051,56.62,165.28,38.1,84.13,70.62,86.4,106.91,52.29,35.87,34.8,20.55,27.11,16.46,14.01,57.59,26.7,78.31,39.01,40.31,19.03,55.16,0.0,0.0
ANSURI_mal_1052,70.09,172.57,41.2,94.75,78.16,93.72,115.39,57.25,36.23,35.91,20.38,30.93,17.38,13.82,61.72,27.37,84.64,37.67,43.19,23.01,59.01,0.0,0.0
ANSURI_mal_1053,63.99,170.61,39.57,93.84,74.21,89.61,114.16,52.03,35.84,33.7,21.56,29.37,16.44,15.97,54.31,26.1,81.32,43.3,40.43,23.19,55.92,0.0,0.0
ANSURI_mal_1054,74.67,183.29,40.61,94.53,80.58,94.83,116.43,55.31,36.69,38.37,22.56,29.23,16.76,15.4,61.18,27.4,87.4,47.13,44.39,21.42,55.46,0.0,0.0
ANSURI_mal_1055,82.89,173.46,41.27,105.88,95.18,103.61,120.84,61.82,38.79,36.17,20.59,28.09,16.45,15.17,59.61,26.57,83.5,42.97,42.83,25.99,54.45,0.0,0.0
ANSURI_mal_1056,70.2,177.92,40.23,94.54,76.73,93.46,116.39,54.76,35.79,34.78,21.79,30.48,17.41,15.26,61.58,27.26,87.82,42.65,43.84,22.16,58.09,0.0,0.0
ANSURI_mal_1057,85.97,184.28,44.05,103.93,90.3,98.89,123.22,57.21,38.76,38.94,22.77,31.16,19.14,15.45,62.2,27.6,88.38,45.52,44.34,24.25,57.79,0.0,0.0
ANSURI_mal_1058,76.31,177.44,41.02,97.59,82.18,96.64,115.99,57.21,39.98,40.03,22.88,30.73,17.24,14.28,63.02,28.22,88.53,43.97,43.9,22.58,56.71,0.0,0.0
ANSURI_mal_1059,74.88,170.49,41.82,100.3,82.65,95.99,117.05,58.88,39.73,38.85,21.41,28.95,16.84,14.7,59.99,27.18,83.02,43.5,42.29,25.68,57.76,0.0,0.0
ANSURI_mal_1060,88.19,181.84,44.81,100.75,89.47,104.06,122.73,65.04,40.35,38.89,21.87,32.7,17.24,13.99,65.25,29.33,91.7,40.77,46.52,24.54,58.06,0.0,0.0
ANSURI_mal_1061,85.43,169.59,42.91,102.89,93.45,104.03,122.0,64.49,42.86,41.74,23.12,31.41,17.94,15.33,57.54,25.87,79.16,39.07,40.48,25.52,56.64,0.0,0.0
ANSURI_mal_1062,96.78,176.77,44.14,109.19,99.26,110.8,126.66,69.3,43.41,41.37,22.27,32.71,18.59,14.82,61.25,28.27,87.22,39.43,43.14,26.34,56.9,0.0,0.0
ANSURI_mal_1063,90.64,183.77,43.05,108.9,95.81,103.61,125.4,62.58,38.72,36.23,21.03,27.73,16.48,16.42,60.88,27.26,85.87,42.88,43.96,26.37,57.59,0.0,0.0
ANSURI_mal_1064,70.97,171.32,40.81,97.17,80.07,95.3,114.58,54.91,38.13,37.83,22.39,29.88,17.84,14.5,56.86,25.44,81.41,42.32,39.89,22.74,57.66,0.0,0.0
ANSURI_mal_1065,64.9,166.39,39.7,94.51,81.72,91.56,110.0,55.68,36.46,33.47,19.38,28.19,15.79,14.33,56.68,26.04,80.65,41.27,41.94,24.05,55.2,0.0,0.0
ANSURI_mal_1066,66.63,174.52,39.79,95.37,76.99,91.84,114.08,52.29,35.88,35.02,21.04,28.57,16.23,15.11,58.88,26.35,84.63,42.79,42.84,21.84,56.91,0.0,0.0
ANSURI_mal_1067,63.71,172.59,38.74,91.19,72.58,91.83,107.13,54.12,35.93,34.46,20.72,28.39,17.47,13.39,58.8,26.04,83.36,42.07,42.24,22.04,55.17,0.0,0.0
ANSURI_mal_1068,85.72,179.57,41.08,99.44,90.04,103.48,117.67,64.07,41.68,39.4,23.22,30.96,18.03,14.0,62.35,27.48,85.0,43.14,41.32,23.29,57.7,0.0,0.0
ANSURI_mal_1069,79.5,179.4,41.8,99.63,80.9,98.39,118.46,60.03,40.16,38.72,23.51,31.15,17.27,14.19,59.07,26.61,85.65,45.1,42.62,23.2,57.48,0.0,0.0
ANSURI_mal_1070,53.09,155.48,37.38,85.17,73.86,85.62,106.91,52.52,35.27,32.96,20.85,26.35,15.59,15.74,50.0,22.35,71.05,37.53,36.39,19.26,54.46,0.0,0.0
ANSURI_mal_1071,87.96,178.87,43.02,103.18,93.28,103.47,121.55,63.03,40.53,40.82,23.23,31.52,16.89,14.74,61.59,26.93,85.22,42.93,42.18,24.47,58.62,0.0,0.0
ANSURI_mal_1072,70.8,170.42,39.83,95.7,84.95,96.18,110.95,58.1,37.13,36.08,22.2,28.15,17.16,14.29,55.37,25.49,80.8,41.47,41.72,23.23,54.7,0.0,0.0
ANSURI_mal_1073,69.61,181.24,40.17,93.26,77.62,93.2,113.98,54.95,35.16,34.89,21.39,29.1,16.56,15.38,62.3,28.84,93.02,41.81,46.57,22.04,57.16,0.0,0.0
ANSURI_mal_1074,70.14,167.11,42.29,99.52,84.29,93.85,118.17,56.24,35.81,34.41,20.27,29.48,16.56,14.97,58.98,25.86,81.02,41.78,40.72,24.75,55.0,0.0,0.0
ANSURI_mal_1075,81.38,175.71,42.41,102.3,93.92,100.63,116.05,59.67,38.52,37.33,21.32,29.72,18.12,14.92,59.95,27.63,84.16,42.33,42.16,24.72,58.36,0.0,0.0
ANSURI_mal_1076,77.08,173.45,41.02,96.99,83.55,98.14,116.14,58.08,41.51,40.22,22.48,30.66,17.64,15.12,58.24,26.51,80.69,42.66,41.02,24.27,55.78,0.0,0.0
ANSURI_mal_1077,73.66,179.34,40.15,96.22,78.28,94.76,113.21,56.78,38.47,40.89,22.08,29.31,17.53,15.11,64.38,30.91,91.74,40.68,46.65,22.38,56.79,0.0,0.0
ANSURI_mal_1078,81.95,181.35,42.25,103.44,89.39,99.52,122.22,59.68,38.69,35.35,20.39,28.68,17.46,15.45,60.82,27.23,87.71,41.25,44.59,23.85,57.95,0.0,0.0
ANSURI_mal_1079,78.66,167.83,41.71,104.65,91.31,99.23,118.38,59.8,38.89,38.57,23.68,30.26,17.66,14.58,55.34,24.2,78.8,42.1,38.9,25.75,56.76,0.0,0.0
ANSURI_mal_1080,87.47,170.28,42.96,108.81,100.7,103.18,121.42,61.84,41.67,41.12,23.4,30.39,18.25,14.81,58.5,26.24,80.98,43.04,40.9,26.92,55.42,0.0,0.0
ANSURI_mal_1081,82.09,178.66,42.83,103.86,83.86,97.76,122.33,59.88,40.45,40.06,22.5,31.6,17.69,16.06,58.72,26.04,86.42,44.54,42.1,25.01,56.44,0.0,0.0
ANSURI_mal_1082,74.83,177.87,40.83,96.02,87.17,95.59,113.19,57.43,37.36,36.34,22.39,29.15,17.33,14.63,60.51,27.76,85.87,43.63,43.81,22.37,56.51,0.0,0.0
ANSURI_mal_1083,71.52,171.92,40.19,94.49,81.92,97.5,114.66,58.91,38.21,36.73,21.99,29.61,16.55,14.42,56.12,25.62,83.0,41.06,41.89,21.56,56.76,0.0,0.0
ANSURI_mal_1084,66.54,178.51,39.98,92.54,75.93,91.92,109.08,53.77,34.94,34.14,21.33,27.77,17.3,14.82,58.46,26.68,86.69,45.8,43.42,21.83,54.58,0.0,0.0
ANSURI_mal_1085,70.22,163.41,40.08,97.79,86.61,96.59,113.17,59.11,39.06,37.73,21.29,27.95,16.35,14.38,54.16,24.39,77.91,38.76,40.18,24.59,55.17,0.0,0.0
ANSURI_mal_1086,96.67,176.47,43.93,111.62,99.27,110.68,124.07,68.05,42.1,41.22,23.15,31.4,17.49,14.44,59.95,25.93,82.34,43.8,42.14,26.5,58.67,0.0,0.0
ANSURI_mal_1087,75.36,177.19,41.7,96.2,78.76,99.39,113.53,57.24,39.19,37.76,23.74,32.4,18.7,15.01,59.49,26.48,87.04,39.68,42.85,22.97,56.92,0.0,0.0
ANSURI_mal_1088,84.26,178.68,42.11,103.53,86.4,100.43,121.85,60.93,40.53,39.89,22.55,32.65,18.25,16.13,60.08,27.49,85.46,45.63,43.39,24.38,57.19,0.0,0.0
ANSURI_mal_1089,67.5,176.3,41.17,92.76,76.59,93.94,113.07,54.19,35.6,35.25,20.69,28.03,16.83,15.37,59.9,26.68,87.13,40.39,43.76,21.48,57.18,0.0,0.0
ANSURI_mal_1090,73.27,176.78,39.63,97.33,86.86,93.87,112.06,54.77,37.11,37.1,20.81,29.05,17.25,14.68,58.72,25.83,82.88,44.06,42.45,23.07,55.97,0.0,0.0
ANSURI_mal_1091,79.45,174.46,41.44,100.45,96.46,100.89,112.73,58.95,38.84,34.27,21.04,28.98,18.12,14.18,59.07,27.23,83.27,40.51,42.79,25.21,55.84,0.0,0.0
ANSURI_mal_1092,75.24,172.72,39.91,99.25,87.28,98.97,116.42,61.2,38.55,36.89,20.44,27.51,16.28,14.87,58.78,26.98,85.28,40.86,43.05,23.33,56.69,0.0,0.0
ANSURI_mal_1093,59.99,169.46,39.18,88.39,72.41,88.3,108.65,51.16,35.56,34.98,20.89,28.75,16.63,13.64,57.14,25.94,81.98,40.88,41.36,20.52,55.48,0.0,0.0
ANSURI_mal_1094,73.63,169.51,40.83,97.8,88.43,95.48,114.69,57.53,39.2,38.07,22.29,28.58,17.03,13.99,58.42,25.96,80.71,40.71,40.41,23.9,57.79,0.0,0.0
ANSURI_mal_1095,82.56,179.36,42.55,101.95,86.38,99.96,123.66,60.0,41.01,38.18,21.9,30.7,17.57,15.69,61.05,27.38,88.79,41.99,45.08,24.5,56.52,0.0,0.0
ANSURI_mal_1096,75.08,181.74,40.62,94.8,81.25,96.02,110.01,59.07,39.81,36.51,20.6,29.26,18.1,13.98,58.68,26.16,87.6,43.98,44.15,22.58,57.18,0.0,0.0
ANSURI_mal_1097,80.74,181.07,41.55,94.82,88.43,100.44,113.43,60.49,41.59,37.92,21.19,29.76,18.06,14.7,60.26,28.43,86.5,43.38,43.82,23.36,56.64,0.0,0.0
ANSURI_mal_1098,71.36,168.85,41.02,98.37,79.93,94.72,116.44,56.77,39.77,37.99,22.02,30.77,17.21,14.95,56.95,25.08,80.28,40.99,40.32,23.38,55.68,0.0,0.0
ANSURI_mal_1099,84.03,169.36,40.66,105.77,92.26,102.67,118.57,66.54,43.54,40.14,22.38,30.19,16.74,13.88,55.66,24.45,79.05,40.09,40.53,25.91,57.95,0.0,0.0
ANSURI_mal_1100,69.82,170.28,40.55,95.0,79.19,95.49,114.78,57.19,37.53,37.1,21.4,30.4,16.91,15.11,57.45,25.41,82.65,39.82,42.01,22.66,57.26,0.0,0.0
ANSURI_mal_1101,99.1,180.34,44.68,112.51,99.8,108.22,126.57,64.99,41.92,43.05,24.43,31.03,17.98,15.63,63.0,28.67,85.22,43.42,42.2,28.44,59.29,0.0,0.0
ANSURI_mal_1102,80.76,177.63,41.95,101.82,82.1,100.32,119.05,60.12,40.37,38.06,21.84,32.15,18.32,14.52,59.27,26.97,82.87,43.67,42.44,23.64,57.82,0.0,0.0
ANSURI_mal_1103,76.35,170.15,40.25,99.05,82.56,102.04,116.0,63.74,40.42,37.42,21.15,29.69,16.54,14.5,59.69,27.21,83.04,36.88,40.96,24.28,55.21,0.0,0.0
ANSURI_mal_1104,72.16,168.05,40.69,95.6,84.76,97.44,114.54,61.85,38.22,35.27,19.86,30.2,17.08,13.81,58.86,25.45,81.85,37.46,42.35,23.57,56.63,0.0,0.0
ANSURI_mal_1105,68.1,171.22,40.33,91.74,75.4,93.08,113.78,58.04,37.86,37.53,21.46,29.71,17.33,14.0,61.39,27.82,85.57,37.81,42.35,21.91,56.35,0.0,0.0
ANSURI_mal_1106,75.2,175.95,41.17,96.41,86.66,98.62,115.02,57.2,37.36,37.64,22.09,29.92,17.13,15.05,59.2,24.98,86.15,42.46,43.65,22.73,56.47,0.0,0.0
ANSURI_mal_1107,80.53,177.99,42.33,97.02,88.1,101.05,119.37,59.04,38.41,37.93,22.02,31.05,17.81,15.72,57.93,25.07,83.05,42.67,41.66,23.55,58.11,0.0,0.0
ANSURI_mal_1108,84.36,173.02,43.71,103.52,93.88,104.35,117.41,62.84,40.31,38.29,21.92,31.46,17.88,13.95,58.33,25.44,80.67,40.73,41.42,24.57,57.43,0.0,0.0
ANSURI_mal_1109,86.37,184.22,41.4,95.47,86.92,106.14,116.23,62.89,41.79,39.41,24.39,30.83,19.25,14.67,65.46,29.0,91.24,43.76,46.14,22.94,56.32,0.0,0.0
ANSURI_mal_1110,65.61,173.89,38.37,87.98,82.26,93.07,106.63,53.99,36.6,34.34,20.44,27.75,16.51,14.02,57.48,24.47,83.41,42.28,41.68,21.21,58.36,0.0,0.0
ANSURI_mal_1111,74.5,175.27,40.82,100.72,81.44,96.25,114.93,58.94,38.22,36.67,21.04,30.17,18.15,13.65,61.12,26.22,88.51,41.46,44.41,23.96,56.32,0.0,0.0
ANSURI_mal_1112,80.88,166.94,42.33,101.44,87.05,102.28,120.19,63.43,42.84,41.92,23.64,30.61,17.23,15.03,56.71,23.91,76.55,41.79,37.89,24.83,58.75,0.0,0.0
ANSURI_mal_1113,79.74,182.56,41.83,101.92,82.48,97.85,120.54,58.57,39.44,36.37,21.57,29.89,17.56,15.23,61.21,26.73,89.02,42.64,45.06,23.23,59.08,0.0,0.0
ANSURI_mal_1114,70.06,167.91,40.35,95.13,81.12,96.11,116.22,58.36,37.67,37.47,21.37,30.17,16.62,16.2,54.9,24.55,78.48,41.96,40.76,21.75,56.18,0.0,0.0
ANSURI_mal_1115,64.3,172.02,39.33,91.15,77.3,90.09,111.37,51.68,34.37,35.68,21.6,27.81,16.82,14.61,61.55,27.01,83.53,40.12,42.72,22.38,55.95,0.0,0.0
ANSURI_mal_1116,89.73,182.19,42.75,103.72,93.01,105.76,121.7,63.8,41.11,38.78,21.68,30.72,17.66,15.07,62.41,27.02,88.6,41.94,43.26,25.32,59.99,0.0,0.0
ANSURI_mal_1117,76.07,173.53,41.65,102.11,81.12,99.31,118.09,59.27,39.42,37.07,22.13,29.14,17.15,14.61,58.86,26.05,85.48,41.51,43.21,24.67,54.35,0.0,0.0
ANSURI_mal_1118,73.77,174.44,41.05,95.94,82.69,96.33,120.01,57.42,37.5,37.29,21.32,29.59,17.52,16.92,58.89,26.1,84.72,43.09,41.96,22.79,56.36,0.0,0.0
ANSURI_mal_1119,70.62,174.72,40.13,93.25,77.42,94.75,111.83,57.5,39.31,38.04,21.7,29.16,17.38,15.02,56.98,26.08,83.91,42.75,42.16,22.17,57.48,0.0,0.0
ANSURI_mal_1120,87.22,172.66,42.37,107.73,95.22,105.47,123.76,61.98,41.1,40.39,21.45,32.49,18.54,16.01,62.0,27.32,85.14,40.36,42.0,26.6,55.87,0.0,0.0
ANSURI_mal_1121,66.36,172.94,40.43,94.66,81.61,92.6,113.93,53.44,34.74,33.06,20.67,27.43,16.31,15.95,58.35,26.38,85.44,41.89,44.67,21.94,56.46,0.0,0.0
ANSURI_mal_1122,53.4,169.83,36.97,84.45,70.62,83.71,105.04,49.38,32.18,32.04,19.22,24.4,15.63,15.03,58.9,26.89,85.04,38.94,43.62,18.89,56.46,0.0,0.0
ANSURI_mal_1123,64.55,172.18,39.62,92.67,77.94,93.53,110.32,53.69,35.85,32.54,19.74,27.63,17.14,14.13,57.13,25.48,84.46,39.49,42.05,21.53,55.89,0.0,0.0
ANSURI_mal_1124,64.49,169.05,38.48,91.53,79.38,92.67,110.08,56.7,36.89,34.23,19.57,26.82,16.26,14.46,56.65,25.13,82.87,40.21,41.89,22.11,53.72,0.0,0.0
ANSURI_mal_1125,75.11,174.71,41.65,100.86,81.88,95.66,119.63,55.91,37.33,39.09,21.2,28.87,17.16,15.54,59.74,26.56,83.08,42.56,42.53,24.31,56.46,0.0,0.0
ANSURI_mal_1126,70.38,169.67,39.93,96.27,78.32,95.19,118.75,56.89,37.37,36.61,21.97,32.07,17.1,15.34,58.94,26.01,81.21,40.89,40.76,22.17,54.62,0.0,0.0
ANSURI_mal_1127,100.32,185.42,44.44,110.21,97.48,108.58,129.72,68.45,42.26,41.14,23.68,31.1,18.04,15.95,63.72,28.33,92.11,43.44,46.37,27.03,57.55,0.0,0.0
ANSURI_mal_1128,79.74,173.45,42.51,98.65,86.99,100.05,119.63,61.65,40.69,39.16,22.18,30.52,17.72,14.58,59.92,26.68,83.68,41.51,42.11,23.52,57.9,0.0,0.0
ANSURI_mal_1129,69.49,164.44,40.03,95.98,84.54,94.72,115.01,56.53,39.2,37.85,21.69,29.19,17.02,14.65,56.02,24.56,78.4,40.53,39.8,24.07,55.98,0.0,0.0
ANSURI_mal_1130,76.97,183.62,39.84,95.58,85.18,98.03,114.77,56.86,39.71,34.91,21.75,29.19,17.23,15.18,64.81,28.53,92.15,44.13,44.06,22.77,57.09,0.0,0.0
ANSURI_mal_1131,97.65,180.66,42.34,114.0,102.14,109.66,124.8,65.58,43.8,40.36,21.18,30.88,17.54,15.46,62.37,27.87,88.58,42.39,45.24,27.0,58.27,0.0,0.0
ANSURI_mal_1132,79.35,172.02,43.51,101.31,90.3,99.48,117.51,59.16,38.2,38.46,21.96,29.58,17.18,14.85,59.27,26.63,80.63,41.87,40.43,25.59,59.71,0.0,0.0
ANSURI_mal_1133,77.85,175.23,41.56,99.32,86.04,100.26,115.29,58.63,38.02,38.9,22.69,29.41,17.46,14.93,56.54,25.39,81.77,40.71,40.68,23.85,58.23,0.0,0.0
ANSURI_mal_1134,54.95,171.53,36.23,83.65,72.6,86.44,103.68,50.4,33.43,30.58,18.73,24.42,15.74,15.4,57.94,26.48,82.91,42.28,41.28,19.05,54.02,0.0,0.0
ANSURI_mal_1135,72.87,170.4,40.27,96.19,85.81,99.36,113.33,57.32,38.95,35.73,21.08,28.86,17.62,14.48,57.35,26.21,80.18,42.12,40.93,22.96,55.86,0.0,0.0
ANSURI_mal_1136,85.42,173.88,45.66,108.66,94.74,100.92,121.7,59.32,39.51,36.69,22.07,31.12,17.99,13.29,60.73,27.28,82.85,40.09,40.68,28.23,58.52,0.0,0.0
ANSURI_mal_1137,74.92,170.72,41.83,98.61,81.07,96.97,117.33,59.24,38.56,38.98,23.09,30.44,17.52,15.42,57.03,25.56,79.26,42.56,39.64,24.33,55.91,0.0,0.0
ANSURI_mal_1138,75.81,165.86,42.36,103.49,88.01,98.86,118.28,60.07,38.97,37.18,22.64,29.0,16.7,15.36,55.52,24.86,77.05,41.5,38.59,25.37,55.3,0.0,0.0
ANSURI_mal_1139,88.98,183.32,42.07,106.19,90.85,103.42,120.96,62.52,39.65,41.15,21.86,32.36,16.81,14.47,61.66,27.09,90.46,42.95,44.94,25.76,58.0,0.0,0.0
ANSURI_mal_1140,113.47,180.57,46.02,125.82,108.09,114.15,138.41,70.87,44.84,40.69,23.0,33.08,19.32,16.17,64.12,27.86,86.03,43.91,42.78,31.22,57.99,0.0,0.0
ANSURI_mal_1141,74.8,173.73,40.3,96.5,89.93,99.75,113.8,58.03,38.05,35.01,21.36,26.66,16.11,15.2,59.39,26.08,82.62,43.89,41.02,23.54,56.39,0.0,0.0
ANSURI_mal_1142,82.37,170.58,43.09,101.15,90.06,103.91,122.06,63.48,41.29,40.09,22.11,30.88,16.54,16.74,57.37,27.24,80.51,40.53,40.46,24.28,56.89,0.0,0.0
ANSURI_mal_1143,78.76,172.3,42.47,100.97,84.8,98.84,117.65,59.63,40.64,38.98,22.58,32.14,17.68,14.67,58.74,25.99,79.73,43.24,40.36,23.88,57.66,0.0,0.0
ANSURI_mal_1144,71.71,183.53,39.53,91.24,79.05,96.62,114.1,57.88,36.2,33.45,20.62,27.71,16.14,15.35,64.01,28.49,92.83,41.48,47.03,21.17,56.67,0.0,0.0
ANSURI_mal_1145,74.3,183.03,39.87,90.06,79.63,95.36,115.66,57.0,38.81,38.96,22.97,30.33,17.77,16.54,63.07,29.81,91.76,42.36,45.53,20.42,56.77,0.0,0.0
ANSURI_mal_1146,76.77,175.51,41.83,99.04,82.89,99.08,117.72,58.45,39.5,36.95,21.89,32.08,16.99,14.71,59.1,25.76,82.75,42.33,42.09,22.32,56.21,0.0,0.0
ANSURI_mal_1147,79.55,171.5,42.65,104.97,86.79,98.59,121.64,59.33,39.77,37.76,21.62,32.54,17.67,14.91,55.99,24.66,80.8,41.64,40.42,25.54,56.84,0.0,0.0
ANSURI_mal_1148,78.43,176.89,42.11,98.35,88.75,97.52,116.66,58.88,38.81,39.29,21.36,30.99,17.54,15.29,58.92,25.97,85.57,40.82,42.26,23.41,57.51,0.0,0.0
ANSURI_mal_1149,85.38,170.71,43.64,110.65,93.33,100.81,126.3,61.92,38.86,40.33,22.32,31.51,17.09,15.82,58.8,26.47,80.6,42.29,40.59,26.62,57.5,0.0,0.0
ANSURI_mal_1150,92.18,188.57,42.83,103.96,97.93,103.64,123.22,60.61,39.9,37.38,21.72,30.47,17.06,15.86,64.17,28.59,91.06,46.62,44.79,25.56,56.85,0.0,0.0
ANSURI_mal_1151,77.81,171.93,40.66,92.34,85.17,105.23,114.4,64.51,41.38,38.33,21.81,27.98,16.32,14.06,59.84,26.25,82.58,39.61,42.09,23.05,56.44,0.0,0.0
ANSURI_mal_1152,79.42,184.76,41.39,95.97,82.61,98.1,116.41,57.27,38.07,38.98,22.28,30.0,18.91,15.6,62.07,28.72,88.63,45.14,44.89,22.92,57.13,0.0,0.0
ANSURI_mal_1153,82.85,174.24,43.04,101.59,91.1,100.62,117.63,60.95,40.31,41.3,23.35,31.37,17.85,14.9,57.75,25.33,82.84,42.27,41.79,25.89,54.99,0.0,0.0
ANSURI_mal_1154,70.68,179.6,39.78,92.21,79.65,94.42,111.59,55.91,37.52,34.76,20.7,27.46,16.66,15.53,60.08,26.97,86.04,45.66,43.58,22.73,56.15,0.0,0.0
ANSURI_mal_1155,77.29,177.31,39.24,92.5,80.57,101.44,112.55,62.28,40.88,42.21,22.84,28.04,16.52,14.13,62.46,28.4,88.29,40.09,44.22,22.54,57.96,0.0,0.0
ANSURI_mal_1156,74.8,175.43,41.62,93.8,87.92,98.7,112.7,57.96,37.87,35.95,21.28,29.07,16.78,14.83,58.91,26.87,82.58,43.11,41.31,22.4,57.29,0.0,0.0
ANSURI_mal_1157,72.97,170.45,40.22,97.69,85.22,97.17,114.84,57.97,40.03,36.18,20.76,28.59,16.63,15.24,54.9,24.61,78.8,45.02,39.16,22.99,57.06,0.0,0.0
ANSURI_mal_1158,72.89,166.5,43.74,96.01,78.38,96.47,119.67,60.63,40.17,38.77,21.8,32.66,17.36,14.62,58.99,27.85,81.11,38.41,40.37,22.98,57.23,0.0,0.0
ANSURI_mal_1159,79.3,174.38,42.62,99.21,87.78,100.96,119.15,59.85,38.63,36.8,21.63,29.47,17.3,15.03,58.74,26.07,81.49,43.06,43.01,24.19,57.36,0.0,0.0
ANSURI_mal_1160,80.62,178.4,41.71,97.8,86.63,101.35,118.19,61.29,40.03,37.42,23.1,29.53,17.55,14.48,59.38,25.92,85.89,41.6,42.67,23.64,56.68,0.0,0.0
ANSURI_mal_1161,70.54,175.35,41.12,89.96,76.07,96.04,115.6,58.58,37.65,35.3,20.96,31.8,17.57,14.44,61.68,27.92,88.0,39.99,43.46,21.12,57.58,0.0,0.0
ANSURI_mal_1162,92.02,183.89,43.53,101.99,93.87,106.65,121.95,64.41,41.95,39.15,24.17,30.29,18.23,15.19,63.67,28.82,87.94,44.32,43.74,24.16,58.31,0.0,0.0
ANSURI_mal_1163,86.44,179.44,43.13,103.61,92.26,105.82,122.59,64.31,40.7,35.8,21.39,29.65,17.35,15.42,62.68,29.76,91.6,38.58,46.13,25.61,57.63,0.0,0.0
ANSURI_mal_1164,76.91,169.97,42.12,103.85,89.46,95.07,122.2,56.79,37.23,38.81,21.92,30.36,17.35,15.83,58.92,26.25,81.8,41.83,39.41,26.14,54.75,0.0,0.0
ANSURI_mal_1165,71.63,174.78,40.79,94.64,85.86,96.84,112.97,56.16,37.01,34.07,19.65,28.92,16.89,14.53,59.34,26.48,85.06,39.72,43.73,23.03,57.05,0.0,0.0
ANSURI_mal_1166,89.84,182.18,43.96,106.55,94.01,105.51,124.03,64.15,39.27,39.62,23.12,29.13,16.63,16.57,61.17,28.28,92.42,43.61,46.17,25.78,59.65,0.0,0.0
ANSURI_mal_1167,70.87,161.8,40.94,98.65,87.2,96.48,118.53,61.48,36.64,36.78,20.47,28.9,15.65,14.9,54.47,23.86,75.57,40.04,37.9,23.85,55.25,0.0,0.0
ANSURI_mal_1168,82.71,175.02,42.03,99.22,90.7,103.67,117.4,64.33,40.56,37.77,22.04,29.14,17.43,14.49,58.05,25.34,81.82,42.68,40.27,24.21,57.54,0.0,0.0
ANSURI_mal_1169,77.08,179.89,42.44,94.81,85.11,98.06,116.4,58.38,37.02,36.2,20.64,29.77,17.98,14.64,62.13,26.92,85.72,43.7,43.74,22.53,58.27,0.0,0.0
ANSURI_mal_1170,68.89,167.85,40.13,99.55,83.11,91.5,117.94,57.01,37.07,34.87,20.69,28.12,15.84,15.79,56.74,25.04,81.06,42.63,41.46,23.65,54.83,0.0,0.0
ANSURI_mal_1171,72.08,170.62,40.95,97.84,80.03,96.21,116.89,57.18,39.68,38.63,21.05,28.83,17.13,14.97,60.2,26.34,83.15,42.15,41.23,22.78,56.78,0.0,0.0
ANSURI_mal_1172,71.33,169.1,41.73,93.7,85.78,95.81,115.0,57.14,38.76,36.06,20.81,31.78,17.25,14.52,59.85,26.32,83.53,39.51,42.09,23.22,55.03,0.0,0.0
ANSURI_mal_1173,99.0,186.94,44.23,108.97,100.93,104.92,127.51,63.61,40.57,41.35,23.65,33.42,19.39,15.06,67.07,28.64,93.62,44.1,48.67,27.2,57.53,0.0,0.0
ANSURI_mal_1174,59.07,162.18,38.75,90.25,73.63,87.6,111.54,52.46,35.32,34.24,20.55,28.6,16.6,15.09,53.67,23.79,76.08,40.34,38.61,21.86,55.8,0.0,0.0
ANSURI_mal_1175,78.05,176.14,41.41,96.48,88.08,99.88,116.56,59.94,39.71,35.41,22.03,29.93,17.28,15.6,59.21,26.01,83.75,43.71,42.72,23.5,56.11,0.0,0.0
ANSURI_mal_1176,67.64,171.48,38.42,91.53,80.81,92.07,112.26,55.7,38.94,37.16,21.58,29.61,16.73,15.95,59.64,27.23,86.04,42.11,43.2,22.25,54.21,0.0,0.0
ANSURI_mal_1177,66.94,179.26,40.11,93.81,75.97,90.72,112.18,55.4,34.07,32.75,19.64,29.81,16.05,14.83,60.84,29.26,92.26,41.15,46.55,22.92,56.52,0.0,0.0
ANSURI_mal_1178,82.39,174.78,42.67,103.79,94.25,101.6,117.9,59.4,39.69,37.56,22.69,30.24,17.15,14.28,58.07,25.7,83.79,43.48,41.52,25.2,56.72,0.0,0.0
ANSURI_mal_1179,73.04,178.46,40.99,95.58,81.15,92.82,118.99,53.15,36.93,36.27,20.78,31.34,18.4,16.05,62.27,28.02,86.83,44.11,43.25,23.28,56.71,0.0,0.0
ANSURI_mal_1180,73.85,166.1,39.79,96.02,85.06,99.78,118.05,62.58,40.25,40.03,22.33,28.1,16.96,15.54,55.19,24.16,77.67,41.0,39.77,21.71,55.93,0.0,0.0
ANSURI_mal_1181,82.78,174.82,41.23,100.17,89.93,102.31,122.51,60.02,41.94,39.81,23.88,30.34,17.44,16.06,58.74,25.76,81.4,43.65,39.89,23.62,55.1,0.0,0.0
ANSURI_mal_1182,79.37,171.17,41.4,98.58,87.95,103.13,115.86,63.23,39.83,39.72,22.32,29.82,16.36,14.44,57.81,24.94,81.19,40.53,40.89,24.53,55.31,0.0,0.0
ANSURI_mal_1183,71.44,177.11,40.21,92.88,78.65,93.3,112.41,53.58,38.29,39.26,23.64,30.35,17.63,15.57,59.64,26.63,83.09,43.2,42.46,22.21,56.79,0.0,0.0
ANSURI_mal_1184,81.89,178.54,42.57,103.51,90.13,101.35,117.03,59.75,39.68,35.67,21.6,30.04,17.2,14.29,62.65,27.83,88.66,44.38,44.21,25.52,56.02,0.0,0.0
ANSURI_mal_1185,97.59,175.36,44.37,111.94,101.38,110.01,127.76,66.35,43.18,40.77,23.41,33.96,18.11,16.35,59.3,27.36,83.52,43.27,41.59,28.45,56.55,0.0,0.0
ANSURI_mal_1186,56.61,160.83,38.51,87.61,70.17,87.94,108.47,51.74,35.44,35.09,21.03,29.52,16.69,13.19,55.02,24.08,76.9,36.29,37.94,20.14,55.36,0.0,0.0
ANSURI_mal_1187,67.27,172.42,39.05,88.15,76.55,96.02,109.41,56.86,36.94,37.04,21.93,29.41,16.6,15.0,58.51,26.27,82.56,41.78,41.81,21.11,55.61,0.0,0.0
ANSURI_mal_1188,73.63,171.64,41.11,95.49,83.54,96.86,113.33,57.55,38.39,39.64,22.98,31.05,16.63,14.03,58.16,26.48,82.14,43.69,41.01,23.32,57.03,0.0,0.0
ANSURI_mal_1189,88.08,169.29,43.86,111.66,99.88,105.54,120.84,63.05,41.37,39.7,22.81,31.42,16.97,14.13,58.44,25.96,80.6,43.51,39.8,27.09,55.94,0.0,0.0
ANSURI_mal_1190,67.42,162.75,40.62,96.56,85.31,95.32,114.64,55.62,36.32,35.92,21.2,29.59,16.97,14.12,56.16,24.96,77.92,38.75,40.33,22.85,52.63,0.0,0.0
ANSURI_mal_1191,82.05,170.87,40.16,100.72,95.8,104.17,115.8,64.96,39.8,39.64,21.7,29.29,17.16,14.74,58.32,26.78,81.02,40.23,40.65,23.77,54.78,0.0,0.0
ANSURI_mal_1192,91.86,186.63,40.9,103.88,94.16,104.38,121.56,63.55,39.64,39.4,23.0,31.48,18.39,15.48,66.9,29.16,93.07,45.03,44.18,26.18,56.58,0.0,0.0
ANSURI_mal_1193,66.52,172.7,39.18,89.69,73.68,91.1,113.64,56.02,37.86,37.23,21.84,30.44,16.53,14.62,61.52,28.32,86.98,38.93,43.91,21.78,56.01,0.0,0.0
ANSURI_mal_1194,71.77,167.82,39.6,92.17,81.61,100.26,110.87,61.25,39.94,39.64,21.68,29.38,16.14,13.67,58.07,25.88,81.26,39.0,41.39,22.22,57.18,0.0,0.0
ANSURI_mal_1195,94.79,183.9,41.66,106.48,99.2,109.41,120.96,65.58,41.67,38.69,22.14,30.02,17.37,15.02,64.05,28.63,89.93,43.29,43.25,26.5,56.09,0.0,0.0
ANSURI_mal_1196,79.99,179.87,41.14,101.9,92.47,99.29,115.37,55.57,38.61,34.06,20.92,28.47,16.3,15.69,58.73,25.32,82.56,45.34,42.87,24.82,57.18,0.0,0.0
ANSURI_mal_1197,61.34,170.59,39.52,92.93,73.84,86.41,109.55,51.81,34.93,33.81,19.77,28.18,16.23,14.31,59.52,27.59,83.54,40.49,41.47,22.2,57.5,0.0,0.0
ANSURI_mal_1198,86.42,181.53,42.48,107.26,96.03,101.24,117.6,59.38,38.36,36.13,21.32,29.28,17.26,15.43,59.8,26.6,86.3,47.18,43.79,27.11,56.89,0.0,0.0
ANSURI_mal_1199,87.74,185.15,44.4,107.19,82.27,99.42,128.0,59.41,39.29,40.05,23.81,33.38,18.17,16.95,64.57,28.6,92.15,44.3,46.87,25.5,58.35,0.0,0.0
ANSURI_mal_1200,77.78,184.13,42.21,99.48,79.03,95.37,122.12,56.82,36.57,37.24,21.88,30.71,17.51,16.76,65.88,30.03,91.41,44.45,46.83,22.38,58.55,0.0,0.0
ANSURI_mal_1201,91.58,172.6,43.36,106.72,99.11,106.67,121.73,64.91,43.58,42.37,25.54,31.09,18.18,14.66,57.76,25.37,80.66,41.34,40.44,27.07,58.84,0.0,0.0
ANSURI_mal_1202,83.28,178.56,43.87,104.1,83.28,101.03,124.63,60.49,39.13,38.25,22.17,30.44,17.9,15.76,62.98,27.82,85.36,45.35,41.38,24.7,56.52,0.0,0.0
ANSURI_mal_1203,82.81,167.92,41.73,101.69,86.94,104.37,119.98,67.13,44.46,41.73,22.92,31.91,17.38,15.17,58.54,27.14,83.5,38.94,42.06,25.26,56.32,0.0,0.0
ANSURI_mal_1204,80.62,166.9,42.44,104.71,94.9,103.67,120.47,63.04,38.96,36.7,21.02,29.4,16.26,15.14,54.31,24.62,78.12,43.01,41.0,25.61,56.43,0.0,0.0
ANSURI_mal_1205,81.42,178.89,41.63,95.9,86.16,101.99,116.7,62.92,42.13,39.65,22.3,28.69,17.05,14.39,61.32,27.1,85.42,42.32,42.48,22.32,57.58,0.0,0.0
ANSURI_mal_1206,67.91,171.22,40.5,95.27,77.71,92.62,112.43,54.05,38.5,37.79,21.87,29.21,17.02,14.6,58.47,26.43,80.9,42.53,40.7,21.21,56.0,0.0,0.0
ANSURI_mal_1207,114.1,183.5,49.83,127.05,107.47,111.21,134.77,67.55,44.27,40.11,23.61,36.49,19.82,14.52,63.73,27.64,87.28,45.25,44.55,31.62,60.24,0.0,0.0
ANSURI_mal_1208,61.64,172.19,37.62,88.19,73.0,91.31,108.43,52.75,36.54,35.7,20.99,27.7,16.9,15.47,55.21,25.47,83.21,41.45,42.01,19.88,54.67,0.0,0.0
ANSURI_mal_1209,71.92,168.82,40.15,97.63,81.03,96.21,114.42,58.51,39.57,38.09,23.06,30.11,17.43,14.82,57.8,26.41,80.84,40.79,39.84,23.09,55.33,0.0,0.0
ANSURI_mal_1210,72.08,169.66,41.71,96.52,79.39,97.1,117.75,57.95,38.03,34.98,20.89,31.3,17.05,15.42,57.11,24.73,78.42,43.69,39.31,23.6,57.09,0.0,0.0
ANSURI_mal_1211,68.52,176.06,39.41,92.99,76.35,93.84,113.61,53.92,37.8,36.2,22.25,28.88,17.37,16.15,59.3,27.76,85.49,42.49,42.18,21.47,56.38,0.0,0.0
ANSURI_mal_1212,76.59,176.25,40.52,95.01,85.84,100.52,113.56,58.69,39.71,37.06,22.54,28.75,17.01,14.03,61.75,26.73,84.98,43.14,42.15,23.45,56.11,0.0,0.0
ANSURI_mal_1213,91.08,183.58,43.74,107.2,93.0,102.71,124.98,62.47,38.35,40.54,21.77,31.62,17.86,15.69,64.52,28.89,88.94,46.6,44.25,25.7,57.58,0.0,0.0
ANSURI_mal_1214,75.92,173.74,40.61,96.36,84.95,98.24,114.8,60.53,40.0,40.35,24.32,28.12,16.7,15.24,56.75,25.14,84.32,41.73,41.83,22.88,56.08,0.0,0.0
ANSURI_mal_1215,67.56,176.9,40.35,93.48,74.03,91.26,115.93,54.05,34.38,35.98,22.23,29.92,17.05,16.13,59.0,27.93,86.06,42.05,43.2,21.52,55.43,0.0,0.0
ANSURI_mal_1216,70.03,172.42,40.39,94.38,79.46,97.54,112.42,57.2,36.04,36.26,20.37,27.9,17.05,14.2,55.67,24.43,79.78,43.1,40.85,22.3,56.5,0.0,0.0
ANSURI_mal_1217,82.04,179.42,42.19,102.11,89.26,103.05,114.08,59.35,40.17,37.32,22.51,29.6,17.66,13.87,59.71,26.75,87.97,42.71,43.66,24.81,58.3,0.0,0.0
ANSURI_mal_1218,89.69,182.92,43.27,102.83,90.1,103.45,122.52,60.51,42.38,40.74,24.38,32.8,19.53,16.75,61.69,28.41,87.2,45.12,43.76,24.48,58.17,0.0,0.0
ANSURI_mal_1219,93.39,178.49,42.55,108.05,97.68,106.51,122.71,65.69,42.41,40.04,22.05,32.58,17.92,16.47,58.06,25.96,84.44,46.1,42.29,27.57,57.04,0.0,0.0
ANSURI_mal_1220,93.81,178.37,43.92,106.63,89.31,109.1,122.4,68.74,44.38,40.54,22.74,35.16,18.1,14.5,61.37,27.04,87.18,41.26,43.94,26.82,58.28,0.0,0.0
ANSURI_mal_1221,84.93,171.05,43.76,106.24,94.37,103.65,122.96,61.35,39.85,37.63,21.96,31.89,18.11,15.51,57.06,25.38,79.91,43.59,39.81,26.48,58.72,0.0,0.0
ANSURI_mal_1222,62.58,170.67,39.9,90.09,75.87,90.54,108.5,54.2,35.22,33.33,20.22,28.07,16.2,14.06,56.52,25.6,81.54,39.15,40.92,20.9,57.99,0.0,0.0
ANSURI_mal_1223,56.55,158.45,39.07,92.2,75.71,86.18,110.55,51.02,34.17,33.78,19.35,27.56,15.48,14.79,55.07,24.08,77.6,39.93,39.28,22.12,54.6,0.0,0.0
ANSURI_mal_1224,75.46,174.09,40.26,101.45,84.03,96.55,117.75,58.5,39.6,37.28,21.0,29.93,16.98,15.62,57.84,26.38,85.07,42.38,42.16,24.04,56.34,0.0,0.0
ANSURI_mal_1225,83.51,174.82,42.71,101.4,92.04,101.46,116.74,60.93,42.0,38.47,23.07,31.33,17.6,15.11,58.07,25.69,81.56,43.5,41.76,25.9,59.77,0.0,0.0
ANSURI_mal_1226,57.14,167.26,37.95,87.22,73.0,87.29,106.18,51.2,34.3,33.26,20.49,26.81,15.83,14.06,56.28,25.37,79.22,41.06,40.87,19.42,54.48,0.0,0.0
ANSURI_mal_1227,82.77,170.83,40.37,102.19,99.21,102.48,113.98,60.96,40.78,41.61,22.89,29.08,17.86,14.73,58.2,26.18,80.13,43.12,40.47,24.56,56.87,0.0,0.0
ANSURI_mal_1228,92.56,180.45,44.07,109.21,95.45,103.36,124.0,62.61,40.89,38.68,23.04,31.08,18.62,14.9,63.34,28.3,84.42,44.37,41.38,27.45,59.67,0.0,0.0
ANSURI_mal_1229,59.06,167.37,37.97,89.9,69.65,85.71,109.08,50.74,35.76,37.42,22.4,27.74,16.38,14.97,56.22,25.33,79.21,40.29,40.31,20.85,56.38,0.0,0.0
ANSURI_mal_1230,86.91,179.11,43.22,104.8,88.04,102.5,123.56,64.35,41.57,38.57,21.58,31.69,17.34,14.69,63.8,27.82,87.26,42.83,44.79,24.44,57.36,0.0,0.0
ANSURI_mal_1231,73.27,169.54,41.11,101.37,79.65,94.92,118.41,56.58,37.52,39.55,22.12,31.28,17.86,14.5,57.53,25.84,80.57,42.61,41.13,24.53,56.41,0.0,0.0
ANSURI_mal_1232,74.18,178.62,40.57,98.49,84.0,96.01,115.35,56.82,37.37,34.79,20.74,27.76,16.24,16.3,59.01,26.5,85.74,42.86,43.61,23.63,58.0,0.0,0.0
ANSURI_mal_1233,61.5,168.43,38.78,88.28,78.06,88.96,108.85,52.49,35.74,35.11,19.41,28.53,16.08,14.84,59.64,27.79,80.89,40.07,40.92,20.72,54.22,0.0,0.0
ANSURI_mal_1234,66.83,168.72,39.96,93.09,80.95,93.47,111.41,54.27,37.56,35.51,21.74,27.61,16.82,13.82,57.59,25.15,79.54,41.57,40.47,22.49,56.13,0.0,0.0
ANSURI_mal_1235,94.15,184.1,44.85,104.29,90.72,108.75,124.72,68.01,42.78,36.57,21.45,31.05,17.79,15.44,63.54,28.29,87.79,43.4,44.55,25.36,58.57,0.0,0.0
ANSURI_mal_1236,82.13,178.04,40.21,95.41,87.23,103.48,112.79,64.4,43.36,39.46,22.68,28.47,17.8,14.52,60.56,27.93,84.48,42.96,44.14,23.13,56.72,0.0,0.0
ANSURI_mal_1237,97.53,184.55,46.34,113.34,98.36,104.88,128.66,62.64,40.82,37.7,22.39,32.63,18.23,15.48,63.45,29.04,88.43,45.44,44.34,27.57,57.9,0.0,0.0
ANSURI_mal_1238,100.12,183.45,44.03,105.41,97.7,111.75,123.63,68.35,44.4,42.69,24.49,33.8,19.17,15.0,61.24,27.54,88.54,44.49,44.38,25.56,58.25,0.0,0.0
ANSURI_mal_1239,73.04,172.88,40.93,96.43,86.17,93.56,119.92,56.17,37.23,36.71,20.74,28.76,16.42,15.84,59.63,26.21,81.23,42.71,40.65,22.74,58.22,0.0,0.0
ANSURI_mal_1240,63.18,170.62,38.69,89.46,75.49,90.56,109.27,52.61,37.26,35.97,20.69,26.76,16.67,15.72,55.98,24.7,78.85,42.8,41.12,21.44,55.56,0.0,0.0
ANSURI_mal_1241,60.48,166.65,38.92,90.28,75.07,89.32,106.94,53.0,35.29,33.7,19.39,28.27,16.82,13.04,55.49,24.31,79.91,41.83,41.44,21.74,56.59,0.0,0.0
ANSURI_mal_1242,75.28,180.29,40.97,94.05,82.01,96.81,114.42,56.93,38.71,36.97,22.95,29.58,17.65,15.86,58.93,26.87,86.41,44.6,43.09,22.57,58.05,0.0,0.0
ANSURI_mal_1243,80.41,183.07,41.03,99.1,79.51,100.31,119.09,59.41,39.11,37.7,22.66,31.48,18.12,15.01,63.64,27.29,88.15,45.08,43.64,22.85,54.31,0.0,0.0
ANSURI_mal_1244,60.54,175.35,37.74,91.02,74.49,88.28,110.99,51.97,33.41,32.06,19.45,27.44,15.48,15.95,56.4,26.52,88.26,40.83,44.99,20.55,53.04,0.0,0.0
ANSURI_mal_1245,64.68,168.54,39.2,89.47,78.6,93.12,112.22,56.74,37.85,33.42,19.51,28.05,15.97,14.65,58.4,25.41,81.3,40.56,41.26,21.11,54.84,0.0,0.0
ANSURI_mal_1246,73.88,171.24,40.75,92.06,84.82,97.75,110.77,57.99,41.42,41.0,22.69,32.09,17.72,13.74,57.21,25.94,81.43,41.04,39.87,22.18,54.63,0.0,0.0
ANSURI_mal_1247,66.72,172.83,39.43,91.17,79.96,92.29,111.07,55.52,37.17,34.4,20.2,29.06,16.8,14.37,59.21,27.06,83.5,41.64,40.95,21.36,55.39,0.0,0.0
ANSURI_mal_1248,73.2,187.4,40.38,96.25,79.29,92.32,113.74,53.28,35.9,35.02,23.34,29.59,16.68,16.19,62.98,29.69,95.06,45.15,47.16,22.97,58.95,0.0,0.0
ANSURI_mal_1249,70.8,160.91,42.57,100.05,83.29,95.3,122.9,58.68,38.42,36.5,20.47,29.25,16.58,15.94,55.92,24.27,74.72,38.81,37.72,24.91,56.29,0.0,0.0
ANSURI_mal_1250,80.88,173.66,44.07,101.67,85.55,100.38,123.21,60.63,40.09,37.45,22.55,33.39,17.61,15.9,60.26,27.69,85.34,41.97,42.42,24.74,56.41,0.0,0.0
ANSURI_mal_1251,68.76,175.89,39.69,89.32,76.24,93.94,112.06,55.67,37.08,38.43,22.6,28.64,17.37,14.88,59.09,26.28,84.42,43.25,41.95,20.92,57.68,0.0,0.0
ANSURI_mal_1252,65.03,176.84,38.57,89.59,76.23,89.66,113.66,51.91,35.35,36.98,21.04,28.33,16.63,16.26,60.89,26.43,85.53,43.99,43.0,19.52,56.85,0.0,0.0
ANSURI_mal_1253,79.57,178.92,42.32,96.4,85.6,98.56,118.04,58.57,39.81,39.84,22.26,32.31,18.22,14.4,62.47,27.12,88.7,40.64,43.45,23.16,58.82,0.0,0.0
ANSURI_mal_1254,100.72,177.95,45.0,115.92,102.59,111.02,129.63,68.01,43.83,38.81,22.99,33.64,18.18,15.83,60.12,27.01,87.01,40.75,43.67,29.09,58.04,0.0,0.0
ANSURI_mal_1255,73.09,180.09,39.79,94.15,78.35,95.44,117.71,57.15,37.36,35.44,21.75,30.05,17.54,16.17,60.84,27.66,87.33,43.39,43.53,21.64,56.93,0.0,0.0
ANSURI_mal_1256,59.37,173.68,37.46,83.72,68.63,88.83,110.4,52.37,34.29,32.8,19.76,30.11,16.09,15.12,61.6,28.92,86.76,40.89,43.54,19.43,55.39,0.0,0.0
ANSURI_mal_1257,84.18,185.87,43.33,100.34,83.5,99.23,121.1,57.88,39.13,38.79,23.35,31.67,18.25,15.89,60.79,27.1,88.37,46.68,44.57,24.49,59.8,0.0,0.0
ANSURI_mal_1258,77.18,174.69,41.54,100.62,88.62,96.89,114.18,56.93,39.31,39.46,23.27,28.69,18.08,14.7,60.55,27.9,84.69,42.72,41.26,23.9,58.06,0.0,0.0
ANSURI_mal_1259,54.24,148.43,39.08,87.17,75.75,90.3,104.33,55.23,35.76,34.81,19.76,27.99,15.35,12.59,48.49,21.95,67.87,36.51,34.87,21.56,53.8,0.0,0.0
ANSURI_mal_1260,71.95,173.0,39.94,95.52,86.47,95.39,109.77,58.31,38.32,36.29,21.16,28.35,16.35,14.09,55.96,25.43,81.87,42.13,39.76,23.16,56.83,0.0,0.0
ANSURI_mal_1261,109.49,186.0,46.89,116.72,97.35,113.52,130.24,70.11,45.38,42.83,24.46,34.64,19.09,14.26,65.62,29.07,89.0,44.3,43.91,28.2,60.88,0.0,0.0
ANSURI_mal_1262,74.93,166.89,40.51,98.67,90.62,99.74,114.64,61.64,38.85,36.42,21.6,29.24,16.83,15.01,55.72,24.43,80.1,41.51,39.23,24.71,56.79,0.0,0.0
ANSURI_mal_1263,108.6,180.94,47.9,112.3,110.35,111.9,131.63,66.57,44.87,41.62,24.61,34.73,19.16,16.5,60.63,26.83,82.68,45.08,43.04,28.77,56.79,0.0,0.0
ANSURI_mal_1264,71.38,174.97,39.1,89.61,79.64,100.14,109.93,59.23,38.91,37.08,21.25,27.97,17.05,15.65,57.59,25.6,82.28,42.08,41.62,20.95,57.68,0.0,0.0
ANSURI_mal_1265,74.05,167.18,40.87,100.45,88.2,96.03,114.88,56.55,40.44,39.67,23.56,29.93,17.65,13.69,56.55,24.95,80.29,40.35,39.41,24.45,57.38,0.0,0.0
ANSURI_mal_1266,82.12,181.98,41.63,97.88,83.01,100.27,120.25,61.94,41.13,37.85,23.2,28.95,17.68,16.04,61.51,27.18,88.5,45.0,43.59,24.42,56.26,0.0,0.0
ANSURI_mal_1267,83.98,185.85,41.98,102.33,83.36,100.7,122.04,58.22,38.81,38.21,23.72,30.44,18.17,17.32,62.57,28.51,90.64,45.77,43.83,24.35,57.82,0.0,0.0
ANSURI_mal_1268,68.24,172.88,39.27,91.21,81.6,93.6,109.29,54.46,38.21,38.28,21.06,28.38,16.63,13.84,59.22,25.22,82.91,39.82,41.46,21.72,57.69,0.0,0.0
ANSURI_mal_1269,67.05,166.13,40.16,93.95,84.66,91.89,111.8,55.52,37.57,36.93,21.08,28.99,17.3,14.69,58.19,26.34,81.11,39.83,41.1,22.65,56.38,0.0,0.0
ANSURI_mal_1270,53.45,164.91,36.92,82.65,67.42,83.41,106.43,50.96,35.62,35.05,20.25,27.35,15.25,15.34,56.39,26.25,82.85,37.48,41.65,18.81,55.6,0.0,0.0
ANSURI_mal_1271,82.65,176.61,42.12,103.04,83.48,101.12,124.14,60.62,40.33,39.57,22.45,31.84,17.46,15.57,60.84,27.24,84.24,42.32,41.54,24.54,58.42,0.0,0.0
ANSURI_mal_1272,67.62,179.79,39.65,91.23,75.24,92.07,113.44,53.72,35.79,33.86,21.24,30.03,16.93,14.93,61.94,27.77,90.97,41.98,44.68,21.79,56.59,0.0,0.0
ANSURI_mal_1273,62.8,165.05,39.49,93.4,80.42,91.17,107.96,53.23,35.4,34.34,21.16,27.08,16.12,13.3,55.56,24.46,79.52,41.13,39.4,23.61,55.75,0.0,0.0
ANSURI_mal_1274,70.18,166.29,39.68,98.71,85.32,97.25,112.64,56.67,39.91,36.13,21.97,27.74,16.76,14.31,53.58,23.99,78.25,42.98,39.86,22.73,54.61,0.0,0.0
ANSURI_mal_1275,70.57,186.05,38.76,94.04,82.0,92.76,111.08,53.42,35.6,33.83,21.13,27.34,16.22,15.05,60.5,27.23,94.55,45.02,46.42,22.44,57.07,0.0,0.0
ANSURI_mal_1276,68.48,165.96,40.28,94.6,86.57,95.19,109.03,55.77,36.85,36.53,21.34,29.28,16.8,13.82,54.49,24.8,76.97,42.49,38.52,22.71,56.93,0.0,0.0
ANSURI_mal_1277,78.98,166.71,41.89,99.19,84.12,102.77,118.42,64.66,42.53,40.17,23.2,31.84,17.42,14.33,59.63,27.03,81.62,40.08,40.58,24.68,55.83,0.0,0.0
ANSURI_mal_1278,60.98,169.07,39.03,90.3,76.32,89.55,111.0,52.0,34.6,33.35,18.45,26.85,15.49,14.54,58.41,25.11,81.17,40.48,40.25,21.43,55.5,0.0,0.0
ANSURI_mal_1279,72.42,171.65,39.77,97.73,86.32,94.79,113.76,56.37,38.14,37.07,22.28,28.74,17.04,14.12,59.18,25.69,82.15,41.53,41.4,23.31,56.89,0.0,0.0
ANSURI_mal_1280,79.43,174.22,41.77,103.78,85.87,99.91,121.28,60.59,39.37,37.84,22.27,28.68,16.97,15.79,57.79,25.7,83.33,42.11,41.57,24.41,57.98,0.0,0.0
ANSURI_mal_1281,70.84,172.73,41.15,96.74,81.21,96.78,115.99,55.81,36.02,35.09,19.79,28.6,16.59,15.6,59.1,26.54,82.85,44.26,40.49,23.15,55.95,0.0,0.0
ANSURI_mal_1282,85.38,179.41,41.63,100.29,87.76,104.42,121.38,65.73,42.3,37.43,21.83,30.71,17.05,16.2,62.56,27.9,89.06,40.83,43.99,23.93,57.48,0.0,0.0
ANSURI_mal_1283,71.67,170.41,40.47,97.75,81.86,95.34,116.52,56.76,36.08,38.09,21.31,30.24,17.04,15.15,57.97,25.4,82.18,42.43,40.29,23.99,57.41,0.0,0.0
ANSURI_mal_1284,68.06,176.85,39.0,88.79,78.08,96.47,105.16,55.19,37.56,38.22,21.78,27.72,17.41,14.17,59.67,26.96,85.53,43.17,42.74,19.96,56.7,0.0,0.0
ANSURI_mal_1285,76.94,167.53,41.53,99.77,88.58,99.24,120.31,58.36,39.33,38.68,21.89,30.66,18.1,15.37,58.84,26.48,79.41,44.29,40.07,25.1,55.49,0.0,0.0
ANSURI_mal_1286,82.4,175.98,40.14,100.88,87.81,102.28,116.16,61.88,40.64,41.59,23.21,29.56,18.5,13.84,62.76,27.13,86.43,40.79,42.87,25.01,56.92,0.0,0.0
ANSURI_mal_1287,78.96,171.89,41.55,107.27,87.25,100.43,120.75,58.73,37.44,36.75,20.77,29.47,16.66,14.61,57.99,25.65,81.53,42.72,39.41,26.25,55.93,0.0,0.0
ANSURI_mal_1288,84.39,203.0,40.14,94.09,79.31,100.35,117.72,56.9,38.74,37.79,21.48,29.33,18.45,16.02,72.34,31.67,102.41,46.88,50.29,21.17,57.42,0.0,0.0
ANSURI_mal_1289,76.27,170.73,41.09,95.96,90.29,101.06,112.4,59.06,37.8,38.39,22.03,28.19,16.89,13.8,60.43,26.81,78.91,40.39,40.12,23.64,57.89,0.0,0.0
ANSURI_mal_1290,83.75,174.29,42.47,107.0,95.41,100.84,120.56,60.67,40.8,36.12,20.5,28.54,17.02,15.19,58.93,26.19,81.2,43.8,40.35,25.65,57.83,0.0,0.0
ANSURI_mal_1291,83.63,187.65,42.36,100.86,85.82,98.6,118.86,60.31,38.48,36.49,22.41,31.48,18.33,14.74,66.95,30.05,96.72,43.27,47.87,24.7,56.75,0.0,0.0
ANSURI_mal_1292,83.88,187.79,42.26,95.9,81.77,99.98,119.72,58.5,40.5,40.19,22.99,32.57,18.03,15.94,66.53,29.64,93.32,44.21,44.52,23.52,58.33,0.0,0.0
ANSURI_mal_1293,77.09,164.95,41.56,104.05,95.91,98.94,116.99,61.14,38.55,38.01,20.88,29.25,16.94,15.0,56.04,24.35,78.25,39.87,40.38,25.21,56.74,0.0,0.0
ANSURI_mal_1294,94.92,175.31,43.17,112.45,103.7,108.48,123.5,64.39,41.56,39.5,21.95,30.54,17.48,14.67,59.17,26.26,81.54,42.03,43.49,28.51,57.88,0.0,0.0
ANSURI_mal_1295,97.73,183.5,42.84,106.73,92.91,107.71,127.94,68.58,45.3,42.46,23.07,32.61,18.73,16.53,63.37,29.07,91.82,44.04,45.75,26.04,57.25,0.0,0.0
ANSURI_mal_1296,90.73,181.53,42.03,103.79,95.35,106.12,117.84,63.67,40.87,40.36,22.75,31.18,18.06,14.83,61.26,28.05,85.74,43.34,44.65,25.6,57.6,0.0,0.0
ANSURI_mal_1297,84.55,182.25,41.85,97.78,84.59,101.8,118.9,61.39,41.24,39.44,22.92,30.32,17.93,14.89,62.62,27.44,83.67,45.09,41.82,24.06,59.53,0.0,0.0
ANSURI_mal_1298,98.23,183.79,43.06,107.43,101.37,108.96,119.65,65.06,43.54,42.96,22.97,32.39,18.08,14.93,63.96,27.8,88.67,43.22,43.27,26.63,58.26,0.0,0.0
ANSURI_mal_1299,83.09,168.7,43.99,109.49,96.62,101.86,120.47,58.16,39.36,38.8,22.16,28.68,16.82,14.46,57.63,25.24,78.48,43.46,39.12,27.89,58.65,0.0,0.0
ANSURI_mal_1300,102.92,184.1,44.54,108.12,101.89,113.45,126.64,68.14,43.05,42.0,24.53,31.6,18.6,15.67,60.87,26.34,87.83,43.36,43.94,27.05,56.8,0.0,0.0
ANSURI_mal_1301,74.96,179.45,39.46,97.32,80.68,96.03,118.07,57.76,38.02,37.24,21.01,28.85,16.08,16.4,59.43,26.61,86.08,45.59,43.64,23.3,55.83,0.0,0.0
ANSURI_mal_1302,85.05,178.82,41.22,101.44,86.56,103.25,121.13,63.3,41.5,40.76,24.12,29.58,17.7,15.34,59.92,26.11,86.21,44.42,43.43,24.32,56.43,0.0,0.0
ANSURI_mal_1303,77.82,179.92,41.53,99.79,81.27,96.82,117.02,56.44,39.4,37.01,22.19,30.81,17.85,15.06,58.91,27.31,84.14,46.25,43.09,24.21,57.34,0.0,0.0
ANSURI_mal_1304,57.89,170.5,37.63,87.31,70.95,87.41,107.53,50.28,35.04,34.43,21.29,26.77,16.27,15.85,57.78,25.84,83.2,40.42,41.16,20.13,55.11,0.0,0.0
ANSURI_mal_1305,78.11,175.04,41.25,95.39,82.33,101.17,118.02,60.7,42.19,38.39,23.41,30.74,18.53,15.47,57.81,26.07,82.74,41.93,41.82,21.93,56.52,0.0,0.0
ANSURI_mal_1306,69.05,173.95,39.45,94.47,83.13,92.9,109.51,56.09,37.5,37.03,21.12,27.46,16.36,14.73,61.75,27.45,88.33,41.15,43.38,23.51,56.21,0.0,0.0
ANSURI_mal_1307,97.74,179.61,43.34,111.43,100.49,108.17,124.26,68.19,43.11,38.83,21.46,31.74,18.08,15.36,59.8,26.72,83.26,44.55,41.54,27.52,59.06,0.0,0.0
ANSURI_mal_1308,62.75,169.79,38.52,88.01,80.22,93.11,105.86,54.31,34.63,32.84,19.65,27.82,16.19,14.41,57.36,26.56,81.27,42.74,40.9,20.69,57.11,0.0,0.0
ANSURI_mal_1309,66.96,170.18,38.48,95.19,79.17,93.14,112.33,55.73,37.09,36.29,21.91,29.42,16.97,15.74,54.4,25.39,82.54,42.23,41.11,21.97,53.81,0.0,0.0
ANSURI_mal_1310,102.85,176.25,44.09,112.19,104.81,112.8,126.84,69.62,47.56,43.95,23.7,30.86,17.8,16.54,58.07,25.61,80.61,45.55,40.87,27.73,56.13,0.0,0.0
ANSURI_mal_1311,79.16,175.23,42.83,100.56,82.53,98.45,120.74,61.27,39.86,38.7,22.27,30.39,17.54,15.58,58.17,26.21,83.88,45.78,42.21,23.89,57.44,0.0,0.0
ANSURI_mal_1312,94.98,177.25,44.71,111.79,94.64,108.46,127.18,66.49,41.3,40.28,22.89,30.8,17.46,14.89,60.69,26.86,82.07,43.19,41.96,27.11,58.93,0.0,0.0
ANSURI_mal_1313,86.02,175.83,41.46,100.24,88.75,106.47,117.75,64.56,40.81,41.14,23.86,32.64,18.47,14.57,60.05,25.26,85.63,43.38,41.68,25.55,57.47,0.0,0.0
ANSURI_mal_1314,80.38,167.09,40.17,101.33,88.27,104.07,119.0,63.95,42.98,40.36,23.11,30.92,17.6,14.58,55.28,24.01,79.6,41.32,39.24,24.57,57.75,0.0,0.0
ANSURI_mal_1315,80.25,187.96,41.1,97.74,84.36,100.03,117.23,59.08,37.13,35.23,19.94,29.81,17.44,15.26,63.78,28.23,93.02,43.61,47.27,22.79,56.74,0.0,0.0
ANSURI_mal_1316,62.08,166.26,38.88,93.39,76.41,90.09,109.86,53.38,34.58,34.1,19.91,28.3,16.41,13.89,57.5,25.06,81.57,41.2,42.58,23.7,54.42,0.0,0.0
ANSURI_mal_1317,82.37,181.73,41.58,99.03,85.3,101.79,118.68,59.51,38.72,38.16,22.81,29.18,18.29,16.56,61.43,28.94,86.18,45.52,44.5,24.73,57.3,0.0,0.0
ANSURI_mal_1318,74.13,184.62,41.01,94.9,81.16,92.78,112.98,52.71,39.03,36.52,22.6,31.62,19.03,15.27,63.09,28.32,90.33,48.05,44.27,21.68,58.23,0.0,0.0
ANSURI_mal_1319,74.97,170.2,40.92,96.52,87.4,100.74,114.4,59.81,39.4,38.77,22.28,27.82,16.53,15.39,57.22,25.3,80.84,42.93,39.73,22.61,57.07,0.0,0.0
ANSURI_mal_1320,70.97,183.44,40.24,90.0,74.65,94.2,110.96,56.87,37.51,36.43,21.5,29.57,17.07,14.91,62.5,29.04,91.1,43.81,45.98,21.05,57.3,0.0,0.0
ANSURI_mal_1321,60.59,167.86,37.82,87.65,74.77,89.04,109.15,52.89,37.72,34.83,20.78,27.67,16.43,15.11,57.73,26.32,80.97,39.46,41.07,19.87,57.22,0.0,0.0
ANSURI_mal_1322,78.91,171.39,42.04,96.55,88.94,102.41,115.84,61.61,40.41,38.26,21.64,31.25,17.0,14.8,57.25,25.15,79.91,41.6,39.46,23.92,58.04,0.0,0.0
ANSURI_mal_1323,75.7,172.49,40.49,101.38,85.11,95.19,119.93,56.49,38.82,38.7,22.36,30.06,17.27,15.98,57.44,25.01,81.57,44.44,40.35,24.39,56.8,0.0,0.0
ANSURI_mal_1324,73.72,170.74,42.13,101.6,80.99,92.68,118.02,58.55,37.97,38.55,22.06,33.46,17.06,14.24,62.92,28.7,87.08,39.48,42.6,24.52,56.42,0.0,0.0
ANSURI_mal_1325,73.57,170.94,40.58,94.7,83.63,97.68,115.86,59.3,38.38,36.68,20.63,29.75,16.56,15.59,59.35,25.41,78.58,41.94,40.49,23.42,57.2,0.0,0.0
ANSURI_mal_1326,80.85,178.16,41.04,96.68,84.14,104.9,114.42,64.39,40.85,38.65,21.57,30.29,16.84,14.8,61.32,28.46,88.72,40.99,45.15,22.72,55.7,0.0,0.0
ANSURI_mal_1327,80.66,176.65,40.11,99.4,85.13,100.25,118.26,61.47,39.85,40.19,22.46,30.98,17.95,14.6,62.42,27.08,85.44,44.23,42.01,23.59,56.49,0.0,0.0
ANSURI_mal_1328,98.38,174.15,43.92,110.63,97.28,112.27,127.75,71.76,44.99,41.26,22.91,33.82,18.15,15.1,59.51,25.32,82.12,44.26,41.2,26.44,58.06,0.0,0.0
ANSURI_mal_1329,97.48,168.69,45.32,111.95,106.35,112.99,123.98,70.54,42.46,42.52,22.34,32.83,18.49,14.1,56.6,24.48,78.18,40.24,39.69,28.08,56.84,0.0,0.0
ANSURI_mal_1330,80.9,183.72,41.95,97.98,86.73,100.54,118.15,58.69,39.01,36.66,22.14,28.82,16.97,15.96,59.98,25.95,89.75,43.15,44.35,24.23,57.81,0.0,0.0
ANSURI_mal_1331,80.15,177.16,40.43,101.18,90.31,100.59,117.52,60.5,39.43,36.31,21.07,30.98,17.23,15.4,62.69,28.44,88.25,42.44,42.43,23.96,54.78,0.0,0.0
ANSURI_mal_1332,79.24,175.95,42.14,105.55,87.66,96.73,119.65,56.87,38.16,35.46,20.11,30.18,17.59,15.56,60.59,26.08,82.48,43.48,43.01,26.21,56.86,0.0,0.0
ANSURI_mal_1333,83.78,169.82,44.12,107.07,89.09,102.13,123.12,62.1,40.29,38.64,21.77,33.35,17.51,15.75,57.5,25.05,77.38,43.79,39.77,26.25,55.15,0.0,0.0
ANSURI_mal_1334,76.22,174.72,40.27,96.81,80.82,99.75,119.03,60.92,38.89,37.66,21.7,29.51,16.93,16.92,58.65,26.27,82.09,43.12,41.15,23.02,56.37,0.0,0.0
ANSURI_mal_1335,66.32,168.62,39.58,92.12,76.65,93.31,111.77,58.62,38.23,34.67,20.42,29.79,16.15,14.43,53.58,23.42,81.87,40.01,41.72,22.82,57.72,0.0,0.0
ANSURI_mal_1336,87.91,177.73,42.94,101.54,86.49,106.0,120.5,65.47,42.03,42.53,23.2,32.79,17.44,15.47,61.92,28.09,84.32,43.43,42.1,23.91,57.96,0.0,0.0
ANSURI_mal_1337,74.1,189.42,39.6,93.5,79.47,94.76,113.53,55.22,35.57,35.62,21.29,28.17,17.83,16.16,62.84,27.93,95.34,46.26,47.02,22.64,56.51,0.0,0.0
ANSURI_mal_1338,75.57,179.64,40.21,93.91,80.07,97.92,114.54,56.59,39.27,38.88,23.37,29.45,18.28,15.32,59.02,25.97,82.98,46.73,40.08,21.34,59.93,0.0,0.0
ANSURI_mal_1339,74.23,174.81,40.69,94.91,80.86,98.39,113.48,59.22,39.86,37.59,20.99,30.44,16.61,14.67,60.3,26.97,84.58,41.98,41.9,22.92,57.28,0.0,0.0
ANSURI_mal_1340,68.09,172.26,39.46,97.23,78.78,90.83,115.65,53.57,35.68,35.76,19.71,30.81,16.32,16.59,56.98,24.87,80.66,46.53,40.68,22.92,55.32,0.0,0.0
ANSURI_mal_1341,66.54,168.75,38.88,90.2,81.76,95.36,110.42,56.25,36.5,35.24,20.76,28.28,16.6,14.61,57.9,25.86,80.86,40.22,41.0,21.76,56.67,0.0,0.0
ANSURI_mal_1342,56.17,172.0,37.05,85.91,68.96,83.66,103.91,50.64,32.52,34.16,19.34,26.54,15.9,14.02,59.66,27.15,82.77,38.54,42.86,20.36,56.29,0.0,0.0
ANSURI_mal_1343,81.78,174.25,40.94,105.34,93.09,102.17,117.15,61.73,38.67,36.52,22.03,28.29,17.38,14.6,58.87,26.93,84.55,41.31,40.93,26.25,58.19,0.0,0.0
ANSURI_mal_1344,83.38,168.39,43.49,108.74,94.58,102.71,120.61,61.31,39.89,38.11,21.95,31.17,16.88,13.84,55.13,23.65,77.12,40.79,39.53,26.65,57.73,0.0,0.0
ANSURI_mal_1345,93.1,177.84,43.5,103.08,94.87,108.94,122.5,67.08,44.16,43.38,24.07,31.22,17.69,16.33,56.74,25.55,82.36,43.98,41.32,24.53,59.4,0.0,0.0
ANSURI_mal_1346,101.16,182.75,42.48,104.03,95.1,111.96,124.83,69.71,47.71,42.85,25.88,33.79,19.34,15.8,63.67,26.63,85.22,42.72,42.11,24.97,60.45,0.0,0.0
ANSURI_mal_1347,82.55,174.48,43.14,102.59,90.92,102.0,118.22,60.88,40.81,38.95,22.31,31.14,17.63,14.2,59.81,26.1,84.79,40.91,42.62,25.25,56.08,0.0,0.0
ANSURI_mal_1348,84.95,183.62,42.76,99.38,81.05,102.54,125.49,62.36,40.69,39.34,22.86,31.99,17.66,17.07,63.44,28.32,91.19,41.69,46.03,23.06,57.37,0.0,0.0
ANSURI_mal_1349,57.08,161.66,37.9,83.39,73.95,88.06,104.95,52.85,35.95,35.76,22.1,28.88,15.97,14.5,56.06,25.25,77.72,40.44,37.13,20.87,51.93,0.0,0.0
ANSURI_mal_1350,55.45,167.45,36.96,87.94,71.14,85.61,104.58,49.06,33.35,32.01,18.68,27.01,16.45,13.55,58.94,26.4,80.38,42.48,41.26,20.17,55.56,0.0,0.0
ANSURI_mal_1351,78.82,171.51,40.73,102.32,90.92,100.57,117.39,62.31,36.81,38.15,20.42,28.88,15.68,14.76,59.86,26.68,82.39,41.8,42.72,25.83,55.24,0.0,0.0
ANSURI_mal_1352,75.41,177.32,41.68,97.35,81.23,97.9,116.37,58.81,37.97,37.61,21.86,31.05,18.13,15.44,59.54,26.15,88.37,40.99,43.8,22.43,58.35,0.0,0.0
ANSURI_mal_1353,81.61,184.24,43.52,101.86,80.16,97.23,123.64,58.57,38.03,38.61,23.11,32.58,17.68,15.38,63.54,28.15,93.48,43.44,46.37,23.96,57.47,0.0,0.0
ANSURI_mal_1354,80.25,174.96,41.46,96.28,87.0,103.71,118.43,64.08,39.73,39.34,21.6,30.06,16.63,15.45,63.56,28.08,88.62,39.24,43.91,22.97,56.45,0.0,0.0
ANSURI_mal_1355,87.6,184.56,42.96,105.13,93.21,101.07,120.72,60.01,39.48,39.82,23.68,30.44,17.68,15.59,64.12,28.2,92.51,43.4,42.98,24.88,58.41,0.0,0.0
ANSURI_mal_1356,67.62,165.32,40.45,91.83,77.65,93.44,115.3,57.78,37.91,40.22,22.69,29.4,16.25,16.13,53.87,24.88,76.8,40.18,38.63,22.38,57.15,0.0,0.0
ANSURI_mal_1357,93.88,185.22,42.09,102.51,95.29,107.95,123.1,67.98,41.68,40.4,22.2,29.02,17.01,16.13,62.75,27.57,89.95,43.87,44.93,24.65,57.7,0.0,0.0
ANSURI_mal_1358,68.26,178.46,38.73,90.79,79.36,91.83,109.83,54.04,36.28,36.66,22.47,28.68,17.49,14.69,61.78,27.74,89.87,42.42,44.31,22.15,55.38,0.0,0.0
ANSURI_mal_1359,81.82,181.59,40.63,97.01,91.45,100.83,113.36,58.09,39.7,37.12,21.81,30.4,17.82,14.09,61.14,26.88,85.34,45.19,43.47,24.28,57.87,0.0,0.0
ANSURI_mal_1360,67.31,176.74,39.03,93.38,77.58,92.15,109.02,55.5,37.7,35.16,19.94,28.79,16.54,14.68,61.79,28.34,88.33,42.11,45.11,21.29,54.03,0.0,0.0
ANSURI_mal_1361,81.47,181.17,42.28,95.29,85.51,99.21,119.33,59.85,38.48,40.45,22.46,32.08,17.43,15.82,62.11,27.16,85.61,43.7,43.11,22.87,57.52,0.0,0.0
ANSURI_mal_1362,56.58,161.84,38.19,86.78,74.52,86.26,107.66,51.49,35.42,35.45,19.89,26.43,15.01,15.21,55.54,25.05,77.32,40.78,38.53,20.99,55.04,0.0,0.0
ANSURI_mal_1363,71.5,183.51,40.02,93.32,75.9,93.27,116.28,55.14,35.16,33.86,20.73,30.65,17.31,16.17,62.36,28.47,89.46,44.46,46.64,22.43,56.36,0.0,0.0
ANSURI_mal_1364,83.91,178.66,40.79,101.51,87.17,104.93,121.11,63.2,39.02,37.61,21.46,29.88,17.15,14.95,63.62,27.47,87.68,43.52,44.16,24.78,54.42,0.0,0.0
ANSURI_mal_1365,88.73,179.99,44.4,103.97,91.75,103.66,121.8,60.53,40.55,38.33,23.37,31.39,18.29,14.36,62.25,26.83,84.0,43.15,42.2,26.93,58.62,0.0,0.0
ANSURI_mal_1366,71.89,177.12,40.72,91.44,82.53,94.69,112.65,57.73,39.37,35.2,20.39,28.67,17.13,14.98,58.64,26.89,84.07,45.1,42.44,21.57,57.81,0.0,0.0
ANSURI_mal_1367,63.92,170.26,40.16,88.19,73.45,91.52,111.44,55.4,36.47,34.03,20.5,29.15,16.98,14.39,58.78,26.15,82.09,40.31,40.81,21.72,57.98,0.0,0.0
ANSURI_mal_1368,68.69,178.58,41.8,90.81,73.59,92.5,114.17,54.21,36.19,35.67,21.65,29.53,17.1,14.74,63.47,28.59,87.34,41.44,43.67,21.84,57.67,0.0,0.0
ANSURI_mal_1369,49.43,160.26,36.48,79.38,65.59,82.45,99.21,50.45,35.66,33.18,20.01,26.24,15.64,13.51,53.48,23.32,75.75,38.89,37.27,18.26,54.48,0.0,0.0
ANSURI_mal_1370,67.48,172.6,38.78,91.74,78.28,92.9,114.19,55.17,37.03,36.74,21.62,26.97,16.16,15.84,58.29,25.4,82.55,43.95,41.42,22.59,54.9,0.0,0.0
ANSURI_mal_1371,73.9,176.11,39.97,95.33,78.14,97.23,117.16,57.88,39.35,38.2,23.15,28.4,16.45,16.37,59.36,25.96,83.44,45.35,41.81,22.6,57.9,0.0,0.0
ANSURI_mal_1372,70.27,167.82,40.26,98.48,84.24,95.73,115.47,59.49,37.41,34.91,19.37,28.64,15.86,14.78,56.22,24.84,82.51,40.3,41.16,24.36,55.45,0.0,0.0
ANSURI_mal_1373,65.29,171.54,38.75,91.84,83.93,93.72,110.03,53.24,35.85,31.23,17.97,26.51,16.1,15.53,57.89,26.05,82.29,42.46,41.42,22.93,55.56,0.0,0.0
ANSURI_mal_1374,80.63,177.24,41.2,99.66,90.03,102.58,117.54,60.74,39.94,35.24,23.17,28.72,17.04,15.75,55.95,25.41,83.07,43.99,40.8,23.61,56.81,0.0,0.0
ANSURI_mal_1375,63.78,168.05,39.15,90.87,74.96,89.81,109.47,53.22,38.66,36.74,20.89,30.39,18.12,14.03,56.57,24.59,80.51,40.85,38.46,22.16,55.47,0.0,0.0
ANSURI_mal_1376,58.19,169.65,39.79,88.87,70.5,86.27,109.83,51.54,32.68,33.55,19.96,27.29,16.53,15.77,60.08,27.8,84.9,39.75,43.04,20.85,54.39,0.0,0.0
ANSURI_mal_1377,69.46,171.59,39.84,93.47,78.58,96.71,111.6,60.0,37.12,36.41,21.01,29.2,16.43,14.14,59.41,26.5,85.05,38.14,42.37,21.82,56.48,0.0,0.0
ANSURI_mal_1378,81.41,172.79,41.88,106.59,92.37,98.76,121.67,61.66,40.36,35.23,20.49,30.27,16.56,15.01,59.76,26.41,83.19,42.2,42.34,25.82,57.13,0.0,0.0
ANSURI_mal_1379,61.69,160.69,38.51,91.31,84.61,94.5,105.48,54.62,35.94,33.48,19.76,26.44,15.46,13.07,57.74,25.32,78.19,37.03,39.68,23.02,53.72,0.0,0.0
ANSURI_mal_1380,71.06,177.7,39.25,90.28,83.88,96.53,112.13,57.15,35.97,34.51,20.48,28.88,17.01,14.91,64.26,29.67,89.51,43.03,44.6,22.34,55.48,0.0,0.0
ANSURI_mal_1381,63.14,169.49,39.28,91.98,71.6,90.84,111.22,55.67,34.38,36.32,21.3,29.65,16.34,14.21,57.85,26.58,83.35,37.85,41.14,21.43,55.61,0.0,0.0
ANSURI_mal_1382,69.93,168.61,40.5,92.83,85.03,94.93,110.87,57.16,39.89,38.26,21.62,28.5,16.09,14.8,57.09,24.63,78.47,42.14,39.21,22.03,54.47,0.0,0.0
ANSURI_mal_1383,81.8,174.8,43.21,97.84,88.96,103.38,120.71,62.22,39.24,38.63,22.53,30.99,18.0,15.39,57.52,25.35,81.87,40.48,40.95,22.97,58.28,0.0,0.0
ANSURI_mal_1384,79.64,184.28,42.2,99.89,87.34,94.96,119.82,56.15,37.78,36.13,21.95,28.49,17.45,16.13,63.28,28.38,88.6,46.53,42.82,23.65,58.78,0.0,0.0
ANSURI_mal_1385,78.15,177.88,40.69,96.0,85.68,98.91,113.92,58.4,41.65,39.0,23.78,29.46,17.98,14.44,59.71,26.45,85.94,42.62,41.12,23.23,57.77,0.0,0.0
ANSURI_mal_1386,62.07,168.64,39.14,87.17,74.7,93.34,107.83,55.12,36.16,33.24,20.43,28.9,16.08,14.57,54.69,24.26,81.25,40.33,41.38,20.8,57.63,0.0,0.0
ANSURI_mal_1387,61.44,164.88,38.35,90.43,74.59,90.0,108.58,53.4,37.12,35.87,21.68,27.42,16.54,14.18,56.38,24.83,77.0,40.88,38.85,21.9,55.07,0.0,0.0
ANSURI_mal_1388,88.46,183.04,43.48,104.07,93.09,102.39,124.21,60.95,39.15,37.61,22.04,30.49,18.13,16.18,62.66,28.26,87.88,46.79,43.35,25.17,59.96,0.0,0.0
ANSURI_mal_1389,84.65,189.93,42.07,96.11,84.71,102.11,118.2,60.41,40.38,38.68,23.08,29.7,17.87,15.36,63.89,27.17,94.02,43.37,46.22,22.61,57.65,0.0,0.0
ANSURI_mal_1390,75.26,175.08,42.31,97.53,81.26,98.12,118.37,57.54,39.06,35.38,20.6,31.31,17.36,15.33,58.85,26.01,81.69,44.13,41.88,22.69,57.36,0.0,0.0
ANSURI_mal_1391,89.29,183.75,42.87,105.43,82.91,100.31,127.16,61.02,41.33,43.24,24.78,33.65,18.67,15.1,62.87,27.42,91.83,42.41,46.27,26.22,59.76,0.0,0.0
ANSURI_mal_1392,66.69,175.69,40.38,89.82,75.8,91.55,116.2,53.63,35.77,35.22,20.23,29.69,16.77,16.08,58.79,24.98,82.2,44.12,40.63,20.18,57.69,0.0,0.0
ANSURI_mal_1393,70.86,170.75,40.84,94.38,81.83,94.46,114.99,56.81,38.28,37.46,21.95,30.28,18.22,14.85,60.04,28.27,82.95,40.25,41.97,22.03,56.32,0.0,0.0
ANSURI_mal_1394,80.03,177.56,42.35,99.08,87.69,99.29,119.61,59.71,39.37,37.16,22.13,30.12,18.41,16.37,60.82,27.55,85.72,43.5,44.12,23.43,57.58,0.0,0.0
ANSURI_mal_1395,59.02,169.45,38.97,85.92,71.92,87.9,111.07,51.69,34.35,34.02,20.32,29.02,16.47,15.62,58.17,25.52,82.45,40.16,41.01,19.25,55.7,0.0,0.0
ANSURI_mal_1396,63.34,166.27,39.07,93.43,75.83,91.65,113.75,54.75,36.77,35.3,21.21,26.97,16.36,15.4,52.9,23.64,76.57,40.52,39.8,20.84,55.53,0.0,0.0
ANSURI_mal_1397,61.72,170.02,39.38,90.64,74.19,89.9,109.36,53.45,33.79,34.0,19.69,27.97,16.44,14.63,54.94,25.01,81.66,42.07,42.11,22.26,54.56,0.0,0.0
ANSURI_mal_1398,70.12,174.73,40.29,93.89,77.64,95.34,111.55,56.19,37.53,35.92,21.42,28.65,17.03,14.34,61.66,27.57,86.34,41.0,44.07,24.18,58.36,0.0,0.0
ANSURI_mal_1399,67.96,178.05,39.41,91.45,76.81,92.53,111.79,54.4,37.06,36.34,20.87,29.24,16.23,14.87,61.69,26.05,89.25,42.51,44.52,21.79,55.09,0.0,0.0
ANSURI_mal_1400,90.87,174.1,44.54,109.65,98.96,106.08,125.17,64.71,39.35,39.33,22.91,31.55,18.46,14.59,59.7,26.59,83.54,43.91,39.48,26.23,57.26,0.0,0.0
ANSURI_mal_1401,75.72,169.21,40.61,100.87,93.78,98.96,115.57,58.11,38.11,36.62,21.31,28.99,16.65,14.88,58.16,25.86,82.7,40.67,40.09,25.38,55.47,0.0,0.0
ANSURI_mal_1402,87.03,175.87,44.02,101.6,84.57,104.94,124.7,64.51,40.75,41.63,24.18,33.28,18.44,16.21,59.45,25.74,82.65,42.66,39.66,25.12,59.6,0.0,0.0
ANSURI_mal_1403,74.9,169.62,42.68,101.05,90.49,95.31,118.55,55.26,37.49,36.19,21.59,30.08,17.38,14.35,57.24,24.33,78.91,42.65,39.25,24.26,56.54,0.0,0.0
ANSURI_mal_1404,82.23,182.34,41.45,99.26,83.47,99.15,121.85,60.38,38.15,41.42,23.13,31.41,17.79,16.33,66.3,29.94,93.89,40.45,47.77,23.75,57.35,0.0,0.0
ANSURI_mal_1405,63.21,168.14,40.66,91.06,77.05,90.22,113.8,55.82,35.69,34.28,19.56,27.5,16.28,14.36,56.91,25.16,77.67,43.07,38.24,19.08,56.35,0.0,0.0
ANSURI_mal_1406,85.64,176.5,41.55,101.05,92.96,105.13,116.11,63.19,41.59,42.05,23.43,29.2,17.37,14.71,60.86,26.68,84.71,44.16,40.57,24.38,56.41,0.0,0.0
ANSURI_mal_1407,74.14,177.79,41.13,95.84,79.79,96.68,118.1,57.2,37.5,35.7,21.34,30.16,16.99,15.91,60.27,26.59,84.7,43.7,42.41,22.78,56.9,0.0,0.0
ANSURI_mal_1408,92.74,183.78,43.68,103.87,93.15,104.32,123.44,63.41,41.94,40.17,23.42,32.55,19.03,15.33,63.55,27.41,88.39,44.85,43.83,25.9,58.76,0.0,0.0
ANSURI_mal_1409,77.44,175.35,40.4,98.31,84.44,100.43,115.55,60.79,37.99,37.61,21.24,31.65,16.62,14.61,63.57,28.27,87.12,41.45,43.55,24.09,55.19,0.0,0.0
ANSURI_mal_1410,67.56,171.82,39.61,93.43,78.73,93.66,111.28,55.56,36.34,35.92,22.05,28.51,16.43,14.77,57.17,25.96,81.91,42.38,40.77,22.2,56.87,0.0,0.0
ANSURI_mal_1411,74.69,179.45,40.06,97.1,81.48,94.82,116.07,56.39,39.15,38.88,21.42,30.28,17.69,16.74,59.54,27.0,88.5,42.5,43.62,22.63,56.64,0.0,0.0
ANSURI_mal_1412,73.12,176.83,41.28,95.51,81.31,95.54,113.24,56.76,38.05,38.52,22.57,28.23,17.27,15.25,59.49,26.49,85.72,43.24,43.21,22.83,54.66,0.0,0.0
ANSURI_mal_1413,81.61,171.2,42.47,102.49,88.58,102.23,120.52,60.94,39.33,39.76,22.63,33.22,18.61,14.42,61.47,28.01,84.23,41.32,41.58,25.23,57.51,0.0,0.0
ANSURI_mal_1414,70.4,176.35,40.73,93.96,78.47,94.72,112.56,56.15,36.29,36.13,20.95,28.87,16.42,14.91,60.46,27.43,85.98,43.37,42.68,23.2,57.99,0.0,0.0
ANSURI_mal_1415,55.66,166.14,38.0,86.65,70.18,84.59,108.76,48.87,33.1,34.93,21.03,28.07,16.62,15.85,56.91,26.0,79.07,41.6,39.97,19.92,54.3,0.0,0.0
ANSURI_mal_1416,81.48,173.37,41.97,100.08,94.49,103.32,118.9,61.07,39.16,36.46,21.8,28.62,16.5,15.05,57.68,25.32,79.79,43.3,40.78,23.75,58.06,0.0,0.0
ANSURI_mal_1417,97.87,185.35,44.77,113.33,99.06,106.36,128.47,62.73,40.68,37.41,23.78,32.08,19.07,16.25,61.76,26.55,89.82,45.62,45.11,27.41,57.92,0.0,0.0
ANSURI_mal_1418,84.94,185.51,41.84,100.66,89.83,101.51,118.95,60.6,38.21,36.79,21.61,30.32,17.86,14.97,62.61,27.43,90.5,44.59,45.67,24.7,56.8,0.0,0.0
ANSURI_mal_1419,67.4,176.43,39.51,94.73,77.65,91.23,112.82,52.68,34.5,33.55,19.95,30.6,16.96,15.57,61.46,26.89,84.14,43.38,42.88,22.03,56.55,0.0,0.0
ANSURI_mal_1420,91.24,175.37,42.77,107.83,95.39,108.1,122.29,66.13,42.39,40.45,23.63,31.81,17.78,15.68,56.96,26.1,82.18,45.08,39.99,25.44,56.62,0.0,0.0
ANSURI_mal_1421,89.79,176.49,42.41,106.72,96.36,106.91,120.17,63.58,41.06,40.21,22.21,30.19,17.35,15.39,60.04,25.99,82.63,44.87,39.46,26.15,59.19,0.0,0.0
ANSURI_mal_1422,80.46,186.72,41.88,98.14,81.19,98.22,120.31,59.08,36.64,36.48,21.89,31.43,17.15,15.61,64.5,29.29,93.28,43.24,46.17,23.6,59.02,0.0,0.0
ANSURI_mal_1423,85.32,182.04,41.31,100.99,87.52,105.41,119.57,62.53,39.41,38.42,21.93,29.44,17.36,16.34,60.63,26.8,87.3,45.65,44.96,24.27,58.25,0.0,0.0
ANSURI_mal_1424,68.54,172.5,41.28,95.18,82.57,91.6,112.98,53.64,34.75,34.74,20.93,27.72,16.84,14.5,56.14,24.91,80.37,44.74,39.47,23.81,56.81,0.0,0.0
ANSURI_mal_1425,67.31,183.41,39.16,92.1,77.36,90.28,114.53,52.02,34.87,33.98,20.21,28.27,16.87,16.89,60.96,27.42,91.78,44.38,44.56,21.06,56.31,0.0,0.0
ANSURI_mal_1426,84.23,171.26,42.38,104.58,94.63,103.36,116.68,62.76,42.47,39.91,22.0,31.58,17.67,14.17,57.01,24.35,82.03,40.56,40.94,27.17,56.1,0.0,0.0
ANSURI_mal_1427,63.34,159.69,38.61,94.89,84.32,92.22,107.52,56.68,37.71,34.52,20.61,27.51,15.82,13.95,53.51,23.5,76.98,38.82,37.98,24.42,56.0,0.0,0.0
ANSURI_mal_1428,77.41,175.55,40.74,97.53,86.22,101.86,113.82,59.57,37.76,38.1,22.97,28.95,16.53,14.24,60.55,27.12,85.31,44.24,41.87,23.75,55.88,0.0,0.0
ANSURI_mal_1429,85.63,184.19,44.12,98.31,80.31,101.66,123.34,61.74,41.0,40.67,23.36,32.4,18.82,17.39,64.23,30.38,89.54,43.13,44.53,23.53,57.23,0.0,0.0
ANSURI_mal_1430,92.42,181.81,43.84,104.99,94.01,104.81,126.25,63.0,42.03,40.48,23.9,31.76,19.14,15.7,62.21,26.63,86.91,45.49,42.75,24.78,58.58,0.0,0.0
ANSURI_mal_1431,83.2,176.14,41.14,103.33,94.32,102.55,118.5,62.18,40.57,35.26,20.99,28.62,17.52,15.8,60.43,27.34,83.58,42.85,40.71,24.72,57.01,0.0,0.0
ANSURI_mal_1432,102.28,177.0,43.71,110.33,93.53,114.92,130.37,74.09,43.49,43.27,23.56,34.26,18.74,14.87,64.95,28.88,86.7,41.0,43.36,27.95,57.38,0.0,0.0
ANSURI_mal_1433,80.8,176.32,42.18,104.28,88.86,98.53,121.25,57.78,41.05,37.36,23.0,29.7,17.84,16.96,57.54,25.41,83.73,44.37,41.09,24.45,57.68,0.0,0.0
ANSURI_mal_1434,72.89,175.65,39.93,93.85,83.38,95.09,113.04,55.58,38.75,39.89,24.17,27.9,17.1,15.52,59.23,26.55,85.75,43.16,41.54,23.39,56.42,0.0,0.0
ANSURI_mal_1435,58.09,164.26,39.5,92.1,71.68,86.51,112.91,49.41,34.38,33.84,19.96,28.37,15.27,14.83,57.05,24.66,78.48,40.6,40.0,21.6,54.96,0.0,0.0
ANSURI_mal_1436,74.31,171.66,39.83,100.46,82.66,99.03,118.03,59.31,39.54,36.04,21.32,27.85,16.08,15.7,57.38,24.98,83.29,40.72,40.11,24.95,55.44,0.0,0.0
ANSURI_mal_1437,75.48,175.04,41.23,98.08,82.29,98.12,119.89,59.21,37.57,35.88,21.3,30.79,17.4,15.6,61.97,28.13,86.33,40.07,42.5,22.93,58.15,0.0,0.0
ANSURI_mal_1438,71.69,172.41,40.37,93.7,81.85,96.0,114.25,56.98,39.79,37.37,23.79,27.79,16.43,15.35,56.82,24.32,79.68,43.43,38.8,22.08,56.67,0.0,0.0
ANSURI_mal_1439,85.32,181.08,42.05,102.32,86.4,102.28,121.09,60.68,40.85,39.17,22.76,32.52,18.95,15.37,63.05,29.48,88.76,43.49,43.73,24.33,57.29,0.0,0.0
ANSURI_mal_1440,76.03,171.01,40.89,98.34,83.69,97.99,120.11,58.96,39.32,37.42,21.26,29.88,18.09,16.52,58.53,25.55,77.89,43.94,37.94,24.02,56.76,0.0,0.0
ANSURI_mal_1441,77.48,169.76,41.31,98.22,85.09,99.66,117.62,61.18,40.1,39.45,23.33,29.53,17.93,15.71,56.47,25.35,77.45,44.11,38.34,24.49,56.78,0.0,0.0
ANSURI_mal_1442,72.06,173.15,40.82,95.06,80.64,95.77,113.27,56.58,38.23,36.6,21.88,30.95,18.29,14.78,57.27,25.4,79.65,43.41,39.59,22.05,58.08,0.0,0.0
ANSURI_mal_1443,57.72,161.28,38.75,86.42,72.76,90.18,108.95,54.72,34.92,35.76,19.63,27.73,15.61,14.69,54.86,24.12,79.35,36.9,39.28,20.72,53.3,0.0,0.0
ANSURI_mal_1444,73.44,176.45,40.87,96.47,78.6,95.8,118.75,56.22,38.19,37.62,22.0,30.49,17.05,15.37,58.99,26.09,84.97,43.42,41.82,22.75,55.18,0.0,0.0
ANSURI_mal_1445,80.44,167.68,40.64,104.84,97.08,103.73,117.05,61.48,39.93,36.47,20.32,28.77,15.63,14.81,58.84,25.27,79.01,41.59,40.25,26.27,55.64,0.0,0.0
ANSURI_mal_1446,79.6,176.66,41.05,99.55,86.54,98.87,115.6,59.88,40.28,38.28,22.8,29.29,17.62,14.47,61.74,26.18,82.98,42.74,41.46,24.43,56.56,0.0,0.0
ANSURI_mal_1447,52.44,164.35,37.63,86.97,69.99,84.49,105.54,48.45,31.11,30.15,18.47,25.51,16.04,14.51,55.96,24.3,80.12,40.38,39.68,20.77,54.23,0.0,0.0
ANSURI_mal_1448,80.17,175.05,40.01,102.94,92.92,100.97,114.85,60.94,39.65,36.01,20.86,28.14,16.87,14.98,57.27,24.67,82.57,42.88,41.26,24.83,56.83,0.0,0.0
ANSURI_mal_1449,78.98,178.95,41.31,98.72,86.44,99.34,119.4,59.87,37.62,36.59,22.44,28.39,17.24,16.68,60.85,27.18,86.05,44.55,40.45,23.7,56.78,0.0,0.0
ANSURI_mal_1450,75.86,166.57,41.55,99.71,88.66,100.69,117.46,60.37,38.52,38.9,22.37,29.39,16.63,14.79,55.67,24.31,78.01,40.74,38.31,24.18,57.2,0.0,0.0
ANSURI_mal_1451,74.9,181.5,39.47,95.05,81.77,96.5,114.91,57.4,39.06,35.57,23.01,29.25,16.93,16.56,60.05,26.51,86.33,46.27,42.28,21.48,56.7,0.0,0.0
ANSURI_mal_1452,88.1,188.02,41.86,101.06,85.1,104.92,119.94,63.2,39.36,39.1,23.31,30.37,18.99,16.18,67.27,30.97,93.6,43.28,46.88,23.31,57.5,0.0,0.0
ANSURI_mal_1453,62.63,168.46,39.02,89.89,77.93,90.36,108.69,52.19,35.73,36.12,20.52,28.47,15.89,15.18,56.69,25.56,79.39,43.64,39.36,21.4,55.23,0.0,0.0
ANSURI_mal_1454,81.6,176.17,41.7,102.13,89.19,99.38,119.43,60.26,41.21,38.3,22.61,29.64,18.24,16.02,60.86,26.66,85.38,45.32,40.27,25.13,55.81,0.0,0.0
ANSURI_mal_1455,77.5,172.94,41.02,100.08,85.57,100.46,117.8,61.06,39.56,38.29,21.39,30.13,16.09,14.81,59.88,25.72,86.14,41.96,40.77,24.69,55.02,0.0,0.0
ANSURI_mal_1456,73.1,163.82,42.0,98.88,85.9,98.99,115.63,59.12,39.03,38.96,22.43,31.11,17.02,14.2,54.55,23.74,76.0,39.33,36.76,23.57,55.75,0.0,0.0
ANSURI_mal_1457,88.98,184.61,43.03,100.19,89.29,103.55,118.68,61.24,42.55,41.65,23.95,33.11,18.64,15.49,63.52,27.99,90.87,45.08,43.84,24.49,58.65,0.0,0.0
ANSURI_mal_1458,74.57,182.79,40.44,95.66,80.23,96.36,115.12,59.66,38.26,34.74,20.23,28.53,16.35,15.45,62.15,27.45,91.29,43.06,44.58,22.08,56.15,0.0,0.0
ANSURI_mal_1459,89.67,180.78,44.06,102.68,93.62,104.39,122.77,62.89,44.01,38.7,22.7,31.18,18.53,15.92,63.81,29.47,91.04,43.88,44.47,25.81,59.97,0.0,0.0
ANSURI_mal_1460,74.56,173.16,39.28,99.91,85.26,97.63,111.4,57.05,39.08,37.6,22.36,27.87,17.19,14.78,57.57,24.98,81.96,43.81,40.28,25.31,56.76,0.0,0.0
ANSURI_mal_1461,47.79,164.09,35.8,79.3,67.94,84.37,99.03,47.91,30.23,30.67,17.72,23.23,14.2,14.29,54.02,24.7,79.78,38.61,40.0,18.7,52.09,0.0,0.0
ANSURI_mal_1462,65.58,158.75,40.57,96.19,86.28,92.51,112.29,55.42,37.2,36.73,20.36,27.61,16.38,15.12,52.71,23.21,71.65,41.39,34.48,23.45,56.58,0.0,0.0
ANSURI_mal_1463,107.23,182.93,44.77,115.32,107.93,113.47,121.84,69.91,44.94,42.76,23.65,31.54,18.22,13.72,63.01,27.49,87.24,43.66,42.48,28.92,59.24,0.0,0.0
ANSURI_mal_1464,95.34,180.6,44.72,111.62,101.29,103.07,122.91,59.9,41.95,39.06,23.08,32.62,19.14,14.18,61.07,26.84,83.53,47.24,40.98,28.41,59.82,0.0,0.0
ANSURI_mal_1465,68.92,164.71,39.99,93.42,85.81,96.36,112.43,58.0,38.4,35.73,20.01,28.01,16.24,15.43,57.37,24.97,76.0,42.28,37.48,23.17,56.59,0.0,0.0
ANSURI_mal_1466,79.57,170.99,41.77,103.03,88.38,100.46,122.33,59.98,38.52,39.08,22.06,31.4,17.25,15.52,59.01,25.42,80.95,41.72,39.26,24.23,54.13,0.0,0.0
ANSURI_mal_1467,76.81,179.15,40.84,98.22,83.73,96.47,115.59,57.64,37.61,36.5,21.98,29.89,17.22,15.19,61.82,27.34,86.49,45.37,42.73,25.0,56.77,0.0,0.0
ANSURI_mal_1468,70.44,168.0,39.99,100.71,84.52,95.9,112.86,55.52,37.0,35.85,22.09,29.4,17.15,14.44,55.2,24.28,81.33,40.74,39.75,24.78,56.34,0.0,0.0
ANSURI_mal_1469,86.56,181.01,42.39,97.14,86.92,105.51,118.62,63.78,42.12,39.73,23.93,30.93,19.24,14.6,63.39,28.69,85.67,44.19,41.5,22.79,57.82,0.0,0.0
ANSURI_mal_1470,75.67,171.56,41.82,98.36,88.74,98.76,114.99,58.03,37.37,36.85,22.6,30.8,17.78,14.98,58.68,28.0,80.72,42.03,39.78,22.74,56.6,0.0,0.0
ANSURI_mal_1471,81.54,174.63,41.29,98.82,85.52,103.02,120.22,63.07,42.81,38.96,24.35,30.2,18.95,15.68,60.37,27.41,84.13,39.59,41.27,22.44,55.0,0.0,0.0
ANSURI_mal_1472,73.71,168.65,41.17,97.67,86.51,98.9,117.06,58.93,39.54,34.84,21.78,29.32,17.2,15.06,56.12,25.64,79.4,41.04,38.92,23.46,55.57,0.0,0.0
ANSURI_mal_1473,67.68,170.53,40.54,92.1,78.6,95.69,111.92,54.72,36.06,35.37,21.72,28.09,17.0,14.97,57.27,25.24,78.58,42.07,37.75,22.04,58.85,0.0,0.0
ANSURI_mal_1474,81.1,180.64,42.25,99.65,82.37,101.25,118.57,61.22,39.86,37.67,22.47,32.59,17.44,15.57,63.85,29.75,92.56,39.78,45.98,24.04,56.28,0.0,0.0
ANSURI_mal_1475,73.5,170.83,41.36,98.29,80.84,95.75,115.54,59.0,39.24,37.78,21.63,29.58,17.14,15.12,56.74,25.37,80.46,42.99,39.53,24.5,59.25,0.0,0.0
ANSURI_mal_1476,53.84,172.59,35.76,81.61,68.79,85.31,102.57,49.53,33.23,33.01,19.89,23.91,15.9,14.94,58.06,25.34,85.52,42.48,41.29,20.08,53.51,0.0,0.0
ANSURI_mal_1477,82.3,168.0,42.66,106.08,93.69,103.13,121.53,61.84,39.71,38.12,20.87,30.6,16.92,14.0,58.12,25.19,77.29,41.04,39.49,25.64,54.21,0.0,0.0
ANSURI_mal_1478,72.19,170.99,40.9,95.93,81.78,96.29,117.45,56.61,38.96,37.45,22.16,31.35,17.4,15.45,56.73,24.35,81.11,39.6,40.32,22.57,55.95,0.0,0.0
ANSURI_mal_1479,82.71,173.23,41.59,101.86,89.97,102.87,121.81,61.97,40.91,39.0,23.07,31.4,17.68,15.99,57.63,25.4,83.14,39.99,40.18,25.14,57.59,0.0,0.0
ANSURI_mal_1480,76.4,183.94,41.54,97.91,84.09,96.0,118.13,56.87,36.6,34.62,21.26,28.67,16.55,17.51,61.07,27.04,91.97,44.23,44.54,24.07,57.92,0.0,0.0
ANSURI_mal_1481,79.8,175.5,42.18,99.84,90.97,99.75,116.83,61.43,40.13,35.33,21.18,29.53,16.81,13.68,61.62,27.64,85.45,39.49,42.2,24.79,57.52,0.0,0.0
ANSURI_mal_1482,68.77,182.93,38.08,92.89,75.56,93.44,112.07,52.9,36.28,33.96,21.38,28.84,17.17,15.48,60.59,26.68,89.15,44.82,44.18,21.43,56.97,0.0,0.0
ANSURI_mal_1483,59.89,169.29,39.01,88.51,71.63,90.18,108.76,52.13,35.24,34.54,19.89,27.61,15.82,14.86,55.5,24.31,81.6,41.02,40.43,21.2,54.85,0.0,0.0
ANSURI_mal_1484,67.6,169.94,39.79,94.12,77.91,92.56,115.7,55.02,37.56,36.5,21.86,29.77,16.81,15.78,58.0,25.01,82.43,43.09,41.75,22.26,55.0,0.0,0.0
ANSURI_mal_1485,60.11,172.02,38.12,87.78,71.5,89.7,108.07,52.33,34.86,32.4,19.32,27.21,16.02,14.41,60.09,26.43,84.84,39.18,42.26,21.68,57.31,0.0,0.0
ANSURI_mal_1486,57.38,170.55,37.74,87.16,71.35,85.06,106.62,49.84,33.74,35.97,20.19,27.73,16.05,14.34,57.94,25.8,82.99,40.12,41.53,19.61,55.64,0.0,0.0
ANSURI_mal_1487,80.39,180.07,41.38,98.4,79.73,100.66,119.05,62.22,42.18,38.44,21.4,30.91,17.87,16.12,61.66,28.54,90.11,40.47,43.56,23.28,58.3,0.0,0.0
ANSURI_mal_1488,59.25,172.31,38.24,89.65,73.98,87.7,106.34,50.01,34.14,32.15,20.78,27.71,16.88,14.36,57.2,26.7,85.25,42.37,41.64,21.0,56.16,0.0,0.0
ANSURI_mal_1489,63.93,172.33,38.82,89.19,73.84,89.71,109.87,51.61,36.23,37.31,21.63,28.77,17.14,13.59,59.56,25.36,80.96,40.73,39.78,21.75,56.3,0.0,0.0
ANSURI_mal_1490,74.35,178.78,40.51,95.86,82.73,96.09,113.87,56.77,37.53,36.99,20.72,30.6,16.61,14.85,61.14,27.58,85.43,43.15,41.67,22.77,56.46,0.0,0.0
ANSURI_mal_1491,80.4,174.82,42.27,101.47,85.38,98.5,122.17,60.15,39.87,38.43,23.12,33.23,18.03,16.06,60.66,27.1,85.64,41.59,42.1,24.82,55.12,0.0,0.0
ANSURI_mal_1492,88.24,174.22,43.09,111.46,96.04,103.77,120.23,61.47,41.99,40.05,22.63,29.86,17.66,14.28,61.06,25.88,83.49,41.88,41.51,27.54,56.27,0.0,0.0
ANSURI_mal_1493,78.99,184.18,41.65,94.62,86.04,99.32,116.18,57.32,39.19,36.86,22.53,30.06,18.43,16.2,61.79,27.78,89.78,44.39,44.09,21.7,56.9,0.0,0.0
ANSURI_mal_1494,80.46,192.78,42.5,94.75,79.89,97.83,117.78,56.58,37.47,38.01,21.63,31.66,17.95,16.73,63.19,29.02,94.92,46.44,46.87,21.94,57.69,0.0,0.0
ANSURI_mal_1495,77.52,179.71,41.17,95.59,92.37,99.56,113.78,58.03,37.6,34.55,21.16,27.58,16.81,16.31,59.41,26.33,86.0,43.31,41.17,23.16,58.04,0.0,0.0
ANSURI_mal_1496,76.63,176.71,40.65,102.51,87.35,98.06,116.27,57.85,37.49,37.23,19.98,29.45,16.69,14.81,59.38,27.37,87.35,42.42,42.62,23.9,55.54,0.0,0.0
ANSURI_mal_1497,71.52,172.31,40.32,93.68,81.1,95.9,113.31,58.46,38.97,37.44,22.12,30.87,17.54,14.38,59.13,27.54,86.92,39.29,42.29,22.89,56.68,0.0,0.0
ANSURI_mal_1498,81.82,167.63,42.15,103.63,89.22,101.53,122.28,61.93,42.68,40.04,23.67,30.62,18.33,15.05,55.16,23.88,75.01,41.7,37.36,25.35,56.67,0.0,0.0
ANSURI_mal_1499,70.84,179.84,39.13,94.67,80.27,93.57,112.63,53.81,36.3,35.1,21.49,28.42,17.57,14.95,62.05,27.34,87.75,44.98,42.6,22.82,55.88,0.0,0.0
ANSURI_mal_1500,59.86,170.98,38.03,88.48,69.82,87.22,110.37,51.1,35.84,34.66,20.8,27.12,16.58,15.02,61.03,27.65,82.13,42.02,40.94,20.32,56.78,0.0,0.0
ANSURI_mal_1501,82.21,180.43,41.44,94.27,89.63,101.87,115.7,63.36,41.74,39.18,21.92,29.11,17.05,14.91,64.36,28.85,90.87,40.27,43.17,23.61,57.66,0.0,0.0
ANSURI_mal_1502,78.29,170.87,41.36,101.88,88.21,100.39,116.82,62.15,39.23,37.72,20.56,28.37,16.42,15.54,56.97,25.22,78.09,43.74,40.19,24.37,56.84,0.0,0.0
ANSURI_mal_1503,104.82,183.93,45.0,119.59,102.38,110.06,128.68,65.65,44.03,40.24,24.12,32.18,19.59,14.85,63.73,28.04,89.58,47.84,43.21,28.66,58.15,0.0,0.0
ANSURI_mal_1504,80.26,177.27,40.49,97.93,84.82,101.29,116.65,62.12,40.89,40.33,22.58,29.66,17.08,15.92,58.99,25.83,85.18,43.32,41.21,23.55,56.52,0.0,0.0
ANSURI_mal_1505,88.91,185.88,42.74,98.75,88.29,107.38,121.08,64.88,40.06,38.69,22.68,30.75,17.43,15.81,66.59,30.8,93.69,43.06,45.48,23.34,56.97,0.0,0.0
ANSURI_mal_1506,64.15,170.69,38.07,89.29,75.42,93.09,109.08,55.87,36.75,35.57,20.99,28.05,16.03,14.46,57.66,26.25,81.11,41.6,39.78,20.42,55.89,0.0,0.0
ANSURI_mal_1507,83.87,186.35,41.4,98.1,86.12,100.92,115.84,58.38,42.02,39.43,23.84,29.91,18.57,15.45,62.95,26.81,91.02,44.61,46.04,23.65,58.18,0.0,0.0
ANSURI_mal_1508,67.97,174.01,40.66,97.29,78.49,92.0,113.14,53.34,35.51,35.0,20.23,29.87,16.11,14.92,59.46,27.23,84.88,40.0,41.96,23.44,56.87,0.0,0.0
ANSURI_mal_1509,89.76,174.13,42.0,103.9,95.74,109.57,119.84,64.86,44.79,40.46,23.92,30.1,17.05,14.87,58.33,25.37,80.87,42.98,39.93,25.19,55.88,0.0,0.0
ANSURI_mal_1510,84.0,173.24,42.67,104.03,89.04,103.34,119.89,62.64,40.03,39.88,22.69,30.9,17.44,14.81,59.89,25.87,81.93,42.05,40.21,26.25,58.98,0.0,0.0
ANSURI_mal_1511,101.99,184.63,44.82,110.21,96.25,113.42,126.83,67.34,42.96,41.11,24.14,34.0,17.9,16.2,64.63,30.21,90.94,43.72,45.17,27.92,58.01,0.0,0.0
ANSURI_mal_1512,67.12,170.42,40.75,94.24,81.21,94.08,113.03,54.2,36.41,33.85,21.16,27.99,16.58,13.81,58.9,26.42,80.19,40.21,39.58,21.21,55.32,0.0,0.0
ANSURI_mal_1513,68.83,176.61,40.22,91.42,74.9,93.1,114.54,55.83,37.75,35.99,21.18,31.63,17.01,15.07,61.37,28.0,88.58,39.79,43.47,21.23,56.02,0.0,0.0
ANSURI_mal_1514,98.84,186.47,43.2,110.25,100.48,108.19,126.65,63.55,41.14,40.06,22.12,31.6,18.01,15.83,65.23,28.19,91.22,45.32,44.97,27.48,57.37,0.0,0.0
ANSURI_mal_1515,77.13,172.73,42.81,96.3,83.58,99.09,119.34,57.9,40.97,38.46,22.73,31.55,17.57,15.19,57.76,24.43,79.73,45.21,38.51,23.34,56.18,0.0,0.0
ANSURI_mal_1516,75.09,171.66,41.61,94.18,82.14,99.04,115.29,59.6,39.23,39.56,23.61,30.35,16.89,14.71,59.42,26.54,80.78,42.96,39.6,23.11,56.87,0.0,0.0
ANSURI_mal_1517,97.81,178.11,43.18,105.14,95.51,113.28,123.36,70.36,44.44,43.39,23.82,33.99,17.97,13.56,60.71,26.98,85.88,41.5,40.44,25.72,59.72,0.0,0.0
ANSURI_mal_1518,96.26,182.79,43.21,108.47,93.75,107.62,123.02,65.31,41.35,43.23,24.75,31.97,18.99,15.36,61.68,26.41,86.91,46.36,41.98,27.04,57.94,0.0,0.0
ANSURI_mal_1519,65.31,176.06,40.57,90.86,73.81,90.66,112.88,51.64,34.95,32.64,20.68,29.52,17.19,15.39,58.28,26.14,82.4,43.94,41.01,22.13,57.84,0.0,0.0
ANSURI_mal_1520,82.65,183.89,40.52,93.59,84.56,104.36,111.31,63.1,41.83,39.03,23.12,29.2,17.9,14.34,60.06,26.51,88.53,44.44,43.8,23.09,57.88,0.0,0.0
ANSURI_mal_1521,80.22,174.75,41.56,98.68,85.95,100.06,118.55,62.29,40.52,38.93,22.67,30.58,18.55,15.33,57.94,26.29,82.95,45.2,41.21,23.71,57.62,0.0,0.0
ANSURI_mal_1522,78.4,179.48,42.15,100.09,80.61,96.96,122.04,57.17,39.15,38.51,23.54,31.77,18.66,17.25,57.79,26.49,85.86,43.62,42.63,22.86,56.25,0.0,0.0
ANSURI_mal_1523,87.73,182.07,40.96,100.13,89.35,102.56,120.3,64.54,42.43,39.99,24.08,31.67,18.56,16.13,65.33,30.66,90.01,41.97,43.09,24.2,57.34,0.0,0.0
ANSURI_mal_1524,74.41,174.9,40.41,98.08,81.57,98.07,115.67,57.47,36.59,38.95,22.05,28.79,16.98,15.48,59.27,26.82,85.19,42.0,40.89,24.58,57.22,0.0,0.0
ANSURI_mal_1525,68.57,175.35,39.26,92.66,83.58,94.81,108.8,53.9,36.06,33.37,20.65,28.49,16.62,15.12,56.01,25.69,82.59,42.75,40.77,22.51,56.85,0.0,0.0
ANSURI_mal_1526,74.37,172.76,40.16,93.84,90.19,100.8,110.08,57.66,39.37,36.68,21.88,28.62,17.84,14.19,58.15,25.67,84.4,39.31,40.95,23.59,55.72,0.0,0.0
ANSURI_mal_1527,89.2,182.35,41.81,100.57,94.69,102.47,119.94,62.62,40.18,41.41,22.85,31.21,18.94,15.44,64.83,28.46,87.65,44.43,43.12,25.21,57.34,0.0,0.0
ANSURI_mal_1528,71.4,164.23,40.75,98.9,85.84,95.36,117.12,57.65,39.88,39.46,21.22,29.53,16.96,14.96,56.64,25.16,79.81,39.18,38.28,24.3,54.69,0.0,0.0
ANSURI_mal_1529,65.22,169.63,38.96,93.39,81.13,91.32,108.18,53.61,35.9,35.97,20.86,29.55,16.72,13.35,59.25,26.45,84.94,41.2,41.89,23.29,53.94,0.0,0.0
ANSURI_mal_1530,72.41,178.56,40.94,93.42,80.01,94.67,114.03,55.44,37.42,37.81,23.03,28.87,17.24,16.06,61.69,27.72,86.69,43.57,42.22,22.4,55.97,0.0,0.0
ANSURI_mal_1531,82.46,184.29,42.63,102.21,83.47,98.87,123.63,59.45,38.46,37.68,21.91,32.52,17.6,16.08,63.56,29.02,94.75,41.57,46.17,24.15,57.39,0.0,0.0
ANSURI_mal_1532,61.22,166.14,38.9,94.96,75.98,88.76,111.0,51.74,34.99,34.26,20.43,27.65,16.12,15.96,56.26,26.0,80.74,41.96,40.08,22.77,53.77,0.0,0.0
ANSURI_mal_1533,71.95,168.48,41.29,99.09,81.62,95.36,117.96,57.9,37.86,37.23,22.89,29.79,16.84,14.47,55.7,24.88,79.03,41.39,37.54,23.42,56.35,0.0,0.0
ANSURI_mal_1534,56.12,169.14,37.64,84.97,69.91,84.88,105.8,51.06,33.68,35.78,20.87,28.04,16.25,15.76,57.09,26.19,84.24,38.38,41.7,18.94,56.1,0.0,0.0
ANSURI_mal_1535,66.65,180.52,40.17,89.68,77.23,92.32,111.84,52.73,33.21,34.44,20.8,27.79,16.32,15.34,59.45,25.67,86.1,43.52,43.09,20.59,57.06,0.0,0.0
ANSURI_mal_1536,89.67,173.82,43.65,106.58,102.91,104.87,122.03,61.21,41.09,40.5,22.68,30.54,17.95,15.51,58.83,25.88,81.8,44.03,38.44,26.5,57.72,0.0,0.0
ANSURI_mal_1537,79.06,169.81,41.79,99.15,86.07,102.53,120.19,64.26,40.52,37.74,22.82,30.48,17.91,16.24,56.03,25.69,79.66,40.97,39.88,23.29,56.26,0.0,0.0
ANSURI_mal_1538,63.16,169.35,40.04,91.71,72.7,91.24,111.63,54.27,34.81,35.38,21.11,28.82,16.12,14.99,58.26,25.57,84.17,38.51,40.8,22.86,55.97,0.0,0.0
ANSURI_mal_1539,97.21,180.65,45.0,107.01,98.02,108.76,125.43,66.98,43.66,41.37,23.99,32.28,18.42,14.83,66.09,28.45,89.02,41.58,41.95,26.4,58.28,0.0,0.0
ANSURI_mal_1540,52.15,165.14,36.86,81.0,70.75,85.08,103.35,50.01,33.37,32.69,18.41,25.98,15.13,15.22,54.42,24.63,80.0,38.23,40.5,18.44,54.81,0.0,0.0
ANSURI_mal_1541,80.2,190.49,39.88,90.56,80.31,99.4,110.5,59.09,40.9,38.25,23.13,30.11,19.15,14.68,66.74,30.09,95.28,42.64,46.67,22.51,57.71,0.0,0.0
ANSURI_mal_1542,69.65,163.55,40.16,95.62,87.59,97.06,110.58,58.77,39.98,36.96,21.27,28.19,16.0,15.17,54.07,24.39,76.72,39.2,38.02,23.66,55.5,0.0,0.0
ANSURI_mal_1543,80.11,175.18,42.48,103.47,84.39,99.64,120.76,61.17,38.65,36.65,21.63,32.39,17.53,15.26,60.3,28.15,85.64,40.66,41.95,25.57,55.81,0.0,0.0
ANSURI_mal_1544,86.72,175.93,42.24,105.47,94.59,105.61,119.75,62.33,39.49,39.59,22.41,30.56,18.14,14.51,64.36,30.18,87.03,39.52,41.63,26.2,58.2,0.0,0.0
ANSURI_mal_1545,90.8,169.85,44.01,112.34,103.32,107.74,122.46,64.31,38.7,38.25,22.02,32.0,17.33,16.06,57.7,26.09,77.75,42.98,38.73,27.36,53.56,0.0,0.0
ANSURI_mal_1546,90.98,164.28,45.28,114.03,106.59,107.72,121.37,67.21,42.49,37.08,20.9,31.46,17.68,13.86,56.41,24.79,74.99,41.6,37.56,28.98,57.46,0.0,0.0
ANSURI_mal_1547,91.83,185.37,43.55,104.3,92.71,106.21,118.28,60.89,41.25,41.75,24.59,30.45,18.89,14.95,61.42,27.35,88.82,47.53,43.31,25.27,58.58,0.0,0.0
ANSURI_mal_1548,99.94,178.72,44.09,106.48,96.39,113.45,124.59,71.0,45.47,43.86,24.41,32.82,18.0,15.62,62.23,27.78,86.12,42.86,42.04,26.47,57.58,0.0,0.0
ANSURI_mal_1549,67.21,172.25,40.2,93.08,78.3,90.42,111.04,54.65,37.54,35.82,21.62,28.83,17.24,14.18,58.72,26.72,81.83,41.75,40.56,22.79,56.27,0.0,0.0
ANSURI_mal_1550,63.25,165.47,40.52,92.71,75.32,90.1,110.77,52.93,36.47,35.79,21.8,29.08,17.79,14.37,56.76,24.55,79.0,41.74,40.4,22.97,55.23,0.0,0.0
ANSURI_mal_1551,75.01,180.5,40.45,96.42,88.5,96.09,115.02,55.75,37.9,35.4,20.67,27.8,17.45,16.0,61.13,27.23,87.61,42.03,43.66,22.09,56.39,0.0,0.0
ANSURI_mal_1552,80.44,178.39,42.52,100.18,84.1,100.59,120.92,61.71,39.27,36.88,21.79,30.55,17.02,14.87,63.22,29.2,88.71,40.1,42.63,23.85,56.96,0.0,0.0
ANSURI_mal_1553,81.47,163.83,44.01,105.09,91.45,104.07,122.37,62.38,42.34,40.89,23.43,31.18,16.86,14.85,55.07,24.36,76.45,39.13,36.78,25.69,57.08,0.0,0.0
ANSURI_mal_1554,82.36,168.27,43.22,104.18,94.34,104.53,120.06,62.68,41.22,36.08,21.78,31.23,17.78,15.23,58.31,26.6,81.14,39.39,37.83,26.95,56.32,0.0,0.0
ANSURI_mal_1555,72.77,173.89,40.94,100.09,82.17,94.2,117.33,56.11,37.81,37.8,22.39,28.71,17.08,15.32,57.82,25.99,85.55,41.92,42.0,23.66,56.62,0.0,0.0
ANSURI_mal_1556,59.44,170.06,38.48,89.83,77.93,88.44,108.05,49.14,33.45,33.14,19.76,27.01,16.65,14.51,58.09,26.32,83.63,41.43,41.58,21.38,53.7,0.0,0.0
ANSURI_mal_1557,91.07,182.92,43.69,108.51,90.88,103.51,127.56,60.92,40.37,39.68,23.39,32.9,18.37,17.26,61.88,27.11,89.08,45.18,41.72,26.13,55.64,0.0,0.0
ANSURI_mal_1558,76.98,169.48,39.35,94.54,85.08,104.34,114.34,64.6,40.12,39.7,23.02,29.41,17.16,14.67,56.67,24.73,80.63,39.96,39.46,22.54,57.14,0.0,0.0
ANSURI_mal_1559,74.61,172.41,41.25,101.18,77.26,96.85,120.28,58.6,37.47,38.66,22.25,31.65,17.37,15.78,59.5,25.33,85.58,42.16,41.02,24.93,55.25,0.0,0.0
ANSURI_mal_1560,90.4,190.6,44.09,104.59,80.51,100.23,128.03,59.28,39.8,41.75,23.45,35.09,18.91,16.99,67.36,30.1,98.01,45.35,45.5,25.95,59.04,0.0,0.0
ANSURI_mal_1561,89.86,178.93,44.14,104.15,87.06,106.76,124.55,65.66,40.61,40.65,22.74,32.69,18.35,15.07,60.97,27.59,85.6,42.85,42.47,25.21,58.42,0.0,0.0
ANSURI_mal_1562,81.52,179.33,41.92,97.95,84.34,103.38,118.95,60.67,40.23,37.67,21.28,30.12,18.1,16.09,61.99,27.81,84.92,42.79,41.66,23.42,56.66,0.0,0.0
ANSURI_mal_1563,66.61,172.68,40.49,90.85,74.64,91.67,112.55,55.64,37.57,35.73,21.19,30.02,17.7,15.31,61.27,28.2,84.99,41.24,43.25,21.36,55.62,0.0,0.0
ANSURI_mal_1564,76.51,165.76,41.2,97.78,87.77,100.61,115.62,60.84,41.54,40.77,23.32,30.11,17.21,14.38,56.45,24.76,75.4,41.11,36.16,23.5,56.76,0.0,0.0
ANSURI_mal_1565,92.09,177.1,43.94,105.09,96.33,108.56,120.45,68.24,42.68,37.78,21.36,31.68,17.93,14.44,56.84,25.96,81.98,41.81,41.36,26.53,56.93,0.0,0.0
ANSURI_mal_1566,108.3,176.1,44.4,119.19,116.81,115.12,122.74,69.65,45.38,42.92,23.82,31.06,18.24,14.99,58.02,25.61,81.79,44.49,41.25,30.39,58.83,0.0,0.0
ANSURI_mal_1567,90.12,170.06,41.54,104.98,101.31,109.93,112.28,69.8,43.83,41.0,23.53,31.03,17.09,13.49,56.63,25.06,80.21,40.88,40.02,27.21,57.46,0.0,0.0
ANSURI_mal_1568,79.2,175.0,41.79,103.32,82.54,100.72,121.5,60.9,39.26,36.58,21.08,31.18,17.82,16.1,60.38,27.05,86.02,41.63,42.2,24.46,56.79,0.0,0.0
ANSURI_mal_1569,75.81,180.09,41.42,96.65,81.4,96.27,115.27,58.26,38.32,36.94,22.25,29.88,17.24,15.17,59.67,26.8,86.67,43.55,41.87,22.78,58.32,0.0,0.0
ANSURI_mal_1570,81.31,181.28,42.84,101.3,85.01,97.31,123.68,59.05,38.32,36.55,21.34,32.4,17.25,16.88,59.19,26.1,86.21,44.29,41.89,24.41,57.4,0.0,0.0
ANSURI_mal_1571,81.29,179.15,42.04,99.47,85.61,100.52,118.3,59.56,39.32,39.2,22.76,30.88,17.81,15.54,61.54,26.97,85.72,44.5,41.64,23.74,58.1,0.0,0.0
ANSURI_mal_1572,69.48,174.89,40.1,96.05,79.4,93.89,113.07,53.36,36.93,37.19,22.26,29.34,17.89,14.61,56.37,25.29,84.29,41.61,41.21,22.1,55.78,0.0,0.0
ANSURI_mal_1573,112.05,186.13,45.52,110.94,97.38,116.91,131.99,73.44,46.15,44.99,24.68,36.27,19.8,15.79,67.22,30.11,89.56,42.71,42.56,27.05,59.53,0.0,0.0
ANSURI_mal_1574,84.36,176.07,41.07,101.2,88.64,103.94,119.77,62.07,42.17,41.94,23.22,31.4,18.08,15.61,59.65,26.09,84.25,41.16,39.61,23.72,56.62,0.0,0.0
ANSURI_mal_1575,74.8,172.72,40.0,96.76,87.25,99.58,110.65,60.31,37.13,37.63,22.22,28.25,17.08,14.2,56.36,26.27,81.16,40.13,40.12,23.51,56.12,0.0,0.0
ANSURI_mal_1576,68.24,168.85,40.0,91.73,77.94,96.42,110.97,57.12,38.46,36.89,22.19,28.55,17.03,14.46,55.76,24.86,78.56,40.36,38.58,22.11,58.62,0.0,0.0
ANSURI_mal_1577,75.01,181.53,40.57,96.01,83.04,97.27,115.34,55.51,37.03,35.67,21.52,27.78,17.57,15.24,62.26,27.45,87.74,42.1,43.42,23.09,58.31,0.0,0.0
ANSURI_mal_1578,82.96,182.73,42.34,98.86,84.06,99.56,124.76,59.93,39.36,40.19,23.91,30.36,17.17,16.49,63.13,26.96,88.71,44.36,41.25,22.73,57.52,0.0,0.0
ANSURI_mal_1579,92.0,186.32,43.41,105.8,89.1,105.35,124.44,61.41,41.48,40.23,24.4,31.98,18.78,16.44,62.57,27.75,92.18,45.73,42.99,25.62,59.24,0.0,0.0
ANSURI_mal_1580,75.67,166.91,42.1,104.36,93.63,95.89,116.91,56.71,39.08,36.12,20.17,30.72,17.14,14.15,55.53,24.5,78.99,40.07,39.43,26.36,57.36,0.0,0.0
ANSURI_mal_1581,63.55,169.44,38.93,91.18,74.03,92.53,111.23,53.94,36.66,35.84,21.08,28.05,16.05,15.77,53.18,23.91,79.09,42.72,39.12,21.21,56.58,0.0,0.0
ANSURI_mal_1582,104.12,188.12,44.45,114.03,98.67,109.46,131.47,65.52,42.12,42.99,23.51,32.49,18.34,16.85,65.18,28.88,91.57,45.03,43.6,27.54,58.32,0.0,0.0
ANSURI_mal_1583,72.84,171.4,39.91,94.43,83.79,98.82,114.93,60.3,39.63,35.73,20.55,30.39,17.12,16.07,57.56,26.97,84.3,39.53,40.36,22.67,56.34,0.0,0.0
ANSURI_mal_1584,71.57,169.63,40.04,96.3,85.49,96.06,112.23,57.58,39.18,36.45,21.65,27.94,16.64,14.97,57.24,26.31,80.23,45.06,39.06,23.74,55.54,0.0,0.0
ANSURI_mal_1585,80.43,184.34,41.28,99.11,84.39,99.22,118.39,59.52,37.82,38.04,21.91,29.19,17.38,16.49,61.49,27.43,90.44,44.01,43.77,23.3,57.21,0.0,0.0
ANSURI_mal_1586,62.05,167.1,39.67,91.53,74.79,91.84,110.15,53.71,36.62,32.99,20.03,27.93,15.47,14.62,56.03,24.58,79.07,41.43,38.52,21.5,56.74,0.0,0.0
ANSURI_mal_1587,74.8,175.36,41.67,101.57,85.13,94.29,118.31,54.05,36.77,36.19,21.74,30.92,17.11,16.17,59.89,26.74,84.76,42.9,42.76,25.01,58.22,0.0,0.0
ANSURI_mal_1588,91.04,173.79,42.61,107.77,102.22,108.32,122.5,64.02,42.35,38.92,21.36,28.81,16.95,15.81,59.3,26.72,81.86,43.77,39.68,27.65,56.81,0.0,0.0
ANSURI_mal_1589,71.86,174.78,41.1,96.69,80.45,95.34,114.84,57.27,37.12,36.29,20.85,28.94,17.35,14.16,61.83,28.58,86.52,41.55,41.15,23.0,56.27,0.0,0.0
ANSURI_mal_1590,70.97,177.53,40.23,96.19,81.2,92.96,114.07,55.3,38.0,35.38,20.38,27.08,16.91,14.66,58.13,26.02,85.88,43.41,41.57,23.13,58.4,0.0,0.0
ANSURI_mal_1591,92.34,182.23,43.14,105.32,97.64,105.36,117.5,63.6,41.61,41.22,23.76,30.05,17.36,14.69,62.28,28.33,86.46,44.89,41.22,26.13,58.94,0.0,0.0
ANSURI_mal_1592,106.57,182.47,43.52,114.62,103.59,114.44,128.38,70.69,46.05,41.83,23.99,31.68,17.77,15.88,62.83,27.01,88.85,46.24,44.2,28.61,55.24,0.0,0.0
ANSURI_mal_1593,77.49,173.56,41.19,104.45,90.2,98.32,120.06,58.07,37.13,34.75,20.64,28.19,16.72,15.7,59.65,26.94,82.41,41.94,39.95,24.57,57.36,0.0,0.0
ANSURI_mal_1594,81.55,180.34,42.88,101.27,84.68,101.85,118.16,59.42,40.01,35.91,22.41,31.5,17.8,14.87,61.37,28.69,87.9,44.47,41.96,23.93,57.81,0.0,0.0
ANSURI_mal_1595,78.25,180.05,40.55,100.09,80.46,99.23,121.04,58.98,39.53,36.88,22.38,28.26,17.49,17.17,57.21,25.52,82.53,44.39,40.63,22.59,57.42,0.0,0.0
ANSURI_mal_1596,93.28,188.08,42.92,106.32,96.27,105.01,118.46,60.39,40.29,41.31,22.8,28.31,17.71,14.9,64.68,28.49,89.13,46.81,43.64,26.03,58.35,0.0,0.0
ANSURI_mal_1597,70.33,170.22,40.12,95.1,84.9,96.01,114.12,57.82,35.44,35.36,21.14,29.7,16.91,15.0,57.96,25.23,83.04,40.21,39.61,23.54,54.17,0.0,0.0
ANSURI_mal_1598,86.04,184.66,40.78,98.09,87.44,105.33,116.04,63.34,42.91,39.19,22.05,29.81,17.15,15.12,63.08,27.59,89.24,43.77,43.58,23.01,56.79,0.0,0.0
ANSURI_mal_1599,74.03,176.55,40.16,97.68,94.19,96.83,109.75,55.75,36.83,34.1,20.73,27.33,17.67,15.94,58.66,26.88,88.1,43.22,41.97,25.13,56.53,0.0,0.0
ANSURI_mal_1600,67.78,174.8,39.64,95.32,76.2,91.9,114.66,53.3,36.24,36.9,21.23,28.64,16.56,14.96,58.62,25.5,84.17,42.07,40.29,22.25,57.22,0.0,0.0
ANSURI_mal_1601,72.97,168.89,41.11,95.43,88.63,97.42,115.11,58.74,38.28,35.64,20.62,28.51,16.69,15.64,56.11,24.81,78.8,41.87,38.4,24.1,57.41,0.0,0.0
ANSURI_mal_1602,88.3,172.54,42.27,103.69,97.1,107.18,121.57,66.0,41.89,40.62,23.34,31.07,17.39,15.23,57.74,26.09,82.15,40.05,38.94,25.62,56.95,0.0,0.0
ANSURI_mal_1603,74.03,175.65,41.93,96.15,79.82,96.97,116.87,57.98,37.41,36.31,21.14,29.9,16.91,14.95,58.57,25.51,82.94,43.61,39.35,23.79,57.76,0.0,0.0
ANSURI_mal_1604,68.81,177.77,38.0,88.63,79.93,94.61,109.86,55.57,38.26,36.21,21.2,27.72,16.25,15.89,60.57,26.95,86.23,43.48,39.94,21.63,56.58,0.0,0.0
ANSURI_mal_1605,81.42,175.57,42.57,98.5,89.87,101.89,116.89,59.68,41.13,36.82,22.8,31.18,18.09,15.1,57.05,24.91,81.09,43.27,39.18,24.57,58.75,0.0,0.0
ANSURI_mal_1606,77.96,175.43,40.4,98.52,84.72,99.57,113.27,60.16,42.0,37.47,21.48,30.25,17.74,15.0,57.12,24.92,82.37,43.87,41.08,24.2,58.5,0.0,0.0
ANSURI_mal_1607,70.4,172.47,39.31,95.59,78.79,95.52,110.24,59.1,38.51,37.16,22.14,28.64,16.88,14.4,58.57,26.45,85.55,41.19,42.54,23.49,55.43,0.0,0.0
ANSURI_mal_1608,76.69,171.24,41.56,99.88,87.19,97.68,119.12,59.97,39.11,37.02,23.28,31.16,18.14,14.97,55.86,24.64,82.25,40.81,39.33,24.13,55.86,0.0,0.0
ANSURI_mal_1609,74.4,173.29,41.32,94.92,84.03,97.38,112.64,58.69,39.56,37.19,21.18,30.37,16.92,14.22,55.68,25.04,80.2,44.42,40.19,24.05,56.79,0.0,0.0
ANSURI_mal_1610,80.65,175.8,40.75,101.06,88.17,101.55,119.17,60.51,40.7,37.55,21.54,29.24,16.45,15.06,59.59,26.17,82.62,42.29,39.01,23.94,59.2,0.0,0.0
ANSURI_mal_1611,64.96,169.77,39.59,92.91,75.59,91.98,111.14,53.78,36.94,36.34,22.67,27.98,16.33,14.81,57.54,25.92,80.03,42.48,39.72,21.56,54.16,0.0,0.0
ANSURI_mal_1612,70.69,172.42,40.92,99.23,78.1,92.45,117.6,54.08,37.15,37.5,21.75,29.1,17.66,15.59,58.26,25.27,83.32,43.51,40.89,24.84,55.53,0.0,0.0
ANSURI_mal_1613,79.7,173.3,41.87,103.53,91.14,100.53,114.89,58.93,38.35,37.86,21.46,30.41,17.13,14.26,57.38,25.69,81.67,42.7,40.53,25.68,56.48,0.0,0.0
ANSURI_mal_1614,71.28,164.75,42.06,95.11,82.99,97.88,113.84,57.96,38.55,39.41,22.38,30.02,17.38,14.3,56.07,25.24,75.71,40.69,36.85,23.16,56.0,0.0,0.0
ANSURI_mal_1615,61.19,171.52,38.73,87.31,71.78,91.67,106.24,51.98,34.94,34.36,21.49,28.17,17.48,13.76,56.62,25.24,82.81,40.5,40.21,21.18,57.14,0.0,0.0
ANSURI_mal_1616,64.91,176.78,38.77,91.39,73.31,90.0,109.09,52.71,36.25,35.82,21.65,28.4,17.19,14.51,59.34,26.55,86.04,41.52,42.97,21.42,56.92,0.0,0.0
ANSURI_mal_1617,73.67,181.86,40.88,94.05,80.06,96.48,115.7,56.88,37.94,37.84,21.0,29.88,17.37,15.04,60.77,27.15,91.65,42.23,44.43,20.7,56.06,0.0,0.0
ANSURI_mal_1618,97.39,182.64,44.46,110.52,97.22,105.96,123.5,64.44,43.55,39.83,22.51,33.45,18.63,15.36,62.04,27.96,84.66,44.73,40.94,27.44,60.96,0.0,0.0
ANSURI_mal_1619,74.09,175.62,40.71,94.49,80.43,97.47,112.75,57.63,39.45,38.48,22.82,29.37,18.16,14.65,59.78,26.62,83.98,42.46,41.12,23.32,56.45,0.0,0.0
ANSURI_mal_1620,71.04,177.51,38.67,90.95,80.46,98.15,111.08,57.52,37.8,34.75,20.92,27.3,16.14,14.7,61.32,26.65,85.67,43.55,41.38,22.58,54.69,0.0,0.0
ANSURI_mal_1621,61.37,171.42,37.71,86.68,74.76,92.22,107.33,52.37,35.21,34.08,20.45,26.34,16.17,14.9,57.47,25.83,81.17,40.57,40.71,20.76,56.18,0.0,0.0
ANSURI_mal_1622,62.71,158.85,40.21,94.21,80.08,90.09,116.11,55.17,36.63,34.72,20.13,29.15,16.06,15.22,54.85,23.81,74.46,40.32,37.52,22.51,53.84,0.0,0.0
ANSURI_mal_1623,87.24,177.55,44.58,104.6,83.21,102.92,125.64,64.16,42.03,40.79,22.61,33.44,18.81,15.39,62.1,28.45,84.92,41.61,40.47,24.44,60.48,0.0,0.0
ANSURI_mal_1624,58.15,165.0,37.64,89.82,71.86,89.28,105.67,54.51,34.84,34.04,20.43,28.2,15.82,14.44,54.85,24.34,80.1,36.28,40.15,20.67,54.14,0.0,0.0
ANSURI_mal_1625,87.75,176.9,41.92,104.5,95.11,103.53,121.53,63.35,42.57,39.99,23.25,29.85,17.58,14.81,60.43,26.87,84.77,44.41,39.28,24.86,59.0,0.0,0.0
ANSURI_mal_1626,58.85,162.6,39.68,91.87,74.48,86.9,108.0,53.8,33.9,35.57,19.27,29.41,16.32,14.04,54.15,24.27,80.31,39.0,40.05,22.3,54.89,0.0,0.0
ANSURI_mal_1627,71.67,183.52,40.59,90.63,76.34,92.95,112.34,55.98,38.77,38.05,22.46,29.38,16.86,14.86,65.54,29.72,94.14,42.2,44.98,21.04,56.59,0.0,0.0
ANSURI_mal_1628,72.3,168.58,41.03,98.18,81.96,93.92,118.89,58.9,38.67,38.33,22.37,30.69,17.14,15.22,57.21,25.51,80.57,40.82,39.16,23.11,56.73,0.0,0.0
ANSURI_mal_1629,80.9,171.86,42.47,101.82,88.89,101.82,116.2,62.81,41.29,38.6,23.69,31.71,17.8,15.83,57.29,26.2,81.98,42.18,38.81,24.24,57.52,0.0,0.0
ANSURI_mal_1630,61.38,171.72,39.38,84.9,71.02,90.15,109.75,54.16,36.11,35.35,21.09,28.43,16.83,15.42,59.59,27.51,85.63,39.29,41.47,19.92,56.05,0.0,0.0
ANSURI_mal_1631,84.08,175.42,41.17,99.98,89.09,103.78,119.39,61.57,41.24,40.78,22.93,31.52,17.74,15.36,59.69,26.45,82.14,43.06,40.71,24.96,58.23,0.0,0.0
ANSURI_mal_1632,69.11,170.4,41.07,95.25,78.41,92.94,115.58,57.77,37.58,35.56,20.95,29.17,17.2,15.58,60.25,27.61,83.4,39.66,41.1,22.99,57.81,0.0,0.0
ANSURI_mal_1633,79.41,168.47,42.89,99.35,87.05,100.43,116.71,63.47,42.24,41.76,22.95,31.54,18.32,14.95,57.54,26.47,79.9,40.26,38.94,23.69,56.01,0.0,0.0
ANSURI_mal_1634,82.34,175.87,41.9,102.02,90.79,101.2,116.75,60.89,39.85,40.1,22.8,31.17,17.18,14.45,58.9,26.59,85.11,40.8,41.56,25.42,56.64,0.0,0.0
ANSURI_mal_1635,62.16,171.08,38.58,93.11,75.17,88.91,108.5,51.85,34.96,34.74,21.08,28.38,16.98,14.67,56.9,26.53,84.75,41.35,41.88,21.55,57.51,0.0,0.0
ANSURI_mal_1636,91.47,180.96,43.46,107.53,86.89,105.75,126.01,65.5,41.66,39.57,23.59,33.21,18.82,17.02,65.51,29.7,90.13,41.97,43.3,25.86,58.34,0.0,0.0
ANSURI_mal_1637,71.53,176.6,40.78,95.48,79.26,94.1,118.36,54.97,37.0,33.59,20.33,29.7,17.29,16.43,61.28,27.59,84.82,41.99,40.58,23.92,56.36,0.0,0.0
ANSURI_mal_1638,63.41,174.67,40.77,87.3,73.7,91.12,109.77,52.5,35.38,34.77,21.21,29.07,16.69,15.69,57.78,26.46,84.5,43.15,41.55,20.72,55.13,0.0,0.0
ANSURI_mal_1639,82.33,178.71,41.98,100.2,84.64,101.59,118.29,60.72,40.68,38.67,22.7,31.2,17.09,15.75,63.8,28.78,85.83,42.0,43.12,24.71,58.89,0.0,0.0
ANSURI_mal_1640,92.72,180.19,44.82,108.37,91.52,105.97,126.43,64.71,42.13,40.13,23.31,32.69,18.17,16.03,60.64,27.67,86.57,41.98,42.2,25.95,59.95,0.0,0.0
ANSURI_mal_1641,57.21,166.12,37.47,89.0,71.95,88.66,103.85,51.03,34.08,34.55,20.93,26.35,16.32,13.53,55.32,25.8,80.73,41.64,40.45,20.91,54.61,0.0,0.0
ANSURI_mal_1642,80.31,176.09,42.8,103.62,84.45,100.05,121.25,59.89,39.22,36.65,21.39,33.51,17.18,15.38,58.15,26.1,84.97,41.37,41.64,24.54,58.13,0.0,0.0
ANSURI_mal_1643,83.73,180.28,42.79,99.53,82.44,100.86,122.93,61.53,41.58,40.8,24.18,29.86,18.08,16.63,62.4,28.77,87.13,43.41,41.68,24.12,57.46,0.0,0.0
ANSURI_mal_1644,71.76,168.5,40.17,97.11,91.86,95.81,110.06,56.52,37.81,36.1,20.73,28.03,16.49,13.95,56.85,25.3,77.83,41.59,38.84,22.98,56.46,0.0,0.0
ANSURI_mal_1645,103.89,188.06,45.2,110.6,100.06,110.53,125.64,66.42,41.66,41.5,24.05,34.97,18.88,15.74,63.32,28.76,88.81,46.75,41.98,26.29,59.44,0.0,0.0
ANSURI_mal_1646,85.52,179.83,42.47,101.05,86.33,102.49,121.6,62.44,42.43,40.06,21.87,31.54,17.76,15.37,61.91,27.28,87.28,42.82,42.21,24.8,57.79,0.0,0.0
ANSURI_mal_1647,71.66,186.88,38.47,89.34,81.19,96.02,109.78,53.87,36.99,35.41,22.53,27.34,17.35,15.39,60.05,26.72,92.23,45.99,45.28,21.2,55.24,0.0,0.0
ANSURI_mal_1648,89.84,178.13,43.42,101.26,96.46,106.39,117.77,65.33,43.3,40.55,25.09,30.06,18.55,15.41,58.92,26.49,83.84,41.58,38.38,24.19,58.61,0.0,0.0
ANSURI_mal_1649,83.31,186.58,42.32,98.2,81.66,101.71,117.01,60.24,40.56,37.44,23.06,31.03,18.57,15.76,60.07,26.61,90.36,43.49,42.71,24.21,59.63,0.0,0.0
ANSURI_mal_1650,64.67,163.32,39.18,93.84,82.1,95.47,106.1,56.94,36.88,34.74,20.66,27.12,15.41,13.96,53.37,23.9,76.45,40.61,36.48,23.09,55.67,0.0,0.0
ANSURI_mal_1651,88.38,176.45,43.13,103.97,95.22,106.66,118.2,65.69,43.71,39.87,23.87,30.51,17.36,15.31,58.8,26.89,87.16,39.86,43.54,24.99,57.64,0.0,0.0
ANSURI_mal_1652,115.81,191.59,44.61,110.64,104.5,116.83,130.11,72.02,47.96,45.05,25.84,33.96,19.12,17.28,65.32,29.19,91.78,46.23,45.54,27.05,58.58,0.0,0.0
ANSURI_mal_1653,69.22,176.5,39.09,90.71,79.51,92.83,110.37,55.39,38.0,36.21,21.91,29.16,18.05,14.48,61.87,27.24,86.05,42.0,43.65,21.99,54.95,0.0,0.0
ANSURI_mal_1654,85.23,181.63,43.34,102.12,87.56,101.09,120.81,59.92,41.23,39.28,22.62,31.97,18.73,14.65,62.36,26.53,88.88,42.72,42.99,24.49,58.74,0.0,0.0
ANSURI_mal_1655,78.78,185.46,40.39,96.56,82.51,99.01,116.34,57.42,38.06,37.03,23.13,30.76,17.67,16.2,60.06,27.58,90.05,42.65,44.44,22.83,55.89,0.0,0.0
ANSURI_mal_1656,71.55,173.6,39.64,92.94,80.39,96.4,111.44,59.75,39.76,35.51,21.28,29.96,17.01,14.75,57.75,25.62,83.3,41.67,41.29,23.01,54.64,0.0,0.0
ANSURI_mal_1657,66.23,173.17,39.0,88.8,77.41,93.23,110.34,54.18,37.99,35.11,22.01,29.42,17.72,14.9,56.13,24.14,82.02,42.64,41.3,21.05,55.65,0.0,0.0
ANSURI_mal_1658,75.43,171.03,40.99,94.62,85.13,99.24,117.55,60.35,38.95,38.97,22.18,28.04,17.33,15.48,59.64,26.45,79.85,40.53,40.32,23.09,57.11,0.0,0.0
ANSURI_mal_1659,75.18,178.91,41.17,100.33,79.18,94.94,120.95,55.72,38.55,37.14,22.14,31.1,17.63,16.4,61.55,27.56,88.06,42.94,43.45,22.57,55.85,0.0,0.0
ANSURI_mal_1660,77.48,180.19,40.24,96.02,84.69,98.44,114.14,59.27,37.88,38.64,22.96,29.96,17.2,15.35,59.69,26.52,90.07,41.49,44.04,24.64,56.82,0.0,0.0
ANSURI_mal_1661,88.75,177.31,41.96,102.37,93.92,105.34,120.58,65.09,42.86,42.74,23.07,29.58,17.89,16.21,59.04,26.7,83.52,44.05,40.88,24.1,58.67,0.0,0.0
ANSURI_mal_1662,67.77,176.95,40.14,90.1,76.54,92.17,112.05,55.28,37.54,34.88,21.44,28.19,17.05,15.26,58.34,25.91,83.91,42.16,42.02,21.42,56.89,0.0,0.0
ANSURI_mal_1663,70.73,177.72,40.83,95.01,80.63,93.0,116.38,53.46,37.63,34.9,20.48,28.64,16.71,16.24,59.37,26.28,85.17,44.63,43.02,22.53,58.11,0.0,0.0
ANSURI_mal_1664,97.28,185.07,43.21,107.59,98.4,107.41,120.14,63.18,42.51,42.75,24.3,32.66,19.28,14.08,64.85,27.69,89.75,43.89,44.05,26.38,59.37,0.0,0.0
ANSURI_mal_1665,78.79,181.57,41.95,100.57,85.72,97.38,118.0,58.79,37.33,38.4,21.05,30.11,17.14,16.17,62.65,28.41,91.1,43.39,46.4,23.16,55.9,0.0,0.0
ANSURI_mal_1666,73.95,161.22,42.48,104.72,93.15,98.64,113.83,59.03,38.17,34.69,19.58,31.14,16.97,14.14,53.53,23.15,74.68,40.16,36.95,27.0,56.57,0.0,0.0
ANSURI_mal_1667,76.5,175.55,40.65,92.3,89.05,101.34,113.08,60.23,39.86,37.21,20.85,28.7,17.08,14.41,61.68,26.32,84.99,41.65,41.23,21.82,58.04,0.0,0.0
ANSURI_mal_1668,88.84,175.15,43.97,105.8,90.94,106.14,124.44,64.47,40.69,38.69,22.82,32.72,18.21,14.55,60.47,26.21,81.44,42.58,39.73,25.52,58.44,0.0,0.0
ANSURI_mal_1669,79.88,168.62,41.63,101.11,87.08,103.31,121.09,63.11,40.16,38.66,23.13,30.86,17.33,15.08,58.25,26.03,80.81,40.01,38.6,25.03,56.44,0.0,0.0
ANSURI_mal_1670,62.54,182.21,37.68,85.6,75.04,91.7,106.03,52.74,34.28,30.49,18.62,25.96,16.0,14.72,61.56,27.87,89.62,44.67,44.36,19.85,55.91,0.0,0.0
ANSURI_mal_1671,64.35,175.01,39.14,87.62,77.93,91.91,105.07,52.11,34.79,37.27,22.32,28.25,17.58,14.12,57.74,25.61,85.4,42.62,42.3,20.66,56.66,0.0,0.0
ANSURI_mal_1672,71.41,161.32,40.66,96.43,87.96,99.99,111.72,62.25,39.34,36.52,22.82,28.71,16.9,14.24,51.51,22.19,73.77,41.44,35.51,23.51,53.45,0.0,0.0
ANSURI_mal_1673,65.9,167.35,39.42,94.77,81.49,91.03,114.73,53.84,35.07,35.33,20.36,30.15,17.03,16.42,54.02,24.9,80.5,43.37,38.87,23.76,55.03,0.0,0.0
ANSURI_mal_1674,71.33,174.77,41.06,98.25,77.56,95.22,116.91,57.04,37.31,34.29,21.06,28.56,16.63,14.4,59.82,25.88,85.18,41.33,41.27,23.58,58.11,0.0,0.0
ANSURI_mal_1675,74.59,173.79,41.88,99.04,85.72,95.95,115.53,58.2,38.23,36.16,21.18,30.05,17.23,14.25,56.95,26.3,82.98,42.36,40.93,23.25,57.46,0.0,0.0
ANSURI_mal_1676,76.71,179.68,40.26,95.15,87.42,98.3,114.61,57.43,36.88,36.33,21.77,30.47,17.99,15.76,63.42,27.95,88.68,43.37,42.78,23.75,54.66,0.0,0.0
ANSURI_mal_1677,123.59,189.31,47.39,125.57,111.93,118.05,133.2,71.28,46.88,43.46,24.65,35.51,19.48,15.36,66.38,28.98,90.47,45.8,43.46,31.23,58.55,0.0,0.0
ANSURI_mal_1678,91.63,185.11,43.42,100.28,90.78,106.68,123.67,61.83,43.62,41.13,23.26,32.4,18.33,15.66,66.6,30.84,92.31,41.05,45.38,24.12,57.6,0.0,0.0
ANSURI_mal_1679,60.63,165.19,37.6,87.66,78.0,92.11,107.26,55.85,36.46,33.18,20.54,27.4,15.59,14.01,56.51,24.91,79.89,40.0,39.87,20.07,53.0,0.0,0.0
ANSURI_mal_1680,92.03,178.29,42.41,105.76,98.33,106.18,120.25,63.78,43.99,37.88,24.21,31.26,18.61,15.72,59.95,26.92,82.36,42.83,40.25,26.5,58.27,0.0,0.0
ANSURI_mal_1681,68.06,176.9,39.22,91.77,76.98,92.18,110.44,55.07,36.64,36.85,22.42,27.36,16.17,14.9,59.15,25.81,84.53,44.9,42.44,22.17,55.64,0.0,0.0
ANSURI_mal_1682,90.0,180.07,42.32,104.77,96.45,107.18,121.35,62.86,40.0,37.65,23.5,29.31,17.54,15.65,61.63,27.8,85.85,44.42,42.55,26.27,56.48,0.0,0.0
ANSURI_mal_1683,67.11,174.68,40.68,94.19,78.81,91.38,113.94,53.42,34.54,34.18,19.88,28.62,16.99,15.58,58.27,24.4,82.52,43.91,40.79,22.02,55.74,0.0,0.0
ANSURI_mal_1684,80.34,171.89,41.85,95.99,89.8,105.21,120.12,61.17,41.07,38.63,22.9,29.27,17.52,14.98,56.81,24.79,80.33,42.25,39.68,22.92,55.64,0.0,0.0
ANSURI_mal_1685,83.58,180.79,42.91,98.3,86.08,100.99,122.5,58.79,38.6,41.16,23.76,31.31,18.52,16.61,64.45,29.75,87.06,43.13,42.99,23.39,57.13,0.0,0.0
ANSURI_mal_1686,77.69,178.14,41.91,97.1,83.96,100.06,113.28,59.09,38.32,37.03,21.97,28.37,17.37,15.26,56.87,25.77,82.81,44.78,40.48,25.26,57.99,0.0,0.0
ANSURI_mal_1687,74.7,164.55,41.45,97.96,89.72,100.54,115.8,60.88,39.27,37.33,21.68,29.7,17.3,14.64,54.05,24.2,75.88,40.64,37.45,24.21,55.79,0.0,0.0
ANSURI_mal_1688,73.68,159.72,40.71,103.91,90.57,98.5,113.77,58.48,38.67,38.7,23.07,28.96,17.03,14.26,52.69,24.2,71.32,41.69,34.66,26.5,56.75,0.0,0.0
ANSURI_mal_1689,57.52,169.84,37.54,86.73,71.61,85.66,109.97,50.27,33.42,34.36,21.58,26.91,16.47,15.79,56.51,25.3,81.87,43.1,39.43,19.37,55.16,0.0,0.0
ANSURI_mal_1690,83.18,178.55,43.02,100.12,83.09,101.2,120.0,61.94,41.42,39.44,22.88,31.33,17.73,15.22,58.28,25.81,83.14,45.24,41.55,25.03,58.1,0.0,0.0
ANSURI_mal_1691,65.86,176.47,38.0,84.54,75.23,92.52,104.97,55.18,37.82,38.69,23.32,28.15,17.32,15.15,58.61,26.86,82.54,43.55,39.75,19.38,57.5,0.0,0.0
ANSURI_mal_1692,93.28,179.67,44.63,106.18,95.49,105.92,126.97,64.92,43.0,41.01,24.01,31.55,18.95,15.85,60.79,27.29,85.66,42.44,41.26,24.53,57.2,0.0,0.0
ANSURI_mal_1693,89.75,174.93,42.79,103.18,98.95,106.05,119.02,66.29,42.48,40.47,24.35,30.39,18.06,14.46,59.63,25.91,83.75,41.46,39.4,25.91,57.97,0.0,0.0
ANSURI_mal_1694,56.09,168.91,37.42,83.21,73.56,87.63,101.85,50.79,34.33,32.11,19.63,26.24,16.05,14.3,56.3,25.18,80.73,40.73,41.36,20.22,54.07,0.0,0.0
ANSURI_mal_1695,79.45,170.32,42.1,101.58,85.58,100.59,122.4,61.55,41.08,38.29,22.24,30.92,17.93,15.76,56.26,25.56,79.19,41.05,38.75,24.42,58.15,0.0,0.0
ANSURI_mal_1696,54.38,167.57,37.75,83.49,73.01,85.11,102.01,49.87,33.56,31.91,19.65,26.08,16.17,14.81,55.15,25.29,79.93,40.82,40.27,19.37,55.62,0.0,0.0
ANSURI_mal_1697,85.28,170.27,42.32,105.33,96.56,105.62,120.28,65.46,42.69,38.14,22.22,29.66,16.55,15.55,56.73,24.74,80.27,40.95,40.96,25.16,56.08,0.0,0.0
ANSURI_mal_1698,69.81,172.46,40.67,93.43,76.51,95.57,116.28,56.4,36.72,36.12,21.43,29.86,16.99,15.54,58.93,25.96,80.97,42.4,39.18,22.51,56.12,0.0,0.0
ANSURI_mal_1699,70.91,181.54,40.38,92.65,81.3,95.42,109.87,53.96,35.34,33.96,20.19,27.68,16.64,15.23,59.28,26.01,85.73,44.29,42.34,23.09,57.54,0.0,0.0
ANSURI_mal_1700,78.37,179.32,41.12,102.45,89.57,97.91,117.98,58.91,38.41,34.48,20.81,27.37,16.97,16.09,61.73,28.08,89.05,41.1,44.2,24.66,55.62,0.0,0.0
ANSURI_mal_1701,100.99,179.43,44.67,111.29,100.99,110.66,128.4,66.57,41.9,43.95,23.16,31.7,18.5,16.64,61.43,27.06,83.55,46.72,40.99,28.26,58.95,0.0,0.0
ANSURI_mal_1702,80.85,175.7,41.72,100.83,85.79,102.64,121.19,60.51,39.31,38.59,23.82,28.69,16.96,16.66,57.96,25.96,82.41,43.85,39.57,23.74,58.67,0.0,0.0
ANSURI_mal_1703,87.9,182.44,43.89,104.74,84.23,102.49,127.24,60.61,41.6,40.54,23.75,31.11,17.85,16.92,61.16,26.68,85.86,47.29,40.53,24.58,57.46,0.0,0.0
ANSURI_mal_1704,69.28,167.98,40.81,96.02,83.56,95.3,112.75,55.25,37.65,36.52,21.37,28.8,17.31,14.78,57.57,26.2,81.51,40.73,40.01,23.94,56.98,0.0,0.0
ANSURI_mal_1705,86.67,182.0,41.55,104.35,91.26,102.45,118.77,60.02,40.49,38.18,23.34,30.29,17.57,15.84,60.21,26.66,85.83,44.92,42.19,26.04,57.61,0.0,0.0
ANSURI_mal_1706,62.0,165.64,38.19,91.1,81.83,90.98,109.81,52.88,34.72,33.14,19.64,27.68,16.1,14.37,54.55,24.12,77.28,41.04,38.54,21.5,53.82,0.0,0.0
ANSURI_mal_1707,87.65,172.28,44.08,108.43,97.53,103.89,122.26,61.26,41.54,38.08,22.12,31.33,18.41,14.12,60.55,25.84,82.03,42.04,38.93,27.93,56.86,0.0,0.0
ANSURI_mal_1708,76.13,177.25,40.23,93.61,79.82,100.99,115.19,62.49,39.95,37.76,21.92,30.23,16.76,15.05,61.05,27.88,89.29,39.88,42.41,21.78,57.75,0.0,0.0
ANSURI_mal_1709,83.38,180.04,41.45,96.39,95.46,105.91,113.26,61.54,38.82,36.24,21.34,28.25,16.89,13.89,61.99,26.51,85.58,43.89,41.11,23.45,58.37,0.0,0.0
ANSURI_mal_1710,77.47,175.0,41.22,97.63,91.2,99.15,112.28,60.11,40.61,37.4,22.21,28.06,17.27,16.22,56.33,25.43,86.05,42.13,40.83,25.23,57.44,0.0,0.0
ANSURI_mal_1711,61.93,170.45,39.02,90.48,74.72,91.2,112.35,52.27,35.26,33.01,19.68,27.34,16.0,15.24,58.12,25.66,82.6,40.86,41.95,21.08,55.12,0.0,0.0
ANSURI_mal_1712,76.6,174.74,40.9,97.25,88.69,99.71,111.39,58.82,39.11,36.9,20.27,29.35,17.51,12.93,59.9,25.9,83.54,43.0,41.47,24.09,57.64,0.0,0.0
ANSURI_mal_1713,65.3,166.31,39.74,92.12,79.03,92.74,108.64,55.97,37.6,37.52,21.79,28.46,16.62,13.67,57.15,25.17,80.65,39.84,39.25,22.81,53.88,0.0,0.0
ANSURI_mal_1714,81.26,175.28,44.26,103.28,83.0,100.21,126.16,62.38,37.84,36.98,21.83,31.42,18.01,16.19,59.37,26.14,84.87,42.8,42.66,24.68,55.64,0.0,0.0
ANSURI_mal_1715,75.93,168.45,41.31,99.06,85.97,100.11,114.74,60.52,40.89,38.92,22.51,30.92,17.54,14.4,56.3,24.71,81.78,40.82,40.19,24.47,57.04,0.0,0.0
ANSURI_mal_1716,77.53,171.24,42.82,105.11,82.95,99.72,118.63,59.08,38.76,37.56,22.62,31.65,16.66,14.68,59.6,27.01,85.28,39.17,40.92,26.89,56.82,0.0,0.0
ANSURI_mal_1717,69.91,177.16,40.93,92.78,79.02,93.3,111.88,54.35,38.28,35.67,20.86,29.32,17.19,13.98,61.94,27.15,84.63,43.65,42.11,21.58,56.67,0.0,0.0
ANSURI_mal_1718,78.96,179.7,40.88,101.98,87.02,98.28,114.29,60.21,39.94,34.58,21.33,29.4,16.52,14.91,61.72,28.42,87.71,42.91,42.9,24.57,56.13,0.0,0.0
ANSURI_mal_1719,64.43,160.72,38.42,92.42,81.64,95.04,106.16,57.54,39.14,37.74,21.34,28.82,16.11,13.54,54.78,24.58,76.77,37.44,37.78,21.97,55.94,0.0,0.0
ANSURI_mal_1720,75.39,175.36,41.3,99.42,82.06,94.7,118.75,58.14,38.01,38.94,21.73,30.24,16.97,15.94,57.47,26.31,84.08,44.69,42.19,23.83,57.4,0.0,0.0
ANSURI_mal_1721,68.14,169.55,41.02,96.04,82.65,91.51,111.95,54.88,37.7,33.76,20.19,28.18,16.2,14.42,57.24,26.49,79.78,41.98,39.77,24.9,57.35,0.0,0.0
ANSURI_mal_1722,73.93,174.96,42.06,100.86,87.64,94.75,114.13,54.08,36.55,33.67,20.73,28.5,17.85,14.5,56.77,26.33,81.93,44.0,40.75,24.98,57.58,0.0,0.0
ANSURI_mal_1723,64.4,163.78,40.19,95.18,76.97,91.66,113.28,54.17,38.21,35.54,21.51,29.45,16.99,13.84,56.97,25.88,78.35,39.38,38.41,22.32,55.24,0.0,0.0
ANSURI_mal_1724,70.37,170.1,41.2,97.27,78.34,93.97,115.44,55.82,37.82,37.33,22.65,28.98,17.03,14.67,58.1,25.52,80.12,41.87,38.67,24.3,55.76,0.0,0.0
ANSURI_mal_1725,65.8,160.94,40.16,93.46,81.97,93.69,111.98,57.11,37.48,35.8,21.49,28.71,17.61,14.55,51.99,23.59,71.75,39.75,36.06,22.87,54.71,0.0,0.0
ANSURI_mal_1726,62.58,166.23,37.86,93.82,80.15,91.16,103.73,53.53,35.14,35.24,20.88,26.41,16.39,13.52,55.62,25.07,78.2,40.84,38.3,22.76,55.75,0.0,0.0
ANSURI_mal_1727,62.05,161.43,40.07,90.92,79.73,93.31,107.63,55.86,35.81,32.74,20.62,27.53,16.56,14.04,53.44,23.79,74.37,38.94,36.49,22.21,56.3,0.0,0.0
ANSURI_mal_1728,82.83,165.81,41.67,105.69,97.35,103.82,119.52,63.19,41.26,40.53,23.55,30.28,17.79,14.65,55.31,24.97,78.85,38.58,40.22,26.15,56.79,0.0,0.0
ANSURI_mal_1729,63.21,173.09,38.66,90.4,79.28,92.56,99.88,54.89,35.65,33.45,20.58,26.49,16.09,13.23,56.26,25.62,85.17,40.23,42.29,22.34,54.64,0.0,0.0
ANSURI_mal_1730,71.86,170.93,40.28,95.07,84.3,97.49,113.45,57.43,38.13,36.72,22.77,28.49,17.75,14.8,59.47,27.18,83.0,40.21,39.42,22.84,55.28,0.0,0.0
ANSURI_mal_1731,90.05,176.93,43.5,108.42,92.88,105.65,125.3,64.34,41.41,38.11,22.57,32.47,18.35,15.43,61.49,26.87,87.0,42.54,41.14,27.23,55.94,0.0,0.0
ANSURI_mal_1732,85.59,173.51,42.64,103.59,95.74,105.41,120.81,63.85,40.15,37.37,21.79,29.5,17.21,15.52,58.61,26.18,81.31,44.46,39.73,25.25,56.71,0.0,0.0
ANSURI_mal_1733,82.03,173.91,41.18,105.29,87.47,102.01,115.15,62.71,39.69,38.88,23.81,30.88,17.25,14.08,58.77,25.6,81.64,42.45,39.75,25.08,56.97,0.0,0.0
ANSURI_mal_1734,68.95,177.16,40.23,91.5,73.77,92.24,113.43,56.49,36.48,37.76,22.39,29.65,17.57,15.21,60.49,26.99,87.96,40.89,42.65,21.53,58.84,0.0,0.0
ANSURI_mal_1735,76.4,178.17,40.36,95.57,81.56,97.72,115.41,60.16,39.78,37.89,23.32,29.19,18.3,14.8,62.23,28.21,90.06,40.9,43.8,23.38,56.67,0.0,0.0
ANSURI_mal_1736,69.12,164.98,42.64,100.93,82.51,94.47,118.62,56.27,34.76,34.84,19.72,29.34,16.55,15.75,56.65,25.37,77.89,40.69,38.87,23.97,56.28,0.0,0.0
ANSURI_mal_1737,59.81,167.42,37.78,88.3,75.44,90.79,101.08,51.35,36.44,34.42,21.3,26.32,16.83,13.34,55.18,24.83,78.95,41.21,39.36,22.27,56.37,0.0,0.0
ANSURI_mal_1738,88.19,179.53,41.26,98.98,91.16,107.87,118.61,66.89,41.57,38.47,23.04,30.63,17.84,15.88,59.71,26.13,85.29,43.7,40.19,24.69,58.14,0.0,0.0
ANSURI_mal_1739,75.93,173.58,41.59,95.9,85.01,97.47,115.73,59.39,40.09,38.18,22.8,30.39,18.01,14.7,57.75,24.76,80.77,41.15,41.21,22.06,57.32,0.0,0.0
ANSURI_mal_1740,72.85,166.23,41.24,99.32,84.48,97.14,112.2,58.89,39.48,37.84,22.16,30.26,17.62,12.47,56.24,24.38,78.06,40.57,37.55,25.03,55.74,0.0,0.0
ANSURI_mal_1741,69.07,170.03,41.14,95.05,80.72,96.0,115.99,55.72,35.73,37.04,20.72,28.99,16.29,15.49,58.18,25.69,81.23,40.57,39.92,21.77,56.33,0.0,0.0
ANSURI_mal_1742,84.39,185.71,42.54,102.18,87.34,98.88,119.63,57.82,39.7,38.58,23.15,29.57,18.6,15.3,63.69,28.82,90.19,42.65,45.06,24.82,58.01,0.0,0.0
ANSURI_mal_1743,104.75,179.73,43.48,114.17,107.9,112.15,124.65,68.05,46.16,41.44,24.2,32.19,18.78,15.1,61.73,26.76,84.59,46.52,41.28,28.72,57.4,0.0,0.0
ANSURI_mal_1744,94.38,167.93,42.28,111.5,107.86,110.14,125.29,66.9,43.69,41.93,23.1,31.0,17.75,15.22,56.59,24.05,77.49,42.57,38.82,26.69,56.28,0.0,0.0
ANSURI_mal_1745,82.79,183.62,42.64,98.45,84.74,99.61,118.87,59.43,40.76,38.92,23.42,31.27,18.63,14.33,63.54,27.87,89.35,41.72,44.54,23.18,55.58,0.0,0.0
ANSURI_mal_1746,76.18,182.93,41.21,94.98,83.6,97.25,116.75,55.09,37.33,35.82,23.25,29.45,17.65,16.7,59.47,27.63,87.48,46.23,44.24,22.58,55.35,0.0,0.0
ANSURI_mal_1747,78.09,173.65,42.34,100.44,84.85,98.49,117.11,59.19,37.83,39.75,23.76,32.42,18.05,14.02,58.13,26.41,83.49,40.23,40.56,24.16,57.12,0.0,0.0
ANSURI_mal_1748,102.99,181.18,44.68,112.41,102.32,110.26,128.63,66.3,43.77,44.14,23.45,31.66,18.48,16.09,62.85,26.14,84.23,47.68,40.18,27.84,56.63,0.0,0.0
ANSURI_mal_1749,84.85,180.08,42.75,102.7,83.28,100.51,122.56,62.02,41.94,38.52,24.29,31.53,18.14,15.01,63.16,28.58,87.55,42.12,43.08,25.23,58.4,0.0,0.0
ANSURI_mal_1750,86.96,173.65,41.98,98.34,97.75,107.64,117.26,66.5,41.96,38.67,22.67,29.65,18.44,15.24,58.3,26.56,82.37,42.06,39.62,25.57,57.85,0.0,0.0
ANSURI_mal_1751,81.04,181.0,41.9,99.67,83.17,100.39,122.4,59.69,39.35,40.4,22.81,29.65,16.99,16.3,61.35,27.78,88.45,42.23,42.45,22.57,56.71,0.0,0.0
ANSURI_mal_1752,67.77,173.15,38.25,88.77,77.46,97.01,109.5,56.46,36.93,35.93,21.95,28.68,17.54,14.63,59.62,26.43,82.07,42.05,40.77,20.92,55.32,0.0,0.0
ANSURI_mal_1753,69.11,172.02,40.61,92.87,77.72,94.79,111.99,55.07,37.51,36.28,23.01,28.91,17.64,15.05,58.3,26.38,81.64,43.82,40.58,23.29,57.43,0.0,0.0
ANSURI_mal_1754,87.38,174.72,42.67,104.2,98.71,105.19,118.84,63.43,42.33,38.64,23.42,29.3,17.61,15.3,59.12,26.86,81.32,42.9,40.47,24.12,56.79,0.0,0.0
ANSURI_mal_1755,83.6,178.12,42.43,101.15,81.75,101.94,122.42,61.91,41.03,40.16,23.91,32.4,18.25,16.02,59.18,26.67,83.11,42.94,40.13,24.29,56.32,0.0,0.0
ANSURI_mal_1756,73.34,180.43,38.99,94.4,77.75,94.22,115.03,55.13,39.54,38.25,23.83,28.74,18.66,16.15,60.41,27.12,87.82,44.8,43.2,23.13,54.66,0.0,0.0
ANSURI_mal_1757,62.86,175.35,38.24,89.0,74.23,89.7,106.67,51.86,35.75,34.49,20.73,27.75,17.1,14.65,58.38,26.63,83.4,43.07,40.68,20.8,57.06,0.0,0.0
ANSURI_mal_1758,54.66,165.54,36.1,83.44,71.62,88.96,99.78,51.41,34.29,33.53,19.79,26.89,15.85,14.34,53.32,23.83,79.33,39.25,39.95,19.68,54.12,0.0,0.0
ANSURI_mal_1759,67.3,180.55,40.61,92.93,76.69,90.22,112.11,51.17,33.49,34.51,22.18,28.25,17.06,15.23,60.95,27.53,87.52,45.17,43.67,22.54,56.08,0.0,0.0
ANSURI_mal_1760,80.37,171.51,40.29,99.5,89.12,106.07,117.16,63.96,41.04,37.7,22.08,29.32,16.15,16.51,56.57,25.48,81.43,41.68,38.41,23.75,57.95,0.0,0.0
ANSURI_mal_1761,70.55,182.0,40.74,92.99,76.41,93.55,115.83,54.31,36.21,34.53,20.62,28.96,16.93,15.8,61.32,27.38,87.55,43.77,42.98,21.54,57.44,0.0,0.0
ANSURI_mal_1762,66.35,164.56,40.8,93.47,78.37,93.75,114.27,57.51,39.1,35.49,21.37,28.97,16.18,15.3,52.52,24.1,73.74,41.2,36.41,21.62,55.23,0.0,0.0
ANSURI_mal_1763,67.01,177.51,39.17,92.05,73.69,91.72,111.86,53.08,36.54,36.42,21.5,28.94,17.58,15.52,61.69,28.27,86.92,41.04,42.53,21.74,56.86,0.0,0.0
ANSURI_mal_1764,66.28,171.99,39.65,90.87,75.62,92.66,110.96,54.92,37.9,37.16,21.75,29.43,16.64,14.59,56.9,25.97,81.58,41.99,38.78,21.08,56.04,0.0,0.0
ANSURI_mal_1765,64.24,169.07,39.35,93.85,76.37,89.49,110.78,53.28,36.19,35.96,22.07,28.54,16.33,14.48,58.01,26.12,81.46,41.36,40.63,22.7,55.25,0.0,0.0
ANSURI_mal_1766,67.62,179.77,38.49,90.62,74.31,91.12,109.89,53.1,35.62,38.01,23.16,28.57,17.52,14.27,66.03,30.11,90.52,42.34,45.52,21.56,55.96,0.0,0.0
ANSURI_mal_1767,69.28,172.94,39.48,92.44,80.48,95.73,108.05,56.51,38.65,35.54,22.42,28.63,17.55,13.73,61.77,28.13,85.99,40.62,41.73,23.19,56.21,0.0,0.0
ANSURI_mal_1768,72.7,176.98,41.18,94.96,81.13,95.73,113.61,55.26,37.18,37.24,22.53,29.06,17.04,15.01,58.88,26.06,84.36,41.97,40.63,23.55,56.13,0.0,0.0
ANSURI_mal_1769,72.57,175.07,39.18,94.89,79.46,96.77,111.19,58.51,38.97,38.24,23.1,30.04,17.28,13.6,57.93,25.53,83.98,41.64,42.98,21.89,56.62,0.0,0.0
ANSURI_mal_1770,74.95,166.08,41.77,98.37,88.22,99.75,114.21,59.74,39.35,37.91,21.96,30.92,17.59,14.49,54.01,23.56,75.89,43.02,38.12,23.97,56.61,0.0,0.0
ANSURI_mal_1771,67.03,181.19,38.66,87.49,74.89,91.38,108.94,53.94,36.35,39.06,22.45,27.28,17.16,13.93,61.51,27.12,89.49,42.09,43.44,19.92,56.53,0.0,0.0
ANSURI_mal_1772,68.87,169.58,40.06,93.71,78.29,94.89,115.05,56.26,39.43,35.48,21.6,29.13,17.63,14.67,56.79,24.86,80.11,42.15,38.55,22.7,54.84,0.0,0.0
ANSURI_mal_1773,89.42,173.88,42.68,108.85,92.08,105.98,121.94,67.51,43.63,40.03,22.71,31.22,17.09,15.34,60.53,26.86,84.48,40.53,39.46,27.1,57.36,0.0,0.0
ANSURI_mal_1774,62.83,162.72,37.71,93.36,79.03,93.4,108.26,58.13,37.18,35.23,19.72,26.75,14.54,13.6,56.11,24.32,79.29,40.46,38.85,21.93,55.36,0.0,0.0
