Stature,Weight,BMI,Shoulder Breadth,Armscye Circumference,"Hip Breadth, Sitting","Hip Circumference, Maximum","Waist Circumference, Pref",Chest Circumference,Thigh Circumference,Ankle Circumference,Crotch Height,Knee Height,Arm Length (Spine to Wrist),Triceps Skinfold,Subscapular Skinfold,SH/S,Waist/Hip,Chest/Waist
1582,53.51,21.38070359,424,365,389.0,960.0,686.0,872,570,205,713.0,490,731,20.3,17.0,0.528445006,0.714583333,1.271137026
1590,100.68,39.82437404,520,455,530.0,1308.0,980.0,1212,749,240,686.0,496,765,31.0,47.0,0.53836478,0.749235474,1.236734694
1583,47.17,18.82365899,389,315,364.0,911.0,580.0,805,516,215,721.0,471,695,12.0,7.0,0.534428301,0.636663008,1.387931034
1576,62.36,25.10693396,466,410,377.0,987.0,782.0,997,562,239,684.0,483,721,17.0,22.0,0.547588832,0.792299899,1.274936061
1619,75.74,28.89559245,467,403,464.0,1132.0,795.0,958,705,238,716.0,495,773,28.0,24.0,0.541074737,0.70229682,1.205031447
1584,67.12,26.75109683,470,443,414.0,1054.0,809.0,987,600,246,678.0,481,745,18.0,23.0,0.54229798,0.767552182,1.220024722
1466,51.93,24.16297374,429,331,399.0,1002.0,735.0,921,599,215,674.0,461,698,23.0,21.0,0.53478854,0.733532934,1.253061224
1721,76.42,25.80152007,481,401,423.0,1065.0,810.0,984,650,252,798.0,545,809,27.0,33.0,0.52353283,0.76056338,1.214814815
1601,54.88,21.41072823,436,385,360.0,934.0,683.0,872,556,225,732.0,505,775,16.0,14.0,0.52529669,0.731263383,1.276720351
1740,63.27,20.89774078,434,382,361.0,942.0,727.0,941,555,239,865.0,554,804,10.0,19.0,0.499425287,0.771762208,1.294360385
1611,60.09,23.15320533,436,374,384.0,988.0,720.0,911,574,229,721.0,491,754,20.0,15.0,0.540037244,0.728744939,1.265277778
1647,60.09,22.15210522,434,402,389.0,975.0,663.0,872,577,238,742.0,497,735,8.5,13.0,0.548876746,0.68,1.315233786
1645,65.53,24.21633207,466,390,375.0,952.0,843.0,1000,545,238,735.0,501,788,17.0,33.0,0.537386018,0.885504202,1.18623962
1625,51.93,19.66579882,410,334,364.0,953.0,611.0,785,549,210,772.0,504,762,24.5,25.0,0.530461538,0.641133263,1.284779051
1627,51.02,19.27371125,415,353,365.0,930.0,708.0,838,526,222,754.0,495,752,16.0,15.0,0.53472649,0.761290323,1.183615819
1645,63.72,23.54745429,441,368,421.0,1035.0,679.0,910,611,237,724.0,494,802,16.0,14.0,0.544680851,0.656038647,1.340206186
1557,65.76,27.12592642,449,389,453.0,1075.0,700.0,990,652,226,702.0,489,752,18.0,15.0,0.531791908,0.651162791,1.414285714
1669,58.73,21.08372425,424,365,381.0,969.0,661.0,885,531,243,749.0,522,771,15.0,9.0,0.540443379,0.682146543,1.338880484
1622,54.88,20.85990868,431,354,391.0,957.0,647.0,844,551,218,789.0,520,804,16.0,13.0,0.503082614,0.676071055,1.304482226
1740,78.0,25.76298058,465,390,435.0,1097.0,879.0,1064,624,246,778.0,531,795,21.0,25.0,0.538505747,0.801276208,1.210466439
1616,93.2,35.68890305,496,487,487.0,1210.0,955.0,1102,766,250,710.0,520,779,32.5,37.5,0.529084158,0.789256198,1.153926702
1671,70.07,25.09453876,469,379,433.0,1067.0,747.0,1009,629,238,762.0,527,778,22.0,22.0,0.521843208,0.700093721,1.350736278
1679,51.25,18.17994133,416,342,359.0,895.0,706.0,881,479,221,808.0,517,757,12.5,15.0,0.510422871,0.788826816,1.247875354
1634,56.46,21.1464159,405,343,376.0,958.0,681.0,834,560,238,756.0,508,785,9.0,11.0,0.524479804,0.71085595,1.224669604
1582,69.84,27.90559406,473,398,433.0,1103.0,817.0,991,659,234,729.0,500,764,23.0,28.0,0.515802781,0.740707162,1.212974296
1546,59.64,24.9527638,432,408,401.0,1019.0,716.0,900,589,226,700.0,498,733,21.0,13.0,0.525873221,0.702649657,1.25698324
1610,79.37,30.61996065,489,392,431.0,1129.0,879.0,1073,661,240,690.0,484,758,22.0,23.0,0.537888199,0.778565102,1.220705347
1528,49.21,21.07689619,385,326,365.0,931.0,616.0,839,531,225,666.0,462,702,16.0,9.0,0.55039267,0.661654135,1.362012987
1686,67.57,23.77052525,432,362,404.0,1004.0,738.0,939,603,250,771.0,536,783,23.5,18.5,0.510676157,0.735059761,1.272357724
1685,73.7,25.95778778,476,404,434.0,1097.0,780.0,946,651,244,812.0,541,835,21.5,22.5,0.508011869,0.711030082,1.212820513
1704,61.22,21.08405519,426,368,399.0,1016.0,688.0,908,548,224,760.0,497,757,17.0,14.0,0.54342723,0.677165354,1.319767442
1635,58.28,21.80138223,434,388,409.0,1003.0,719.0,892,557,230,763.0,501,744,11.5,12.0,0.520489297,0.716849452,1.240611961
1824,140.36,42.18846183,556,494,595.0,1482.0,1060.0,1230,839,275,792.0,551,865,36.0,37.0,0.530153509,0.715249663,1.160377358
1652,68.93,25.25737385,443,370,454.0,1075.0,713.0,936,623,241,735.0,509,759,23.0,19.0,0.541162228,0.663255814,1.312762973
1620,56.01,21.34202103,422,373,382.0,965.0,652.0,860,553,232,764.0,516,775,18.0,12.5,0.519753086,0.675647668,1.319018405
1631,53.29,20.03262209,400,325,400.0,982.0,601.0,864,522,230,749.0,509,758,13.5,6.0,0.536480687,0.612016293,1.437603993
1597,71.2,27.91709095,427,398,463.0,1161.0,710.0,912,699,242,732.0,503,756,25.0,15.5,0.530995617,0.611541774,1.284507042
1527,49.89,21.39613995,403,340,366.0,919.0,661.0,819,522,225,678.0,467,728,14.0,19.0,0.546168959,0.719260065,1.23903177
1645,63.49,23.46245877,434,376,376.0,997.0,743.0,922,589,230,759.0,515,747,23.0,15.0,0.527659574,0.745235707,1.240915209
1615,81.63,31.29714653,479,390,463.0,1173.0,867.0,1089,694,237,745.0,507,783,30.0,25.0,0.520123839,0.739130435,1.256055363
1668,75.74,27.22282606,446,400,452.0,1136.0,809.0,931,658,252,770.0,527,780,32.0,17.5,0.526978417,0.712147887,1.150803461
1651,63.04,23.12714685,465,402,403.0,999.0,774.0,925,583,219,762.0,521,782,21.0,22.0,0.526953362,0.774774775,1.195090439
1646,51.93,19.1671994,409,330,375.0,955.0,655.0,827,486,237,745.0,508,769,13.0,11.0,0.538274605,0.685863874,1.26259542
1572,51.25,20.73904655,406,323,376.0,939.0,702.0,841,536,230,719.0,479,722,16.0,9.0,0.534987277,0.747603834,1.198005698
1661,58.28,21.12420037,440,374,410.0,1006.0,623.0,880,594,225,756.0,503,784,20.0,12.0,0.539434076,0.619284294,1.412520064
1541,48.75,20.52907317,421,350,393.0,967.0,622.0,789,562,208,694.0,477,725,22.0,15.0,0.53990915,0.643226474,1.268488746
1575,55.56,22.39758125,431,358,379.0,974.0,739.0,922,544,221,744.0,494,723,20.0,19.0,0.519365079,0.758726899,1.247631935
1574,59.64,24.07288708,443,354,424.0,1038.0,660.0,909,626,216,706.0,490,719,23.5,25.0,0.540660737,0.63583815,1.377272727
1728,69.39,23.2385706,434,364,440.0,1078.0,704.0,924,625,250,798.0,549,782,20.0,14.0,0.508101852,0.653061224,1.3125
1658,81.41,29.61479306,470,433,457.0,1146.0,810.0,1046,686,244,747.0,517,772,33.0,22.0,0.540410133,0.706806283,1.291358025
1518,56.69,24.60157513,419,347,386.0,985.0,673.0,913,589,228,672.0,469,705,21.0,16.0,0.548089592,0.683248731,1.356612184
1619,94.1,35.90012212,500,484,491.0,1165.0,990.0,1112,708,255,690.0,497,755,39.0,35.0,0.54848672,0.849785408,1.123232323
1623,53.74,20.40143061,408,342,398.0,985.0,657.0,835,582,208,738.0,514,722,19.0,10.0,0.534812076,0.667005076,1.270928463
1669,59.86,21.4893876,426,366,388.0,959.0,666.0,880,581,248,772.0,519,762,12.5,9.0,0.533253445,0.69447341,1.321321321
1695,58.05,20.20518443,422,345,412.0,991.0,677.0,812,552,227,773.0,512,790,17.5,13.5,0.535693215,0.683148335,1.199409158
1689,61.22,21.4602129,420,346,399.0,996.0,681.0,905,566,237,769.0,516,769,15.0,9.0,0.537004144,0.68373494,1.328928047
1632,65.08,24.43471261,458,402,398.0,1020.0,768.0,1008,586,247,749.0,502,756,17.0,25.0,0.533088235,0.752941176,1.3125
1505,44.9,19.82318076,408,346,360.0,892.0,638.0,795,503,212,656.0,448,724,13.0,12.0,0.55282392,0.715246637,1.246081505
1596,52.15,20.47333245,407,338,400.0,955.0,650.0,827,525,212,725.0,492,732,22.5,11.0,0.531954887,0.680628272,1.272307692
1453,48.07,22.76894424,404,330,357.0,916.0,622.0,854,550,220,654.0,449,689,16.5,9.0,0.53613214,0.679039301,1.372990354
1663,65.53,23.69494307,446,382,402.0,1046.0,735.0,887,640,238,761.0,515,772,25.0,13.0,0.538785328,0.702676864,1.206802721
1644,88.89,32.88889481,480,431,468.0,1231.0,950.0,1009,768,252,737.0,525,800,32.0,31.0,0.527372263,0.771730301,1.062105263
1606,56.46,21.89020315,411,358,387.0,970.0,739.0,885,567,222,736.0,493,745,24.0,22.5,0.53362391,0.76185567,1.197564276
1644,60.54,22.39952404,441,345,408.0,1026.0,725.0,902,569,220,763.0,509,791,22.0,15.0,0.521289538,0.70662768,1.244137931
1746,68.03,22.31577594,408,355,446.0,1097.0,720.0,914,634,251,832.0,564,785,29.0,17.0,0.521191294,0.65633546,1.269444444
1724,66.44,22.3539925,463,402,379.0,993.0,721.0,972,579,232,810.0,548,796,21.0,12.0,0.52262181,0.726082578,1.348127601
1652,56.69,20.77238537,409,345,404.0,989.0,630.0,878,577,231,750.0,509,730,9.0,7.0,0.542978208,0.637007078,1.393650794
1541,56.92,23.96953528,440,390,370.0,943.0,765.0,981,520,217,695.0,479,757,18.0,19.0,0.538611291,0.811240721,1.282352941
1625,88.66,33.57538462,489,470,397.0,1106.0,1063.0,1173,614,241,708.0,505,775,31.0,36.0,0.536615385,0.961121157,1.103480715
1572,62.13,25.14179438,470,382,412.0,1021.0,797.0,909,608,230,714.0,496,752,24.5,24.0,0.543256997,0.780607248,1.140526976
1687,64.4,22.62849666,452,373,397.0,975.0,712.0,932,578,229,769.0,514,779,18.0,11.0,0.534676941,0.73025641,1.308988764
1695,73.47,25.5723497,454,404,459.0,1128.0,784.0,943,636,247,758.0,533,794,25.0,13.0,0.536873156,0.695035461,1.202806122
1621,66.44,25.28503704,448,392,395.0,994.0,820.0,1027,578,230,749.0,522,761,26.0,32.0,0.51573103,0.824949698,1.252439024
1730,72.79,24.32089278,468,420,400.0,1039.0,790.0,964,609,240,772.0,534,815,28.0,16.0,0.530635838,0.760346487,1.220253165
1577,58.28,23.43452507,422,380,364.0,985.0,792.0,900,583,224,704.0,484,732,16.0,12.5,0.539632213,0.804060914,1.136363636
1591,51.7,20.42444122,379,332,414.0,969.0,600.0,872,556,227,711.0,498,729,16.0,9.0,0.545568825,0.619195046,1.453333333
1627,54.2,20.47501274,429,355,373.0,939.0,754.0,820,567,229,712.0,496,738,18.0,15.0,0.550706822,0.802981896,1.087533156
1522,53.29,23.00469159,436,398,360.0,949.0,714.0,897,553,220,687.0,470,718,17.0,19.0,0.538764783,0.752370917,1.256302521
1676,70.07,24.94503335,444,378,415.0,1063.0,736.0,965,623,256,762.0,538,798,20.0,11.0,0.537589499,0.692380056,1.311141304
1635,69.16,25.87137259,418,375,493.0,1166.0,770.0,918,703,226,724.0,501,761,20.0,17.5,0.542507645,0.660377358,1.192207792
1664,57.6,20.80251479,417,368,384.0,969.0,702.0,878,580,238,779.0,526,758,21.0,16.0,0.521033654,0.724458204,1.250712251
1559,62.36,25.65747274,458,420,394.0,986.0,800.0,970,563,230,712.0,502,752,22.0,22.5,0.533033996,0.811359026,1.2125
1603,61.0,23.73902022,417,365,411.0,1020.0,679.0,860,633,228,693.0,490,721,23.0,13.0,0.539613225,0.665686275,1.266568483
1612,56.92,21.90457425,423,358,368.0,920.0,717.0,905,538,235,763.0,516,748,25.5,14.0,0.506823821,0.779347826,1.262203626
1656,58.73,21.41604822,423,373,395.0,986.0,715.0,904,573,227,761.0,516,743,24.0,14.0,0.541666667,0.72515213,1.264335664
1648,70.75,26.05025804,442,395,428.0,1076.0,765.0,968,664,252,774.0,527,794,25.0,17.0,0.521237864,0.710966543,1.265359477
1622,83.45,31.71937645,479,424,467.0,1141.0,885.0,1091,654,248,750.0,529,797,25.0,33.0,0.538840937,0.775635408,1.232768362
1560,67.57,27.76545036,469,401,384.0,1032.0,870.0,1009,592,236,690.0,486,752,25.0,38.0,0.541666667,0.843023256,1.159770115
1734,60.54,20.13465675,422,366,401.0,989.0,665.0,871,578,228,844.0,556,816,16.0,12.0,0.512687428,0.67239636,1.309774436
1630,55.56,20.91158869,408,329,412.0,1009.0,648.0,828,585,220,731.0,506,743,20.0,14.0,0.523312883,0.64222002,1.277777778
1668,66.21,23.79750876,450,395,419.0,1019.0,746.0,989,566,230,789.0,532,777,21.0,18.0,0.508393285,0.732090285,1.325737265
1523,45.12,19.452225,401,312,350.0,888.0,616.0,826,495,225,678.0,462,685,13.0,8.5,0.548260013,0.693693694,1.340909091
1564,54.88,22.43575068,409,360,350.0,899.0,764.0,920,531,214,674.0,473,725,15.0,20.0,0.540920716,0.849833148,1.204188482
1722,69.39,23.40079399,457,402,441.0,1068.0,763.0,945,621,248,785.0,536,801,24.0,17.5,0.530778165,0.714419476,1.23853211
1620,52.83,20.1303155,394,355,385.0,955.0,654.0,865,544,214,700.0,491,726,18.5,7.0,0.542592593,0.684816754,1.322629969
1584,55.78,22.23146873,431,352,391.0,971.0,684.0,868,546,215,703.0,477,703,22.0,16.0,0.54040404,0.704428424,1.269005848
1548,54.88,22.90193565,417,360,389.0,987.0,670.0,871,573,221,695.0,476,727,23.0,17.0,0.534237726,0.678824721,1.3
1567,50.34,20.50100815,412,318,358.0,891.0,650.0,846,504,222,704.0,483,696,14.5,10.0,0.543714103,0.729517396,1.301538462
1655,72.11,26.32688639,444,405,438.0,1139.0,764.0,952,671,240,768.0,524,757,34.0,31.5,0.520845921,0.670763828,1.246073298
1621,59.41,22.60963351,423,364,409.0,998.0,708.0,923,580,220,750.0,495,742,14.0,11.5,0.52745219,0.709418838,1.303672316
1541,87.07,36.66597745,485,435,480.0,1179.0,975.0,1100,677,250,656.0,503,770,32.0,37.0,0.529526282,0.82697201,1.128205128
1694,76.64,26.70722001,478,433,412.0,1068.0,819.0,1024,637,230,792.0,522,788,23.0,40.0,0.517709563,0.766853933,1.25030525
1639,58.28,21.69509898,426,352,372.0,972.0,730.0,865,567,234,740.0,508,745,22.0,9.0,0.528370958,0.751028807,1.184931507
1554,58.28,24.1333446,421,348,399.0,1034.0,660.0,899,599,230,727.0,498,772,20.0,19.0,0.515444015,0.638297872,1.362121212
1614,71.66,27.50867948,434,390,412.0,1055.0,817.0,1006,599,244,750.0,512,790,26.0,20.5,0.516109046,0.774407583,1.231334149
1565,51.47,21.01481081,394,325,381.0,960.0,680.0,832,532,227,730.0,492,710,22.0,15.0,0.522683706,0.708333333,1.223529412
1682,55.1,19.47599328,416,346,371.0,935.0,770.0,866,530,220,785.0,520,776,20.5,11.5,0.521403092,0.823529412,1.124675325
1638,58.05,21.63587328,399,365,381.0,995.0,710.0,855,568,238,751.0,522,760,21.0,11.0,0.527472527,0.713567839,1.204225352
1594,54.65,21.5086688,403,358,368.0,945.0,702.0,885,544,227,734.0,495,762,12.0,10.0,0.528230866,0.742857143,1.260683761
1572,56.24,22.75832152,400,360,373.0,989.0,765.0,925,540,225,736.0,484,743,14.0,12.5,0.514631043,0.773508595,1.209150327
1556,59.18,24.44307135,422,398,368.0,930.0,742.0,1038,525,230,721.0,481,740,15.0,27.0,0.524421594,0.797849462,1.398921833
1491,54.88,24.68645992,423,350,372.0,990.0,760.0,965,575,227,683.0,462,693,23.0,19.0,0.529845741,0.767676768,1.269736842
1672,61.22,21.89882329,434,360,421.0,1055.0,644.0,860,620,235,764.0,499,751,16.0,11.0,0.531100478,0.61042654,1.335403727
1666,70.98,25.57325451,437,380,421.0,1059.0,755.0,975,620,242,739.0,509,764,16.0,17.0,0.543817527,0.712936733,1.291390728
1606,62.59,24.26687593,412,391,403.0,1057.0,790.0,954,605,212,740.0,502,753,24.0,14.0,0.51743462,0.747398297,1.207594937
1574,61.45,24.80346934,445,382,395.0,995.0,705.0,955,582,221,725.0,493,772,22.0,16.0,0.522236341,0.708542714,1.354609929
1879,81.63,23.12044753,457,400,461.0,1130.0,870.0,935,717,262,900.0,609,866,25.0,12.5,0.497072911,0.769911504,1.074712644
1753,64.4,20.95665844,422,371,419.0,1010.0,690.0,901,607,235,829.0,549,789,21.0,16.0,0.506560183,0.683168317,1.305797101
1538,68.48,28.95016749,428,400,457.0,1109.0,745.0,950,695,234,700.0,488,730,28.0,21.0,0.527308192,0.671776375,1.275167785
1574,60.54,24.43616003,417,365,414.0,1035.0,666.0,895,605,227,689.0,472,727,24.0,14.0,0.557179161,0.643478261,1.343843844
1561,51.25,21.03236275,399,345,362.0,940.0,664.0,867,543,223,728.0,500,745,12.0,9.0,0.513773222,0.706382979,1.305722892
1552,70.75,29.37264189,429,414,416.0,1085.0,812.0,977,620,250,694.0,480,727,30.0,30.0,0.548324742,0.748387097,1.20320197
1658,59.18,21.52811023,444,364,387.0,985.0,807.0,900,567,236,773.0,514,780,22.0,8.5,0.536188179,0.81928934,1.115241636
1696,75.28,26.17145781,475,429,402.0,1040.0,927.0,1056,590,248,790.0,531,801,24.5,25.0,0.517099057,0.891346154,1.139158576
1746,74.83,24.54636945,451,403,439.0,1093.0,745.0,930,632,252,807.0,548,820,20.0,19.0,0.525200458,0.681610247,1.248322148
1646,71.88,26.53068154,442,384,406.0,1060.0,850.0,1044,612,236,760.0,519,760,19.0,25.0,0.532199271,0.801886792,1.228235294
1692,71.43,24.95053904,450,356,417.0,1085.0,815.0,909,634,256,764.0,521,787,19.5,13.0,0.540780142,0.751152074,1.115337423
1648,60.09,22.12522976,446,361,386.0,980.0,782.0,928,577,237,755.0,507,781,17.5,10.0,0.538228155,0.797959184,1.186700767
1607,85.03,32.92611006,473,443,471.0,1200.0,910.0,1042,722,252,710.0,506,789,36.0,41.0,0.543870566,0.758333333,1.145054945
1614,57.14,21.93477456,424,352,381.0,979.0,695.0,860,559,235,751.0,498,812,12.5,10.5,0.526641884,0.709908069,1.237410072
1602,71.88,28.00806108,452,410,438.0,1098.0,740.0,1035,624,242,730.0,501,738,22.0,22.0,0.540574282,0.673952641,1.398648649
1694,70.52,24.57454534,421,407,404.0,1058.0,812.0,969,638,248,769.0,520,767,18.0,27.0,0.530106257,0.767485822,1.193349754
1576,47.85,19.26502229,418,337,347.0,895.0,615.0,875,490,228,722.0,476,720,16.0,9.0,0.531091371,0.687150838,1.422764228
1631,69.16,25.99842641,441,380,422.0,1030.0,800.0,1030,564,220,765.0,500,773,27.5,34.0,0.526057633,0.776699029,1.2875
1591,44.9,17.73805437,388,304,342.0,882.0,631.0,789,506,216,726.0,472,738,9.0,7.5,0.538026398,0.715419501,1.250396197
1625,74.6,28.25088757,430,412,445.0,1147.0,866.0,985,682,235,734.0,499,752,39.0,32.0,0.535384615,0.755013078,1.137413395
1607,65.53,25.3751381,438,371,413.0,1025.0,775.0,961,596,232,724.0,503,754,20.0,23.0,0.526446795,0.756097561,1.24
1705,55.56,19.11232274,411,338,369.0,951.0,684.0,866,544,223,798.0,526,788,13.0,9.0,0.523167155,0.719242902,1.266081871
1620,52.15,19.87120866,400,321,384.0,964.0,651.0,831,543,235,756.0,498,770,15.0,7.5,0.534567901,0.675311203,1.276497696
1659,67.57,24.55054553,426,370,429.0,1064.0,755.0,970,605,243,758.0,512,787,26.0,25.0,0.522001206,0.709586466,1.284768212
1601,47.85,18.66806388,382,335,350.0,911.0,630.0,807,539,223,742.0,495,760,15.0,8.0,0.516552155,0.69154775,1.280952381
1627,49.66,18.7599471,394,350,350.0,921.0,632.0,807,508,235,764.0,509,765,11.0,8.0,0.523663184,0.686210641,1.276898734
1641,58.05,21.5568382,425,356,406.0,969.0,660.0,881,553,232,751.0,499,772,17.0,11.0,0.541133455,0.681114551,1.334848485
1624,59.41,22.52617753,413,341,408.0,988.0,695.0,855,598,229,704.0,488,712,20.0,21.0,0.550492611,0.703441296,1.230215827
1820,131.07,39.56949644,542,482,514.0,1380.0,1150.0,1370,777,270,829.0,591,868,37.0,55.0,0.509340659,0.833333333,1.191304348
1617,55.33,21.1612165,416,352,382.0,989.0,641.0,868,570,218,753.0,507,758,25.0,23.0,0.525664811,0.648129424,1.354134165
1756,70.07,22.72391177,465,392,385.0,1000.0,820.0,960,591,248,816.0,552,840,11.0,14.0,0.533029613,0.82,1.170731707
1575,62.13,25.04610733,435,366,384.0,970.0,786.0,950,570,232,686.0,489,730,17.0,17.0,0.545396825,0.810309278,1.208651399
1702,57.6,19.88398249,401,350,353.0,955.0,702.0,866,550,237,794.0,519,773,10.0,8.5,0.528202115,0.735078534,1.233618234
1676,66.67,23.73462785,435,387,391.0,1010.0,669.0,890,600,242,807.0,546,798,17.0,9.5,0.510739857,0.662376238,1.330343797
1645,55.56,20.53196109,393,364,366.0,965.0,650.0,900,534,232,756.0,504,783,16.0,14.5,0.527659574,0.67357513,1.384615385
1591,58.28,23.02391556,426,362,383.0,964.0,746.0,910,540,228,709.0,474,725,11.0,18.0,0.544311754,0.773858921,1.219839142
1557,53.06,21.88719063,413,335,384.0,970.0,620.0,873,552,218,696.0,469,708,11.0,10.0,0.552344252,0.639175258,1.408064516
1552,98.87,41.04696966,499,486,452.0,1200.0,1123.0,1210,701,258,664.0,462,765,32.0,33.0,0.533505155,0.935833333,1.07747106
1633,76.87,28.82600858,458,434,429.0,1121.0,820.0,1045,655,248,736.0,508,765,26.0,28.0,0.529087569,0.731489741,1.274390244
1748,62.59,20.48434563,426,383,397.0,1018.0,730.0,899,568,248,813.0,542,785,16.0,11.0,0.522883295,0.717092338,1.231506849
1649,83.45,30.689162,445,405,486.0,1236.0,811.0,1034,729,234,708.0,513,745,18.0,29.5,0.542146756,0.656148867,1.274969174
1667,58.96,21.21711231,412,356,377.0,1013.0,744.0,875,576,233,784.0,519,751,16.0,15.5,0.524295141,0.734452122,1.176075269
1845,68.71,20.18492814,435,380,444.0,1090.0,706.0,876,589,246,867.0,581,823,11.5,8.5,0.508943089,0.647706422,1.240793201
1714,73.24,24.93025384,430,400,491.0,1155.0,735.0,900,635,259,779.0,535,790,15.0,18.0,0.518086348,0.636363636,1.224489796
1741,125.62,41.44396009,615,507,479.0,1251.0,1180.0,1371,712,276,794.0,571,835,28.0,31.0,0.495117748,0.943245404,1.161864407
1716,79.37,26.95391244,458,415,480.0,1200.0,820.0,917,716,242,792.0,536,790,17.0,18.0,0.525058275,0.683333333,1.118292683
1801,72.11,22.23146435,468,416,402.0,1026.0,760.0,930,596,262,849.0,580,811,19.0,17.5,0.509161577,0.740740741,1.223684211
1550,51.93,21.61498439,398,330,390.0,976.0,656.0,855,554,219,690.0,467,721,13.0,13.5,0.542580645,0.672131148,1.303353659
1655,67.35,24.58904172,436,386,428.0,1095.0,786.0,895,638,233,740.0,499,709,21.0,20.0,0.543202417,0.717808219,1.138676845
1721,61.45,20.7472312,438,358,387.0,975.0,640.0,864,575,236,789.0,519,747,11.0,6.5,0.53282975,0.656410256,1.35
1608,58.5,22.62474939,404,357,399.0,1005.0,661.0,891,585,239,744.0,499,750,22.0,10.5,0.52238806,0.657711443,1.34795764
1600,87.53,34.19140625,497,408,461.0,1175.0,900.0,1112,735,258,708.0,509,743,30.0,42.0,0.5275,0.765957447,1.235555556
1623,62.81,23.84469401,425,395,412.0,1035.0,721.0,890,619,235,739.0,488,745,19.0,18.0,0.532347505,0.696618357,1.234396671
1646,58.96,21.76195025,423,399,398.0,1020.0,704.0,879,589,234,768.0,527,762,15.0,7.0,0.52855407,0.690196078,1.248579545
1620,64.63,24.62658131,430,402,401.0,1002.0,729.0,950,595,233,709.0,488,733,28.0,23.0,0.55,0.72754491,1.303155007
1699,69.84,24.19454577,431,396,406.0,1085.0,750.0,934,627,242,771.0,530,788,22.0,21.0,0.535609182,0.69124424,1.245333333
1602,50.34,19.61499437,400,358,349.0,907.0,632.0,794,532,234,731.0,484,728,14.0,7.0,0.539950062,0.696802646,1.256329114
1605,51.47,19.98039615,401,345,352.0,911.0,639.0,859,522,234,732.0,494,740,7.0,5.5,0.540186916,0.701427003,1.34428795
1619,68.93,26.2975071,455,418,420.0,1052.0,794.0,949,625,246,752.0,496,750,14.0,19.5,0.534898085,0.754752852,1.195214106
1510,64.17,28.14350248,437,378,398.0,1030.0,794.0,1005,605,222,666.0,467,721,22.0,20.0,0.537748344,0.770873786,1.265743073
1690,90.02,31.51850425,484,420,442.0,1120.0,938.0,1099,696,245,786.0,538,787,35.0,49.0,0.512426036,0.8375,1.171641791
1780,85.94,27.12410049,445,446,446.0,1160.0,880.0,1040,703,252,789.0,528,774,25.0,20.0,0.541573034,0.75862069,1.181818182
1774,72.11,22.91333288,453,393,424.0,1061.0,748.0,975,617,249,836.0,556,818,24.0,13.5,0.51578354,0.704995287,1.303475936
1737,68.48,22.69677303,439,404,420.0,1050.0,771.0,951,610,252,809.0,532,775,15.0,19.5,0.52964882,0.734285714,1.233463035
1636,59.18,22.11099886,422,375,414.0,1031.0,720.0,892,587,235,755.0,498,752,14.5,12.0,0.526894866,0.698351115,1.238888889
1732,60.32,20.10784633,419,354,399.0,1010.0,702.0,838,572,254,841.0,550,810,16.0,10.0,0.511547344,0.695049505,1.193732194
1634,58.96,22.08276091,431,370,378.0,998.0,715.0,868,572,224,750.0,502,785,12.0,10.0,0.534271726,0.716432866,1.213986014
1645,71.2,26.3116564,481,480,406.0,1052.0,782.0,978,605,245,740.0,511,770,15.0,34.0,0.534346505,0.743346008,1.250639386
1675,51.47,18.34528848,407,362,376.0,933.0,800.0,833,536,220,846.0,540,785,12.0,13.5,0.48119403,0.857449089,1.04125
1788,65.08,20.35694088,456,382,405.0,1019.0,757.0,917,597,242,864.0,567,831,15.0,17.5,0.510067114,0.742885182,1.211360634
1677,66.89,23.78455721,435,399,412.0,1030.0,730.0,959,590,249,771.0,524,812,17.0,20.0,0.52653548,0.708737864,1.31369863
1608,65.08,25.16955026,454,377,405.0,1045.0,710.0,911,618,239,747.0,493,761,20.0,20.0,0.521766169,0.679425837,1.283098592
1651,57.82,21.21211343,410,360,391.0,1010.0,749.0,849,578,226,771.0,510,762,22.0,10.5,0.524530588,0.741584158,1.133511348
1665,72.11,26.01159718,434,419,429.0,1046.0,782.0,982,625,247,761.0,531,816,19.0,15.0,0.521321321,0.747609943,1.255754476
1631,66.44,24.97593191,423,383,415.0,1050.0,700.0,930,624,229,735.0,491,753,16.0,18.0,0.530349479,0.666666667,1.328571429
1695,70.52,24.54555738,451,397,422.0,1056.0,694.0,924,620,254,803.0,553,792,16.0,10.5,0.513274336,0.65719697,1.331412104
1381,46.71,24.49190184,414,337,342.0,912.0,666.0,879,505,222,590.0,401,633,18.0,22.5,0.568428675,0.730263158,1.31981982
1651,65.08,23.87555071,441,406,379.0,974.0,778.0,971,567,238,758.0,514,803,9.5,8.5,0.522713507,0.798767967,1.248071979
1664,75.51,27.27079674,451,428,404.0,1045.0,915.0,1031,604,235,741.0,504,749,23.0,43.0,0.537860577,0.875598086,1.126775956
1604,49.21,19.1269022,378,460,341.0,900.0,707.0,818,506,226,748.0,496,743,13.5,13.5,0.529301746,0.785555556,1.157001414
1676,58.73,20.90797501,404,362,385.0,975.0,710.0,876,560,230,791.0,518,787,17.5,11.0,0.516706444,0.728205128,1.233802817
1629,61.22,23.07018922,415,385,416.0,1056.0,727.0,860,595,229,779.0,514,759,18.0,22.0,0.505217925,0.68844697,1.182943604
1542,82.99,34.90253869,465,442,450.0,1170.0,856.0,1112,722,232,669.0,482,746,30.0,30.0,0.538261997,0.731623932,1.299065421
1792,78.46,24.43274673,463,420,416.0,1097.0,833.0,985,645,246,856.0,567,845,25.0,24.5,0.508370536,0.759343665,1.182472989
1615,55.56,21.30184321,421,365,362.0,943.0,738.0,907,553,238,737.0,490,775,12.5,8.5,0.52879257,0.782608696,1.22899729
1769,110.88,35.43215372,500,438,515.0,1261.0,1075.0,1235,730,259,783.0,548,819,31.0,36.0,0.51780667,0.852498017,1.148837209
1713,61.22,20.86308845,401,361,394.0,1000.0,678.0,837,565,254,799.0,523,780,16.0,10.0,0.526561588,0.678,1.234513274
1640,65.76,24.4497323,419,370,431.0,1082.0,719.0,925,630,237,727.0,494,756,24.0,10.0,0.542682927,0.664510166,1.28650904
1622,55.78,21.20199902,395,368,388.0,955.0,669.0,878,552,233,755.0,501,762,16.0,12.0,0.525893958,0.70052356,1.312406577
1569,56.01,22.75200558,416,388,381.0,995.0,733.0,915,538,233,724.0,500,770,21.0,22.5,0.514977693,0.736683417,1.248294679
1653,69.84,25.55986311,459,413,399.0,1040.0,805.0,946,604,243,743.0,508,780,18.0,20.0,0.542649728,0.774038462,1.17515528
1565,63.72,26.01639294,428,401,408.0,1025.0,880.0,971,578,224,714.0,491,738,25.0,31.5,0.51629393,0.858536585,1.103409091
1696,77.32,26.88067373,457,428,432.0,1088.0,863.0,1002,621,252,733.0,513,770,26.0,34.0,0.537146226,0.793198529,1.161066049
1585,62.59,24.91416971,438,401,399.0,1026.0,799.0,960,595,215,736.0,499,740,30.0,39.5,0.514195584,0.778752437,1.201501877
1556,53.29,22.01032904,421,370,361.0,920.0,688.0,902,515,230,698.0,484,738,18.0,10.0,0.537275064,0.747826087,1.311046512
1607,57.82,22.38959995,404,355,431.0,1050.0,705.0,828,590,222,734.0,502,747,22.0,14.5,0.527069073,0.671428571,1.174468085
1480,54.88,25.05478451,422,353,362.0,970.0,816.0,945,570,215,646.0,433,700,20.0,29.5,0.547297297,0.841237113,1.158088235
1609,92.97,35.91126823,473,450,482.0,1288.0,1029.0,1097,750,242,692.0,490,758,35.0,47.0,0.53697949,0.798913043,1.066083576
1640,53.29,19.81335515,390,328,354.0,933.0,646.0,845,529,245,751.0,499,758,12.0,7.0,0.523780488,0.692390139,1.308049536
1512,46.94,20.53238991,380,359,350.0,913.0,727.0,809,512,225,687.0,457,730,14.5,16.0,0.531084656,0.796276013,1.112792297
1620,69.61,26.5241579,467,394,427.0,1095.0,773.0,960,638,234,764.0,507,771,27.5,23.5,0.516666667,0.705936073,1.241914618
1689,73.7,25.83498351,472,465,414.0,1065.0,902.0,972,590,230,769.0,532,806,20.0,28.0,0.52812315,0.846948357,1.077605322
1712,73.47,25.06700913,456,390,417.0,1056.0,900.0,955,635,249,794.0,537,771,20.0,16.0,0.531542056,0.852272727,1.061111111
1705,63.72,21.91931614,439,375,397.0,995.0,788.0,883,582,246,786.0,521,781,11.0,10.0,0.534897361,0.791959799,1.120558376
1650,68.48,25.1533517,435,405,426.0,1052.0,785.0,946,635,224,750.0,512,801,22.5,15.0,0.52,0.746197719,1.205095541
1720,71.88,24.29691725,460,412,391.0,1035.0,880.0,990,609,239,822.0,536,800,17.5,23.0,0.50872093,0.850241546,1.125
1625,81.63,30.91313609,459,440,456.0,1160.0,834.0,958,688,255,717.0,513,768,28.0,21.5,0.551384615,0.718965517,1.148681055
1694,57.6,20.07223216,417,362,370.0,960.0,703.0,840,542,235,780.0,515,789,10.5,9.5,0.542502952,0.732291667,1.19487909
1667,48.07,17.29828,398,340,334.0,865.0,665.0,784,479,224,765.0,460,775,12.0,15.0,0.532693461,0.768786127,1.178947368
1760,80.59,26.01691632,411,445,444.0,1113.0,864.0,948,665,252,774.0,546,808,23.5,30.5,0.533522727,0.776280323,1.097222222
1693,72.56,25.31531629,429,415,449.0,1114.0,812.0,988,637,237,787.0,528,759,26.0,37.0,0.516834022,0.728904847,1.216748768
1644,109.75,40.60699972,482,468,511.0,1348.0,1090.0,1184,779,270,709.0,493,788,25.0,30.0,0.543187348,0.808605341,1.086238532
1707,69.16,23.7349293,416,393,414.0,1046.0,793.0,1008,612,248,780.0,527,835,18.5,14.0,0.524897481,0.758126195,1.27112232
1786,70.75,22.1801018,462,397,410.0,1052.0,702.0,928,610,254,855.0,572,872,10.0,15.5,0.506159015,0.66730038,1.321937322
1675,56.24,20.04544442,434,390,391.0,990.0,730.0,820,571,221,795.0,524,773,11.5,14.5,0.510447761,0.737373737,1.123287671
1629,80.27,30.24900505,462,451,461.0,1145.0,942.0,1111,650,248,758.0,532,800,36.5,31.0,0.515653775,0.822707424,1.17940552
1616,82.99,31.7792067,461,414,439.0,1158.0,911.0,1086,646,246,729.0,508,782,30.0,48.5,0.524752475,0.786701209,1.192096597
1703,56.24,19.39170591,421,362,359.0,925.0,639.0,885,545,245,797.0,522,781,10.5,9.5,0.528479154,0.690810811,1.384976526
1640,54.65,20.31900654,406,360,352.0,927.0,711.0,864,511,234,752.0,500,780,11.0,9.5,0.529268293,0.766990291,1.215189873
1660,61.9,22.46334737,416,360,421.0,995.0,670.0,888,605,230,740.0,494,746,10.5,7.5,0.534337349,0.673366834,1.325373134
1736,72.34,24.00374822,470,412,432.0,1075.0,725.0,895,628,251,828.0,564,844,15.0,11.5,0.516129032,0.674418605,1.234482759
1616,58.28,22.31705225,438,401,375.0,1000.0,761.0,937,560,228,749.0,490,770,13.0,24.0,0.526608911,0.761,1.231274639
1667,62.36,22.44062285,420,390,383.0,1014.0,722.0,913,596,226,768.0,523,791,18.0,15.5,0.527294541,0.712031558,1.264542936
1590,74.15,29.33032712,441,385,432.0,1085.0,810.0,975,637,235,698.0,490,752,24.0,21.5,0.55408805,0.746543779,1.203703704
1697,65.31,22.67858736,436,400,409.0,1035.0,772.0,908,575,240,770.0,506,820,20.0,18.5,0.539776075,0.74589372,1.176165803
1709,67.57,23.13501543,444,402,416.0,1090.0,713.0,888,612,246,807.0,538,788,20.5,17.0,0.515506144,0.65412844,1.245441795
1766,73.47,23.55746971,430,386,441.0,1095.0,865.0,930,640,239,801.0,537,810,20.5,24.5,0.534541336,0.789954338,1.075144509
1709,58.28,19.9542504,424,405,350.0,910.0,700.0,934,525,236,824.0,533,810,7.0,12.0,0.506143944,0.769230769,1.334285714
1629,61.68,23.24353596,430,387,416.0,1050.0,698.0,896,620,233,735.0,502,740,21.0,12.5,0.544505832,0.664761905,1.283667622
1800,62.13,19.17592593,425,345,426.0,1030.0,705.0,892,577,239,811.0,527,805,12.5,12.0,0.552222222,0.684466019,1.265248227
1742,68.48,22.56666856,426,373,433.0,1100.0,780.0,881,641,260,803.0,545,787,14.0,11.0,0.525258324,0.709090909,1.129487179
1496,59.41,26.54583345,425,375,404.0,1010.0,740.0,915,590,234,659.0,459,690,19.5,17.0,0.552139037,0.732673267,1.236486486
1583,55.1,21.98820459,410,385,369.0,955.0,730.0,887,563,223,696.0,459,715,19.0,23.5,0.54390398,0.764397906,1.215068493
1632,46.94,17.6239307,403,350,365.0,920.0,629.0,783,516,208,741.0,487,734,17.0,10.0,0.541666667,0.683695652,1.244833068
1640,66.44,24.702558,431,398,414.0,1052.0,745.0,908,633,222,723.0,483,751,15.0,11.0,0.542682927,0.708174905,1.218791946
1875,124.49,35.41048889,559,515,517.0,1286.0,1061.0,1151,820,285,864.0,586,874,42.0,52.0,0.524266667,0.82503888,1.084825636
1711,49.89,17.04172233,390,365,349.0,910.0,692.0,813,508,232,858.0,545,800,12.0,8.5,0.502630041,0.76043956,1.174855491
1646,53.51,19.75037242,409,370,369.0,960.0,648.0,792,550,235,714.0,495,745,13.5,12.5,0.549210207,0.675,1.222222222
1611,52.83,20.35586349,395,375,354.0,920.0,681.0,855,536,230,725.0,494,722,12.0,5.5,0.536933582,0.740217391,1.255506608
1685,124.26,43.76546417,526,520,514.0,1287.0,1139.0,1286,790,274,727.0,556,870,25.0,48.0,0.518694362,0.885003885,1.129060579
1651,78.68,28.8649098,457,400,446.0,1143.0,839.0,978,684,250,756.0,521,815,33.5,28.0,0.517262265,0.734033246,1.165673421
1641,109.07,40.50308944,460,440,593.0,1311.0,937.0,1078,800,305,706.0,522,800,42.0,37.0,0.53503961,0.714721587,1.150480256
1531,116.78,49.82164806,550,539,514.0,1380.0,1063.0,1375,830,243,651.0,485,777,37.5,52.5,0.545395167,0.770289855,1.293508937
1612,113.83,43.8053002,576,510,462.0,1282.0,1303.0,1270,705,280,734.0,515,826,37.0,44.5,0.520471464,1.016380655,0.97467383
1860,154.88,44.76818129,576,512,663.0,1610.0,1235.0,1306,995,289,904.0,649,901,37.0,56.0,0.483870968,0.767080745,1.057489879
1596,75.28,29.55383446,461,440,455.0,1200.0,742.0,975,690,240,731.0,510,798,31.0,24.0,0.510025063,0.618333333,1.314016173
1652,93.2,34.15040248,523,485,422.0,1150.0,965.0,1127,630,252,735.0,520,833,30.5,22.0,0.517554479,0.839130435,1.167875648
1608,58.05,22.45071285,406,358,400.0,1036.0,670.0,856,605,235,729.0,503,750,15.5,8.5,0.536069652,0.646718147,1.27761194
1592,71.66,28.27422287,454,413,416.0,1065.0,823.0,1023,627,243,710.0,493,745,25.5,20.5,0.540829146,0.772769953,1.243013366
1615,61.22,23.47190139,433,354,373.0,979.0,818.0,980,566,233,700.0,480,754,13.5,15.5,0.545510836,0.835546476,1.19804401
1672,82.31,29.44286417,457,401,474.0,1172.0,841.0,1049,705,248,744.0,527,803,30.0,22.0,0.531698565,0.717576792,1.247324614
1664,62.81,22.68413115,422,371,376.0,980.0,740.0,908,602,232,755.0,509,792,18.0,19.0,0.536658654,0.755102041,1.227027027
1710,63.27,21.6374269,418,357,416.0,1049.0,710.0,874,609,243,777.0,524,782,15.5,12.0,0.523976608,0.676835081,1.230985915
1535,82.09,34.83962695,432,455,412.0,1190.0,971.0,1128,667,241,680.0,477,766,44.0,43.5,0.532247557,0.815966387,1.16168898
1684,76.19,26.86666742,442,381,436.0,1147.0,872.0,979,663,257,800.0,563,821,28.0,35.0,0.489904988,0.760244115,1.122706422
1552,101.36,42.08072059,495,490,452.0,1370.0,1161.0,1234,689,265,694.0,515,787,43.0,40.0,0.512886598,0.847445255,1.06287683
1555,76.87,31.79040746,430,429,413.0,1097.0,985.0,1097,612,240,662.0,490,727,31.5,25.0,0.536334405,0.897903373,1.113705584
1605,70.07,27.20082297,432,404,390.0,1060.0,928.0,1027,575,232,725.0,495,760,25.5,31.5,0.530218069,0.875471698,1.106681034
1676,68.93,24.53919151,411,403,421.0,1071.0,821.0,969,605,246,783.0,523,782,26.0,24.5,0.517899761,0.766573296,1.180267966
1609,63.04,24.35028879,420,424,386.0,1031.0,752.0,945,582,224,737.0,495,780,29.5,21.5,0.525170914,0.729388943,1.256648936
1633,60.32,22.61981056,415,359,382.0,990.0,766.0,886,592,234,745.0,494,787,24.5,11.5,0.5223515,0.773737374,1.156657963
1677,72.34,25.72245281,453,452,401.0,1019.0,913.0,1010,580,231,766.0,527,830,29.0,24.5,0.519976148,0.895976447,1.106243154
1683,70.29,24.81563035,431,367,405.0,1122.0,709.0,893,679,254,829.0,555,835,16.0,11.5,0.495543672,0.631907308,1.259520451
1617,56.92,21.76931941,417,384,352.0,929.0,725.0,924,544,232,755.0,503,783,22.5,24.0,0.51144094,0.780409042,1.274482759
1655,65.31,23.84425115,439,392,385.0,1005.0,720.0,889,604,251,748.0,500,801,24.0,10.0,0.534138973,0.71641791,1.234722222
1509,45.8,20.11346983,392,341,320.0,861.0,557.0,801,500,226,660.0,447,697,12.0,10.0,0.546056991,0.646922184,1.438061041
1562,54.42,22.30470473,396,370,358.0,947.0,686.0,844,575,226,695.0,476,727,14.0,10.0,0.534571063,0.724392819,1.2303207
1775,57.37,18.2090855,408,373,340.0,884.0,764.0,869,485,238,815.0,549,801,7.0,7.5,0.522816901,0.864253394,1.137434555
1641,66.21,24.58705008,440,407,392.0,1052.0,769.0,965,614,234,756.0,534,810,23.0,20.0,0.514929921,0.730988593,1.254876463
1668,61.68,22.16931491,421,360,399.0,1021.0,692.0,865,594,241,781.0,514,805,12.0,8.0,0.522182254,0.677766895,1.25
1675,73.47,26.18667855,410,399,421.0,1083.0,869.0,957,644,231,747.0,512,792,22.0,15.0,0.534925373,0.802400739,1.101265823
1677,76.64,27.25143467,441,476,380.0,1073.0,938.0,1041,584,229,714.0,502,815,37.0,29.0,0.537268933,0.874184529,1.109808102
1591,60.54,23.91674413,421,399,381.0,1011.0,707.0,864,592,231,729.0,500,779,33.5,18.5,0.522941546,0.699307616,1.222065064
1593,75.28,29.66525315,454,413,413.0,1086.0,885.0,1055,639,238,725.0,505,777,35.0,24.0,0.531073446,0.814917127,1.192090395
1704,75.28,25.92629328,428,377,428.0,1119.0,750.0,920,668,237,792.0,535,803,26.5,20.5,0.520539906,0.670241287,1.226666667
1590,87.07,34.44088446,460,438,439.0,1230.0,975.0,1104,650,244,673.0,483,754,43.0,41.0,0.537106918,0.792682927,1.132307692
1741,68.03,22.44413792,423,416,406.0,1048.0,683.0,834,607,240,786.0,529,838,25.5,18.0,0.537622056,0.651717557,1.221083455
1791,71.66,22.34012671,436,391,413.0,1054.0,741.0,915,623,240,859.0,575,852,27.5,17.5,0.506979341,0.703036053,1.234817814
1576,59.41,23.91922621,400,405,376.0,975.0,678.0,890,552,224,726.0,495,751,30.0,16.0,0.523477157,0.695384615,1.312684366
1686,78.68,27.67892448,436,399,467.0,1150.0,804.0,928,662,254,745.0,527,840,27.0,20.0,0.53143535,0.699130435,1.154228856
1665,86.62,31.24566007,385,444,448.0,1144.0,923.0,1065,666,242,765.0,512,796,45.5,30.5,0.522522523,0.806818182,1.153846154
1728,81.63,27.33772184,423,390,463.0,1139.0,814.0,948,664,259,784.0,534,812,25.5,28.0,0.524884259,0.714661984,1.164619165
1660,58.28,21.14965888,412,363,402.0,1030.0,699.0,922,579,220,777.0,515,772,23.0,10.5,0.51686747,0.678640777,1.319027182
1710,64.85,22.1777641,397,375,378.0,969.0,719.0,903,560,236,772.0,515,775,12.0,11.0,0.531578947,0.742002064,1.255910987
1795,99.77,30.96499872,445,459,490.0,1259.0,960.0,1064,734,255,828.0,563,869,28.0,25.5,0.509192201,0.762509929,1.108333333
1662,83.45,30.21094444,420,382,489.0,1200.0,852.0,923,723,254,749.0,517,780,27.5,14.5,0.526474128,0.71,1.083333333
1713,75.28,25.65457855,449,394,430.0,1106.0,783.0,972,636,254,793.0,539,803,21.5,17.5,0.525977817,0.7079566,1.24137931
1382,44.22,23.15275372,383,353,337.0,870.0,626.0,844,542,190,647.0,435,692,27.0,29.0,0.520984081,0.71954023,1.348242812
1640,104.08,38.69720405,488,470,511.0,1297.0,971.0,1063,796,254,753.0,519,791,45.5,36.0,0.512804878,0.748650732,1.094747683
1666,59.18,21.32185407,420,353,384.0,1025.0,667.0,818,586,233,777.0,516,799,20.5,16.0,0.523409364,0.650731707,1.226386807
1640,93.88,34.90481856,493,470,453.0,1226.0,973.0,1138,713,254,769.0,540,837,37.5,34.0,0.499390244,0.793637847,1.169578623
1701,68.03,23.51212293,415,429,408.0,1056.0,749.0,953,572,254,785.0,530,787,26.0,33.5,0.51734274,0.709280303,1.272363151
1657,76.42,27.83312798,456,410,414.0,1060.0,935.0,1031,632,238,745.0,511,888,35.0,30.5,0.537115269,0.882075472,1.102673797
1614,54.65,20.97891897,399,352,366.0,954.0,645.0,860,554,233,742.0,495,776,20.5,15.5,0.524163569,0.676100629,1.333333333
1512,51.7,22.61449847,389,346,351.0,904.0,694.0,935,529,222,720.0,473,720,27.5,22.0,0.513227513,0.767699115,1.347262248
1553,44.22,18.33478522,358,293,339.0,880.0,628.0,739,505,226,679.0,448,694,13.0,13.0,0.554410818,0.713636364,1.176751592
1657,77.55,28.24468823,460,391,438.0,1140.0,802.0,964,701,238,795.0,532,826,34.5,35.5,0.511164756,0.703508772,1.201995012
1748,73.47,24.04513298,445,403,414.0,1092.0,799.0,1021,625,249,759.0,525,809,27.0,20.5,0.511441648,0.731684982,1.277847309
1760,67.12,21.66838843,428,375,374.0,976.0,766.0,866,575,259,823.0,565,877,13.5,12.5,0.507386364,0.784836066,1.130548303
1677,73.7,26.20603777,441,387,437.0,1134.0,718.0,953,684,240,805.0,537,847,30.0,20.0,0.503279666,0.633156966,1.32729805
1745,68.25,22.41360908,462,369,389.0,1003.0,756.0,938,567,249,835.0,546,872,20.5,9.5,0.507163324,0.753738784,1.240740741
1606,65.53,25.40674835,437,383,410.0,1062.0,766.0,920,629,222,732.0,500,763,34.5,16.5,0.529265255,0.721280603,1.201044386
1645,80.27,29.66343622,439,399,444.0,1170.0,823.0,928,701,246,777.0,524,803,34.5,26.5,0.514285714,0.703418803,1.127582017
1572,97.28,39.36574533,481,442,515.0,1311.0,1043.0,1199,786,246,715.0,535,812,43.0,44.0,0.496819338,0.795575896,1.149568552
1654,95.46,34.89397291,488,446,473.0,1153.0,934.0,1071,737,279,762.0,537,814,44.5,36.5,0.504836759,0.810060711,1.146680942
1666,89.12,32.10888197,479,450,460.0,1246.0,912.0,1065,737,246,776.0,561,826,35.0,28.0,0.50120048,0.731942215,1.167763158
1550,67.12,27.93756504,452,376,450.0,1111.0,736.0,961,647,234,710.0,485,750,29.0,25.5,0.528387097,0.662466247,1.305706522
1737,89.12,29.53762285,510,495,432.0,1164.0,992.0,1092,702,243,815.0,547,847,36.0,33.5,0.521588946,0.852233677,1.100806452
1565,87.76,35.83174269,499,439,489.0,1273.0,880.0,1082,756,247,699.0,490,798,49.0,44.0,0.525239617,0.69128044,1.229545455
1490,62.81,28.2915184,433,391,407.0,1042.0,720.0,970,627,222,674.0,465,746,35.5,29.5,0.517449664,0.690978887,1.347222222
1729,62.36,20.86008722,416,369,361.0,971.0,630.0,835,581,244,834.0,551,816,22.5,15.5,0.505494505,0.648815654,1.325396825
1597,51.47,20.18107684,373,337,368.0,941.0,669.0,776,539,231,710.0,481,728,14.5,11.0,0.546023795,0.710945802,1.159940209
1644,56.24,20.80854364,422,351,345.0,942.0,717.0,817,541,245,759.0,496,788,8.5,10.0,0.528588808,0.761146497,1.139470014
1580,58.5,23.43374459,425,373,362.0,951.0,723.0,881,577,225,729.0,492,760,23.0,23.0,0.512658228,0.760252366,1.218533887
1636,91.61,34.22758711,473,530,447.0,1241.0,1092.0,1184,612,243,707.0,495,755,35.5,44.5,0.532396088,0.879935536,1.084249084
1570,59.18,24.00908759,416,360,383.0,988.0,724.0,916,591,234,753.0,601,770,20.0,19.5,0.503821656,0.732793522,1.26519337
1605,63.95,24.82506963,440,382,380.0,994.0,812.0,930,595,234,763.0,504,778,32.5,28.0,0.504672897,0.816901408,1.145320197
1556,50.79,20.9777559,397,342,341.0,935.0,660.0,823,541,235,706.0,488,756,19.5,15.5,0.519922879,0.705882353,1.246969697
1625,91.38,34.60544379,479,430,507.0,1269.0,868.0,1108,732,240,709.0,503,757,38.0,34.0,0.537230769,0.684003152,1.276497696
1612,66.89,25.74133823,412,330,444.0,1113.0,680.0,883,666,227,749.0,495,747,11.5,5.5,0.518610422,0.610961366,1.298529412
1628,73.47,27.72051144,465,404,389.0,1020.0,842.0,978,602,260,797.0,532,826,28.0,36.5,0.495700246,0.825490196,1.16152019
1575,56.46,22.76039305,421,361,366.0,981.0,712.0,928,540,229,741.0,477,753,24.0,15.0,0.523809524,0.72579001,1.303370787
1571,65.99,26.73780541,414,390,413.0,1052.0,837.0,1013,621,233,707.0,474,748,26.5,20.0,0.530235519,0.795627376,1.210274791
1657,73.47,26.75870077,442,390,432.0,1153.0,768.0,952,669,243,777.0,536,810,36.0,32.0,0.50030175,0.666088465,1.239583333
1633,66.21,24.82854206,426,391,398.0,1024.0,734.0,961,626,239,778.0,513,755,31.0,29.0,0.502755664,0.716796875,1.309264305
1614,55.1,21.15166396,397,383,370.0,963.0,707.0,924,556,223,760.0,517,753,23.0,18.0,0.513011152,0.734164071,1.306930693
1715,68.48,23.28281583,429,371,389.0,1064.0,751.0,949,612,255,838.0,547,825,25.0,27.0,0.503206997,0.705827068,1.263648469
1579,52.83,21.18928736,404,347,362.0,978.0,684.0,838,568,239,712.0,490,777,11.0,8.0,0.526282457,0.699386503,1.225146199
1644,58.28,21.56333434,383,345,375.0,974.0,726.0,834,582,252,800.0,534,765,18.0,21.5,0.515206813,0.745379877,1.148760331
1697,66.89,23.22723486,428,385,396.0,1022.0,688.0,959,582,242,764.0,529,810,22.0,16.0,0.533294048,0.673189824,1.393895349
1539,51.93,21.92507476,385,357,353.0,917.0,600.0,869,537,223,706.0,484,735,22.0,14.0,0.52891488,0.654307525,1.448333333
1659,106.12,38.55710954,525,494,454.0,1303.0,1091.0,1268,674,242,726.0,513,803,35.0,40.0,0.526823388,0.837298542,1.16223648
1603,53.29,20.73856373,389,365,344.0,953.0,752.0,870,568,234,705.0,476,706,22.0,11.0,0.552713662,0.789087093,1.156914894
1535,70.07,29.73824656,439,417,434.0,1088.0,797.0,967,662,220,668.0,453,732,25.0,18.0,0.548534202,0.732536765,1.213299875
1692,77.55,27.08825847,427,381,435.0,1132.0,872.0,906,688,251,733.0,512,885,30.0,22.0,0.544917258,0.770318021,1.038990826
1593,62.59,24.66456157,422,385,380.0,993.0,767.0,1019,545,235,716.0,489,755,25.0,22.0,0.528562461,0.772406848,1.328552803
1567,52.15,21.2381322,391,317,371.0,945.0,672.0,806,545,245,696.0,484,770,12.0,9.5,0.544352265,0.711111111,1.199404762
1716,67.8,23.02476079,425,401,401.0,1038.0,757.0,882,589,249,782.0,534,803,21.0,21.0,0.517482517,0.729287091,1.165125495
1643,70.29,26.03864715,422,383,454.0,1101.0,768.0,976,634,244,742.0,503,769,21.5,24.0,0.533171029,0.697547684,1.270833333
1682,62.81,22.20121847,410,363,399.0,1052.0,726.0,850,566,247,734.0,509,766,11.5,7.5,0.549940547,0.690114068,1.170798898
1699,56.46,19.5593364,391,354,342.0,910.0,679.0,837,530,240,789.0,522,782,15.0,10.0,0.522071807,0.746153846,1.23269514
1730,69.84,23.3352267,409,377,428.0,1086.0,725.0,863,642,246,813.0,525,788,20.5,18.0,0.509248555,0.667587477,1.190344828
1587,49.89,19.80886765,406,343,333.0,883.0,730.0,841,506,234,693.0,477,732,8.0,10.0,0.551984877,0.826727067,1.152054795
1623,74.83,28.4078722,431,392,408.0,1070.0,860.0,1039,608,235,722.0,506,775,30.0,30.0,0.515095502,0.803738318,1.208139535
1540,78.68,33.17591499,406,375,460.0,1130.0,843.0,1032,663,266,622.0,464,731,32.5,14.0,0.54025974,0.746017699,1.224199288
1526,98.64,42.35883395,496,500,426.0,1262.0,1175.0,1300,676,255,648.0,465,741,42.5,46.5,0.541284404,0.931061807,1.106382979
1498,57.14,25.46341272,392,356,393.0,1014.0,735.0,885,562,222,655.0,461,718,30.5,24.0,0.538050734,0.724852071,1.204081633
1771,80.27,25.59270205,415,377,466.0,1167.0,754.0,958,666,275,823.0,554,822,35.0,11.5,0.520609825,0.646101114,1.270557029
1588,57.14,22.65892176,411,371,376.0,984.0,711.0,910,563,238,711.0,479,714,30.0,20.5,0.52581864,0.722560976,1.279887482
1695,92.52,32.20299162,505,481,427.0,1221.0,1030.0,1215,630,241,757.0,533,790,44.0,42.0,0.513274336,0.843570844,1.17961165
1600,56.24,21.96875,425,392,368.0,959.0,750.0,927,527,234,724.0,484,738,15.5,29.0,0.535,0.782064651,1.236
1593,75.28,29.66525315,419,439,410.0,1121.0,925.0,1056,630,236,696.0,489,743,30.0,25.0,0.527934714,0.825156111,1.141621622
1723,78.68,26.50292432,446,429,404.0,1069.0,831.0,958,651,234,822.0,557,799,22.0,19.5,0.514219385,0.777362021,1.152827918
1594,65.53,25.790724,449,385,414.0,1099.0,869.0,951,629,221,722.0,489,761,28.0,18.5,0.530740276,0.790718835,1.094361335
1683,65.08,22.97625869,437,378,406.0,1036.0,715.0,953,616,238,744.0,509,784,20.0,11.0,0.548425431,0.69015444,1.332867133
1553,58.5,24.25565209,395,379,393.0,1049.0,767.0,896,601,232,689.0,479,730,27.0,34.0,0.539600773,0.731172545,1.168187744
1645,63.49,23.46245877,438,399,376.0,1002.0,804.0,927,561,223,758.0,507,788,26.0,12.5,0.520364742,0.80239521,1.152985075
1607,63.95,24.76331575,411,384,401.0,1072.0,746.0,914,612,221,687.0,465,728,21.0,19.5,0.553827007,0.695895522,1.225201072
1687,90.48,31.79233505,472,449,473.0,1231.0,935.0,1102,735,246,781.0,535,800,34.5,32.0,0.512151749,0.759545085,1.178609626
1646,73.02,26.95145195,460,404,396.0,1040.0,851.0,1502,613,245,755.0,509,798,31.0,28.0,0.52490887,0.818269231,1.764982374
1621,56.69,21.57448449,385,352,365.0,978.0,659.0,873,549,238,744.0,500,774,24.0,18.0,0.523750771,0.673824131,1.324734446
1515,84.35,36.75020967,496,475,427.0,1207.0,1035.0,1170,662,241,637.0,465,739,46.0,41.5,0.545874587,0.857497929,1.130434783
1601,58.96,23.0024879,411,330,377.0,1003.0,729.0,931,580,230,712.0,483,754,22.5,24.0,0.544034978,0.726819541,1.277091907
1640,63.04,23.43842951,428,382,372.0,1011.0,791.0,950,604,227,743.0,503,770,27.0,16.0,0.517073171,0.78239367,1.201011378
1535,76.42,32.43323537,449,449,407.0,1104.0,915.0,1082,630,230,670.0,476,762,38.0,36.0,0.53029316,0.828804348,1.182513661
1628,55.78,21.04600692,413,352,372.0,980.0,719.0,852,548,224,753.0,488,772,25.0,15.0,0.539312039,0.733673469,1.184979138
1612,57.6,22.16625926,391,373,391.0,1010.0,714.0,875,562,221,748.0,491,741,24.0,16.0,0.520471464,0.706930693,1.225490196
1636,58.28,21.77473831,415,359,364.0,977.0,700.0,855,564,249,741.0,490,755,19.0,12.0,0.537286064,0.716479017,1.221428571
1679,71.43,25.33840409,418,375,417.0,1093.0,791.0,946,615,235,773.0,520,805,36.5,32.5,0.513996426,0.723696249,1.195954488
1784,74.38,23.37041766,450,414,392.0,1007.0,831.0,1030,604,246,833.0,558,838,17.5,25.5,0.514573991,0.825223436,1.239470517
1582,65.31,26.09556627,421,379,371.0,1038.0,793.0,1006,609,224,716.0,495,762,21.0,22.0,0.511378003,0.763969171,1.268600252
1610,56.69,21.87029821,420,351,352.0,950.0,686.0,891,532,227,714.0,492,740,23.0,14.0,0.536645963,0.722105263,1.298833819
1826,64.85,19.44949968,396,358,382.0,1019.0,752.0,828,562,248,890.0,576,846,17.5,13.5,0.499452355,0.73797841,1.10106383
1657,51.25,18.66589648,394,334,361.0,954.0,658.0,806,533,223,773.0,498,758,16.0,12.5,0.527459264,0.689727463,1.224924012
1717,58.28,19.76873833,419,347,384.0,1023.0,710.0,886,554,225,778.0,522,783,19.0,16.0,0.52708212,0.694037146,1.247887324
1664,95.69,34.55890001,467,483,457.0,1175.0,997.0,1214,711,267,763.0,522,791,46.0,38.5,0.514423077,0.848510638,1.217652959
1610,58.73,22.65730489,414,372,362.0,972.0,781.0,908,558,235,759.0,495,765,26.0,18.5,0.520496894,0.803497942,1.162612036
1651,75.74,27.78632776,435,397,419.0,1082.0,833.0,1037,625,254,744.0,513,808,26.0,39.0,0.523924894,0.76987061,1.244897959
1694,55.33,19.28119106,400,346,365.0,955.0,790.0,928,499,224,765.0,502,750,17.0,9.5,0.527744982,0.827225131,1.174683544
1581,53.06,21.22772759,397,342,351.0,926.0,660.0,843,539,229,724.0,488,746,18.5,11.0,0.519924099,0.712742981,1.277272727
1586,50.34,20.01275346,379,335,343.0,918.0,641.0,811,535,223,728.0,487,746,18.0,15.0,0.527112232,0.698257081,1.265210608
1581,72.79,29.12111367,445,402,393.0,1049.0,882.0,1064,604,244,682.0,472,734,20.0,28.5,0.52688172,0.840800763,1.206349206
1769,105.9,33.84077452,514,510,431.0,1224.0,1079.0,1250,669,261,793.0,559,846,26.5,33.0,0.522328999,0.881535948,1.158480074
1675,61.9,22.06282023,437,375,374.0,989.0,718.0,903,565,242,808.0,528,788,12.5,12.0,0.505074627,0.725985844,1.257660167
1685,67.12,23.64025394,426,383,391.0,1029.0,763.0,911,598,236,764.0,518,781,33.0,20.0,0.526409496,0.741496599,1.193971166
1629,49.89,18.8005838,398,345,376.0,960.0,725.0,839,520,221,779.0,503,764,14.0,10.0,0.504604052,0.755208333,1.157241379
1529,59.86,25.60482086,414,380,394.0,1023.0,692.0,897,566,235,662.0,452,710,30.5,22.0,0.534336167,0.676441838,1.296242775
1545,42.18,17.67053131,346,305,341.0,882.0,614.0,778,450,230,710.0,471,698,19.0,9.0,0.524919094,0.696145125,1.267100977
1501,58.28,25.86772043,404,372,385.0,1032.0,692.0,941,600,221,675.0,459,695,35.5,31.0,0.53697535,0.670542636,1.35982659
1608,73.92,28.58840128,464,416,421.0,1093.0,927.0,1061,642,239,726.0,500,789,22.5,30.0,0.521766169,0.848124428,1.144552319
1567,58.05,23.64091226,399,347,388.0,1020.0,700.0,870,583,226,688.0,471,738,26.0,10.0,0.546904914,0.68627451,1.242857143
1638,89.8,33.46944739,466,443,437.0,1225.0,960.0,1137,705,265,708.0,511,766,28.0,25.5,0.54029304,0.783673469,1.184375
1633,65.99,24.74604275,436,397,368.0,1015.0,754.0,913,591,244,756.0,514,770,12.5,10.5,0.530924679,0.742857143,1.210875332
1659,61.45,22.32693537,408,355,362.0,967.0,692.0,893,547,252,759.0,517,774,19.5,10.0,0.530440024,0.715615305,1.290462428
1746,68.48,22.46338874,400,357,417.0,1075.0,724.0,864,654,255,855.0,563,821,29.0,12.5,0.490263459,0.673488372,1.193370166
1704,105.67,36.39255329,486,442,456.0,1206.0,1014.0,1232,774,276,818.0,550,828,35.5,44.5,0.517605634,0.84079602,1.214990138
1729,66.67,22.30182834,425,381,435.0,1071.0,710.0,915,588,243,773.0,535,815,30.5,15.5,0.529207634,0.662931839,1.288732394
1513,53.74,23.47576784,406,346,352.0,941.0,752.0,930,551,212,697.0,471,715,22.0,13.5,0.524785195,0.799149841,1.236702128
1776,60.09,19.05093438,423,354,367.0,960.0,679.0,830,540,231,849.0,538,846,19.5,15.0,0.518018018,0.707291667,1.222385862
1637,50.79,18.95312618,387,320,342.0,947.0,711.0,795,534,228,739.0,495,753,17.5,8.0,0.538179597,0.750791975,1.11814346
1619,141.72,54.06764407,595,575,502.0,1526.0,1385.0,1470,814,266,707.0,486,803,53.5,38.5,0.543545398,0.907601573,1.061371841
1727,69.84,23.41636913,410,368,404.0,1050.0,752.0,936,620,241,796.0,530,802,30.0,22.5,0.507817024,0.716190476,1.244680851
1653,65.31,23.90198539,422,382,384.0,1014.0,727.0,925,609,232,758.0,518,782,24.5,10.5,0.520266183,0.716962525,1.272352132
1620,86.17,32.83417162,474,456,374.0,1139.0,1073.0,1197,623,236,728.0,500,775,31.0,50.5,0.530246914,0.942054434,1.11556384
1657,67.8,24.69361524,423,384,399.0,1089.0,805.0,913,595,244,772.0,514,789,24.5,24.5,0.511164756,0.739210285,1.134161491
1654,76.64,28.01460386,447,382,423.0,1130.0,958.0,992,646,243,751.0,504,758,34.5,34.5,0.535066505,0.847787611,1.035490605
1552,50.57,20.99469258,379,332,370.0,971.0,648.0,827,565,217,684.0,460,704,17.5,11.0,0.548324742,0.667353244,1.276234568
1703,57.6,19.86063763,435,362,442.0,949.0,720.0,872,530,234,771.0,504,777,16.0,8.0,0.539635937,0.758693361,1.211111111
1683,72.11,25.45817477,409,372,417.0,1050.0,844.0,1001,607,241,807.0,539,811,22.5,17.5,0.507427213,0.803809524,1.186018957
1667,62.81,22.60255807,405,359,376.0,1031.0,681.0,857,596,249,761.0,518,762,18.5,13.5,0.519496101,0.660523763,1.258443465
1677,53.74,19.10871737,384,329,348.0,970.0,634.0,819,536,229,778.0,512,745,14.0,9.0,0.519976148,0.653608247,1.291798107
1685,69.39,24.43976789,445,379,385.0,1063.0,748.0,945,611,238,792.0,537,799,27.5,21.0,0.510979228,0.703668862,1.263368984
1595,85.26,33.5138216,441,426,443.0,1239.0,1049.0,1112,622,249,685.0,474,757,27.0,29.5,0.53354232,0.846650525,1.060057197
1597,48.53,19.02832056,396,338,349.0,926.0,715.0,830,509,237,751.0,488,756,16.5,10.5,0.52849092,0.772138229,1.160839161
1594,80.73,31.77300699,475,451,408.0,1186.0,994.0,1129,615,227,708.0,478,773,28.5,44.5,0.535759097,0.838111298,1.135814889
1728,55.78,18.68060914,413,354,379.0,963.0,656.0,848,559,239,802.0,523,803,27.5,14.5,0.521412037,0.681204569,1.292682927
1715,66.44,22.58922728,415,396,401.0,1045.0,764.0,907,572,243,797.0,548,810,31.0,16.5,0.510787172,0.731100478,1.187172775
1701,68.25,23.58815802,440,398,405.0,1055.0,761.0,965,594,240,741.0,518,790,23.5,15.0,0.537330982,0.721327014,1.268068331
1590,70.98,28.07642103,454,418,393.0,1050.0,836.0,1015,617,235,704.0,485,746,28.0,34.5,0.544654088,0.796190476,1.214114833
1598,59.64,23.35522657,426,364,369.0,983.0,740.0,980,550,225,707.0,481,740,26.0,24.5,0.537546934,0.752797558,1.324324324
1674,54.88,19.58408094,392,352,357.0,936.0,612.0,831,568,232,774.0,519,755,22.0,13.0,0.521505376,0.653846154,1.357843137
1685,58.73,20.6852222,383,353,369.0,994.0,674.0,853,579,240,797.0,523,760,11.0,8.5,0.512759644,0.67806841,1.265578635
1604,51.02,19.8304115,392,333,334.0,917.0,715.0,854,537,234,752.0,493,715,14.5,13.5,0.532418953,0.779716467,1.194405594
1579,76.87,30.83135565,457,402,439.0,1139.0,794.0,989,678,243,681.0,482,753,33.5,40.0,0.531348955,0.697102722,1.24559194
1695,68.48,23.83550439,438,398,411.0,1083.0,771.0,960,620,235,786.0,525,783,24.5,23.0,0.515634218,0.711911357,1.245136187
1609,62.81,24.26144732,415,368,413.0,1046.0,678.0,927,628,235,718.0,498,752,11.0,10.0,0.525792418,0.648183556,1.367256637
1701,61.0,21.08245625,424,374,345.0,969.0,832.0,931,508,240,810.0,525,789,14.0,15.0,0.50617284,0.858617131,1.118990385
1684,56.01,19.75065024,406,346,367.0,976.0,672.0,837,544,239,784.0,530,779,27.5,13.0,0.520783848,0.68852459,1.245535714
1620,64.17,24.45130316,413,380,389.0,1030.0,751.0,943,596,233,726.0,490,765,18.0,21.0,0.538888889,0.729126214,1.255659121
1657,66.21,24.11451719,410,381,410.0,1052.0,754.0,921,584,229,782.0,518,770,34.0,23.0,0.508147254,0.716730038,1.221485411
1817,82.54,25.00084053,446,419,413.0,1113.0,878.0,1038,629,249,853.0,574,843,24.0,17.0,0.504678041,0.78885894,1.182232346
1681,70.98,25.11889717,397,385,425.0,1120.0,754.0,919,663,244,753.0,508,760,23.0,15.0,0.533016062,0.673214286,1.218832891
1595,61.68,24.24504476,409,367,379.0,998.0,690.0,913,592,240,709.0,494,734,32.0,22.0,0.54169279,0.691382766,1.323188406
1770,114.29,36.4805771,491,478,412.0,1195.0,1166.0,1275,748,273,843.0,555,880,35.0,36.5,0.502259887,0.975732218,1.09348199
1604,63.27,24.59173139,436,375,386.0,1030.0,747.0,899,616,246,718.0,483,753,16.5,14.0,0.529925187,0.725242718,1.203480589
1628,56.46,21.30257351,407,363,376.0,987.0,756.0,950,544,239,728.0,499,748,14.0,14.0,0.528255528,0.765957447,1.256613757
1612,59.41,22.86280317,426,376,375.0,1005.0,764.0,916,587,229,741.0,494,715,18.0,16.0,0.529776675,0.760199005,1.19895288
1620,53.74,20.47706142,399,359,352.0,918.0,647.0,869,513,231,726.0,488,740,16.0,11.5,0.539506173,0.704793028,1.343122102
1589,72.79,28.82862474,422,409,363.0,1096.0,950.0,1080,574,248,638.0,473,741,23.5,34.5,0.540591567,0.866788321,1.136842105
1613,64.85,24.92534887,426,374,398.0,1028.0,765.0,937,617,231,713.0,491,730,15.0,21.0,0.536887787,0.744163424,1.224836601
1739,99.55,32.91865636,501,484,441.0,1201.0,1060.0,1220,659,268,752.0,530,806,25.5,42.0,0.540540541,0.882597835,1.150943396
1691,68.48,23.94840183,427,379,377.0,1020.0,780.0,1034,559,254,782.0,528,805,15.0,9.5,0.519810763,0.764705882,1.325641026
1685,63.04,22.20324208,411,347,408.0,1063.0,674.0,921,599,245,768.0,510,757,20.0,10.0,0.538278932,0.634054563,1.366468843
1634,65.53,24.54347562,412,336,436.0,1067.0,771.0,922,612,243,769.0,522,771,24.0,14.5,0.515911873,0.722586692,1.195849546
1680,95.69,33.90376984,493,456,427.0,1155.0,954.0,1155,704,263,762.0,534,799,35.0,43.0,0.523809524,0.825974026,1.210691824
1720,72.56,24.52677123,430,382,398.0,1041.0,760.0,1019,601,229,776.0,528,782,22.0,15.0,0.531395349,0.730067243,1.340789474
1744,65.31,21.47270327,422,382,382.0,997.0,746.0,945,562,229,804.0,535,795,24.5,27.0,0.521215596,0.748244734,1.266756032
1739,61.68,20.39600929,430,374,351.0,941.0,739.0,925,538,266,805.0,542,811,15.0,7.0,0.523289247,0.78533475,1.251691475
1521,47.17,20.38954095,391,363,347.0,899.0,662.0,851,486,228,701.0,464,709,15.5,16.0,0.521367521,0.736373749,1.285498489
1719,87.07,29.46570192,477,414,434.0,1130.0,894.0,1172,657,252,787.0,537,825,29.0,33.0,0.520069808,0.791150442,1.310961969
1608,58.05,22.45071285,400,353,405.0,1034.0,814.0,841,621,230,724.0,484,752,24.0,14.5,0.531716418,0.787234043,1.033169533
1598,55.1,21.57734715,419,344,371.0,1002.0,779.0,898,542,219,697.0,478,732,22.5,11.5,0.538798498,0.77744511,1.152759949
1560,52.83,21.70857988,423,359,361.0,943.0,674.0,834,549,222,694.0,462,722,24.0,26.0,0.538461538,0.714740191,1.237388724
1586,60.54,24.06778098,409,375,395.0,1002.0,749.0,920,576,235,730.0,496,741,22.0,14.5,0.518915511,0.74750499,1.228304406
1709,87.98,30.1231117,459,388,493.0,1251.0,786.0,1010,743,261,754.0,517,801,37.5,27.0,0.531889994,0.628297362,1.284987277
1721,144.9,48.92227503,556,514,592.0,1545.0,1163.0,1365,950,281,755.0,533,811,46.0,45.5,0.546775131,0.752750809,1.173688736
1592,97.28,38.38286912,470,450,448.0,1291.0,1099.0,1206,680,250,672.0,477,750,45.0,53.5,0.528266332,0.851278079,1.097361237
1669,69.16,24.82803285,439,379,407.0,1066.0,833.0,936,638,254,774.0,519,819,19.5,15.0,0.524266028,0.781425891,1.12364946
1616,54.65,20.92702309,401,356,348.0,947.0,635.0,815,542,217,707.0,483,749,18.0,12.5,0.550123762,0.670538543,1.283464567
1689,80.05,28.0609285,458,386,435.0,1121.0,861.0,999,661,264,787.0,535,776,41.5,24.5,0.518058022,0.768064228,1.160278746
1779,65.99,20.8509685,432,381,414.0,1052.0,726.0,868,599,232,818.0,544,820,19.5,12.0,0.517144463,0.690114068,1.195592287
1524,92.06,39.63702372,488,460,455.0,1282.0,1075.0,1154,669,257,635.0,449,751,44.5,39.5,0.549212598,0.838533541,1.073488372
1552,51.47,21.3683375,395,332,379.0,972.0,677.0,868,543,231,685.0,471,713,18.5,10.5,0.532860825,0.696502058,1.282127031
1633,61.68,23.12980629,428,396,352.0,948.0,790.0,977,549,239,744.0,492,779,12.5,10.0,0.532761788,0.833333333,1.236708861
1551,66.67,27.71448798,431,408,419.0,1105.0,778.0,962,652,230,710.0,485,754,19.5,23.5,0.520309478,0.704072398,1.236503856
1664,55.33,19.98269346,413,352,361.0,966.0,696.0,864,537,240,777.0,517,749,14.0,12.5,0.524639423,0.720496894,1.24137931
1726,58.5,19.63696126,384,369,364.0,953.0,801.0,882,539,242,809.0,534,765,14.0,13.5,0.522595597,0.840503673,1.101123596
1565,85.26,34.81101165,471,476,402.0,1205.0,1139.0,1240,588,252,699.0,471,765,10.5,43.0,0.520766773,0.945228216,1.088674276
1515,48.53,21.14389657,386,323,360.0,953.0,649.0,760,545,240,666.0,459,721,22.5,7.5,0.542574257,0.681007345,1.171032357
1653,51.25,18.75634285,404,341,348.0,937.0,724.0,815,533,232,759.0,508,763,10.5,6.0,0.528130672,0.772678762,1.125690608
1639,52.38,19.49878663,395,365,366.0,930.0,712.0,841,543,230,745.0,494,759,12.5,9.5,0.525930445,0.765591398,1.181179775
1700,65.99,22.83391003,441,391,370.0,991.0,781.0,950,562,246,766.0,519,825,18.5,15.5,0.526470588,0.788092836,1.216389245
1617,65.76,25.15021863,446,375,390.0,1026.0,755.0,952,595,234,692.0,470,718,29.5,17.0,0.553494125,0.735867446,1.260927152
1570,54.88,22.26459491,418,349,385.0,1011.0,668.0,916,589,212,694.0,471,744,22.5,16.5,0.542675159,0.660731949,1.371257485
1685,62.36,21.96374011,412,387,416.0,1051.0,717.0,886,592,261,766.0,522,811,21.5,10.5,0.516913947,0.682207422,1.235704324
1605,55.78,21.65351656,420,373,360.0,954.0,706.0,884,544,239,698.0,483,754,18.5,12.5,0.54517134,0.740041929,1.252124646
1540,75.28,31.74228369,460,410,419.0,1102.0,958.0,1090,638,235,653.0,464,735,30.5,39.0,0.546753247,0.869328494,1.137787056
1660,53.74,19.5021048,416,339,361.0,953.0,700.0,831,520,238,727.0,482,739,13.5,6.5,0.551807229,0.73452256,1.187142857
1758,67.57,21.86332333,408,363,424.0,1101.0,853.0,875,611,243,814.0,546,783,14.5,15.0,0.529010239,0.774750227,1.025791325
1677,54.88,19.51407534,412,326,358.0,951.0,679.0,823,506,245,783.0,509,776,15.5,9.0,0.529516995,0.713985279,1.212076583
1644,61.45,22.73621989,393,367,383.0,1005.0,734.0,887,548,250,752.0,505,731,23.0,12.5,0.524939173,0.730348259,1.208446866
1684,47.17,16.63342567,384,334,328.0,839.0,706.0,804,468,235,774.0,490,772,6.5,5.5,0.534441805,0.84147795,1.138810198
1724,64.4,21.66762668,440,369,374.0,1012.0,813.0,927,586,244,819.0,549,799,24.0,17.0,0.513921114,0.803359684,1.140221402
1536,77.78,32.96746148,478,445,396.0,1130.0,981.0,1111,612,230,658.0,460,740,30.0,30.5,0.535807292,0.868141593,1.132517839
1612,78.68,30.27849442,446,392,433.0,1109.0,856.0,999,690,240,716.0,488,778,20.5,28.0,0.53101737,0.771866546,1.167056075
1629,68.71,25.89272626,418,382,406.0,1051.0,747.0,900,625,233,742.0,498,745,22.5,13.5,0.536525476,0.710751665,1.204819277
1635,58.96,22.05575662,408,356,380.0,998.0,701.0,865,553,233,737.0,490,752,23.5,17.0,0.535779817,0.70240481,1.233951498
1633,63.95,23.98104916,440,394,359.0,953.0,754.0,1019,545,235,755.0,502,798,19.0,28.0,0.516840171,0.791185729,1.351458886
1634,68.48,25.64836274,432,394,397.0,1064.0,763.0,957,610,252,766.0,528,773,12.0,24.0,0.525091799,0.717105263,1.254259502
1690,62.13,21.75344001,460,412,436.0,1131.0,877.0,1012,642,242,759.0,503,793,36.0,36.5,0.53964497,0.775419982,1.153933865
1550,55.56,23.12591051,400,354,375.0,952.0,731.0,877,489,241,722.0,492,759,9.5,7.5,0.514193548,0.767857143,1.199726402
1507,57.6,25.36272885,406,364,391.0,1008.0,704.0,899,579,214,694.0,477,731,30.0,24.5,0.519575315,0.698412698,1.276988636
1630,70.07,26.37284053,405,376,449.0,1139.0,672.0,902,668,242,704.0,494,732,23.0,16.0,0.553374233,0.58999122,1.342261905
1570,89.12,36.15562497,478,475,479.0,1264.0,1047.0,1179,684,234,735.0,504,752,35.5,35.0,0.515923567,0.828322785,1.126074499
1534,55.1,23.41536218,402,346,354.0,936.0,712.0,911,532,235,706.0,466,712,25.0,10.5,0.522164276,0.760683761,1.279494382
1718,99.09,33.57248662,497,455,459.0,1258.0,923.0,1194,728,260,809.0,540,839,36.0,44.5,0.520954598,0.733704293,1.293607801
1750,68.48,22.36081633,444,375,408.0,1062.0,804.0,926,599,245,805.0,539,806,24.0,13.0,0.526285714,0.757062147,1.151741294
1564,54.65,22.3417233,395,368,354.0,968.0,762.0,845,545,235,710.0,481,710,18.0,11.0,0.52685422,0.787190083,1.108923885
1701,94.33,32.6017721,512,470,416.0,1202.0,1013.0,1167,655,250,806.0,546,836,42.0,27.0,0.495002939,0.842762063,1.152023692
1598,67.8,26.55071029,423,425,425.0,1090.0,879.0,1017,609,241,714.0,485,759,23.5,20.0,0.528785982,0.806422018,1.156996587
1774,72.56,23.05632276,430,380,391.0,1031.0,800.0,969,600,239,832.0,550,829,26.5,22.5,0.515219842,0.775945684,1.21125
1656,70.52,25.71530257,437,396,397.0,1054.0,820.0,1042,586,233,760.0,510,777,17.0,36.5,0.518719807,0.777988615,1.270731707
1648,57.14,21.03903525,391,555,380.0,980.0,706.0,894,535,225,765.0,505,770,27.0,30.5,0.521237864,0.720408163,1.266288952
1673,54.88,19.60749987,411,349,363.0,973.0,735.0,853,546,225,768.0,500,740,14.5,9.0,0.534967125,0.755395683,1.160544218
1714,55.1,18.75555689,411,335,375.0,989.0,673.0,835,543,234,802.0,522,809,17.5,11.0,0.522170362,0.680485339,1.240713224
1669,114.06,40.94686851,516,463,504.0,1388.0,1154.0,1217,765,261,733.0,510,800,45.0,46.5,0.542240863,0.831412104,1.054592721
1740,67.8,22.39397543,452,363,366.0,1025.0,779.0,916,582,245,756.0,545,815,14.5,10.5,0.523563218,0.76,1.175866496
1689,60.77,21.30246877,419,356,374.0,988.0,712.0,917,548,230,761.0,511,785,23.5,13.0,0.532267614,0.720647773,1.287921348
1774,89.12,28.31835011,472,423,425.0,1105.0,911.0,1060,662,258,824.0,547,822,38.5,41.0,0.51578354,0.824434389,1.163556531
1675,68.03,24.24771664,425,375,416.0,1073.0,761.0,919,603,236,787.0,533,774,31.0,17.5,0.514626866,0.709226468,1.207621551
1635,71.88,26.88887018,445,380,400.0,1049.0,854.0,1039,597,239,778.0,510,787,26.0,26.5,0.520489297,0.814108675,1.216627635
1637,77.1,28.77113662,438,404,460.0,1135.0,824.0,1028,668,246,709.0,489,769,26.5,20.0,0.537568723,0.725991189,1.247572816
1553,50.11,20.77693549,389,355,336.0,880.0,614.0,858,500,224,721.0,570,708,13.5,15.0,0.528010303,0.697727273,1.397394137
1752,101.81,33.16822522,484,455,487.0,1259.0,1015.0,1176,741,267,762.0,531,825,35.5,30.0,0.538812785,0.806195393,1.15862069
1583,52.61,20.99454525,393,331,370.0,934.0,681.0,904,523,232,730.0,478,741,16.0,12.5,0.514213519,0.729122056,1.327459618
1617,90.02,34.42856875,493,452,434.0,1178.0,944.0,1170,709,248,730.0,496,795,52.0,51.0,0.521335807,0.801358234,1.23940678
1556,78.68,32.49714184,460,395,431.0,1161.0,849.0,1074,705,239,716.0,489,776,45.0,39.0,0.530205656,0.73126615,1.265017668
1624,61.22,23.21246572,415,374,382.0,999.0,731.0,908,591,233,727.0,491,742,26.0,15.5,0.528940887,0.731731732,1.242134063
1659,78.68,28.58719731,448,399,470.0,1184.0,872.0,1006,648,248,752.0,517,783,38.5,33.5,0.526823388,0.736486486,1.153669725
1642,87.3,32.37933598,464,425,448.0,1172.0,1039.0,1080,674,241,730.0,506,769,38.0,31.5,0.52679659,0.886518771,1.03946102
1711,82.77,28.2730679,431,392,477.0,1198.0,807.0,1000,669,248,796.0,533,803,35.0,25.5,0.52893045,0.673622705,1.239157373
1660,59.18,21.47626651,399,377,369.0,968.0,741.0,913,571,243,797.0,520,768,14.0,12.5,0.513855422,0.765495868,1.232118758
1578,72.56,29.13957923,438,416,402.0,1052.0,880.0,995,648,248,728.0,502,772,27.0,21.0,0.522179975,0.836501901,1.130681818
1624,66.21,25.1044978,411,389,390.0,1024.0,774.0,955,587,227,727.0,484,754,29.0,24.0,0.534482759,0.755859375,1.233850129
1590,53.97,21.34804794,386,366,383.0,964.0,655.0,822,544,234,730.0,489,741,11.0,6.5,0.536477987,0.679460581,1.254961832
1625,55.33,20.95337278,407,341,380.0,984.0,680.0,832,567,233,746.0,494,776,16.0,10.0,0.528,0.691056911,1.223529412
1685,61.68,21.72423813,434,368,386.0,1041.0,735.0,884,585,236,788.0,526,809,23.5,13.5,0.516320475,0.706051873,1.202721088
1611,57.82,22.27855437,412,372,353.0,959.0,724.0,916,520,224,745.0,489,752,23.5,22.5,0.525760397,0.754953076,1.26519337
1619,60.32,23.01270315,424,361,373.0,982.0,719.0,884,578,236,743.0,491,753,31.0,25.0,0.536751081,0.732179226,1.229485396
1729,146.49,49.00247237,532,529,567.0,1527.0,1191.0,1322,911,294,786.0,545,851,51.0,51.0,0.526894158,0.779960707,1.109991604
1574,52.61,21.23532175,397,339,356.0,942.0,706.0,832,507,221,703.0,477,720,24.5,12.0,0.527318933,0.749469214,1.178470255
1610,55.1,21.25689595,413,349,355.0,952.0,662.0,873,527,229,732.0,503,770,21.5,13.0,0.531677019,0.695378151,1.318731118
1557,44.22,18.24070052,383,303,342.0,881.0,574.0,758,474,221,692.0,470,725,12.0,6.0,0.549132948,0.65153235,1.320557491
1630,44.22,16.64345666,374,321,344.0,868.0,603.0,784,482,219,766.0,495,754,12.0,8.0,0.523312883,0.694700461,1.300165837
1770,70.29,22.43608159,425,404,392.0,1028.0,768.0,935,586,246,837.0,551,832,26.0,20.0,0.512429379,0.747081712,1.217447917
1734,58.73,19.53267907,389,347,406.0,999.0,718.0,865,570,240,810.0,529,801,21.0,14.0,0.525374856,0.718718719,1.204735376
1578,56.69,22.76630025,400,351,375.0,955.0,714.0,867,561,232,705.0,477,713,24.5,14.5,0.538022814,0.747643979,1.214285714
1692,66.67,23.28786837,425,385,410.0,1023.0,811.0,904,592,234,766.0,500,779,28.0,23.0,0.530732861,0.792766373,1.114673243
1604,68.25,26.52735369,421,375,415.0,1091.0,784.0,938,646,247,726.0,500,774,26.0,11.0,0.518703242,0.718606783,1.196428571
1695,64.17,22.33534341,443,368,365.0,986.0,765.0,882,583,241,781.0,510,785,16.5,13.0,0.527433628,0.775862069,1.152941176
1756,63.72,20.66458767,418,375,381.0,982.0,711.0,874,572,235,813.0,550,796,18.0,11.0,0.525626424,0.724032587,1.229254571
1612,66.89,25.74133823,437,379,416.0,1038.0,751.0,969,578,241,759.0,510,794,26.5,20.0,0.509925558,0.723506744,1.290279627
1586,63.95,25.42343233,416,358,375.0,1000.0,784.0,969,575,238,738.0,499,763,28.0,16.0,0.513240858,0.784,1.235969388
1665,59.18,21.3474736,418,376,347.0,924.0,683.0,940,509,263,795.0,526,811,17.0,19.0,0.513513514,0.739177489,1.376281113
1585,46.03,18.32240345,389,341,356.0,943.0,716.0,785,513,223,730.0,495,725,20.0,9.0,0.524921136,0.759278897,1.096368715
1726,73.02,24.51095575,448,388,426.0,1095.0,754.0,892,603,257,764.0,529,818,34.5,19.0,0.545191194,0.688584475,1.183023873
1615,82.09,31.47351168,452,398,455.0,1154.0,817.0,966,717,252,753.0,513,780,41.0,18.0,0.523219814,0.70797227,1.182374541
1686,80.05,28.1608783,433,410,429.0,1149.0,949.0,1070,629,255,770.0,531,815,32.5,30.0,0.511269276,0.825935596,1.127502634
1643,71.2,26.37575298,416,391,454.0,1146.0,835.0,984,636,237,742.0,509,783,27.0,24.0,0.521606817,0.728621291,1.178443114
1508,56.01,24.62991367,413,371,360.0,949.0,802.0,970,535,227,667.0,466,710,25.5,29.0,0.531830239,0.845100105,1.209476309
1691,61.45,21.48991373,418,379,396.0,991.0,704.0,862,597,243,775.0,512,782,24.0,15.5,0.528681254,0.710393542,1.224431818
1753,61.68,20.07153249,412,373,375.0,972.0,671.0,844,555,242,812.0,539,842,20.5,16.5,0.522532801,0.690329218,1.257824143
1677,75.28,26.76784971,429,401,421.0,1076.0,861.0,1062,604,256,781.0,526,805,25.0,24.0,0.51639833,0.800185874,1.233449477
1629,79.82,30.07942672,433,427,426.0,1173.0,848.0,1038,677,246,730.0,504,774,29.0,21.0,0.529158993,0.722932651,1.224056604
1248,59.86,38.43328813,407,343,379.0,991.0,670.0,870,582,250,744.0,505,756,12.0,10.0,0.721955128,0.676084763,1.298507463
1539,62.13,26.23155969,405,385,401.0,1044.0,745.0,907,592,230,686.0,475,721,41.0,31.0,0.541910331,0.713601533,1.217449664
1763,61.45,19.77048224,420,377,375.0,979.0,788.0,861,566,255,813.0,534,800,20.0,9.0,0.536018151,0.804902962,1.092639594
1709,61.68,21.11836246,401,355,400.0,1027.0,702.0,849,598,252,794.0,538,799,19.0,12.0,0.533645407,0.683544304,1.209401709
1604,60.54,23.53063725,394,327,416.0,1037.0,693.0,822,586,243,742.0,493,725,28.5,12.5,0.534289277,0.668273867,1.186147186
1644,83.67,30.9575186,459,428,438.0,1154.0,892.0,1052,702,254,718.0,498,764,37.5,37.0,0.5486618,0.772963605,1.179372197
1501,71.88,31.90411367,433,406,403.0,1136.0,893.0,1142,589,234,673.0,480,722,26.0,27.0,0.528314457,0.786091549,1.278835386
1692,57.37,20.03937316,418,343,378.0,977.0,740.0,876,550,231,781.0,518,784,24.5,7.5,0.518321513,0.757420676,1.183783784
1635,50.2,18.77881585,404,350,353.0,920.0,743.0,843,530,225,784.0,510,762,21.0,12.0,0.517431193,0.807608696,1.134589502
1626,62.13,23.49958924,426,376,380.0,1008.0,720.0,869,559,237,724.0,482,752,24.5,13.0,0.549200492,0.714285714,1.206944444
1650,57.82,21.23783287,395,371,368.0,968.0,751.0,929,557,224,781.0,506,766,28.0,14.0,0.513939394,0.775826446,1.23701731
1662,129.71,46.95819776,514,549,513.0,1448.0,1241.0,1374,844,274,750.0,540,847,52.5,56.0,0.509025271,0.857044199,1.107171636
1725,87.98,29.56689771,438,434,469.0,1189.0,939.0,1086,687,260,824.0,543,825,34.0,31.5,0.506666667,0.789739277,1.156549521
1609,56.92,21.98633309,395,354,390.0,985.0,692.0,900,567,233,759.0,509,768,19.0,13.5,0.518955873,0.702538071,1.300578035
1586,82.09,32.63502049,452,422,436.0,1157.0,912.0,1131,665,243,726.0,489,741,36.5,37.0,0.525851198,0.788245462,1.240131579
1774,71.66,22.77034301,462,389,404.0,1098.0,740.0,928,608,248,796.0,550,855,22.0,13.5,0.537204059,0.673952641,1.254054054
1550,51.47,21.42351717,393,348,365.0,972.0,670.0,839,518,222,710.0,471,737,22.0,11.5,0.521290323,0.689300412,1.252238806
1713,63.72,21.71506038,413,401,357.0,966.0,720.0,920,531,247,798.0,518,817,24.5,13.5,0.0,0.745341615,1.277777778
1704,63.72,21.94505059,399,370,402.0,1032.0,700.0,848,598,251,785.0,512,779,16.0,7.0,0.534624413,0.678294574,1.211428571
1742,64.85,21.37045058,417,388,390.0,1015.0,732.0,871,594,246,859.0,550,839,21.0,9.0,0.5,0.721182266,1.18989071
1665,56.46,20.36631226,397,348,343.0,925.0,664.0,879,529,250,758.0,497,764,13.0,7.5,0.535135135,0.717837838,1.323795181
1706,104.76,35.99460699,485,501,472.0,1263.0,1024.0,1185,750,252,755.0,537,811,44.5,49.0,0.515240328,0.810768013,1.157226563
1669,68.48,24.58391685,433,380,412.0,1065.0,819.0,952,611,235,765.0,509,771,32.0,19.0,0.527860995,0.769014085,1.162393162
1638,67.8,25.26980549,414,390,433.0,1089.0,806.0,936,637,230,709.0,476,760,29.0,21.0,0.551892552,0.740128558,1.161290323
1608,65.76,25.4325388,404,364,379.0,1008.0,852.0,1007,570,239,711.0,487,745,24.0,23.5,0.541044776,0.845238095,1.181924883
1569,47.62,19.34387619,372,328,345.0,900.0,614.0,819,506,245,721.0,472,740,14.5,12.0,0.537284895,0.682222222,1.333876221
1631,61.68,23.18656653,414,344,418.0,1087.0,753.0,904,630,233,740.0,501,755,22.0,13.0,0.529736358,0.692732291,1.200531208
1738,64.17,21.24381423,429,361,409.0,1031.0,679.0,896,574,239,806.0,538,808,19.0,11.0,0.524165708,0.658583899,1.319587629
1710,58.96,20.1634691,412,356,350.0,960.0,768.0,889,533,241,802.0,533,816,14.0,7.5,0.516959064,0.8,1.157552083
1728,91.38,30.60297711,468,411,489.0,1222.0,935.0,1095,724,245,789.0,528,815,29.0,24.5,0.520833333,0.765139116,1.171122995
1606,59.41,23.03395269,415,369,375.0,993.0,744.0,934,553,239,709.0,487,747,26.0,18.0,0.547945205,0.749244713,1.255376344
1628,100.68,37.98694831,484,468,478.0,1262.0,1028.0,1161,757,257,703.0,495,749,40.0,32.5,0.552211302,0.814580032,1.129377432
1683,62.59,22.09717319,398,345,385.0,1040.0,714.0,961,568,240,805.0,533,803,21.0,10.5,0.502673797,0.686538462,1.345938375
1589,48.98,19.39862673,368,350,369.0,938.0,652.0,803,544,224,740.0,489,728,14.0,11.5,0.525487728,0.695095949,1.231595092
1567,52.61,21.4254676,393,346,350.0,950.0,713.0,897,541,214,742.0,496,741,22.0,14.0,0.511805999,0.750526316,1.258064516
1621,60.09,22.86842076,416,372,375.0,995.0,721.0,918,561,233,722.0,496,767,27.0,13.0,0.528685996,0.724623116,1.273231623
1633,64.17,24.06354847,404,355,403.0,1035.0,770.0,910,584,234,759.0,517,790,24.0,15.5,0.500918555,0.743961353,1.181818182
1700,56.46,19.53633218,412,359,357.0,956.0,684.0,868,533,238,791.0,511,776,18.0,14.5,0.532352941,0.715481172,1.269005848
1830,74.6,22.27597121,445,407,397.0,1044.0,732.0,959,614,261,895.0,592,879,12.5,8.0,0.508196721,0.701149425,1.31010929
1621,51.25,19.50418645,399,346,338.0,900.0,640.0,818,525,234,755.0,499,746,20.0,8.0,0.528685996,0.711111111,1.278125
1643,88.44,32.76224148,375,434,403.0,1154.0,994.0,1161,647,252,746.0,511,808,22.0,30.5,0.528301887,0.86135182,1.168008048
1657,64.17,23.37152345,404,353,415.0,1067.0,770.0,905,619,243,770.0,513,767,19.0,14.0,0.518406759,0.721649485,1.175324675
1622,59.18,22.49434031,449,363,376.0,981.0,676.0,912,514,239,760.0,496,781,22.5,15.0,0.51972873,0.689092762,1.349112426
1653,90.7,33.19415212,439,454,482.0,1265.0,940.0,1142,681,248,723.0,496,784,41.5,43.5,0.531760436,0.743083004,1.214893617
1686,58.28,20.50238585,406,358,353.0,959.0,745.0,846,541,244,795.0,531,796,11.0,9.0,0.521945433,0.776850886,1.13557047
1627,145.35,54.90854431,568,547,557.0,1604.0,1351.0,1423,856,244,770.0,517,814,41.5,55.0,0.559926245,0.842269327,1.053293856
1623,69.61,26.42619249,419,371,431.0,1070.0,783.0,974,642,237,768.0,517,775,31.5,31.0,0.512014787,0.731775701,1.243933589
1499,57.37,25.53180884,409,362,390.0,1029.0,689.0,955,602,215,666.0,445,702,31.0,28.0,0.535023349,0.669582119,1.386066763
1666,55.56,20.01761089,387,342,384.0,987.0,685.0,866,556,233,773.0,522,763,13.0,11.0,0.533013205,0.69402229,1.264233577
1618,52.83,20.18011218,390,343,346.0,924.0,650.0,794,533,230,742.0,575,753,15.0,16.5,0.529048208,0.703463203,1.221538462
1604,60.32,23.44512783,412,392,384.0,1007.0,691.0,895,597,240,709.0,470,758,26.0,15.0,0.546134663,0.686196624,1.295224313
1625,69.61,26.36118343,414,376,410.0,1059.0,880.0,959,611,249,725.0,498,756,20.0,28.0,0.540307692,0.830972616,1.089772727
1564,48.98,20.02374396,382,327,363.0,924.0,629.0,826,518,215,706.0,483,710,16.0,7.5,0.531329923,0.680735931,1.313195548
1635,144.67,54.11815317,541,606,542.0,1572.0,1364.0,1444,793,298,691.0,513,797,44.0,56.5,0.531498471,0.867684478,1.058651026
1775,73.7,23.39218409,440,388,421.0,1087.0,800.0,965,641,252,837.0,565,844,23.0,14.5,0.511549296,0.735970561,1.20625
1758,53.74,17.38841195,398,389,371.0,955.0,620.0,840,533,228,803.0,520,793,21.0,11.0,0.53185438,0.64921466,1.35483871
1827,73.7,22.07955891,419,386,417.0,1045.0,710.0,931,596,249,854.0,570,814,18.5,16.5,0.513957307,0.679425837,1.311267606
1551,66.89,27.80594122,412,388,382.0,1012.0,859.0,1007,604,224,698.0,472,740,24.5,22.5,0.531270148,0.848814229,1.172293364
1654,60.77,22.2135631,421,362,380.0,971.0,721.0,940,574,238,752.0,512,778,27.0,12.0,0.516324063,0.742533471,1.303744799
1731,68.48,22.85438904,418,370,401.0,1049.0,771.0,964,602,232,806.0,537,793,24.5,19.0,0.514731369,0.734985701,1.250324254
1676,68.48,24.37899078,443,392,415.0,1081.0,861.0,983,608,233,746.0,514,783,29.5,16.5,0.534009547,0.796484736,1.141695703
1569,76.87,31.22561451,450,408,409.0,1094.0,884.0,1076,639,243,701.0,494,734,25.0,24.5,0.518801785,0.808043876,1.21719457
1661,61.22,22.18983436,415,385,366.0,967.0,741.0,893,579,244,771.0,512,795,16.5,15.0,0.523178808,0.766287487,1.205128205
1676,52.61,18.72924511,395,346,373.0,959.0,682.0,838,503,227,791.0,526,795,10.0,6.5,0.509546539,0.711157456,1.228739003
1633,78.68,29.5047529,433,404,445.0,1132.0,852.0,1039,683,242,731.0,514,795,27.5,23.0,0.527250459,0.752650177,1.219483568
1732,76.87,25.62483666,431,379,442.0,1146.0,827.0,981,655,242,774.0,515,801,24.5,23.0,0.528290993,0.721640489,1.186215236
1624,58.73,22.26834551,411,368,372.0,987.0,759.0,882,590,236,722.0,494,765,25.0,17.5,0.533866995,0.76899696,1.162055336
1675,66.89,23.84139006,439,409,374.0,988.0,835.0,971,536,241,792.0,520,826,27.0,36.0,0.497910448,0.8451417,1.162874251
1695,109.52,38.12009989,498,480,494.0,1319.0,975.0,1123,793,262,749.0,516,812,45.5,36.0,0.543362832,0.739196361,1.151794872
1709,60.54,20.72804254,397,366,370.0,996.0,701.0,847,570,243,793.0,526,790,22.0,10.5,0.527208894,0.703815261,1.208273894
1683,76.87,27.13867556,450,394,435.0,1110.0,858.0,975,644,239,795.0,526,824,35.0,32.0,0.499108734,0.772972973,1.136363636
1556,69.84,28.84596322,446,387,400.0,1072.0,849.0,1009,639,240,709.0,482,736,28.5,22.0,0.53277635,0.791977612,1.188457008
1712,68.93,23.51802013,427,387,400.0,1025.0,806.0,956,587,248,784.0,520,819,20.0,16.0,0.534462617,0.786341463,1.186104218
1675,68.03,24.24771664,451,380,389.0,1011.0,819.0,952,592,249,751.0,514,792,22.0,18.5,0.545671642,0.810089021,1.162393162
1735,62.13,20.63965318,429,369,357.0,962.0,746.0,952,529,242,812.0,528,795,16.0,13.0,0.523919308,0.775467775,1.27613941
1730,70.29,23.48558255,432,360,442.0,1134.0,747.0,890,619,244,752.0,503,802,22.5,11.5,0.547976879,0.658730159,1.191432396
1709,61.22,20.96086495,422,360,379.0,980.0,746.0,892,549,247,776.0,519,796,12.0,11.0,0.540081919,0.76122449,1.195710456
1537,82.31,34.84214363,458,422,494.0,1199.0,895.0,1108,700,242,686.0,477,780,28.5,22.5,0.514638907,0.746455379,1.237988827
1695,63.72,22.17871407,418,361,416.0,1052.0,717.0,845,607,240,744.0,499,782,16.0,11.0,0.549852507,0.681558935,1.178521618
1619,71.88,27.42296257,449,382,411.0,1061.0,791.0,980,615,249,716.0,493,783,27.0,16.5,0.53304509,0.745523091,1.238938053
1728,61.22,20.50245413,437,352,364.0,972.0,763.0,872,552,257,844.0,545,813,10.0,7.0,0.512152778,0.784979424,1.142857143
1631,68.71,25.82926372,422,400,411.0,1040.0,795.0,1010,590,262,748.0,522,803,30.1,25.5,0.522378909,0.764423077,1.270440252
1698,65.99,22.88773184,430,386,436.0,1078.0,730.0,919,611,243,803.0,545,808,27.3,15.1,0.512367491,0.677179963,1.25890411
1488,52.61,23.76087553,392,350,406.0,993.0,695.0,828,575,220,661.0,447,688,26.5,27.3,0.540994624,0.699899295,1.191366906
1755,64.4,20.90892119,440,390,391.0,1002.0,750.0,931,584,240,813.0,539,828,12.8,19.5,0.531054131,0.748502994,1.241333333
1577,56.92,22.88766587,414,338,400.0,1007.0,669.0,820,585,235,723.0,498,768,26.0,8.0,0.514901712,0.664349553,1.225710015
1660,108.84,39.49775004,506,483,484.0,1357.0,1110.0,1275,728,262,742.0,510,810,46.0,50.0,0.537349398,0.81798084,1.148648649
1540,77.78,32.79642435,456,423,454.0,1155.0,902.0,1114,682,235,680.0,480,725,39.0,32.0,0.537012987,0.780952381,1.235033259
1685,118.59,41.76844033,488,470,531.0,1462.0,1169.0,1205,804,293,775.0,534,824,35.5,42.5,0.510385757,0.799589603,1.030795552
1773,81.63,25.96763065,451,432,416.0,1115.0,806.0,1006,625,252,837.0,554,864,17.0,25.0,0.525098703,0.722869955,1.248138958
1696,65.08,22.62537825,422,381,403.0,1026.0,740.0,889,569,243,762.0,514,794,19.5,14.0,0.533018868,0.721247563,1.201351351
1544,50.34,21.11633869,375,357,394.0,933.0,620.0,867,539,224,712.0,484,717,21.0,16.0,0.529792746,0.664523044,1.398387097
1603,66.67,25.9455816,425,367,427.0,1065.0,734.0,924,625,239,737.0,490,761,24.2,26.1,0.538989395,0.689201878,1.258855586
1757,67.35,21.81695205,425,377,411.0,1070.0,737.0,843,620,261,842.0,559,813,26.0,13.0,0.516220831,0.688785047,1.143826323
1688,68.25,23.95288179,430,388,422.0,1045.0,889.0,925,585,252,783.0,512,811,20.5,13.5,0.53021327,0.850717703,1.040494938
1633,48.3,18.11234831,389,339,363.0,914.0,679.0,830,512,222,728.0,476,727,20.0,10.0,0.546233925,0.742888403,1.222385862
1684,71.88,25.34684413,439,395,428.0,1084.0,820.0,964,635,242,805.0,530,833,24.0,19.0,0.516627078,0.756457565,1.175609756
1602,56.69,22.08927355,411,361,379.0,987.0,662.0,871,572,242,726.0,487,717,17.0,10.0,0.528714107,0.670719352,1.31570997
1620,69.16,26.35269014,444,399,383.0,1034.0,788.0,988,578,255,725.0,497,752,11.0,21.0,0.541358025,0.762088975,1.253807107
1688,58.28,20.45383078,409,360,371.0,959.0,674.0,874,547,230,794.0,529,817,12.0,6.0,0.521327014,0.702815433,1.296735905
1611,65.08,25.0758962,388,365,415.0,1050.0,783.0,945,617,233,747.0,506,747,30.0,25.0,0.519553073,0.745714286,1.206896552
1616,53.29,20.40624081,408,335,351.0,921.0,640.0,849,557,232,761.0,506,776,17.5,12.5,0.525371287,0.694896851,1.3265625
1653,61.9,22.65400238,429,376,402.0,994.0,791.0,866,589,231,758.0,511,780,22.0,13.0,0.525710829,0.795774648,1.094816688
1656,101.81,37.12528297,451,430,502.0,1374.0,1012.0,1171,755,242,763.0,553,818,31.0,34.0,0.503623188,0.736535662,1.157114625
1732,63.95,21.31791732,416,404,376.0,994.0,724.0,930,562,247,811.0,539,813,11.0,11.0,0.519053118,0.728370221,1.284530387
1659,59.86,21.74923273,402,357,415.0,1035.0,687.0,896,581,255,762.0,509,760,17.5,11.0,0.518384569,0.663768116,1.304221252
1705,53.51,18.40713444,418,355,364.0,929.0,704.0,830,521,250,812.0,534,818,8.0,6.0,0.51085044,0.75780409,1.178977273
1677,56.69,20.15767003,411,358,377.0,967.0,719.0,834,551,246,805.0,529,791,19.0,11.0,0.510435301,0.743536711,1.159944367
1760,73.92,23.86363636,436,377,435.0,1065.0,755.0,949,639,266,825.0,553,815,21.0,17.5,0.511363636,0.708920188,1.256953642
1671,96.15,34.43470675,456,461,541.0,1280.0,959.0,1085,718,268,802.0,527,808,35.5,36.0,0.503889886,0.74921875,1.131386861
1637,66.89,24.96110672,475,420,382.0,1015.0,735.0,939,605,237,790.0,524,823,12.0,9.0,0.514966402,0.724137931,1.27755102
1599,61.22,23.94398313,434,387,382.0,985.0,820.0,944,576,225,717.0,490,749,13.5,19.0,0.540963102,0.83248731,1.151219512
1738,55.33,18.31728598,380,381,409.0,972.0,758.0,854,524,239,833.0,553,817,22.0,9.0,0.508055236,0.779835391,1.126649077
1674,55.1,19.66258855,397,390,386.0,930.0,628.0,852,532,242,792.0,520,791,13.5,8.0,0.521505376,0.675268817,1.356687898
1642,56.24,20.85926524,414,366,375.0,996.0,711.0,818,552,234,736.0,500,771,11.0,15.0,0.53227771,0.713855422,1.150492264
1680,56.46,20.0042517,404,355,354.0,930.0,689.0,845,526,247,812.0,545,820,6.0,5.0,0.508333333,0.740860215,1.226415094
1545,51.47,21.56240509,408,359,375.0,1000.0,625.0,825,555,221,699.0,477,736,13.0,16.0,0.536569579,0.625,1.32
1523,63.95,27.57025241,440,424,404.0,1056.0,788.0,985,621,236,669.0,470,710,39.0,24.0,0.534471438,0.746212121,1.25
1573,53.29,21.53715209,427,391,378.0,947.0,717.0,898,557,206,728.0,480,717,21.0,20.0,0.537190083,0.757127772,1.252440725
1680,56.69,20.08574263,458,378,365.0,958.0,642.0,868,542,244,762.0,511,780,21.0,10.0,0.535714286,0.670146138,1.352024922
1695,61.68,21.46866108,429,398,356.0,937.0,700.0,966,535,235,798.0,539,778,14.0,15.0,0.522713864,0.747065101,1.38
1668,66.89,24.04191755,458,382,383.0,1003.0,743.0,947,590,255,768.0,535,790,26.0,28.0,0.524580336,0.740777667,1.274562584
1772,63.49,20.21984825,439,367,395.0,998.0,732.0,908,557,250,870.0,552,833,12.0,10.0,0.507900677,0.733466934,1.240437158
1654,50.34,18.40103286,400,361,367.0,938.0,625.0,812,511,228,738.0,505,764,11.0,6.0,0.548972189,0.666311301,1.2992
1562,48.07,19.70207931,379,324,348.0,920.0,643.0,833,531,205,707.0,464,724,16.0,11.0,0.542253521,0.698913043,1.295489891
1687,56.92,20.00021785,411,349,375.0,972.0,698.0,834,540,267,810.0,518,816,8.0,6.0,0.516893894,0.718106996,1.194842407
1642,71.88,26.66009931,427,397,440.0,1122.0,775.0,967,642,246,742.0,507,747,20.0,15.0,0.536540804,0.690730838,1.247741935
1774,68.93,21.90287111,459,391,384.0,1015.0,721.0,938,570,240,833.0,560,832,26.0,20.0,0.521984216,0.710344828,1.300970874
1535,47.62,20.21029401,389,333,347.0,907.0,620.0,837,482,221,667.0,463,707,18.0,9.0,0.54723127,0.683572216,1.35
1667,60.09,21.62374964,451,399,396.0,1029.0,724.0,869,577,234,758.0,507,802,14.0,15.0,0.525494901,0.703595724,1.200276243
1640,52.15,19.3895003,400,405,368.0,942.0,691.0,860,517,208,717.0,481,711,21.0,19.0,0.554878049,0.733545648,1.244573082
1601,58.05,22.64746307,424,369,394.0,1025.0,711.0,848,579,231,724.0,504,771,14.0,9.0,0.532792005,0.693658537,1.192686357
1586,71.2,28.30568229,439,399,394.0,1067.0,797.0,993,615,242,728.0,499,782,26.0,28.0,0.508827238,0.746954077,1.245922208
1656,60.09,21.91197578,439,383,356.0,967.0,770.0,962,516,221,763.0,514,771,8.0,15.0,0.512681159,0.796277146,1.249350649
1681,57.6,20.38388951,433,355,397.0,1010.0,702.0,885,567,227,773.0,506,766,22.0,22.0,0.533610946,0.695049505,1.260683761
1758,70.98,22.96668181,451,407,384.0,985.0,816.0,984,562,252,806.0,559,805,24.0,28.0,0.525028441,0.828426396,1.205882353
1517,54.2,23.55201802,394,338,371.0,963.0,731.0,836,558,225,674.0,476,729,16.0,13.0,0.541199736,0.759086189,1.143638851
1753,66.44,21.6205029,393,378,391.0,1044.0,740.0,912,572,259,799.0,549,789,23.5,18.5,0.518539646,0.708812261,1.232432432
1611,49.66,19.13443462,396,341,361.0,941.0,617.0,812,510,230,711.0,477,769,15.0,9.0,0.540037244,0.655685441,1.316045381
1696,67.57,23.49103885,432,375,366.0,1012.0,804.0,938,562,227,739.0,505,768,21.5,20.0,0.54245283,0.794466403,1.166666667
1704,63.95,22.02426216,426,363,376.0,990.0,724.0,845,587,264,785.0,529,812,12.5,8.0,0.533450704,0.731313131,1.167127072
1620,63.95,24.36747447,435,396,401.0,1052.0,754.0,933,601,228,760.0,495,766,23.0,23.0,0.528395062,0.716730038,1.237400531
1558,57.6,23.72944478,408,356,389.0,999.0,660.0,850,560,226,712.0,471,722,15.0,10.0,0.540436457,0.660660661,1.287878788
1615,61.9,23.73261509,423,415,401.0,1018.0,699.0,910,591,230,754.0,512,781,25.0,16.0,0.525077399,0.686640472,1.3018598
1763,75.28,24.22004724,454,393,401.0,1057.0,888.0,1030,591,242,850.0,551,828,25.0,22.0,0.511627907,0.840113529,1.15990991
1611,51.7,19.92046456,407,338,404.0,963.0,693.0,860,523,231,695.0,483,767,12.0,9.0,0.548106766,0.719626168,1.240981241
1637,66.21,24.70735351,431,385,407.0,1068.0,768.0,880,626,247,753.0,529,784,20.0,19.0,0.524740379,0.719101124,1.145833333
1577,64.17,25.80290792,455,455,335.0,933.0,888.0,963,552,240,689.0,477,737,23.0,30.0,0.536461636,0.951768489,1.084459459
1604,65.31,25.38463691,446,390,379.0,1006.0,790.0,910,611,247,726.0,500,741,22.0,25.0,0.541147132,0.78528827,1.151898734
1614,82.09,31.5125244,496,379,489.0,1278.0,964.0,1117,634,238,738.0,507,786,25.0,21.0,0.513011152,0.754303599,1.158713693
1675,59.64,21.25729561,409,372,408.0,1013.0,724.0,895,557,222,775.0,523,795,15.0,17.0,0.51641791,0.714708786,1.236187845
1708,82.54,28.29363404,433,409,467.0,1163.0,880.0,1015,698,272,800.0,537,802,26.0,28.0,0.517564403,0.756663801,1.153409091
1768,70.98,22.70761246,439,398,400.0,1046.0,782.0,938,597,252,790.0,531,809,19.0,13.0,0.551470588,0.747609943,1.199488491
1649,59.64,21.93291338,406,366,346.0,918.0,790.0,920,555,237,774.0,517,749,14.0,15.0,0.521528199,0.860566449,1.164556962
1593,58.5,23.05283355,416,396,379.0,973.0,690.0,914,550,228,609.0,482,753,23.0,21.0,0.533584432,0.709146968,1.324637681
1571,57.37,23.24515679,414,388,358.0,942.0,692.0,893,560,240,720.0,483,753,15.0,16.0,0.53214513,0.734607219,1.290462428
1768,77.78,24.88303884,436,398,412.0,1071.0,849.0,1021,612,246,819.0,547,827,20.5,30.0,0.521493213,0.792717087,1.202591284
1628,53.29,20.10652041,405,335,349.0,914.0,646.0,851,524,227,750.0,498,765,11.0,9.5,0.523955774,0.70678337,1.317337461
1632,64.85,24.3483576,441,382,382.0,1012.0,770.0,928,572,236,732.0,489,781,22.0,13.0,0.53125,0.760869565,1.205194805
1591,76.19,30.09938446,449,435,434.0,1108.0,833.0,1100,650,232,689.0,472,737,33.0,35.5,0.543683218,0.751805054,1.320528211
1697,65.76,22.83484773,430,358,401.0,1015.0,764.0,933,606,238,768.0,507,776,23.5,19.5,0.535061874,0.75270936,1.221204188
1589,43.99,17.42232727,362,301,323.0,852.0,584.0,799,479,212,737.0,477,723,12.0,7.0,0.521711768,0.685446009,1.368150685
1596,70.07,27.50846414,446,393,435.0,1093.0,771.0,996,631,231,705.0,473,732,33.0,24.5,0.526942356,0.705397987,1.291828794
1698,59.18,20.52577619,413,350,380.0,1006.0,666.0,865,564,230,779.0,505,778,22.0,12.0,0.527090695,0.662027833,1.298798799
1558,60.09,24.7552489,405,338,405.0,1051.0,719.0,918,578,227,675.0,455,726,23.5,27.5,0.546854942,0.684110371,1.276773296
1613,73.47,28.23847928,426,379,419.0,1091.0,830.0,1031,615,245,711.0,493,770,34.0,20.5,0.531928084,0.760769936,1.242168675
1608,56.24,21.75069924,424,345,338.0,943.0,794.0,945,510,241,752.0,508,797,19.0,23.5,0.509328358,0.841993637,1.190176322
1701,82.09,28.37145629,461,446,474.0,1181.0,802.0,1050,695,251,801.0,546,821,22.0,15.0,0.519694297,0.679085521,1.309226933
1688,72.56,25.46551066,444,385,424.0,1084.0,818.0,971,628,233,753.0,520,806,22.0,24.0,0.530805687,0.754612546,1.187041565
1555,71.66,29.63575645,459,386,420.0,1092.0,891.0,1037,641,238,682.0,483,730,34.0,30.0,0.540192926,0.815934066,1.163860831
1642,66.21,24.55711151,417,408,401.0,1021.0,794.0,983,594,225,794.0,541,806,27.0,13.0,0.499390987,0.777668952,1.238035264
1673,85.94,30.70460165,463,453,441.0,1145.0,915.0,1048,645,270,759.0,529,793,31.0,22.0,0.529587567,0.799126638,1.145355191
1575,84.13,33.91484001,475,464,446.0,1174.0,943.0,1108,671,250,697.0,476,763,41.0,40.0,0.55047619,0.803236797,1.174973489
1627,64.4,24.32824392,419,387,386.0,1026.0,748.0,990,589,235,754.0,511,750,20.0,9.0,0.522433927,0.729044834,1.323529412
1697,64.4,22.36259419,440,385,410.0,1006.0,732.0,910,584,253,777.0,531,758,28.0,20.0,0.533883324,0.727634195,1.243169399
1666,68.71,24.75540036,412,365,446.0,1104.0,644.0,890,638,259,757.0,524,772,22.0,11.0,0.538415366,0.583333333,1.381987578
1697,70.98,24.64746794,444,380,403.0,1094.0,737.0,978,612,239,739.0,515,791,9.0,10.0,0.551561579,0.673674589,1.327001357
1511,69.84,30.58970593,453,394,416.0,1077.0,838.0,969,674,238,701.0,462,699,30.0,36.0,0.538716082,0.778087279,1.156324582
1725,68.48,23.01365259,418,365,390.0,1012.0,739.0,974,595,243,815.0,549,830,19.5,20.0,0.510144928,0.730237154,1.317997294
1584,65.08,25.93804204,413,357,410.0,1041.0,739.0,919,603,230,697.0,472,726,29.0,13.0,0.549242424,0.709894332,1.243572395
1810,93.2,28.44846006,466,415,451.0,1161.0,962.0,1074,715,254,839.0,560,849,35.0,36.0,0.519889503,0.828596038,1.116424116
1692,68.71,24.00044152,405,372,406.0,1038.0,769.0,912,609,245,814.0,543,809,25.0,14.0,0.495271868,0.740847784,1.185955787
1609,95.92,37.05075668,524,446,478.0,1277.0,980.0,1183,745,229,710.0,493,751,44.5,43.5,0.547545059,0.767423649,1.207142857
1594,87.98,34.62639856,494,429,468.0,1223.0,944.0,1167,720,243,725.0,512,777,41.5,33.5,0.523839398,0.771872445,1.236228814
1637,50.57,18.87102956,394,328,349.0,898.0,725.0,871,501,225,759.0,492,751,11.5,6.5,0.527183873,0.807349666,1.20137931
1667,67.35,24.23630451,430,374,407.0,1067.0,792.0,965,626,245,749.0,512,795,17.0,13.5,0.529694061,0.742268041,1.218434343
1688,56.69,19.8958076,374,360,396.0,981.0,741.0,846,560,244,795.0,534,766,14.0,7.0,0.518364929,0.755351682,1.141700405
1642,56.24,20.85926524,395,357,425.0,1025.0,670.0,837,572,232,725.0,499,752,19.0,9.0,0.546285018,0.653658537,1.249253731
1629,61.0,22.98728426,393,387,432.0,1057.0,719.0,894,574,224,718.0,491,787,24.0,18.0,0.527317373,0.680227058,1.243393602
1666,79.14,28.513206,407,440,438.0,1109.0,879.0,1144,631,240,755.0,523,787,34.0,33.0,0.522809124,0.792605951,1.301478953
1616,92.29,35.34043844,433,438,496.0,1259.0,1013.0,1112,737,237,732.0,511,790,37.0,29.0,0.525990099,0.804606831,1.097729516
1691,63.49,22.2033299,417,383,404.0,1014.0,781.0,912,585,238,776.0,528,807,15.0,12.0,0.534594914,0.770216963,1.167733675
1766,73.02,23.41318141,449,364,444.0,1061.0,732.0,934,610,256,824.0,563,860,19.0,8.5,0.534541336,0.689915174,1.275956284
1646,56.46,20.83920812,417,343,404.0,985.0,666.0,846,562,229,775.0,518,782,25.0,10.0,0.515795869,0.676142132,1.27027027
1645,77.32,28.5732763,417,421,450.0,1095.0,872.0,1074,645,240,724.0,512,754,20.5,23.0,0.536170213,0.796347032,1.231651376
1596,54.88,21.5450908,384,357,396.0,1006.0,746.0,882,564,224,754.0,501,755,26.0,12.5,0.51754386,0.741550696,1.18230563
1528,46.71,20.00613333,359,351,351.0,883.0,722.0,872,498,223,704.0,469,711,19.5,13.0,0.535994764,0.817667044,1.207756233
1559,53.51,22.01621819,387,369,380.0,960.0,726.0,848,534,223,729.0,489,762,23.5,23.5,0.518280949,0.75625,1.168044077
1667,59.18,21.29628064,399,372,376.0,986.0,684.0,844,539,250,750.0,502,786,13.5,13.5,0.539892022,0.693711968,1.233918129
1640,51.25,19.05487805,371,309,335.0,892.0,638.0,833,470,239,808.0,523,781,12.5,6.5,0.496341463,0.715246637,1.305642633
1603,56.69,22.06172223,421,350,368.0,962.0,659.0,854,559,229,717.0,490,771,16.5,11.0,0.539613225,0.685031185,1.295902883
1664,60.32,21.78485577,388,325,413.0,1032.0,664.0,838,606,251,770.0,504,775,23.0,10.0,0.522836538,0.643410853,1.262048193
1752,82.99,27.03694147,449,397,476.0,1168.0,793.0,985,692,250,809.0,545,804,28.0,18.0,0.519977169,0.678938356,1.242118537
1652,87.98,32.2376868,481,432,434.0,1237.0,1016.0,1102,688,246,755.0,503,778,36.0,40.0,0.514527845,0.821341956,1.084645669
1800,88.21,27.22530864,472,447,431.0,1154.0,884.0,1050,703,250,826.0,533,835,40.0,25.0,0.533333333,0.766031196,1.187782805
1667,60.77,21.86845174,423,369,356.0,970.0,692.0,903,578,239,802.0,527,820,17.0,16.0,0.516496701,0.713402062,1.304913295
1648,56.24,20.70765388,393,323,364.0,977.0,659.0,861,542,234,730.0,500,745,20.0,17.0,0.544296117,0.674513818,1.306525038
1710,77.55,26.52098081,412,388,448.0,1147.0,778.0,948,663,254,804.0,543,807,23.0,19.0,0.506432749,0.678291194,1.218508997
1729,82.77,27.6874506,457,367,427.0,1103.0,972.0,1047,686,244,816.0,550,832,34.0,35.0,0.50838635,0.881233001,1.077160494
1641,62.13,23.07194414,410,362,387.0,1013.0,718.0,899,613,238,752.0,495,766,14.0,15.0,0.511882998,0.708785785,1.252089136
1638,57.37,21.38242981,382,368,383.0,969.0,728.0,895,534,236,756.0,511,763,22.5,16.5,0.524420024,0.75128999,1.229395604
1763,65.08,20.9383724,426,364,369.0,976.0,746.0,927,542,238,821.0,543,813,23.0,17.0,0.516732842,0.764344262,1.242627346
1599,56.92,22.26219405,387,369,362.0,977.0,799.0,905,565,221,741.0,489,746,18.0,17.0,0.522201376,0.817809621,1.132665832
1662,63.27,22.90529005,415,371,398.0,1006.0,710.0,948,579,234,751.0,499,772,23.0,11.5,0.541516245,0.705765408,1.335211268
1661,75.06,27.20628826,457,390,430.0,1127.0,838.0,1017,650,241,729.0,504,809,33.5,19.0,0.54063817,0.743566992,1.213603819
1657,66.44,24.19828609,431,376,437.0,1095.0,764.0,938,632,234,740.0,494,770,35.5,36.0,0.542546771,0.697716895,1.227748691
1642,114.29,42.38985462,484,488,545.0,1467.0,1054.0,1122,807,302,719.0,510,802,50.0,37.0,0.538367844,0.718473074,1.064516129
1603,78.23,30.44432052,485,460,392.0,1135.0,945.0,1184,569,241,733.0,500,810,30.0,36.0,0.513412352,0.832599119,1.252910053
1619,63.72,24.30983827,426,364,374.0,993.0,862.0,994,570,227,723.0,488,750,17.0,18.0,0.537986411,0.868076536,1.153132251
1797,103.17,31.94900051,488,440,464.0,1204.0,1014.0,1204,724,254,833.0,556,872,41.5,38.5,0.514190317,0.842192691,1.187376726
1651,58.05,21.2964923,425,369,349.0,968.0,668.0,887,538,240,768.0,485,794,14.0,11.2,0.529376136,0.690082645,1.327844311
1637,77.78,29.02488983,454,406,428.0,1085.0,878.0,1048,644,251,722.0,506,797,26.0,27.0,0.533903482,0.80921659,1.193621868
1646,53.97,19.92015697,391,365,384.0,944.0,657.0,895,499,237,769.0,512,810,23.0,14.0,0.523693803,0.695974576,1.362252664
1704,61.68,21.24247834,406,371,407.0,970.0,684.0,916,537,229,772.0,530,820,10.5,10.0,0.52758216,0.705154639,1.339181287
1630,66.44,25.00658662,401,388,396.0,1031.0,903.0,933,585,235,722.0,497,811,27.0,25.0,0.539263804,0.875848691,1.033222591
1684,88.66,31.26392877,467,482,444.0,1191.0,909.0,1074,676,279,763.0,538,827,26.0,25.0,0.524940618,0.763224181,1.181518152
1649,70.75,26.0186724,422,402,430.0,1064.0,857.0,1040,563,242,714.0,500,835,27.0,35.0,0.542753184,0.805451128,1.213535589
1608,101.13,39.11181035,428,482,537.0,1335.0,998.0,1185,785,261,689.0,507,765,36.0,34.5,0.539800995,0.747565543,1.187374749
1553,46.03,19.08525924,374,306,387.0,953.0,634.0,764,511,213,693.0,474,740,17.0,8.0,0.542176433,0.665267576,1.205047319
1780,78.0,24.61810377,445,402,450.0,1097.0,816.0,975,656,257,849.0,557,840,23.5,27.0,0.525280899,0.743846855,1.194852941
1583,78.0,31.126678,430,425,432.0,1143.0,1002.0,1162,609,227,711.0,493,770,35.0,39.0,0.533164877,0.87664042,1.159680639
1638,96.6,36.00388216,429,494,481.0,1234.0,1025.0,1184,733,258,748.0,532,806,36.5,30.0,0.526251526,0.830632091,1.155121951
1563,85.03,34.80600859,418,500,446.0,1208.0,973.0,1164,687,229,653.0,473,730,33.5,33.5,0.563659629,0.805463576,1.196300103
1631,85.49,32.1371526,416,441,481.0,1220.0,971.0,1045,670,265,756.0,520,791,32.0,23.0,0.514408338,0.795901639,1.076210093
1805,68.48,21.01886879,418,374,440.0,1073.0,730.0,922,592,250,804.0,549,834,20.0,6.0,0.541274238,0.680335508,1.263013699
1745,109.07,35.81908195,470,464,503.0,1353.0,1113.0,1230,705,241,780.0,573,855,30.0,43.0,0.516905444,0.822616408,1.105121294
1639,51.93,19.33127128,408,355,389.0,980.0,628.0,804,530,222,731.0,493,757,12.0,8.0,0.541793777,0.640816327,1.280254777
1565,71.88,29.34805908,416,421,421.0,1108.0,952.0,1078,611,237,708.0,497,756,19.0,22.5,0.522683706,0.859205776,1.132352941
1563,93.88,38.42864973,450,507,476.0,1224.0,1011.0,1234,695,242,652.0,486,777,40.0,36.5,0.544465771,0.825980392,1.220573689
1579,57.14,22.917961,381,379,388.0,966.0,747.0,972,573,220,720.0,483,742,18.5,22.0,0.530715643,0.773291925,1.301204819
1793,117.69,36.60825127,466,482,491.0,1427.0,1186.0,1227,693,297,798.0,571,852,33.0,32.5,0.524261015,0.831114226,1.034569983
1598,58.05,22.73257717,387,416,375.0,944.0,725.0,941,560,246,748.0,508,780,26.0,26.0,0.518147685,0.768008475,1.297931034
1601,55.78,21.76185168,394,373,396.0,995.0,729.0,831,581,237,742.0,493,774,33.0,24.0,0.531542786,0.732663317,1.139917695
1602,68.03,26.50790756,414,390,435.0,1121.0,889.0,962,655,235,727.0,494,763,23.5,19.0,0.539325843,0.793041927,1.082114736
1598,92.06,36.05100869,472,439,491.0,1277.0,957.0,1140,722,253,718.0,497,780,23.5,29.0,0.532540676,0.749412686,1.191222571
1666,60.09,21.64971631,404,364,398.0,992.0,679.0,866,586,225,761.0,509,789,16.0,14.0,0.536014406,0.684475806,1.275405007
1736,62.36,20.69219988,412,361,429.0,1066.0,703.0,832,587,246,836.0,543,805,18.0,10.0,0.516129032,0.659474672,1.183499289
1689,120.86,42.36656862,543,532,518.0,1390.0,1304.0,1371,692,273,743.0,539,811,27.5,39.0,0.535227946,0.938129496,1.051380368
1543,45.8,19.23683526,382,333,370.0,927.0,628.0,779,525,221,717.0,461,741,14.0,10.5,0.534672715,0.677454153,1.24044586
1656,71.66,26.13100656,438,405,414.0,1044.0,839.0,1019,601,245,755.0,514,781,14.0,25.0,0.520531401,0.803639847,1.21454112
1679,56.69,20.1096756,401,355,394.0,962.0,651.0,842,544,248,799.0,511,789,16.0,11.0,0.512805241,0.676715177,1.293394777
1630,101.36,38.14972336,455,461,535.0,1333.0,961.0,1118,775,262,710.0,527,781,20.5,31.5,0.536809816,0.720930233,1.163371488
1778,75.74,23.95861935,452,380,453.0,1131.0,724.0,931,645,271,796.0,548,817,17.0,14.0,0.53712036,0.640141468,1.285911602
1518,69.16,30.01314051,423,411,447.0,1122.0,837.0,980,641,230,637.0,451,722,16.5,27.5,0.548089592,0.745989305,1.170848268
1574,91.84,37.06998574,468,451,471.0,1224.0,1027.0,1169,665,257,688.0,486,792,18.0,37.5,0.541296061,0.839052288,1.138266796
1611,62.36,24.02785628,403,366,426.0,1035.0,720.0,911,607,250,735.0,498,761,16.5,9.0,0.530726257,0.695652174,1.265277778
1739,67.12,22.19487911,431,371,400.0,1025.0,779.0,1011,587,251,769.0,502,808,19.5,21.5,0.493387004,0.76,1.297817715
1671,80.95,28.99105056,425,414,443.0,1144.0,940.0,1095,620,247,750.0,505,807,22.5,30.0,0.539198085,0.821678322,1.164893617
1668,104.99,37.73599825,489,470,488.0,1333.0,1198.0,1316,640,263,767.0,527,803,23.0,36.5,0.510791367,0.898724681,1.098497496
1639,55.33,20.59694281,399,370,376.0,964.0,655.0,840,571,242,787.0,512,786,17.5,12.5,0.51799878,0.679460581,1.282442748
1626,112.7,42.62681003,463,513,558.0,1421.0,1101.0,1218,746,263,719.0,513,779,32.5,39.0,0.535670357,0.774806474,1.10626703
1617,55.1,21.07325192,385,355,372.0,925.0,661.0,850,532,241,742.0,503,749,18.0,15.0,0.530612245,0.714594595,1.285930408
1608,85.71,33.14815846,465,446,473.0,1125.0,961.0,1117,675,279,714.0,515,785,26.5,31.0,0.536069652,0.854222222,1.162330905
1605,101.13,39.25815937,430,445,554.0,1344.0,985.0,1108,839,270,722.0,501,775,32.0,31.5,0.530841121,0.732886905,1.124873096
1856,87.3,25.34301613,445,396,478.0,1185.0,976.0,1032,705,282,885.0,579,845,27.0,16.5,0.509159483,0.823628692,1.057377049
1657,78.0,28.40858391,427,414,434.0,1122.0,902.0,1004,636,255,767.0,518,770,20.5,32.5,0.51901026,0.803921569,1.11308204
1577,58.28,23.43452507,397,357,409.0,1011.0,775.0,900,600,233,750.0,509,764,19.0,17.0,0.522511097,0.766567755,1.161290323
1758,97.05,31.40203536,461,470,504.0,1242.0,925.0,1127,699,281,805.0,557,863,26.5,28.5,0.528441411,0.744766506,1.218378378
1549,47.62,19.84662005,411,335,353.0,910.0,620.0,810,531,221,719.0,478,733,16.0,9.0,0.531310523,0.681318681,1.306451613
1598,56.24,22.02377503,422,376,375.0,924.0,732.0,895,555,239,729.0,489,743,18.5,12.0,0.536295369,0.792207792,1.222677596
1652,64.4,23.59748841,413,389,406.0,1075.0,821.0,935,571,233,758.0,519,791,26.0,23.0,0.51937046,0.76372093,1.138855055
1630,54.88,20.65565132,407,369,388.0,976.0,664.0,810,545,245,768.0,506,767,15.0,7.0,0.523312883,0.680327869,1.219879518
1817,89.57,27.13018278,448,424,477.0,1195.0,856.0,1110,662,275,862.0,575,884,32.0,35.0,0.517886626,0.716317992,1.296728972
1651,54.88,20.13353139,413,367,353.0,905.0,650.0,824,513,237,763.0,511,782,15.0,11.0,0.537250151,0.718232044,1.267692308
1801,73.47,22.65075143,437,414,412.0,1018.0,778.0,976,573,256,885.0,603,867,29.0,16.0,0.500832871,0.764243615,1.254498715
1580,58.96,23.61800993,418,359,396.0,1032.0,661.0,887,573,249,676.0,473,727,20.0,7.0,0.560759494,0.640503876,1.341906203
1738,54.2,17.94319357,394,339,383.0,960.0,581.0,803,501,238,815.0,550,837,11.0,7.0,0.52301496,0.605208333,1.382099828
1772,59.41,18.92047858,422,369,412.0,1012.0,667.0,867,575,229,823.0,536,796,25.0,18.0,0.528781038,0.659090909,1.299850075
1647,71.43,26.3325824,463,388,418.0,1062.0,817.0,1035,627,230,753.0,526,790,20.0,22.0,0.524590164,0.769303202,1.266829865
1609,75.28,29.0782002,480,408,412.0,1090.0,865.0,1093,654,236,728.0,504,773,36.0,30.0,0.533250466,0.793577982,1.263583815
1809,70.75,21.61968244,423,420,388.0,1042.0,798.0,908,584,243,839.0,559,831,20.0,12.0,0.525152018,0.765834933,1.137844612
1732,105.67,35.22539989,524,450,459.0,1224.0,1047.0,1192,735,258,791.0,549,851,32.0,40.0,0.527136259,0.855392157,1.138490926
1663,78.68,28.44984161,467,424,465.0,1129.0,785.0,1071,620,265,782.0,538,800,37.0,32.0,0.501503307,0.69530558,1.36433121
1625,83.22,31.51526627,469,376,449.0,1197.0,905.0,1068,674,245,755.0,516,782,32.0,31.0,0.524923077,0.756056809,1.180110497
1663,62.59,22.63187069,439,375,367.0,965.0,716.0,931,535,247,758.0,520,788,16.0,22.0,0.533974744,0.741968912,1.30027933
1665,99.32,35.82681781,522,507,469.0,1267.0,1034.0,1190,704,238,742.0,537,783,34.0,43.0,0.532732733,0.816101026,1.150870406
1598,64.63,25.30932752,462,393,421.0,1078.0,775.0,965,602,230,723.0,497,757,25.0,28.0,0.526908636,0.718923933,1.24516129
1708,53.29,18.26711604,391,353,365.0,917.0,684.0,806,502,241,821.0,534,831,15.0,9.0,0.514051522,0.745910578,1.178362573
1600,67.57,26.39453125,470,373,404.0,1072.0,783.0,917,625,230,707.0,493,764,31.0,21.0,0.545625,0.730410448,1.171136654
1574,56.69,22.8821591,427,362,377.0,995.0,714.0,873,575,222,716.0,473,744,29.0,31.0,0.534942821,0.71758794,1.222689076
1729,66.89,22.37542069,448,396,411.0,1052.0,731.0,947,590,244,798.0,546,814,16.0,13.0,0.523423944,0.69486692,1.295485636
1604,57.82,22.47342989,435,374,367.0,933.0,638.0,861,557,232,733.0,491,754,13.0,8.0,0.530548628,0.683815648,1.349529781
1662,65.08,23.56055439,443,384,405.0,1034.0,781.0,934,602,225,767.0,507,795,17.5,15.0,0.533694344,0.755319149,1.195902689
1426,65.08,32.00431183,476,430,366.0,1007.0,921.0,1037,577,218,592.0,429,694,30.0,46.0,0.538569425,0.914597815,1.125950054
1684,68.93,24.30659385,444,378,424.0,1079.0,812.0,984,591,237,814.0,557,774,22.0,21.0,0.505938242,0.752548656,1.21182266
1599,61.68,24.12389545,428,385,374.0,980.0,787.0,954,542,228,740.0,491,749,16.0,21.0,0.527829894,0.803061224,1.212198221
1603,51.25,19.94466862,412,363,378.0,957.0,652.0,813,537,216,725.0,490,713,23.0,16.0,0.540237056,0.681295716,1.246932515
1643,64.63,23.94192296,445,400,370.0,969.0,798.0,1003,545,248,780.0,536,808,24.0,31.0,0.501521607,0.823529412,1.256892231
1758,83.67,27.07272847,490,401,468.0,1194.0,785.0,1082,674,236,835.0,586,858,40.0,31.0,0.514220705,0.657453936,1.378343949
1725,67.35,22.63390044,440,375,409.0,1050.0,705.0,905,612,240,823.0,554,801,20.0,20.0,0.514782609,0.671428571,1.283687943
1571,68.48,27.74670275,444,399,411.0,1065.0,792.0,1005,608,227,710.0,501,742,26.0,36.0,0.530872056,0.743661972,1.268939394
1687,114.29,40.15855408,575,514,486.0,1315.0,1104.0,1313,738,265,785.0,543,801,40.0,42.0,0.519857736,0.839543726,1.189311594
1590,55.78,22.06400063,428,357,354.0,942.0,720.0,934,535,230,751.0,507,774,15.0,17.0,0.521383648,0.76433121,1.297222222
1816,118.82,36.02946884,492,485,546.0,1368.0,1079.0,1262,804,268,832.0,578,841,35.0,42.0,0.514867841,0.78874269,1.169601483
1631,113.83,42.79064312,586,508,452.0,1331.0,1099.0,1320,759,277,739.0,512,811,31.0,56.0,0.533415083,0.825694966,1.201091902
1674,55.1,19.66258855,441,355,363.0,950.0,733.0,888,527,237,793.0,518,791,20.0,15.0,0.523894863,0.771578947,1.211459754
1594,76.87,30.25382197,489,437,422.0,1092.0,841.0,1037,640,255,675.0,490,760,32.0,23.0,0.552070263,0.77014652,1.233055886
1631,78.0,29.32153355,455,404,420.0,1090.0,832.0,1070,641,242,731.0,495,804,31.0,21.0,0.532188841,0.763302752,1.286057692
1637,78.23,29.19281475,484,400,435.0,1112.0,866.0,1069,642,244,746.0,526,802,35.0,37.0,0.525351252,0.778776978,1.234411085
1556,77.78,32.12541551,485,425,443.0,1170.0,898.0,1075,615,248,707.0,476,731,37.0,32.0,0.524421594,0.767521368,1.197104677
1715,62.81,21.35504764,457,358,380.0,1004.0,741.0,932,558,240,789.0,538,822,15.0,15.0,0.52303207,0.738047809,1.257759784
1580,72.79,29.1579875,453,398,443.0,1121.0,815.0,1014,665,225,700.0,464,732,28.0,26.0,0.53164557,0.727029438,1.244171779
1633,112.7,42.26214605,548,534,441.0,1363.0,1253.0,1215,728,240,695.0,508,780,36.5,44.5,0.532761788,0.919295671,0.969672785
1601,53.06,20.70067857,395,330,360.0,952.0,620.0,814,533,242,743.0,490,753,13.0,12.0,0.531542786,0.651260504,1.312903226
1657,73.47,26.75870077,447,390,438.0,1121.0,778.0,995,680,230,782.0,522,806,31.0,24.0,0.52021726,0.694023194,1.278920308
1743,63.72,20.97398692,432,363,391.0,995.0,765.0,905,565,234,784.0,526,782,17.0,15.0,0.538726334,0.768844221,1.183006536
1574,126.3,50.97930313,600,568,524.0,1533.0,1247.0,1328,783,254,657.0,490,802,64.0,61.0,0.533036849,0.813437704,1.064955894
1737,67.8,22.4713962,452,409,420.0,1050.0,775.0,954,606,242,771.0,515,822,21.0,9.0,0.550949914,0.738095238,1.230967742
1650,64.63,23.73921028,440,382,421.0,1052.0,692.0,930,628,220,749.0,500,767,30.0,25.0,0.527272727,0.657794677,1.343930636
1619,67.57,25.77865305,436,370,419.0,1090.0,711.0,916,661,218,731.0,503,762,30.0,23.0,0.53551575,0.652293578,1.288326301
1638,109.98,40.99075528,513,445,528.0,1364.0,1097.0,1207,762,300,724.0,526,804,53.0,49.0,0.537240537,0.804252199,1.100273473
1537,47.17,19.96724474,392,332,324.0,885.0,671.0,849,505,210,714.0,478,726,18.0,25.0,0.52374756,0.75819209,1.265275708
1536,47.17,19.99325222,411,340,353.0,925.0,685.0,799,537,202,708.0,474,752,19.0,10.0,0.526692708,0.740540541,1.166423358
1584,45.12,17.98285889,375,344,349.0,883.0,570.0,754,515,213,759.0,496,742,10.0,5.0,0.514520202,0.645526614,1.322807018
1705,65.31,22.46626706,455,354,413.0,1021.0,729.0,858,611,238,834.0,560,860,20.0,13.0,0.496187683,0.714005877,1.176954733
1874,91.84,26.15126502,479,441,453.0,1163.0,975.0,1095,653,261,887.0,602,851,23.0,20.0,0.504268943,0.838349097,1.123076923
1635,70.75,26.46615979,447,380,422.0,1110.0,841.0,875,670,244,742.0,506,781,27.0,21.0,0.540061162,0.757657658,1.040428062
1575,81.18,32.72562358,493,416,413.0,1066.0,919.0,1134,681,243,699.0,483,737,30.0,26.0,0.537777778,0.862101313,1.233949946
1677,57.37,20.39946251,427,357,385.0,975.0,692.0,847,557,242,763.0,521,767,13.0,10.0,0.527131783,0.70974359,1.223988439
1705,65.53,22.5419458,421,382,411.0,1065.0,682.0,891,594,239,773.0,526,810,18.0,12.0,0.531964809,0.640375587,1.306451613
1697,58.73,20.39371361,413,368,407.0,1000.0,605.0,866,569,232,760.0,509,793,15.0,12.0,0.541543901,0.605,1.431404959
1761,73.24,23.61726614,445,357,455.0,1080.0,759.0,937,645,238,853.0,564,826,25.0,12.0,0.501987507,0.702777778,1.234519104
1584,83.22,33.16785277,490,434,446.0,1183.0,834.0,1069,721,240,720.0,500,752,40.0,41.0,0.53030303,0.70498732,1.28177458
1686,83.22,29.27605611,475,404,448.0,1147.0,927.0,1094,682,237,794.0,524,796,36.0,44.0,0.520166074,0.808195292,1.180151025
1613,62.81,24.14126696,443,352,393.0,1022.0,762.0,926,600,230,703.0,490,748,22.0,18.0,0.545567266,0.745596869,1.215223097
1716,81.41,27.64669286,486,443,434.0,1115.0,956.0,1107,600,243,786.0,538,833,22.0,21.0,0.527389277,0.857399103,1.157949791
1716,93.2,31.65055613,501,429,475.0,1192.0,911.0,1090,727,258,789.0,541,822,44.0,41.0,0.53030303,0.764261745,1.196487377
1595,115.19,45.2786431,541,453,528.0,1440.0,1092.0,1277,777,258,715.0,507,781,55.0,44.0,0.531034483,0.758333333,1.169413919
1567,54.88,22.34992704,410,342,386.0,991.0,756.0,892,575,237,728.0,492,752,30.0,18.0,0.525207403,0.762865792,1.17989418
1713,70.52,24.03242401,454,349,405.0,1090.0,703.0,965,631,237,794.0,530,808,36.0,18.0,0.523058961,0.644954128,1.372688478
1530,49.89,21.31231578,384,320,375.0,958.0,578.0,847,532,231,701.0,481,716,11.0,8.0,0.529411765,0.603340292,1.465397924
1524,65.99,28.41241794,467,392,397.0,1012.0,811.0,1058,580,243,686.0,482,747,29.0,38.0,0.525590551,0.801383399,1.304562269
1702,67.35,23.24976077,438,389,379.0,1014.0,705.0,927,605,255,806.0,549,796,28.0,8.0,0.52173913,0.695266272,1.314893617
1681,73.02,25.8408266,461,374,414.0,1101.0,782.0,919,640,220,748.0,513,779,42.0,22.0,0.544318858,0.710263397,1.175191816
1553,43.76,18.14405701,405,350,347.0,858.0,651.0,834,479,214,710.0,455,734,11.0,12.0,0.544752093,0.758741259,1.281105991
1639,97.28,36.2130959,508,422,508.0,1314.0,905.0,1088,786,255,717.0,516,782,53.0,38.0,0.534472239,0.688736682,1.202209945
1488,52.61,23.76087553,436,334,363.0,916.0,666.0,884,546,215,684.0,460,751,20.0,21.0,0.533602151,0.727074236,1.327327327
1513,39.91,17.43427418,373,325,318.0,817.0,567.0,763,455,222,692.0,453,703,10.0,11.0,0.532055519,0.694002448,1.345679012
1703,84.35,29.08411083,473,388,465.0,1215.0,856.0,1037,695,248,755.0,522,817,38.0,46.0,0.546682325,0.704526749,1.211448598
1641,71.66,26.61090483,468,384,399.0,1048.0,803.0,1028,563,257,735.0,529,783,26.0,22.0,0.530164534,0.766221374,1.280199253
1711,85.49,29.20218164,482,408,409.0,1122.0,754.0,1118,612,244,760.0,533,800,37.0,41.0,0.526008182,0.67201426,1.482758621
1605,70.07,27.20082297,399,406,429.0,1075.0,810.0,1018,605,240,709.0,508,771,25.0,24.0,0.53271028,0.753488372,1.256790123
1586,53.06,21.09409413,392,373,387.0,971.0,644.0,862,568,222,715.0,481,746,17.5,12.0,0.543505675,0.66323378,1.338509317
1577,51.93,20.88117514,397,358,378.0,926.0,670.0,895,530,231,718.0,483,738,16.0,12.0,0.535827521,0.723542117,1.335820896
1650,98.19,36.0661157,428,483,464.0,1258.0,1107.0,1232,721,252,759.0,537,792,34.0,31.0,0.521212121,0.879968203,1.112917796
1732,64.4,21.46792612,423,399,382.0,994.0,679.0,913,567,238,797.0,525,818,25.5,17.0,0.532909931,0.683098592,1.344624448
1612,60.54,23.29766208,386,386,402.0,1026.0,721.0,909,576,244,721.0,496,781,18.5,15.0,0.543424318,0.702729045,1.26074896
1679,64.4,22.84464823,412,366,425.0,1062.0,736.0,946,604,227,769.0,521,830,27.5,17.0,0.523525908,0.693032015,1.285326087
1578,103.85,41.70542038,447,487,536.0,1372.0,1014.0,1156,749,273,657.0,492,793,35.0,34.0,0.550063371,0.739067055,1.140039448
1688,65.99,23.15971676,423,395,381.0,970.0,750.0,1017,559,234,770.0,513,812,15.0,21.5,0.531990521,0.773195876,1.356
1676,69.61,24.78127261,422,389,416.0,1068.0,785.0,923,609,247,755.0,527,806,28.5,19.0,0.539379475,0.735018727,1.175796178
1538,51.47,21.75912852,400,346,364.0,947.0,700.0,891,525,227,664.0,466,760,21.5,18.0,0.530559168,0.739176346,1.272857143
1701,78.68,27.19291242,433,418,439.0,1084.0,796.0,1099,611,263,768.0,535,811,25.0,20.5,0.522633745,0.734317343,1.380653266
1635,72.34,27.06094698,412,372,408.0,1102.0,779.0,960,660,243,739.0,520,788,28.5,21.0,0.53883792,0.706896552,1.232349166
1660,76.19,27.64915082,436,405,441.0,1110.0,859.0,995,695,242,762.0,515,794,28.0,16.0,0.524096386,0.773873874,1.158323632
1631,59.86,22.50239741,409,362,388.0,973.0,688.0,887,559,235,737.0,509,795,24.0,14.0,0.534028204,0.70709147,1.289244186
1569,75.28,30.5797354,429,401,445.0,1104.0,809.0,1020,671,257,700.0,484,773,29.5,27.5,0.540471638,0.732789855,1.260815822
1610,54.88,21.17202268,389,345,384.0,932.0,648.0,853,525,242,741.0,507,769,11.0,8.0,0.526086957,0.69527897,1.316358025
1596,63.72,25.01554638,413,408,383.0,997.0,802.0,912,599,233,705.0,484,750,21.0,15.0,0.553258145,0.80441324,1.137157107
1558,46.49,19.15246333,382,324,347.0,899.0,618.0,813,508,219,701.0,463,712,7.5,6.0,0.535301669,0.687430478,1.315533981
1753,65.99,21.47406662,411,378,418.0,1031.0,757.0,923,588,234,828.0,550,813,17.0,13.0,0.519110097,0.734238603,1.219286658
1665,80.27,28.95508121,426,402,454.0,1151.0,837.0,1037,638,255,766.0,528,803,23.5,15.0,0.517717718,0.727193745,1.238948626
1687,65.76,23.10636553,409,390,435.0,1057.0,757.0,939,594,241,790.0,538,820,17.5,21.0,0.517486663,0.716177862,1.240422721
1769,73.47,23.47763649,433,416,420.0,1054.0,773.0,976,604,260,802.0,540,836,16.5,15.0,0.538722442,0.733396584,1.262613195
1722,70.75,23.85943471,393,374,433.0,1073.0,871.0,956,620,258,804.0,537,804,20.0,10.0,0.525551684,0.811742777,1.097588978
1537,58.28,24.67015102,366,372,414.0,1019.0,733.0,941,585,229,688.0,467,723,23.0,17.5,0.543266103,0.719332679,1.283765348
1598,56.92,22.29006534,392,386,423.0,1052.0,733.0,932,581,226,731.0,496,809,22.5,14.0,0.536921151,0.696768061,1.27148704
1557,55.33,22.82356309,415,373,374.0,984.0,750.0,933,559,219,692.0,478,762,15.5,13.0,0.549132948,0.762195122,1.244
1581,64.63,25.85654041,374,409,410.0,1005.0,830.0,1020,567,240,748.0,509,766,22.0,18.0,0.513598988,0.825870647,1.228915663
1491,51.02,22.95013092,385,354,374.0,918.0,705.0,915,523,228,666.0,451,716,17.0,14.5,0.543930248,0.767973856,1.29787234
1640,86.39,32.12001785,451,475,419.0,1071.0,1055.0,1175,618,264,733.0,519,783,22.5,29.0,0.540853659,0.985060691,1.113744076
1735,108.84,36.15676569,481,501,479.0,1206.0,1012.0,1267,773,267,764.0,528,851,48.0,35.5,0.546974063,0.839137645,1.251976285
1612,76.19,29.3202655,427,446,436.0,1110.0,941.0,1024,658,248,744.0,515,812,33.0,26.0,0.529156328,0.847747748,1.088204038
1668,59.41,21.35342086,420,383,393.0,989.0,701.0,901,575,234,784.0,524,808,24.0,13.5,0.522182254,0.708796764,1.285306705
1638,50.34,18.76227151,389,352,375.0,947.0,728.0,827,538,223,740.0,497,782,13.0,8.5,0.534798535,0.7687434,1.135989011
1575,56.69,22.85311162,392,374,387.0,983.0,697.0,882,566,229,726.0,505,773,30.5,12.0,0.526349206,0.709053917,1.265423242
1602,62.13,24.208971,407,404,374.0,963.0,823.0,1046,539,233,735.0,504,815,21.5,23.5,0.525593009,0.854620976,1.270959903
1870,70.29,20.10066059,447,399,415.0,1026.0,716.0,928,591,256,910.0,590,891,16.0,8.0,0.50855615,0.69785575,1.296089385
1734,63.49,21.1157806,408,377,384.0,977.0,831.0,906,577,236,794.0,530,813,13.5,9.0,0.532871972,0.850562948,1.090252708
1671,56.24,20.1415279,409,365,367.0,925.0,673.0,884,537,238,745.0,510,807,19.0,11.0,0.538599641,0.727567568,1.313521545
1751,59.18,19.30201588,390,357,409.0,972.0,686.0,825,575,253,829.0,550,799,20.0,11.0,0.519703027,0.705761317,1.202623907
1683,85.26,30.10073472,478,424,470.0,1173.0,885.0,1112,699,235,765.0,520,830,24.0,27.5,0.52228164,0.754475703,1.256497175
1749,63.95,20.90551785,408,370,425.0,1003.0,760.0,967,541,241,846.0,571,828,17.5,16.0,0.497998856,0.75772682,1.272368421
1614,60.77,23.32825079,437,383,391.0,996.0,693.0,961,582,225,728.0,483,807,18.5,11.5,0.540892193,0.695783133,1.386724387
1632,73.47,27.58479311,418,410,433.0,1081.0,834.0,1096,630,235,743.0,511,710,24.5,20.5,0.525122549,0.771507863,1.314148681
1700,76.42,26.44290657,390,387,471.0,1115.0,903.0,957,667,261,788.0,528,808,34.5,16.5,0.528235294,0.809865471,1.059800664
1640,66.89,24.86986913,417,380,406.0,1034.0,725.0,935,630,241,732.0,495,805,11.5,8.5,0.53597561,0.701160542,1.289655172
1608,61.9,23.93969209,409,375,423.0,1049.0,710.0,885,625,232,714.0,484,758,20.5,15.0,0.552860697,0.676835081,1.246478873
1648,52.15,19.20170963,403,362,384.0,955.0,622.0,827,530,227,762.0,495,769,14.5,8.5,0.532160194,0.651308901,1.329581994
1553,49.66,20.59035355,393,348,371.0,927.0,627.0,823,520,228,694.0,468,720,21.5,11.0,0.547971668,0.676375405,1.312599681
1584,68.03,27.11378303,394,412,438.0,1093.0,798.0,988,633,231,715.0,490,749,27.0,18.0,0.53219697,0.73010064,1.238095238
1618,63.95,24.42775268,425,372,398.0,1033.0,768.0,905,581,253,751.0,508,813,28.5,25.0,0.517305315,0.743465634,1.178385417
1525,44.44,19.10884171,372,332,328.0,829.0,651.0,837,502,223,712.0,485,752,6.0,4.0,0.516721311,0.785283474,1.285714286
1610,53.29,20.55862042,409,369,364.0,929.0,728.0,864,533,228,724.0,486,784,16.0,8.0,0.539130435,0.783638321,1.186813187
1653,92.52,33.86023103,437,439,473.0,1213.0,1009.0,1169,722,245,752.0,542,777,34.0,18.0,0.522081065,0.831821929,1.158572844
1638,54.88,20.45437943,397,348,376.0,941.0,670.0,913,542,224,751.0,504,768,12.5,11.0,0.529304029,0.712008502,1.362686567
1791,76.19,23.75236191,431,398,417.0,1054.0,788.0,965,632,241,831.0,551,835,17.5,9.0,0.520938023,0.747628083,1.224619289
1575,124.72,50.2776518,482,548,536.0,1429.0,1334.0,1292,779,295,707.0,527,819,46.0,44.0,0.516190476,0.933519944,0.968515742
1679,68.71,24.37353696,432,382,424.0,1061.0,800.0,1007,591,243,788.0,531,813,30.0,26.0,0.51697439,0.754005655,1.25875
1545,99.09,41.51192384,460,456,525.0,1349.0,972.0,1176,784,256,675.0,484,748,44.0,39.5,0.539805825,0.720533729,1.209876543
1524,58.73,25.28657835,402,367,390.0,998.0,789.0,908,583,231,684.0,463,707,15.0,18.5,0.531496063,0.790581162,1.150823828
1648,56.69,20.87334457,406,370,373.0,949.0,662.0,920,544,232,758.0,508,754,19.0,12.5,0.530946602,0.697576396,1.389728097
1562,58.28,23.88677309,422,351,418.0,1054.0,662.0,863,600,228,710.0,483,762,20.5,12.5,0.533930858,0.628083491,1.303625378
1554,67.57,27.98026929,399,401,444.0,1132.0,759.0,967,672,232,679.0,478,727,30.0,20.0,0.545045045,0.6704947,1.274044796
1547,58.28,24.35224003,381,381,404.0,1034.0,682.0,916,603,246,701.0,480,734,31.0,21.0,0.532643827,0.659574468,1.343108504
1636,63.95,23.89317974,406,369,420.0,1046.0,747.0,977,575,243,765.0,521,813,24.0,12.5,0.510391198,0.71414914,1.30789826
1593,72.34,28.50670049,400,403,434.0,1085.0,868.0,1096,623,237,717.0,490,775,26.5,20.0,0.531073446,0.8,1.262672811
1694,61.9,21.57068004,436,425,401.0,997.0,695.0,901,593,227,792.0,530,833,17.0,12.0,0.52892562,0.697091274,1.296402878
1491,50.57,22.74770915,360,359,353.0,892.0,679.0,839,535,232,688.0,461,712,22.0,15.0,0.535211268,0.761210762,1.235640648
1668,70.07,25.18488806,420,388,445.0,1086.0,837.0,1002,571,252,763.0,541,830,21.0,15.0,0.51558753,0.770718232,1.197132616
1676,63.72,22.68442308,408,369,399.0,1016.0,690.0,949,593,245,785.0,516,802,23.0,12.0,0.525059666,0.679133858,1.375362319
1598,63.72,24.95296843,412,395,394.0,1020.0,777.0,993,619,223,726.0,496,761,28.0,23.0,0.536295369,0.761764706,1.277992278
1747,70.29,23.03073156,420,392,449.0,1082.0,795.0,897,617,243,850.0,567,880,28.0,17.5,0.500858615,0.734750462,1.128301887
1695,78.46,27.30919501,447,386,416.0,1060.0,763.0,991,660,245,786.0,531,852,29.0,20.0,0.518584071,0.719811321,1.298820446
1720,61.22,20.69361817,433,355,379.0,992.0,691.0,921,580,224,818.0,534,803,19.0,11.0,0.502906977,0.696572581,1.332850941
1659,69.84,25.37531597,429,384,389.0,1019.0,789.0,962,583,251,751.0,511,759,23.5,16.5,0.525617842,0.774288518,1.219264892
1759,67.8,21.91280707,416,393,380.0,1006.0,739.0,935,569,242,788.0,520,802,14.5,15.5,0.54235361,0.734592445,1.265223275
1653,59.86,21.90740844,416,368,392.0,999.0,675.0,886,580,231,758.0,500,771,9.5,19.0,0.528735632,0.675675676,1.312592593
1537,58.73,24.86063778,393,357,411.0,1005.0,741.0,939,573,233,682.0,469,737,32.5,15.0,0.54066363,0.737313433,1.267206478
1659,60.09,21.83279978,401,355,399.0,968.0,736.0,941,527,249,767.0,511,781,24.0,12.0,0.523206751,0.760330579,1.278532609
1622,57.14,21.71893554,387,353,398.0,971.0,729.0,923,549,239,744.0,486,780,22.5,18.5,0.531442663,0.7507724,1.26611797
1746,66.89,21.9418235,423,378,422.0,1052.0,753.0,933,591,245,820.0,555,833,19.0,15.5,0.525773196,0.715779468,1.239043825
1770,74.6,23.81180376,429,411,423.0,1036.0,783.0,1000,637,259,811.0,552,823,21.5,12.5,0.532768362,0.755791506,1.277139208
1597,66.21,25.96054202,400,363,426.0,1051.0,723.0,977,627,243,742.0,500,779,29.5,16.5,0.529743269,0.68791627,1.35131397
1586,79.14,31.46224292,394,417,473.0,1222.0,969.0,1095,683,226,709.0,488,741,31.5,19.0,0.528373266,0.792962357,1.13003096
1583,73.7,29.41072011,400,386,451.0,1123.0,744.0,942,669,236,717.0,495,766,32.5,30.0,0.526216045,0.662511131,1.266129032
1695,60.32,20.99529242,411,378,413.0,1018.0,678.0,907,562,238,767.0,525,816,17.0,11.5,0.528023599,0.666011788,1.337758112
1632,54.2,20.34974529,401,371,371.0,944.0,663.0,874,543,232,762.0,507,797,16.5,7.0,0.526960784,0.702330508,1.318250377
1625,78.68,29.79597633,415,441,413.0,1059.0,982.0,1143,626,257,732.0,513,791,22.0,25.0,0.519384615,0.927289896,1.16395112
1595,57.37,22.55087902,382,359,389.0,949.0,743.0,920,525,226,742.0,492,761,16.0,10.0,0.527899687,0.782929399,1.238223419
1692,63.49,22.17709259,408,383,410.0,979.0,686.0,944,577,251,785.0,520,792,21.5,10.0,0.533687943,0.700715015,1.376093294
1657,60.54,22.04943166,439,386,357.0,938.0,702.0,894,549,239,784.0,524,816,16.0,12.0,0.517199759,0.748400853,1.273504274
1831,86.17,25.70273889,459,417,451.0,1142.0,882.0,1118,612,252,837.0,559,862,25.0,29.0,0.524849809,0.772329247,1.267573696
1594,71.2,28.02227298,405,383,443.0,1103.0,790.0,986,647,242,744.0,507,802,32.0,28.0,0.51944793,0.716228468,1.248101266
1701,78.91,27.27240365,430,450,381.0,1000.0,935.0,1172,531,264,792.0,549,839,6.0,41.0,0.514403292,0.935,1.253475936
1681,109.75,38.83909503,419,463,530.0,1355.0,1068.0,1207,798,278,743.0,524,796,45.0,33.0,0.531826294,0.788191882,1.130149813
1680,81.32,28.81235828,497,409,450.0,1123.0,935.0,1065,670,252,781.0,542,809,38.0,31.0,0.51547619,0.832591273,1.139037433
1608,59.64,23.06564194,430,357,405.0,994.0,750.0,920,587,235,760.0,511,764,25.0,18.0,0.510572139,0.754527163,1.226666667
1512,49.8,21.78340472,422,353,364.0,908.0,637.0,845,531,209,679.0,468,716,21.0,19.0,0.536375661,0.70154185,1.326530612
1531,47.39,20.21791318,394,350,353.0,929.0,591.0,804,523,228,679.0,467,742,10.0,9.0,0.544741999,0.636167922,1.360406091
1716,154.42,52.44076048,592,556,610.0,1738.0,1484.0,1455,957,287,759.0,553,830,32.0,53.5,0.522727273,0.853855006,0.980458221
1647,76.87,28.33803176,469,401,440.0,1104.0,867.0,1017,670,231,769.0,521,798,21.5,29.0,0.521554341,0.785326087,1.173010381
1683,60.32,21.2957579,420,360,375.0,990.0,731.0,830,567,255,807.0,530,814,19.0,15.0,0.509209745,0.738383838,1.135430917
1606,83.67,32.43983877,445,460,449.0,1126.0,902.0,1007,738,251,753.0,514,800,18.0,30.5,0.51369863,0.801065719,1.116407982
1662,68.48,24.79143769,441,371,388.0,1035.0,763.0,904,617,251,784.0,524,809,19.0,20.5,0.509025271,0.737198068,1.184796855
1568,64.17,26.09996486,431,390,382.0,1016.0,841.0,1015,588,234,728.0,491,760,19.0,34.0,0.527423469,0.827755906,1.206896552
1855,102.95,29.91841094,482,470,481.0,1218.0,900.0,1182,712,272,853.0,585,890,28.0,31.0,0.531536388,0.738916256,1.313333333
1651,116.55,42.75807368,533,470,512.0,1332.0,1132.0,1304,802,291,734.0,523,800,39.0,51.0,0.529376136,0.84984985,1.151943463
1654,59.86,21.88092624,405,349,387.0,943.0,698.0,865,540,244,773.0,515,760,23.0,15.0,0.524183797,0.74019088,1.239255014
1711,154.65,52.82626495,529,498,533.0,1577.0,1498.0,1555,805,288,776.0,553,851,34.0,38.0,0.524839275,0.949904883,1.038050734
1577,60.77,24.43575993,418,365,428.0,1018.0,743.0,935,565,240,716.0,491,729,29.0,18.0,0.538363982,0.729862475,1.258411844
1647,51.7,19.05914196,401,330,333.0,887.0,727.0,862,495,235,785.0,524,797,8.0,8.0,0.51608986,0.819616685,1.185694635
1557,50.34,20.76519367,413,357,352.0,912.0,655.0,832,515,218,676.0,460,731,16.0,16.0,0.556840077,0.718201754,1.270229008
1508,83.9,36.89430025,437,413,456.0,1194.0,952.0,1174,729,216,657.0,476,730,34.0,45.0,0.530503979,0.797319933,1.233193277
1619,78.0,29.7578058,454,397,435.0,1049.0,835.0,1022,639,240,753.0,523,780,24.0,27.0,0.516368128,0.795996187,1.223952096
1586,57.82,22.98644031,421,360,383.0,966.0,695.0,819,584,229,745.0,497,760,18.0,16.0,0.536569987,0.719461698,1.178417266
1572,58.96,23.85900848,421,378,383.0,945.0,784.0,884,551,222,698.0,469,755,25.0,20.0,0.547073791,0.82962963,1.12755102
1509,48.53,21.31237317,407,343,345.0,876.0,652.0,861,494,223,687.0,464,703,10.0,13.0,0.536779324,0.744292237,1.320552147
1545,48.3,20.23439218,393,347,353.0,895.0,675.0,834,526,221,693.0,472,730,14.0,21.0,0.533980583,0.754189944,1.235555556
1590,80.27,31.75111744,432,412,453.0,1114.0,825.0,996,677,256,715.0,491,759,32.0,37.0,0.530188679,0.740574506,1.207272727
1647,61.22,22.56867835,406,377,385.0,981.0,728.0,938,577,230,760.0,504,753,15.0,27.0,0.531268974,0.742099898,1.288461538
1586,49.89,19.83385519,398,344,372.0,922.0,670.0,865,489,225,721.0,480,724,17.0,18.0,0.54035309,0.726681128,1.291044776
1658,66.21,24.08543728,421,357,400.0,1042.0,763.0,890,624,240,761.0,524,772,17.0,17.0,0.518697226,0.732245681,1.166448231
1636,65.08,24.31537353,418,365,406.0,1052.0,725.0,929,598,251,783.0,526,790,15.0,16.0,0.502444988,0.689163498,1.28137931
1627,91.61,34.60730474,484,465,418.0,1200.0,1090.0,1209,544,249,695.0,483,770,32.0,42.0,0.537185003,0.908333333,1.109174312
1582,55.78,22.28771531,414,364,387.0,978.0,722.0,881,557,235,718.0,485,761,21.0,10.0,0.542983565,0.738241309,1.220221607
1704,53.29,18.3529778,404,350,364.0,934.0,659.0,785,520,238,794.0,518,807,19.0,14.0,0.526408451,0.705567452,1.191198786
1595,55.33,21.74900011,395,368,370.0,936.0,745.0,868,560,222,750.0,502,751,23.0,10.0,0.521630094,0.795940171,1.165100671
1640,61.68,22.93277811,409,369,382.0,985.0,697.0,902,575,237,753.0,506,788,21.0,21.0,0.52804878,0.707614213,1.294117647
1611,59.18,22.80257433,410,363,370.0,951.0,722.0,907,570,235,739.0,503,754,32.0,24.0,0.52141527,0.759200841,1.256232687
1587,61.68,24.49009735,411,351,399.0,1012.0,707.0,938,614,243,713.0,484,753,31.0,20.0,0.537492124,0.698616601,1.326732673
1585,58.28,23.19855905,408,349,376.0,959.0,707.0,863,574,240,703.0,488,752,20.0,13.0,0.534384858,0.737226277,1.220650636
1648,64.17,23.62749199,428,380,390.0,992.0,767.0,970,581,238,767.0,533,791,15.0,14.0,0.517597087,0.773185484,1.264667536
1560,46.71,19.19378698,379,325,350.0,885.0,646.0,816,507,221,713.0,476,735,12.0,8.0,0.529487179,0.729943503,1.263157895
1557,53.74,22.16768987,415,351,355.0,889.0,704.0,884,515,225,703.0,470,723,17.5,25.0,0.539499037,0.791901012,1.255681818
1723,93.2,31.39390628,448,466,476.0,1176.0,939.0,1132,672,259,804.0,556,833,40.0,30.5,0.505513639,0.798469388,1.205537806
1693,81.86,28.55997508,414,413,471.0,1124.0,810.0,980,663,263,775.0,537,795,37.0,21.0,0.518015357,0.720640569,1.209876543
1530,57.37,24.50766799,407,364,368.0,961.0,705.0,930,561,232,701.0,478,764,21.0,16.5,0.535294118,0.733610822,1.319148936
1630,65.31,24.58127893,411,398,396.0,1015.0,740.0,920,603,257,757.0,523,796,20.0,12.5,0.528834356,0.729064039,1.243243243
1564,63.95,26.1437,414,403,387.0,1007.0,833.0,969,604,236,733.0,496,755,22.0,28.0,0.527493606,0.827209533,1.163265306
1535,52.83,22.42145805,400,345,352.0,924.0,733.0,862,554,230,678.0,458,726,14.5,13.0,0.549185668,0.793290043,1.175989086
1643,74.83,27.72047184,417,418,430.0,1073.0,831.0,1051,624,239,755.0,520,825,23.5,34.5,0.519172246,0.774464119,1.264741276
1594,58.05,22.84681105,401,391,399.0,1009.0,818.0,901,578,238,735.0,492,763,20.0,15.5,0.533249686,0.810703667,1.101466993
1586,48.75,19.38064623,390,338,351.0,895.0,664.0,807,502,224,716.0,483,736,19.0,17.0,0.53593947,0.741899441,1.215361446
1502,56.46,25.02655137,419,377,368.0,968.0,686.0,882,595,226,644.0,446,724,25.0,18.0,0.569241012,0.708677686,1.285714286
1575,53.29,21.48248929,407,392,356.0,893.0,716.0,855,525,235,676.0,464,748,14.0,16.5,0.565714286,0.801791713,1.194134078
1603,56.01,21.79709053,404,352,368.0,954.0,701.0,829,563,230,732.0,489,770,12.5,14.5,0.534622583,0.734800839,1.182596291
1645,55.56,20.53196109,399,331,373.0,939.0,632.0,834,535,242,774.0,520,775,16.5,11.0,0.525835866,0.673056443,1.319620253
1589,126.3,50.02136701,477,531,528.0,1489.0,1237.0,1338,780,263,694.0,505,820,63.5,57.0,0.541220894,0.830758899,1.081649151
1601,62.81,24.50451603,417,369,399.0,1080.0,722.0,919,594,231,711.0,484,774,19.0,15.0,0.546533417,0.668518519,1.272853186
1509,53.29,23.40276872,402,345,377.0,958.0,711.0,915,538,231,677.0,461,722,8.0,11.5,0.538767396,0.74217119,1.286919831
1580,49.89,19.98477808,382,352,362.0,925.0,691.0,802,525,226,728.0,485,741,18.0,11.0,0.52278481,0.747027027,1.160636758
1649,67.12,24.68372143,435,354,441.0,1112.0,712.0,905,644,251,784.0,531,802,21.0,11.0,0.509399636,0.64028777,1.271067416
1553,67.35,27.92509689,410,377,425.0,1072.0,975.0,1011,640,223,775.0,519,763,26.0,37.0,0.477784932,0.909514925,1.036923077
1768,57.37,18.35356053,412,343,371.0,939.0,652.0,838,511,249,832.0,568,853,7.0,9.0,0.518665158,0.694355698,1.285276074
1575,46.03,18.55580751,387,328,344.0,862.0,691.0,787,488,219,694.0,468,740,7.5,12.0,0.546031746,0.80162413,1.138929088
1631,90.48,34.01297891,461,465,449.0,1184.0,903.0,1147,726,240,748.0,519,802,28.0,51.0,0.511955855,0.762668919,1.27021041
1579,56.92,22.82972244,377,352,397.0,1013.0,704.0,889,581,245,738.0,496,739,25.0,20.0,0.521849272,0.694965449,1.262784091
1694,89.12,31.05620364,452,426,472.0,1209.0,956.0,1077,737,264,780.0,537,804,25.0,29.0,0.528335301,0.790736146,1.126569038
1595,60.54,23.79693596,402,357,397.0,995.0,769.0,868,605,218,691.0,480,730,19.0,28.0,0.551097179,0.772864322,1.128738622
1549,89.12,37.14260351,455,446,460.0,1226.0,955.0,1172,715,241,654.0,462,734,45.0,61.0,0.561007101,0.778955954,1.227225131
1535,46.94,19.92169678,374,353,354.0,882.0,592.0,762,489,223,670.0,447,687,17.5,20.5,0.564820847,0.671201814,1.287162162
1507,49.21,21.66840081,370,360,366.0,906.0,730.0,844,514,226,702.0,450,711,11.0,14.0,0.530856005,0.805739514,1.156164384
1590,63.95,25.2956766,405,377,414.0,1013.0,749.0,981,582,234,708.0,488,729,21.0,24.5,0.540251572,0.739387957,1.309746328
1659,54.65,19.85625741,421,345,404.0,1004.0,652.0,867,579,230,780.0,519,800,16.0,9.0,0.512356841,0.64940239,1.329754601
1560,56.46,23.20019724,400,380,377.0,973.0,754.0,869,542,232,702.0,482,740,20.0,19.0,0.529487179,0.774922919,1.152519894
1555,52.61,21.757426,399,370,358.0,918.0,608.0,836,522,229,715.0,473,750,19.0,18.0,0.531832797,0.662309368,1.375
1492,51.7,23.22484888,391,348,357.0,922.0,758.0,877,520,230,630.0,450,713,15.0,18.0,0.553619303,0.822125813,1.156992084
1671,56.24,20.1415279,419,380,377.0,937.0,688.0,837,529,234,777.0,514,803,16.0,17.0,0.52962298,0.734258271,1.216569767
1593,56.69,22.33957494,384,351,378.0,988.0,762.0,864,572,229,716.0,494,735,15.0,12.5,0.534839925,0.771255061,1.133858268
1594,63.27,24.90125297,422,357,404.0,1016.0,911.0,947,573,228,719.0,495,771,17.5,33.5,0.538268507,0.896653543,1.039517014
1512,63.04,27.57481593,414,385,379.0,990.0,810.0,966,578,237,663.0,462,734,18.0,37.0,0.544312169,0.818181818,1.192592593
1458,55.78,26.23997772,398,357,347.0,949.0,775.0,946,544,217,657.0,452,706,22.0,33.0,0.530864198,0.816649104,1.220645161
1560,61.45,25.25065746,419,381,369.0,933.0,810.0,977,540,240,708.0,479,752,20.0,28.0,0.540384615,0.868167203,1.20617284
1584,44.9,17.89517651,381,323,330.0,813.0,570.0,769,432,233,743.0,484,757,9.0,6.0,0.52209596,0.701107011,1.349122807
1445,51.47,24.650088,369,353,337.0,924.0,772.0,920,522,223,617.0,442,723,18.0,31.0,0.541868512,0.835497835,1.191709845
1698,58.28,20.21362346,393,356,409.0,999.0,750.0,872,579,237,807.0,545,802,21.5,17.0,0.505889282,0.750750751,1.162666667
1607,52.38,20.28307239,383,352,388.0,965.0,623.0,802,551,226,726.0,484,750,13.0,14.0,0.544492844,0.645595855,1.287319422
1505,60.32,26.63105264,419,381,366.0,956.0,827.0,898,549,225,657.0,461,730,26.0,27.0,0.532225914,0.865062762,1.085852479
1646,114.06,42.09918666,479,487,524.0,1390.0,1166.0,1290,651,257,700.0,515,820,41.0,34.0,0.537059538,0.838848921,1.106346484
1634,51.7,19.36361498,405,331,345.0,907.0,675.0,797,497,222,777.0,511,782,15.0,9.0,0.523255814,0.744211687,1.180740741
1770,67.35,21.49765393,429,389,398.0,995.0,775.0,905,582,253,809.0,536,782,13.0,16.0,0.531638418,0.778894472,1.167741935
1595,66.44,26.11609556,421,385,405.0,1011.0,800.0,1006,576,229,711.0,493,754,23.5,26.0,0.536050157,0.791295747,1.2575
1512,41.5,18.15283727,347,326,333.0,833.0,660.0,794,456,215,705.0,467,747,9.0,13.0,0.521825397,0.792316927,1.203030303
1542,48.98,20.59918478,384,338,353.0,897.0,660.0,847,510,231,696.0,474,709,18.0,7.0,0.533722438,0.735785953,1.283333333
1624,58.96,22.3555534,408,364,394.0,983.0,746.0,860,550,224,703.0,485,727,21.0,29.0,0.551108374,0.758901322,1.152815013
1519,64.85,28.10570171,429,383,398.0,1015.0,848.0,1006,552,234,667.0,491,733,32.0,38.0,0.535878868,0.83546798,1.186320755
1474,59.18,27.23829968,399,401,383.0,969.0,763.0,942,565,228,648.0,446,729,24.5,16.0,0.55156038,0.787409701,1.234600262
1504,64.63,28.57185802,436,389,383.0,986.0,884.0,1042,557,240,668.0,466,748,24.0,30.0,0.534574468,0.896551724,1.178733032
1574,76.87,31.02754578,428,425,425.0,1091.0,893.0,1062,669,234,693.0,479,750,34.5,34.0,0.543837357,0.818515124,1.18924972
1530,53.51,22.85872955,392,349,371.0,920.0,664.0,846,513,220,704.0,474,725,16.0,17.0,0.520915033,0.72173913,1.274096386
1678,75.96,26.97745912,437,404,423.0,1108.0,886.0,1069,604,234,776.0,533,822,27.0,18.0,0.511918951,0.799638989,1.206546275
1655,156.46,57.12251622,525,565,650.0,1645.0,1294.0,1408,906,282,725.0,529,865,63.0,64.0,0.527492447,0.78662614,1.088098918
1563,53.51,21.9036754,382,378,393.0,974.0,659.0,832,555,227,693.0,482,734,13.0,18.5,0.556621881,0.676591376,1.262518968
1611,60.77,23.4152153,422,396,384.0,943.0,732.0,867,549,229,738.0,494,757,13.0,26.0,0.530105525,0.776246023,1.18442623
1605,73.7,28.60997079,426,418,417.0,1088.0,846.0,973,663,255,724.0,504,779,11.0,21.0,0.533333333,0.777573529,1.150118203
1604,39.23,15.24788403,348,310,318.0,800.0,563.0,791,413,245,752.0,500,717,4.0,4.0,0.525561097,0.70375,1.404973357
1604,66.89,25.99875001,403,399,392.0,1018.0,917.0,991,601,237,724.0,494,748,24.5,39.5,0.540523691,0.900785855,1.080697928
1703,76.19,26.2705205,409,361,448.0,1117.0,736.0,942,645,242,795.0,534,845,20.0,19.0,0.516735173,0.658907789,1.279891304
1523,44.44,19.15906203,382,319,335.0,868.0,624.0,781,486,230,674.0,457,717,13.0,10.5,0.546946815,0.718894009,1.251602564
1614,121.32,46.57204848,467,496,532.0,1431.0,1090.0,1386,802,257,688.0,487,788,44.5,59.0,0.542131351,0.761705101,1.271559633
1620,67.12,25.57536961,423,366,417.0,1056.0,735.0,940,625,228,740.0,494,784,34.0,25.0,0.533950617,0.696022727,1.278911565
1583,51.93,20.72318447,383,348,356.0,896.0,667.0,805,531,217,695.0,480,754,14.0,17.0,0.548325963,0.744419643,1.206896552
1591,49.66,19.61852517,405,356,360.0,935.0,738.0,825,542,221,713.0,483,760,15.0,16.0,0.541797612,0.789304813,1.117886179
1695,78.0,27.14908502,439,429,431.0,1125.0,828.0,969,688,246,793.0,520,831,35.0,33.0,0.534513274,0.736,1.170289855
1553,64.63,26.79731272,395,390,394.0,990.0,910.0,1019,562,235,707.0,488,740,19.0,35.0,0.523502898,0.919191919,1.11978022
1485,54.42,24.67775397,403,369,369.0,963.0,690.0,918,553,230,704.0,488,745,24.0,30.0,0.511111111,0.716510903,1.330434783
1704,57.37,19.75812229,407,356,371.0,945.0,731.0,874,562,234,804.0,534,803,18.0,13.0,0.508802817,0.773544974,1.195622435
1688,72.79,25.54623099,438,403,413.0,1073.0,793.0,966,612,237,807.0,545,823,31.5,27.0,0.501184834,0.739049394,1.21815889
1634,52.15,19.53215708,401,342,356.0,907.0,685.0,864,516,224,779.0,512,759,16.0,14.0,0.520195838,0.755237045,1.261313869
1548,62.36,26.02340938,404,347,417.0,1045.0,794.0,933,605,219,709.0,483,732,35.5,25.0,0.530361757,0.759808612,1.175062972
1624,77.32,29.31701813,445,414,437.0,1114.0,813.0,937,686,252,718.0,495,797,32.0,25.0,0.541871921,0.729802513,1.152521525
1654,74.6,27.26891242,449,377,413.0,1095.0,780.0,909,656,252,788.0,529,830,17.0,18.0,0.513905683,0.712328767,1.165384615
1680,58.5,20.72704082,393,342,379.0,961.0,729.0,919,560,241,819.0,538,844,18.0,15.5,0.494047619,0.758584807,1.260631001
1657,69.84,25.43660898,432,403,407.0,1035.0,739.0,1026,594,259,730.0,514,799,17.0,29.0,0.534097767,0.714009662,1.388362652
1554,66.21,27.41710271,426,385,388.0,993.0,832.0,1041,604,211,709.0,483,772,11.5,35.0,0.523809524,0.837865055,1.251201923
1628,65.08,24.55493242,414,342,408.0,1015.0,714.0,894,611,242,743.0,511,754,18.5,13.0,0.525184275,0.703448276,1.25210084
1643,79.59,29.48379466,428,405,423.0,1085.0,819.0,989,662,261,757.0,519,782,34.0,40.0,0.524041388,0.75483871,1.207570208
1569,51.93,21.09465541,402,333,363.0,933.0,677.0,863,531,218,729.0,484,743,13.0,15.0,0.530911409,0.725616292,1.274741507
1612,111.34,42.84707128,454,451,532.0,1371.0,1021.0,1150,855,265,727.0,507,800,58.0,64.0,0.525434243,0.744711889,1.126346719
1644,47.62,17.61918293,387,327,359.0,884.0,611.0,778,463,228,777.0,503,748,9.0,10.0,0.531021898,0.691176471,1.273322422
1695,104.99,36.54336457,455,454,456.0,1186.0,1034.0,1185,733,288,797.0,542,806,41.0,63.0,0.513864307,0.871838111,1.146034816
1747,74.6,24.44291613,432,375,422.0,1119.0,799.0,950,681,283,796.0,527,813,23.0,27.0,0.533485976,0.714030384,1.188986233
1524,60.77,26.16491344,420,417,382.0,973.0,807.0,972,569,221,661.0,466,760,26.5,39.0,0.551181102,0.829393628,1.204460967
1552,86.39,35.86576018,436,437,437.0,1088.0,994.0,1171,620,246,710.0,501,788,31.5,41.0,0.50128866,0.913602941,1.17806841
1579,53.74,21.55427414,413,347,378.0,966.0,674.0,824,546,232,745.0,506,789,19.0,17.5,0.514882837,0.697722567,1.222551929
1564,72.34,29.57365533,393,414,394.0,1073.0,892.0,1127,593,242,665.0,470,722,28.0,29.5,0.544757033,0.831314073,1.263452915
1691,133.79,46.78821087,498,488,570.0,1484.0,1262.0,1432,820,270,741.0,545,852,56.0,64.0,0.519810763,0.850404313,1.134706815
1560,74.15,30.46926364,433,403,418.0,1071.0,933.0,1046,636,246,715.0,481,756,25.5,42.0,0.539102564,0.871148459,1.121114684
1678,77.32,27.46046787,431,389,458.0,1175.0,797.0,937,708,239,803.0,540,821,38.0,35.0,0.523837902,0.678297872,1.17565872
1524,61.68,26.55671978,430,373,385.0,1026.0,788.0,949,631,223,744.0,503,803,32.0,30.0,0.498031496,0.768031189,1.204314721
1684,83.67,29.50431898,432,391,421.0,1093.0,832.0,996,686,256,771.0,519,818,44.5,45.5,0.513064133,0.761207685,1.197115385
1697,156.01,54.17373166,488,543,620.0,1687.0,1397.0,1440,1057,301,695.0,535,826,61.0,64.0,0.540365351,0.828097214,1.030780243
1640,56.24,20.91017252,409,359,377.0,936.0,641.0,881,531,235,770.0,513,778,18.0,24.5,0.527439024,0.68482906,1.374414977
1598,75.06,29.39375095,412,390,436.0,1097.0,802.0,956,686,230,745.0,518,816,35.0,22.5,0.551939925,0.731084777,1.19201995
1786,76.42,23.95764494,444,394,436.0,1077.0,722.0,888,626,251,847.0,580,882,27.0,12.0,0.517917133,0.670380687,1.229916898
1575,86.17,34.7372134,434,412,502.0,1242.0,896.0,1017,795,242,760.0,508,776,38.0,29.0,0.51047619,0.721417069,1.135044643
1644,65.76,24.33090024,408,369,396.0,998.0,783.0,939,558,249,769.0,517,792,23.5,24.5,0.523114355,0.784569138,1.199233716
1554,58.96,24.41492789,398,358,393.0,996.0,777.0,847,618,228,709.0,486,747,19.0,14.0,0.526383526,0.780120482,1.09009009
1593,87.98,34.66988539,428,397,474.0,1246.0,815.0,979,767,263,686.0,493,796,26.0,32.5,0.549905838,0.654093098,1.201226994
1734,156.46,52.03614793,493,504,595.0,1565.0,1145.0,1374,957,311,804.0,533,895,64.0,63.0,0.503460208,0.731629393,1.2
1635,51.25,19.17159985,387,339,331.0,891.0,643.0,784,515,244,808.0,525,805,13.0,10.0,0.503975535,0.721661055,1.219284603
1574,52.83,21.32412181,415,314,370.0,958.0,698.0,790,551,237,778.0,523,779,11.0,19.5,0.497458704,0.728601253,1.131805158
1662,82.31,29.79823651,446,395,466.0,1190.0,792.0,1004,730,254,784.0,532,835,35.5,28.0,0.518050542,0.665546218,1.267676768
1580,51.02,20.4374299,400,325,366.0,912.0,648.0,850,534,229,736.0,488,753,9.0,13.0,0.532911392,0.710526316,1.311728395
1525,68.48,29.44584789,403,381,435.0,1095.0,754.0,960,646,243,718.0,498,774,36.5,32.0,0.512786885,0.688584475,1.273209549
1625,110.2,41.73254438,439,421,560.0,1408.0,985.0,1133,827,284,770.0,534,802,39.0,49.0,0.500923077,0.699573864,1.150253807
1626,71.66,27.10414558,435,398,371.0,1005.0,878.0,982,573,242,714.0,498,751,34.0,31.0,0.52398524,0.873631841,1.118451025
1594,96.6,38.01898273,473,438,460.0,1214.0,973.0,1115,783,284,737.0,513,828,56.0,58.0,0.527603513,0.801482702,1.145940391
1650,76.87,28.23507805,454,396,422.0,1102.0,848.0,1005,661,247,770.0,539,834,35.0,36.0,0.513333333,0.769509982,1.185141509
1687,98.87,34.74036435,466,400,515.0,1337.0,1028.0,1169,700,271,799.0,548,852,13.5,37.0,0.505631298,0.768885565,1.137159533
1654,80.95,29.59005979,448,388,457.0,1123.0,939.0,1122,670,240,792.0,535,817,30.0,38.5,0.507859734,0.836153161,1.194888179
1651,77.55,28.45035276,424,398,435.0,1075.0,858.0,1110,646,251,777.0,528,829,37.0,35.0,0.51120533,0.798139535,1.293706294
1615,65.99,25.30073134,418,366,410.0,1051.0,829.0,956,639,245,763.0,522,808,21.0,26.0,0.504643963,0.788772598,1.153196622
1517,88.44,38.43063605,445,426,467.0,1258.0,1075.0,1136,750,233,671.0,479,762,42.0,52.0,0.514831905,0.854531002,1.056744186
1713,61.22,20.86308845,407,328,378.0,978.0,753.0,885,576,242,803.0,525,785,21.0,17.0,0.521891419,0.76993865,1.175298805
1519,76.42,33.12008827,404,374,449.0,1186.0,792.0,960,724,262,710.0,495,740,27.0,34.0,0.508229098,0.667790894,1.212121212
1849,90.93,26.59704382,439,408,440.0,1147.0,943.0,1024,702,266,904.0,616,873,24.0,30.0,0.502433748,0.822144725,1.085896076
1576,56.24,22.64294365,395,334,391.0,994.0,739.0,800,549,239,725.0,507,762,18.0,26.0,0.516497462,0.743460765,1.082543978
1623,69.61,26.42619249,438,398,410.0,1044.0,732.0,930,621,243,768.0,525,793,23.0,27.0,0.517560074,0.701149425,1.270491803
1691,67.8,23.71059643,438,369,416.0,1034.0,738.0,933,621,242,800.0,528,845,23.0,17.5,0.526315789,0.713733075,1.264227642
1663,84.58,30.58321814,449,412,459.0,1151.0,825.0,1068,703,242,790.0,535,812,34.0,46.0,0.515935057,0.716768028,1.294545455
1645,92.06,34.02038045,437,425,459.0,1214.0,1062.0,1116,689,242,800.0,550,839,41.0,44.0,0.490577508,0.874794069,1.050847458
1567,54.42,22.16259165,388,370,364.0,939.0,716.0,927,539,215,688.0,458,739,22.5,17.0,0.5488194,0.762513312,1.294692737
1600,56.01,21.87890625,404,361,366.0,942.0,639.0,913,543,227,714.0,473,749,14.0,9.0,0.543125,0.678343949,1.428794992
1654,55.78,20.38954336,404,340,361.0,917.0,643.0,882,514,230,749.0,492,759,18.0,10.0,0.531438936,0.701199564,1.371695179
1508,55.33,24.33088954,413,349,424.0,1058.0,732.0,834,608,222,688.0,482,774,14.5,10.0,0.525198939,0.691871456,1.139344262
1508,54.2,23.83398181,372,342,375.0,935.0,676.0,850,556,228,669.0,457,715,27.5,18.0,0.547745358,0.722994652,1.25739645
1585,102.95,40.97960971,478,472,501.0,1300.0,955.0,1117,831,252,713.0,501,821,56.0,56.0,0.528706625,0.734615385,1.169633508
1703,66.67,22.98799845,426,362,407.0,1020.0,731.0,907,592,245,829.0,543,853,22.0,26.0,0.512037581,0.716666667,1.240766074
1678,72.11,25.61011818,439,361,412.0,1076.0,764.0,950,637,240,793.0,536,847,30.0,29.0,0.513706794,0.710037175,1.243455497
1612,63.04,24.2597393,396,351,417.0,1043.0,720.0,847,615,237,734.0,492,749,15.5,22.0,0.529156328,0.690316395,1.176388889
1702,73.47,25.36243391,437,378,420.0,1078.0,694.0,963,658,250,754.0,509,806,30.0,19.0,0.544065805,0.643784787,1.387608069
1616,65.08,24.92096363,408,374,395.0,1009.0,819.0,953,569,232,743.0,497,763,17.5,22.0,0.527846535,0.811694747,1.163614164
1728,82.31,27.56545246,445,400,474.0,1140.0,842.0,1021,665,245,805.0,542,806,37.5,28.0,0.519097222,0.738596491,1.212589074
1620,82.31,31.36335924,436,423,434.0,1110.0,939.0,1145,678,247,714.0,503,755,38.0,39.0,0.541358025,0.845945946,1.219382322
1744,93.2,30.64241225,432,421,451.0,1148.0,942.0,1145,688,269,824.0,561,826,35.0,38.5,0.517775229,0.820557491,1.215498938
1622,49.21,18.70473955,396,314,380.0,933.0,628.0,820,512,223,745.0,506,790,20.0,16.0,0.528360049,0.673097535,1.305732484
1675,77.78,27.72287815,447,378,423.0,1090.0,836.0,987,665,241,797.0,538,839,20.0,21.0,0.508059701,0.766972477,1.18062201
1723,120.41,40.5594448,496,502,537.0,1360.0,1149.0,1304,780,264,783.0,547,837,56.0,59.0,0.543238537,0.844852941,1.134899913
1735,77.78,25.8386001,439,377,483.0,1166.0,747.0,967,668,248,794.0,547,848,27.0,18.5,0.521037464,0.640651801,1.294511379
1523,69.39,29.91555613,430,366,424.0,1053.0,782.0,979,663,245,678.0,470,755,31.0,25.0,0.548260013,0.742640076,1.251918159
1608,58.28,22.53966486,435,357,391.0,1014.0,696.0,916,573,236,763.0,509,813,12.0,13.5,0.501243781,0.686390533,1.316091954
1654,59.86,21.88092624,395,336,401.0,1044.0,702.0,832,602,236,752.0,518,775,23.0,11.0,0.523579202,0.672413793,1.185185185
1816,91.61,27.77865377,468,416,465.0,1182.0,803.0,995,711,280,865.0,594,903,10.0,18.0,0.509361233,0.679357022,1.239103362
1733,72.56,24.16017906,421,367,437.0,1060.0,715.0,877,614,267,840.0,570,851,21.0,11.0,0.504327755,0.674528302,1.226573427
1567,68.48,27.8885387,435,375,410.0,1075.0,780.0,927,641,235,707.0,478,763,29.5,20.0,0.542437779,0.725581395,1.188461538
1606,56.92,22.06855053,411,357,372.0,978.0,729.0,833,551,233,779.0,524,807,17.5,17.5,0.494396015,0.745398773,1.14266118
1648,51.47,18.95133259,385,326,380.0,930.0,641.0,819,537,249,759.0,494,771,12.0,13.5,0.528519417,0.689247312,1.277691108
1711,61.9,21.14416942,386,344,405.0,993.0,653.0,877,584,234,767.0,519,794,19.0,10.0,0.5371128,0.657603223,1.343032159
1572,88.89,35.97061166,448,429,432.0,1161.0,894.0,1070,731,252,712.0,506,786,39.0,45.0,0.532442748,0.77002584,1.196868009
1633,87.07,32.65097655,422,374,468.0,1200.0,799.0,1007,788,266,752.0,512,800,30.0,30.0,0.526638089,0.665833333,1.260325407
1578,56.69,22.76630025,408,379,384.0,965.0,824.0,908,576,230,733.0,494,750,22.5,26.0,0.530418251,0.85388601,1.101941748
1543,56.24,23.62182566,400,319,417.0,1032.0,708.0,828,554,231,704.0,492,760,19.0,18.5,0.526895658,0.686046512,1.169491525
1573,86.85,35.10042521,463,434,482.0,1228.0,926.0,1102,698,260,703.0,505,809,40.5,45.0,0.534011443,0.754071661,1.190064795
1610,60.32,23.27070715,400,348,395.0,1032.0,711.0,855,596,238,760.0,519,772,14.5,31.0,0.519875776,0.688953488,1.202531646
1573,85.03,34.36487225,434,421,472.0,1197.0,963.0,1094,698,261,693.0,499,751,43.0,42.0,0.539097266,0.804511278,1.136033229
1641,63.49,23.57697945,427,400,375.0,978.0,749.0,902,567,246,739.0,510,785,16.0,19.0,0.534430225,0.765848671,1.204272363
1771,70.98,22.63074612,435,399,445.0,1059.0,786.0,903,586,232,799.0,536,855,10.0,9.5,0.529079616,0.742209632,1.148854962
1638,75.06,27.97568732,442,385,446.0,1097.0,825.0,995,629,249,742.0,520,787,25.0,28.0,0.526251526,0.752051048,1.206060606
1610,65.53,25.28066047,441,402,338.0,910.0,814.0,972,469,247,730.0,503,815,3.5,53.0,0.508695652,0.894505495,1.194103194
1651,69.39,25.4567373,417,366,416.0,1076.0,744.0,902,583,252,808.0,527,808,19.0,21.0,0.508782556,0.691449814,1.212365591
1615,99.09,37.99135427,437,388,511.0,1282.0,1059.0,1127,742,262,696.0,498,780,32.5,27.0,0.547368421,0.826053042,1.06421152
1710,65.99,22.56762765,424,370,411.0,1016.0,723.0,929,573,231,778.0,515,797,16.0,20.0,0.531578947,0.711614173,1.284923928
1682,94.1,33.26117908,433,454,454.0,1249.0,1033.0,1194,665,255,744.0,511,772,34.0,54.5,0.539239001,0.827061649,1.155856728
1516,104.08,45.2865129,470,472,470.0,1372.0,1077.0,1208,773,261,674.0,477,780,56.0,62.0,0.530343008,0.784985423,1.121634169
1648,115.19,42.4131339,480,488,531.0,1394.0,1098.0,1295,819,269,749.0,524,826,49.0,58.0,0.526699029,0.787661406,1.179417122
1568,94.33,38.36698901,451,413,486.0,1235.0,923.0,1134,781,262,679.0,502,800,42.0,42.0,0.517857143,0.747368421,1.228602384
1720,59.86,20.23391022,400,359,379.0,966.0,746.0,845,561,247,789.0,540,783,16.0,10.0,0.529069767,0.772256729,1.132707775
1585,67.35,26.80890446,416,357,430.0,1087.0,767.0,957,639,248,731.0,496,764,35.5,30.0,0.532492114,0.705611776,1.247718383
1663,95.46,34.5173091,475,463,482.0,1227.0,966.0,1127,698,247,743.0,516,830,31.5,35.5,0.53096813,0.787286064,1.166666667
1579,68.48,27.46625777,429,386,421.0,1042.0,790.0,931,613,229,749.0,499,772,20.0,45.0,0.515516149,0.75815739,1.178481013
1735,57.6,19.13478228,402,357,373.0,962.0,635.0,895,504,255,791.0,529,799,12.0,11.5,0.529682997,0.66008316,1.409448819
1634,57.37,21.48724548,395,357,369.0,936.0,681.0,852,558,220,742.0,496,749,22.0,17.0,0.536107711,0.727564103,1.251101322
1594,52.83,20.79236913,407,330,356.0,918.0,665.0,788,553,217,733.0,515,783,14.0,13.0,0.528230866,0.724400871,1.184962406
1733,63.49,21.14015667,408,349,398.0,991.0,672.0,893,563,247,824.0,535,798,18.0,16.0,0.521061743,0.678102926,1.328869048
1633,116.33,43.62338465,448,501,492.0,1385.0,1207.0,1360,750,259,703.0,499,752,55.5,60.0,0.548071035,0.871480144,1.126760563
1498,59.18,26.37250201,380,362,409.0,1026.0,712.0,914,579,225,687.0,475,741,20.0,16.0,0.517356475,0.693957115,1.283707865
1599,107.26,41.95085969,467,489,483.0,1288.0,1100.0,1230,792,255,704.0,498,794,54.0,56.0,0.534083802,0.854037267,1.118181818
1609,49.21,19.00821243,390,324,359.0,934.0,634.0,767,526,230,732.0,486,760,6.0,10.5,0.535114978,0.678800857,1.20977918
1563,52.15,21.34697575,391,333,391.0,961.0,664.0,833,556,221,729.0,485,770,15.0,10.0,0.520793346,0.69094693,1.254518072
1606,76.42,29.62892888,431,426,422.0,1076.0,847.0,1026,631,239,712.0,483,786,28.0,35.0,0.533001245,0.787174721,1.21133412
1710,56.46,19.30850518,419,361,352.0,920.0,664.0,843,500,239,786.0,520,822,9.0,12.5,0.535087719,0.72173913,1.269578313
1685,64.63,22.76325406,423,352,400.0,1020.0,831.0,869,592,222,773.0,517,784,30.0,13.5,0.526409496,0.814705882,1.045728039
1516,55.56,24.17485258,393,353,380.0,972.0,704.0,859,605,220,672.0,466,714,29.0,19.0,0.541556728,0.724279835,1.220170455
1596,98.64,38.72463113,465,442,468.0,1276.0,1032.0,1300,698,255,681.0,503,780,43.0,63.0,0.54197995,0.808777429,1.259689922
1619,80.27,30.62383425,437,419,464.0,1151.0,878.0,1024,710,255,724.0,497,818,26.5,41.0,0.541074737,0.762814944,1.166287016
1688,70.98,24.91099706,427,351,432.0,1077.0,825.0,991,605,229,812.0,543,811,19.0,20.0,0.511255924,0.766016713,1.201212121
1647,44.9,16.55233025,375,320,375.0,912.0,620.0,810,490,215,777.0,515,791,13.0,8.0,0.515482696,0.679824561,1.306451613
1601,72.56,28.3083535,426,389,439.0,1062.0,880.0,1017,632,234,735.0,504,771,27.0,24.0,0.537164272,0.828625235,1.155681818
1674,80.73,28.80872548,440,416,438.0,1091.0,875.0,999,696,260,779.0,539,807,24.0,14.0,0.516129032,0.802016499,1.141714286
1769,66.89,21.3749708,444,366,402.0,1004.0,803.0,895,573,240,822.0,539,840,14.5,11.0,0.530243075,0.799800797,1.114570361
1645,58.05,21.45212997,425,359,374.0,956.0,720.0,850,566,247,776.0,526,775,15.0,10.0,0.516109422,0.753138075,1.180555556
1692,68.71,24.00044152,441,387,411.0,1046.0,812.0,939,595,246,776.0,525,808,22.0,20.0,0.53250591,0.776290631,1.156403941
1653,53.51,19.58345182,395,345,392.0,949.0,674.0,828,531,228,772.0,504,764,9.0,11.0,0.524500907,0.710221286,1.228486647
1573,44.9,18.14633381,397,323,328.0,856.0,613.0,805,472,215,747.0,483,775,14.0,11.0,0.527654164,0.716121495,1.313213703
