weight_kg,stature_cm,neck_base_girth,chest_girth,waist_girth,hips_buttock_girth,shoulder_girth,thigh_girth,thigh_low_girth,calf_girth,ankle_girth,forearm_girth,wrist_girth,shoulder_length,sleeveoutseam_length,forearm_length,crotchheight_length,waistback_length,thigh_length,chest_depth_length,head_girth,biacromialbreadth,scyecircoveracromion
66.6,157.56,36.19,94.86,82.21,105.35,94.35,63.78,38.95,35.12,19.56,26.63,14.95,11.41,49.49,20.96,74.29,36.72,35.65,25.56,53.81,32.42185722684774,102.53568212870766
58.45,157.12,37.45,87.45,75.24,93.84,98.5,55.83,39.47,31.23,17.99,25.05,14.13,13.36,50.25,21.61,74.76,36.53,34.57,22.81,59.01,35.52664096815633,92.6579012148145
108.19,158.87,45.19,125.19,108.6,133.99,118.17,78.49,55.37,42.25,22.66,31.35,16.42,14.37,50.85,23.92,71.35,39.1,30.48,35.05,57.86,38.66163446223906,153.8669629873374
49.47,158.17,33.68,78.54,64.87,89.39,93.51,51.17,36.12,34.49,19.31,22.78,13.58,13.13,48.73,20.47,76.06,40.92,34.54,20.59,55.83,34.85832940021512,107.86923988426821
66.74,157.38,38.8,103.02,83.36,99.11,105.41,57.65,38.79,33.98,21.08,24.67,15.44,14.31,47.81,20.38,73.18,39.86,33.07,27.49,56.7,37.3255095747289,125.63786941604758
79.61,161.44,36.57,97.54,88.15,110.59,106.28,72.56,45.88,40.69,21.64,25.77,14.89,14.98,53.54,23.76,78.33,40.01,35.99,25.9,53.44,37.39363659389865,105.09319526473831
70.82,158.17,38.9,101.28,87.62,105.05,110.39,58.88,40.17,37.38,21.69,25.62,14.17,14.52,48.89,20.48,70.94,40.73,31.16,26.07,55.26,38.48071827167137,121.95163317009906
55.14,146.07,37.47,97.88,76.59,98.47,98.38,58.65,37.37,33.03,18.44,20.49,12.77,14.32,46.39,20.34,69.53,35.36,31.83,27.18,58.13,35.69418776078236,125.86644157513763
80.02,170.32,41.57,102.88,88.15,106.92,108.23,63.56,41.25,35.48,21.59,30.01,15.96,15.75,57.35,25.84,80.74,41.05,37.0,27.88,56.39,39.27828348722608,111.85284149478184
57.24,160.85,40.82,87.54,74.58,89.82,100.84,56.7,35.27,31.51,18.52,24.59,14.03,13.81,53.76,24.05,76.27,38.9,35.55,23.32,57.0,37.14040073803338,104.66830676228005
65.55,173.36,37.53,94.76,83.05,96.68,102.7,55.8,38.11,34.22,20.13,25.47,14.52,15.22,57.4,24.45,91.36,37.81,42.3,25.09,55.69,38.01114113839917,100.44216461563343
63.46,160.51,40.26,92.51,74.91,96.31,100.71,59.33,40.75,37.32,19.91,25.96,14.16,12.94,52.02,22.68,77.53,42.96,36.57,23.0,56.15,36.59165180579278,149.7370454617121
62.85,163.8,39.31,88.22,74.99,94.23,104.23,57.57,40.27,35.9,20.95,25.55,14.36,15.0,49.83,21.92,76.48,39.37,35.4,23.4,59.92,38.39986106732435,103.57841287546557
68.84,164.39,43.33,98.65,87.27,94.97,104.23,55.24,38.55,36.36,19.98,26.51,15.2,14.05,53.55,24.0,76.87,41.64,38.12,26.5,55.42,37.67634800341061,115.81300035228844
54.49,162.01,32.0,79.48,70.44,91.51,95.92,54.83,36.85,34.4,18.63,24.37,14.43,14.96,51.52,23.14,78.07,41.65,37.58,21.2,55.56,35.946082144454124,75.32294285824605
53.46,160.91,34.45,85.28,71.19,91.82,95.49,52.78,34.45,32.45,18.67,23.85,13.36,13.49,52.69,22.76,77.79,42.84,39.02,21.7,57.69,35.2806907004644,107.4527692581529
67.67,163.52,34.21,91.21,71.9,96.88,105.53,60.99,43.72,40.85,22.98,26.69,14.6,16.61,52.99,23.66,77.44,44.7,36.96,24.66,55.89,38.92482669856616,99.42470890491632
69.98,155.55,39.79,101.43,79.15,102.97,104.12,66.4,41.9,37.77,20.84,26.38,14.76,14.18,49.61,21.15,72.63,36.81,35.45,27.18,54.91,36.56132720580678,108.48091886637894
61.47,166.22,35.34,90.49,72.79,93.44,101.87,55.0,38.02,36.06,21.21,26.05,15.19,14.04,54.06,22.78,78.88,44.08,34.86,24.17,57.44,37.16254077220569,121.22472907544727
57.51,162.2,35.13,87.42,72.45,93.89,98.73,56.03,40.26,32.27,18.74,25.15,13.89,15.9,55.69,25.53,84.01,36.5,36.46,23.24,54.41,37.540811521804315,88.97100870510826
84.01,174.16,40.97,111.0,95.51,109.73,105.52,62.9,41.62,39.72,20.12,26.59,15.12,15.83,54.6,24.76,81.41,45.94,35.72,31.59,59.03,38.87719137778358,152.37806347501657
99.62,160.86,39.68,114.13,101.85,121.39,107.02,78.73,54.53,44.58,24.75,29.05,17.39,12.53,53.69,22.3,74.11,41.17,31.29,31.9,55.51,35.301618019524525,144.17446190720102
74.81,167.2,36.31,103.34,83.86,106.5,105.66,64.01,41.77,35.89,20.85,25.93,14.79,15.12,54.35,22.88,79.8,41.58,37.06,27.82,55.36,37.5961773294531,105.94929403651372
53.98,167.63,34.22,89.75,74.07,91.49,97.44,48.45,32.59,29.81,17.47,24.0,13.87,13.83,54.02,23.73,83.94,39.71,39.04,24.34,56.58,35.751267803861104,90.8602830118815
58.32,163.95,38.74,81.54,73.75,94.97,97.72,55.94,37.87,34.16,19.72,24.21,14.11,14.66,55.75,25.48,81.19,39.46,36.73,22.01,59.64,37.48261178233178,115.9576877792137
74.41,158.46,39.51,102.33,90.95,108.56,106.17,67.5,40.45,32.27,19.34,25.11,14.63,14.9,51.99,22.78,78.17,41.71,41.0,28.23,57.23,37.2244547524767,124.08889160150648
64.06,156.02,37.61,91.64,79.74,98.89,98.19,60.4,43.5,35.57,19.56,25.57,15.41,12.78,51.74,22.6,73.76,41.25,33.75,25.0,55.05,35.01317934525976,124.19353040883016
84.38,161.57,40.3,109.97,94.38,111.98,107.1,69.41,43.87,39.37,22.71,26.7,16.04,14.75,49.68,22.71,72.26,40.91,38.97,29.76,56.27,37.009583659398785,99.95003463356522
52.07,152.14,35.44,84.03,69.75,88.27,92.73,55.44,39.32,35.19,21.08,24.32,14.61,13.7,47.29,21.63,70.88,39.64,32.26,22.52,55.16,34.80224896645412,108.38704956443343
71.31,168.71,36.79,96.78,78.74,100.17,101.33,61.54,42.56,41.08,23.66,27.45,16.13,14.4,54.33,23.76,80.59,41.6,37.02,24.94,57.24,37.16402979326858,118.82786854590768
76.81,168.32,39.56,99.33,81.71,101.93,109.23,65.98,46.92,37.99,20.79,26.68,15.54,15.01,58.37,26.08,87.01,40.92,40.05,26.67,60.57,39.10289760853186,130.86565638282116
65.49,171.59,37.65,96.57,74.04,99.56,99.3,56.5,38.46,31.9,20.29,25.65,14.94,14.3,52.47,23.39,81.15,43.98,36.66,26.39,59.2,37.090171030583036,130.26707892331626
61.65,163.0,35.96,91.7,78.19,98.84,101.53,56.07,37.31,31.94,19.44,24.58,14.4,14.79,50.68,22.99,77.62,39.91,37.1,23.57,56.33,37.0862979501355,91.72669059478619
148.52,180.62,43.9,128.51,116.39,147.12,120.4,83.78,60.58,51.88,27.35,35.08,18.95,16.79,57.11,26.33,82.37,44.91,36.53,35.38,58.7,40.23124858719076,108.33330350391077
72.56,164.5,35.91,97.58,78.45,104.03,100.7,64.43,43.53,39.27,22.85,26.86,14.8,14.64,52.56,22.58,76.57,42.32,36.57,26.01,56.81,36.520978884473664,111.39137423468537
59.25,162.37,35.73,87.73,75.64,94.98,99.63,55.58,37.41,36.15,20.23,25.17,14.57,15.08,53.24,25.25,80.03,39.47,36.01,22.74,56.69,37.39163770529906,105.25401185102663
56.58,162.85,34.27,88.56,68.31,91.63,94.37,55.89,38.7,35.42,21.06,25.31,15.0,15.0,52.37,22.85,78.27,42.97,36.3,24.96,53.85,35.99750533406913,108.0514602077314
73.74,159.85,36.16,98.68,76.89,106.93,100.84,71.66,45.51,39.89,21.54,26.89,14.7,14.62,52.01,22.51,77.77,40.94,35.74,25.83,54.56,36.39127243736791,129.98111746750578
51.93,152.41,37.5,80.67,75.21,92.04,95.43,53.46,36.81,34.35,20.5,21.76,13.29,14.03,50.87,22.66,72.42,36.42,32.15,20.71,54.02,36.05869216335661,97.51418894038875
67.2,163.87,40.04,95.54,81.15,98.69,100.19,59.83,41.1,35.95,19.64,27.28,15.26,13.7,50.13,22.34,77.65,41.23,37.15,26.06,54.69,36.230184939102145,119.94591849284484
85.75,161.76,41.44,112.03,96.65,116.23,106.94,72.07,43.64,37.45,20.95,26.58,15.18,14.63,53.41,24.22,77.04,37.46,39.91,30.96,59.29,36.927667684600785,112.53908338778365
79.1,166.23,39.84,96.31,87.93,111.98,101.11,65.62,44.87,38.33,21.63,27.97,14.92,14.32,54.53,23.59,79.01,37.61,39.17,26.85,56.52,36.2166646786338,92.36339533344852
66.07,164.92,38.29,94.44,81.06,98.84,105.47,58.88,40.86,33.68,19.3,24.13,14.25,14.54,55.28,24.6,78.7,42.57,39.67,23.57,53.94,37.96951923384736,94.590191662027
54.7,165.31,37.16,85.05,72.39,94.48,97.48,51.03,35.84,32.29,20.7,24.42,14.46,14.61,54.79,24.56,78.46,41.55,33.77,22.2,54.28,37.49239950834089,113.473704836965
53.71,156.16,36.38,85.32,71.62,91.33,97.88,54.19,38.45,33.98,20.97,22.51,13.47,14.56,48.78,22.72,74.34,42.01,36.1,22.16,53.1,36.668108088137686,106.26090475478202
61.73,165.62,36.5,91.08,70.44,96.86,101.86,59.66,38.35,34.63,19.43,25.37,14.35,13.91,55.58,23.69,78.64,41.9,35.02,22.98,55.81,37.22761486708413,114.31029152227478
51.21,153.5,33.93,81.07,70.98,93.09,95.39,56.54,38.25,33.28,18.39,21.31,13.04,14.06,51.72,23.38,73.03,38.71,33.1,19.52,53.38,35.73032306030835,89.05182548547202
58.62,158.11,36.75,97.17,78.82,96.97,99.27,55.61,36.71,32.53,19.14,23.04,13.59,13.49,49.87,20.91,78.27,38.51,37.14,25.72,54.0,35.51698589634771,116.29303379879678
62.7,157.35,37.55,93.59,75.13,96.1,102.35,63.83,41.19,35.65,19.5,23.63,13.56,15.63,47.25,20.35,74.96,39.91,37.65,24.46,53.71,37.47353223724019,98.42492611756813
73.66,172.58,39.89,94.73,78.51,104.85,100.56,63.82,41.85,36.15,21.23,24.96,14.97,14.94,55.04,24.52,84.67,42.41,40.91,25.6,58.41,37.7949411967732,123.58067467611113
85.25,165.58,40.33,104.95,86.51,111.84,109.9,70.33,46.21,41.7,23.33,29.38,16.52,13.85,53.33,23.36,80.69,44.18,37.54,27.4,57.18,38.08435527299758,159.23461456492555
57.97,151.88,38.44,93.5,74.45,95.87,98.38,58.15,39.45,36.58,20.16,25.81,15.52,14.7,45.85,21.54,72.56,35.97,31.08,25.53,55.39,36.50177939705705,126.08390264571244
99.02,161.64,43.8,118.63,105.12,117.24,115.82,76.07,49.65,44.06,25.31,28.97,15.5,15.47,50.25,22.09,69.04,42.11,38.9,32.0,60.82,38.89401632339928,110.01787907214896
57.79,161.71,35.04,84.55,73.45,95.91,94.09,58.44,38.75,33.96,18.73,22.47,13.34,13.54,50.6,22.66,77.93,40.93,33.49,22.69,56.86,35.29042127876769,118.17639812165305
62.21,166.76,39.26,89.63,72.12,92.78,99.6,59.26,40.54,35.9,21.72,24.46,14.29,14.66,53.65,24.25,79.93,43.43,38.75,23.98,52.91,37.54676808699821,111.32885770808832
61.26,169.41,35.76,82.58,73.02,98.22,99.06,54.91,39.44,36.64,20.22,23.99,13.38,15.16,55.02,24.69,79.56,42.33,37.39,20.42,56.65,37.843968626050135,89.19673160259111
64.05,168.09,36.5,93.42,75.38,97.56,99.27,57.57,39.63,36.09,20.78,26.29,14.69,14.9,54.29,24.13,81.67,41.95,36.12,25.19,57.54,37.30341886967436,123.15852947778592
68.01,162.82,41.03,103.96,83.03,100.37,103.71,59.6,36.92,34.2,21.24,25.05,14.94,13.79,51.43,21.81,76.22,40.37,38.25,27.52,56.63,36.966349675282835,124.148613773134
47.52,150.19,35.92,81.39,69.64,87.51,96.14,51.81,32.98,29.65,18.13,21.3,13.28,15.17,48.62,21.26,67.91,38.49,32.47,21.0,52.27,36.40252545793369,70.807050110707
55.47,159.56,34.34,83.96,72.75,94.43,94.42,54.97,39.03,33.37,20.06,25.44,14.95,14.4,49.63,21.51,75.67,40.46,33.67,20.64,57.93,35.94986412637234,112.58538639062851
49.5,145.38,33.1,88.52,70.34,88.64,94.46,56.05,36.67,33.76,19.11,24.49,13.8,12.52,47.92,21.32,69.87,36.43,34.1,22.84,54.16,33.18779108587692,91.65593839236271
68.83,165.59,37.9,92.68,80.62,100.67,104.87,65.13,39.43,35.59,19.79,25.61,14.37,14.67,53.16,23.32,77.4,41.99,43.09,24.35,55.32,37.16176527471878,75.04561854713512
92.54,163.97,43.08,107.41,102.25,114.64,110.26,78.01,49.33,39.9,20.88,28.98,16.21,14.84,54.53,24.48,78.68,43.94,39.11,29.17,57.87,38.24694348902605,143.04430534340065
58.83,160.01,37.27,89.96,78.48,91.89,94.83,57.41,40.52,33.85,19.54,24.16,14.4,14.27,50.54,22.29,76.47,39.25,40.23,24.23,54.26,35.154112498563215,80.31097547370871
63.37,163.93,39.13,93.18,79.6,97.67,101.05,59.14,38.85,34.17,18.82,24.72,14.04,14.81,52.35,23.38,80.13,38.57,39.65,24.19,56.85,37.280394825294216,101.10317188996879
71.63,174.49,37.03,95.23,76.43,102.36,99.51,65.95,42.5,36.74,22.17,26.61,15.2,15.62,54.59,25.42,87.94,41.38,44.26,25.91,55.57,37.394897139980955,99.32849043158336
68.59,171.56,41.1,98.66,77.71,96.88,105.52,59.1,39.86,34.82,19.62,25.42,14.25,14.95,55.89,24.62,82.43,39.28,39.87,27.04,58.83,38.53560740428572,97.93676784181667
58.6,165.51,36.46,87.18,68.71,92.34,96.98,58.97,38.82,33.85,21.01,23.25,14.37,13.94,51.79,22.59,79.98,40.41,39.46,22.6,55.88,36.123619895925074,94.32312155808262
60.24,153.9,40.42,100.66,82.22,96.17,102.92,54.56,35.01,31.42,19.45,25.77,14.53,13.15,52.12,22.54,72.18,40.0,35.3,25.27,55.29,36.41175181598244,129.5173512059106
92.14,162.65,43.3,121.14,109.11,113.6,114.16,66.19,41.32,41.23,21.26,31.28,17.35,15.13,52.32,23.68,71.94,40.29,39.3,33.35,57.46,38.094861911775475,101.53517142546195
64.88,157.84,38.33,93.55,80.32,96.62,104.05,61.73,42.9,35.88,19.08,25.35,14.02,15.5,50.37,23.06,75.28,39.3,38.35,23.85,56.56,37.811112050946335,91.7599881108913
66.62,167.2,39.28,94.86,77.77,96.61,104.79,60.26,37.35,36.99,19.81,26.32,14.48,15.23,52.47,23.39,77.19,44.15,39.89,25.55,57.2,38.258086041916116,106.16770955420697
77.92,168.89,39.28,97.65,81.14,104.52,104.33,67.63,45.03,41.12,23.47,28.51,16.12,15.92,52.24,22.48,81.29,41.9,39.39,24.92,57.98,38.706765557398676,123.10827245861265
69.49,162.06,40.34,104.83,84.53,98.99,105.12,60.68,38.01,35.96,20.14,26.16,15.17,13.81,51.59,22.86,76.97,37.8,43.29,27.81,59.99,36.4269788734992,93.01565761715915
77.36,172.64,41.17,98.91,81.64,103.65,109.42,62.62,40.72,36.82,21.77,31.52,16.17,15.35,55.52,24.2,80.51,46.8,38.17,25.98,56.49,39.678648965840445,135.25724344293678
60.22,157.69,38.67,90.88,80.62,95.19,97.45,58.55,39.54,36.03,19.25,26.06,14.25,13.43,49.59,21.24,74.32,41.55,33.43,23.18,53.02,35.79721802444706,133.49181434681168
55.93,158.94,35.1,89.56,69.55,94.46,91.14,57.8,41.16,33.75,18.68,23.56,13.34,14.47,51.44,22.84,72.95,37.59,30.57,25.78,52.52,34.779607163781314,85.45855207521493
56.3,162.23,35.64,83.79,73.02,90.25,98.4,56.53,37.57,34.62,19.89,23.9,14.17,14.3,50.24,22.27,76.43,45.72,37.16,20.4,56.18,36.90112981653646,118.13733510587463
55.63,151.46,36.23,88.61,76.16,91.95,98.97,55.78,39.03,36.75,19.77,24.26,14.43,14.17,49.39,22.12,72.79,36.28,34.34,22.55,55.8,35.98996495973431,95.85029667593471
74.89,167.13,41.73,100.13,84.44,103.49,103.49,62.83,43.78,38.4,23.97,27.37,15.66,15.18,54.62,24.21,78.39,41.23,37.61,25.52,57.08,38.54503713767763,125.81513296859623
73.27,162.48,35.0,96.23,77.24,112.42,99.89,70.02,46.9,36.53,19.33,26.08,14.37,14.31,52.79,23.4,74.43,40.53,37.09,25.09,57.86,35.73915084914669,94.61051536931836
60.21,164.79,35.95,91.9,72.92,92.82,99.33,58.88,37.71,32.97,19.44,25.97,14.23,14.58,52.92,25.17,82.07,40.36,40.86,24.57,55.62,36.40946918675618,91.94998381254948
65.36,155.58,38.91,100.09,85.5,99.86,106.46,57.27,39.5,34.84,19.07,26.25,14.86,14.04,51.81,23.42,72.51,41.99,34.26,25.8,54.34,37.403672916993024,124.32452026500823
63.71,159.72,35.12,90.36,75.14,98.2,96.25,64.51,41.74,35.8,19.96,25.29,14.07,13.12,51.67,22.13,72.97,36.92,35.97,23.37,59.55,34.370890510191195,77.28755018090544
59.03,160.28,37.38,91.34,76.55,92.25,99.36,55.29,37.03,35.39,20.07,26.25,14.23,13.92,51.82,22.47,77.52,39.57,41.16,23.22,54.95,35.88913534660977,90.1531995142397
62.17,164.64,36.19,91.83,75.36,98.82,95.53,59.41,37.57,33.98,21.0,24.9,14.11,12.98,51.73,23.3,76.3,40.8,35.86,23.53,53.05,34.91799692704458,99.97575260565122
73.48,163.46,38.89,98.25,81.32,102.58,101.82,69.58,44.94,36.79,22.02,27.76,15.72,14.41,55.26,26.3,79.33,40.63,40.07,26.5,59.1,36.737719964721876,113.66775986581581
87.2,162.94,41.15,113.1,98.01,112.31,107.87,66.4,47.65,42.77,21.86,30.49,15.5,14.55,53.98,23.45,76.33,39.32,35.86,31.4,55.97,37.13262889355149,122.25652206086772
69.87,155.47,39.94,102.72,90.95,100.51,108.7,61.11,39.22,37.03,20.23,25.9,15.07,15.17,50.22,22.95,71.35,40.0,36.64,25.9,55.41,38.24609404428439,103.56937652522504
62.6,173.15,36.51,89.05,72.7,95.19,99.13,58.54,37.86,33.18,19.02,25.2,14.36,14.46,57.44,25.51,88.54,39.08,42.71,23.76,55.94,36.817280480328805,85.42985369086057
58.7,162.66,34.73,84.9,70.82,94.47,96.04,60.39,38.48,32.92,18.79,23.72,14.39,13.6,52.13,23.19,76.92,38.75,40.85,22.12,54.88,34.79288399303576,56.324130188817094
69.89,165.63,37.87,102.36,84.26,102.22,104.93,59.88,39.35,35.0,20.12,26.75,14.58,14.23,53.05,23.11,81.69,40.06,41.4,27.71,56.04,36.764947704561095,105.24688071573792
47.87,150.24,34.68,83.01,67.1,85.42,93.18,52.26,35.91,33.05,19.24,23.2,14.58,14.29,46.58,21.43,68.63,38.1,37.17,21.17,52.84,34.67704488652942,59.28119098058238
57.35,155.0,35.87,94.95,84.09,91.79,98.33,52.55,34.11,31.95,18.13,23.48,14.1,13.27,49.92,21.9,71.65,40.49,35.21,25.44,55.62,34.80124844368771,94.85034309952232
74.55,171.21,37.17,96.83,81.69,102.53,106.95,64.26,39.78,34.74,21.21,27.22,15.32,15.04,55.93,23.36,80.59,43.36,41.68,25.41,55.75,37.94507679543439,81.89479817924666
57.05,162.73,33.64,88.09,70.69,89.33,93.18,56.4,38.24,34.82,19.62,25.35,13.47,12.81,52.33,22.97,75.44,43.06,38.09,22.68,53.87,33.86838581171872,83.68556506175219
59.72,159.0,33.47,87.74,77.85,95.39,97.99,56.49,39.02,35.28,19.33,25.03,14.31,14.56,47.65,21.58,75.87,40.6,36.3,21.59,53.96,35.85011133205513,88.41146439088504
57.28,153.99,35.85,89.5,71.29,94.29,97.41,60.63,38.12,35.27,19.92,24.51,14.4,14.25,48.66,21.38,71.62,37.96,36.1,23.74,55.39,35.434296595288934,87.66049207649189
52.8,157.45,33.71,85.83,70.2,86.96,96.26,52.41,37.15,34.23,19.69,22.86,14.34,13.87,48.33,21.67,74.1,41.8,33.55,21.93,57.44,35.705632493739124,105.87876640962276
77.23,164.7,38.45,99.09,83.95,107.06,103.62,67.48,43.62,35.7,21.59,27.33,15.74,13.67,51.99,22.69,78.52,38.2,41.78,26.96,63.1,35.90874260887189,94.26279066907045
63.42,161.67,36.43,95.27,74.24,100.18,95.5,59.91,38.15,35.1,19.32,24.08,13.69,12.02,53.52,23.81,80.08,38.87,38.12,24.89,53.88,33.94074278875263,113.78644717248085
91.55,153.7,41.15,115.23,104.85,119.88,114.12,72.58,46.64,43.11,23.35,29.52,17.74,14.52,52.25,23.19,70.64,40.73,35.93,31.58,54.51,37.706485335461764,130.02969222278296
79.04,169.29,38.94,104.99,88.9,105.35,112.13,65.12,41.07,36.21,19.98,26.44,14.4,14.82,54.33,23.41,80.68,41.44,39.69,28.05,59.24,38.62385412205417,101.5848845036216
60.44,163.63,34.35,87.58,74.85,91.98,100.77,59.25,40.62,36.82,21.21,25.72,14.7,14.56,51.08,22.9,76.59,44.84,38.11,22.28,55.64,36.83978884284899,98.73590424201797
60.8,155.02,33.66,91.37,75.72,94.44,98.15,63.18,41.35,33.94,20.98,25.51,14.5,13.49,55.38,23.49,76.32,39.21,39.93,24.79,55.89,34.44038418060735,82.02374797059241
75.37,162.04,38.01,103.66,89.84,105.14,104.32,64.02,42.79,37.59,21.5,25.54,14.96,14.99,52.94,23.45,77.13,40.49,41.57,28.71,58.96,36.759368621329884,96.44482032331194
54.9,156.42,34.14,88.32,74.38,91.83,94.1,55.48,36.63,33.25,19.72,23.92,13.88,13.47,49.97,21.51,75.81,41.04,38.08,24.29,56.8,34.26346266853498,104.34108120826193
57.94,166.72,35.74,86.85,74.93,89.72,96.01,54.24,36.79,32.55,18.84,24.06,13.72,12.62,55.59,24.0,80.15,45.62,38.82,20.88,54.84,35.327023832269624,112.20150895155251
60.82,163.64,33.63,86.54,75.66,94.67,96.36,57.84,38.6,34.03,20.65,25.03,14.66,13.8,52.94,22.79,78.72,43.08,36.82,24.41,55.81,35.1784014822736,100.10791118230514
57.38,158.83,35.34,89.69,76.89,90.79,97.88,55.0,36.72,31.55,19.67,26.52,14.8,12.63,54.48,23.28,77.58,39.44,39.07,23.72,55.91,34.425231837911646,87.64333430788548
59.68,156.47,34.36,96.2,77.95,95.38,93.12,56.91,36.54,32.87,18.96,24.16,14.97,12.11,53.92,23.05,78.44,39.83,40.01,26.41,55.7,32.74681769909436,108.15856133107218
59.6,155.03,35.35,106.16,81.17,91.89,98.49,53.48,33.91,24.86,19.63,25.56,15.0,13.32,51.72,22.54,72.13,39.29,38.51,28.3,54.36,34.08163432387387,73.77268257367126
57.13,148.43,33.66,100.38,80.49,95.12,94.84,59.07,37.71,32.94,19.25,22.94,12.94,11.8,50.43,22.73,72.55,40.52,39.02,26.36,53.68,32.35230587519135,110.60516856144466
63.65,166.33,35.85,89.82,69.07,96.23,99.36,64.18,39.5,35.34,20.89,25.29,14.69,13.89,52.15,23.59,77.45,41.53,41.52,23.52,53.22,35.78435302430192,69.48018590808181
73.8,165.94,37.82,100.15,83.61,101.29,104.92,63.91,41.97,37.57,23.03,26.35,15.71,14.06,52.55,23.3,74.81,44.13,39.78,26.23,56.53,36.89211563696085,96.2645583814724
65.1,160.61,35.67,95.7,82.33,99.27,98.0,62.78,39.41,34.37,19.45,25.15,14.67,11.88,53.2,22.83,76.37,42.59,39.51,25.39,54.57,33.7217282092472,106.89666201427247
63.89,156.78,38.27,96.49,78.88,95.72,102.34,59.76,39.85,36.34,20.12,26.37,14.36,13.24,52.58,23.36,76.64,37.99,39.02,24.31,57.69,35.903409473577575,107.39358363694657
84.06,187.97,36.33,91.99,83.32,110.0,110.02,68.11,43.04,39.04,22.33,27.84,15.64,17.72,60.81,27.01,96.21,49.3,46.85,24.18,56.46,41.48984011303686,112.11940725596537
67.87,173.67,34.24,91.05,73.12,96.3,100.16,61.88,42.45,36.26,21.66,18.64,14.82,14.9,55.56,23.59,88.03,43.21,41.96,23.31,57.67,37.58382678934364,99.91016076956078
72.63,153.37,34.73,99.29,84.47,100.42,100.33,70.52,49.71,41.5,22.61,27.91,14.87,13.02,50.12,21.81,74.58,36.93,36.42,26.05,53.9,34.03537128817574,94.30094079523485
62.56,157.11,35.4,91.16,73.63,96.25,99.6,61.39,39.14,34.16,21.09,25.57,15.49,13.53,49.8,21.68,72.9,41.66,38.55,24.04,55.29,35.19339137518385,89.90522587486038
53.0,155.84,33.55,89.15,71.18,88.83,95.97,54.84,40.51,34.51,20.25,23.78,14.22,14.46,50.56,22.85,75.86,37.64,34.5,22.84,52.61,35.6066576304486,84.73235628765633
74.2,154.48,40.8,101.76,88.95,105.84,103.38,66.44,41.53,36.51,23.21,26.68,16.35,13.6,52.75,23.62,69.49,40.98,35.82,27.81,53.92,36.10098333276633,114.84548857319658
61.7,166.17,35.52,91.03,74.45,92.5,104.54,58.7,37.13,33.97,21.01,25.94,14.53,16.36,52.02,22.76,78.24,40.84,40.21,23.72,56.67,38.5043519063953,67.50918912095409
78.59,169.97,40.94,106.88,95.55,103.23,109.75,61.23,42.0,41.51,21.61,28.51,15.0,15.96,53.79,23.9,80.05,45.48,41.65,26.97,53.62,39.49547930489435,120.36089425549483
77.13,172.71,36.26,94.88,81.05,103.31,106.39,65.36,42.66,39.51,23.41,27.71,15.4,16.34,56.38,24.95,84.55,45.23,43.93,24.98,56.86,38.94303890388278,96.64074856013463
74.29,164.61,37.47,106.22,91.49,103.6,104.96,63.06,41.4,36.8,21.9,24.92,15.71,13.34,51.28,22.45,76.97,40.59,38.76,28.79,56.43,35.91290764057403,101.38351758786075
71.66,168.04,35.34,90.8,82.53,97.41,102.44,66.19,41.87,39.05,22.49,26.33,15.34,15.15,53.57,22.55,77.63,47.29,43.4,23.32,55.97,37.06283272539106,86.13300627705803
62.54,164.28,37.06,93.01,78.06,94.55,103.05,58.6,36.66,34.16,19.98,24.75,14.89,14.5,52.8,23.78,79.35,43.82,43.29,24.0,56.89,37.141576568428846,99.27941508490858
88.43,158.28,39.75,103.78,95.02,111.95,110.53,74.09,51.0,44.04,23.88,28.23,16.28,15.11,53.6,24.06,72.53,46.75,36.06,28.19,54.97,38.31941204410554,135.95085209592276
58.26,161.67,36.0,87.24,70.54,94.57,100.52,56.31,36.93,35.51,20.68,25.75,14.24,14.23,53.91,23.13,79.04,43.04,36.55,22.54,53.71,37.041378470562705,121.81371716221815
75.21,159.31,35.67,105.5,84.39,103.89,103.05,65.19,43.5,41.36,23.41,27.06,15.69,13.68,49.63,21.79,76.16,38.88,39.39,28.94,54.33,35.067369409143446,94.73326240757274
72.24,168.82,35.38,97.71,83.63,101.59,101.98,64.98,41.07,36.91,21.75,26.7,15.23,14.82,52.58,22.45,81.75,45.03,41.74,25.4,56.82,36.80349372551368,113.88822820342295
50.83,157.87,34.54,88.44,68.66,87.56,94.91,52.14,33.75,31.35,19.65,23.52,13.49,12.37,50.1,22.38,72.53,40.36,38.87,22.55,55.77,33.87353792173863,75.85798675144963
73.64,163.08,38.43,103.22,86.77,103.82,103.88,57.41,39.98,35.96,20.84,26.68,14.81,14.7,53.89,23.4,77.28,39.27,39.74,28.9,56.11,36.57153151388209,85.94185721627218
46.09,159.01,33.61,78.52,66.61,84.36,92.29,51.05,32.95,29.91,18.71,23.23,13.85,14.08,50.6,21.83,76.26,41.27,37.18,19.88,54.34,35.17536224079957,84.90286075930521
78.35,161.59,33.29,99.99,90.48,109.23,100.67,69.53,43.21,39.89,22.82,29.03,15.12,14.22,51.49,22.56,74.48,45.71,37.18,26.14,55.15,35.204325137307215,115.84449363173604
68.37,160.99,34.8,97.87,85.26,103.12,102.86,62.45,40.84,37.24,21.42,24.78,15.04,14.42,52.82,22.57,75.75,40.69,42.23,25.49,54.72,35.93894566366821,74.16190552415412
57.92,169.7,34.13,83.53,74.74,93.07,98.21,55.08,36.53,33.43,19.0,22.41,13.55,13.26,54.9,23.36,84.29,42.95,38.24,22.49,55.71,35.92851726074993,103.14028486742666
54.8,161.64,35.79,82.37,68.1,91.7,96.55,56.16,37.57,33.17,20.64,24.17,13.42,13.91,54.77,24.07,76.02,40.03,37.71,20.47,55.54,36.05688715472615,80.1103146846009
71.15,165.15,39.25,98.1,82.62,103.7,101.34,60.22,38.59,36.18,20.57,25.51,14.63,15.2,54.8,23.71,78.08,43.05,38.92,27.22,52.58,37.2865069416389,108.41003612110978
49.65,159.13,33.79,79.66,64.43,86.55,91.07,54.13,35.29,32.63,19.1,24.05,13.53,13.58,53.82,22.66,78.04,41.48,38.44,21.85,53.57,34.311356918152164,90.33826007521486
51.51,162.43,37.91,81.09,68.28,87.28,95.58,52.3,36.16,34.08,21.21,22.47,13.97,14.96,52.73,23.94,80.77,39.56,39.59,21.12,54.77,37.17963681639711,98.00921224382193
60.44,163.34,33.9,90.13,71.29,94.8,101.54,57.62,37.29,36.5,22.06,25.85,14.65,14.46,53.5,23.9,77.22,40.87,38.34,22.68,56.38,36.769103494712965,84.039249239421
62.07,161.67,33.27,87.36,78.82,94.59,95.47,61.65,43.29,36.58,21.1,23.76,13.96,14.26,48.42,21.8,71.28,43.18,34.52,22.52,53.67,35.18186052635936,75.73842021098454
137.56,180.38,51.22,139.14,125.36,138.17,125.5,78.39,50.54,42.43,23.18,29.72,16.15,15.79,60.41,26.07,86.85,43.86,39.9,39.06,57.5,41.38682268807095,144.38657532506545
58.04,161.53,34.34,88.32,73.03,95.68,98.93,57.69,37.22,35.22,19.74,24.15,13.82,14.59,53.36,23.19,76.38,41.53,36.63,23.31,53.8,36.387535149618984,91.29810904546741
72.97,173.96,40.82,101.42,84.54,98.93,106.83,59.32,39.63,37.0,21.42,27.7,15.69,15.21,57.54,24.8,82.33,45.51,38.37,26.87,54.98,39.28594418832814,128.59116999393837
64.31,157.62,38.83,97.47,80.6,98.17,103.57,58.53,39.32,36.42,20.24,26.99,14.81,14.1,48.52,20.21,70.99,41.15,33.94,26.58,55.68,36.72007117392224,117.60644211263337
58.99,170.04,34.19,87.03,72.5,93.24,95.07,55.41,36.86,34.29,20.84,23.92,14.13,14.16,54.07,22.9,82.68,44.37,39.66,23.01,53.86,35.86344416119355,102.45247913606056
67.63,167.49,35.72,92.89,70.33,95.08,102.4,61.91,41.93,37.71,22.02,27.28,14.75,13.61,55.81,24.42,82.06,38.46,38.22,23.07,58.43,36.592345980910316,91.25431584761708
57.31,163.74,33.9,94.94,68.41,91.86,97.4,55.71,34.84,33.12,20.27,24.16,14.69,15.01,55.48,24.08,80.46,41.05,40.04,26.02,55.82,36.20032311051715,91.67828398818551
61.3,159.1,36.88,96.98,84.04,96.03,100.15,54.32,34.34,30.52,18.38,24.18,13.9,13.61,50.76,23.17,72.3,37.73,35.88,25.13,54.87,35.410785475620564,68.94197982628049
55.36,154.83,35.15,90.06,73.45,95.1,96.88,56.56,38.26,32.65,19.66,23.72,13.86,13.43,47.47,20.82,72.11,38.21,33.27,23.73,56.23,35.02124574210963,101.70445948475111
103.55,154.55,44.51,124.93,117.18,127.25,116.21,72.96,51.13,41.58,22.85,30.17,17.54,14.71,49.79,21.39,69.42,41.06,32.34,34.34,56.07,38.22373748465849,153.2238216421622
81.03,163.57,39.46,104.9,90.49,110.72,107.64,67.38,44.57,38.49,22.15,28.42,16.6,13.8,52.43,23.49,77.93,40.87,38.15,28.46,56.21,36.93020600136404,120.43288813231902
66.03,173.89,36.31,88.13,78.81,98.64,95.55,57.74,38.04,35.93,20.4,26.25,14.71,11.82,56.97,24.44,84.21,42.54,42.45,23.9,55.94,34.10493278956134,94.39022507644665
87.83,164.74,37.38,107.31,89.22,118.62,104.92,76.32,45.29,37.62,21.56,26.85,15.23,13.28,53.77,24.12,75.33,41.84,36.3,28.79,55.2,35.58915781159779,109.16569748401241
62.15,165.85,35.83,89.58,74.84,94.43,98.5,58.23,38.97,33.68,20.54,26.17,15.24,13.46,52.47,23.22,80.34,42.24,39.35,23.88,54.07,35.587155394367926,97.06258976547582
71.69,182.6,37.37,89.94,76.18,104.08,101.47,60.66,38.94,34.97,21.51,25.88,15.25,15.19,59.03,26.29,91.25,44.81,43.22,23.9,57.89,38.561423166464735,114.02903418038045
77.15,169.84,35.78,90.68,80.95,108.25,100.83,65.32,43.33,39.91,24.06,26.12,14.98,14.5,56.71,24.92,81.67,41.37,41.86,23.78,55.05,36.4855494438414,78.93065980674908
129.01,173.62,47.45,139.96,129.53,130.75,133.58,75.75,49.52,45.85,25.46,32.96,17.83,15.93,58.09,24.31,81.04,43.47,38.37,36.77,55.44,42.34043228308677,128.17491102249312
82.89,171.43,36.76,93.73,84.34,115.35,103.58,73.85,45.49,39.48,22.14,26.51,15.19,13.48,56.27,23.2,81.99,42.88,40.17,23.81,58.07,36.47547715754237,113.72148243196193
74.51,180.09,40.32,95.03,81.16,100.16,107.59,60.48,39.78,37.97,21.76,26.89,15.54,14.45,57.43,24.56,87.13,41.18,41.67,24.32,57.7,38.99605272306557,97.39135018309116
54.62,153.87,34.5,87.29,69.45,92.32,93.55,57.25,39.09,34.6,20.69,25.18,13.74,13.4,49.81,22.26,73.75,37.57,35.23,24.33,55.59,34.07551483514911,93.38396688320483
71.43,166.12,35.76,92.32,85.31,101.77,103.68,67.84,41.0,36.1,20.19,25.54,14.56,14.59,51.37,22.13,75.71,43.1,39.83,24.45,54.19,36.53686375692249,72.20059238635758
63.38,170.87,38.13,88.62,74.52,95.82,102.42,58.42,38.66,37.48,20.23,25.46,14.78,14.52,54.83,24.54,80.98,40.98,39.23,23.52,57.15,37.78833835610163,92.97494194057504
60.92,159.97,37.37,91.75,68.16,93.8,98.39,58.21,41.46,39.86,22.8,24.97,15.19,14.87,49.75,21.32,76.73,37.13,35.27,25.36,56.16,36.747188301344586,105.42826822619304
91.99,159.17,37.9,113.41,98.43,117.06,107.48,74.75,48.61,42.7,24.43,28.03,15.39,13.82,51.08,22.17,74.56,36.5,35.86,30.81,56.65,35.64528205422944,100.74268574062563
65.62,162.4,37.77,92.88,78.06,98.56,102.01,62.61,39.54,35.43,19.86,25.42,13.51,14.07,52.51,22.15,76.54,39.25,36.18,24.12,56.39,36.66028896340717,100.04101242452492
60.85,162.39,35.94,88.91,74.91,98.18,95.2,59.52,40.11,33.61,20.73,24.85,14.02,13.59,54.31,25.13,77.93,42.88,32.05,23.16,54.8,35.913944565297534,135.74804668673858
66.53,161.32,38.39,97.1,79.03,99.21,98.61,57.91,37.36,35.25,20.15,26.72,16.58,12.32,53.17,23.02,72.41,38.94,34.19,26.49,54.88,34.620545470584446,95.10203517292643
72.73,169.07,40.83,93.37,81.7,106.33,103.28,62.32,40.88,38.64,21.44,26.17,15.33,14.68,52.6,22.6,80.13,43.01,37.18,24.66,56.05,38.27803522194315,136.728922204191
52.46,159.39,37.19,82.98,67.05,88.02,95.78,54.35,36.18,34.14,20.05,24.54,13.98,12.23,51.58,22.41,75.78,40.07,36.32,21.07,55.43,34.914854556062835,106.28256259743324
52.89,160.93,36.14,87.23,68.16,88.38,96.81,54.04,36.17,33.67,19.96,22.78,12.72,14.83,51.08,21.78,77.07,40.61,36.75,22.85,53.5,36.63314137707685,96.20490549047474
71.05,161.71,40.62,97.74,85.45,102.22,103.65,63.18,42.09,36.94,23.31,26.78,15.7,14.11,52.36,23.41,75.93,40.5,36.56,24.13,54.71,37.51272882634913,122.31868165188882
68.02,151.25,37.07,104.64,85.17,103.54,102.97,63.16,41.94,36.91,19.78,25.25,14.17,14.61,47.04,21.83,69.31,39.35,30.54,28.55,49.46,36.196641618645444,113.36495677300377
93.11,168.43,43.3,114.23,100.0,110.73,111.53,74.64,47.47,38.88,21.26,31.36,16.59,15.03,54.69,25.87,80.49,39.61,41.3,30.42,59.61,38.30131811225045,108.85361491561844
90.62,176.96,38.84,104.91,90.19,113.92,102.21,71.13,43.53,38.97,22.95,27.04,15.4,12.68,56.75,23.86,85.43,48.34,39.22,29.58,59.87,35.84828506182779,161.69902045413824
76.24,177.79,38.6,98.83,81.54,104.46,102.52,61.8,43.28,41.18,21.81,26.62,14.83,14.74,57.47,25.07,86.21,43.37,40.6,24.86,58.79,38.18868167984747,125.11781310293361
71.32,173.01,37.93,97.25,85.22,105.31,102.56,61.53,35.82,33.2,20.63,24.61,13.98,13.46,55.81,24.6,86.27,42.13,40.03,25.09,54.69,36.84402181974449,122.36730349675975
62.15,163.33,38.82,92.16,78.83,99.28,100.16,58.48,37.39,33.14,20.53,26.51,15.1,14.15,52.34,23.96,80.0,39.79,38.74,23.83,55.25,36.84236356548826,116.53947537266038
63.13,171.47,38.64,84.5,72.95,96.61,100.95,58.31,37.84,36.15,22.38,24.61,14.86,14.63,57.1,23.9,86.77,41.34,41.04,23.53,53.66,37.875809769171696,109.2435926305102
60.36,163.58,35.87,92.17,73.85,96.02,101.1,58.83,37.78,34.27,19.67,24.12,14.19,14.74,51.5,21.77,79.53,41.83,37.84,22.57,53.55,37.28868028861489,110.24910886638912
73.78,163.35,40.89,97.19,86.45,104.17,112.0,61.36,39.53,38.79,21.58,30.62,16.66,15.29,50.37,22.21,74.99,40.8,36.2,25.49,54.82,39.35529592321514,108.0897770553637
53.96,166.67,34.87,84.11,78.78,91.15,95.86,54.16,32.98,30.81,17.93,22.95,13.35,14.59,56.65,24.69,89.12,41.92,41.28,21.82,56.34,36.57478496747671,124.25051905910084
67.5,178.61,38.01,91.37,78.47,98.99,104.32,59.11,37.76,32.59,19.89,24.49,14.6,15.78,58.57,26.3,87.73,45.58,41.8,24.74,54.83,39.3198229293824,103.03520760871646
70.43,167.51,37.34,95.14,80.93,104.63,106.86,60.59,42.34,37.53,21.8,25.65,15.19,16.65,54.36,23.91,78.66,38.89,35.8,25.06,54.25,39.54486143717849,81.99360000090508
66.69,160.48,40.8,92.92,82.16,102.28,106.05,62.25,40.27,35.21,20.11,25.17,14.36,15.25,50.03,21.69,79.52,36.77,35.96,23.81,52.02,38.65010421274035,112.74725573059698
61.32,162.7,35.22,88.49,77.2,97.36,96.09,58.85,37.17,35.59,19.37,26.67,14.17,13.68,52.92,23.3,77.65,42.83,37.88,22.55,57.26,35.34859613208208,114.73233622130078
77.47,165.57,39.26,100.13,85.71,104.46,106.71,64.48,43.06,36.93,21.62,29.05,16.71,13.91,55.83,24.67,77.31,41.54,36.38,26.95,58.7,37.339715042152584,112.45060214766693
70.21,163.01,37.46,95.96,80.4,103.87,99.54,65.93,41.76,36.87,20.61,25.42,15.27,13.36,51.73,22.51,76.24,39.95,36.18,25.48,53.26,35.46046543641441,103.35246522975262
73.63,168.33,38.79,97.53,75.41,100.85,105.29,63.57,44.08,39.82,22.83,27.44,16.47,13.37,55.72,24.76,84.47,38.05,38.08,24.8,55.61,37.3062035660023,114.4365188118905
69.24,163.75,38.79,101.05,85.57,96.61,104.56,60.69,39.55,35.13,20.57,25.6,14.9,14.53,56.18,24.18,77.69,43.19,38.87,27.36,55.95,37.32938972516584,109.38278536019112
82.29,166.19,42.42,106.48,100.64,109.38,107.71,64.39,42.26,36.45,20.39,29.42,17.25,15.01,50.76,22.58,75.01,41.01,39.54,29.01,58.81,37.787943018013934,104.29435325398151
53.1,160.96,33.93,83.34,72.75,88.6,93.05,53.31,35.92,33.0,19.06,24.28,14.06,13.56,52.5,23.65,78.94,42.75,39.23,21.52,54.42,34.7343147669008,97.06623465293399
62.75,168.03,36.43,91.86,75.88,96.62,97.49,55.84,38.33,36.37,20.27,25.76,15.18,14.1,54.42,25.0,81.99,40.63,37.55,24.66,56.71,36.3275330985021,109.62383653691569
65.91,160.48,38.0,92.41,81.71,104.75,96.65,62.41,38.73,35.05,20.44,25.4,14.69,12.45,53.0,24.29,77.99,38.0,37.07,24.55,54.61,34.52995391615726,113.79255031542897
88.26,153.75,41.74,114.11,93.32,115.51,109.14,75.38,49.09,44.01,21.41,31.09,16.21,13.48,50.4,22.23,70.56,37.57,32.66,31.95,59.69,36.287204904145646,145.6552001379904
83.43,180.09,39.89,102.77,86.81,107.34,108.07,65.07,40.84,38.85,20.73,30.71,16.78,14.15,59.84,25.91,88.66,42.82,41.12,27.85,59.34,38.21780550559078,122.89991439620064
58.28,159.59,37.92,91.66,74.35,92.36,101.37,57.58,37.44,34.78,20.23,24.42,15.38,14.33,52.42,22.33,77.93,40.25,38.47,24.04,55.94,37.04135218466308,112.62826343580616
119.47,176.35,43.11,126.44,117.36,132.55,115.39,74.03,51.03,44.83,25.09,31.01,17.93,14.19,58.29,25.04,82.11,45.19,39.02,35.25,56.07,37.97695231800996,131.22191237477398
65.45,169.67,35.57,86.36,75.07,99.82,96.92,57.89,39.58,36.56,22.46,25.19,15.08,13.43,55.6,23.83,83.13,41.16,38.3,22.8,57.74,35.87906126384159,108.88890038846102
71.48,163.94,38.15,93.29,79.12,106.42,98.24,65.6,41.69,38.78,21.89,27.44,15.63,12.43,54.77,24.69,77.01,41.4,38.32,25.01,56.9,34.877071127076604,119.15884272820404
60.56,161.35,36.6,91.37,75.09,97.23,97.92,56.63,37.86,34.23,19.82,25.04,14.59,13.08,52.17,21.86,78.12,40.44,34.88,24.56,52.87,35.38474899631481,117.6370977520952
61.58,156.66,37.62,93.8,80.28,95.75,100.92,56.16,39.37,35.88,20.44,27.62,16.21,15.01,53.59,22.95,76.87,39.27,36.51,25.3,54.12,36.947551863385804,111.32583846304942
73.4,165.28,39.23,101.57,83.57,103.74,103.08,63.26,39.85,37.22,20.77,28.34,16.77,13.26,53.76,23.8,75.09,41.57,37.88,26.66,56.09,36.12537276345459,106.67036412010805
68.86,156.24,37.36,102.4,89.69,102.85,100.22,59.93,40.1,36.21,21.15,25.94,15.19,13.36,50.32,22.49,72.41,35.63,34.21,28.3,56.05,34.80132167384382,92.71841404311522
84.35,169.54,41.22,102.55,87.6,108.84,102.62,63.07,43.47,40.17,23.65,29.21,15.65,10.83,54.98,22.95,76.66,45.9,38.15,27.06,59.09,34.77686135707484,143.95554278916427
66.39,158.59,39.82,100.17,87.11,102.77,100.31,60.55,37.72,33.71,17.96,26.69,15.15,13.38,50.79,22.75,76.91,35.67,36.48,27.0,54.87,35.41358604072381,109.57648381276005
57.36,154.89,37.3,91.66,77.77,91.79,100.51,53.63,35.98,34.63,19.28,25.46,14.35,14.47,49.62,21.4,71.6,38.99,38.9,23.43,56.5,36.187860300198935,80.67195964907762
62.37,158.9,39.52,85.31,80.17,102.18,97.75,60.51,39.53,37.32,19.97,26.1,14.91,13.77,51.74,23.13,77.19,37.76,34.04,22.76,55.28,36.328573097961154,127.84192314970846
57.71,147.18,36.53,95.94,85.21,97.11,98.07,58.04,35.22,33.6,18.7,25.19,14.39,13.72,48.12,22.38,65.94,37.49,33.76,25.27,51.8,34.55427763526885,84.681116156381
99.76,160.39,42.97,113.78,107.34,128.18,111.53,78.26,51.62,44.1,20.92,27.75,16.2,14.78,50.46,22.05,71.05,41.09,34.08,30.86,54.05,37.81140657380373,128.5881830193772
57.16,164.51,35.58,85.89,70.49,92.82,94.47,55.01,38.05,34.91,21.0,26.01,15.46,13.55,52.63,23.18,78.49,40.81,36.53,22.2,57.15,35.49853423413823,107.53349767973913
50.95,151.26,35.25,84.11,76.63,91.66,93.98,51.47,33.84,32.61,18.24,23.9,14.08,13.43,49.78,21.56,72.17,38.94,33.58,21.78,57.74,34.729203674257136,112.43987911815634
74.98,161.34,42.12,101.69,85.3,106.44,107.69,65.94,39.68,37.08,19.99,26.1,15.08,14.86,52.78,23.36,78.58,35.2,39.57,26.82,54.69,37.9895607889073,95.1293028854596
79.82,168.75,42.81,101.94,94.72,106.94,108.18,61.26,41.02,37.91,19.44,27.26,15.48,13.96,55.61,24.75,78.69,40.0,37.66,25.34,56.48,38.22278680170943,108.4684474391907
76.92,170.85,40.51,100.43,88.92,101.77,103.96,65.36,43.64,40.25,22.23,27.3,16.17,14.0,53.59,23.8,81.24,44.0,40.69,25.58,56.1,37.43573208915823,126.20110607238826
66.77,170.68,40.37,89.77,74.2,94.46,104.96,59.8,40.83,37.63,21.78,24.71,14.59,14.8,54.87,23.05,80.8,44.47,39.99,22.16,57.31,39.08512074722625,117.07553819789791
73.0,164.6,40.41,97.5,84.26,103.45,100.94,66.45,43.02,37.06,21.11,26.7,15.66,13.43,54.84,24.09,77.11,39.96,38.04,25.58,56.27,36.19917748718595,110.60280018691469
74.93,170.98,39.71,100.79,86.68,102.73,107.0,61.46,37.93,37.18,19.92,27.51,16.25,14.47,56.14,25.5,87.86,44.1,40.35,27.44,54.77,38.31943390364107,145.97071973603806
87.9,162.92,41.36,101.01,91.39,110.62,106.1,72.84,50.02,46.65,25.37,30.04,16.86,13.17,51.19,22.71,73.52,40.78,36.35,26.62,56.18,36.44111544021583,118.46846306602777
60.65,169.7,37.42,84.47,72.59,93.15,100.21,55.44,36.37,35.2,20.13,25.83,14.79,14.76,54.18,23.5,81.74,46.35,40.45,22.11,57.54,37.81176902314869,120.26811743784356
51.59,165.94,35.17,77.64,71.79,85.17,98.22,49.77,34.88,33.0,20.09,22.64,13.83,14.49,54.2,25.04,81.13,42.84,39.26,20.41,58.05,37.17548037658535,88.21956019397669
86.04,175.02,40.24,97.04,88.58,108.73,105.0,67.43,47.39,42.59,23.97,29.39,17.09,12.57,56.96,24.93,83.23,46.06,36.12,25.02,56.82,37.152644842182816,150.0367602544576
79.98,168.29,39.25,103.56,89.62,111.36,101.99,66.08,43.0,39.3,20.63,26.13,15.08,12.09,54.52,22.54,83.72,43.25,38.26,26.93,57.29,35.52673674645932,164.42781661537936
117.27,163.29,44.48,120.83,114.9,136.18,116.34,81.36,53.65,46.43,27.22,30.54,17.52,14.38,51.77,22.95,75.08,44.67,32.13,32.99,58.02,38.77985780058216,181.83668262706635
75.22,168.4,39.92,102.71,86.88,105.79,103.82,62.87,40.36,32.07,19.59,27.78,15.59,14.53,59.73,26.61,81.75,43.98,41.84,29.72,56.71,37.05701657528158,113.7670653732838
73.96,177.68,40.25,95.7,77.55,100.73,108.51,61.61,39.76,35.3,21.57,27.16,16.58,15.8,61.48,27.06,88.55,39.07,44.4,25.47,56.24,39.73465868851895,73.64513644773257
59.28,166.0,39.36,85.06,73.97,94.53,101.33,58.51,36.02,32.72,18.86,25.83,15.25,14.72,54.21,23.89,80.83,41.68,39.12,21.41,55.25,38.03972416620952,110.79936491516003
89.28,162.12,41.17,117.09,102.71,115.29,111.45,69.25,44.55,40.22,20.56,31.09,16.67,15.09,55.1,24.46,77.21,41.87,39.74,31.01,56.95,37.9864095322467,131.30312801447292
87.58,160.21,41.12,112.65,101.24,117.04,106.28,65.75,43.59,37.93,21.35,28.2,15.81,14.34,53.07,23.25,73.15,39.13,39.05,31.83,56.05,36.11530499414056,98.06512846822358
59.2,169.18,39.2,87.75,68.94,90.74,101.69,56.57,36.12,36.25,20.92,25.21,14.64,14.78,53.5,24.07,83.03,38.01,37.31,21.65,56.52,38.477801230056585,104.93061198159666
57.47,164.56,36.35,84.12,67.95,90.19,98.68,52.59,36.86,35.51,21.1,25.45,15.43,13.31,54.66,25.35,78.21,41.99,37.62,21.97,58.43,36.324991486755536,99.36744451640146
65.85,165.2,33.82,90.1,72.25,98.06,98.63,63.11,44.37,38.63,20.64,26.15,14.71,14.09,52.26,22.73,76.0,43.52,35.35,23.33,55.28,35.96101471533941,98.0228323524737
76.52,171.52,41.09,93.78,78.67,102.58,112.14,66.02,44.36,41.4,22.09,29.32,16.3,16.86,57.5,25.84,85.93,40.68,40.88,23.46,56.27,41.4301883788346,111.06701408802701
62.55,162.16,38.38,98.83,79.39,97.64,103.25,56.37,34.93,31.06,18.35,23.95,14.64,13.87,54.31,24.47,78.43,39.76,38.19,27.75,60.81,36.74528756850089,112.81825378686335
67.66,166.07,38.29,93.29,78.12,99.25,100.66,61.14,40.49,35.5,18.85,27.15,15.44,14.11,54.98,24.45,79.89,41.27,39.07,24.93,56.15,36.55966267049341,103.44966610703455
80.34,157.6,37.96,98.92,89.92,109.56,104.73,67.49,46.63,42.66,23.5,29.28,17.04,14.38,51.02,22.14,69.85,42.21,35.37,27.33,58.35,36.44670075434112,111.05160200066189
69.59,169.68,35.86,94.4,84.65,103.24,104.06,59.83,38.81,34.44,19.88,27.39,15.25,14.32,54.71,22.94,78.96,43.69,37.83,24.43,57.86,37.18548577752675,102.94735254377292
72.39,170.21,38.02,91.64,78.87,106.4,107.66,62.16,39.45,37.13,19.98,27.61,15.86,15.28,56.46,26.44,83.76,44.18,41.38,24.6,55.17,38.91457821346481,109.92243473263852
79.08,177.02,36.63,92.1,87.64,106.82,99.53,67.63,43.35,40.06,21.65,27.31,16.26,14.47,58.88,27.25,83.33,44.61,41.75,24.61,60.34,36.71645985516541,96.61530029608878
62.88,170.74,38.28,95.27,72.48,90.21,103.72,54.4,37.31,37.72,19.72,25.28,14.5,15.35,57.96,25.21,83.71,40.37,41.29,23.78,58.2,38.6865546955146,93.5576196806636
65.85,162.3,37.17,91.05,75.52,102.08,101.07,64.29,38.46,36.9,19.66,26.74,15.7,13.8,50.72,22.62,76.96,42.19,35.48,23.2,56.33,36.65007753238897,130.84129642375183
67.62,179.51,38.82,90.0,74.4,99.25,103.97,58.6,39.37,34.84,20.36,24.79,15.38,15.09,56.42,25.5,83.17,48.47,38.73,23.57,58.61,39.48415564971675,125.18102793975049
73.77,173.39,38.06,90.4,78.62,104.71,102.48,66.72,42.48,35.35,21.22,25.64,15.23,14.36,55.82,24.79,85.22,40.2,40.24,22.91,55.98,37.534812770740466,95.23555476736374
63.69,149.29,34.96,94.81,86.63,102.0,99.97,60.94,38.77,34.5,20.1,24.87,15.67,13.95,46.4,21.73,69.42,41.25,33.69,25.31,54.24,35.1883591412373,114.25819035830091
59.18,157.39,37.11,90.93,74.99,94.38,95.3,59.35,38.68,32.96,19.43,24.68,15.21,11.82,48.54,20.94,71.27,40.21,37.87,23.93,55.11,33.440685217271856,90.77963148803053
51.43,161.55,35.68,80.22,69.99,91.5,96.44,52.76,32.94,30.27,17.35,23.04,13.43,13.74,53.31,23.36,78.22,37.14,37.08,20.38,58.12,35.874389508626834,78.88558520778668
70.06,164.04,36.14,92.18,80.96,103.53,102.08,64.58,42.25,37.19,19.4,26.65,14.98,14.86,50.98,22.61,76.53,42.96,37.09,23.97,57.45,37.017124931695605,107.18750543466854
131.41,185.41,45.15,121.2,109.32,128.33,116.7,82.67,53.66,47.55,27.91,35.04,20.64,12.95,60.04,25.47,88.05,46.74,44.71,33.22,57.85,37.607220244514366,117.79926684780929
53.62,169.5,35.65,81.49,70.34,90.37,93.26,51.54,33.61,31.7,19.53,23.48,14.9,12.89,58.54,25.54,89.22,41.91,43.16,21.82,54.23,35.156681240859506,110.74194018826535
56.82,164.39,36.33,80.4,69.43,92.51,96.76,56.62,39.07,35.45,20.29,25.61,15.68,13.89,53.09,24.28,74.42,41.65,35.34,20.07,55.47,36.43238977411569,85.12340264542871
55.45,160.12,36.76,86.05,72.23,90.17,96.75,54.84,38.65,34.55,19.71,24.8,13.89,14.16,49.76,22.4,76.41,37.93,36.73,21.52,51.46,35.95043152283861,78.37118887958161
129.78,167.35,48.95,135.97,122.49,136.09,124.08,85.39,51.69,46.24,24.19,34.03,20.59,12.57,57.03,23.33,78.55,39.91,38.6,36.65,56.78,38.002547274020806,146.24224664742553
82.41,165.34,39.56,99.04,88.13,109.91,106.51,70.55,48.07,37.86,21.38,29.76,17.04,13.49,55.95,23.99,80.04,40.31,39.63,27.15,55.48,36.467366557980824,103.8069701236879
116.18,163.32,41.21,109.78,106.79,129.71,107.31,81.38,59.06,57.62,33.02,31.07,19.74,13.41,53.57,23.52,74.94,43.42,31.32,29.11,65.17,36.990411416616354,185.79209728237322
123.56,154.26,49.21,132.64,126.77,136.19,127.65,82.36,52.0,44.93,21.73,31.59,17.15,11.29,53.61,21.85,63.12,37.77,34.25,35.71,60.71,37.03090198140893,113.65909092300797
121.18,162.23,46.83,130.32,130.58,131.5,127.0,75.83,46.19,41.31,25.93,34.54,18.02,13.84,57.06,24.47,72.93,42.58,39.16,35.91,61.99,39.01237428775983,128.5646236175321
177.21,189.05,46.25,129.0,127.15,165.06,126.3,103.98,60.38,53.28,28.45,31.59,19.22,13.54,64.61,28.39,100.25,43.2,45.29,35.86,60.41,38.759633559179136,130.58847477931408
80.59,160.32,38.04,101.17,86.27,113.0,106.68,72.53,45.8,39.33,20.44,26.6,15.92,14.44,54.38,23.72,78.36,39.56,37.16,28.27,60.11,37.06482932785472,126.13766454993072
97.65,165.44,46.55,111.95,103.74,113.73,124.36,67.19,47.39,43.99,21.38,33.64,18.05,15.11,53.91,22.82,75.42,45.25,35.11,30.0,55.58,41.44061659343698,145.46025072646557
62.49,158.99,34.02,88.02,76.99,100.07,98.81,62.44,42.23,36.2,21.07,24.63,15.16,14.35,51.59,23.04,72.94,39.93,35.88,23.01,53.11,35.75799766822239,73.62339345122854
75.76,159.37,40.24,104.98,87.15,106.17,109.8,65.11,42.16,39.14,21.23,27.6,15.5,13.42,50.59,22.78,72.87,39.18,32.9,27.52,56.42,37.4319390742668,124.28566116170464
65.51,162.19,39.93,96.99,86.58,97.52,103.63,58.37,38.91,34.57,19.16,25.46,15.14,14.99,49.99,22.23,72.93,43.55,33.19,25.78,55.8,38.07408885758207,124.91041233342719
88.19,167.29,39.23,106.37,90.78,114.91,111.43,73.75,45.15,39.92,21.56,27.8,16.26,15.56,53.0,25.01,78.28,42.27,37.08,27.86,55.57,38.98246237088963,111.4586297159849
65.67,166.39,37.23,89.4,76.64,96.84,101.07,61.35,41.14,36.33,19.75,25.87,15.09,13.47,54.85,24.4,79.65,43.83,36.05,23.17,56.04,36.748299563191836,121.91202593564503
67.12,169.52,35.57,89.33,82.13,102.17,101.59,61.37,39.74,35.69,19.19,23.77,13.62,14.05,56.19,24.84,81.39,42.9,40.1,22.42,54.84,36.778477725964585,89.82646001348127
86.24,152.97,44.2,115.02,107.65,118.73,115.83,71.54,43.72,37.15,19.13,28.66,16.33,14.64,50.49,21.8,67.1,36.7,37.76,30.65,57.55,38.06805968692026,100.67386087564603
81.01,168.18,38.82,99.63,91.3,113.97,106.1,66.33,45.7,35.99,19.84,28.25,16.31,14.54,58.3,25.25,86.22,42.8,37.55,26.97,58.7,38.01355080101831,154.65216517285603
109.93,154.64,46.34,127.72,120.51,137.66,121.27,73.56,52.48,43.7,23.93,31.37,17.47,12.88,53.66,22.71,69.41,38.81,36.81,35.9,53.82,37.339604199303295,132.8460652154813
82.35,155.14,40.98,110.91,105.14,109.17,106.89,65.94,45.94,43.01,22.4,29.94,16.69,12.7,49.38,20.69,68.61,43.95,35.08,28.51,54.15,35.69349598645442,146.1339313053577
73.99,160.54,40.43,104.19,96.41,105.17,104.42,59.29,40.28,35.97,19.73,28.26,15.92,14.08,52.19,22.53,75.78,41.11,34.32,29.12,57.81,36.806989581600355,139.2957985595924
70.45,171.44,37.81,92.38,85.9,105.42,106.08,77.26,45.22,36.89,20.81,26.62,13.87,15.02,58.47,25.13,109.28,41.07,45.61,24.28,58.54,39.268723992559444,232.48885471553353
73.57,166.66,37.07,98.74,87.6,105.06,101.33,62.02,41.88,35.91,20.15,25.36,14.51,12.43,57.54,24.78,81.73,42.77,40.56,28.35,55.62,34.80927861090771,110.33612622279918
68.03,160.03,38.4,96.67,86.34,105.0,105.29,59.23,38.52,34.12,18.96,26.67,15.35,15.08,54.71,23.42,78.97,39.29,36.56,25.89,56.32,37.86110772024607,119.22755085025028
64.19,162.82,35.33,92.34,79.09,99.56,102.22,59.26,40.23,36.41,21.14,25.85,14.31,14.66,55.17,24.42,79.51,42.32,34.71,23.86,56.97,37.4933670194981,127.4682156860298
92.05,155.55,42.95,108.39,101.59,120.26,114.19,79.09,48.31,40.56,21.39,29.42,17.17,15.83,51.86,23.05,76.38,40.49,38.67,29.52,58.18,39.164685300439984,146.7325393728488
66.4,148.83,37.91,97.83,82.47,104.79,104.91,64.43,40.38,37.31,19.97,28.04,15.57,14.9,49.48,20.75,73.81,35.58,35.46,26.95,57.22,36.73208392446616,123.48658747409354
64.36,172.64,38.9,84.42,72.73,94.86,101.76,57.4,39.44,35.17,21.59,27.11,16.45,14.48,57.74,25.6,88.7,38.93,39.75,22.28,62.91,38.35520654216419,120.83383002177857
52.85,158.38,37.06,76.99,70.1,89.98,91.24,55.01,38.29,34.54,19.32,24.85,14.76,11.5,50.84,21.54,75.2,41.39,35.46,20.26,57.03,33.63029449577189,120.6710199149494
57.23,164.75,36.25,83.24,73.33,91.34,101.59,55.43,37.63,33.27,19.21,25.92,14.44,14.17,54.33,23.2,80.37,44.4,38.98,21.18,57.07,37.333024156556085,112.9084815449998
61.26,157.56,36.48,91.34,79.26,92.97,100.29,59.2,39.83,34.7,18.41,27.03,15.62,12.58,53.18,23.25,75.6,38.17,36.05,24.41,59.93,34.913049033849795,100.32944777885098
98.68,163.22,41.99,123.97,118.65,124.0,118.11,65.45,42.33,37.43,19.91,27.82,16.89,14.59,51.37,21.0,76.44,43.02,36.96,34.45,56.42,38.385206451827656,138.06706717545353
61.8,157.11,38.02,91.86,79.35,95.72,103.66,59.6,39.24,36.11,19.03,24.95,14.26,14.17,55.21,25.09,77.27,37.44,37.81,25.11,58.48,36.87818579846235,97.72973223025815
67.26,160.26,38.9,95.17,89.63,99.05,105.36,62.09,39.4,37.13,18.83,27.6,14.73,14.28,53.86,23.32,82.17,42.33,36.01,25.7,54.02,37.56281398557414,152.49004953040298
54.17,158.69,37.2,81.75,74.36,91.29,95.62,53.08,35.38,29.86,17.71,22.79,14.54,13.29,53.68,24.01,75.88,39.54,38.75,21.44,56.34,35.22916388562839,79.65749361984268
96.75,163.3,38.63,113.06,95.38,127.12,111.0,74.48,48.07,41.98,22.53,29.74,16.63,13.87,51.19,21.61,78.04,41.64,37.02,31.08,56.21,36.751150206830516,139.02586265548985
69.38,160.7,34.97,89.51,74.23,104.52,98.93,69.81,44.85,37.33,17.75,26.21,14.02,13.49,51.15,22.97,80.49,39.62,40.46,24.37,57.33,34.78835031356357,101.20582413304487
76.47,163.46,43.44,99.73,90.82,103.28,112.58,62.62,41.35,34.15,21.11,30.12,16.46,14.97,58.26,26.26,84.29,36.2,41.37,26.54,60.14,39.42849739006205,113.10678310070989
60.32,157.36,36.36,96.11,76.73,95.09,104.11,55.05,35.67,33.73,18.61,25.09,13.27,14.23,54.45,23.48,77.72,37.16,38.02,25.06,54.19,36.607731151907544,84.61164262577705
70.1,157.16,37.72,102.72,93.68,107.31,102.52,62.67,37.96,33.57,18.72,27.36,16.2,13.19,52.4,23.15,76.05,38.5,34.9,28.41,53.73,35.22075014866497,120.59665429066342
77.21,165.62,37.69,96.37,83.22,108.33,105.69,69.53,45.65,37.5,20.54,27.13,15.96,13.89,57.42,24.87,82.18,40.24,38.77,25.59,56.48,37.02130180371728,111.15752344272937
69.89,163.15,39.76,98.13,81.31,99.65,100.98,62.45,38.71,34.95,20.43,26.32,15.9,11.34,51.89,22.57,80.41,40.07,37.46,26.77,62.53,34.80748401739109,149.5313499430216
60.19,162.29,36.97,90.93,78.56,95.43,96.81,57.1,38.45,31.51,18.3,26.35,15.4,13.39,52.9,22.85,81.3,38.46,39.79,25.35,58.0,34.9642057740133,103.86844548245756
72.2,171.57,39.03,94.44,82.55,99.82,103.27,63.93,40.19,36.72,19.79,26.88,15.09,13.45,59.77,26.34,83.09,40.28,41.19,26.56,58.82,36.5232580591246,90.9527914106884
54.7,158.67,37.69,80.84,71.82,93.1,100.14,57.96,37.75,31.44,18.79,25.42,14.7,14.19,52.82,23.18,75.37,39.16,34.62,20.58,56.67,37.122454374322814,100.18401921210096
59.75,165.32,36.5,82.22,77.06,95.09,93.42,58.99,41.41,34.11,20.32,26.15,14.8,14.13,52.8,23.46,84.74,39.96,36.56,21.91,56.08,35.87717662809439,126.9810123510091
70.3,169.23,38.37,97.53,78.04,98.93,105.26,60.67,41.52,37.35,20.83,29.63,16.35,14.35,55.44,23.82,80.9,40.48,37.47,26.2,56.0,37.59751541491466,104.36741068773188
54.77,153.34,35.17,87.32,67.48,88.64,96.92,56.76,39.39,36.8,16.77,26.12,15.29,13.25,49.38,21.44,76.13,37.95,33.02,24.2,51.55,34.71545192489028,105.36209285545442
111.2,165.22,48.69,126.49,119.23,128.45,125.44,70.91,43.11,40.45,19.58,30.69,16.8,14.22,54.37,24.34,73.46,40.5,38.09,35.54,55.44,39.61738531102077,108.75547757666254
56.01,159.36,33.98,84.09,73.83,92.01,94.48,57.14,40.68,35.21,20.26,24.78,14.25,12.78,49.21,21.95,73.8,44.07,33.95,22.13,54.25,34.49107651490299,112.52854322771304
74.91,153.05,37.27,99.35,90.0,110.8,105.0,69.45,41.86,38.96,20.17,25.65,14.87,14.01,49.27,19.69,73.08,36.83,33.21,26.37,55.37,36.08893052361443,118.75882298795602
80.69,169.08,38.76,91.12,87.64,109.72,103.73,71.18,45.2,41.02,21.71,28.82,15.94,14.5,53.12,23.12,77.64,46.62,35.1,24.07,58.16,37.74698271552432,141.41672627415198
66.17,158.86,38.84,102.1,86.13,98.01,104.59,57.09,39.18,35.04,19.06,26.46,15.06,14.15,51.64,22.42,77.01,39.4,37.74,27.9,54.43,36.62973553392545,109.4822726373219
54.41,156.09,34.4,81.73,74.79,93.1,96.2,56.56,36.76,34.43,19.68,24.82,14.43,14.04,53.1,22.87,74.01,41.47,34.64,21.69,54.06,35.57725634714651,99.68157986904839
71.13,170.58,37.58,88.66,84.03,103.63,104.8,61.31,38.97,38.04,20.54,27.39,14.93,14.2,55.4,23.38,83.68,42.15,39.89,22.79,55.39,37.60819676631107,107.63323734424267
76.43,164.15,38.56,99.49,89.27,109.34,104.75,64.64,40.45,36.11,21.13,27.25,15.88,14.22,53.24,22.24,78.95,41.17,39.26,28.52,57.94,36.59392427314794,116.64488771464573
64.91,167.18,38.11,82.84,73.95,97.13,100.83,61.18,42.7,38.53,21.33,25.76,14.85,14.6,52.67,22.71,77.59,44.36,37.47,22.23,56.83,37.627750972340415,109.85126870641818
60.21,170.67,35.39,82.1,74.15,91.19,96.09,53.67,33.82,60.86,49.92,25.58,14.75,13.66,56.61,24.45,84.9,43.38,39.45,21.52,55.51,37.81556432833223,180.92371906232393
72.53,171.79,36.86,86.09,80.98,105.88,100.21,65.9,41.4,38.51,21.11,26.73,14.74,14.94,55.78,23.49,86.01,43.17,40.3,22.85,55.8,37.38839162122715,120.01145188421526
52.39,157.24,37.46,83.99,75.0,86.73,102.43,52.75,35.1,31.79,18.79,23.96,14.47,14.54,49.75,20.44,73.16,45.38,36.07,21.7,56.19,37.663804406835425,118.56553541656217
79.45,162.42,40.45,105.42,97.43,107.64,105.79,62.68,43.15,39.05,20.94,28.01,16.02,13.17,54.82,23.22,75.39,42.36,35.35,28.86,55.63,36.36173486587409,130.89619227066487
83.78,153.91,35.93,106.19,93.01,110.06,103.86,72.34,53.19,45.03,25.21,25.85,17.8,14.57,49.32,22.2,70.04,41.98,36.22,29.44,55.82,35.771751707014324,108.09783362062603
105.37,151.42,45.3,131.63,117.58,127.69,117.29,71.19,48.27,43.68,22.27,30.33,17.56,12.43,50.1,22.7,65.75,41.52,33.21,35.89,55.49,36.45802119184493,154.18649744136542
60.97,148.63,36.85,91.61,84.13,103.33,95.51,59.76,38.4,36.16,20.04,25.99,14.67,13.32,48.46,20.91,70.1,35.72,33.04,24.33,56.98,34.27300502385848,117.54553075341698
86.42,175.91,35.14,96.51,85.1,114.13,101.7,67.95,46.8,42.22,24.45,27.91,15.93,14.11,57.92,24.91,86.42,43.23,37.44,25.16,57.5,36.791752087677665,122.64899934108178
61.32,157.23,37.06,91.36,81.46,99.08,102.32,57.15,38.17,33.35,19.56,26.79,14.96,12.78,49.66,20.93,75.22,38.46,33.44,24.14,58.32,35.729474788866014,122.46626090014149
98.89,168.42,44.64,124.64,112.04,116.84,119.86,65.76,41.03,40.41,20.84,28.82,16.48,13.39,57.34,23.85,76.79,39.7,38.46,33.94,56.64,38.35440571742807,105.31421828973072
59.74,159.93,36.89,92.9,83.39,98.04,104.23,53.22,35.63,32.32,19.1,25.29,15.2,13.68,50.62,21.78,76.62,38.16,34.29,25.18,53.04,36.61423533679445,97.5864025132201
78.47,158.04,36.43,106.58,97.35,111.33,97.68,65.54,41.53,38.7,20.16,27.14,15.57,12.21,52.15,20.85,71.21,46.14,33.95,26.15,52.43,33.796742505778205,149.1344316897687
81.61,171.55,39.46,99.44,87.03,106.72,108.6,66.63,44.27,39.66,21.15,29.78,16.05,13.55,57.1,24.99,87.99,38.84,39.86,27.28,55.27,37.34941292074432,113.80554559380033
69.35,159.11,38.87,93.97,86.75,108.33,104.51,64.51,38.94,33.75,18.76,26.83,15.07,13.13,51.91,21.7,77.39,41.38,36.67,24.35,54.37,36.37517429930065,135.62393406795968
69.08,168.01,35.88,93.76,78.46,102.96,108.8,63.09,38.41,34.53,20.27,27.02,14.86,15.08,53.56,22.46,79.55,46.66,36.55,24.03,57.33,38.96056795619182,130.65486402118574
63.39,154.66,37.05,93.52,86.08,104.02,97.87,60.35,38.13,33.1,18.38,25.93,14.42,13.02,50.83,21.62,73.05,40.0,33.82,25.03,54.65,34.70784436350348,124.29213225836361
66.9,163.37,37.27,98.1,86.96,101.52,104.1,58.76,37.62,33.19,18.8,26.93,15.22,12.86,54.9,23.5,78.83,38.6,35.83,26.03,57.86,35.964745098188196,109.84883689398737
67.81,160.01,37.71,94.4,81.11,104.41,102.31,61.31,40.66,35.84,19.26,25.93,15.15,13.2,51.79,22.33,73.45,43.53,33.25,25.47,55.3,36.186589418268575,131.30932781826527
93.74,168.26,40.1,109.04,99.13,120.75,114.79,73.99,44.75,37.27,20.04,28.12,16.28,13.76,55.76,23.92,86.17,40.67,40.14,28.86,58.55,38.1137536379161,138.0513931515053
76.99,164.87,37.93,108.48,93.38,105.06,110.56,62.83,41.02,36.34,20.85,27.92,16.35,14.0,55.6,23.14,77.68,42.52,35.38,29.52,57.27,37.65106255455549,124.49619294416277
59.9,162.28,33.84,86.31,71.24,95.27,96.53,56.36,40.47,36.13,19.66,26.03,15.12,13.69,54.16,23.01,79.4,42.36,36.13,24.71,55.79,35.23806801650264,109.50569089764758
90.34,151.05,45.5,120.22,108.47,119.33,115.96,69.66,43.29,40.85,20.95,27.27,15.06,12.92,50.27,21.93,65.21,40.54,32.67,33.15,57.54,37.366567983787746,151.61109950704247
61.65,159.52,37.19,93.76,76.82,97.43,101.21,58.46,38.91,34.89,19.23,25.16,13.99,14.91,50.94,22.69,75.83,39.99,34.78,25.82,59.04,37.12130090479696,117.16306984971249
67.03,162.63,36.99,94.71,85.16,101.99,100.69,60.67,37.91,34.14,18.39,25.07,15.12,12.87,55.52,23.41,79.93,41.21,36.6,24.85,54.17,35.547375264197875,120.65170133967638
80.7,152.35,41.02,110.2,99.75,110.98,108.99,64.52,41.82,40.27,22.1,29.63,17.28,12.15,51.28,22.31,71.88,43.96,31.89,31.06,50.8,35.81766931384819,171.82703158534696
58.33,162.59,36.18,83.2,74.68,94.06,100.56,57.07,39.6,35.84,18.92,24.29,14.5,14.62,53.29,23.08,78.1,44.88,36.26,21.59,52.99,37.45380506364151,115.04401185149078
60.56,160.28,36.08,86.76,77.29,99.48,97.44,57.11,36.17,33.63,19.08,24.82,13.38,12.2,53.34,23.33,76.7,40.5,37.11,23.4,57.14,34.43723844026187,106.54267757228251
60.48,164.11,36.32,85.07,72.84,93.52,102.95,57.86,36.45,36.84,20.43,23.97,14.51,14.88,51.17,21.99,78.59,40.35,38.17,23.27,57.99,37.57884896456668,90.40534958071498
76.87,167.2,37.36,97.27,90.38,110.39,100.85,62.66,40.77,36.39,20.27,28.6,15.95,13.51,56.52,25.31,83.04,38.04,37.42,27.12,55.14,35.539602528620556,104.09843847121135
78.25,176.65,39.76,103.54,87.22,102.87,109.92,60.25,38.97,37.87,19.45,28.23,15.88,14.34,60.41,26.16,89.25,43.27,40.09,27.34,53.82,38.859923223338505,124.61181642766212
68.68,157.2,37.1,102.85,86.71,104.66,103.57,63.21,39.8,34.45,19.3,26.18,14.82,13.05,51.72,22.78,77.67,37.71,35.71,27.57,53.81,35.424168056966785,118.74886459792071
59.39,160.9,36.97,88.46,74.7,95.77,102.65,55.14,39.36,33.38,18.49,25.76,14.59,14.28,51.31,21.11,76.02,41.24,35.48,22.09,56.8,37.32725488645413,109.23491532607261
68.02,182.08,36.51,81.96,73.88,96.9,99.23,57.35,40.09,36.3,20.23,25.49,15.27,14.22,61.38,27.1,94.09,45.6,45.3,22.54,57.45,37.45838433500416,105.55022570009726
54.01,165.23,32.86,78.71,72.57,91.64,99.41,56.33,35.06,31.68,17.85,24.37,13.78,14.69,53.58,23.83,81.09,43.81,38.4,20.55,53.74,36.79316874305129,86.57552461846205
62.4,169.38,33.97,89.16,78.86,99.5,101.96,56.94,36.75,32.99,19.19,24.93,14.12,15.23,55.04,23.4,81.2,43.74,41.1,22.57,55.97,37.44777029892674,84.93576957097457
101.82,165.81,45.35,124.47,108.8,118.73,115.76,71.79,48.58,40.88,21.84,33.6,19.52,13.74,54.84,21.97,81.32,40.52,36.4,36.09,58.62,37.92923623728676,166.79954372452448
60.78,160.14,37.24,90.7,81.28,95.98,101.79,56.4,39.12,34.04,20.15,25.87,15.33,14.33,52.67,22.63,79.68,40.16,36.2,23.76,54.39,37.060069657029594,118.93086398306036
81.35,163.67,40.38,103.72,90.9,109.21,109.53,64.29,40.93,39.48,20.58,28.86,15.71,13.84,55.66,23.88,75.74,41.48,37.13,28.66,55.53,37.287005174388035,108.59703569156767
59.61,167.82,35.14,91.96,74.92,94.43,101.79,54.33,35.09,30.5,18.2,24.58,14.53,15.03,52.54,22.39,80.44,44.87,37.45,24.25,53.7,37.54969542243505,104.85265091046358
55.4,157.17,33.7,83.05,74.62,91.98,100.22,55.25,37.24,35.3,18.23,25.49,14.41,14.4,52.95,22.83,76.55,38.68,35.33,22.21,54.74,36.17188038389798,80.77201003479809
52.33,157.97,32.7,81.22,69.07,92.06,91.78,54.34,37.16,35.3,18.73,24.42,14.24,13.53,52.48,23.33,77.45,38.12,34.37,21.83,54.42,34.30302416083206,91.0045993518911
76.88,156.21,39.91,107.03,95.05,107.29,110.19,63.53,42.09,37.06,22.52,28.35,16.42,14.52,50.43,21.88,71.13,43.76,34.23,29.06,55.93,37.898827313820746,139.95978032717107
110.93,175.89,47.5,129.4,112.17,121.98,124.41,69.68,44.35,41.48,22.69,29.24,16.75,13.65,59.78,25.18,84.99,46.47,38.25,34.4,56.16,40.652830797812086,172.3553084130366
63.54,166.68,35.72,87.12,74.53,94.25,106.28,58.8,39.7,37.74,20.82,26.3,14.72,14.75,55.6,24.7,84.51,43.35,40.15,22.43,55.2,38.36043841881501,110.03957554737065
71.71,168.61,36.84,93.85,84.83,103.15,103.24,61.99,41.8,35.78,20.72,27.73,15.94,14.11,54.67,23.48,82.54,42.47,38.45,24.61,54.99,36.959758624339784,112.4428519334968
52.28,162.08,34.05,85.6,75.59,92.63,94.34,53.77,34.52,30.36,17.89,24.47,13.42,12.86,54.99,23.6,82.28,43.03,39.03,21.16,54.03,34.77782820918321,122.77642273411675
64.41,152.0,34.5,91.16,81.91,103.29,101.36,60.73,40.21,37.21,20.17,24.96,14.93,13.51,48.82,20.57,68.51,40.1,34.32,24.41,56.0,35.09724266593493,93.31574852261093
45.36,153.71,30.53,79.86,69.31,89.44,89.14,47.24,31.86,31.88,18.02,24.46,14.56,12.86,48.76,21.55,74.99,39.95,36.52,21.9,52.97,32.683530852614645,85.36426261849766
62.45,147.59,37.0,96.76,82.46,104.34,101.24,61.94,42.36,34.28,19.4,26.44,14.74,13.57,47.31,20.51,70.9,35.65,33.75,26.12,53.46,35.07522927811578,110.93526794008642
78.28,160.62,37.63,106.54,100.26,109.32,112.03,63.89,40.54,34.71,18.97,29.89,15.99,14.8,54.03,22.39,77.21,43.81,35.55,28.57,53.26,37.971805189263804,128.1525498015493
60.42,156.31,36.08,87.1,75.26,94.94,99.37,60.26,40.49,34.9,19.84,25.68,15.47,14.87,51.2,22.5,73.07,40.85,34.58,23.51,54.17,36.53793253562241,94.98833625250876
95.14,162.05,39.58,115.62,104.72,123.12,111.4,72.51,47.18,40.46,21.82,28.46,15.95,13.14,53.6,23.37,74.68,39.26,35.93,30.24,53.94,36.27055107177642,108.56083216399622
66.87,162.28,38.52,90.74,76.39,96.84,107.03,60.36,42.29,38.22,21.0,28.08,16.19,14.1,54.17,24.86,79.64,42.16,35.59,22.51,56.58,38.42742972106283,131.16659357339427
64.1,165.91,36.1,89.89,72.68,93.48,101.01,57.36,41.25,38.06,22.22,26.53,15.12,14.84,53.51,24.02,80.16,42.89,36.86,23.7,55.61,37.488144333208666,109.37783282603948
73.3,173.67,35.39,87.45,80.64,104.5,98.99,64.21,45.49,35.46,20.57,26.64,14.55,14.08,58.27,26.35,91.15,41.9,40.77,24.4,55.96,36.32175064973137,111.58070828568339
110.32,170.08,43.14,123.76,108.0,122.52,117.45,80.54,52.59,44.04,22.96,31.87,18.19,13.87,56.43,25.01,82.54,40.6,39.55,34.04,61.08,38.05672467889483,133.83832620529267
71.73,171.99,38.2,89.86,81.36,105.53,105.21,59.44,40.01,35.99,20.33,26.74,14.75,14.94,57.89,24.74,82.74,45.99,37.19,25.23,57.66,38.657307842045554,130.32731471262116
56.37,150.78,34.54,95.95,82.76,94.0,97.74,57.92,35.11,33.37,17.53,25.7,14.43,13.73,49.72,21.28,70.04,35.97,33.81,25.18,55.55,34.41216177031986,84.07767849389705
61.76,177.41,37.57,80.43,75.77,95.1,100.5,55.65,35.77,33.32,18.83,24.0,14.08,13.91,59.44,24.77,86.48,44.62,41.1,21.08,55.6,37.609296865834395,96.34320368506951
53.03,162.69,34.13,79.12,66.82,90.66,95.87,55.42,35.91,34.21,19.76,24.45,14.37,13.64,53.1,22.96,78.05,44.95,36.61,21.54,54.45,35.76231005119988,111.66294584719918
150.04,159.92,52.25,152.18,140.85,151.65,140.59,85.97,56.9,50.1,24.74,31.76,18.55,14.56,52.89,22.48,67.37,41.44,33.58,40.59,58.53,41.66695890768212,141.855598514441
74.77,172.25,37.19,95.68,87.67,106.44,103.98,63.7,39.21,37.71,20.94,27.54,15.53,15.03,54.91,23.5,81.32,41.27,39.95,25.5,58.63,37.546777074568126,95.24364528213755
69.08,164.95,36.69,96.25,79.41,101.49,103.23,62.75,40.25,37.9,20.22,27.39,15.41,13.86,54.86,23.78,80.7,39.28,36.69,24.53,56.87,36.785371703910435,114.2245254762529
89.87,160.59,45.02,119.77,112.02,114.6,114.73,66.22,39.96,35.37,19.11,27.7,15.07,13.18,53.86,23.8,76.37,41.84,36.12,32.92,55.53,37.653460779974935,151.88261016627735
72.32,164.17,36.68,90.3,89.92,108.72,102.34,61.18,38.78,36.53,19.93,27.69,15.2,15.17,56.65,24.79,78.34,40.33,39.45,25.74,57.26,36.786564829823575,84.50616842103545
80.33,165.45,36.72,99.23,88.37,111.0,105.53,67.17,45.12,39.16,21.18,30.25,16.44,14.22,51.51,23.41,77.14,45.92,36.85,27.05,55.95,36.79299467693008,128.4132230356572
53.76,155.37,34.45,82.64,74.15,95.21,94.13,57.97,34.65,33.64,18.66,23.86,13.75,12.55,50.17,21.92,73.01,39.43,33.35,21.38,52.76,34.04979496352388,100.1132033364301
59.57,169.62,37.79,84.52,74.53,92.13,104.97,54.75,36.46,34.71,19.0,24.28,13.96,15.59,53.64,23.37,80.87,43.25,39.14,20.7,57.25,39.371989988064875,96.25762101871197
75.61,166.7,37.9,102.29,89.52,104.13,103.0,62.87,43.43,40.28,21.05,28.42,15.7,14.38,55.31,23.32,83.76,38.75,37.91,27.47,57.59,36.77828596802988,125.34715980902172
65.91,166.2,35.02,87.42,81.58,101.52,101.43,60.64,40.79,35.93,20.27,26.0,14.49,13.73,54.12,24.08,81.67,41.04,34.87,23.92,55.08,36.428884176814066,110.11144152218742
56.91,167.5,35.23,81.09,70.0,92.96,95.66,56.97,36.75,34.86,18.14,24.57,13.21,14.14,52.02,23.55,82.55,41.95,38.6,20.32,56.58,36.257176538775774,105.62654243677093
73.23,167.45,38.06,95.02,80.63,105.02,104.49,63.61,44.26,38.03,20.32,28.27,15.5,14.11,55.35,23.79,83.72,38.3,35.22,24.61,55.55,37.49855904842464,120.57060619950619
92.78,158.52,38.67,112.3,111.76,123.9,109.81,68.57,44.61,39.6,20.04,26.62,15.42,13.86,52.01,22.28,68.5,40.59,35.67,31.05,56.03,35.86289434332671,87.7037402844391
51.18,158.61,33.92,82.79,69.15,91.12,94.29,52.95,35.62,32.92,19.2,22.73,14.24,11.98,54.54,23.75,77.3,41.31,36.53,19.76,54.7,34.36974648497935,107.97165733907298
86.09,159.06,41.9,115.15,106.76,112.89,116.91,63.31,41.11,36.07,19.29,28.39,16.08,14.14,52.56,23.09,71.99,43.78,35.89,30.73,58.27,38.54675416276282,132.37508974730383
60.06,172.51,34.1,84.04,72.29,95.54,98.89,57.4,36.28,31.79,18.5,24.49,14.43,13.26,57.88,24.73,85.3,44.72,39.06,22.16,53.65,36.13313111104193,101.37725188809236
71.54,170.52,39.49,91.52,84.52,105.48,102.41,59.04,41.39,34.75,20.69,26.84,16.39,14.25,57.15,24.57,84.45,39.4,41.41,24.53,58.09,37.329485162271176,102.07508749131489
72.35,169.5,37.54,98.84,84.0,103.26,105.18,60.83,37.32,34.6,19.41,27.53,15.72,13.1,56.36,23.75,79.82,41.84,36.98,25.75,58.72,36.646009398754465,111.94797299677577
74.36,159.26,40.16,102.24,89.75,103.38,109.47,63.67,39.09,37.65,19.24,27.1,15.58,13.1,50.99,21.34,71.91,41.0,35.61,27.89,57.78,36.72693524328176,113.38942382859045
63.65,158.6,36.88,100.02,80.79,98.89,102.67,56.16,35.28,32.24,18.24,25.51,14.9,13.5,51.49,22.52,73.93,39.94,34.9,25.85,56.24,36.03230368116869,106.74565959952832
57.21,166.97,35.96,83.84,67.03,91.8,95.03,57.5,35.62,34.45,18.39,25.92,15.17,14.37,53.78,21.62,82.26,40.81,39.2,23.07,57.58,35.95455173948949,105.28942520687463
62.1,168.92,34.5,84.34,74.07,96.4,95.5,59.44,40.73,36.11,20.09,25.1,14.28,13.74,54.08,23.54,84.64,43.78,39.67,23.32,56.7,35.545614312523796,117.23251428811477
53.4,160.11,34.35,84.86,71.2,88.86,96.87,54.6,35.61,32.87,18.61,22.7,13.93,14.02,49.79,21.17,78.19,42.88,36.92,22.17,54.0,35.84391699674863,107.44901102812963
80.83,156.16,40.53,103.33,90.33,111.77,109.46,70.71,45.14,39.51,22.71,30.8,16.9,13.45,50.51,22.2,69.43,40.51,35.18,25.99,58.0,37.020961647723574,124.54151409405199
72.71,169.18,36.42,97.53,80.41,106.23,108.16,62.47,40.47,37.68,18.99,27.69,14.83,14.7,54.97,23.91,83.32,42.38,38.21,26.45,55.44,38.06036467687589,115.37198800824427
66.05,159.99,36.58,91.97,75.73,102.44,104.25,65.32,40.86,38.25,20.96,26.52,14.92,14.6,51.02,21.27,77.32,39.66,37.32,24.96,57.39,37.130592690281574,114.69631515432405
66.46,169.19,38.93,97.11,88.81,98.13,105.37,55.15,35.81,33.52,18.8,25.3,14.96,14.21,56.43,23.39,84.84,40.3,40.08,24.83,58.69,37.88861485343392,118.37079527692435
58.83,167.67,35.2,81.71,72.46,95.99,101.02,57.0,36.76,34.48,19.5,26.7,15.09,14.95,55.02,24.02,81.1,41.64,36.16,22.05,54.08,37.61582305748452,94.03623589302168
67.07,161.78,36.79,95.15,84.01,100.6,102.57,61.23,36.25,35.2,19.56,26.09,14.92,14.63,51.91,22.0,74.58,41.72,36.47,26.17,54.43,36.571696649442266,95.80725967645543
70.16,164.56,36.62,94.48,85.25,107.45,98.98,59.71,39.17,37.21,18.5,26.81,14.93,12.62,54.89,23.59,83.4,40.91,37.03,24.95,56.32,35.129328923597875,142.1781206124034
89.1,181.48,40.78,103.77,92.72,111.58,109.34,62.92,41.81,38.57,21.63,28.93,17.21,13.83,59.85,25.28,88.05,46.12,41.71,28.35,57.4,38.314776555287885,126.76717755368566
75.07,166.91,37.2,92.09,82.4,108.68,99.44,67.75,42.96,38.71,21.39,26.9,14.7,12.55,54.96,23.57,77.92,43.73,38.3,24.48,57.51,35.10034248005599,120.64327479090537
65.64,158.55,36.83,92.7,80.73,99.73,98.53,60.98,39.06,35.56,20.79,26.67,15.8,13.43,50.14,21.14,74.68,41.47,33.58,25.41,54.65,35.349955366503764,124.75695121223305
118.92,174.59,48.11,125.3,116.27,120.09,122.32,72.95,50.15,44.83,24.45,32.03,18.59,14.04,60.69,26.64,80.0,49.8,37.72,35.32,58.57,40.13187157532746,157.5982939145083
65.96,159.67,38.54,92.02,81.21,102.74,104.91,62.05,39.23,35.33,19.42,27.22,14.14,14.5,51.68,22.63,73.38,39.07,32.52,23.62,57.12,37.70176986144389,111.62057089636073
61.17,161.93,35.38,95.83,81.93,98.42,101.37,56.33,36.48,32.94,19.24,25.24,13.8,13.66,53.08,22.35,78.66,43.77,36.31,26.54,54.13,36.001983839473475,126.97896112462297
62.39,161.05,37.19,92.42,79.55,97.64,102.33,60.17,38.93,33.57,18.8,25.3,14.41,13.85,49.94,21.72,78.86,40.9,35.72,24.45,55.83,36.667641486144696,125.15918050565904
56.03,161.49,33.46,88.49,70.45,89.28,98.44,53.2,36.59,35.79,19.34,26.15,14.72,13.05,51.65,22.2,75.6,41.78,38.33,22.76,56.37,34.92357110207761,83.50924201029682
77.27,157.87,39.74,111.49,97.74,106.27,103.52,58.28,37.0,35.97,20.42,27.81,16.41,13.18,50.42,21.36,69.11,42.14,36.33,30.29,55.82,35.12171928745273,111.99179395386955
67.75,160.68,37.99,95.76,82.21,103.14,102.53,62.34,40.14,32.59,19.7,26.05,15.05,13.02,51.84,22.32,76.77,39.67,37.77,25.8,55.07,35.59078896079902,103.9995986939868
106.45,172.96,43.92,126.53,110.39,120.55,120.51,69.37,43.36,42.46,23.24,31.61,18.13,14.46,53.55,23.73,77.36,43.27,42.09,34.27,57.86,38.9314476626333,103.11686612984613
73.19,168.17,37.36,107.23,85.89,103.99,108.73,58.39,38.68,36.84,22.12,25.51,16.84,14.69,54.41,23.55,83.48,42.55,38.69,29.79,55.69,38.21134246358525,130.50428500010003
65.82,167.06,35.49,94.0,74.19,101.97,98.28,62.0,39.13,36.8,20.08,25.35,14.69,13.96,53.15,24.44,80.82,39.39,38.11,24.45,57.71,35.98422929285402,104.37977074685239
69.78,163.75,36.42,92.08,82.28,103.95,103.25,63.26,41.76,37.79,20.15,26.44,15.55,14.78,51.87,22.77,81.51,42.31,36.79,24.56,56.71,37.45629045100278,132.47700044803275
99.67,166.12,43.93,118.0,100.66,117.15,118.47,73.28,47.54,42.32,23.92,33.83,18.43,15.04,53.12,22.96,77.68,43.89,36.39,32.7,60.49,39.74724348928935,158.73919547750188
74.94,171.08,37.65,102.24,82.48,102.43,105.43,62.56,43.0,36.98,19.57,28.03,15.82,13.66,55.2,24.12,82.35,43.05,38.41,28.04,58.42,36.89979999131749,119.43203722974602
69.37,173.05,38.99,92.57,78.93,98.72,104.51,57.9,40.64,35.19,19.47,25.39,14.19,13.93,57.13,23.4,83.93,44.21,38.28,25.7,57.14,37.793476221176306,120.168083629487
64.04,171.59,36.63,91.34,77.22,93.32,107.67,55.36,35.92,37.19,20.48,27.01,15.7,15.05,55.65,24.25,83.65,46.45,37.59,24.36,54.36,39.19557659497503,123.6676784513262
49.62,149.85,33.94,85.43,73.87,90.1,96.04,50.2,32.95,32.0,18.13,23.23,14.12,13.19,51.49,21.87,72.04,35.99,35.13,23.45,51.03,34.04706676067512,65.51950247876368
91.33,170.68,42.3,119.04,96.85,114.53,116.08,64.23,41.71,40.01,21.09,30.19,16.22,15.09,54.87,23.26,81.42,42.71,36.03,33.91,59.28,39.55672914603386,150.82774250497835
61.48,159.03,34.39,81.73,81.2,103.01,97.49,62.71,37.97,36.59,20.01,25.73,13.9,14.19,52.61,23.6,76.77,43.93,34.82,21.53,56.12,36.08169056264627,131.94251982599724
58.49,159.37,34.92,89.62,71.66,97.43,100.22,54.95,37.34,33.28,18.48,23.66,13.72,14.0,51.2,23.07,73.05,45.34,34.68,23.26,58.62,36.59650685288563,121.76374506066804
56.25,155.63,37.2,85.01,73.58,94.29,99.44,56.76,37.34,33.57,18.74,25.88,14.47,13.22,51.29,22.83,74.5,37.19,35.67,21.97,56.46,35.64485997782672,94.74597231750715
63.49,157.78,36.5,93.29,79.07,101.22,100.86,59.51,39.85,35.71,19.91,26.39,14.92,13.1,52.01,23.31,78.51,36.93,37.57,24.5,54.28,35.333233237161075,103.11508025100824
94.89,169.69,37.03,101.95,90.57,123.27,108.84,75.76,49.19,45.05,23.63,30.03,16.54,14.93,55.47,23.95,82.27,43.67,33.46,27.55,57.19,38.25389165620462,150.16156115395427
155.26,170.45,46.31,141.07,125.63,152.37,132.0,98.31,62.28,49.45,26.59,33.75,19.56,16.41,54.03,23.43,76.06,43.8,38.52,39.02,56.53,40.74726014525379,104.31445261495463
102.77,158.15,41.84,122.04,114.67,124.21,113.8,71.36,48.16,45.05,22.53,28.54,15.76,13.7,51.45,22.81,69.04,45.02,34.53,34.3,56.34,36.79859632004789,139.35429872365012
71.2,166.06,37.96,93.32,80.27,102.26,106.94,64.59,41.82,37.93,21.07,27.02,15.36,14.63,56.96,24.66,80.95,41.94,38.01,24.77,54.46,38.17097364337655,109.63374501946862
56.3,161.25,37.39,83.56,68.8,91.71,98.88,56.16,37.74,33.57,17.94,26.56,15.12,12.85,52.36,22.25,75.73,41.07,33.96,21.32,55.27,35.935750705587076,110.30802720246061
83.81,167.08,40.13,100.19,93.56,113.55,109.97,67.38,46.41,39.63,23.17,28.88,17.28,14.74,53.47,23.11,83.59,41.18,36.78,27.03,58.02,38.78787285208264,148.08400180176932
69.58,176.88,36.89,89.16,78.55,103.17,104.37,60.49,36.75,35.23,19.05,26.2,14.93,14.33,59.04,25.23,85.42,43.4,41.1,21.73,57.5,38.14567162763072,98.38356463079083
98.52,150.86,46.16,118.45,116.6,128.03,118.8,73.1,49.56,41.52,21.78,31.66,19.03,15.26,49.64,21.38,62.36,43.54,35.73,31.65,54.69,39.15632333879067,134.371342187678
55.48,154.79,34.81,86.21,72.88,93.76,98.54,55.25,38.48,32.31,20.03,25.97,15.4,14.69,48.52,20.69,72.17,41.43,35.5,23.63,55.35,36.025490328640124,96.41319222556314
65.73,162.06,36.34,99.21,85.83,96.07,102.34,55.81,36.0,34.7,19.14,25.88,15.13,14.02,54.06,22.94,77.32,43.35,38.19,27.75,57.65,36.10284946635287,111.86908002206889
70.95,154.65,37.47,97.49,85.89,110.9,104.17,65.85,38.38,34.99,20.35,26.48,15.19,14.2,52.64,22.89,75.3,36.53,35.85,26.87,58.82,36.32137299748452,116.24610115546136
58.47,165.57,34.76,86.47,74.25,91.8,99.42,55.06,36.47,34.44,19.98,25.91,14.43,13.9,52.34,22.85,81.71,41.16,40.63,23.33,55.68,35.903917675640194,88.38749700710628
61.09,172.13,36.44,86.91,76.59,94.39,97.18,54.0,38.24,33.84,19.82,22.76,14.08,13.49,55.84,24.41,84.5,47.85,39.46,22.8,58.74,36.682851552498725,140.3359680959129
92.45,155.96,43.47,126.73,116.44,119.2,117.17,61.26,38.73,35.49,21.24,30.1,15.04,12.93,52.38,22.35,66.9,47.95,35.26,36.06,54.79,36.97866485054037,155.00989818749804
50.93,150.35,34.72,77.42,71.97,91.53,96.97,55.69,38.21,34.72,20.16,25.08,14.88,14.4,48.64,20.88,70.57,37.87,33.42,19.86,53.26,35.81723917569157,83.378409905755
52.88,163.77,32.35,81.34,69.94,90.3,96.7,54.25,36.36,31.81,18.55,24.83,15.25,14.34,54.05,23.47,79.95,45.71,35.07,20.35,52.7,36.48467640959768,113.06722390296977
53.96,161.94,35.2,81.21,71.24,88.86,96.82,55.52,34.2,33.85,18.4,24.72,14.5,14.58,52.99,22.75,79.12,45.02,36.16,21.75,56.88,36.72480101991409,126.84584812709579
69.99,169.66,38.36,93.44,83.0,98.91,107.41,59.36,39.16,36.23,20.43,27.34,15.73,15.68,57.05,24.15,81.36,44.49,41.38,24.85,58.7,39.08456559358407,104.81211371287168
68.45,160.57,38.19,95.23,81.88,99.05,103.73,60.98,43.27,36.83,20.44,28.16,15.26,13.55,50.12,22.25,73.34,42.4,34.39,25.68,54.07,36.38144528558569,110.2958611955222
59.18,156.39,36.96,91.01,75.52,99.64,101.71,59.59,37.55,32.79,17.28,24.08,14.03,15.24,51.13,22.35,73.99,36.54,33.18,23.87,55.15,37.338303227446005,92.9898973571656
66.79,168.01,34.99,83.66,78.94,101.41,102.0,59.44,41.63,38.04,20.52,15.67,14.27,15.4,55.57,23.72,81.95,44.01,37.39,21.87,54.07,38.51768004742437,95.2879648995119
58.69,160.25,36.67,86.81,74.87,93.15,101.77,55.81,35.84,33.65,19.01,25.47,14.2,14.29,51.57,22.98,74.17,42.66,33.34,22.85,56.96,37.19780148614417,110.57315118362635
80.29,153.53,42.08,112.88,102.01,110.47,109.83,66.56,41.17,37.95,20.76,28.63,15.58,12.95,50.39,20.98,67.76,41.82,32.53,29.54,53.5,36.49878404854681,143.69634419867168
56.45,165.06,35.38,82.71,72.99,92.71,99.87,54.0,36.22,35.18,19.62,24.39,14.35,14.11,51.07,22.47,76.53,44.69,36.32,22.35,54.54,36.77647990790368,100.80400617497344
70.44,174.79,37.33,87.03,82.0,104.48,99.42,61.88,39.62,35.99,20.24,24.82,14.64,13.72,56.15,24.66,85.94,46.56,42.17,23.5,57.41,36.70681643675181,126.65403666708232
56.25,166.69,34.54,82.44,71.78,93.98,99.34,53.27,36.47,32.1,21.19,23.71,14.65,15.68,51.75,23.0,80.88,40.54,36.8,21.54,55.95,37.92236287076452,87.42201669702058
64.16,164.07,35.81,91.1,78.97,97.12,98.08,57.59,40.51,36.56,20.86,25.58,15.8,13.35,51.57,23.52,80.43,43.65,37.32,23.64,54.49,35.751467826279395,126.52877735854258
48.54,168.02,35.2,75.78,63.19,82.93,94.02,48.22,32.03,32.79,18.49,23.66,13.86,15.63,52.08,22.19,81.2,45.92,38.3,21.52,55.7,37.301297806095356,103.84791919498116
66.63,171.5,35.89,92.71,80.86,98.37,106.72,60.06,37.93,36.37,20.34,25.35,14.38,15.99,55.46,25.31,85.53,44.9,38.34,25.07,57.97,39.46737826808695,126.02767129668598
82.86,153.53,41.01,110.47,101.04,112.06,113.24,64.54,42.6,37.77,19.98,29.04,16.47,13.88,49.14,21.0,69.89,40.57,32.8,30.02,55.37,37.41695417215369,129.7321352296177
81.07,161.17,38.5,101.24,91.71,109.71,108.44,71.07,45.84,41.23,21.67,28.22,16.2,14.59,52.25,22.25,77.9,41.27,37.23,27.36,57.52,37.52703728225163,128.75965756001335
71.19,161.63,36.65,94.11,80.28,101.17,104.91,64.97,43.18,40.47,21.38,27.26,15.28,14.78,52.83,22.15,76.73,38.48,37.03,24.31,56.17,37.21693607141925,89.59885248094605
62.06,162.17,34.44,86.0,76.24,96.18,99.69,57.68,40.33,35.56,20.16,26.22,15.59,14.5,52.37,22.32,77.07,45.58,36.38,23.36,54.36,36.51019197461078,111.49546119921752
66.0,161.69,37.07,102.04,80.66,96.94,108.54,56.02,36.7,35.13,19.71,25.66,14.92,14.12,55.51,23.41,80.51,41.43,36.76,27.41,53.53,37.70701711410163,119.32616292865373
70.53,162.58,37.81,94.94,81.42,102.17,107.75,63.52,43.43,39.03,22.08,28.1,15.63,14.03,53.16,23.6,79.65,41.41,35.15,23.53,56.22,38.13909213725364,135.60290454944436
84.64,167.7,39.14,102.06,91.54,113.26,112.11,66.93,46.44,38.64,21.59,29.15,16.49,15.27,55.33,23.92,81.35,45.85,38.58,27.93,56.95,39.17951002888374,137.63320056943962
60.5,154.19,35.21,88.32,81.8,96.55,98.16,52.95,40.72,39.13,21.88,25.92,15.03,13.99,53.76,23.79,75.4,41.7,37.14,23.47,56.32,35.697336840887424,116.48503713295241
61.92,150.77,35.59,89.14,81.33,98.74,100.35,60.16,43.27,37.32,17.43,25.49,14.37,12.82,49.99,21.07,71.12,36.86,33.49,24.01,56.78,34.542027228744985,93.63355323859048
73.96,163.25,37.28,95.42,76.22,109.38,102.27,69.08,44.35,38.71,21.15,25.71,14.91,13.12,52.34,24.41,76.33,40.35,35.6,25.81,59.6,36.00644260471696,119.9228895788516
95.8,156.43,43.16,122.4,110.64,126.11,116.37,72.01,43.82,40.15,21.69,29.53,17.41,13.18,52.28,22.35,72.4,37.66,37.22,34.0,56.1,36.893405763725795,128.9891277405551
58.57,151.85,36.22,94.03,80.08,94.51,99.37,55.98,36.39,32.17,20.23,24.88,14.69,13.69,48.99,21.02,74.17,38.77,37.76,26.28,57.4,35.01758087009257,106.88062390066273
104.66,170.52,41.93,122.86,103.2,124.67,116.89,73.58,46.48,41.77,23.43,30.48,18.01,14.99,59.14,24.87,80.82,40.45,40.51,33.65,55.83,38.72466171939309,106.72527630251716
72.51,174.78,37.58,92.9,79.22,103.32,104.22,62.49,42.15,38.61,21.24,26.25,15.52,13.76,58.85,26.99,85.07,43.37,40.07,22.82,56.81,37.85175405638725,112.56339313115507
56.7,156.58,35.21,87.73,74.17,92.81,96.34,55.72,38.37,35.72,20.09,24.76,14.26,12.39,50.01,23.74,75.68,43.13,36.24,22.67,57.25,34.646895823282826,130.1912587811022
99.39,169.15,41.34,120.87,107.44,122.79,119.5,70.51,41.57,39.44,20.78,29.48,16.93,14.69,60.41,27.38,79.92,41.34,41.05,32.71,60.64,39.11210703339663,108.70266583170832
73.93,159.9,37.18,106.43,91.08,108.02,104.92,63.2,40.31,35.17,21.32,27.22,15.04,14.22,52.42,22.7,74.85,40.78,35.87,28.86,55.42,36.38252210568054,115.93692316023294
76.98,175.86,39.82,98.75,92.42,104.71,104.81,62.44,37.86,37.04,20.35,27.56,16.25,14.68,58.38,24.92,87.75,44.28,41.47,26.16,57.83,38.24801792204725,135.83303160015987
75.43,165.61,37.99,106.7,92.1,106.05,107.4,59.61,39.93,37.65,21.09,27.08,15.95,14.69,54.63,24.48,80.97,41.53,36.13,29.3,54.83,37.79981995808008,127.95531123373439
61.64,164.24,35.92,90.07,81.31,99.03,98.58,55.76,34.16,31.98,19.06,26.13,15.04,12.67,53.96,22.44,78.53,40.34,39.28,25.67,57.12,34.54528786740372,92.90570536473757
57.56,165.13,35.0,84.93,73.47,92.86,98.53,57.22,36.05,34.92,18.97,25.33,14.77,13.8,51.9,23.03,80.01,47.02,36.97,22.36,56.66,36.50608930578675,138.24227690620046
59.0,171.35,33.55,83.55,67.48,93.94,101.71,56.96,36.94,34.99,20.89,25.19,15.28,16.26,55.44,23.73,84.38,45.67,39.93,21.51,55.64,38.908040975509245,103.89179281452692
120.73,165.64,46.8,123.01,117.62,140.72,122.54,79.66,51.02,45.34,24.03,32.7,19.31,14.2,54.54,23.49,76.74,41.4,36.86,33.62,57.47,39.37392539516755,148.97468908681014
71.11,172.59,38.5,87.59,78.65,99.69,106.57,58.73,41.06,35.96,21.45,23.11,14.85,15.43,56.88,23.37,82.6,44.56,38.58,22.24,55.84,39.5835795339713,100.79126227719416
65.5,168.45,38.2,91.96,76.44,96.4,101.12,57.12,39.17,35.36,19.73,25.38,14.84,13.9,56.23,25.4,80.99,41.52,39.03,25.29,56.72,36.80313934322295,97.89546552764818
94.35,176.17,40.88,103.44,94.32,110.59,112.03,69.29,49.02,44.35,23.69,29.06,16.52,14.61,56.68,24.91,87.38,44.73,36.09,29.06,57.63,39.28985294389329,147.31986617360576
73.1,166.52,39.43,94.58,86.16,103.64,101.56,63.06,43.8,37.65,20.26,28.36,16.24,13.42,54.24,24.92,83.36,40.9,39.86,24.82,53.99,36.31326546516785,121.02250700653065
77.18,162.3,39.41,104.76,93.67,106.36,107.05,61.66,40.39,37.43,20.23,26.86,15.69,13.43,55.13,26.49,81.05,42.79,36.77,27.84,57.29,37.17487727489453,149.80703908987164
83.69,162.76,37.9,102.09,92.16,115.17,106.47,68.89,45.08,37.23,20.72,26.86,16.9,13.89,52.11,24.34,73.34,42.55,36.29,27.22,55.67,36.563324940745765,99.73759543788452
52.79,154.9,35.37,85.24,69.04,88.51,97.41,53.03,35.74,33.04,19.35,23.22,14.77,12.97,49.53,22.04,76.47,40.16,36.93,23.72,55.88,34.93517920988848,105.79352836039521
108.0,174.48,42.16,119.33,105.19,125.15,112.64,76.27,47.89,42.09,23.7,29.84,17.56,13.52,58.0,25.48,82.39,46.88,38.59,33.4,59.7,37.65219300299203,156.78974334860982
57.31,157.6,34.88,92.63,78.07,93.09,97.81,55.8,36.72,33.9,19.61,23.86,14.77,14.01,51.36,23.63,77.65,37.89,40.23,24.61,54.94,35.16594203540286,79.79732962632295
97.88,160.24,41.94,120.0,106.58,118.18,116.54,74.56,48.35,38.37,22.31,30.7,16.87,14.31,54.96,24.91,73.81,43.3,36.28,34.54,57.74,37.89216299564893,129.2102604678521
83.19,155.46,39.57,105.59,90.55,111.86,110.29,74.54,47.95,41.45,21.63,30.17,16.35,14.91,52.24,23.95,73.75,38.51,36.21,29.28,56.6,37.50752924969088,114.1872190692938
64.13,161.32,37.05,92.13,76.94,97.59,99.73,61.24,38.41,36.54,21.08,25.04,14.99,13.22,51.88,23.77,76.88,42.69,34.92,23.95,55.69,36.09314936483598,131.03676893669763
84.24,165.19,38.65,102.68,93.54,115.26,109.21,67.51,40.86,39.48,21.78,26.93,16.32,14.36,54.53,24.03,79.45,42.63,39.77,28.04,55.3,37.51537741402004,116.19430946557839
92.63,163.2,41.48,108.49,102.61,117.47,113.06,71.2,45.11,43.83,23.93,29.81,17.76,14.14,53.68,25.69,77.52,45.72,37.2,28.77,57.92,38.54900144564293,161.70751736532452
90.13,170.48,38.02,101.24,86.97,120.21,100.62,70.42,48.11,40.25,21.27,27.52,15.73,12.08,57.14,24.26,82.9,43.13,36.9,27.36,55.58,34.813382829508896,137.77596704838913
62.87,165.55,36.19,91.35,75.35,95.82,97.01,59.46,38.59,35.31,20.94,24.51,14.39,12.87,55.21,25.8,84.11,40.97,40.47,24.73,54.9,35.097206384707114,112.44641725469774
77.83,157.44,40.25,101.18,92.44,107.35,105.66,67.44,45.65,39.52,22.55,28.68,16.99,13.33,54.09,22.91,77.47,38.59,34.25,28.52,54.66,36.363181883071206,137.32723758318048
70.77,162.74,37.52,96.22,83.37,103.92,101.93,60.83,40.76,36.41,20.5,27.02,15.56,13.51,54.16,24.1,79.37,42.57,35.81,26.5,58.2,36.311092476611684,138.7646890009238
57.42,158.15,33.62,80.65,75.41,93.75,96.34,56.73,40.36,37.03,20.29,25.27,15.02,13.66,51.18,23.46,76.43,40.9,33.72,20.99,54.46,35.44935160160352,102.4094429487509
58.32,162.83,34.78,82.06,74.35,94.53,99.02,59.2,38.57,33.43,19.2,25.32,14.44,13.98,55.17,25.53,79.67,41.32,36.33,21.08,55.29,36.44723398041126,96.7324611327532
65.16,168.4,38.22,88.88,81.57,100.71,104.26,57.51,37.07,35.3,19.96,26.57,14.73,14.02,57.96,27.43,80.84,39.95,38.66,23.12,53.64,37.57406933917385,83.86182996893609
62.11,160.23,37.25,92.58,82.23,94.94,104.04,55.72,37.76,33.47,18.38,26.38,14.99,13.64,52.85,23.33,77.09,41.65,40.38,24.63,55.74,36.30727999584548,92.36046636442461
63.98,162.58,38.01,88.36,78.53,97.47,101.79,59.56,38.86,35.54,19.18,27.81,15.62,14.01,52.62,23.34,75.62,42.33,35.53,23.8,58.31,36.87727318288614,114.59199971945702
158.51,172.78,45.63,132.12,122.78,150.7,126.2,94.49,64.4,58.56,31.41,34.42,19.07,14.44,58.11,25.61,80.87,39.33,37.65,37.37,56.38,38.64085466900452,95.1486705384558
56.73,157.66,36.27,86.76,77.74,91.43,96.2,54.06,38.93,35.2,19.2,24.58,13.99,13.8,51.33,23.76,73.82,39.64,36.5,22.04,55.94,35.448509946950786,86.95021637192804
58.91,161.44,37.75,90.52,76.54,94.52,102.15,55.13,36.83,35.13,19.24,24.39,14.31,14.25,52.66,23.99,77.28,36.74,34.04,22.81,54.44,37.35167771042507,92.80525371055137
46.74,155.62,34.09,75.59,65.1,84.97,94.21,51.72,35.84,32.27,18.92,23.23,13.84,14.59,50.03,22.3,73.28,39.38,34.7,19.22,56.58,35.97102905955943,78.64737303630898
48.18,162.61,34.14,79.74,65.54,85.3,93.76,50.5,34.1,32.07,18.78,22.59,13.9,14.41,53.23,24.45,79.8,41.56,37.66,20.97,54.55,36.03901139041244,89.69963543538023
74.37,176.34,38.08,92.09,82.86,100.73,106.06,61.09,39.98,37.68,21.62,26.87,15.35,15.87,58.59,26.31,89.05,43.0,41.83,26.27,58.39,39.144436626369036,105.7617472819054
63.2,172.19,35.05,86.65,76.96,98.69,95.94,59.13,36.09,34.45,19.54,24.96,14.68,15.03,57.53,26.62,85.24,44.02,38.98,24.6,55.35,36.718651122492034,108.48660877401738
60.23,156.97,35.41,88.27,76.94,96.51,96.59,58.26,40.95,35.38,19.98,25.04,14.92,13.35,49.28,22.19,76.61,39.82,34.31,23.93,56.94,35.06415472623196,120.55719647959074
69.65,168.3,37.99,91.08,82.58,99.57,102.97,60.85,42.43,37.87,20.32,26.05,15.01,14.2,53.62,25.57,81.06,44.7,37.69,23.19,56.17,37.67354850547064,123.03761886892369
72.37,159.55,38.83,94.71,79.44,105.01,104.8,66.6,45.01,40.49,21.98,28.02,16.67,14.18,51.94,24.15,78.45,44.02,35.34,24.99,58.07,37.793657624412,165.4328642937719
66.66,168.49,38.12,87.17,81.37,97.67,106.45,59.97,37.53,35.21,19.73,26.11,15.15,14.91,55.72,24.42,83.01,42.29,38.85,21.99,55.47,38.77102109189168,104.88441290741923
66.44,175.13,37.93,85.63,76.28,98.14,100.7,59.81,38.52,37.67,20.43,25.86,15.56,13.99,56.24,26.13,85.82,41.74,41.24,21.94,57.31,37.431295669364815,100.06529319409532
71.29,161.56,37.45,98.19,84.53,102.14,106.14,59.83,43.11,39.65,22.18,27.62,16.27,13.99,54.53,25.1,79.87,38.49,36.78,26.56,57.2,37.1518699342158,112.05862529220201
67.96,158.84,35.95,99.12,87.48,99.69,100.88,60.11,40.27,38.61,19.9,26.84,15.51,13.01,54.96,24.45,76.56,40.42,37.69,27.67,55.17,34.76671564652061,104.17978959658808
63.0,166.19,37.66,96.76,77.79,91.9,103.56,53.31,36.07,35.56,21.0,24.89,14.87,14.64,59.79,25.85,82.77,40.23,39.86,26.92,55.17,37.53840313913193,94.29818957001123
50.1,158.09,31.59,79.92,71.71,90.33,92.88,53.68,34.99,31.29,18.15,23.82,14.2,13.35,52.48,23.1,77.32,44.37,36.73,20.36,53.31,34.469123670629855,104.88584159443741
76.7,172.43,39.53,89.93,82.24,107.64,110.09,62.96,44.89,39.74,22.74,29.72,16.74,16.45,56.24,24.77,80.9,43.97,37.1,22.8,57.84,40.863843901185575,115.44344788785617
87.07,161.77,40.96,96.49,91.26,113.9,108.05,74.59,51.2,45.35,24.75,27.96,15.63,13.82,53.43,23.98,76.83,37.35,36.98,24.25,55.0,37.42424164005852,104.37182088920343
84.75,167.67,38.77,108.01,102.51,115.67,107.73,64.46,41.62,37.18,21.35,28.36,17.2,14.82,56.4,24.36,83.9,44.26,34.26,29.2,58.01,38.34754109086275,173.77259360021287
76.36,164.28,37.02,98.53,87.08,110.56,104.15,66.75,39.7,36.02,20.86,25.23,15.61,15.59,52.99,24.79,80.26,44.63,40.22,27.47,55.94,37.65948956712874,122.99553426663192
61.16,150.66,39.06,96.58,85.2,95.2,101.09,55.98,37.83,36.05,19.51,25.82,14.9,12.08,50.89,21.94,67.65,40.66,31.82,26.32,55.0,34.805410874741234,124.00395696827991
65.53,168.9,37.57,86.35,78.15,99.36,100.52,60.66,39.99,34.66,20.46,25.35,15.16,15.17,53.84,22.74,81.34,39.47,38.09,22.94,55.79,37.60169777020408,88.31512816399402
65.98,175.2,36.87,82.82,76.82,97.14,99.33,57.86,40.39,37.75,21.12,26.89,15.07,14.06,61.0,26.41,85.53,44.13,41.9,21.83,57.24,37.116139345338105,96.96342110196645
59.05,156.59,33.12,86.46,73.14,97.71,96.48,58.83,40.68,37.44,20.53,25.29,15.28,13.78,50.23,21.73,75.19,38.48,35.96,23.18,54.47,34.795459389726595,88.45103078776702
79.98,167.06,37.72,109.13,95.18,109.4,106.96,61.99,41.51,37.93,22.2,28.32,16.16,15.06,56.01,24.2,79.5,41.08,37.84,28.9,58.62,37.73330290870613,116.65958364313269
52.77,166.99,34.5,83.88,69.74,88.5,97.87,52.66,34.91,31.06,19.96,24.75,14.56,14.62,55.81,23.62,84.71,40.56,39.62,21.12,54.61,36.93139514791407,94.17183502184417
72.87,156.23,39.82,92.0,86.95,103.35,102.07,65.63,44.57,41.24,24.16,29.86,17.46,12.69,52.86,23.18,76.29,41.76,37.13,23.46,54.74,35.858048661419716,145.3808515955277
85.47,162.5,39.21,102.99,90.74,115.74,106.7,69.89,43.6,40.99,22.79,29.39,17.25,13.9,54.28,23.44,74.93,41.32,34.71,27.98,58.74,36.944013132629,131.30137528345324
62.72,166.13,34.66,87.83,72.68,96.64,100.56,58.59,38.26,37.82,20.7,26.8,15.18,15.39,51.92,22.63,79.58,43.36,36.75,22.49,53.74,37.58203743654971,106.06405372151107
67.02,153.63,36.83,95.41,83.41,103.9,100.08,60.71,42.71,36.25,21.08,28.76,16.35,12.01,50.01,22.25,70.58,37.59,33.85,25.99,53.67,33.89936690483738,98.35067157736938
64.48,175.07,34.03,86.27,73.76,95.29,105.31,57.89,39.0,36.52,22.47,26.79,15.65,14.94,55.82,24.33,84.24,48.09,40.03,21.41,53.8,38.69394399229465,104.76205178045956
66.67,169.49,35.99,83.38,74.65,98.01,98.74,62.0,42.0,38.07,23.23,25.54,15.29,13.88,56.21,26.29,82.59,44.78,37.71,21.95,56.32,36.90174375905966,118.63613302194801
65.15,158.76,35.91,81.62,78.75,98.95,94.62,62.89,45.35,40.01,23.26,27.85,15.3,13.22,49.77,20.96,75.73,36.51,38.68,21.76,57.56,34.14075260153754,80.62766478270862
89.81,164.35,38.32,106.39,92.58,113.6,114.73,73.11,45.7,39.61,21.97,29.91,16.53,14.95,53.38,22.87,74.02,45.96,34.96,29.8,59.44,38.64379241480161,124.67549988888425
77.4,149.14,39.61,117.38,102.5,112.18,110.69,63.49,39.74,37.29,19.31,26.55,14.7,13.89,48.94,22.35,69.01,37.62,35.68,32.62,53.13,36.11429874392556,112.0853836247382
61.66,168.42,36.18,89.17,75.71,93.96,103.54,57.15,39.61,35.69,19.45,25.69,14.81,15.4,54.69,23.62,82.43,43.54,38.54,23.19,56.02,38.453602819617174,108.67410269745142
53.41,162.47,34.35,80.13,70.87,88.95,99.23,54.1,36.27,33.42,20.1,23.93,13.94,14.57,52.94,23.0,81.55,45.74,37.45,20.77,54.1,37.25678481510855,124.38804906215876
65.98,162.98,37.97,87.74,79.07,98.3,106.53,60.16,39.34,36.67,20.36,26.44,14.99,14.72,51.19,23.83,77.32,42.17,36.68,22.9,56.74,38.30823697556088,106.38073342962446
62.4,164.76,34.8,91.6,80.06,98.89,98.24,57.28,37.43,33.28,18.38,25.47,13.89,13.58,55.84,23.76,82.59,40.9,39.64,24.53,55.45,35.327670077648854,103.28830083936464
138.76,165.18,47.35,137.51,129.16,138.59,126.89,83.25,55.17,46.08,24.88,34.78,20.44,14.34,58.73,26.03,75.47,43.35,36.79,40.55,58.22,38.79029211557213,124.7267494471032
96.54,172.24,41.03,111.29,100.96,118.07,108.82,68.98,47.1,39.37,22.71,33.08,18.76,12.5,58.33,25.52,84.08,41.64,41.72,31.35,57.32,35.82772983477967,118.8530873803976
61.2,160.46,35.99,89.83,74.92,94.2,97.63,59.87,38.62,36.22,20.53,25.67,14.59,13.76,53.85,23.03,79.53,39.64,40.1,24.5,53.66,35.22499320673665,93.66336787388678
87.24,157.66,40.65,113.82,103.15,115.37,112.99,69.17,44.93,41.73,21.85,30.81,16.02,14.17,50.56,21.73,72.58,38.57,35.08,32.12,54.98,37.09078245858267,117.50297121270034
76.37,176.51,38.37,91.35,80.7,105.23,112.84,62.85,41.45,37.79,21.76,28.15,15.83,17.51,58.93,25.52,85.21,44.89,37.31,23.18,56.37,42.21415664416051,110.48168010756143
56.34,154.2,32.54,85.92,81.59,97.34,97.76,54.29,36.23,34.32,19.04,25.33,14.04,14.02,52.82,22.76,74.59,39.7,36.03,22.5,54.06,35.038556026670825,87.32828284154607
67.91,169.85,38.5,90.6,81.0,97.17,105.11,56.21,37.19,35.09,19.91,26.82,16.39,15.61,57.05,24.09,84.59,47.18,38.78,25.61,56.11,39.10353461409696,138.04682275575715
66.95,169.67,35.03,86.61,75.91,98.45,99.1,62.7,40.08,39.37,21.83,26.88,15.53,13.8,55.27,24.06,82.54,42.03,37.02,22.97,56.95,36.33884960807807,111.19673316497818
68.5,175.01,35.13,87.71,75.43,99.74,102.1,60.38,39.88,35.35,21.52,27.34,16.12,14.29,61.18,26.99,91.15,43.43,42.05,22.79,55.22,37.546173361290776,111.47833389851712
59.4,165.26,34.96,86.17,69.89,89.31,99.23,54.67,38.77,37.73,22.88,27.22,16.18,14.91,53.11,23.24,79.22,43.62,36.95,23.71,58.77,37.187758723201114,111.80437223694935
112.06,169.95,42.84,116.5,108.01,126.67,117.63,76.44,48.06,45.36,22.51,35.11,19.5,14.07,56.61,24.11,77.84,46.28,40.3,31.81,59.81,38.196654119633486,133.1835515612264
72.34,165.06,35.64,94.16,83.65,103.21,105.31,61.9,41.47,36.86,20.33,28.57,15.87,14.01,54.12,23.29,79.91,42.69,37.08,26.38,57.17,36.67057364957977,110.2569047395267
72.49,162.68,36.72,94.0,85.76,107.68,102.26,65.63,40.39,34.12,20.33,27.42,15.17,14.69,52.37,21.99,73.62,43.93,38.65,25.38,57.24,36.43892353482051,99.01036540959922
70.93,160.46,38.38,103.54,91.79,103.27,101.51,61.12,39.8,35.35,21.01,27.86,16.47,14.77,51.21,21.67,75.67,41.79,36.85,28.84,57.59,36.455294548190984,129.64545153487916
51.81,154.43,34.2,81.54,70.44,88.81,91.88,53.59,39.44,34.09,20.98,24.03,14.3,13.99,51.55,22.56,72.51,39.43,37.25,22.79,55.39,34.328954252982335,73.8810274566012
65.86,161.91,36.05,92.01,79.83,102.08,101.63,64.78,38.83,36.95,20.62,24.95,14.67,13.51,53.16,23.16,78.65,40.83,37.16,23.05,56.04,36.29540977496934,119.38952254746425
67.84,172.7,36.19,87.16,78.05,100.42,103.91,59.29,41.47,37.34,20.94,25.33,15.79,15.74,57.93,24.87,84.33,41.96,39.6,21.69,55.96,38.978433251936885,90.10403761383805
61.75,170.56,35.57,86.22,76.97,92.32,101.46,54.7,36.26,34.29,20.24,25.16,14.9,15.01,58.22,24.32,84.31,45.84,39.33,21.71,58.11,38.18736214464959,117.93444652970265
97.62,172.8,39.69,112.27,97.87,121.37,119.21,73.27,47.16,42.89,21.88,28.25,16.26,16.26,55.53,23.13,83.0,42.52,38.85,28.42,57.02,40.89041591728099,118.2328997777355
63.46,161.26,37.04,94.42,82.43,99.54,100.23,58.14,36.65,33.15,19.81,26.82,15.33,13.97,52.39,22.72,74.36,41.11,35.01,25.54,53.72,36.03364095368767,102.17569597619098
107.62,161.9,41.51,115.21,110.74,126.48,118.36,80.3,50.12,46.56,24.62,31.22,18.01,14.2,50.12,22.05,71.08,45.02,34.86,31.72,55.67,38.14524815260834,131.1698791763721
68.03,168.61,38.36,96.01,79.43,104.68,99.51,58.95,38.45,33.38,19.49,26.0,14.9,13.34,57.97,26.11,85.93,41.86,37.79,27.96,54.26,36.12856042686641,138.30054564607588
52.11,158.42,32.72,80.2,72.56,92.66,92.69,55.85,36.03,33.35,18.85,24.14,13.99,13.51,53.0,23.37,77.92,38.18,35.51,20.57,54.1,34.49032316166894,86.5845478998441
55.96,155.73,32.08,90.6,76.7,94.16,99.04,55.0,36.37,33.91,19.42,25.22,14.9,13.81,51.92,21.19,77.9,40.13,35.02,23.57,55.83,35.37710161980211,114.52630117570885
64.1,161.28,36.38,91.38,80.4,99.74,104.33,57.4,38.29,35.06,20.1,26.92,15.48,15.7,52.73,23.17,75.72,42.71,35.18,24.08,55.04,38.289100099296434,107.05196804213176
68.36,161.76,36.02,91.4,88.21,105.28,100.16,60.33,40.65,35.87,19.14,25.19,15.07,15.04,55.76,23.69,81.03,40.39,36.04,24.83,58.05,36.93318887574795,123.44098695502873
59.02,168.68,34.93,83.47,74.77,93.94,100.32,55.72,37.37,34.38,19.19,25.32,15.29,14.09,55.74,24.0,82.19,43.73,37.65,21.18,54.21,37.08327129222107,102.73065797139878
78.02,181.59,36.94,96.58,84.22,104.55,108.78,63.05,39.32,37.35,22.05,26.77,16.39,16.15,63.61,26.88,92.63,44.06,43.1,25.08,55.79,40.10360261740707,104.67426757497265
53.18,161.38,34.34,83.28,69.29,88.51,98.05,54.82,35.66,33.41,19.12,25.83,14.54,14.2,52.86,23.2,78.93,38.87,38.25,21.02,54.9,36.05861704147488,78.00400718298852
92.71,163.14,41.89,119.29,107.05,116.47,118.98,67.85,42.81,39.55,21.12,30.22,16.0,14.5,55.96,24.04,79.04,41.39,35.2,33.18,57.21,39.10888113410283,146.65198176749664
69.02,165.27,34.82,89.39,83.63,104.14,99.89,63.7,41.06,35.63,20.99,25.55,15.45,13.93,54.56,25.14,82.86,40.02,38.34,23.86,57.88,36.035990309045104,106.54146731211785
63.39,161.69,38.64,89.55,76.09,97.29,109.59,56.96,34.93,36.27,20.08,26.06,15.94,14.49,53.68,22.76,79.51,41.72,38.36,22.37,53.76,38.919274313476365,114.59792421921952
98.36,164.12,38.4,116.85,109.03,128.42,112.01,68.77,45.32,40.1,22.42,31.28,17.46,13.7,55.25,23.58,75.31,43.14,35.11,32.24,54.74,36.60332954863419,128.01077219682998
61.02,166.74,36.62,84.47,71.66,92.29,98.48,57.49,39.77,35.94,21.38,26.38,15.3,14.41,56.22,23.76,82.2,45.59,37.14,21.53,57.34,37.440517254379856,137.99768192797535
160.18,169.56,50.33,143.0,137.77,159.72,132.64,85.69,54.91,50.83,32.38,31.79,19.25,14.72,54.62,24.25,73.28,43.56,35.82,40.23,58.72,40.56545201121225,133.03097537853557
76.26,161.58,36.73,100.11,89.87,109.71,104.86,65.46,42.86,37.68,21.35,27.46,16.88,14.18,55.01,24.1,81.55,36.38,36.04,27.74,53.89,36.46109528539859,105.91291643306539
61.27,149.37,33.18,97.37,79.05,100.86,99.94,61.71,39.63,35.86,19.96,25.11,14.75,14.93,47.77,20.58,71.27,38.58,32.97,26.99,52.93,35.468797281031584,105.2107271189463
60.6,165.35,34.43,86.55,75.21,96.73,98.26,56.35,38.58,33.98,20.41,24.33,14.04,13.89,53.98,23.68,79.66,43.01,37.07,22.76,53.55,36.0734465314956,98.74588495634134
54.37,160.95,33.87,79.14,68.99,91.88,96.32,54.04,38.04,37.4,19.2,24.74,14.31,14.39,52.51,22.91,77.21,41.91,37.62,20.21,57.12,36.159232073882485,95.04153594402038
65.04,158.23,37.5,90.15,79.4,99.87,102.45,61.79,39.91,34.72,20.4,27.65,15.2,14.28,52.83,22.24,73.18,42.0,36.56,23.54,54.8,36.67973732442257,102.77186827174955
72.82,160.41,37.23,95.69,87.6,106.3,106.26,62.4,42.75,38.87,22.2,27.2,15.32,14.77,50.92,22.15,75.47,44.44,34.03,25.09,56.25,37.95540382160637,140.14963097585678
52.41,154.83,33.56,85.64,70.94,91.4,94.3,53.76,36.02,32.58,18.92,24.36,13.86,13.29,49.93,22.73,74.36,40.52,34.77,22.43,55.47,34.502110855696266,103.7499649807391
156.08,161.71,47.57,148.66,132.01,147.67,131.13,83.83,64.62,51.16,28.59,36.66,20.75,13.06,53.66,22.1,67.34,45.98,33.28,41.31,56.91,38.026388856511474,128.70709667229949
78.75,175.24,39.15,96.11,91.82,111.17,107.17,64.12,38.8,33.74,20.67,27.4,15.95,15.03,59.18,27.18,87.75,41.66,41.41,25.21,57.24,38.756852652310705,110.0835897990608
58.2,174.01,33.31,83.1,68.85,95.35,96.34,53.86,33.84,28.87,18.4,24.06,14.44,13.66,57.11,24.69,83.32,42.66,39.82,22.27,55.27,35.678038942710906,68.08305834069262
80.37,182.05,37.65,93.3,83.68,102.07,105.75,62.84,43.15,39.22,23.29,27.4,16.16,15.48,57.76,25.27,89.63,44.48,44.55,25.79,54.79,38.57054002367747,80.98490217684844
70.62,152.63,38.49,103.66,90.79,103.83,100.18,61.17,42.08,37.83,21.12,27.61,15.6,12.77,51.28,22.9,73.6,40.55,35.4,28.74,55.17,34.57942498014373,141.00948596470016
65.19,164.01,36.0,92.68,80.98,96.78,103.34,59.64,40.55,37.43,20.81,25.84,15.18,14.26,54.55,23.58,80.1,44.38,38.34,23.71,54.7,37.249233369163264,120.62426879135808
73.36,171.56,35.56,95.3,83.84,106.78,101.68,61.19,41.14,36.65,20.17,27.71,14.93,14.21,57.56,24.36,85.13,42.59,38.24,25.29,54.47,36.69393242940816,114.79758514797436
75.47,166.32,39.96,99.48,89.28,108.2,108.32,62.67,41.89,35.22,19.19,28.61,15.83,15.61,56.71,24.2,76.7,45.86,38.74,27.9,55.67,38.7609458546924,116.38660005077037
81.89,157.14,39.17,108.25,99.26,110.97,109.56,67.21,45.91,40.77,21.45,29.06,16.17,13.84,50.83,22.54,75.62,41.45,34.7,29.23,54.28,36.94482605225666,141.9471829137434
64.47,165.02,37.36,92.22,78.17,95.12,100.95,59.55,39.24,35.89,20.94,26.26,15.29,14.47,55.55,24.95,81.19,40.45,38.78,24.58,54.38,36.93535814988759,99.61016609080536
56.12,166.3,33.49,87.24,72.79,92.48,97.09,52.57,37.19,33.06,18.94,24.01,13.59,14.5,55.32,24.22,84.31,43.72,39.67,22.85,56.73,36.43873424784066,114.01234811708565
83.62,161.51,37.48,108.19,91.56,109.59,106.33,70.94,45.28,42.95,22.62,28.64,15.87,14.36,54.68,22.66,75.12,42.53,37.55,30.5,57.33,36.36168011144094,119.4394912024992
82.69,171.71,37.43,102.55,87.37,109.44,105.21,68.58,42.69,38.08,20.97,26.82,15.41,15.15,54.87,26.04,78.86,43.86,40.0,27.84,55.45,37.41844500315906,84.65589322498676
63.68,162.6,37.67,91.63,80.45,96.65,99.64,60.62,39.34,35.79,19.94,25.78,15.0,14.25,51.82,22.99,78.34,41.96,36.63,24.74,56.04,36.570065177289884,121.71531827825072
72.09,167.21,36.54,99.88,89.36,99.23,108.78,54.75,38.78,34.27,20.52,29.15,16.58,16.3,56.24,25.3,84.43,42.99,37.85,26.53,56.17,39.36087471906075,114.34409559831107
116.05,168.18,42.61,115.74,103.78,131.39,118.18,82.18,51.06,45.25,24.78,31.77,17.22,15.67,55.92,25.26,76.56,45.49,37.43,31.68,59.75,39.621849462633236,129.98640598648
64.32,169.79,35.44,88.22,78.78,98.27,99.46,58.33,38.25,34.13,20.22,25.34,14.73,14.8,55.18,24.15,81.41,42.26,39.33,24.5,54.79,36.705930472264356,83.53902869285582
82.15,167.37,38.61,100.97,92.88,110.51,103.05,64.91,40.75,40.2,21.65,28.14,16.02,13.73,56.62,25.39,81.7,41.99,37.17,27.16,57.49,36.511511383725164,133.16545490370459
73.56,154.46,36.63,104.76,92.62,104.73,105.23,66.92,43.57,38.32,20.44,26.94,15.39,13.76,51.69,23.32,71.39,40.14,35.38,27.61,55.47,35.79018098675049,105.93280821870133
73.18,169.91,36.17,96.74,85.99,101.93,104.86,59.87,39.94,38.82,22.27,25.84,16.64,14.8,56.38,27.29,83.03,44.57,38.63,25.22,58.56,38.15454838661859,121.43185354731224
71.64,166.66,36.35,92.8,86.46,100.63,107.55,62.38,40.38,37.12,23.17,26.83,15.95,15.8,53.99,25.42,78.22,43.66,38.91,24.14,57.99,38.88588493396767,92.68168114556283
67.22,173.94,38.68,94.86,81.84,96.5,106.6,54.78,36.3,34.03,20.13,24.92,14.65,16.01,53.47,25.57,83.31,42.4,41.35,26.16,60.45,39.38637855252738,91.0427319030178
74.39,172.81,37.65,91.31,78.24,110.0,104.74,66.22,42.09,36.13,20.71,25.38,15.31,15.89,55.81,27.1,80.57,46.05,40.0,23.11,60.82,39.3644955025907,115.5665585994526
64.4,170.94,36.13,89.54,80.19,99.47,103.61,56.46,35.64,35.09,21.03,24.51,15.39,14.92,56.3,26.12,81.79,44.84,38.17,22.12,57.04,38.59850303103888,113.27193973719898
89.09,153.26,40.88,114.15,100.38,122.37,112.26,72.63,47.98,41.45,22.76,28.77,16.26,14.71,51.34,22.35,72.79,40.31,32.88,30.8,55.6,38.04001191112249,160.75784748797957
67.01,169.58,35.8,86.58,73.93,101.93,101.73,62.37,38.08,38.07,21.72,26.6,15.0,15.09,54.43,24.83,78.59,46.29,37.43,21.43,55.61,38.13526964238126,114.40616750773933
77.11,161.47,38.8,100.25,88.6,102.38,109.24,64.47,46.52,40.51,22.51,28.19,15.65,16.33,52.81,25.58,76.42,43.88,37.01,26.55,55.58,39.38487521697951,114.03242562556966
64.08,173.31,36.37,88.56,74.66,94.66,101.96,56.94,38.58,36.06,21.48,25.49,15.08,14.5,56.93,26.43,88.44,46.25,41.15,23.11,55.58,38.091590185902845,130.82587755883162
74.7,161.75,39.26,102.23,92.69,104.35,104.18,60.81,41.55,40.27,23.49,26.33,14.88,14.29,56.19,25.71,78.32,39.01,34.95,28.19,55.5,37.146517637181965,121.41543254040755
71.57,168.04,37.46,93.52,77.38,102.19,102.37,64.06,41.47,38.08,22.89,26.86,15.13,14.37,55.77,25.47,83.66,39.92,41.77,23.86,56.48,37.126413974934145,100.42349083578983
55.65,148.93,36.51,85.8,73.41,93.91,96.25,59.47,40.7,34.83,19.71,22.64,14.01,12.6,48.3,22.97,70.47,39.01,33.95,21.96,55.19,34.56241883867324,110.14680466497015
67.21,174.98,36.94,91.62,73.75,97.77,105.51,59.96,36.56,34.59,20.67,26.86,16.21,14.72,57.76,25.49,85.15,47.63,40.91,24.16,54.63,38.64332768804944,119.32161820560634
60.42,156.7,36.11,83.48,72.76,96.89,102.57,60.42,42.67,35.68,19.38,25.2,15.1,14.28,53.15,24.56,77.87,39.5,35.4,22.44,55.76,37.082222870575364,104.80763748710996
116.07,166.68,42.37,130.79,120.58,137.15,123.75,75.39,46.29,41.1,22.17,32.41,16.95,14.78,55.09,23.13,78.96,46.26,36.7,36.71,57.95,39.28351344755251,166.5738020636901
83.81,153.89,37.37,113.6,105.24,115.37,107.25,71.12,43.22,40.96,22.39,26.86,16.12,12.37,51.21,22.8,68.61,36.21,34.73,31.64,56.14,34.22520366928232,92.87546178701541
127.53,168.28,44.74,122.81,117.24,146.38,117.65,81.01,51.25,45.43,25.32,31.33,18.19,13.67,57.38,25.49,78.22,39.42,39.07,35.9,56.8,37.189403158610354,109.64558975517508
87.51,177.24,41.24,100.13,90.12,109.82,106.68,65.97,43.27,41.09,23.61,30.07,17.26,13.71,60.85,26.54,87.32,43.58,44.6,26.66,54.82,37.54290935110223,109.73482539335009
70.65,168.14,37.88,91.71,85.22,103.14,102.11,60.08,40.19,35.38,21.08,24.81,15.32,15.82,55.94,24.92,81.41,45.25,43.7,23.73,51.06,38.02882748934991,90.14500677020351
55.08,154.79,33.74,89.48,75.77,96.37,91.92,56.28,36.79,33.14,19.61,23.71,14.15,12.83,50.7,23.01,74.83,37.54,36.29,24.59,52.89,33.181434222498304,88.69381649355472
70.59,158.74,35.25,92.89,76.34,101.38,103.51,64.58,44.56,40.28,22.8,26.62,15.26,14.52,51.78,22.94,75.65,40.25,38.85,24.72,56.07,36.454478289556484,87.31499767424697
71.22,175.15,36.75,84.1,78.24,100.6,101.56,63.49,42.62,38.08,21.98,27.69,15.52,14.02,58.17,26.08,88.75,41.87,41.31,22.49,54.95,37.15692708920055,98.32061732253845
71.04,168.03,36.09,93.87,84.31,101.75,105.93,60.57,39.96,35.83,21.4,26.76,15.99,15.13,56.05,25.45,80.95,47.4,40.37,24.99,57.91,38.276545841010886,119.73432324762223
52.37,161.85,30.89,81.34,69.99,89.1,95.11,53.61,36.4,32.73,18.99,23.93,13.41,14.55,50.45,22.93,76.47,47.18,37.97,20.75,54.29,35.62287940604231,93.60508653246842
74.94,167.26,38.24,99.23,88.3,106.34,106.86,64.51,42.43,38.71,19.48,26.23,15.24,13.67,59.31,26.93,85.58,39.12,40.42,25.97,56.68,37.28807375317332,114.12036659571794
59.07,159.67,36.75,88.73,74.01,94.96,100.08,59.51,37.45,34.86,20.8,25.11,14.81,13.32,50.41,22.11,75.78,41.11,37.82,23.04,55.57,35.887036311084174,107.86271903697428
72.99,161.54,39.42,105.19,86.16,104.1,108.77,60.1,40.14,37.85,21.25,29.5,16.31,13.96,52.01,24.34,75.44,39.53,36.06,26.98,57.36,37.64303083174898,117.59034135666786
62.06,167.27,34.11,90.19,75.36,95.33,101.72,56.1,37.07,34.75,19.98,26.06,15.19,15.36,57.14,27.2,81.77,41.72,37.28,22.73,56.03,37.88624829224455,90.62299297589777
70.67,160.97,38.25,95.99,87.82,107.43,97.15,63.15,42.14,36.62,20.36,28.07,14.69,12.55,52.31,23.27,79.77,41.08,35.59,27.85,53.2,34.332140947739006,144.51218471121433
56.75,160.95,35.64,88.7,72.42,91.89,97.74,56.62,37.64,34.53,19.8,24.97,14.48,13.78,52.37,23.79,79.34,37.16,35.87,23.69,56.89,35.79770672867721,97.74941227772774
65.82,164.6,37.75,86.34,81.49,98.37,102.31,60.66,41.49,37.21,20.42,27.31,15.17,15.27,53.62,24.46,80.25,44.25,38.21,21.77,56.58,38.23725907653818,124.19150205622998
109.64,164.15,38.8,119.04,109.5,133.58,112.91,78.87,48.91,38.55,20.47,27.3,16.1,13.56,58.56,25.31,76.25,40.61,38.61,34.64,60.27,35.79972986249743,93.52250338527699
68.54,173.1,37.44,94.26,108.05,98.09,101.48,57.76,38.14,36.1,20.55,26.23,15.5,14.0,54.76,24.56,85.8,42.8,39.46,25.07,57.28,36.77571698753007,120.71373988300081
64.65,165.29,33.4,92.29,76.37,99.05,95.68,60.87,41.04,36.08,20.29,27.24,15.17,12.23,55.8,25.58,81.13,41.26,38.86,24.33,55.57,33.81700681539743,101.30718183992309
56.6,169.6,35.93,81.81,72.82,91.03,100.44,54.7,36.64,34.41,19.58,24.59,14.57,14.81,57.95,26.16,86.16,45.32,39.48,20.58,56.45,38.29943389758094,126.05739651300689
60.9,167.65,34.72,82.95,74.56,94.37,96.66,57.1,39.97,35.05,19.8,26.35,14.59,14.2,55.94,25.48,84.39,42.78,39.16,22.29,56.55,36.18822545116378,106.40117043053135
79.54,175.56,37.63,96.81,85.62,107.54,108.13,64.66,41.55,38.09,22.12,26.14,15.76,14.39,57.35,25.05,87.56,47.07,40.13,26.12,56.44,38.602813977607035,139.3096064189241
103.96,166.03,43.89,110.61,101.17,127.01,114.8,75.84,54.29,48.04,24.87,28.22,17.13,14.4,55.76,26.28,85.5,39.7,38.93,30.33,54.66,39.05829777965675,152.6421455759761
68.32,162.76,40.15,93.65,78.05,97.5,113.03,62.86,41.82,37.3,20.86,27.49,15.86,16.49,54.44,24.48,82.37,42.01,36.96,24.45,56.38,41.20084621013687,135.5797251130208
64.03,159.25,38.04,96.6,79.72,96.32,104.37,59.33,39.52,33.38,18.53,26.0,15.33,14.48,50.67,22.58,74.86,47.65,34.36,25.93,54.04,37.67569007502296,148.09926223629952
62.42,173.87,33.17,86.72,77.46,99.86,94.76,54.9,36.6,34.62,20.51,24.88,14.82,15.14,57.98,26.52,87.59,46.27,42.25,24.79,56.44,36.41669854533122,112.29276886025275
58.53,167.4,33.27,85.37,71.56,94.19,100.21,55.43,36.05,32.99,19.7,26.5,15.37,14.05,56.1,22.9,83.41,44.54,38.8,23.61,59.0,36.5153820123374,118.0289476725203
59.02,164.07,35.25,82.58,77.33,94.87,98.0,56.37,37.87,33.95,18.61,25.3,15.01,14.22,54.47,23.54,77.97,44.42,36.54,20.62,56.39,36.6355074306098,109.47396106168134
60.12,166.79,33.79,86.85,75.31,91.72,101.02,54.84,38.16,35.5,21.43,24.93,15.44,16.3,57.83,25.86,86.06,42.9,39.52,24.39,54.83,38.282324497052635,100.2269841358484
54.6,154.15,32.07,83.96,72.77,95.22,94.74,57.72,38.14,33.95,18.44,23.43,13.67,15.33,50.85,23.07,73.73,39.47,34.84,22.58,56.25,35.59111498439197,84.03131686067496
69.0,152.4,36.58,100.07,86.45,106.25,99.27,64.13,44.77,37.83,19.6,26.35,14.87,12.22,48.75,21.25,73.43,38.23,32.16,28.87,52.36,33.68819907461532,128.64362195098226
56.76,156.29,34.0,90.4,75.89,93.41,96.48,57.21,37.01,33.2,18.25,23.14,13.7,14.35,50.42,22.48,74.98,39.58,37.75,23.38,55.65,35.228479066969605,85.1129343762824
59.9,167.62,36.84,85.3,72.12,93.28,106.06,55.57,36.79,36.46,19.76,26.88,15.02,15.49,53.08,23.25,79.42,42.35,37.26,21.12,55.66,39.20235815736384,95.69982856149994
66.56,169.59,40.39,96.31,82.62,95.26,106.64,56.58,38.18,36.83,19.92,26.12,14.72,14.7,54.93,24.82,81.55,41.25,38.78,25.33,56.06,38.693103138653264,107.88306315021032
70.4,164.95,38.06,95.87,82.13,100.57,106.68,60.74,39.8,37.12,21.38,29.41,16.17,14.94,53.95,23.53,81.79,43.38,37.03,24.43,54.92,38.505041124494234,137.2715758346452
68.62,176.04,38.52,91.5,79.31,99.66,103.64,56.23,36.53,34.84,20.37,26.5,15.42,15.17,58.23,24.78,89.32,44.43,42.75,23.17,56.68,38.872263192760535,124.55353638445365
54.02,164.74,36.3,81.92,70.28,89.97,98.17,53.4,36.94,33.17,19.29,23.12,14.59,14.42,53.9,23.62,77.67,43.51,35.25,21.9,56.98,37.25725257626673,108.32371845514831
51.04,155.35,34.19,80.57,69.09,89.77,91.81,53.71,37.44,32.59,19.37,23.93,13.95,13.57,51.59,21.84,73.32,40.48,32.54,21.52,55.27,34.65193058811074,103.19186640586753
61.11,168.2,35.42,83.95,72.59,96.44,100.88,55.14,36.89,37.8,21.27,24.04,15.0,15.15,57.37,23.72,85.43,45.26,36.51,21.88,54.09,38.478940490849055,140.1333609575246
76.48,162.73,38.34,98.84,89.04,111.6,106.39,66.44,43.09,39.39,21.68,27.17,16.28,14.04,52.4,21.92,75.73,40.28,34.2,25.95,57.58,37.35844009605502,127.99400445018591
72.86,176.5,39.34,90.7,83.24,99.09,111.78,57.87,39.75,37.83,21.17,28.34,16.51,16.81,56.29,24.01,88.64,42.76,40.33,24.01,56.98,41.327867109495216,108.98337173141726
51.3,152.75,35.22,84.92,72.42,89.92,98.59,50.6,37.79,33.55,17.96,24.72,14.61,13.67,49.16,21.15,71.85,38.5,31.28,22.58,52.8,35.68050893079996,94.59297987450299
64.41,166.62,37.73,87.78,77.76,101.47,107.76,59.25,36.7,37.24,20.82,25.94,16.07,14.98,53.39,23.09,81.46,41.27,37.37,21.34,53.43,39.25225545052474,114.58628581659553
54.86,162.49,34.7,86.49,73.21,94.38,98.61,53.59,34.9,30.16,17.65,25.1,14.94,14.11,49.03,22.04,75.0,41.51,33.34,22.8,53.4,36.201865285333,92.29654956477077
61.4,159.46,36.38,87.74,78.05,97.67,103.71,59.8,38.49,35.29,19.15,26.14,14.58,14.73,52.06,21.6,77.47,37.63,34.21,22.28,54.98,37.47688191495748,99.16891383957966
75.38,158.36,38.36,99.76,91.21,108.44,106.16,64.64,43.15,37.91,20.15,25.75,14.92,14.08,53.48,22.03,74.37,40.6,34.88,27.46,54.66,36.7517439282212,113.59139070929353
64.15,165.13,37.2,99.06,81.57,97.42,104.96,54.01,35.5,35.59,19.97,26.99,16.11,15.58,54.08,25.42,80.59,42.69,37.5,27.11,58.29,38.50952122981809,125.6989838068265
62.02,167.56,36.93,90.4,78.77,98.72,102.47,59.89,37.44,35.35,18.62,24.04,13.51,15.28,52.51,22.21,81.63,41.77,39.71,23.18,53.87,37.92112466890372,103.45206725192526
75.29,174.37,39.7,101.49,87.32,100.95,109.32,57.18,40.76,37.18,21.07,30.08,16.98,15.16,56.07,24.3,82.14,42.73,41.73,27.34,57.06,38.801710384841584,91.93195319531071
55.98,151.86,34.31,85.76,78.03,94.47,97.73,58.25,37.9,32.97,18.28,26.78,15.08,14.11,49.7,21.98,69.06,39.06,31.64,22.04,54.44,35.329868138849044,86.85068170900519
70.75,174.07,40.83,89.03,82.74,103.19,101.07,57.98,40.23,36.36,21.35,27.36,15.78,14.0,58.03,26.18,85.65,46.25,37.95,24.87,60.21,38.10588527915426,161.4043551528115
53.06,160.41,34.68,80.06,69.24,90.66,97.53,53.58,34.21,33.52,18.17,25.44,14.79,14.45,54.2,23.53,75.34,42.49,38.28,20.7,53.43,36.214083216285545,77.13859783692624
71.62,168.61,39.45,93.77,86.0,102.06,105.54,57.87,38.74,37.21,19.8,27.8,15.35,14.3,53.36,22.84,75.91,46.39,36.84,24.42,56.06,37.97430361973489,118.65159454422155
66.15,170.42,38.4,82.58,74.27,95.73,105.99,59.81,40.04,39.32,22.07,26.11,15.83,16.42,55.02,24.17,82.09,43.95,37.87,21.83,58.76,40.319115675594475,113.31208898261639
69.18,175.51,36.61,91.67,82.11,99.78,105.64,56.36,36.95,33.81,19.99,26.59,16.13,16.05,55.92,24.29,86.27,45.34,39.9,24.57,56.93,39.34564832478884,110.16244602887735
60.21,159.61,36.21,90.16,80.69,97.48,96.73,56.61,36.57,35.05,18.84,25.49,14.29,12.15,53.29,23.23,75.86,43.87,37.11,23.72,57.32,34.43040361914016,131.038296113515
81.62,166.37,40.51,101.51,89.8,113.66,111.52,63.51,41.2,37.57,21.42,28.13,16.6,15.08,55.58,23.67,75.77,42.22,34.1,27.93,58.31,39.25026453211532,122.30418046753346
71.75,165.38,37.78,91.57,83.77,110.63,104.5,63.81,40.11,35.01,20.94,28.14,16.14,13.95,53.72,22.35,78.69,40.87,35.69,25.5,55.58,37.00235537237699,118.16855653065818
123.29,162.54,45.87,111.79,111.53,143.37,123.1,81.54,55.63,48.78,28.83,31.36,19.29,15.24,54.96,23.25,69.81,36.77,35.8,29.4,57.52,40.11363266417515,82.93987730316348
82.36,159.17,43.43,118.96,102.84,106.88,119.58,56.99,37.1,35.52,19.94,28.77,16.95,14.69,56.74,23.26,76.94,37.67,33.7,33.29,54.31,39.604924959719185,124.10237019392935
66.45,161.89,39.13,101.02,87.4,100.08,104.92,57.45,38.65,35.03,19.19,26.76,15.6,14.46,51.32,21.71,76.22,43.62,33.33,27.49,56.29,37.74462945589397,148.99831668437093
109.49,178.76,44.52,123.15,107.78,121.15,118.48,71.86,47.47,42.83,23.03,32.82,18.7,16.06,60.32,25.13,83.42,43.48,42.09,33.84,59.19,40.32831195391863,111.63262366179924
60.58,164.45,38.27,86.3,70.45,91.62,102.38,55.7,39.74,35.18,20.59,27.22,15.2,14.1,55.37,23.97,80.63,41.45,38.15,20.5,56.53,37.81192150630379,112.21591520228975
82.68,163.58,40.84,101.76,96.83,110.19,110.76,66.41,43.05,40.72,23.3,29.91,16.89,15.66,52.33,24.04,73.85,41.08,36.44,25.75,57.42,39.22906947603439,107.84425614856661
58.0,165.14,36.82,86.86,72.21,95.42,99.6,52.43,35.24,34.13,20.8,25.7,15.35,14.69,53.65,23.09,81.7,37.49,37.16,23.21,57.28,37.24125575899904,100.31893966339663
65.09,170.01,35.63,90.55,77.53,96.34,102.99,56.94,38.79,34.83,21.11,26.17,15.98,15.47,55.96,24.82,82.38,39.86,41.06,23.57,59.11,37.945251910985895,73.7089863762676
71.45,163.39,38.19,95.03,90.28,103.58,106.42,59.26,41.01,36.72,21.27,26.22,16.1,15.24,53.28,23.43,78.98,45.79,35.13,25.65,56.28,38.73039636012622,146.2201892505808
94.02,167.94,43.56,105.92,98.43,118.86,114.83,69.91,46.04,38.06,25.19,29.96,16.53,14.14,54.91,23.66,80.64,42.74,37.25,28.74,56.43,39.15071651102313,142.6939493898551
76.01,165.45,38.93,104.48,92.12,108.52,109.3,59.06,39.14,35.71,19.07,26.5,15.34,15.6,56.66,25.11,77.05,45.96,36.36,28.91,56.48,39.00392084676831,128.62198335955566
109.54,161.0,42.05,119.72,108.99,132.48,114.34,83.39,54.12,44.04,23.91,30.93,17.42,14.45,51.0,22.51,74.36,39.5,37.16,32.71,56.4,37.26079759468579,122.704778861514
50.56,155.73,32.76,76.88,68.21,90.31,94.72,54.29,36.36,32.79,19.26,24.18,14.64,14.76,49.58,22.09,72.83,39.56,34.88,20.24,56.16,35.641957445645815,73.05379745966962
82.76,177.84,37.06,96.74,85.72,108.55,109.62,66.67,42.23,38.02,23.06,28.84,17.09,16.51,58.16,26.6,88.76,46.68,42.75,25.94,59.18,40.11815177737282,120.29030591071557
83.31,158.63,39.56,118.39,103.05,110.68,111.62,63.53,39.0,34.27,18.6,27.1,15.79,13.57,52.77,23.89,72.67,41.36,36.51,32.51,58.6,36.56393825957732,115.58435767384225
103.52,163.41,43.82,119.97,109.81,120.77,117.12,74.72,49.74,45.93,23.75,32.44,17.14,14.35,54.4,23.05,73.87,42.31,37.24,33.56,58.38,38.24555134016162,131.84540879362635
90.63,155.43,44.58,120.44,98.12,121.59,117.25,69.36,43.73,40.2,21.68,27.96,16.57,14.09,46.93,21.4,71.12,39.05,31.6,32.85,57.96,38.927390196223186,167.01261709549283
91.57,164.39,40.38,106.12,98.38,119.86,107.95,67.31,47.23,38.77,23.15,30.71,17.15,13.1,54.46,24.66,77.82,43.27,35.97,29.17,56.79,36.53766731180561,140.52780833473412
74.57,180.47,34.18,90.05,77.62,104.11,104.97,62.48,42.33,39.17,23.21,27.32,15.54,15.82,57.04,25.07,85.24,48.46,42.75,24.1,55.96,38.7339114746261,90.60851843677221
118.43,174.37,45.77,122.55,117.57,129.69,122.77,72.53,50.15,44.01,21.63,31.63,17.3,14.78,59.02,26.49,79.33,45.32,37.88,33.61,56.99,40.09858807780764,118.90404924280676
55.89,162.89,36.33,81.73,70.26,95.6,100.64,54.81,35.84,31.52,19.46,22.69,13.94,14.54,51.51,22.21,78.17,39.63,37.36,20.52,54.86,37.365386832740974,85.68289387763048
76.83,158.17,40.13,108.92,99.35,111.61,107.44,62.86,37.15,36.04,19.75,27.61,15.18,12.23,52.3,22.98,72.34,41.27,36.48,29.23,57.52,35.537625893566265,133.36020672225573
102.11,155.73,44.08,124.9,112.3,122.8,123.31,72.19,49.32,40.75,18.69,31.21,17.78,15.52,50.95,23.82,65.88,42.02,32.6,33.42,56.26,39.8928213770662,112.67267978868028
61.56,157.86,37.05,98.96,84.21,99.19,99.85,57.33,33.96,33.14,19.41,24.19,14.18,13.96,50.48,22.14,76.23,37.55,34.94,26.67,54.86,35.79136948977079,112.25563109298787
126.2,178.24,43.47,124.03,118.96,141.56,121.73,72.22,47.97,45.34,24.25,32.49,17.89,16.55,58.09,26.05,80.03,47.88,40.11,33.94,56.91,40.766510259407944,115.63978664382904
61.16,159.65,36.88,94.29,82.12,94.43,101.17,56.93,36.45,35.17,19.93,26.56,15.25,13.8,53.74,23.73,77.62,37.81,35.86,24.55,56.09,36.21198458991636,102.83171005972531
59.59,160.19,35.58,79.25,73.28,94.48,100.7,59.8,40.0,34.98,18.7,25.45,13.9,13.94,53.53,24.49,76.21,43.05,38.6,20.69,58.45,36.47174417975053,91.94636385093844
73.28,160.17,37.37,97.72,90.97,110.97,104.99,66.62,40.76,37.55,19.89,27.24,15.83,14.5,51.06,23.26,78.05,42.47,36.26,25.11,55.74,37.305264440183926,143.33813323408413
98.84,159.81,40.02,117.92,106.13,126.32,114.61,75.75,47.82,41.71,21.61,28.99,16.18,14.23,53.63,22.61,73.62,37.56,36.02,32.39,56.74,37.09813336246445,104.19413671499967
63.36,165.94,36.39,87.11,76.69,98.32,101.3,60.41,38.04,34.97,18.99,24.54,14.52,14.37,54.93,23.16,80.53,44.28,37.92,23.54,57.01,37.181287197313836,119.98795236048045
66.44,172.65,32.43,82.82,74.35,100.96,98.74,61.63,39.55,37.26,21.0,26.29,15.08,14.99,59.6,26.43,88.72,45.28,43.7,21.29,55.32,36.94711573004807,100.23239844057173
128.82,169.2,50.65,137.89,135.1,132.68,130.9,71.87,46.93,43.44,22.58,34.18,18.94,15.47,54.04,23.79,72.73,47.48,36.92,37.65,57.14,41.550236102754724,142.10099952636676
48.59,155.14,31.93,78.53,68.99,91.29,93.76,53.15,35.77,31.87,18.48,21.88,13.32,14.34,51.56,22.42,74.78,41.76,35.76,21.0,52.16,35.137808194746356,84.79842667075354
76.03,165.13,37.45,102.94,94.26,103.92,107.81,62.37,39.68,38.12,21.52,27.2,15.9,15.98,54.24,23.67,77.07,40.86,38.14,28.52,56.8,38.214933961769,88.2467354334932
60.37,166.63,35.98,82.96,71.7,93.58,99.54,56.95,36.68,33.77,20.98,24.32,14.77,14.28,56.84,25.61,83.48,40.97,43.41,22.99,58.17,36.56511315766385,81.08513828754525
110.19,162.89,41.82,112.96,108.18,134.16,113.67,81.51,55.99,43.16,22.47,29.71,16.57,13.69,52.14,22.31,71.86,44.06,35.29,32.46,60.92,36.93853615206155,133.31383830099855
80.61,177.34,40.59,93.52,76.7,106.62,108.52,66.04,44.65,42.39,23.06,27.63,15.99,15.13,56.45,24.86,84.6,47.49,40.42,23.59,56.8,40.019001866033584,136.97901603590208
73.91,151.61,38.62,97.91,93.58,114.1,104.91,67.78,39.31,37.37,18.36,27.7,15.13,13.6,48.77,20.61,66.72,37.77,33.58,27.74,55.85,35.348208452902846,100.264803692481
98.28,156.41,42.87,119.5,105.79,123.74,115.23,68.1,49.28,45.62,25.27,30.84,17.36,14.28,53.35,24.57,67.11,41.36,33.78,30.63,56.56,38.32310033216412,128.7266795982315
66.98,160.45,36.8,92.26,77.12,100.57,98.24,63.42,42.53,36.5,22.41,25.8,14.78,13.39,52.05,24.2,77.61,39.93,37.88,25.15,58.9,35.35351851594911,113.59772657409474
70.85,164.02,37.04,104.19,85.96,102.06,105.11,60.51,38.58,35.54,21.17,26.92,16.36,14.74,54.76,21.62,78.96,40.29,39.73,29.02,56.32,36.858083777797255,101.99469579912068
87.2,166.21,42.78,111.13,101.93,113.64,108.54,65.93,41.63,39.56,21.98,27.73,16.76,13.8,53.61,23.31,78.21,40.93,38.56,29.83,55.08,37.31979567125545,127.96406525243026
111.4,166.74,44.7,135.74,127.64,121.48,122.08,64.2,42.14,37.39,21.57,30.44,17.38,14.64,56.24,24.61,74.84,41.92,39.12,36.9,55.83,38.61643889211096,92.72005897583858
58.35,162.87,33.58,83.18,72.44,93.94,95.62,58.48,37.07,34.45,19.29,25.57,15.6,14.92,53.25,24.51,81.72,40.74,39.37,22.75,55.32,35.897039694726764,89.99219617968839
121.28,161.41,42.72,124.62,116.17,144.3,119.51,80.7,54.0,46.98,22.77,31.18,18.64,14.09,51.18,23.22,68.38,44.38,36.02,36.05,55.63,37.39060614021869,117.85056810391859
59.29,161.77,34.97,86.07,71.96,94.29,97.09,55.74,38.38,36.09,20.73,27.02,14.52,13.22,52.28,22.77,77.95,41.12,38.13,23.5,54.9,34.9420998116212,96.42355768483299
92.57,159.81,42.05,115.18,98.84,116.09,114.15,70.43,50.25,44.29,25.87,29.86,17.43,13.95,51.12,21.94,75.08,42.08,35.43,31.95,54.09,37.991446152198975,148.41244450103625
108.78,160.06,41.19,114.92,107.07,133.44,112.88,84.11,52.39,45.29,24.73,31.43,17.23,13.64,52.1,22.14,73.44,41.63,35.8,32.89,57.72,36.443948311894715,139.75520216639677
96.23,184.33,37.15,103.1,94.42,114.84,113.08,70.34,45.59,40.72,23.35,28.78,15.5,16.71,58.81,27.24,87.59,52.5,45.94,27.24,58.52,40.39941027691494,106.1625889010009
82.69,164.27,41.12,101.53,92.2,112.45,107.3,63.38,40.84,43.0,21.6,28.55,16.78,13.13,53.83,24.94,76.27,46.74,37.44,29.04,55.01,36.916588792470584,150.0875734572346
61.72,157.78,34.85,88.98,77.45,98.7,98.47,59.85,41.78,36.76,19.1,26.17,14.61,13.6,52.21,23.14,74.93,43.44,34.22,24.88,53.95,35.37239022451245,119.44915609556642
104.82,175.91,44.5,115.77,99.62,125.44,117.26,71.42,46.09,43.7,23.08,31.03,17.43,15.26,59.16,25.76,82.89,43.71,40.63,31.37,60.69,40.27621895413021,137.82719853727383
50.27,154.32,34.68,79.98,69.48,88.95,97.38,52.69,34.41,31.49,17.42,24.72,13.82,13.5,50.7,23.11,73.53,39.08,35.57,21.21,54.8,35.20901428982409,78.27776025467375
58.77,159.92,34.33,89.42,76.41,92.15,101.5,54.8,36.06,33.5,20.24,26.44,15.06,13.45,49.82,21.04,72.87,45.0,33.5,24.3,56.18,35.93149349773894,112.12221538596225
69.93,164.99,37.74,93.03,86.23,107.05,102.74,57.85,37.89,33.79,19.13,26.55,15.99,14.81,53.99,24.41,78.6,43.97,38.22,26.24,56.39,37.2586358806792,115.39915409524014
57.93,163.59,35.15,82.22,70.75,92.22,97.34,55.3,39.7,38.02,20.42,25.25,14.55,14.2,53.31,23.81,77.4,42.53,37.94,19.91,56.98,36.53911678945829,96.99807884842153
95.08,180.91,37.88,113.61,95.11,118.45,114.61,64.17,60.24,60.21,24.51,25.36,16.34,16.26,60.26,26.29,86.07,42.35,40.36,30.36,55.79,40.64711774070979,106.19729871870965
57.2,166.07,35.35,81.0,72.81,90.69,100.85,54.03,38.31,35.92,20.57,26.47,14.78,15.63,52.73,23.5,79.6,40.86,40.29,20.6,57.36,37.87085460995153,72.75785557544174
78.9,178.92,37.77,101.15,90.19,103.1,109.83,58.92,39.83,35.82,20.98,28.75,16.74,15.83,60.84,28.31,92.38,45.22,41.68,27.4,59.14,39.91554092438528,128.43976013498252
130.03,166.1,44.46,139.44,133.38,146.48,120.42,73.75,48.69,43.35,23.5,31.48,18.55,14.73,54.38,23.51,70.66,45.7,39.85,39.72,60.3,37.65938416324902,122.10057156104995
63.35,157.64,34.36,89.52,74.25,100.26,97.57,61.34,39.64,36.5,20.79,26.94,15.46,13.43,50.81,22.81,71.48,41.86,36.1,23.07,57.35,34.92481055381603,98.37410970506335
59.29,172.57,34.39,79.21,70.27,94.31,96.79,52.89,39.52,36.81,21.5,24.76,14.75,16.08,59.45,25.31,85.6,43.57,40.32,20.96,57.94,38.185172879623686,95.28356402523332
64.14,176.55,37.77,82.98,72.0,99.24,100.97,59.12,36.05,34.01,19.32,24.97,14.87,14.88,55.56,24.89,86.05,43.53,42.81,22.95,55.4,37.90768887129079,90.5193304939603
76.99,165.33,37.89,105.07,87.48,105.92,108.36,65.43,39.49,35.63,19.99,27.81,16.01,13.79,55.47,23.33,81.34,40.77,39.4,28.96,53.71,36.76340087294375,107.2623482448497
80.31,161.0,40.32,113.47,94.77,111.06,110.37,67.86,41.19,37.17,20.2,27.75,15.59,13.9,52.63,22.79,73.99,38.22,37.21,30.35,57.7,37.05834596269461,110.21330924491667
73.18,180.3,38.42,90.51,80.39,100.87,108.19,60.48,41.05,33.7,21.21,26.89,15.81,14.51,59.96,26.08,88.55,48.11,42.87,23.07,57.14,39.36915893505323,116.98132090695242
111.0,173.19,47.47,123.35,112.65,126.02,122.6,75.59,47.18,40.53,23.25,31.75,18.56,14.48,56.7,23.78,80.68,43.42,39.42,32.28,59.47,40.501812848764835,147.7222540730627
85.33,165.47,40.86,111.08,96.85,115.11,109.0,64.59,42.27,37.25,23.12,28.32,16.64,13.48,56.3,24.65,80.32,40.71,39.78,30.86,54.68,36.88376418609911,123.9514282234718
90.31,161.42,43.37,108.37,99.33,121.05,110.3,70.36,47.27,39.37,22.29,29.48,16.25,13.69,53.22,23.09,79.77,38.92,36.87,28.8,54.85,37.61548214392486,149.8733331377216
67.23,165.86,37.05,93.04,81.63,97.5,104.14,56.58,37.22,34.98,21.61,27.81,16.72,15.01,54.43,23.75,80.03,41.48,38.71,26.63,56.89,37.4844428995258,95.8819242492284
105.97,165.92,43.43,121.2,111.23,128.57,120.98,74.12,46.2,42.05,21.45,31.63,17.62,14.62,53.48,22.5,79.95,43.96,38.51,34.09,57.58,39.228543468290596,157.47299195890605
69.52,159.73,36.36,99.26,91.07,107.89,101.39,64.03,36.79,34.54,19.02,26.65,15.28,14.0,51.51,22.87,77.36,38.7,36.56,26.08,56.02,35.74403620088098,115.30174149844765
56.48,171.31,36.12,81.5,74.38,91.78,97.67,52.52,36.13,33.09,20.28,25.84,15.93,15.5,56.75,24.87,85.17,40.96,40.35,20.28,54.37,37.91870291546797,86.74393956248298
71.4,159.51,40.15,95.49,84.18,104.54,111.3,63.89,41.45,39.18,20.92,26.84,15.35,15.07,50.56,22.0,72.67,39.19,34.94,23.89,57.22,39.22938052166781,106.33232083675921
61.29,156.33,37.06,86.69,80.06,100.6,99.74,60.0,37.95,34.43,18.18,26.63,14.51,13.98,49.65,21.59,72.97,40.94,34.27,24.07,54.2,35.85585604381061,109.70457106070876
71.24,172.01,38.24,94.13,78.08,104.12,106.1,60.2,43.19,37.2,21.42,27.7,16.0,16.24,54.16,22.96,84.19,42.08,36.14,25.72,58.44,39.7436006976277,130.41282028799446
59.52,159.84,36.9,86.75,69.41,90.71,105.04,58.41,37.82,39.41,20.09,27.45,15.04,14.34,52.13,22.07,78.0,40.07,35.94,22.01,55.35,37.75183241817217,110.42167616366504
70.64,166.1,37.37,95.27,87.14,102.26,103.04,62.07,40.04,35.88,19.61,26.91,15.21,14.59,53.24,22.8,80.03,44.49,38.22,24.71,57.15,37.301653311840745,128.37000384247358
68.7,143.09,42.52,107.16,102.56,99.37,109.45,60.43,37.7,38.1,19.27,27.22,15.67,12.48,44.94,18.95,58.24,39.66,31.31,28.13,55.3,35.727508455490174,118.63018493807556
72.77,167.13,38.88,99.29,86.91,105.15,106.99,62.92,42.06,36.58,20.63,27.08,15.12,14.3,53.53,23.42,82.84,44.08,39.14,26.54,55.9,37.96566108583584,142.47954687420406
65.1,159.44,36.29,98.73,85.24,98.53,101.67,57.11,37.15,34.55,19.92,27.42,16.3,13.36,52.33,23.16,77.59,39.02,39.7,26.58,55.41,35.19899755002623,95.06047915551278
54.79,159.33,34.23,81.11,72.12,92.22,95.13,56.97,35.74,32.24,19.0,26.22,14.79,12.29,50.13,21.67,75.55,42.11,37.96,20.7,56.08,34.00796183035404,97.75616950016962
68.56,164.68,38.15,103.16,88.84,99.48,107.21,56.71,36.35,33.66,20.44,27.61,16.07,14.02,56.59,23.91,83.71,39.55,40.82,28.24,57.4,37.18327781756874,116.26860815378984
91.33,175.93,39.71,108.41,91.37,114.8,114.93,71.09,44.36,39.09,20.17,30.65,15.99,16.56,58.03,26.3,87.1,41.25,41.56,30.21,60.64,40.221689452222066,106.90598417306461
71.57,172.64,40.53,92.07,82.39,101.99,106.98,62.25,39.96,36.0,20.74,26.95,16.55,14.73,55.36,24.75,87.46,41.51,40.21,24.01,57.6,39.14975184762689,130.92031629787095
73.21,155.72,39.8,102.74,86.79,105.31,106.98,64.93,41.07,35.75,20.42,29.1,16.34,13.33,49.79,21.78,75.46,39.35,36.98,27.53,54.97,36.30990937382457,128.21173377036416
120.89,167.81,46.55,134.83,118.65,128.35,127.69,77.64,47.88,45.25,23.03,32.42,18.93,15.17,55.47,23.98,78.39,40.65,40.35,36.15,57.6,40.346778906006996,117.88721777555236
59.91,158.42,36.64,95.05,80.79,95.37,101.33,54.72,35.93,32.34,19.65,26.88,15.35,14.36,52.77,22.33,77.81,38.16,36.22,26.24,55.15,36.29652620089412,103.19716475314942
128.36,181.13,43.64,131.37,116.54,136.6,122.95,83.2,46.46,41.22,23.09,32.56,18.95,14.75,56.55,26.19,85.84,44.43,43.89,36.71,59.48,39.06974478984385,111.1648976385797
119.66,162.7,47.74,135.66,117.45,126.61,129.91,79.83,46.38,44.5,25.66,32.77,18.32,15.5,54.02,23.56,75.16,39.61,40.16,36.76,58.13,40.834154838887066,119.08291444126996
57.94,166.9,34.37,88.32,75.72,91.17,102.92,54.34,35.6,32.03,19.28,25.03,15.04,14.51,55.47,24.28,83.14,43.25,40.04,22.62,56.04,37.416100014944064,97.60761418367326
82.94,158.21,42.56,105.95,95.69,110.11,112.92,67.7,43.42,38.71,23.23,32.15,18.0,14.6,51.39,22.82,68.43,39.81,34.99,28.79,56.83,38.26316787725598,103.4117382952104
83.02,162.93,39.04,108.68,93.9,109.46,109.77,65.17,45.14,39.1,19.78,27.86,15.78,15.33,53.91,23.04,76.87,40.63,34.53,29.14,55.43,38.26216653663191,113.93600432146923
83.96,163.48,42.18,108.54,97.44,112.46,113.67,65.3,43.66,38.84,20.39,29.66,16.96,14.34,55.0,23.85,80.12,39.85,38.97,29.88,55.29,38.43310701051976,125.67652626705058
82.46,154.62,41.08,110.91,102.92,119.19,111.12,65.08,40.73,39.31,21.94,29.27,17.05,13.94,48.19,21.58,74.89,36.07,36.95,30.1,58.95,37.085896887939825,140.0765211720004
67.61,170.81,37.86,91.44,80.81,98.42,106.07,58.75,39.66,36.4,20.33,25.65,15.35,14.98,56.61,25.08,83.26,44.98,39.14,23.09,54.42,38.942113496047504,115.4516757174705
78.65,157.87,38.6,103.59,92.99,111.3,105.96,68.89,46.95,39.26,21.48,27.47,15.27,13.44,50.2,20.54,73.75,41.12,35.48,28.58,56.3,35.99250343917427,131.49398964360603
120.04,163.04,48.47,123.69,121.85,125.24,122.43,73.94,46.88,41.0,21.19,32.36,17.7,12.52,51.94,21.88,65.81,44.9,35.1,32.87,59.81,37.74317608606533,109.71651945100189
55.29,158.59,35.56,84.12,71.92,91.33,97.6,54.81,39.14,34.86,20.03,24.52,14.82,13.73,52.76,23.79,78.42,39.05,35.66,21.15,57.01,36.15248800744348,107.84735023906984
78.34,164.82,40.29,102.8,88.68,108.16,108.59,69.76,42.04,36.56,18.94,27.36,15.54,13.94,55.08,23.39,82.26,38.68,39.16,27.98,55.76,37.33306402430036,118.26868124386726
67.41,173.91,37.69,90.06,78.85,98.06,103.26,58.1,37.93,36.61,21.24,25.81,15.3,14.52,54.82,25.16,82.1,46.01,40.18,23.53,56.62,38.09779009793359,109.8360614457863
137.87,156.35,50.29,135.91,136.45,154.12,134.21,80.31,49.91,44.8,23.33,32.73,19.08,14.04,51.65,21.93,66.34,42.95,36.83,37.34,56.22,39.99323853997103,133.88724089886966
72.01,172.79,38.71,94.38,79.08,103.84,107.43,62.09,39.72,35.07,21.83,28.09,16.05,13.37,56.3,25.67,81.12,48.3,38.34,25.03,59.21,38.1939732074459,144.69493600642488
69.95,164.6,37.74,92.77,78.87,106.14,103.45,64.17,36.81,37.9,18.92,26.47,15.05,14.06,51.62,22.07,77.75,41.52,37.51,25.52,55.4,36.71830110876095,113.08157522468287
72.82,161.01,34.85,91.49,80.19,107.63,101.22,68.18,42.17,36.6,20.61,27.53,15.02,13.78,53.05,23.63,74.6,37.94,36.87,24.63,54.44,35.16373760443262,65.51550870588522
118.09,161.99,44.3,121.04,115.13,138.38,114.87,80.35,48.25,46.9,28.67,33.8,20.06,13.21,53.29,23.89,74.55,42.06,36.78,35.13,56.54,36.70366201138648,152.99941189132517
49.67,153.95,34.51,85.3,76.91,87.82,93.6,52.47,35.47,30.65,16.82,23.58,13.67,13.02,50.78,23.13,74.75,38.72,35.83,23.49,53.71,33.8622255414739,85.58978344915397
51.05,153.88,34.54,76.17,71.63,92.39,97.28,54.1,34.19,32.14,18.18,24.63,14.07,13.78,51.85,22.08,75.43,40.11,32.0,19.36,53.94,36.01743481559956,111.72640553887891
47.13,157.64,32.21,75.41,62.71,84.11,92.69,53.48,36.41,32.29,18.14,24.18,14.36,13.65,50.61,21.89,80.6,39.45,35.95,19.07,54.41,34.89506792976068,96.91677674606296
69.14,170.35,39.9,85.46,78.18,98.04,107.97,62.76,41.93,37.13,20.94,29.1,15.49,16.82,59.08,27.53,87.78,38.8,42.06,23.06,56.82,40.3963912200511,89.6853226687607
99.08,187.52,42.15,111.78,105.24,116.73,109.13,66.54,43.23,37.95,21.43,31.02,17.17,14.48,62.89,27.88,92.7,48.31,44.4,29.37,56.37,38.72486630690318,137.16340071530794
74.9,163.2,36.67,87.11,84.06,106.64,105.1,68.84,43.29,39.61,21.68,28.29,16.19,13.7,54.01,23.78,77.0,45.63,38.68,23.46,57.3,36.7528436676883,118.35370856461441
85.79,157.57,40.35,115.74,100.09,110.32,112.5,70.21,44.65,39.01,20.98,27.43,15.74,13.91,51.23,22.15,75.58,38.99,36.49,31.75,59.86,37.15884673004019,131.81000871657682
61.33,166.4,36.5,86.6,74.48,94.02,104.87,56.33,38.95,36.78,22.58,27.06,16.17,15.3,52.65,23.24,80.61,43.74,38.6,20.89,57.84,39.00014266019849,118.08021370999484
68.63,168.88,38.04,90.38,77.7,99.04,103.29,62.3,39.86,36.32,20.99,26.34,15.25,14.85,54.63,24.7,79.36,41.79,40.45,24.24,54.53,37.56419450720369,79.10883616069606
62.29,169.08,37.32,86.25,69.73,95.14,101.38,59.57,38.33,36.05,20.22,25.88,14.95,15.08,53.37,23.38,79.88,40.75,39.45,22.63,56.2,37.76362614258891,82.92644267074024
78.51,175.38,36.98,94.73,85.87,105.45,105.27,65.52,45.01,39.2,21.32,27.08,15.19,15.49,58.09,27.01,89.99,41.27,42.14,24.83,56.2,38.46516887679072,99.98839119189716
89.64,157.48,38.89,111.04,96.96,120.56,109.59,74.04,45.44,40.67,22.25,30.67,17.77,12.86,53.0,23.24,76.87,33.77,36.75,30.67,56.3,35.36829342210525,106.16357769376464
176.72,170.43,60.0,142.8,137.31,168.81,136.18,93.24,62.96,49.9,29.27,36.32,20.8,15.5,56.75,24.48,76.01,42.1,39.36,38.72,57.73,42.52835310655384,144.38927947115621
88.51,167.83,39.85,111.97,92.33,114.36,111.74,68.49,43.69,37.4,22.02,28.1,16.54,13.45,55.11,23.99,79.42,42.31,39.7,29.36,57.26,37.39271225366478,118.18923011534139
66.16,160.32,36.54,94.12,84.81,98.42,103.62,61.57,38.92,37.98,20.54,25.36,14.96,13.98,53.14,23.85,74.83,44.0,37.11,24.05,57.09,36.86306319702817,117.54673792943112
88.65,169.93,44.48,113.0,103.76,109.52,117.04,62.24,39.66,38.6,19.56,28.93,16.43,15.08,57.26,24.86,79.42,42.81,40.13,29.31,57.11,40.105120015726825,116.37803322522842
98.65,170.49,43.58,109.92,100.72,120.0,116.46,74.73,45.45,42.6,24.31,30.68,17.18,14.66,56.54,26.12,83.88,42.51,39.33,30.6,57.71,39.56497086791767,145.41718352524185
124.42,158.97,44.56,133.13,124.15,146.02,121.56,80.18,51.09,48.53,24.77,32.99,18.28,14.65,51.08,21.65,68.4,39.45,34.67,37.15,57.87,38.03108553745337,129.87931355098704
58.68,156.59,35.11,91.65,73.76,95.98,96.02,58.71,38.79,34.5,19.97,26.0,14.73,13.32,51.86,22.41,76.1,39.22,37.19,24.83,55.31,34.51135218538469,105.3799423148676
76.15,170.49,39.43,97.78,81.65,107.59,106.96,64.67,40.78,38.16,21.42,26.84,16.41,14.87,54.54,25.0,84.73,41.01,40.0,25.31,55.4,38.64419649680092,120.72092934883756
52.21,153.05,34.36,82.74,64.2,89.92,95.64,56.14,39.2,34.59,20.07,25.27,14.48,14.18,49.15,21.96,74.94,37.3,35.44,21.94,56.62,35.38073017747408,93.98303932012948
70.63,151.62,41.59,105.43,95.54,103.61,107.82,59.69,38.77,36.66,21.61,27.25,16.94,12.99,50.3,21.7,71.85,40.5,34.66,28.55,55.07,36.62510519230609,150.178571575756
69.95,169.91,38.87,94.65,74.47,98.82,105.07,62.34,40.57,38.45,21.84,27.21,15.24,14.61,55.21,23.71,84.18,41.53,40.22,24.65,55.68,38.18976642337843,117.35953777436299
78.67,166.85,39.57,93.66,89.37,109.71,106.15,65.92,44.46,39.95,20.32,29.12,16.06,14.4,52.62,23.27,79.79,41.64,36.98,24.14,56.52,37.83055433329251,122.40801224031713
46.75,154.76,33.48,80.84,67.87,84.06,97.13,48.53,33.42,30.6,17.88,23.51,13.92,14.21,50.77,23.05,73.09,42.7,35.79,20.95,54.56,35.89720122982981,84.72978374173164
106.06,163.01,41.58,111.83,104.07,132.44,115.05,81.39,50.76,42.44,23.4,30.21,16.47,13.98,51.93,21.97,80.03,39.16,39.77,31.6,55.45,37.20457979156846,124.17911410656723
55.29,148.21,36.91,89.32,78.7,91.79,103.06,55.74,38.32,34.43,17.46,25.27,14.74,14.21,50.51,24.09,69.39,36.63,36.55,22.75,55.42,36.269430716556435,70.62776181153322
42.05,151.05,34.65,75.35,64.39,80.36,91.47,46.98,34.33,30.48,18.59,22.9,13.73,13.61,49.04,21.54,71.73,34.64,35.95,19.98,54.13,34.1887710059391,47.87012229107819
90.91,169.77,44.44,102.46,95.55,119.54,111.83,72.21,44.15,38.94,22.19,30.73,16.8,14.89,57.46,24.68,81.93,39.9,38.3,28.52,58.48,39.25902648427108,134.42892937529916
76.29,162.87,42.91,103.72,91.22,106.01,109.96,59.92,42.99,38.76,21.71,29.15,16.37,13.37,53.73,22.98,75.79,40.24,37.89,28.73,56.92,37.58230038685427,122.62491149592176
90.1,170.71,45.54,113.65,106.24,111.75,115.66,60.79,40.52,36.9,21.45,28.04,16.28,15.8,54.9,24.71,81.44,45.41,36.08,31.46,55.22,40.90351385518059,155.58793586054355
73.75,159.06,40.02,104.09,88.04,106.14,106.24,62.32,40.83,37.86,21.34,28.1,16.19,14.25,51.25,21.85,73.13,42.49,38.58,27.79,56.28,37.06555224766281,124.41745255871376
56.18,158.41,35.49,84.78,68.51,93.88,96.87,57.07,35.91,34.11,19.88,24.92,15.18,13.24,50.08,21.91,73.02,41.44,34.97,22.71,54.78,35.220963561382376,99.97912268338462
55.47,157.32,35.22,86.71,72.44,91.97,99.72,53.73,35.73,31.59,19.42,26.28,14.78,13.27,50.29,22.17,74.14,41.05,35.48,23.05,57.44,35.55261257819071,101.3274161294529
104.69,163.85,43.04,124.33,111.94,121.24,120.27,72.34,45.38,42.04,22.68,32.17,18.34,13.4,55.28,24.6,74.51,41.34,36.23,34.14,54.03,37.8785790513996,113.65577009071342
67.0,172.05,37.18,90.24,75.16,96.1,106.94,58.37,37.31,36.94,20.34,27.16,15.69,16.16,55.14,22.86,83.96,44.23,41.49,23.99,56.68,39.45084009402206,100.94221130735019
63.61,160.45,34.57,92.5,75.84,97.14,100.13,59.78,37.34,36.14,20.21,27.48,16.03,12.66,52.42,24.28,74.51,42.52,36.55,24.51,57.15,34.90024283056178,103.47781354361126
69.24,167.22,37.73,95.09,80.56,102.12,104.86,61.43,38.57,35.89,19.74,26.95,14.97,14.33,56.45,24.51,82.05,40.4,40.91,25.22,53.76,37.21141752876849,92.64021526228936
110.84,157.86,42.58,117.34,109.42,137.59,118.99,77.83,50.58,45.3,25.61,31.77,19.56,14.72,51.67,23.92,67.47,43.38,33.99,31.67,57.93,38.830498586488496,134.60151820306578
71.43,169.17,38.81,101.4,83.28,97.53,110.14,57.55,36.12,35.11,20.35,27.44,16.16,14.77,54.91,22.09,82.13,42.84,38.95,26.74,58.54,38.833442479211065,119.98290617411624
73.24,167.23,38.13,92.59,81.95,103.19,106.06,62.04,40.89,37.84,22.74,27.4,16.17,14.97,55.02,25.55,80.05,44.92,38.79,24.35,59.41,38.58079071537102,124.99539162969302
54.93,153.0,36.68,90.63,76.56,92.6,102.01,52.7,36.6,33.03,19.86,25.75,14.43,15.84,50.26,23.15,70.24,39.1,33.35,23.39,57.74,37.92183080019599,96.23635445435593
84.38,170.12,41.84,108.94,88.53,108.11,112.67,62.5,43.18,38.69,22.75,27.96,17.2,14.0,55.77,23.62,82.89,39.65,38.88,29.76,61.75,38.72818149764765,128.95697808999807
76.53,163.91,39.56,97.67,83.65,105.37,106.42,67.25,45.21,39.22,21.59,27.52,15.37,14.07,53.09,23.44,79.64,39.49,38.77,25.09,60.12,37.51065902819521,119.8855064207213
79.94,165.44,36.2,101.54,90.14,109.11,108.32,72.35,42.98,39.71,22.02,29.33,16.87,15.36,52.88,23.45,78.74,42.36,40.92,25.86,57.3,37.80808915117965,103.23451713143413
63.37,163.13,37.42,88.7,73.56,93.89,103.81,57.83,40.29,36.48,20.61,26.74,15.36,14.42,52.14,22.49,77.43,40.35,36.09,22.98,59.48,37.65345755998995,104.52149166104141
80.04,156.58,38.55,105.01,86.96,105.89,110.82,71.15,45.5,44.09,23.79,30.52,16.69,14.55,50.79,22.28,69.46,43.29,35.03,28.24,57.54,37.69956318535491,125.03255851415531
58.16,160.91,34.91,84.43,75.16,93.72,98.1,54.24,37.87,36.99,20.95,26.57,16.01,14.7,50.68,22.11,78.57,38.72,38.13,22.41,56.63,36.27194953851517,89.84604620294812
67.38,159.55,38.32,90.16,84.82,99.99,107.25,61.4,40.8,38.35,20.85,26.84,15.82,15.02,50.09,21.03,75.27,42.98,35.43,23.83,55.78,38.411362094922644,123.8709366823499
48.29,155.49,33.86,79.56,68.31,86.4,96.38,51.62,34.48,32.5,17.39,23.35,13.83,14.51,47.68,21.36,74.44,39.16,35.49,19.84,55.48,35.968044635020874,81.62240639218288
69.31,175.16,36.54,91.69,79.64,99.12,104.19,60.77,37.66,34.12,19.71,25.7,16.24,14.72,56.55,24.79,86.88,44.88,42.34,25.47,55.7,37.797668081269244,101.91853537195743
85.46,165.84,42.03,103.96,95.29,114.44,112.65,64.4,43.76,40.76,23.31,30.51,16.54,15.37,54.22,23.7,79.74,39.73,37.64,28.15,55.7,39.36595218595763,121.99915174582759
71.2,168.23,38.97,95.51,82.38,104.9,105.82,59.68,37.91,35.18,19.83,28.42,16.38,13.98,55.58,23.18,83.35,42.04,38.03,25.51,58.24,37.7707995331271,137.87153804251386
77.4,176.11,38.33,96.38,85.6,103.47,108.72,61.22,40.77,38.54,22.23,28.14,16.84,15.34,55.42,24.02,83.62,42.38,39.5,25.29,56.27,39.131263747637796,92.73064129826616
77.84,172.49,37.96,99.0,84.94,104.63,104.77,64.35,41.46,38.02,20.74,27.48,16.54,13.53,56.87,24.29,84.58,45.56,41.74,27.49,56.45,36.72598711397682,123.92479845488356
61.93,153.71,36.77,95.74,78.23,100.86,97.59,60.92,38.62,35.54,19.77,27.24,15.15,12.7,47.29,21.31,72.32,38.16,35.68,26.13,55.29,34.071190242194206,114.48236696413278
62.15,159.91,35.49,92.42,78.59,100.58,100.35,59.63,36.98,33.02,19.07,25.33,14.71,14.04,56.15,24.35,76.34,40.55,36.54,24.74,53.58,36.01554426204446,95.0665624069984
58.81,154.63,35.86,93.48,77.29,95.14,104.42,57.71,38.77,33.6,18.99,24.75,14.35,15.25,49.47,21.84,74.08,45.09,32.14,23.63,54.42,38.243955588432314,145.4327382535248
68.83,156.71,37.34,104.5,91.13,99.58,101.43,57.37,40.67,35.34,21.61,27.98,16.45,13.64,53.25,23.73,78.0,42.37,35.89,28.8,53.21,35.66029609483204,141.38948999183526
54.45,147.99,35.5,89.55,78.07,91.94,100.03,55.29,36.6,33.78,17.78,25.55,14.84,13.05,49.38,21.72,69.24,36.68,34.59,23.62,54.5,34.61387849470023,80.48247306743951
91.57,164.09,45.95,119.35,106.01,106.87,117.83,62.91,44.15,41.33,21.46,29.78,17.11,13.88,51.98,22.55,73.39,42.93,34.99,31.93,57.57,39.19102377459402,138.97070798901916
115.9,173.46,47.5,128.16,106.89,122.3,126.82,77.1,46.59,43.17,23.12,33.81,18.41,15.68,56.88,25.0,79.32,44.42,38.11,33.61,61.47,41.91296250896929,142.27352698036532
80.74,161.16,40.99,99.86,95.8,111.06,111.26,66.25,41.97,37.97,21.17,30.29,17.09,14.64,53.49,23.65,75.75,42.7,37.53,26.82,56.26,38.39619583449454,125.45756562076213
63.82,166.63,37.47,90.94,76.92,98.34,106.96,57.77,37.24,34.07,20.11,28.55,15.41,15.44,54.26,23.71,82.74,39.98,38.0,23.96,58.27,38.92738223849697,111.45268746381521
55.17,162.88,35.77,80.12,72.58,94.96,97.85,54.34,35.38,31.75,19.0,25.5,15.23,14.52,53.4,22.16,78.4,45.01,35.86,20.53,56.86,37.15739277505322,129.11273440856905
60.76,157.02,36.56,90.61,76.41,95.86,101.23,60.24,39.92,36.73,20.0,26.53,14.72,13.61,51.05,22.56,78.08,39.65,36.58,24.01,55.24,36.06198815178982,121.06788981403076
67.29,159.68,38.66,105.35,85.26,99.83,106.62,58.28,35.83,34.58,18.92,26.67,16.6,15.03,53.84,23.36,76.36,39.23,41.25,29.92,53.33,37.070669327485284,84.43684370938524
74.63,186.58,37.09,93.48,82.81,98.12,111.14,60.09,39.1,36.96,22.19,27.48,15.93,16.89,60.8,25.28,95.85,44.97,48.01,23.02,59.55,41.291880405113204,95.89148803523068
67.01,173.28,35.2,87.4,77.1,94.89,102.03,59.76,38.43,36.74,19.6,26.36,15.48,15.46,56.45,24.5,83.41,52.71,41.0,23.68,56.32,38.285866092271746,131.54835819162656
59.7,167.08,36.67,87.06,73.49,91.54,101.6,54.88,36.65,33.5,19.52,25.97,15.17,14.82,53.91,23.47,78.53,41.58,37.36,22.54,61.29,37.74724623252639,96.38362497708715
64.23,173.89,33.17,81.16,76.5,96.73,95.18,57.16,37.73,35.34,20.92,25.13,15.22,14.75,56.18,24.4,86.91,42.84,44.06,22.77,59.09,35.844890485813686,78.02975260174975
90.69,167.27,40.83,112.72,97.08,116.98,117.35,72.17,43.92,40.48,20.6,28.89,16.78,15.68,55.07,24.35,77.89,43.54,40.53,31.01,57.35,39.67747282925283,114.06658945124394
69.14,172.77,35.17,97.59,85.62,103.13,103.06,56.64,37.3,33.12,19.98,24.87,15.3,14.77,57.53,24.32,88.06,43.39,41.63,26.94,55.22,37.27005044772001,111.64512536394216
63.03,161.13,35.66,96.95,75.9,96.8,105.59,59.42,36.84,34.2,18.49,27.24,15.41,15.25,52.44,22.93,76.82,43.54,35.85,26.21,56.87,37.89079488246188,119.5732104875425
78.22,162.75,39.44,110.8,92.64,109.28,110.06,64.39,39.59,36.92,19.76,27.92,15.87,15.29,50.82,22.56,77.93,39.41,35.65,31.04,55.16,38.143916867861925,122.17876958420902
81.7,169.35,36.66,95.41,85.19,109.58,101.34,69.1,49.27,41.11,18.99,28.61,16.37,13.38,55.92,24.63,82.55,47.11,38.66,26.18,58.34,35.91245346548332,141.98057800196818
70.34,164.04,37.24,93.92,80.1,101.59,105.14,64.18,39.44,36.73,21.57,28.18,16.55,14.89,53.37,23.99,78.63,41.45,37.34,24.66,57.93,37.83034998159978,112.67418798638175
66.19,160.23,36.61,85.88,76.77,96.67,101.91,65.49,41.75,38.24,19.27,27.72,16.09,13.98,50.25,21.49,75.14,42.47,38.55,22.51,55.47,36.182701271161285,95.5273626456256
55.99,163.62,33.17,82.86,67.76,90.67,100.09,56.73,36.42,33.35,18.7,25.67,14.67,14.29,52.35,22.03,78.89,43.47,38.82,20.36,55.61,36.545636337300294,90.40993595604334
52.96,155.82,34.93,82.75,69.94,89.19,98.61,55.45,36.69,33.77,19.09,25.21,15.42,14.34,46.87,20.09,73.24,40.9,34.52,21.93,55.51,36.166978557839286,99.6218089771944
72.01,157.72,37.4,98.07,87.71,107.58,103.06,64.78,43.01,37.56,20.35,28.02,15.83,12.98,49.96,21.58,75.77,40.12,36.24,25.72,53.64,35.386451157377955,123.08045932615357
67.57,160.84,38.36,91.44,82.82,101.72,104.86,60.14,39.15,35.77,20.51,26.1,15.67,14.54,54.61,24.87,77.98,39.14,35.99,25.64,55.61,37.50235492901669,102.22274864255314
47.2,152.25,33.83,84.82,67.93,82.65,93.66,52.37,35.73,31.81,18.8,23.18,14.15,13.61,51.13,22.33,75.15,38.09,35.21,21.58,55.0,34.72347399580272,92.82763628054693
56.86,161.2,36.53,83.82,72.63,91.42,101.62,55.11,35.26,35.3,19.83,25.79,15.6,15.58,51.24,22.98,76.45,42.97,36.17,22.61,53.06,38.03864910616918,99.43575524577022
98.58,165.0,40.5,118.73,104.03,123.99,115.01,74.22,47.03,43.65,22.01,29.89,16.16,14.25,52.74,23.71,78.25,41.59,36.55,32.24,57.43,37.95993007161303,141.81792269069058
58.76,164.01,33.98,91.23,75.01,92.35,99.24,56.17,37.3,32.81,18.81,25.14,14.29,14.81,52.48,22.87,77.97,42.89,39.8,24.85,53.89,36.0975451427252,77.69078567654225
80.81,178.63,40.24,94.35,80.9,100.96,107.6,65.67,42.78,39.98,21.94,29.51,15.82,13.91,58.18,25.2,87.79,50.65,41.87,24.52,57.93,38.769392986332036,154.42167003961936
136.39,158.02,49.61,131.09,138.68,140.04,128.49,79.56,53.67,47.43,27.14,35.58,19.29,15.55,51.96,22.76,70.13,46.09,30.85,37.7,59.24,40.74640760233674,176.38365230552188
74.13,167.41,38.35,98.65,85.57,104.88,109.83,61.22,39.77,38.44,21.17,28.16,15.52,14.95,55.96,23.91,80.28,41.72,39.35,26.34,55.89,38.55910711971291,103.8826440130249
107.79,153.68,40.8,119.76,111.38,135.15,116.35,82.45,51.98,46.53,24.15,31.82,17.35,14.4,48.61,20.17,69.2,39.05,34.56,33.04,54.23,36.96100913690998,126.40203583395851
62.49,152.26,38.08,90.71,83.62,100.85,99.78,61.22,36.95,38.24,21.27,26.07,15.57,12.43,48.19,21.52,74.05,39.01,35.8,24.17,55.86,34.88392895540876,137.5259165106662
60.93,163.73,37.07,93.1,74.91,93.97,101.77,55.98,35.25,34.66,20.13,26.54,15.33,13.39,52.89,23.99,79.11,40.23,39.5,24.42,59.26,36.27364254766431,105.63720236605263
62.12,155.75,37.91,88.73,76.83,102.43,104.83,61.84,39.08,36.81,19.9,24.08,14.14,15.38,49.86,22.34,75.77,39.01,35.23,22.99,56.16,38.38221165233606,121.21422934179964
73.73,154.65,37.29,98.64,88.62,110.84,104.79,69.51,43.73,37.83,21.24,27.23,15.76,14.53,46.16,19.43,69.81,38.66,34.89,27.4,55.28,36.14118405741674,102.04853687676791
63.28,153.89,36.47,93.12,79.49,101.32,98.56,62.47,41.54,37.16,19.16,25.93,15.22,13.88,48.27,21.52,73.92,37.76,34.11,26.02,55.57,35.21990630189235,115.05202712222405
69.12,163.69,37.54,97.9,85.77,106.0,105.66,59.83,37.9,36.32,20.03,25.89,15.36,15.74,54.17,23.78,79.31,40.2,39.88,26.9,56.06,38.10473874619496,100.65263728530238
79.04,159.04,37.33,111.81,93.39,111.12,108.04,63.85,40.65,37.04,21.1,27.9,15.76,14.17,52.08,22.72,74.63,38.78,38.65,31.46,56.85,36.09270949666613,97.74720531640736
65.69,168.82,37.27,89.68,76.92,99.02,104.84,59.96,38.2,33.66,18.27,26.14,14.95,15.43,56.07,24.13,83.51,41.33,39.47,23.92,55.11,38.41874696991326,95.23185356019769
53.62,148.97,34.28,84.71,75.94,89.3,94.11,55.55,38.32,34.86,19.22,26.01,14.79,12.62,48.15,20.73,69.27,35.66,33.18,22.78,56.28,33.22383648680168,77.20558523193955
75.9,166.14,36.9,101.0,92.71,107.46,106.95,59.13,38.33,36.83,21.34,27.59,16.58,15.23,56.29,24.65,79.05,41.44,39.05,27.61,56.54,37.7348026794551,93.97469907941843
69.16,167.03,37.82,94.41,76.51,97.9,105.47,61.41,39.34,36.98,20.4,26.45,15.34,14.99,53.88,23.29,82.47,41.48,38.95,25.64,55.08,38.03378322070272,107.24385976575275
67.01,159.38,36.06,97.98,83.35,102.95,106.9,62.18,39.77,35.75,18.01,27.49,14.51,13.98,51.31,21.82,78.24,41.53,35.11,26.62,55.43,36.89815255927484,130.47214433375268
74.7,174.48,36.8,90.45,85.11,105.1,106.63,63.66,42.58,39.33,21.64,27.87,15.17,15.98,60.3,25.9,89.96,40.79,41.85,22.88,57.27,39.357414684281366,104.94652950493952
80.94,168.46,39.64,99.46,82.93,104.4,111.14,69.1,44.13,40.08,21.8,29.36,16.08,15.61,55.82,26.09,80.83,41.86,39.23,26.27,66.62,39.65116608625976,123.13508319155915
65.56,169.95,36.58,94.0,75.09,97.38,101.29,60.4,36.25,34.58,18.99,23.91,14.32,13.81,57.33,25.43,86.18,39.94,42.76,23.9,55.67,36.58564553855661,93.74586081743303
73.37,165.0,40.02,96.52,85.88,102.49,106.07,59.7,40.93,39.59,22.47,28.5,16.91,13.78,51.32,21.55,79.49,41.74,35.77,26.77,57.57,37.50404023058851,140.94576280191427
72.16,175.82,38.0,94.75,86.28,101.36,103.23,58.36,37.81,34.26,21.09,27.61,16.03,13.6,55.79,24.37,83.0,40.99,39.23,24.5,58.02,36.9697908461422,90.86309324834315
63.73,164.77,34.75,88.55,72.14,99.02,100.72,60.85,40.26,36.88,20.19,26.16,14.7,13.83,54.82,24.11,80.42,42.2,36.93,23.19,54.38,36.41445220344839,108.51178710958573
63.78,153.06,36.14,94.67,81.69,101.5,103.36,60.42,39.03,36.56,18.55,24.78,14.43,13.82,49.52,21.29,73.33,40.25,33.75,25.13,54.82,36.18706120319127,122.40673023453724
66.03,165.95,35.51,95.04,80.68,96.66,102.62,56.13,38.7,36.17,20.72,27.58,15.67,14.19,54.41,24.19,80.82,43.2,41.12,26.51,55.81,36.338532282502314,96.66878315770879
61.8,161.53,35.91,91.99,77.86,97.27,98.14,56.51,37.55,34.57,19.27,25.4,14.81,14.15,53.43,22.89,77.03,42.6,39.42,25.65,55.39,35.594459019732945,99.71123748427414
70.34,174.3,36.42,92.11,81.0,99.59,105.5,61.01,41.48,37.13,21.4,26.79,15.39,14.57,58.44,25.78,86.63,45.18,39.91,23.85,54.48,38.34337972042895,115.09741970763122
79.48,176.59,37.54,96.88,88.54,104.03,110.68,64.72,40.03,40.89,21.34,28.0,16.57,15.22,55.6,23.92,85.65,46.44,40.1,25.25,58.15,39.474819234718815,125.30412741609723
71.39,159.76,36.09,98.36,82.01,105.1,103.16,64.08,42.57,38.3,18.43,27.7,16.05,13.93,52.61,22.72,78.01,37.55,35.9,26.62,54.75,35.87014112741212,100.85323434587212
85.88,156.74,41.2,109.39,102.3,122.05,106.58,70.49,41.57,32.97,19.9,27.8,15.77,11.4,51.7,21.88,72.79,41.24,39.62,31.26,54.29,33.94904161883477,124.2527238988531
80.12,158.59,38.25,94.38,85.58,110.35,105.48,69.14,49.41,45.27,24.57,27.93,15.86,13.54,51.24,22.16,77.39,39.55,39.04,26.02,58.2,36.250867139941725,120.77966690997539
65.39,168.76,35.7,89.54,79.15,101.2,105.89,57.75,37.31,36.26,20.62,25.44,15.36,16.19,55.04,23.59,81.5,43.39,39.73,24.57,53.46,38.93352964381897,90.8412707804473
57.83,163.94,35.69,88.57,71.44,91.65,100.65,55.71,35.85,33.9,18.98,25.22,14.06,13.51,55.04,24.33,80.65,41.0,40.64,22.71,55.15,36.116740925729154,89.64668734520211
83.12,161.58,43.39,115.35,102.08,108.72,110.79,63.45,41.03,38.94,22.67,29.64,16.06,12.98,55.1,24.29,78.85,43.0,34.75,31.91,56.96,37.51756672414757,181.8307863061617
60.54,158.91,36.26,94.39,81.15,94.91,100.24,55.63,36.49,33.28,20.18,26.23,15.77,13.77,51.66,22.28,78.47,41.34,39.12,25.69,57.73,35.771100501246394,119.12932356057559
66.91,167.74,36.91,93.11,76.92,96.73,103.53,60.34,39.54,36.07,21.05,25.25,15.62,15.19,53.56,24.17,82.1,42.82,38.54,24.92,57.12,38.124609194748466,112.62353007187909
63.01,165.44,37.01,90.38,77.38,95.17,106.07,55.58,38.9,36.93,18.76,28.13,15.6,14.85,55.23,23.74,80.56,39.58,37.43,23.45,55.22,38.13318637952607,91.35452113933627
93.26,183.1,40.05,109.91,98.5,113.44,111.59,63.27,41.95,37.6,21.52,26.51,15.78,14.6,61.17,26.8,88.47,46.82,42.39,28.4,57.6,39.17595211615749,115.95964035234891
75.02,159.76,37.22,99.63,88.65,110.14,105.14,67.03,41.43,38.23,20.74,27.91,15.36,13.38,54.53,24.2,77.55,40.13,34.4,27.54,55.75,36.17440286561048,130.9288861019836
83.96,170.18,42.68,118.66,101.87,99.95,114.64,53.13,36.84,38.9,20.88,28.03,16.2,14.99,58.8,24.63,79.68,50.09,39.79,32.92,54.14,39.555710953152655,143.41085825787502
118.37,166.92,40.78,121.27,113.67,136.54,117.1,83.11,53.02,46.34,24.98,31.55,17.27,14.1,53.85,23.08,76.31,42.74,38.31,34.11,57.18,37.17989169941386,116.56539051999255
85.67,167.97,40.35,109.71,100.07,112.82,111.13,69.32,41.56,37.99,21.71,28.91,16.08,14.92,56.1,24.29,80.03,42.02,40.2,29.27,56.97,38.30164726946087,118.13332239408828
62.79,160.67,38.43,93.76,82.06,95.94,102.73,58.95,38.35,33.15,19.17,27.55,15.77,14.71,52.53,23.72,81.77,38.73,38.61,24.97,56.68,37.270020859846866,118.52281571193441
53.21,151.05,35.47,86.76,73.35,92.11,99.38,54.72,36.45,32.06,18.18,23.96,14.17,14.05,47.91,20.74,68.62,38.67,33.54,22.84,55.11,35.680765184854415,82.12555026463048
49.62,152.44,35.69,83.04,66.94,88.71,95.22,54.59,33.34,32.1,18.89,24.23,14.71,13.31,49.16,21.16,71.2,38.02,33.77,22.07,52.69,34.77941595088387,87.97403745397668
184.3,170.91,48.52,147.55,151.0,177.32,135.66,98.78,58.72,45.05,25.19,34.0,19.27,13.04,55.03,24.23,74.15,44.57,39.61,40.83,59.7,37.796562711933255,91.72348887682642
80.04,164.97,38.78,102.6,94.19,108.07,111.9,68.33,43.96,37.24,19.98,26.5,15.18,15.33,54.74,23.83,81.94,40.66,37.92,28.34,58.94,38.85615553288891,119.89043446962387
63.17,168.16,36.58,83.28,76.35,93.88,100.51,59.32,41.12,34.1,20.85,27.18,15.28,14.28,56.4,25.87,84.36,43.85,40.61,22.38,54.91,37.06150435871971,103.51946860873727
87.11,160.73,39.22,105.27,94.47,113.16,109.78,74.32,47.78,40.48,21.42,31.52,16.68,13.34,54.78,23.4,79.31,38.46,35.4,29.4,56.96,36.4414476604698,128.65662907457465
71.04,165.91,37.43,91.67,80.88,101.98,106.49,64.44,44.61,37.88,19.99,28.08,15.3,15.02,55.27,24.87,83.02,43.83,38.71,24.04,59.4,38.52706826023619,133.97302647100116
68.56,156.4,41.65,101.95,91.11,103.47,105.47,59.45,35.88,36.17,20.34,26.8,15.18,13.97,51.16,22.67,77.7,41.49,36.75,28.35,53.02,37.20579896928217,157.06654503307777
108.4,184.76,41.54,117.58,97.62,120.89,119.95,73.06,46.06,44.34,24.46,30.87,17.88,16.37,62.04,28.6,90.57,45.66,43.1,32.13,59.58,41.4537870154043,119.7339919338607
123.61,165.28,47.89,134.07,118.24,133.04,124.39,83.29,52.86,48.37,25.54,32.15,18.49,14.44,54.33,23.58,76.47,41.24,38.36,37.98,61.35,39.43937941222321,153.9301481964227
64.32,165.64,35.86,89.46,76.29,93.46,99.34,56.31,41.9,36.4,21.58,26.78,15.69,14.84,52.97,24.83,80.22,41.56,39.79,25.13,56.75,36.54789228765892,85.02515984681781
172.51,170.02,52.68,158.3,148.54,151.13,139.44,84.45,61.2,51.94,26.53,36.41,20.89,16.36,55.84,25.72,73.49,43.19,36.44,45.48,59.44,41.69022697516519,99.74162256195041
65.91,158.25,36.96,95.53,85.44,103.71,101.32,60.68,35.86,36.11,19.89,26.61,14.74,13.5,50.06,23.02,75.15,38.33,36.41,25.42,54.66,35.51324932950279,104.14615768508952
53.82,163.36,35.46,85.21,72.8,88.11,98.62,52.47,36.24,32.12,19.89,23.12,14.38,16.04,54.58,24.66,80.83,45.22,39.33,22.7,54.68,38.09429673749483,107.82953215285255
53.28,156.03,37.74,80.39,74.73,89.55,100.67,54.2,38.29,32.32,19.47,23.75,14.41,14.57,49.37,21.88,70.77,38.22,34.19,20.55,54.9,37.13668656143059,70.57682131376157
89.03,151.31,41.68,121.17,105.04,119.47,112.04,75.5,43.25,36.71,19.74,26.28,15.04,13.21,51.48,22.65,71.42,35.99,32.6,33.47,56.8,36.222504309482375,137.8551993756032
82.82,162.27,42.62,106.28,93.71,109.0,115.14,68.7,46.35,38.81,20.68,27.88,16.14,15.83,51.18,23.78,81.51,40.1,36.81,27.8,59.21,40.49782396002363,150.1277279235145
60.15,158.95,37.05,86.08,76.56,95.61,100.74,60.03,41.58,36.75,19.19,25.36,14.47,14.16,51.17,22.81,78.19,39.33,35.32,22.28,57.66,36.882034535461315,118.98896824587212
61.83,156.42,38.21,88.66,82.23,95.68,103.24,58.29,38.2,34.8,19.29,26.35,15.09,14.49,51.0,23.28,72.9,42.65,33.38,24.16,55.46,37.334775222900795,118.52109816218285
51.06,151.03,36.83,88.23,73.61,88.27,100.02,51.5,34.31,33.91,18.35,23.39,14.21,13.62,48.6,22.54,72.62,35.64,33.61,23.97,53.31,35.74133349311679,86.5819455565877
51.09,153.89,35.71,83.65,73.41,88.3,96.61,54.48,35.0,31.98,18.23,22.77,14.03,14.02,49.73,22.37,73.53,38.9,33.84,21.82,53.47,35.72663257760458,92.54255367353755
86.74,159.04,38.41,102.7,93.21,112.2,109.73,71.54,47.65,41.69,23.51,29.63,17.53,13.34,52.61,24.05,72.13,40.28,34.84,29.05,57.67,36.32134637963042,100.92747931101633
64.59,163.61,38.05,93.45,80.09,97.65,99.39,60.16,38.17,35.58,21.17,25.7,15.2,11.9,52.73,23.28,81.19,39.11,37.32,24.7,55.23,34.93738220083322,124.33470720990306
54.14,158.89,33.71,88.46,75.49,93.05,98.62,52.67,33.34,30.0,18.4,24.02,14.13,14.86,49.92,23.0,75.11,42.74,34.98,23.49,54.94,36.450545061639716,98.95743035356554
68.58,166.63,37.37,88.58,78.85,102.29,103.29,65.08,40.28,37.83,22.27,26.86,15.58,14.79,53.8,24.64,81.57,43.55,37.31,24.11,54.27,37.90211359750702,126.13076552589212
67.29,164.66,37.93,94.38,78.1,101.74,103.22,64.4,40.7,35.73,20.77,27.06,15.4,14.12,55.92,24.77,84.0,40.43,38.81,24.45,59.37,37.442695516516494,140.4834729093635
97.25,162.55,45.35,123.85,116.54,120.1,124.04,61.41,36.52,37.3,19.82,29.53,17.61,15.28,51.17,22.8,67.71,44.76,35.0,31.67,55.24,40.72049733881061,117.12458491959302
58.82,157.97,36.2,87.33,75.44,95.31,101.6,57.13,39.51,35.03,21.16,25.54,14.76,14.59,50.3,22.83,75.33,41.27,37.19,22.83,54.21,36.96165033499181,99.40212274014675
56.02,170.29,35.77,78.34,72.07,90.94,100.12,53.31,36.78,34.4,20.13,23.9,13.71,15.35,57.49,25.48,82.84,41.11,39.5,19.56,56.47,38.29291250977537,75.3461825242257
58.57,159.78,36.93,85.49,78.1,91.64,96.27,57.08,38.7,35.44,20.1,25.31,15.4,12.25,51.42,23.45,79.02,43.28,36.43,23.13,55.72,34.80821966529123,136.68248294945306
64.73,163.73,36.31,89.97,79.58,97.37,102.9,59.58,41.88,37.46,21.68,26.87,15.36,15.15,53.41,23.63,79.12,38.82,38.0,23.53,53.44,37.45910833714942,80.52384563947948
62.43,160.73,38.54,92.34,79.45,95.78,100.81,58.48,38.95,36.08,21.28,25.51,15.56,13.48,52.94,23.03,79.06,38.61,36.5,24.25,57.01,36.46872724355059,122.13358662273049
65.9,157.79,36.44,92.56,78.24,98.46,99.69,64.3,42.94,37.51,21.35,25.59,15.71,13.06,52.44,23.92,75.9,40.1,33.93,24.45,56.03,35.534056496475266,121.23755461398366
61.24,157.38,36.52,87.07,76.94,94.11,98.82,60.47,40.69,38.24,22.73,25.18,14.86,14.71,51.64,24.04,74.46,40.94,36.57,23.02,55.68,36.61373504961847,101.57876427660881
67.45,163.95,36.81,98.74,85.76,99.99,106.95,58.13,39.19,36.68,20.72,26.4,15.27,16.53,53.16,24.33,78.3,41.13,36.45,26.15,57.53,39.245764247490264,106.03875361064729
49.75,156.56,35.21,80.92,68.35,86.85,94.83,53.12,35.61,30.71,19.63,23.29,14.38,14.08,51.03,22.18,75.3,40.33,37.93,21.29,55.95,35.506368998751796,87.20525912520407
55.92,156.14,36.66,90.57,76.8,89.65,102.81,53.83,36.25,33.81,18.39,24.58,14.54,14.09,49.05,22.84,73.78,39.26,37.52,21.94,57.36,36.79225748608509,88.98837377193883
97.96,172.94,42.57,113.73,96.24,113.48,117.37,72.39,46.65,42.52,22.18,30.98,17.05,14.17,56.74,24.18,83.73,44.58,42.43,32.08,57.36,38.78481365862313,125.24595403315823
87.77,168.35,38.01,99.2,88.9,111.89,109.8,69.07,48.75,44.69,25.1,31.82,17.44,14.37,54.65,23.26,84.67,43.41,37.08,27.12,55.66,38.08963371526588,145.82864656624963
61.1,154.44,37.81,91.97,79.43,95.6,104.5,57.01,37.61,34.54,19.18,25.69,14.61,14.09,51.19,22.51,72.54,39.89,34.22,26.16,55.72,36.7279679425162,103.62003894333714
69.94,163.31,37.31,92.94,80.98,96.82,103.13,62.23,44.18,38.84,22.69,28.15,16.82,14.11,54.4,24.68,81.44,41.11,35.22,25.55,55.9,37.10536078634846,125.65649319404372
67.23,156.91,37.16,99.83,88.02,99.79,106.96,61.6,40.57,36.85,20.54,25.51,14.82,15.08,51.05,23.04,74.23,41.14,33.89,27.42,53.2,37.72799207780878,112.71681271001853
55.24,153.76,34.94,86.32,75.93,89.79,98.98,55.92,35.44,34.97,19.64,25.24,14.53,14.08,49.97,22.07,72.42,42.52,34.3,22.59,55.16,35.95235178386405,110.33877208388088
79.18,164.35,39.45,105.31,91.23,107.49,109.42,63.14,42.4,41.63,21.88,27.83,15.44,14.73,57.37,25.46,78.8,39.07,38.26,28.71,52.51,37.89455121826172,94.90463162854832
61.64,159.06,35.96,91.22,78.37,98.51,100.01,60.15,39.97,33.79,21.3,25.55,15.72,13.96,51.85,23.24,76.08,42.73,38.7,24.46,54.36,35.99682871478357,108.16024995056893
51.13,158.84,33.96,77.86,72.55,89.28,95.02,51.82,36.61,33.47,19.09,22.95,14.4,13.92,52.69,22.3,75.2,40.35,33.29,20.48,54.03,35.66000502739781,86.72014127470624
59.05,150.7,37.44,88.37,75.95,93.61,103.71,61.57,41.17,37.03,20.66,26.44,15.8,14.22,47.84,22.39,68.66,41.06,32.64,24.03,55.98,36.921909132175855,113.18930831892226
55.78,157.86,35.13,84.38,74.35,89.55,101.27,53.25,35.67,34.0,20.06,25.73,15.62,14.08,48.81,22.39,70.56,44.62,33.5,22.49,55.73,36.64278160461028,98.45735123081931
58.4,160.67,34.76,80.56,75.45,91.75,100.52,57.41,39.6,37.19,19.57,25.5,14.29,15.22,53.06,23.18,79.49,45.35,35.89,21.8,54.52,37.57065072507674,121.63754185748758
56.16,165.68,34.64,82.62,70.24,92.34,96.97,56.42,36.86,32.55,20.39,24.57,15.43,14.06,54.5,25.26,80.81,40.29,38.29,22.51,57.87,36.13642996808289,87.62641808264652
133.85,159.5,49.22,132.0,132.56,143.58,132.51,83.91,54.63,46.83,24.41,33.54,18.83,14.84,55.69,24.49,70.54,44.15,35.22,37.38,58.27,40.77385521028485,145.45465917458841
66.09,160.32,37.9,88.96,79.21,97.79,107.2,61.07,41.75,36.43,21.38,26.19,15.6,15.72,51.39,23.27,75.85,42.42,35.01,25.49,55.61,38.82638107372424,106.45732956116183
55.59,150.72,34.99,94.33,77.0,95.28,101.83,55.56,37.12,34.15,18.4,23.57,12.92,13.45,48.57,20.43,71.95,38.96,31.96,25.12,54.49,35.64417864973419,117.40220347616179
51.99,156.39,33.06,81.23,69.89,87.51,94.12,54.27,36.27,33.84,19.1,24.81,14.06,12.61,53.23,24.21,77.46,41.6,36.36,22.28,53.37,33.95503327449883,97.43587851278534
70.13,164.9,36.75,90.74,76.73,103.23,106.49,66.38,42.68,36.85,20.63,24.34,14.28,14.7,54.94,25.26,83.66,37.98,38.77,24.2,59.75,38.04604141261234,102.72656484953615
70.6,155.62,35.06,103.33,94.51,106.26,103.15,66.47,38.21,35.01,18.18,26.21,14.59,13.23,54.5,24.3,78.69,41.38,38.23,28.45,54.84,34.86322133845414,128.6803407882319
57.26,177.13,33.46,83.43,68.9,93.37,97.36,52.78,36.1,34.06,19.95,23.01,14.94,15.22,61.66,28.91,86.77,43.8,40.94,21.93,53.28,37.688038270324014,71.4604964269775
47.25,158.3,34.08,77.52,72.77,84.99,95.85,50.26,34.62,30.52,18.12,22.51,13.55,14.49,51.86,23.41,73.72,45.39,33.89,19.87,53.2,36.49456812130963,98.47370897894916
92.5,162.35,43.58,115.62,97.97,119.88,116.25,73.87,44.11,40.99,20.98,30.46,16.44,13.66,55.89,24.73,80.76,39.0,37.35,31.54,59.56,38.48146229790165,161.14010223496336
60.84,157.57,34.4,89.38,83.38,100.7,96.56,59.43,36.71,34.18,21.1,25.63,14.79,13.28,51.95,22.79,75.67,40.81,36.38,23.75,56.63,34.69233602722881,114.29109733465623
92.43,167.55,39.58,105.64,99.81,117.36,116.15,75.46,46.46,39.11,22.49,28.52,16.62,15.05,56.43,25.17,79.38,44.54,38.08,28.23,60.27,39.4741060238679,127.93727214490832
63.9,159.28,36.54,87.82,78.0,97.48,97.47,61.72,41.72,35.65,19.52,24.47,14.84,13.77,49.19,22.23,73.75,44.65,33.23,23.31,53.65,35.85110409623865,123.7549728751327
93.67,154.81,42.51,116.35,108.34,123.8,115.65,73.43,45.36,40.55,22.84,28.96,16.79,12.76,50.83,23.17,71.14,39.34,34.13,31.94,56.1,36.93915863112508,141.87408159785753
47.89,153.84,34.29,77.84,68.58,87.38,90.64,51.59,34.69,32.33,18.74,22.83,14.36,13.1,46.61,21.3,69.06,38.07,32.69,20.67,53.88,33.8015642485104,68.79279266897646
50.42,149.85,35.01,84.29,73.17,88.3,92.57,54.63,37.85,33.54,18.6,23.94,14.15,12.72,49.96,23.22,72.89,40.91,34.97,22.38,53.56,33.82682035517623,113.63600387337323
68.57,158.87,36.47,100.45,83.54,102.92,103.21,60.07,43.82,36.88,20.74,24.23,14.07,13.71,49.63,23.27,75.97,40.27,34.06,26.26,55.88,36.39915761060019,121.60640209102701
58.57,165.01,36.02,84.67,71.93,98.71,101.81,58.51,36.2,32.61,19.39,23.05,14.72,14.68,55.75,23.9,83.38,41.52,39.46,21.71,53.16,37.745817044932146,107.57471290309081
59.62,155.53,37.36,87.52,80.26,95.78,101.55,55.93,37.25,34.77,20.25,26.1,15.66,13.4,50.02,24.08,73.37,40.0,34.26,23.56,55.11,36.145555484569016,106.21756090073552
53.03,155.42,35.24,86.19,69.57,90.88,99.11,52.21,36.29,33.08,19.47,24.32,14.15,14.51,50.52,22.99,74.05,37.84,34.7,21.19,54.85,36.59643559785919,84.8067153796323
54.82,149.11,38.62,91.03,80.16,92.93,98.06,53.12,34.43,33.56,18.76,24.26,14.97,12.67,47.88,21.63,66.45,38.03,29.12,24.8,57.3,35.033283173473336,119.42954315700592
59.01,166.89,37.75,83.73,74.98,93.63,104.78,53.96,36.82,34.7,19.36,26.46,14.75,14.85,55.56,24.71,80.39,42.78,38.71,21.97,55.22,38.509889792738136,96.72489503055567
59.46,159.07,36.14,83.58,77.48,96.47,97.29,57.61,40.06,35.42,20.42,25.21,14.7,13.31,51.93,23.31,76.06,42.06,34.3,22.29,58.2,35.73398798676104,125.29653392056514
65.23,159.83,35.27,93.46,90.09,100.75,103.7,58.44,39.63,36.71,20.25,25.32,15.06,14.6,52.76,24.3,75.95,47.36,33.35,24.31,57.82,37.67333831211486,153.00088482372348
65.87,150.11,38.85,97.74,90.93,98.81,104.17,58.8,41.9,38.54,21.25,26.7,15.29,14.12,50.09,22.88,66.26,42.86,30.99,26.4,55.58,36.803171117270026,129.97429147094113
57.88,145.83,37.37,95.25,82.92,94.44,99.98,56.61,38.31,34.56,18.81,23.83,15.07,13.29,49.11,22.08,68.13,38.42,32.11,26.54,57.59,35.106606194324804,119.53676548096325
62.91,156.27,37.86,94.11,88.22,93.48,103.66,57.75,38.96,37.09,20.59,26.03,15.14,14.08,51.04,23.12,71.45,43.71,31.91,25.82,55.45,36.995217233378945,127.18866691434971
46.12,158.58,34.82,79.01,70.48,81.6,93.99,47.19,33.38,31.01,18.84,22.14,14.05,13.29,52.61,22.2,79.1,36.92,32.27,19.98,53.69,35.45272986421589,93.15747187955924
54.02,143.96,36.71,93.3,83.81,93.39,97.25,53.89,35.35,32.09,18.21,25.5,14.41,13.97,48.39,22.1,67.02,38.8,29.47,26.48,56.06,35.02374482545081,125.41885806867697
63.16,170.18,33.35,87.13,79.23,100.29,99.16,59.76,38.78,33.96,19.51,24.17,14.74,13.88,57.02,25.91,85.91,43.46,39.34,23.33,54.67,36.2577095303902,106.84132920811703
55.93,161.04,32.99,82.02,72.79,93.26,94.86,57.01,38.39,34.69,19.74,22.42,13.79,13.5,52.63,23.89,76.37,39.12,33.06,22.42,56.32,35.014321109453114,84.58578216359746
61.57,149.64,38.88,99.78,88.15,96.45,104.1,56.86,38.07,33.77,18.5,26.09,15.78,14.59,48.35,21.6,67.91,37.99,31.21,26.42,57.13,36.94450843072545,114.11240724458855
121.64,164.65,46.1,132.58,128.76,138.55,123.75,72.94,49.17,41.99,23.31,29.73,19.14,14.28,52.69,21.08,67.17,42.21,37.23,34.37,55.47,38.814943217857895,94.58176368282193
52.88,163.66,33.02,80.25,71.66,87.73,96.52,51.72,37.44,33.62,19.23,22.2,14.2,15.2,51.75,23.69,81.99,45.47,37.1,20.76,54.29,37.148444056857784,112.20140355449394
70.68,176.55,35.87,87.21,77.82,99.08,100.93,60.53,39.96,35.88,21.17,27.31,15.58,14.77,55.13,24.31,85.42,48.72,39.9,23.51,53.99,37.608642615466465,116.23409517414854
68.69,160.04,38.73,102.97,86.6,102.16,103.49,59.69,39.24,33.81,19.94,25.5,15.3,13.41,52.27,23.41,75.21,41.95,35.08,27.49,56.8,36.41732881168386,132.12619206854458
44.89,151.63,32.09,82.11,73.12,84.87,91.74,46.33,30.98,28.25,17.8,22.86,14.05,13.35,52.09,24.03,72.34,39.67,33.43,21.41,53.11,33.95837440139377,77.26677024408372
51.72,153.72,34.99,83.18,73.15,89.57,97.59,53.2,38.09,35.01,19.6,24.62,15.39,12.8,47.02,21.02,71.44,38.74,32.11,20.28,55.64,35.21198111706101,102.18820406927227
62.5,162.46,36.9,85.77,79.78,98.45,98.11,56.23,39.38,36.7,19.62,24.32,14.44,13.79,52.08,24.53,73.74,42.84,34.8,22.6,56.98,36.235739413942156,102.57441279396494
69.79,151.59,41.02,98.04,94.71,102.46,109.46,57.22,41.58,35.94,19.33,26.99,16.1,14.39,49.61,22.75,68.12,39.51,32.47,27.56,56.18,37.70898795996811,106.93435213049065
60.49,147.51,39.61,95.11,85.3,98.39,102.57,56.88,38.58,35.85,20.14,24.69,15.17,13.75,47.4,21.27,68.91,37.83,31.82,25.86,54.48,36.304239235202196,126.1655716079814
67.69,150.51,42.5,106.19,91.26,100.16,110.17,56.99,39.69,37.95,20.59,27.49,16.33,14.07,51.5,23.82,71.14,37.5,33.28,27.69,55.63,38.167206714799796,135.81593238684593
80.88,157.16,39.85,107.97,96.15,110.38,109.76,67.4,41.64,39.2,21.24,28.37,16.21,13.32,50.96,22.15,75.63,39.98,33.42,28.79,56.39,36.916600638077085,148.571706448918
54.16,153.22,34.62,84.86,74.26,92.55,96.69,54.11,39.43,34.32,19.11,24.34,14.65,13.28,49.64,23.48,74.2,36.65,34.13,21.78,56.4,34.97082158108401,90.30058342274589
80.61,167.63,38.58,110.34,97.42,109.73,109.41,60.34,39.51,37.52,19.97,27.28,16.09,15.01,56.92,25.29,81.62,41.9,37.21,30.54,51.69,38.06157178642098,113.39041022461839
174.21,164.65,52.26,142.79,138.45,156.18,137.09,94.69,60.71,57.14,28.83,34.43,19.71,14.59,58.83,25.46,71.31,39.96,36.13,40.25,58.26,40.199796214715484,86.46280697161046
57.12,156.28,34.35,84.35,76.03,96.08,96.1,58.32,40.52,35.42,21.57,22.38,14.55,13.5,50.1,22.94,72.28,39.62,31.37,23.35,54.12,35.198227986059464,96.7629777461778
62.16,161.66,37.84,86.41,79.96,94.54,104.2,56.83,40.85,37.7,20.44,25.28,15.46,13.52,52.01,23.36,76.86,42.04,35.4,21.09,54.57,37.449403440525884,112.23884447549335
76.71,160.41,40.83,98.09,90.46,109.03,109.17,67.41,42.34,39.22,20.85,28.58,15.5,13.56,53.43,24.59,78.47,40.85,35.48,25.08,53.15,37.80856021834246,140.23315552674546
43.01,160.88,32.86,81.82,61.46,81.15,93.04,42.56,31.41,28.26,19.77,19.1,12.96,12.75,50.5,23.23,79.75,40.81,32.39,21.13,53.4,35.17160277039409,105.25883275033453
70.06,159.51,40.44,99.7,90.45,100.15,105.74,61.98,40.27,38.99,20.89,26.7,15.13,13.21,51.26,24.42,76.43,45.25,35.8,26.06,55.95,37.201721557440855,162.40197629468378
77.52,168.46,36.25,94.59,84.29,106.6,102.57,68.52,42.97,33.16,19.37,25.62,14.62,14.27,58.17,26.68,84.8,41.7,42.43,25.84,60.7,36.40400888038724,95.97811670069427
45.58,152.03,32.83,76.89,72.87,86.51,93.44,50.45,34.86,30.38,19.17,23.78,14.21,14.25,48.87,21.4,69.42,39.73,30.32,19.36,53.29,35.29290556430038,81.39689710691664
129.25,161.36,48.8,140.66,122.77,137.06,132.24,80.23,49.31,46.5,23.82,31.82,18.37,15.88,50.71,22.17,69.16,42.83,33.28,39.68,56.48,41.406194751642616,138.11041838688004
68.85,163.1,39.28,93.85,83.24,104.76,106.31,63.98,40.19,36.0,19.52,25.13,15.01,13.91,51.95,23.68,78.17,40.03,34.63,25.19,56.48,37.753568750246416,125.37629759870913
53.17,158.54,35.83,80.89,73.81,88.85,95.06,55.14,36.21,34.27,19.16,24.48,14.44,13.21,50.98,24.21,72.08,39.06,33.66,20.85,54.64,35.07586404353943,76.12497557931641
53.84,159.02,36.32,79.86,74.38,91.03,99.07,55.41,37.99,35.41,19.59,24.17,14.4,13.77,52.71,24.53,75.5,42.13,33.94,19.81,55.86,36.891278990264354,113.23947984808171
85.39,170.31,37.18,97.96,89.71,112.04,110.42,70.38,48.14,41.35,22.88,30.28,17.0,14.24,57.84,25.75,81.62,44.65,35.32,26.51,55.86,38.271692709660456,125.67250402098671
67.65,155.98,39.1,101.13,94.88,99.87,102.59,57.58,38.09,35.96,20.66,26.03,16.04,11.8,52.81,24.16,72.49,43.21,33.53,28.42,54.04,34.89076703843316,138.8955035244793
58.13,149.06,37.19,93.61,84.41,97.52,101.41,57.36,40.42,33.91,18.22,24.31,13.6,13.14,51.45,24.01,75.45,35.97,31.84,24.96,51.07,35.57038062618115,118.88784467926212
59.87,169.96,35.72,85.3,73.85,92.64,99.44,58.47,38.98,33.08,20.01,25.53,14.54,14.51,56.37,26.19,82.37,46.16,37.92,21.96,57.25,37.55147511964131,118.89798166284254
74.28,169.17,39.71,95.7,85.29,105.67,107.17,62.75,43.21,35.61,20.22,27.04,15.22,14.99,57.46,25.79,86.38,41.79,37.7,25.0,57.58,39.11241480929971,140.2832911192653
54.1,163.43,36.31,86.95,71.59,90.92,96.76,53.02,35.82,33.24,19.16,24.11,14.0,13.65,51.67,24.18,79.7,40.31,32.94,23.12,55.48,36.32308577690968,121.9933262805099
64.06,155.01,36.29,95.63,84.76,101.42,98.07,63.26,38.94,35.77,20.44,25.83,15.24,12.72,49.48,23.18,73.07,36.36,36.87,25.6,55.22,34.01622367145034,90.83936947045868
80.89,161.83,39.72,92.1,86.15,109.61,112.97,72.15,45.89,39.7,22.62,29.04,16.78,13.98,54.83,24.79,75.37,41.69,38.05,25.35,54.66,38.16135543484542,92.92239143235844
75.42,165.12,38.35,89.76,80.62,104.5,111.56,67.54,45.42,39.07,22.57,27.38,16.45,14.92,57.64,25.68,80.21,42.98,37.01,23.32,62.15,39.688611410502936,125.73281257587269
61.17,166.96,37.59,93.87,76.53,94.71,99.63,56.72,35.31,30.06,17.8,24.03,15.07,14.88,58.3,25.18,83.25,39.89,39.97,26.31,58.4,37.0430775161559,98.63531983177171
74.27,164.98,39.47,104.03,83.02,103.65,106.63,60.28,42.36,39.74,21.52,27.24,16.86,14.57,52.65,24.14,75.83,42.36,34.14,27.94,56.09,38.14874621260553,126.99570057344829
68.94,155.17,39.52,107.25,91.17,99.36,109.37,64.88,36.76,34.24,17.94,25.23,14.58,14.84,52.26,22.97,73.24,39.0,35.74,29.09,57.05,37.72223757760504,112.59531754547407
66.21,163.12,37.54,90.79,72.67,98.77,101.03,61.01,42.94,37.39,21.31,24.49,14.76,13.13,51.1,24.49,78.6,42.75,34.24,25.13,65.42,36.69126955426128,153.1210462242567
83.79,165.83,39.96,100.29,88.8,107.48,107.09,68.79,42.92,41.73,22.53,28.5,15.85,13.89,53.26,25.49,77.02,39.82,38.65,28.72,58.3,36.73266380790023,91.78918851098103
53.22,156.78,35.07,86.96,73.76,91.37,100.01,54.35,33.64,32.88,18.38,23.53,14.13,14.35,50.73,23.38,74.46,39.69,37.85,22.47,52.92,36.2137750964958,75.82544241920169
118.21,160.3,42.25,117.06,109.14,132.12,116.93,86.86,57.33,46.71,25.76,30.5,17.06,14.84,54.61,24.72,76.79,36.23,40.83,32.98,56.84,37.337305760495596,78.44224122699421
48.6,164.72,33.42,76.88,64.47,83.86,93.31,51.08,33.63,31.84,20.85,23.16,14.08,13.82,52.86,24.21,80.75,43.71,37.28,19.73,56.4,35.87251099642609,103.49542455863917
107.79,170.02,43.85,121.58,107.61,117.08,119.2,77.73,48.24,42.41,24.8,31.93,17.81,12.8,56.79,25.29,82.65,38.65,41.2,34.47,62.48,37.4782360557391,115.38867695231829
78.31,173.96,41.33,92.66,82.66,105.98,107.11,70.19,42.99,34.82,20.69,26.86,15.92,15.29,53.81,25.68,81.1,47.75,39.21,23.35,57.27,39.6831160996673,130.74280270832992
90.25,156.34,43.4,120.87,106.07,107.44,117.61,66.26,42.95,38.71,21.26,28.64,17.57,13.99,53.64,26.21,72.2,39.67,36.28,33.43,62.22,38.31332754978326,121.33516362887542
56.17,157.28,35.64,84.65,76.03,93.63,103.98,55.75,36.27,31.39,19.93,25.33,14.93,14.32,55.42,24.22,77.83,38.82,36.45,21.48,55.76,37.3738702312131,91.93638784559909
76.76,155.83,44.17,115.6,99.81,105.38,110.5,58.2,36.61,35.04,20.67,26.55,15.96,12.9,49.61,22.75,68.01,42.7,35.71,32.19,56.33,36.84382949127674,135.86923050194798
141.05,168.22,46.46,145.74,140.67,146.49,130.31,82.53,49.41,45.15,23.24,32.51,18.17,15.66,58.01,28.23,72.16,44.99,38.11,41.3,57.91,39.99377850145098,104.98639403716192
78.36,156.67,40.57,106.71,102.43,106.59,110.26,63.78,39.85,36.53,21.62,27.9,16.18,12.75,52.72,24.26,71.46,39.27,36.89,29.54,57.84,36.12582593000412,102.92177868351598
79.86,167.12,38.43,91.45,83.4,111.36,108.51,72.22,45.81,36.07,20.42,28.72,16.3,14.1,55.76,26.03,81.67,40.52,41.66,25.16,58.61,37.43656001276891,91.02296215827937
63.7,151.56,37.78,93.35,85.37,102.11,105.67,64.11,38.17,33.65,18.38,25.03,14.56,14.7,55.37,24.71,75.76,36.4,35.88,25.17,53.17,37.15291945015933,98.61733028490954
85.39,169.17,42.29,100.53,87.53,104.37,110.98,70.67,45.79,42.86,22.46,30.57,17.35,14.05,56.42,25.12,81.22,42.33,38.76,27.26,66.7,38.751737531012765,144.42412632501487
180.32,170.14,50.34,145.1,143.27,164.68,133.41,105.5,58.72,50.26,26.61,35.81,18.89,13.65,56.39,25.94,58.45,44.99,35.59,40.17,63.67,37.97501138385479,42.60044330133837
58.02,163.19,34.55,89.56,71.81,91.43,97.74,55.87,36.34,36.91,19.44,24.63,14.5,12.52,54.07,23.23,80.28,42.61,40.19,23.12,54.25,34.775547914536645,105.32176019396007
77.4,159.88,38.93,96.38,91.06,110.41,108.28,69.02,46.47,36.41,20.74,26.51,15.05,13.03,54.37,24.12,77.97,40.17,36.41,26.22,58.5,36.741800666597406,124.64618701379163
77.22,176.98,38.05,88.35,80.91,102.72,105.86,63.74,45.43,37.7,21.3,29.16,16.51,16.28,60.53,29.31,84.64,46.34,38.82,23.31,57.98,39.954804344103316,101.0414953103259
89.77,157.63,39.24,103.14,95.95,115.56,111.79,83.6,50.13,40.89,20.91,27.74,15.66,13.22,54.36,24.5,80.03,40.86,41.42,27.8,57.45,36.49661971015995,127.65449559872627
67.36,163.67,35.96,94.56,86.33,99.13,103.17,58.53,39.89,36.59,21.5,27.96,15.86,15.2,52.77,22.94,79.22,41.52,37.82,27.0,57.75,37.121036722966515,106.3931034072142
60.79,155.13,35.41,84.4,81.25,95.85,99.13,63.9,41.01,36.3,20.72,24.91,14.59,12.87,51.88,24.11,73.08,42.19,33.5,22.19,56.51,35.30835106123788,117.16938381002552
93.35,160.08,36.16,97.75,90.46,117.14,109.86,82.16,52.92,42.59,25.38,26.72,16.18,14.85,54.76,24.73,72.37,40.25,36.76,26.76,58.04,37.11995743771263,68.94651996826167
169.71,171.82,41.84,142.42,147.69,154.16,127.18,97.82,59.05,48.29,28.54,34.93,20.71,15.36,59.71,28.59,80.36,48.56,43.82,41.99,61.1,37.46240295127734,85.675415091005
53.33,163.42,33.33,76.42,66.74,87.68,92.98,53.17,38.7,33.93,21.1,24.98,14.8,15.21,55.63,26.71,82.11,41.75,35.41,20.35,58.54,36.73854584817236,104.7377965038595
54.07,157.49,35.99,77.74,71.24,90.56,98.63,56.22,37.45,35.54,20.18,22.98,14.05,14.89,54.28,26.12,81.61,38.81,36.8,20.18,56.66,37.44795274769359,108.94762863610589
84.63,165.23,37.84,98.68,86.46,111.68,111.58,74.86,44.12,37.98,22.83,26.2,15.86,13.91,58.3,26.84,83.09,40.35,40.93,27.77,58.4,37.60693414663817,102.20889868997665
52.21,158.91,33.32,82.91,67.9,88.56,97.59,55.6,33.67,32.41,17.69,23.24,13.93,13.79,52.4,23.22,78.35,41.89,38.71,22.18,53.61,35.41250467167778,86.78670151092672
71.55,151.67,36.39,96.81,87.85,106.37,103.76,66.94,43.72,38.27,20.33,26.67,15.19,12.25,52.94,23.17,74.77,36.71,36.73,26.49,55.13,34.34623512081846,103.23963663796195
116.89,162.99,38.04,115.49,110.97,140.4,111.22,88.11,56.78,41.54,25.34,29.63,17.34,13.43,55.87,24.45,76.79,39.86,40.32,33.02,57.72,35.03129251608287,90.39716866465864
73.8,162.32,40.96,98.44,93.29,99.24,109.98,59.46,39.6,37.07,21.01,28.46,17.36,15.65,49.63,22.9,72.46,41.52,35.65,25.59,55.84,39.170755061683735,93.70659631289413
99.97,157.57,44.42,111.69,101.12,119.21,120.47,80.0,50.8,43.16,24.5,32.67,18.24,15.18,55.35,25.47,70.49,37.7,35.55,29.99,57.5,39.704428831283586,97.46337541610319
78.95,164.06,41.3,97.96,88.82,106.52,111.63,67.16,43.19,36.68,20.92,27.67,16.86,14.19,57.17,26.5,79.0,41.92,36.81,26.83,61.14,38.883840680928714,129.88800936589996
102.61,167.24,41.7,120.82,113.35,131.06,117.62,73.77,42.32,38.25,22.03,28.13,15.7,15.72,58.93,26.97,81.68,38.13,43.2,32.91,61.11,39.13894408840076,105.07894065303611
85.23,162.92,42.22,115.46,96.5,110.75,115.66,68.37,42.5,35.62,21.27,28.37,15.83,14.13,56.99,25.39,76.34,44.78,37.14,32.22,56.19,38.72135148701076,141.47778129922108
80.95,165.63,40.36,110.54,95.19,106.95,111.63,63.99,41.91,34.02,20.51,27.84,16.03,15.01,56.38,25.89,80.48,42.38,37.86,31.94,52.31,38.366860050230635,111.03813777162861
69.63,161.99,36.96,95.55,85.17,102.42,106.18,63.62,39.2,36.42,19.55,24.07,14.6,13.48,56.78,25.93,77.83,38.9,37.93,25.97,59.21,36.64564745393779,91.67259263214538
93.53,151.59,42.51,116.09,107.25,125.35,116.46,77.18,43.13,34.85,19.68,26.27,15.32,13.86,51.31,24.03,70.86,40.0,39.12,30.61,56.5,37.443906442206874,121.17568454169282
64.34,170.42,35.2,90.89,74.38,95.16,101.92,58.09,38.64,35.38,19.58,25.07,15.22,13.7,56.29,24.74,81.76,45.33,38.08,25.11,58.99,36.79906216468911,113.58387689653637
79.16,148.95,40.5,97.8,90.09,113.04,100.57,75.12,47.49,40.92,24.31,26.66,14.75,11.78,54.09,24.29,69.95,35.67,35.65,27.33,61.23,33.91321729213015,126.27422774312254
91.55,181.57,42.8,101.87,94.03,112.27,111.24,70.5,44.57,35.58,22.44,27.12,16.67,12.94,63.48,28.91,90.04,45.8,45.5,27.2,57.83,38.337688869077546,118.07345908287573
58.4,155.49,35.73,83.51,78.23,96.71,99.0,56.42,38.04,32.29,20.43,25.32,15.27,13.46,51.86,23.74,75.89,39.9,34.4,21.7,55.69,35.849976937341225,109.55649839734212
71.11,162.57,41.08,95.81,82.74,101.01,111.81,64.61,41.96,36.87,20.6,27.23,16.62,13.16,53.64,24.97,81.4,35.95,36.35,25.5,58.06,38.22463250401491,116.29149372636255
71.3,168.74,40.78,88.51,76.03,100.98,108.99,63.76,41.2,39.6,22.9,27.19,15.7,14.65,57.2,24.1,84.34,41.19,39.16,23.85,61.78,39.535609267009065,137.1858751825854
86.88,166.3,39.75,106.99,93.0,112.3,114.18,73.65,43.94,36.21,19.65,27.65,16.79,13.91,56.22,27.0,79.96,39.89,40.15,29.75,63.93,37.967363108603564,104.44044322417949
96.73,165.3,41.86,113.16,111.28,120.56,113.39,73.09,45.8,39.12,20.0,30.78,16.77,13.09,58.19,26.17,78.63,40.77,39.47,31.87,59.64,36.69289957043772,117.3227065191831
57.36,156.72,35.34,90.11,74.36,91.92,98.54,56.89,36.33,33.33,18.6,24.54,14.24,12.18,51.07,22.19,71.06,41.85,36.1,24.72,59.05,34.21431905517619,96.7767632252577
57.2,159.75,36.98,89.96,68.78,93.54,101.79,55.48,34.82,34.57,19.29,23.34,13.72,13.98,50.82,22.55,73.26,40.34,32.08,24.39,55.05,36.98951839956335,104.48119582552653
57.44,166.3,36.31,86.83,70.78,92.29,99.69,52.61,34.78,33.48,20.11,23.53,14.23,14.07,51.84,22.38,78.51,41.69,39.03,24.37,55.27,36.4361438309396,84.0116509742287
58.64,150.22,37.89,84.15,75.02,99.38,100.33,63.5,41.99,34.32,19.11,23.47,15.15,13.3,51.16,23.12,70.11,39.6,32.41,22.35,55.76,36.083191505636634,117.33865200653759
55.86,150.71,35.29,86.96,78.23,93.34,93.19,57.09,37.89,37.64,20.52,24.41,14.77,11.83,49.91,22.39,68.9,38.82,31.81,23.36,55.15,33.15168005946937,107.88427775898106
107.68,159.0,44.14,111.64,104.95,123.26,119.15,86.7,53.95,44.49,24.55,32.76,18.32,13.36,55.45,24.39,76.14,39.82,38.55,31.11,58.93,37.81658556289657,127.2195613891372
68.04,171.5,36.64,89.9,80.66,98.69,103.79,62.21,41.5,34.2,21.72,26.0,15.58,15.72,60.25,27.52,82.8,43.53,40.2,24.96,56.28,38.523694350558245,85.61631413441438
72.34,165.71,38.57,94.2,82.86,103.16,105.8,66.02,42.07,37.12,21.28,27.17,15.51,14.44,58.04,25.86,79.58,38.3,37.26,26.0,57.71,37.598488589228296,92.60893967639993
65.98,160.52,36.31,85.05,79.63,102.26,100.23,63.75,43.09,37.62,21.37,23.89,14.51,14.33,50.06,22.5,78.06,40.7,34.02,22.33,55.66,36.89074453535493,121.28224541136524
77.11,169.89,38.01,93.7,78.92,105.68,107.96,67.32,41.44,37.98,22.74,27.22,15.96,14.55,55.2,23.25,77.66,44.6,37.36,25.88,56.58,38.18487777778591,103.32200902556895
68.55,161.63,37.57,94.19,89.12,101.61,99.65,60.15,39.82,36.12,20.77,26.15,15.12,12.49,51.65,23.53,75.03,40.53,39.44,25.46,56.13,34.50197801957738,91.14634461338011
87.52,172.5,37.98,101.89,91.64,113.01,110.37,67.12,45.05,41.3,23.41,28.65,16.47,12.79,57.46,26.06,85.06,44.72,39.52,26.64,60.36,37.42496295808195,140.70042456578562
88.19,161.31,42.15,117.22,98.34,112.63,111.21,70.99,47.66,39.55,22.74,28.2,17.02,13.1,51.39,22.89,72.89,41.6,37.49,32.96,59.14,36.65936119008672,131.25992470040012
98.74,174.62,40.74,114.48,104.9,114.68,112.34,71.26,48.39,42.13,24.12,29.64,16.73,13.66,58.6,25.6,82.68,43.95,37.62,32.51,55.59,37.57016046822712,120.06418163410558
51.91,162.62,35.66,81.0,66.88,90.35,99.83,53.39,36.14,31.25,19.2,23.9,13.91,14.59,54.88,25.3,77.16,42.77,35.07,21.49,53.68,37.495943531875284,94.09897148159763
80.3,170.03,38.52,98.8,87.94,105.48,109.52,69.37,44.82,37.47,20.45,25.26,15.17,15.51,56.76,26.1,81.48,41.81,37.93,26.27,68.58,39.39080243515861,119.92215996895641
126.3,172.2,48.08,131.6,121.44,134.79,132.84,79.12,47.26,40.52,22.36,32.2,18.37,15.7,54.67,23.4,76.97,42.29,41.0,34.81,60.17,41.87981319951926,102.4308295836289
82.37,173.24,37.1,94.57,86.05,111.48,107.53,68.6,44.56,39.8,22.71,25.5,15.07,15.67,58.65,25.97,85.31,41.06,41.89,25.69,61.15,38.756821733379255,93.83201309544859
70.76,152.17,39.65,98.89,86.78,104.88,108.14,68.34,46.14,39.41,21.46,26.21,15.57,14.75,48.61,21.49,68.77,37.38,31.45,26.28,55.52,37.84326665333463,112.83611989938726
60.58,160.92,36.01,89.26,77.23,96.33,104.03,59.19,36.15,35.02,19.22,25.31,13.79,13.76,57.03,24.65,82.36,39.41,38.42,23.28,56.02,36.91105385852906,111.40610896026715
62.33,165.82,35.06,82.04,76.06,99.25,97.78,60.7,40.37,36.27,20.93,24.94,14.8,14.2,53.85,24.15,79.91,41.88,36.9,21.62,52.82,36.347905736478054,94.98738080879684
94.04,181.63,42.71,98.08,87.31,111.38,116.63,72.84,45.89,41.74,25.52,28.33,17.37,15.56,63.88,29.32,89.57,42.16,45.12,26.11,65.76,41.38925863323298,103.47126662364343
74.7,172.69,36.7,87.2,79.29,103.89,106.06,63.48,45.63,36.63,22.73,27.44,16.61,14.71,61.15,28.46,85.39,41.62,41.47,24.08,65.2,38.363433131037475,94.36253780183586
69.66,155.85,37.52,91.71,85.7,104.93,105.86,66.03,42.5,39.29,22.11,26.19,15.31,14.48,50.08,21.68,72.0,39.19,35.75,24.76,59.37,37.139924625617105,106.32715840853052
58.63,160.38,35.69,83.63,76.75,93.72,98.82,57.32,36.06,33.76,19.42,25.18,15.76,12.58,57.37,27.09,79.85,38.63,37.64,22.79,60.36,35.25088846564865,98.12677984378581
54.71,164.9,32.69,82.53,71.17,92.64,96.21,55.02,33.58,30.46,19.7,23.92,14.27,14.7,54.4,24.93,81.61,42.23,39.64,22.3,59.55,36.16123558347765,92.79582982424489
64.87,171.26,35.84,85.15,75.17,97.09,97.87,60.41,40.57,37.37,20.23,25.05,15.26,13.77,55.81,25.51,79.97,47.31,37.46,24.36,55.64,36.32792514368223,112.27214486681243
90.69,157.07,41.57,109.4,97.25,114.03,114.97,75.73,47.84,41.18,23.11,30.82,18.15,13.3,53.29,25.31,73.3,38.41,36.34,29.86,57.07,37.31521535195195,110.88494058497776
90.16,163.79,37.8,101.42,88.58,116.96,107.79,81.0,48.98,42.55,22.56,26.18,15.99,12.96,54.46,24.23,78.37,39.12,39.07,27.18,56.62,35.85973211840613,98.09073448167828
59.76,157.67,37.36,89.48,80.35,93.87,99.55,59.85,36.94,32.88,19.58,24.48,14.74,12.94,52.2,22.98,77.79,42.69,41.72,23.56,56.67,35.255613993651835,115.23410271686811
60.01,155.56,34.98,82.78,82.83,100.62,99.38,59.43,40.11,34.87,22.16,24.6,15.39,14.84,52.79,24.42,72.46,38.54,36.7,21.44,56.18,36.45674399817009,73.94590127918048
92.14,157.41,44.25,112.1,98.24,117.82,117.0,74.08,43.69,40.77,24.16,31.09,17.17,15.43,54.37,24.89,71.98,37.23,40.04,30.73,63.69,39.306332184396865,109.96849227386406
62.96,161.5,36.63,86.29,78.96,95.53,100.71,59.94,41.15,33.05,20.07,24.89,15.47,14.28,52.66,24.45,78.48,38.64,37.98,22.54,58.95,36.64932974699724,85.3308665058488
89.77,157.69,40.57,109.84,102.04,118.66,108.3,72.62,47.63,39.89,25.11,29.25,16.08,12.34,52.04,22.83,70.29,40.82,36.61,31.09,53.72,35.05557464938632,111.26504366383864
64.45,165.26,36.55,90.86,83.4,97.34,103.85,57.38,37.45,34.34,20.9,27.21,15.51,14.53,54.52,24.65,77.45,44.91,36.78,23.94,55.36,37.59646302863222,109.59096160751398
73.8,176.22,39.18,90.55,84.5,104.01,106.54,61.82,37.3,34.43,19.71,25.95,14.84,16.04,57.75,24.4,86.54,44.82,41.44,22.54,54.85,39.82796692029273,108.2117451342794
80.03,163.59,40.15,100.1,89.47,111.04,112.96,65.09,41.64,39.3,21.47,28.04,16.28,15.72,53.11,24.81,80.29,40.82,39.35,27.34,58.91,39.625098306297986,121.58761367379611
66.58,161.73,47.84,98.7,87.52,91.48,112.88,49.39,33.93,33.1,19.38,25.99,15.77,14.99,55.1,25.02,74.66,43.42,35.31,27.47,64.32,41.069666902551255,153.7062171125947
69.35,166.45,37.55,89.34,78.39,100.6,104.32,65.23,40.5,37.74,21.09,28.71,16.36,14.76,55.43,25.96,82.8,40.25,39.0,24.55,63.63,37.88544317839267,120.99876615686344
105.1,162.45,38.48,117.65,106.99,125.19,110.45,74.29,47.8,46.09,25.93,31.74,17.22,14.5,52.88,24.47,68.56,42.98,37.49,32.01,56.75,36.23164183179923,86.02330984992454
68.37,171.2,37.97,91.84,79.53,101.8,106.93,58.62,39.6,33.98,20.4,25.45,15.05,15.11,54.4,24.18,83.4,42.68,36.91,24.44,62.93,39.286460854570905,129.85290474132796
101.26,168.59,43.9,121.09,110.35,122.76,110.05,69.37,42.83,39.98,22.17,26.98,16.6,11.79,55.79,24.77,76.49,41.9,41.57,32.41,55.9,35.47694701007182,112.35947004495381
111.19,151.07,46.01,123.59,117.75,129.03,121.44,81.9,51.53,43.77,26.23,32.77,19.53,14.88,51.71,24.69,67.59,36.58,38.41,35.28,60.61,38.36292745018068,106.57773777268937
121.86,165.41,41.39,133.67,118.78,140.7,123.28,86.35,49.31,38.62,22.49,33.65,17.51,13.61,58.2,25.26,78.06,42.01,40.12,37.94,57.45,37.194304865062755,118.69652140941923
99.34,155.11,41.59,118.06,103.85,125.74,118.02,78.81,45.82,43.0,22.54,29.74,16.63,14.3,51.89,23.52,68.72,37.72,34.52,32.38,55.04,37.76602610268852,102.59065280701475
62.11,171.44,33.62,83.63,74.62,94.46,97.78,56.78,38.7,35.12,21.73,25.56,15.72,14.19,55.19,24.81,81.11,46.83,40.01,22.13,61.24,36.55585184619077,105.9028261711448
72.22,158.41,37.05,96.65,79.73,105.1,103.97,65.53,43.5,41.0,24.79,27.74,16.16,13.73,51.24,22.82,74.22,39.78,34.96,25.91,56.14,36.45294067019541,118.28130368481504
100.34,166.26,43.89,115.97,102.83,123.03,122.77,75.11,45.3,38.46,21.33,29.31,17.56,14.89,54.6,24.05,79.06,35.89,40.02,30.86,58.22,39.89817581778828,88.76271811369054
70.26,156.46,39.36,93.46,84.12,104.57,106.14,65.51,39.04,34.55,19.8,27.25,15.57,13.2,53.07,23.68,74.53,36.44,40.57,25.12,62.72,36.08135779344277,90.61984245022978
61.31,174.12,35.86,89.29,69.17,93.18,99.39,54.52,37.74,35.5,20.91,24.17,14.37,13.44,56.45,25.27,84.34,42.67,40.64,23.67,57.77,36.55996106231207,95.7639786943331
59.97,163.31,36.42,85.11,75.28,91.75,99.01,57.76,37.5,34.16,20.12,26.04,15.86,12.68,50.7,22.69,76.96,40.0,38.91,23.4,60.1,35.04469956854459,87.17203466090928
53.35,159.88,36.92,78.24,68.93,89.37,100.33,56.39,37.77,33.39,19.56,24.47,14.25,13.61,53.03,23.79,78.63,42.17,35.59,19.77,63.95,37.33467614860034,136.51375072394706
66.27,172.06,36.87,90.91,72.87,96.08,103.01,59.73,38.36,35.73,22.16,24.99,15.38,14.46,54.51,25.1,85.71,42.26,45.21,23.91,56.54,37.435533592041175,88.17401717613075
123.49,162.69,49.91,137.82,129.72,131.32,123.25,75.42,47.59,42.19,22.4,30.81,17.84,11.6,51.4,21.9,65.28,46.93,37.22,39.4,55.87,36.66419941798549,131.98670162211158
60.37,148.51,34.89,90.45,80.57,99.33,98.67,61.96,39.37,35.07,19.67,26.07,14.57,12.24,51.24,22.64,69.92,37.51,35.1,24.6,60.02,33.68122476858774,103.12011736832301
110.09,158.44,44.87,127.47,117.06,125.81,124.48,82.08,47.31,41.47,23.55,29.14,18.23,13.22,53.81,22.82,72.3,39.41,37.26,36.34,63.68,38.188039896847414,132.58186072359547
52.42,163.03,35.33,75.15,67.43,87.46,95.14,55.14,36.27,31.74,18.07,24.15,14.88,13.62,52.5,23.52,77.72,40.64,39.03,19.68,63.55,35.670236850074375,85.26041794106578
55.22,156.27,34.0,84.22,72.55,91.67,97.92,58.34,37.4,34.08,18.69,23.25,13.49,14.4,53.11,22.88,76.74,37.82,38.32,23.65,59.69,35.53786474164795,79.85934196972596
79.04,159.24,40.28,104.98,89.79,107.83,109.51,64.48,41.98,40.17,22.07,28.36,16.58,13.76,53.44,23.5,72.73,41.06,35.05,28.7,54.91,37.29498638537523,117.34386409712954
58.47,171.28,35.7,86.77,72.38,90.38,102.43,52.3,34.33,33.92,19.59,24.08,14.71,13.87,56.8,25.06,83.94,41.97,43.09,21.39,58.63,37.27537059157251,81.06869654358411
68.11,167.74,39.38,85.95,83.15,96.7,104.79,61.45,40.75,35.3,20.69,26.92,15.46,14.91,53.27,24.78,81.7,48.15,40.26,22.69,56.11,38.65387456321017,132.83982981662007
57.18,151.55,36.11,86.01,71.48,93.28,96.94,60.71,40.88,36.25,19.98,25.42,15.12,12.44,48.57,22.71,69.74,35.08,32.23,23.11,56.65,34.18419287199258,84.05413119037826
105.78,160.33,44.8,132.43,113.97,123.65,118.92,69.48,44.4,42.19,22.94,27.14,17.86,13.85,52.35,24.35,68.64,39.97,35.88,37.52,62.77,37.94795527743267,119.2827488584984
86.01,162.12,39.73,101.87,96.72,111.72,109.66,73.11,43.32,38.02,21.9,28.77,16.77,14.15,55.35,24.71,74.17,44.42,38.21,27.43,65.16,37.588202831615654,130.7822673316374
71.83,168.84,37.77,100.99,84.59,104.67,107.19,62.57,42.58,36.03,19.96,25.75,14.32,14.03,56.44,26.01,81.95,43.0,38.65,26.98,58.2,37.80398573026121,123.13013750518064
49.72,164.82,34.0,76.75,68.74,91.48,94.1,51.14,32.84,31.02,18.11,23.2,14.4,14.68,55.36,25.79,83.15,44.54,42.1,20.97,51.33,36.14819340163907,91.446538705921
74.7,160.28,38.92,103.07,92.73,106.28,108.29,66.71,42.99,37.04,21.16,26.78,15.19,15.1,51.29,23.42,74.64,42.89,37.21,28.28,58.4,38.00159013486995,124.87925630122197
83.52,167.28,39.45,101.58,85.49,106.04,109.02,70.91,47.49,40.19,22.57,30.89,16.59,14.43,54.53,23.0,77.86,45.28,40.2,27.78,58.94,37.70136406935737,119.52209693493842
67.47,176.55,39.46,85.67,74.46,94.68,107.31,59.54,39.97,35.44,21.62,25.21,14.93,15.57,56.86,25.79,86.39,48.96,43.52,21.03,56.67,40.40068856109037,120.2621484233423
60.16,164.61,37.4,81.26,73.46,91.18,105.67,58.53,40.25,35.47,21.16,24.9,14.7,15.37,51.54,23.01,82.52,40.02,42.15,21.08,60.58,38.74858031094775,90.37252672293528
70.83,169.08,40.96,91.61,84.52,100.69,108.12,62.2,39.28,35.55,21.57,27.6,16.02,14.9,53.98,23.1,78.68,44.57,43.83,24.15,55.79,38.67243937072424,95.27160238274593
54.84,164.1,33.52,84.59,75.71,94.18,92.44,54.8,35.84,32.39,19.2,23.13,13.82,11.85,54.44,24.56,82.31,41.25,36.65,21.5,54.39,33.82767690854443,115.97231139705133
45.56,158.23,36.49,76.33,66.27,82.6,95.54,48.92,33.49,27.85,17.26,23.16,14.3,13.09,54.73,24.03,78.71,41.24,36.74,20.99,56.71,35.633332188707655,102.91618810841709
76.96,173.0,38.44,99.05,83.68,103.17,108.47,62.31,43.2,38.73,22.27,27.25,15.88,15.64,57.84,25.92,86.14,43.93,39.72,26.2,60.13,39.619831024950926,130.48576065029
65.12,163.16,39.47,95.52,78.06,97.87,105.51,59.1,38.06,35.07,20.17,26.12,16.35,14.9,55.38,24.42,79.05,39.25,40.19,26.25,55.42,37.940553689095566,93.73588470636514
58.88,167.05,37.68,82.64,74.71,91.52,94.29,54.71,36.67,34.08,21.19,25.47,15.17,12.71,58.16,27.16,83.76,47.0,39.89,22.5,57.12,35.6167791592671,144.4953598848266
53.84,161.21,35.59,85.52,71.51,91.49,93.39,53.55,37.48,31.83,19.22,24.15,14.8,12.89,56.33,25.99,82.22,40.43,36.81,24.24,52.99,34.67653993399109,113.13267426000834
57.76,155.87,36.23,87.63,72.99,95.02,96.25,57.83,39.99,34.88,20.99,24.52,15.28,13.38,50.48,23.0,75.32,38.63,36.6,24.04,56.26,35.014653790877624,103.56428611671538
57.15,162.57,36.57,84.61,70.62,89.3,97.42,56.44,39.92,35.69,21.16,25.22,15.59,13.52,55.33,25.09,81.99,46.0,37.01,22.72,55.06,36.530237664663666,147.11551670110566
54.97,153.9,34.89,86.96,69.51,91.09,96.94,56.49,40.71,36.17,20.41,24.3,14.61,13.7,50.37,22.06,73.52,41.16,36.02,23.9,56.46,35.25596184193189,108.22214233877185
59.64,162.66,34.02,83.69,64.62,93.42,91.9,61.86,40.52,35.85,21.34,24.87,15.11,11.94,53.11,23.01,83.98,37.57,43.88,23.18,54.7,32.744148366597535,80.77070833722519
63.74,168.66,37.73,83.8,72.54,90.69,95.76,59.05,40.22,35.9,21.93,26.35,16.17,12.9,53.79,23.49,81.16,46.92,42.28,22.7,56.04,35.34601090111983,114.96491457028623
60.96,166.17,36.24,84.13,74.09,92.24,98.11,60.2,38.48,36.67,20.16,24.28,14.39,13.83,52.97,23.82,81.34,45.54,39.71,21.55,53.92,36.432811436339854,116.8693692619949
55.09,161.76,35.55,84.69,67.42,86.23,100.88,55.56,37.58,33.59,20.62,23.99,15.31,15.02,54.39,24.2,79.44,43.86,41.92,22.12,55.57,37.43992110608824,89.28027412664835
59.99,168.26,36.44,86.08,71.71,92.71,102.31,58.58,38.56,35.35,19.91,24.85,14.5,14.58,55.83,24.53,85.35,44.88,41.03,22.68,53.28,37.82627181311213,117.52723775166777
69.34,164.65,35.9,95.02,82.13,101.7,103.11,61.91,40.97,36.96,21.39,26.64,15.96,14.07,53.64,23.69,80.3,42.8,39.41,25.56,57.72,36.62790377311908,115.91160839656601
63.67,160.66,38.52,91.2,79.9,92.94,104.56,59.05,40.45,39.16,22.99,25.77,15.23,14.01,55.97,24.86,80.39,38.1,40.62,22.51,55.98,37.45112568916085,98.12245496570961
48.16,148.01,33.91,86.46,68.03,85.79,90.76,53.87,36.54,34.26,19.18,23.66,14.2,11.38,49.6,22.02,71.03,35.99,34.04,23.38,53.66,32.01359273744802,88.84127958193267
63.38,157.9,36.98,87.91,78.11,96.97,95.27,60.18,43.99,37.85,21.46,27.81,16.48,12.06,50.27,23.73,74.89,39.59,37.38,24.23,54.06,33.649471230305934,99.30680131380097
49.32,150.35,34.09,76.97,64.52,85.11,92.81,54.53,37.92,34.89,19.82,24.01,14.17,12.66,46.35,20.87,73.19,34.11,39.5,21.02,54.27,32.98418045383004,46.58830006152181
60.53,171.68,36.49,84.55,71.57,91.19,98.58,55.0,37.0,35.37,21.63,24.0,15.22,13.12,58.69,26.69,87.23,44.66,42.96,23.14,53.85,36.27958852248818,106.3486918294297
61.88,161.15,38.33,88.92,77.11,92.25,102.58,58.02,39.15,36.77,22.6,25.71,15.38,13.82,53.91,23.92,79.24,40.67,41.29,22.97,57.64,36.932380964664574,104.65606242730843
48.41,160.96,34.75,74.07,64.86,83.15,94.84,52.37,37.17,35.71,21.09,22.05,14.13,14.6,51.48,23.71,77.62,43.86,36.8,18.94,54.04,36.8124348405015,98.9963466177631
84.69,162.25,39.15,106.68,89.24,112.2,111.23,70.45,46.57,39.78,21.46,27.28,15.86,14.11,51.89,22.7,78.94,42.16,43.34,29.38,57.96,37.16890681134616,112.73518640195391
59.93,163.01,36.22,86.74,71.02,90.8,100.48,55.17,39.28,35.41,21.47,25.3,14.98,14.45,53.17,24.1,77.66,43.78,38.45,24.53,57.57,36.8696142389622,100.4032985723428
71.86,169.95,38.84,91.16,82.06,101.36,107.08,60.75,39.39,35.47,20.78,27.01,15.59,14.88,56.84,25.35,85.25,42.89,41.25,23.59,57.63,38.77544166746589,114.50636759928148
58.2,157.23,36.78,90.65,72.56,93.4,96.88,59.32,41.01,35.87,21.47,25.5,15.28,12.78,52.33,24.26,76.17,40.39,39.41,23.08,56.05,34.93596388240454,110.73830672780838
45.64,158.31,33.83,74.49,65.13,83.88,91.97,49.37,32.89,30.47,18.82,21.98,13.28,13.68,52.15,23.05,78.43,45.14,37.97,19.17,57.52,35.39786085306708,118.35402226826011
59.91,166.41,33.88,82.6,73.64,94.71,99.06,56.92,38.32,33.3,21.05,24.71,14.85,13.03,55.44,24.26,84.14,42.45,41.78,22.5,55.72,35.4093649175813,92.65617358958838
51.71,154.53,34.12,81.37,68.86,87.27,93.98,54.91,36.26,33.03,19.99,24.83,14.97,12.94,48.5,21.87,73.08,41.04,38.89,20.78,55.18,34.040654539022846,82.65413889231934
68.87,167.06,35.53,94.28,76.7,96.11,99.66,62.97,40.1,39.31,22.94,26.32,15.82,14.22,54.77,24.2,82.06,44.07,42.12,24.88,58.11,36.273695284436954,113.89919004256865
81.17,155.16,39.01,112.74,93.97,117.52,114.9,67.77,44.22,35.74,20.46,26.38,16.07,14.8,50.88,23.02,69.56,39.74,38.7,32.27,57.66,37.72112970527201,92.48060981138246
69.77,163.99,36.33,89.4,78.72,99.79,99.24,67.3,44.63,39.07,22.75,26.53,15.58,13.37,52.5,23.5,79.96,45.53,40.77,23.9,55.5,35.62844531744983,125.43890324555593
47.3,150.54,35.36,81.42,66.69,85.83,99.39,53.11,37.01,31.78,19.17,22.54,14.36,14.89,50.32,21.69,70.61,39.76,36.29,21.06,53.5,36.72644072068166,75.87986955342978
59.07,155.99,37.58,90.97,71.26,93.98,97.13,59.79,41.4,36.68,20.39,26.42,15.02,12.72,50.51,22.58,77.83,38.17,37.58,24.01,57.36,34.88017164476653,126.34441493395605
46.7,149.58,35.31,80.66,68.76,83.87,97.44,50.78,34.31,32.06,20.34,22.67,15.01,13.47,49.78,22.67,71.3,39.18,33.77,20.69,55.84,35.72028132546445,96.90765095330374
40.3,149.89,31.19,74.5,59.47,80.87,89.24,46.92,35.33,30.0,19.92,22.33,13.58,14.23,48.37,21.51,73.34,39.22,33.49,18.65,54.89,34.58346785043165,87.09106531493893
72.04,154.87,36.94,102.23,91.43,108.43,103.97,64.57,40.87,37.74,22.29,28.03,16.17,14.09,48.26,20.99,74.26,39.85,37.56,28.12,56.1,35.804484854539574,125.331236270501
50.82,154.5,34.12,77.04,69.63,89.92,96.7,55.76,37.16,33.77,19.67,23.65,13.82,14.18,52.94,22.85,75.43,40.76,35.75,19.56,53.48,35.998439164774,94.34344077209909
55.54,158.16,35.39,86.8,75.46,91.46,94.32,53.68,37.48,33.09,20.45,24.88,15.32,13.62,51.07,23.35,76.49,41.65,37.91,23.37,55.63,34.921669811587066,104.96010703763329
61.7,166.32,39.27,89.05,74.77,94.57,104.58,55.94,37.93,33.89,21.72,26.66,15.93,15.67,53.26,24.22,80.53,43.94,39.42,23.24,55.37,39.257202746232586,117.50090752958755
93.96,166.13,45.95,122.83,104.45,111.08,123.23,66.55,43.19,40.93,21.91,30.87,17.6,14.14,55.4,24.81,76.58,44.26,40.57,33.51,60.52,40.132507910813,142.131914011278
59.73,161.93,36.09,87.32,74.46,93.09,99.19,56.59,37.64,35.65,20.33,26.16,16.23,13.35,54.6,24.54,79.11,42.46,40.85,22.83,54.56,35.7241066073477,98.5499492174593
51.59,150.96,36.58,85.46,70.06,87.58,97.25,53.88,37.84,35.06,20.39,24.73,14.8,13.71,48.02,21.3,70.9,38.82,33.7,21.7,52.39,35.63735122508129,99.21292500665288
67.72,164.82,39.56,89.77,79.45,99.11,105.4,60.85,40.33,35.54,20.31,25.31,15.22,14.85,54.59,24.86,79.28,41.23,39.53,23.4,59.9,38.442185527451876,105.61847985720783
54.33,156.93,33.77,83.15,73.92,91.54,98.23,55.83,37.21,33.46,20.83,24.52,15.01,14.54,49.88,21.91,74.18,42.61,36.97,21.01,57.71,36.314072815125606,100.6442899322576
69.82,166.89,40.17,89.36,80.85,94.75,104.29,61.29,43.14,38.42,24.55,27.62,17.69,14.19,55.57,25.27,84.73,44.61,39.37,23.61,59.0,38.45680449071161,152.46799046899844
68.57,159.37,38.65,100.27,83.25,102.69,103.55,60.06,40.93,35.22,21.75,29.17,16.83,14.88,53.18,23.75,79.28,39.82,37.39,28.56,55.76,37.148208747299755,129.509981580439
71.93,162.56,36.32,91.2,82.17,100.95,103.15,64.03,44.97,38.56,23.14,25.99,16.35,13.94,53.38,23.1,77.14,41.55,39.61,25.19,55.02,36.19578210436598,84.08790976498142
67.21,167.78,38.16,93.0,77.44,96.61,105.72,59.43,39.49,35.84,22.03,28.16,16.52,15.01,55.15,25.13,84.38,41.85,41.95,24.61,55.92,38.338993301348246,107.99179786052639
68.11,156.09,38.46,103.72,83.28,96.65,105.42,63.6,41.94,37.54,21.98,28.18,16.42,15.08,53.37,23.67,75.17,43.31,37.14,28.26,55.87,37.610817640125845,136.90496261318447
52.78,167.27,36.4,77.16,65.69,86.22,97.24,52.64,37.97,32.86,20.72,22.75,15.12,14.53,55.29,24.12,81.38,44.53,39.79,20.52,55.66,37.37584751020476,97.11664547585156
60.19,154.66,38.65,93.54,78.61,97.93,103.8,60.45,38.72,32.64,19.94,25.1,15.4,14.02,48.87,22.1,73.76,38.1,37.53,25.26,53.7,36.593059642090985,98.01508132846459
53.13,153.3,36.15,82.84,67.11,91.32,95.02,55.02,40.71,36.07,19.19,23.72,14.94,12.68,48.51,21.53,74.45,38.66,35.59,22.02,58.29,34.63858436037745,115.15791903817728
62.02,170.01,35.56,87.34,77.19,96.09,103.93,56.79,38.2,35.7,20.79,23.73,14.38,13.56,52.79,24.09,83.51,44.83,39.9,22.45,55.08,37.34004302804359,112.48231981102981
64.5,166.34,36.58,86.59,74.79,94.02,102.04,58.56,41.0,35.9,20.12,26.58,15.95,13.68,56.37,24.79,82.12,43.55,39.13,23.21,57.42,36.848233505773386,110.31581285687912
65.81,168.1,36.42,87.41,79.94,98.56,103.1,59.73,39.92,36.21,21.5,25.95,15.34,14.78,54.98,25.2,82.21,45.33,41.14,22.48,59.65,37.981960990263005,118.97268166146239
61.12,167.93,36.44,85.36,72.59,92.54,95.71,56.98,41.94,35.52,21.63,24.75,15.67,13.02,54.47,23.3,83.91,45.08,39.26,23.57,54.8,35.564569142154994,129.28990089510546
53.07,159.13,32.91,82.04,76.05,89.36,100.12,55.19,36.74,31.67,18.45,22.93,13.38,14.01,54.72,23.28,79.76,44.33,38.83,20.6,55.09,36.3443128111333,103.17380247303055
48.27,147.65,34.5,85.73,68.5,85.93,92.73,53.36,36.15,34.59,20.4,25.41,15.16,12.91,48.99,21.65,72.16,37.97,34.75,21.83,51.66,33.809044117631906,103.71345736034715
57.5,161.53,36.86,88.65,71.72,91.02,97.82,58.26,38.81,34.36,20.02,24.39,14.65,13.56,54.44,24.39,77.8,41.41,39.08,24.25,54.96,35.707857473756796,97.29057691270884
74.23,174.44,37.42,97.89,84.25,99.93,106.76,62.23,40.03,36.35,21.12,27.39,16.0,13.94,56.27,24.27,85.86,44.0,40.8,25.85,59.66,37.74928908113443,119.57607914948778
47.64,156.07,36.19,74.91,70.77,85.43,91.95,50.86,34.96,31.39,19.42,22.88,14.46,13.49,50.35,22.79,75.59,44.01,37.4,19.83,55.73,35.19853785795925,115.61249710760245
53.35,162.19,35.83,82.54,72.35,88.11,94.94,52.07,35.14,30.21,19.99,25.32,16.01,12.04,56.38,24.67,78.91,40.82,36.48,21.9,56.31,34.56298431909076,101.1249404924697
65.88,166.3,37.26,89.83,76.59,97.83,100.89,59.92,40.79,37.32,21.37,26.49,15.75,13.76,55.91,25.46,84.03,41.09,40.36,24.92,55.37,36.49435620539255,111.14946120379614
64.74,162.23,38.58,89.52,77.05,99.62,102.22,59.94,40.95,34.93,20.27,24.03,15.08,13.9,53.74,24.55,78.81,38.44,39.46,24.27,53.69,36.67476177932345,83.62832742064165
55.9,160.33,35.95,85.36,74.96,94.21,99.98,56.62,38.22,33.26,19.82,24.5,14.48,14.09,52.93,24.71,77.36,41.18,37.32,21.62,53.9,36.715636925454255,97.99428837009805
60.27,157.54,35.14,90.37,72.96,93.35,95.43,59.92,41.85,36.93,23.42,27.04,16.47,13.14,50.02,22.35,75.2,42.53,37.22,24.02,56.28,34.674152119719274,121.98984764907289
60.94,166.59,36.83,83.52,74.78,93.83,102.64,57.19,37.89,35.15,21.18,25.58,15.77,15.3,52.68,23.54,80.08,44.76,38.48,20.95,58.31,38.636970814228675,116.2297326734024
60.66,165.95,37.0,84.24,68.89,91.8,99.15,58.49,41.95,37.25,22.65,24.73,15.52,13.79,55.08,24.69,84.0,41.8,39.98,22.34,55.34,36.83708060208018,113.70263855266319
63.59,161.67,37.02,89.01,78.15,97.55,101.77,60.29,40.39,34.67,20.51,26.63,15.15,14.97,51.84,23.84,77.8,45.69,38.88,23.75,56.51,37.48189878782542,124.92382228682936
54.34,156.07,34.94,87.68,70.22,90.65,97.98,56.53,37.94,33.12,19.92,24.78,14.62,12.88,50.19,22.59,75.71,39.84,36.48,23.22,55.71,34.92763376390646,103.04642965833085
53.15,158.78,35.59,80.75,69.01,89.04,95.81,53.27,37.61,32.82,20.73,24.02,14.85,12.95,51.15,24.14,76.59,40.22,38.56,21.41,56.94,35.02568239073875,88.1193822986412
46.98,150.56,33.67,78.84,68.72,82.61,90.74,52.64,38.03,31.99,17.98,24.62,14.3,12.72,48.28,21.04,70.46,41.55,35.25,19.93,53.32,33.35164083186439,87.78090932786063
57.65,170.83,35.69,81.6,69.37,92.06,94.72,54.98,38.16,33.19,20.68,24.94,15.37,14.0,56.49,25.82,86.98,42.72,41.88,22.16,54.7,36.127429331265404,101.54694286950621
80.6,166.3,39.41,101.02,88.41,112.39,105.32,65.77,43.06,38.4,22.86,29.2,17.5,13.07,55.69,26.06,82.58,42.86,40.46,27.89,56.06,36.45535348794643,138.54731147533255
59.78,155.96,35.23,83.6,71.92,98.47,103.55,62.59,38.83,34.97,21.0,25.05,15.98,14.9,51.12,23.56,74.78,40.55,35.26,21.6,57.6,37.69949548412022,106.47503396071062
60.29,158.59,35.73,84.54,79.0,96.95,98.39,59.51,42.46,35.5,20.1,23.3,14.81,13.96,51.59,23.06,75.11,43.91,38.76,22.98,55.32,35.85231031927339,101.88992282393446
65.44,164.0,35.42,90.54,82.62,99.69,99.37,60.42,39.58,35.89,20.91,25.17,15.76,14.1,54.53,25.16,81.96,44.31,41.83,25.55,55.5,35.926919930349904,113.1251835499827
48.97,153.57,32.82,79.19,64.86,85.03,88.67,54.22,37.19,35.62,20.06,22.28,14.54,12.16,51.37,23.66,73.28,44.03,35.29,21.79,55.54,33.012163424176215,113.67819399580787
53.73,159.15,36.01,87.03,73.22,88.61,99.18,52.57,36.41,33.07,20.28,24.49,15.82,13.89,52.52,23.87,77.24,44.33,36.85,22.53,56.57,36.706637658457105,126.06977822870283
63.77,158.73,36.09,87.2,79.79,98.4,101.22,59.66,40.45,38.34,22.69,24.93,15.21,14.22,53.92,24.3,80.33,37.68,39.08,24.35,54.39,36.295380262180835,92.2957828584511
57.33,167.02,36.32,82.67,70.46,92.6,94.28,56.86,39.11,34.45,20.96,23.51,14.85,13.26,54.93,24.26,83.38,44.55,38.53,21.69,55.25,35.87416174176297,132.20656930530265
64.55,171.45,36.62,86.18,73.1,95.04,99.76,57.98,40.27,36.81,21.48,25.54,15.77,13.21,57.01,26.59,89.38,45.1,43.25,23.65,57.4,36.535914981618724,131.8259424779559
53.35,154.31,37.07,90.89,73.23,91.45,97.62,55.02,35.55,32.44,20.03,24.28,15.47,13.6,49.13,21.85,77.27,37.84,35.32,25.92,53.96,35.4563992483142,120.71393991406933
55.45,160.37,34.74,82.24,71.89,91.61,96.61,56.48,38.9,33.39,21.3,24.1,15.63,13.27,53.42,23.33,78.69,44.65,36.6,21.66,55.23,35.74862500428603,125.7310592589156
53.8,160.47,37.31,85.07,75.01,90.9,98.73,51.54,35.74,33.99,19.41,23.92,14.42,14.12,54.2,23.92,79.1,38.73,39.14,21.79,56.36,36.6476017099569,95.1907066332032
72.62,153.79,39.82,102.13,87.25,105.11,104.34,63.92,45.98,41.8,22.36,28.22,16.39,13.79,49.38,21.45,72.96,35.39,35.17,28.42,57.96,36.10693862966264,118.34768723095169
56.89,162.48,35.36,82.74,72.84,90.17,96.51,56.01,36.98,33.95,20.7,24.51,14.74,12.78,51.41,22.93,78.16,41.41,37.26,21.53,57.97,35.13775037639628,102.83402121014444
63.51,169.84,39.4,82.84,75.59,93.47,105.38,57.96,37.74,33.61,20.65,25.7,15.72,14.94,57.12,24.43,83.31,44.11,42.53,22.43,55.61,38.77998150876946,95.49944342119818
70.85,161.77,37.7,98.89,88.11,103.57,104.41,61.42,39.64,34.53,21.31,26.86,16.61,13.65,52.72,22.99,76.18,43.18,36.72,27.34,53.04,36.37413735924507,115.2956160286248
74.67,173.51,36.4,92.05,77.8,105.98,97.8,65.11,45.2,36.62,20.49,25.16,15.6,13.44,56.86,26.26,85.98,42.08,42.41,25.94,56.55,35.43453857611752,94.77512060938324
59.37,160.56,34.99,87.13,72.34,90.6,95.33,58.7,40.33,36.08,22.81,25.59,15.93,13.58,52.75,25.04,77.22,48.28,37.59,23.84,57.17,35.578919700511484,141.40706056920033
61.97,165.9,40.45,89.87,75.37,95.13,102.93,57.65,40.03,34.25,21.07,25.5,15.3,14.39,54.31,25.42,82.64,43.63,37.86,24.06,56.93,38.47545412268524,145.87402676803322
57.8,167.81,34.76,80.88,68.85,90.9,98.35,55.0,38.48,35.3,22.14,26.2,15.27,13.66,58.69,27.31,85.2,46.28,40.42,20.52,55.91,36.8625475039968,123.97982567511178
60.56,156.8,38.19,88.65,78.8,94.78,99.53,59.2,38.8,36.27,21.86,26.57,15.98,14.25,49.98,22.19,73.59,42.13,35.21,24.16,52.41,36.4792353005794,117.8786906014891
64.15,151.01,38.59,92.13,83.77,101.84,101.57,61.74,43.34,36.22,22.85,28.02,16.98,13.5,48.77,22.22,72.11,42.53,36.24,25.84,55.98,35.90194669374261,143.68869582677667
65.73,157.09,35.93,93.89,75.48,99.64,99.87,64.1,42.37,35.91,22.94,25.68,15.7,12.97,53.06,23.8,75.58,41.87,39.29,24.58,53.15,35.05341932175032,105.51363322684267
60.26,170.4,36.25,85.22,77.64,94.14,96.96,53.94,38.56,33.17,21.5,23.9,15.36,13.96,56.26,24.75,84.19,46.83,41.72,22.38,55.57,36.652885757459515,120.01274292498294
65.79,150.4,38.41,98.21,84.54,102.52,102.38,61.23,41.14,36.02,21.03,27.38,15.83,13.57,50.02,22.72,71.52,37.16,34.47,27.36,54.1,35.5308670117056,112.17666165295395
54.35,157.62,34.51,82.52,70.73,88.67,97.29,54.4,38.7,34.3,20.43,24.37,14.7,13.57,53.22,23.61,75.72,41.85,34.64,21.83,56.62,35.77260805556168,104.35302227883699
62.26,161.79,35.54,91.5,79.29,98.4,98.04,59.43,41.09,34.45,20.18,24.89,15.68,13.12,54.8,24.66,80.36,40.81,38.75,24.67,54.5,35.161297626786855,107.66219245350294
58.52,161.26,37.48,84.97,70.52,88.14,104.8,55.9,39.73,36.8,21.14,24.32,15.2,14.66,54.49,24.96,77.98,43.32,36.63,22.0,56.87,38.54821633695858,110.80566354918659
65.84,163.28,36.2,89.39,75.45,98.21,99.06,62.19,42.33,38.43,21.76,26.4,15.33,13.05,53.52,25.56,76.58,49.06,36.88,23.99,55.8,35.95071481227873,144.15750159561696
65.64,161.59,36.41,97.62,83.65,98.13,103.63,59.12,37.5,34.82,21.08,27.01,16.0,14.15,51.79,23.22,79.28,40.73,38.63,27.21,56.87,36.45764318240044,111.59394160589193
49.64,157.04,33.63,81.53,65.44,83.74,92.58,52.75,36.95,35.25,20.0,25.22,15.12,12.8,50.13,23.34,76.96,41.53,36.77,20.81,53.45,34.230200666661325,101.95840566926245
68.16,158.87,39.01,94.82,83.27,101.45,103.65,63.8,42.76,37.14,22.39,24.88,14.89,14.83,50.91,22.87,75.44,39.37,38.4,25.45,55.51,37.31205419273466,101.71607663092794
63.0,166.78,39.08,89.56,76.33,92.95,102.03,57.67,37.99,35.65,22.35,26.09,15.86,14.13,54.09,24.66,80.33,45.08,37.11,22.58,55.49,38.035223260462374,135.98388620341007
52.95,169.75,35.49,85.22,68.03,87.48,98.11,51.18,34.22,31.96,20.28,24.9,15.14,13.91,58.21,25.41,87.63,42.12,43.21,22.26,55.0,36.67233743125454,101.34748038719721
52.14,156.01,34.85,83.44,67.75,87.44,94.37,56.27,36.84,33.74,20.38,24.5,15.0,12.41,49.83,21.52,73.59,41.27,34.7,22.82,55.19,34.119971797547315,106.71028584074611
60.84,158.71,39.05,92.2,79.12,93.34,101.5,56.31,37.87,33.73,18.9,26.24,15.85,13.3,51.21,22.7,78.13,40.77,38.86,26.07,56.37,35.94152251258677,117.78914666280713
45.64,152.58,32.47,81.36,63.99,82.18,93.65,52.36,34.79,31.05,18.48,22.69,13.43,13.58,49.99,22.28,72.86,43.24,34.96,21.56,53.74,34.65360143517216,97.14255731034496
55.74,162.72,37.22,82.24,70.49,88.37,94.5,55.07,39.49,34.2,21.49,23.67,15.15,13.45,52.68,22.81,80.05,42.28,38.87,21.75,58.16,35.76808855232326,118.70629973009602
52.97,162.78,33.79,77.2,69.08,90.37,95.1,56.9,37.12,33.59,18.77,21.78,13.72,13.87,54.07,24.68,81.29,45.88,38.55,20.96,54.92,35.928841230523346,116.22890840740564
54.26,165.92,34.67,85.41,69.78,89.0,91.66,52.44,37.13,32.68,20.44,23.96,14.99,12.8,55.4,24.07,82.18,45.22,37.91,23.3,55.99,34.668446910272,129.8351075235638
55.57,169.24,35.92,78.91,70.74,89.64,100.51,53.22,37.66,34.3,20.28,24.77,15.04,13.98,57.32,26.65,86.15,47.99,41.38,20.9,54.93,37.677265218809175,127.48397664713741
55.92,164.0,35.67,88.01,72.96,92.33,96.85,54.52,35.93,33.81,21.96,23.58,15.49,13.89,54.12,24.86,81.66,43.92,38.21,23.74,55.62,36.406283436305344,130.72905070559864
75.94,175.13,36.83,94.86,84.15,103.2,106.18,61.95,42.48,37.36,22.82,26.41,16.11,15.31,57.86,26.74,85.3,46.41,41.65,24.74,57.54,38.86098446861751,110.23110266573246
58.65,170.28,35.42,83.61,71.88,91.68,97.86,55.03,37.14,33.37,20.78,24.78,15.13,14.64,55.09,24.75,85.77,47.0,40.49,23.48,52.6,37.06896321324325,118.79901885819788
60.98,171.05,35.58,83.48,72.01,92.58,100.74,57.82,38.83,35.44,21.36,24.56,15.18,15.13,55.24,26.43,82.21,47.59,40.51,22.66,56.05,38.06162517068911,104.80434977468917
49.53,148.33,34.41,79.99,66.47,88.83,94.56,54.93,38.57,36.31,20.79,24.71,15.24,12.88,47.43,20.39,70.8,39.37,33.52,20.99,56.43,34.42293100904728,114.92196622531367
49.96,154.72,34.76,81.7,68.13,87.18,91.44,52.39,36.75,33.49,21.54,26.17,15.96,14.11,50.79,24.19,76.5,41.73,34.88,21.89,55.65,35.250207954180574,125.65711561330022
59.61,163.23,34.58,85.35,74.38,94.13,101.33,57.8,38.22,32.68,20.17,23.66,14.54,14.72,51.72,22.34,79.53,44.18,38.13,22.2,56.77,37.252156263221714,107.83183908029997
65.47,161.94,35.14,87.64,75.19,95.29,101.19,61.22,44.82,40.49,23.51,25.37,16.09,14.15,54.8,24.8,78.57,44.02,38.6,23.2,56.51,36.785583806937055,110.4858491394155
59.94,154.79,37.84,89.63,76.59,95.88,101.88,58.67,39.06,36.66,20.41,25.51,15.74,13.0,51.6,22.3,73.83,38.38,36.94,23.21,56.21,35.85165920292225,105.17212245966942
88.31,161.15,37.82,107.53,106.7,112.45,108.2,71.35,47.92,41.82,16.99,27.7,16.96,13.97,56.28,25.17,76.61,39.14,41.19,30.11,55.93,35.56031834113389,70.07547947502223
52.29,158.93,33.34,81.1,71.91,88.74,92.04,55.34,36.45,34.03,20.58,24.63,14.56,13.02,53.08,23.57,79.72,41.49,39.2,22.65,53.55,33.87229645231468,98.3398135430225
48.42,155.49,33.11,78.8,65.17,85.81,91.63,52.7,35.56,31.99,19.77,23.19,13.88,13.05,49.88,21.88,74.11,41.46,34.79,21.06,54.34,34.09129719877431,94.3524979541009
50.69,156.66,35.38,80.26,73.97,87.91,94.74,53.81,36.65,33.02,19.74,23.76,13.75,13.74,53.29,23.44,80.4,39.48,39.33,20.15,55.73,35.46619311158839,106.32681322566447
58.77,165.27,35.66,85.15,75.62,93.82,99.36,56.71,37.16,34.3,20.95,24.7,15.33,14.42,55.66,23.97,84.86,39.58,41.69,22.38,54.17,36.672700785064514,92.92174375435309
59.16,162.39,34.12,86.58,75.43,92.5,95.37,58.45,38.64,35.64,21.68,26.21,15.13,12.46,53.85,23.88,80.15,42.7,40.1,23.04,57.1,34.20368714425865,110.71678704418161
55.19,163.82,36.36,85.32,67.98,86.5,100.34,54.38,37.21,34.56,20.94,24.45,15.12,14.44,54.52,23.44,80.27,43.96,39.27,22.51,55.3,37.346194865747464,108.5767206927136
58.29,164.01,35.61,82.15,72.85,93.57,95.78,56.27,38.56,35.41,21.82,26.21,15.72,13.17,53.55,23.72,80.87,43.01,38.72,21.52,56.97,35.530802233780875,120.52750373689571
79.17,153.52,43.11,109.86,96.5,110.49,115.1,64.4,42.49,36.93,21.51,27.83,17.38,14.21,50.3,23.1,72.27,41.6,37.03,30.41,55.24,38.567705291274436,140.69323865352555
52.65,160.3,34.34,77.11,63.17,86.74,92.03,56.08,39.11,36.66,19.86,24.89,14.66,12.17,53.33,24.3,80.53,40.63,40.1,20.59,56.22,33.76657477194091,96.77126098697761
48.32,152.81,34.53,78.73,69.67,85.78,92.42,52.48,34.74,31.13,19.18,24.25,14.84,12.59,46.74,20.7,71.78,42.95,36.48,21.0,54.14,33.724194000201344,100.90116545611806
69.18,167.8,35.23,95.02,81.24,99.57,102.7,58.28,40.67,34.87,21.57,27.67,17.16,13.75,56.53,24.75,81.95,48.09,41.0,26.54,56.57,36.447796105201725,125.59924780784957
63.39,154.88,35.15,92.86,80.5,100.05,106.08,59.59,38.93,35.3,20.37,25.96,15.86,13.26,51.67,22.42,72.86,40.25,38.3,23.13,56.05,36.13192334820817,90.1843875638915
83.6,166.26,37.57,96.85,90.71,111.19,105.15,69.82,49.89,41.55,23.54,29.21,17.1,14.45,53.65,23.92,82.72,41.4,41.41,25.49,55.62,36.92464635594534,109.77144010904397
58.64,155.07,36.19,87.93,76.64,96.04,95.11,59.17,39.93,36.97,21.63,25.38,15.88,13.45,48.12,23.11,71.58,41.2,35.61,23.55,53.64,34.82746429695121,107.17447253106815
49.06,148.1,32.82,86.99,70.9,89.28,88.89,58.06,36.27,31.86,15.55,21.03,13.02,12.73,46.16,19.98,74.2,37.67,36.59,23.13,45.91,32.06137133818153,83.18905975058891
106.35,155.03,44.11,135.44,122.3,125.1,122.77,68.95,46.64,43.65,23.07,32.17,18.66,13.91,54.93,25.01,67.19,43.91,35.62,38.38,54.77,38.064688204546584,133.6627392468332
57.32,163.91,34.08,81.63,72.62,92.95,92.58,56.42,39.07,34.51,21.59,25.92,15.59,13.63,53.9,25.23,83.36,40.07,40.31,21.75,54.72,34.78216911898232,94.53588574186551
55.6,165.73,35.72,81.75,70.91,89.39,98.41,52.19,36.61,34.95,21.15,24.94,15.04,13.48,55.46,24.51,83.51,44.72,41.59,22.16,53.57,36.23229687912075,109.44225675872133
64.98,161.87,39.34,94.03,83.45,97.83,105.59,57.64,39.39,35.01,21.39,26.48,15.32,14.1,54.29,24.71,79.89,44.94,38.48,24.49,55.45,38.03656218912327,143.94955642619482
71.79,168.6,37.69,89.16,82.34,101.63,103.44,63.69,45.88,40.08,23.76,26.4,15.48,15.18,53.99,25.55,80.88,46.6,38.95,23.67,56.13,38.44102765884726,126.35351184889021
48.09,156.46,35.17,83.92,66.77,84.05,93.87,50.0,34.18,30.69,19.59,23.48,13.99,13.34,50.93,23.14,74.31,43.85,36.54,21.95,55.55,35.11137704873111,110.4815011455027
60.97,159.1,35.83,84.07,70.96,93.43,94.88,61.62,42.31,37.73,22.79,25.87,15.66,12.63,51.68,23.98,74.29,43.01,37.02,22.13,55.39,34.55875309085576,107.18271830253912
65.86,167.59,36.95,89.61,74.95,94.49,99.47,64.75,41.83,37.02,22.49,25.7,15.84,13.54,53.32,23.82,79.71,45.22,41.27,22.59,53.78,36.248160370108025,106.37565557951712
56.06,162.6,35.04,79.91,69.58,89.78,97.87,57.02,37.97,36.87,21.36,25.72,15.21,13.44,56.59,24.44,83.17,42.74,41.23,21.16,54.59,35.903680882506684,109.07636325074668
58.02,162.15,34.79,90.3,71.24,91.93,97.73,57.2,39.41,36.49,21.77,24.8,15.57,14.23,53.44,23.38,80.83,42.94,39.17,24.46,55.13,36.16341473341498,119.15734749338765
51.09,160.03,36.21,83.82,67.71,86.08,96.36,51.76,36.7,32.13,19.36,25.57,15.16,12.89,51.97,23.48,79.05,43.28,38.95,21.7,54.78,35.39502871051249,116.4444884746357
67.18,178.19,36.56,90.35,78.29,96.7,105.03,58.68,39.0,34.49,21.24,24.33,14.89,15.85,58.03,26.52,89.95,44.45,47.83,23.75,58.2,39.039959128483815,84.22700031469549
53.36,161.22,36.7,86.66,74.36,87.42,102.08,52.37,33.56,30.11,19.38,24.3,15.29,14.98,54.71,24.58,79.45,41.43,42.27,22.88,55.26,37.46326851679401,79.53841323321183
63.25,164.2,36.81,97.7,75.29,92.2,99.97,57.87,38.83,33.1,21.32,27.86,15.97,14.79,53.62,24.44,78.22,44.63,38.83,26.95,55.74,36.72263041666838,113.0841666658016
61.25,163.3,34.98,82.06,74.32,94.51,97.57,57.23,41.93,37.86,24.41,26.27,15.06,13.02,55.33,23.29,80.95,43.17,39.44,21.15,57.46,35.61964826245817,118.39794667703916
65.52,164.58,37.21,86.97,72.58,93.69,99.68,63.17,43.56,36.91,22.08,26.2,15.99,12.58,53.92,23.88,80.81,41.49,40.39,23.06,55.72,35.4091336885973,101.02749413453802
54.46,163.81,35.85,82.15,68.14,90.08,97.04,54.08,36.74,34.62,21.38,24.53,14.63,13.25,53.58,23.49,78.86,41.85,39.54,21.11,58.02,35.87640620932281,101.3931846050059
51.96,167.77,36.48,78.99,66.07,86.16,96.64,52.03,36.1,31.49,20.33,23.38,14.73,14.49,55.63,24.57,83.92,45.56,38.98,20.61,56.24,37.53775839738692,123.67859228534132
54.3,166.11,34.46,82.85,69.05,87.82,91.78,55.11,36.57,32.65,21.09,24.89,15.26,13.21,54.02,24.49,82.67,43.79,40.6,22.03,56.85,34.75259321237767,111.38289288155966
54.28,164.17,35.61,85.19,70.9,89.89,94.24,54.55,35.41,31.3,20.0,25.33,14.7,12.59,53.52,22.84,82.49,43.33,42.37,23.21,52.66,34.31039803718861,107.02158059891235
62.91,161.41,35.13,91.15,76.64,96.6,98.5,59.44,41.73,35.98,20.95,25.02,15.64,13.17,50.98,23.41,80.34,42.87,41.02,24.93,55.9,35.05818044362954,113.20560813945656
56.04,162.14,34.06,83.85,72.95,89.86,96.96,58.07,36.14,33.13,19.54,23.91,14.24,15.26,53.82,24.78,82.48,42.99,40.29,22.06,56.1,36.74242469874318,104.42161947659099
62.8,166.39,36.98,89.13,75.62,96.56,97.86,61.22,41.27,35.81,21.53,26.08,15.32,12.89,54.74,24.29,82.88,40.9,40.08,23.2,56.0,35.55367812807509,116.0893293222677
58.14,156.25,37.14,88.04,76.18,89.2,100.29,60.78,39.76,35.16,20.36,25.89,15.08,12.91,50.39,22.02,75.39,40.53,37.22,22.97,55.5,35.45638400742169,108.4272008112157
55.45,167.23,37.02,80.6,74.79,89.3,97.33,52.75,35.66,30.73,20.38,24.89,15.4,12.16,57.76,25.0,85.03,45.99,42.21,21.16,54.05,35.51907076244635,122.595364129838
51.86,162.81,35.13,79.53,67.82,87.12,92.5,52.65,35.62,34.45,21.38,22.29,14.16,12.96,53.51,24.25,79.46,42.49,37.64,21.22,53.51,34.941717193325275,102.24794204909779
55.22,152.04,35.07,82.74,68.02,90.0,94.1,60.63,39.73,37.49,21.54,23.9,15.02,12.5,48.55,21.84,70.91,40.74,35.02,21.26,54.19,34.05624549776226,103.80019010136931
51.44,154.49,33.35,77.67,67.88,88.27,92.82,56.96,38.2,35.48,20.31,24.63,14.78,14.0,51.05,23.4,76.24,40.64,37.96,21.64,55.69,34.66077577801931,92.7885943644614
85.0,157.9,39.85,119.43,103.53,115.94,112.31,66.41,41.33,37.62,23.63,27.13,16.72,13.82,52.7,23.22,76.38,40.94,40.34,33.3,54.54,36.83397001725444,130.89599962684667
70.84,169.76,37.77,97.57,82.92,100.12,107.63,59.89,38.65,36.65,21.05,27.29,15.66,15.06,57.9,25.06,86.89,39.6,44.11,26.21,54.51,38.14363289254602,88.8126867632082
52.23,153.9,34.04,80.37,72.9,92.09,95.42,56.14,37.17,32.98,19.52,22.64,14.07,14.04,49.96,22.68,74.24,38.03,36.44,21.58,54.66,35.09372245788436,76.80422686046393
59.63,159.38,35.05,89.6,72.12,92.02,98.11,58.98,39.07,37.33,21.24,24.93,15.32,14.24,53.44,25.06,78.87,42.91,38.52,24.58,54.68,36.03501208866716,112.65326558590783
54.35,159.09,35.7,84.59,68.71,85.87,98.43,54.11,39.89,35.41,21.2,25.43,15.5,15.11,53.69,25.01,77.55,41.82,37.6,23.16,55.02,37.045957858940504,93.89161880519248
57.67,163.57,34.52,93.78,72.43,90.72,97.92,52.48,36.45,32.58,18.95,25.2,14.5,14.75,54.02,24.59,82.11,40.18,41.18,26.06,54.78,35.89207995746639,82.4931913572209
50.2,155.31,34.34,79.77,68.63,87.8,92.53,55.93,37.14,31.85,19.69,23.64,15.14,13.97,49.78,21.81,78.12,38.74,37.91,21.68,56.08,34.78638867665479,97.5555576649337
53.48,160.8,36.35,83.14,72.63,88.81,96.23,52.23,36.05,31.02,19.45,23.96,14.33,12.77,52.22,22.01,79.83,42.82,39.05,21.71,53.89,35.15274599055305,112.12230040070341
62.83,152.94,36.98,101.24,83.92,99.42,104.73,56.66,38.17,34.88,19.37,28.03,15.26,13.3,53.04,23.18,75.42,35.83,36.24,28.82,55.33,35.42644461668584,102.57519960855791
62.86,173.44,35.65,85.26,72.9,93.96,102.28,57.43,37.72,32.22,19.14,25.98,15.08,14.62,57.74,25.14,86.57,43.92,42.87,23.27,56.84,37.48731793705147,87.51316383897597
72.39,158.41,38.73,103.12,87.52,102.86,105.68,64.82,42.14,39.73,21.92,27.8,16.09,14.17,51.3,23.77,75.88,42.38,38.65,27.98,54.7,36.82589495224969,127.92846796653498
53.73,148.72,37.63,90.82,77.71,89.71,98.61,53.84,35.24,32.13,19.71,25.63,15.35,13.02,47.56,20.8,69.71,34.69,35.39,24.09,53.45,34.54514929581682,77.51129117706802
74.86,153.41,40.53,108.41,102.75,110.62,108.41,62.82,41.88,36.73,21.36,26.06,15.37,14.33,51.51,22.99,74.12,40.68,34.96,29.66,53.3,37.37373087955103,146.56409699514586
68.9,169.33,36.65,90.02,81.58,101.91,104.16,63.29,42.22,36.61,21.25,25.86,15.93,15.15,52.3,22.73,82.42,45.01,42.43,23.7,55.72,37.96180184153485,108.67935078784524
65.01,162.69,37.68,91.81,77.28,98.28,100.24,60.5,39.84,36.18,21.11,26.49,16.14,13.32,52.71,22.05,78.03,44.43,37.83,26.56,55.97,35.86013453388194,132.79892187177927
71.88,166.29,39.73,98.1,86.37,101.93,105.65,58.1,38.64,34.21,22.02,26.71,16.84,14.06,53.54,21.64,80.17,38.09,41.31,27.31,56.49,36.92626599594877,85.74164003493325
56.53,164.06,35.73,84.18,72.84,88.88,98.79,54.72,37.2,32.72,20.43,26.92,15.59,12.63,53.96,23.07,83.32,43.64,42.15,23.36,51.86,35.04872015552319,103.6300131068823
64.19,162.07,38.52,92.3,79.41,98.62,97.47,57.09,37.82,37.77,22.43,26.54,16.79,11.83,52.65,22.77,76.27,41.78,36.72,26.12,57.72,34.558996346949584,133.38674223096757
67.32,171.16,37.41,89.3,75.5,94.74,104.17,59.75,41.73,34.6,21.81,26.53,15.94,15.25,56.04,24.59,84.89,45.4,39.79,23.93,58.33,38.742819061418324,121.32079061514969
55.67,164.03,35.59,89.32,68.67,89.28,96.66,54.05,38.4,33.67,19.71,23.63,14.13,13.07,53.07,23.42,81.88,40.44,39.96,23.69,55.41,35.23937977177168,100.29760335158244
64.0,160.0,37.41,87.24,80.38,96.85,101.78,59.52,41.14,36.01,21.72,26.81,15.86,13.16,52.41,23.69,76.75,39.17,37.96,23.7,54.66,35.79125953925903,88.52123364785575
82.97,157.47,36.33,107.3,96.11,118.96,106.42,70.35,45.48,39.91,22.47,28.95,16.29,14.07,50.19,21.08,71.14,41.6,35.96,29.08,53.96,35.80357556028561,113.75029163938348
81.84,166.41,38.33,102.89,86.03,107.36,109.19,70.46,45.77,40.6,22.54,28.73,15.57,14.59,53.52,23.36,81.7,45.38,41.61,26.33,56.03,38.01768321667523,133.97290092639514
52.91,156.95,37.86,86.65,70.41,85.8,97.71,53.96,37.72,34.25,19.99,24.12,14.14,13.4,54.08,23.49,76.79,39.89,37.4,22.93,55.72,35.90774479123205,107.31300535263597
57.72,149.82,35.94,92.97,81.16,95.34,101.43,55.54,36.84,31.84,19.6,24.51,14.99,13.63,51.62,23.92,71.97,39.9,35.37,25.58,55.08,35.57745728975442,103.38292730787009
49.29,146.39,35.17,84.32,71.75,86.99,96.08,53.81,35.65,31.87,18.71,24.85,15.24,13.74,48.54,21.07,71.33,37.69,35.98,22.74,53.36,34.61456784174023,88.7216831387276
54.39,166.21,35.66,82.77,70.8,87.18,96.73,53.06,38.27,35.17,19.68,23.73,14.68,13.67,55.88,24.93,87.13,41.0,41.19,21.81,55.48,36.207458113530485,109.8779924157958
58.96,153.48,37.38,92.37,71.93,94.86,101.71,59.37,38.13,34.76,20.22,26.08,15.81,14.47,48.45,22.48,73.37,40.36,36.36,24.69,55.76,36.72499502542279,116.07885849535597
53.04,155.79,36.13,82.8,68.6,90.08,97.5,53.9,38.58,32.46,19.34,25.08,15.0,13.26,48.65,21.38,72.33,40.9,35.08,21.79,54.77,35.41196124240609,95.60128397803521
78.76,160.57,38.67,102.25,93.32,110.4,104.29,67.72,45.16,35.1,21.65,27.34,16.45,12.94,53.39,21.46,79.31,37.69,41.55,28.01,55.6,35.03781806777224,99.52673544791838
65.23,153.79,40.06,97.7,83.0,101.53,100.57,63.3,39.76,34.55,20.02,26.75,14.55,12.82,47.65,20.55,73.57,40.22,38.0,25.78,53.88,35.092124769545826,132.93236421350946
74.66,162.04,41.52,101.95,98.97,106.24,107.5,61.76,42.6,35.16,21.86,26.99,17.1,15.27,53.48,23.16,75.6,41.25,38.1,28.34,58.12,38.377962268384216,118.44742869735171
69.8,166.08,42.01,103.32,90.35,101.2,108.02,56.88,36.44,35.12,21.17,27.25,16.39,14.56,54.1,23.24,81.45,38.32,41.13,28.1,54.75,38.18078008612628,109.37740055586698
54.7,160.21,35.12,87.78,70.57,90.74,97.3,54.15,37.71,32.33,19.51,24.1,13.66,12.99,53.23,23.17,77.41,42.26,37.06,22.97,56.04,35.28587711307502,108.88538529356725
54.67,152.65,34.86,84.47,76.45,93.55,95.71,57.76,37.85,33.15,20.51,24.12,14.76,12.71,47.63,20.75,72.93,40.47,32.92,22.22,55.39,34.49001719001893,121.67804895112658
50.52,159.91,33.64,80.6,66.99,88.46,94.88,53.6,35.65,32.89,19.81,23.09,13.96,13.48,52.63,22.32,75.54,47.87,36.32,21.03,52.22,35.520773904110555,119.8614255979802
70.02,152.8,40.83,105.23,99.45,104.08,105.98,60.17,38.21,34.21,19.53,25.06,16.04,13.04,51.24,21.95,70.18,37.9,35.89,29.22,54.53,35.696293583049346,105.79453049723446
53.06,153.08,36.51,85.72,72.36,89.13,97.88,53.29,36.65,31.97,19.42,24.95,15.26,12.81,50.1,21.45,72.69,41.91,37.19,23.2,52.14,34.79264507912455,99.60706038694639
70.46,156.98,39.45,96.25,85.04,99.37,105.09,64.34,43.42,41.6,22.27,26.61,15.56,13.71,52.34,24.26,74.48,42.12,35.18,25.52,54.79,37.086337244415716,132.31020531677905
62.12,162.39,35.59,96.27,74.22,96.36,105.57,56.99,37.06,32.97,19.8,24.92,14.91,14.28,55.84,24.13,82.03,40.84,41.22,25.86,56.74,37.17184796451514,101.71535713799005
65.79,152.31,40.79,100.6,87.43,101.64,103.14,58.44,38.02,34.12,21.48,26.79,17.04,13.32,47.75,20.56,70.6,36.34,36.85,27.5,55.13,35.65655345121064,105.98742531678687
44.78,146.21,35.48,79.01,67.23,83.49,91.91,49.99,35.17,32.01,20.24,23.62,14.66,12.73,47.45,21.39,69.63,36.21,33.37,20.55,55.99,33.86693964340203,91.94717982529897
64.64,162.13,41.69,95.08,82.8,96.42,102.94,55.28,38.55,33.52,20.81,26.78,16.28,13.41,52.22,21.95,77.43,41.25,38.88,25.55,55.38,36.856818746249814,122.31163132221661
49.82,153.77,36.48,87.2,68.24,89.14,97.52,52.72,34.75,31.94,19.77,24.09,14.42,13.21,49.93,22.17,74.69,37.29,35.56,22.56,53.56,35.397986578278896,99.589833225652
60.15,158.33,38.16,92.01,77.72,94.27,101.79,57.0,37.03,33.63,20.4,27.24,16.74,13.55,49.43,20.86,74.55,40.24,35.66,24.99,57.16,36.265531162232655,117.17272030027436
71.05,168.63,37.89,97.01,82.5,105.54,103.32,60.81,38.05,33.22,20.31,25.09,16.42,15.14,59.2,25.01,84.62,40.85,42.66,27.46,54.98,37.497485271890724,97.04424547476833
99.81,164.49,43.92,119.4,111.87,122.84,111.34,71.62,46.72,38.75,26.13,30.75,18.58,12.35,53.8,23.51,79.95,39.42,37.12,33.67,58.24,36.310388565971486,156.98668130990256
55.01,166.38,35.22,79.75,69.48,89.89,95.93,54.56,37.68,33.22,21.12,24.93,15.12,13.88,53.66,23.74,81.78,45.43,38.05,21.39,54.95,36.35506774671456,119.11072330201864
59.94,165.43,37.51,85.54,73.86,93.43,98.71,58.18,38.36,35.15,21.6,24.98,15.25,13.72,54.64,24.13,84.12,40.68,41.96,22.8,55.0,36.355068777610065,107.44719384109214
50.17,158.92,32.69,75.54,65.4,85.64,92.39,52.67,38.57,33.08,20.35,24.37,14.92,13.95,54.94,24.81,77.85,41.93,35.53,20.14,54.99,35.23215912938151,89.19910939337524
59.56,160.06,35.81,82.67,70.2,90.7,98.04,59.14,43.35,36.88,23.0,24.86,15.37,13.83,50.75,22.26,76.39,45.31,36.56,22.27,56.34,36.29905446254793,122.88282340235025
59.78,166.77,37.16,89.82,75.46,93.68,98.47,55.75,38.7,35.18,20.87,26.9,15.46,13.81,55.18,24.96,86.1,41.21,40.96,23.19,56.14,36.558420938374226,127.5940992367448
79.55,163.52,37.97,99.37,85.2,104.54,108.46,70.71,46.75,41.97,26.05,28.94,17.1,14.9,52.75,23.23,81.69,39.61,39.93,24.63,56.61,38.22311624948791,117.71366621478955
75.23,165.09,40.88,99.81,88.26,102.62,108.93,66.08,44.58,37.72,22.1,28.31,16.1,15.23,56.76,24.21,82.12,42.62,41.2,26.43,57.88,38.98322582654328,132.40561056498734
51.96,160.17,35.14,84.6,67.77,88.08,95.08,53.9,35.26,32.68,20.5,23.73,14.79,13.33,54.88,24.48,80.92,38.98,38.04,22.07,55.69,35.36403684306784,102.96833791307529
69.63,151.6,37.64,102.46,86.09,104.49,102.78,62.54,43.25,37.67,21.93,26.5,17.14,14.09,49.21,21.44,73.89,39.53,36.69,28.4,55.88,35.88954869557159,131.67831534910817
55.51,155.8,36.82,95.44,81.89,93.96,101.43,52.81,33.73,30.55,19.14,24.1,14.33,13.27,52.9,21.27,75.01,37.72,35.11,25.08,57.0,35.83173427633571,109.41266925745248
59.5,157.81,37.26,89.91,72.54,94.61,100.44,57.7,40.59,35.27,21.23,24.98,14.65,14.14,51.33,22.29,75.82,41.54,37.31,23.21,56.15,36.72893502980466,117.0166148179303
46.05,162.3,35.54,83.6,65.15,79.79,97.07,47.48,33.33,29.95,19.09,21.85,13.72,15.51,53.7,23.9,82.22,43.05,38.67,21.55,54.56,37.81584294073545,107.01029968460801
52.56,157.79,34.35,88.76,68.03,89.51,97.02,53.66,36.22,32.75,19.16,25.11,14.9,13.24,51.21,22.7,78.11,41.72,36.66,23.23,54.9,35.254827457407394,118.29715912038012
58.04,157.27,37.37,87.61,73.74,93.97,100.29,56.69,38.22,35.36,21.41,25.91,16.29,13.09,53.41,23.4,76.72,37.37,36.64,21.66,55.64,36.08011320556009,103.43352495478536
66.94,164.05,42.66,95.77,84.34,97.07,106.61,58.96,36.02,34.78,20.87,27.93,16.56,14.37,51.26,20.99,78.56,40.09,40.77,25.29,55.43,38.076645565956035,114.45926688346628
57.49,160.95,37.14,82.57,69.95,92.84,97.41,57.01,38.16,35.08,21.63,25.62,15.43,13.79,51.2,22.39,76.78,41.6,39.49,21.51,54.66,36.023014612670465,98.23763126430941
64.92,164.75,38.44,87.29,76.71,99.27,99.79,62.45,40.89,35.25,20.91,24.53,15.6,12.87,52.5,22.74,79.56,43.26,38.36,23.79,57.76,36.06208634690409,130.529141123439
73.56,154.7,38.29,96.0,89.57,105.28,102.74,65.36,45.79,38.53,23.25,28.75,17.38,14.99,52.46,22.88,74.46,38.77,35.87,28.37,57.56,36.5262168259028,113.81510081838974
83.77,163.47,41.95,103.3,96.33,109.67,103.62,69.21,46.44,39.05,22.25,29.28,17.0,13.57,52.95,23.12,78.39,39.92,39.14,29.64,55.76,35.91495720503224,119.79662298438086
45.46,150.44,34.87,79.72,67.08,80.91,92.62,50.78,33.01,33.22,18.87,24.44,14.05,12.71,50.5,21.9,72.16,37.56,35.19,20.49,56.4,33.92146838770923,87.76816903333759
66.17,162.84,38.01,86.48,80.79,96.94,100.42,61.62,41.88,37.48,23.02,28.09,15.81,15.2,54.23,22.77,79.99,45.15,39.82,24.36,53.28,37.32270211382688,123.15788794589957
54.26,168.62,36.33,80.94,77.3,89.34,98.93,51.63,33.95,30.9,19.2,22.61,13.69,12.84,56.9,24.41,84.62,44.13,40.16,21.57,56.11,36.242371676251004,111.70074030451764
54.12,163.06,35.77,82.72,68.43,87.82,93.08,52.38,38.08,37.08,21.42,25.4,15.04,13.28,53.08,22.95,81.08,43.91,38.01,22.29,55.69,35.295563858267286,132.0996382869571
55.74,158.17,37.19,86.34,71.77,90.96,95.91,56.63,37.86,35.35,20.43,24.92,15.44,13.48,51.35,22.53,78.3,39.46,38.81,22.7,53.37,35.36011342016165,106.8272469945914
57.99,153.57,34.74,87.69,74.27,97.12,95.23,58.39,39.51,35.43,21.24,25.74,15.21,13.04,49.11,21.68,74.26,44.27,35.59,24.85,54.82,34.3887298560208,139.96049359087056
55.19,159.68,36.9,82.38,70.19,88.33,96.62,57.05,37.99,34.74,20.74,25.75,15.68,13.53,52.39,23.8,78.51,41.88,38.31,21.89,55.63,35.83547497196255,112.61747512461545
60.97,155.36,38.35,92.54,76.42,92.32,99.76,61.44,40.87,37.35,19.83,27.12,15.62,13.5,49.57,21.47,75.7,39.56,39.06,25.36,54.28,35.354605243853335,109.89194386938726
55.42,152.5,33.99,95.72,79.15,94.48,97.65,54.38,35.46,32.32,18.92,23.65,14.25,13.0,51.58,22.01,75.96,36.89,36.21,25.03,54.21,34.28054751482237,100.39538080619394
53.58,151.05,36.52,85.67,72.15,90.25,96.55,55.76,37.63,34.47,21.24,26.24,14.62,13.11,52.66,23.04,74.8,35.43,34.12,22.3,53.88,34.951120970557156,101.01872014676877
52.78,157.8,36.54,87.49,71.78,91.04,98.93,53.9,34.86,31.43,18.95,25.28,14.28,15.0,49.85,22.03,79.38,39.71,38.21,22.94,53.41,36.887841856285945,109.24776218167813
65.01,167.74,36.68,89.02,77.27,99.75,103.86,59.67,39.23,34.51,20.59,23.86,15.36,14.83,57.68,25.22,84.39,44.34,41.1,24.25,56.12,38.09850348979497,116.65531125206621
66.25,165.11,38.42,92.5,82.48,98.62,104.4,58.65,39.11,34.5,21.22,27.26,16.16,15.21,54.94,24.1,80.61,43.94,38.96,23.67,56.22,38.504471293475056,125.2200521988957
64.13,151.96,34.68,98.67,81.42,101.71,99.35,59.45,41.95,36.4,21.78,23.76,15.07,13.47,49.67,20.78,75.09,38.43,37.9,28.52,52.93,34.31715540942342,103.51034064996145
62.86,163.0,35.32,90.07,82.8,99.34,102.87,57.94,37.08,33.93,20.81,25.67,15.43,14.55,52.55,22.39,79.53,40.6,39.6,23.95,56.01,36.82234706005784,94.03673045661174
59.51,163.4,38.01,84.43,76.93,93.42,97.92,56.86,38.37,35.88,21.59,25.27,15.4,13.25,51.86,22.07,75.68,46.34,36.97,21.69,57.96,36.376772982774355,137.23385279088313
70.63,152.88,37.85,98.26,85.04,106.4,106.13,65.21,42.23,37.53,23.09,29.97,17.49,14.24,49.67,22.36,75.28,38.81,36.1,25.93,55.46,36.8936098037455,133.1826133518
58.24,170.55,37.32,84.66,71.56,93.91,97.98,54.33,37.16,34.75,20.78,24.34,14.79,15.42,55.01,23.6,83.86,45.31,41.22,22.92,56.89,38.014149558857916,121.99952850190562
48.6,155.52,36.29,79.67,67.7,86.33,95.79,50.59,35.99,33.0,19.58,23.28,14.99,13.85,53.13,23.47,75.24,39.73,35.14,21.53,54.69,35.98716498363812,97.90064162894174
52.99,164.07,35.48,77.37,68.07,89.47,90.16,54.42,38.28,33.95,20.92,24.08,15.22,12.97,53.03,23.26,78.86,43.49,37.27,20.15,52.63,34.65235985996231,106.79525823086306
65.38,161.57,38.51,99.0,86.94,102.45,105.67,58.91,38.94,33.69,20.04,26.04,15.05,15.02,53.18,23.58,80.43,40.53,40.49,26.49,54.66,37.81073654735761,116.37267295876535
55.69,158.72,38.85,90.68,76.41,93.47,102.94,52.1,36.31,32.42,19.69,23.86,14.75,15.15,53.63,24.33,79.15,38.07,38.07,24.74,55.29,38.04342359909181,103.14253240025135
61.84,162.87,37.65,94.01,73.04,93.49,101.4,58.1,38.81,33.72,20.1,25.48,15.12,14.64,51.94,22.44,79.92,41.17,39.01,25.73,54.37,36.975495966148465,106.61839442950497
59.1,159.16,38.24,86.17,72.39,94.22,99.97,57.97,39.45,35.88,20.87,24.84,15.04,13.81,52.8,21.84,74.71,41.83,35.31,22.9,53.96,36.695138144016816,114.33492118479552
54.14,153.8,35.09,86.83,68.82,94.24,96.54,56.77,37.01,32.59,19.7,24.67,14.07,13.31,49.83,21.0,74.95,36.74,37.1,22.5,54.82,34.704612396303844,90.66978905311532
75.69,163.88,37.91,95.55,85.47,107.81,101.95,67.28,47.99,39.27,23.76,27.35,16.54,13.69,52.44,24.24,79.84,40.3,38.08,25.54,54.38,36.25506473096238,115.2999090794741
44.19,147.43,33.65,82.85,66.66,84.45,91.16,50.73,33.61,32.05,18.92,21.94,12.62,12.53,47.24,20.58,72.05,39.24,34.57,22.43,51.52,33.149825472489354,102.52360427080447
52.85,160.35,35.0,82.17,68.65,89.35,96.03,54.87,37.04,32.91,19.15,22.85,14.81,12.76,50.27,22.45,76.77,41.1,37.07,21.42,54.9,34.97167951318752,94.1827147492229
66.15,163.03,35.61,90.83,79.46,99.52,97.24,62.3,40.95,36.77,22.16,25.64,15.4,12.55,53.28,23.25,82.64,39.32,40.19,24.19,55.74,34.47073386586221,111.22153147685196
55.13,161.62,34.68,83.69,70.26,94.23,95.43,54.38,37.28,33.14,20.61,24.39,14.75,12.43,53.33,23.76,78.13,43.47,38.27,21.94,55.38,34.721982518251835,112.93582079763382
57.39,147.91,36.84,99.14,82.64,92.32,101.1,53.23,35.73,35.85,21.88,25.71,15.69,13.27,49.71,21.39,71.76,37.15,34.9,26.69,53.94,35.15013395674582,114.41625811305516
67.48,170.54,35.53,93.73,76.86,98.13,104.15,59.37,42.26,35.44,22.22,25.5,15.21,14.96,56.75,24.8,84.59,43.31,42.19,24.96,55.6,37.795067450719436,94.83860719553525
55.53,156.31,34.32,83.41,70.58,91.07,99.5,56.72,38.68,36.95,21.21,23.91,15.33,14.83,50.79,21.66,75.97,40.28,36.25,21.32,55.8,36.845970123786714,99.60827788880198
57.81,164.42,35.6,83.95,73.71,89.61,98.01,55.18,38.95,32.53,20.45,24.94,15.44,12.37,55.03,23.74,78.63,46.52,38.98,22.46,58.92,35.319164297267484,118.6967179457472
79.17,171.08,38.29,87.93,79.94,108.13,108.13,66.32,46.02,41.91,24.18,28.89,16.69,14.49,54.87,24.0,83.24,41.14,42.58,22.99,55.4,38.17701336025788,86.79922075187415
76.33,168.88,38.28,97.74,88.32,107.03,107.08,61.53,41.68,35.02,21.57,28.56,17.39,16.04,54.99,25.07,81.58,43.42,41.12,27.31,58.25,38.764387113337136,105.05254307842716
52.01,152.1,34.0,82.59,68.55,92.16,92.67,55.77,37.25,32.56,21.03,26.54,16.38,12.79,48.3,21.71,72.83,38.44,35.99,21.48,52.28,33.61763221911141,90.34502679328409
52.29,155.89,35.36,82.55,67.0,85.54,97.11,54.56,39.53,36.07,21.69,25.39,15.28,13.92,50.46,21.78,71.85,45.46,33.09,21.66,54.67,36.29281618193105,124.02687535339783
55.38,166.41,35.56,83.65,71.1,89.35,96.42,54.39,36.83,34.0,20.02,24.95,14.64,14.82,56.45,25.0,83.63,42.27,40.68,21.99,56.37,36.83396472032484,102.402285805992
60.89,151.49,35.94,99.83,85.79,94.63,102.76,54.57,36.17,34.54,19.92,26.04,15.27,13.61,49.82,20.28,66.77,40.05,35.52,26.25,57.03,35.30129400485696,87.99731037600998
54.0,165.96,36.26,83.37,67.78,88.9,98.25,53.73,37.41,34.07,20.26,24.28,14.52,14.26,56.0,25.81,82.98,40.97,39.17,21.45,53.71,37.06237115710852,96.55790550400815
61.95,160.76,35.38,92.31,75.71,95.77,97.41,57.58,41.06,35.7,20.94,26.91,15.73,12.92,53.65,23.01,76.44,42.01,37.61,25.32,54.75,34.65981792068101,104.43437582336736
44.33,154.82,32.75,87.66,71.61,81.92,91.0,46.26,30.76,27.18,17.71,21.42,13.56,12.2,51.82,23.07,76.39,41.4,37.12,24.69,54.52,32.90278232650197,96.13252376451817
61.84,160.91,35.4,98.16,77.41,96.72,98.6,57.68,38.45,32.02,19.47,25.06,14.82,13.33,52.14,23.23,78.21,41.07,39.07,27.67,55.52,34.800806272615446,102.62888215581415
69.77,160.09,37.63,95.32,89.11,99.4,100.26,62.73,41.51,38.03,21.98,27.16,15.88,12.71,53.05,23.56,78.41,45.53,40.05,26.1,56.01,35.07692844893021,140.91278912108794
57.6,156.02,35.02,89.55,77.88,95.75,100.34,57.77,36.67,31.99,19.77,24.07,15.06,13.8,52.17,21.83,74.26,44.2,37.61,23.76,54.01,35.88566549871633,112.28304897450562
69.5,151.8,43.87,103.9,91.17,104.9,108.58,62.19,40.54,35.19,20.46,26.72,15.36,13.59,48.44,21.07,73.63,34.85,38.16,27.08,55.86,37.20957361197601,124.95153242040203
52.98,158.2,34.09,83.21,68.79,86.78,93.01,53.03,37.77,35.85,21.49,26.16,14.98,12.54,52.8,23.43,77.86,40.96,38.24,21.87,54.88,33.954404990065534,101.13132703845122
57.44,159.99,38.15,87.47,75.56,90.57,100.19,55.31,37.82,34.95,21.75,27.2,15.24,13.24,53.55,22.51,77.62,39.56,38.99,21.6,57.22,36.23863407203227,108.37602180977319
61.99,158.16,38.01,92.06,75.81,95.25,99.78,62.18,40.05,32.7,18.67,27.72,15.44,12.13,53.84,22.5,80.92,34.41,40.54,24.17,54.41,34.29521814805109,89.00876473089659
66.35,169.85,37.02,87.21,81.53,97.3,102.83,59.71,39.4,35.04,20.77,27.79,16.4,15.27,53.95,23.76,83.66,45.92,43.8,23.5,54.39,37.79676162295649,102.621436047764
60.97,155.84,39.37,99.89,84.02,95.95,105.34,53.09,36.53,34.55,19.07,26.19,16.0,15.53,52.34,24.7,76.58,40.46,40.77,27.26,54.2,37.95429806713824,106.96952322178811
51.83,156.56,35.69,85.45,68.11,89.19,97.17,55.66,37.05,31.92,19.11,24.06,13.34,13.28,52.0,23.29,77.6,40.24,39.23,22.06,53.86,35.26079049585397,97.92927346164163
72.19,157.4,40.67,105.8,94.2,105.75,109.71,60.36,39.2,36.44,20.62,27.13,16.61,15.3,51.84,21.55,74.94,39.55,38.71,28.33,56.88,38.37998696548858,120.54213677226835
53.9,162.4,35.5,86.57,73.45,89.04,99.15,52.01,37.87,32.62,20.55,24.29,14.34,14.13,51.52,22.98,80.77,42.62,38.61,23.16,54.16,36.553860336904,108.98427051764389
55.5,158.43,34.88,82.74,73.39,94.38,96.43,57.6,37.09,31.61,19.25,24.23,14.56,12.83,54.39,22.12,80.24,39.64,42.22,21.36,53.69,34.45712275620364,88.22629861567003
65.31,158.69,37.44,97.22,83.87,95.52,100.78,59.33,39.3,34.59,19.51,25.68,15.62,13.04,54.34,22.66,79.32,39.67,40.85,27.2,56.42,34.93891928674053,104.892876844444
91.59,164.46,40.52,119.64,106.24,114.61,113.82,66.63,45.24,39.59,23.31,30.24,18.12,13.99,54.67,23.98,79.29,45.39,41.55,33.59,53.63,37.39913986176934,135.64813952503914
69.7,167.92,40.43,101.82,84.14,96.92,104.88,59.34,39.01,35.01,20.65,28.01,15.76,13.97,55.31,24.53,81.81,42.44,41.91,27.72,53.53,37.12955065719155,110.01714678185402
53.0,156.67,35.47,86.75,73.89,91.36,96.71,54.59,34.93,31.06,20.02,24.74,14.27,14.04,50.73,23.25,75.32,39.59,36.01,22.79,54.01,35.658358853611716,95.86620289372473
57.1,154.74,36.43,91.18,78.36,90.29,101.58,56.34,37.13,33.08,20.37,23.45,15.04,13.4,53.11,23.28,74.87,38.88,37.69,24.53,55.18,35.74807440447671,88.07875978592381
61.08,166.71,38.15,91.94,75.68,93.36,99.39,56.59,37.43,32.76,20.4,26.38,16.23,13.93,55.17,23.51,81.65,38.81,38.62,25.83,54.18,36.29923698025468,93.66437188092857
57.17,166.58,35.03,83.38,70.9,90.16,100.89,54.88,36.97,32.74,21.23,24.85,15.46,13.67,57.59,24.6,81.48,48.49,38.41,21.93,53.61,37.13107882153677,124.04713270931143
59.55,163.73,36.1,84.23,70.82,93.16,100.62,57.1,39.71,36.02,20.9,24.92,14.38,13.89,54.33,23.19,80.36,42.56,39.71,22.17,54.56,36.65883264766842,100.4975101414662
57.63,154.86,37.45,84.03,68.32,97.08,96.02,58.21,40.84,36.37,21.82,24.99,14.66,12.8,51.52,22.36,75.3,39.7,37.86,21.34,53.83,35.05544778446999,115.34782538831519
65.5,167.5,37.54,92.03,78.41,93.75,103.65,59.64,39.78,37.83,22.1,26.65,16.3,13.69,57.49,25.36,84.29,42.42,38.26,23.58,56.55,37.558650249312855,129.2318697344698
51.6,156.24,38.01,83.57,70.71,88.38,99.42,52.51,34.82,33.08,19.14,25.07,15.03,13.0,52.69,22.98,76.09,42.19,35.4,21.48,51.37,36.238732633751155,122.07411403297067
50.2,163.1,33.68,77.76,67.14,86.08,95.06,52.11,35.08,32.94,20.05,23.9,14.63,15.11,54.97,24.58,81.74,41.03,37.73,20.46,54.95,36.7517816259226,89.37468454955894
65.93,153.71,42.34,101.32,81.15,97.8,104.99,58.33,39.69,35.38,20.47,27.05,16.35,12.56,53.03,22.47,73.69,36.96,36.25,27.04,57.11,36.21694351579494,127.57990188591225
56.37,164.05,36.96,82.12,72.53,91.7,99.71,55.72,36.82,34.06,20.51,23.92,14.62,14.18,53.54,23.23,80.11,43.81,38.53,21.35,54.3,37.21177744121902,113.45316031722541
52.71,154.73,33.81,81.07,69.51,92.55,95.77,55.44,38.51,34.45,20.51,24.4,15.06,12.94,54.05,23.3,77.68,38.58,36.94,21.52,56.87,34.73138020144015,103.40794762327909
58.86,157.09,39.65,91.35,73.27,95.15,100.4,57.8,36.38,33.04,20.25,25.51,14.81,13.59,49.18,21.41,73.91,42.25,35.63,24.18,57.2,36.61772113750276,139.33005693862162
48.14,161.13,33.72,80.2,62.46,85.04,93.05,48.1,34.24,32.13,20.67,23.48,13.65,13.56,53.17,22.95,83.86,40.12,39.5,23.04,52.83,34.85181496839758,97.5780172060447
56.38,147.73,37.83,96.8,81.92,95.34,101.86,53.32,36.34,31.87,19.27,25.38,15.23,13.61,50.09,21.93,71.52,36.98,36.48,25.75,55.32,35.61712209868196,106.60206397269536
106.78,168.1,43.34,123.6,117.41,124.91,115.42,75.05,48.25,39.68,24.33,31.22,19.42,13.37,57.56,24.33,81.06,41.86,40.57,33.4,57.7,37.403758488783545,137.68476397315737
48.64,151.85,32.62,81.58,69.31,85.71,92.87,52.81,35.94,33.02,20.34,24.26,15.03,12.03,49.75,21.26,73.3,39.65,34.47,20.62,55.41,33.355528165476066,100.53117119027172
87.2,164.45,38.86,99.09,88.47,112.57,107.94,73.85,47.7,42.14,25.24,30.85,18.4,12.8,51.64,23.04,78.02,42.03,39.81,28.31,56.7,35.891622729774205,114.81013136300521
48.63,160.66,35.42,78.54,70.04,83.82,92.03,50.48,33.39,31.42,19.29,23.85,14.89,13.23,53.79,23.68,77.0,45.39,35.24,20.86,55.25,35.243333052710206,122.0370014774619
61.07,166.08,38.19,92.12,75.37,92.0,104.23,55.81,37.76,34.07,20.28,26.76,15.3,14.3,54.02,23.7,81.16,43.36,37.35,22.88,56.15,38.195392140476535,127.81523934688835
58.16,164.7,38.3,89.07,71.22,90.88,96.87,55.27,39.6,31.92,19.47,23.89,14.55,12.89,56.53,25.24,82.26,39.85,39.39,23.91,54.52,35.572557413946726,101.60149801420636
59.85,161.77,38.58,85.64,75.78,90.9,98.99,55.86,40.41,35.37,20.34,24.2,15.1,13.65,56.28,24.11,80.65,42.23,39.26,23.61,53.16,36.38903952524736,109.4151688984523
58.73,157.84,37.14,82.91,74.84,91.35,95.17,60.02,42.47,36.24,21.1,25.43,15.42,13.59,52.38,22.85,76.89,43.01,36.71,22.62,55.2,35.477512367155114,124.09944625765297
59.28,152.93,37.78,94.5,80.9,94.57,102.61,53.96,37.95,32.83,20.04,26.72,16.19,13.29,52.72,21.88,74.01,37.15,37.88,26.07,55.18,35.49669981656058,91.70020424472989
57.12,157.31,40.42,86.07,80.48,91.55,97.36,53.56,37.39,31.69,21.23,24.91,16.45,12.07,53.27,23.89,76.33,41.0,36.57,22.5,58.93,35.48210175923617,136.62741719208543
59.99,165.92,36.48,90.94,73.22,93.77,98.56,55.72,37.09,33.48,20.93,25.99,15.46,13.16,56.87,24.75,82.3,41.8,39.57,25.79,56.12,35.628257733809896,111.13050306019448
60.92,159.53,39.02,91.37,73.13,94.88,100.0,57.09,40.69,36.26,21.73,26.36,15.61,12.89,51.67,22.55,76.02,41.93,35.58,23.6,56.24,36.24811225139356,137.56457782063444
72.73,162.79,38.22,97.28,82.78,104.21,102.97,65.12,45.39,39.85,23.13,28.4,16.27,13.67,55.7,24.61,82.86,39.21,37.5,25.57,54.37,36.69081102869533,133.38488046821692
68.24,162.5,38.31,99.59,86.91,101.86,104.25,59.34,38.67,32.58,20.67,26.07,15.63,12.59,55.87,23.96,79.07,43.76,38.95,27.92,54.19,35.80282848024332,126.82047477898914
55.03,158.94,35.41,89.68,72.59,89.57,99.1,53.67,35.45,34.49,21.07,24.9,15.02,13.7,54.59,23.47,78.65,41.55,35.88,23.46,56.97,36.322655997547734,125.8161250491554
61.51,156.77,40.04,98.1,84.32,95.03,101.52,53.62,36.87,31.4,20.68,27.4,17.22,12.64,53.21,22.89,75.65,38.06,37.95,25.77,55.84,35.54359647034904,111.98675420686294
54.15,157.67,36.16,86.29,70.57,92.37,94.69,54.86,35.75,32.74,19.27,24.43,14.93,11.77,55.0,24.08,78.63,35.82,38.11,23.34,55.69,33.65784637467502,90.70012779568225
57.53,167.61,37.93,82.85,72.23,89.39,103.87,54.1,38.96,32.49,20.8,24.22,15.18,13.96,57.63,25.03,82.82,44.34,39.91,21.91,56.02,38.14201457481732,107.91068879896545
55.16,161.37,37.69,84.48,68.3,89.97,99.46,54.1,37.72,34.29,20.71,24.76,15.43,14.05,51.22,21.91,74.58,39.52,34.97,21.67,56.82,36.98923237533511,95.38183425738907
59.71,166.69,37.65,89.47,72.29,90.69,102.42,54.45,36.75,34.98,20.75,24.85,14.96,14.32,57.07,24.5,79.43,41.72,39.27,24.18,54.97,37.43824895024583,86.89005478006112
98.08,156.55,47.74,126.71,112.81,120.59,119.09,65.72,46.12,40.66,23.85,30.6,18.44,13.8,53.08,22.89,68.92,41.04,36.01,35.51,56.32,38.618276233773194,143.86669349104932
54.5,159.07,32.93,76.47,71.84,93.93,89.35,59.89,38.19,33.49,19.57,24.37,14.51,12.04,53.01,23.95,78.57,41.48,38.91,20.63,53.63,32.71367522757034,93.93533327915856
56.27,161.2,37.15,78.96,69.78,95.6,94.69,58.27,37.73,34.87,20.76,23.94,15.1,13.95,52.79,23.58,77.72,37.48,37.91,21.5,56.09,35.744090802472975,86.60318951455969
55.17,159.87,36.92,85.8,72.0,88.6,98.53,54.13,37.16,33.56,20.62,25.52,14.73,13.39,53.21,23.38,78.21,40.89,37.54,23.02,57.05,35.966253663884444,110.2101726922603
86.96,154.03,38.64,111.32,98.86,117.57,114.85,73.44,51.64,40.88,20.34,29.42,16.13,13.88,50.38,22.54,72.13,39.69,36.82,29.83,54.71,37.0342088700351,110.31665475762316
66.58,164.49,38.61,94.44,80.64,94.89,104.14,58.33,42.5,36.53,22.12,25.92,16.04,13.98,54.71,23.68,80.24,38.27,39.24,24.34,57.61,37.25895598798454,94.2114614003006
60.82,165.68,33.71,87.87,76.03,93.31,95.58,58.93,40.17,35.51,21.38,25.53,15.29,13.24,52.23,22.61,80.06,48.47,38.26,23.27,55.64,35.19756372961956,136.88993895330816
54.31,160.98,35.21,83.39,68.99,89.25,98.48,56.38,35.58,33.87,21.03,24.36,14.47,14.16,53.58,23.26,79.35,42.44,37.81,22.57,55.55,36.4774735069878,109.62716490188535
61.24,163.18,35.09,90.29,73.68,89.26,94.82,56.72,41.03,35.94,22.24,25.39,15.36,11.57,55.51,24.51,78.8,41.67,39.32,26.63,58.51,33.22252789606625,96.55203082502084
71.02,175.52,37.18,90.45,79.99,99.28,104.38,61.83,40.14,35.92,21.5,25.74,15.43,13.89,58.25,25.55,87.72,46.33,42.82,24.26,56.08,37.653780474326794,116.69198344496436
53.84,158.15,33.73,78.36,68.56,90.76,95.08,56.37,39.66,35.04,21.72,24.92,14.99,13.02,51.03,21.2,77.94,38.89,37.06,19.83,53.88,34.73213177148306,90.19172649739562
67.73,178.36,37.72,90.1,73.15,96.89,99.65,58.93,41.57,35.56,22.03,23.87,15.21,13.83,59.09,25.78,87.77,46.28,42.11,23.76,57.17,37.4635012122365,120.33615611722496
52.9,163.0,36.22,83.24,69.57,88.24,97.34,51.63,36.59,33.0,19.33,24.42,14.49,13.37,53.17,23.72,78.69,38.16,36.2,21.74,55.7,35.90122710805058,84.51812889539872
50.68,156.94,32.61,77.49,66.96,90.4,89.0,52.71,37.59,33.22,20.57,22.55,14.45,12.24,51.84,22.98,74.39,43.92,34.33,20.3,57.15,33.49681676777552,117.22320959304136
59.38,166.07,37.18,89.07,72.84,92.39,104.78,57.54,36.32,32.61,20.94,24.56,14.88,14.79,55.92,25.3,82.29,39.65,38.94,22.61,55.11,38.37069266232528,91.09415617625615
66.41,167.48,35.91,86.46,79.52,96.13,100.99,61.28,40.19,36.25,22.59,26.77,16.32,13.52,55.53,24.42,82.02,46.64,40.38,23.52,56.25,36.42853055150704,121.36022319560311
57.95,156.12,35.7,88.3,77.07,92.59,98.8,60.31,39.37,34.33,19.8,24.97,14.68,13.15,51.27,22.19,73.53,43.21,35.55,22.37,54.19,35.43747183492544,115.58691396108634
55.76,160.47,37.48,90.55,77.49,88.35,103.37,52.42,35.38,32.3,20.03,25.17,15.36,13.24,53.59,22.88,81.47,40.66,39.83,23.51,56.72,36.69936191063918,117.22957499134304
55.6,171.38,36.24,80.6,69.68,91.27,99.62,56.26,36.51,33.19,19.46,23.21,13.63,14.93,58.2,26.11,88.8,43.49,41.83,21.55,54.35,38.03774132558552,109.57545420383036
64.88,173.23,36.48,86.87,75.43,96.21,102.0,57.72,40.52,36.58,22.16,25.87,16.22,13.96,59.33,25.6,85.16,44.17,43.39,21.8,55.26,37.42341426616361,94.8911478360975
56.61,160.22,39.05,86.31,70.91,92.57,99.66,56.95,36.3,33.29,19.38,23.64,14.57,13.94,51.96,22.42,78.02,37.05,39.33,21.96,57.12,36.69282845251491,93.43797995201874
73.42,174.7,38.96,104.77,81.17,97.43,108.25,58.42,39.02,38.51,22.28,27.4,16.27,14.18,59.9,26.51,87.94,42.28,44.61,28.73,60.04,38.150999763987826,114.26232477428607
77.42,171.29,40.8,95.73,85.06,105.27,104.66,65.64,43.7,39.38,22.33,28.18,15.85,13.32,54.11,24.11,81.71,39.87,40.72,25.19,55.73,36.884581320388,100.5298312286032
62.23,156.08,35.96,88.08,76.8,98.67,95.61,59.98,41.86,36.06,21.24,26.12,16.06,12.0,53.53,23.26,77.44,37.07,37.27,23.27,52.73,33.66076270619002,97.85063485368971
66.25,152.36,40.82,108.42,85.44,101.85,110.94,58.32,38.0,31.51,19.42,24.51,14.42,13.4,53.11,22.14,74.4,39.03,35.51,29.36,54.86,37.481741885086294,136.27806217166676
58.92,147.43,37.13,97.91,88.49,95.98,100.41,56.73,36.36,32.72,19.74,24.76,14.75,12.57,50.65,20.98,68.69,38.41,33.11,26.17,52.14,34.39845331831467,108.73628145154771
54.8,154.98,36.06,81.06,72.25,92.88,95.39,56.63,38.29,35.9,21.53,25.93,15.29,13.22,52.33,22.71,75.24,42.63,36.23,21.71,56.05,35.246463152311115,129.04843592054317
60.63,169.61,34.75,85.29,74.39,94.65,97.98,55.98,38.61,35.1,21.08,25.9,15.28,14.39,58.36,25.78,82.03,45.66,38.21,22.24,56.7,36.99623580025402,113.51712482803748
55.99,163.77,35.51,82.85,69.77,92.43,98.21,55.2,37.29,32.35,20.22,25.18,14.55,14.03,53.76,23.66,81.35,41.31,40.33,22.0,54.48,36.22107068646696,92.3711326261652
51.47,150.49,36.74,84.63,68.16,89.65,98.13,54.65,37.4,33.6,20.84,26.59,15.99,14.33,46.08,19.91,71.25,37.08,34.13,22.28,52.36,35.97163043126454,94.43412999501868
62.82,158.23,39.01,97.53,85.7,100.0,102.65,53.41,37.57,31.84,20.06,24.59,15.15,13.98,53.52,22.41,75.45,40.53,38.16,26.14,52.46,36.56819397413434,104.4153439608923
68.8,160.94,37.22,102.14,82.98,101.94,97.78,63.02,40.3,36.72,22.07,26.21,15.7,11.53,54.31,23.35,79.6,40.62,40.79,27.33,54.62,33.560635667628524,126.96315576050688
61.01,161.07,37.0,91.52,74.44,93.74,100.69,57.36,39.62,36.29,21.77,27.18,16.6,12.23,54.35,23.86,78.83,41.97,38.89,24.3,53.68,35.28834686434309,116.43460024446807
51.82,157.88,34.42,84.51,70.88,88.45,93.8,53.51,35.17,30.62,19.79,23.78,14.8,13.42,51.94,23.69,78.55,42.48,37.37,22.83,55.3,34.888886855126785,114.04999271507643
52.85,161.07,33.54,82.0,68.54,91.33,93.74,57.13,37.54,31.99,19.66,22.52,13.84,12.76,53.25,22.72,80.64,39.88,39.55,22.51,54.52,34.110860307522366,89.5461788001789
55.11,150.96,37.49,88.41,80.94,91.64,94.07,55.53,38.43,33.68,19.69,25.11,14.95,11.96,51.01,21.87,71.86,39.59,34.21,24.38,55.44,33.548173312577326,121.85115591006866
69.96,166.33,37.19,96.55,84.62,102.24,109.4,60.77,40.64,35.9,20.18,26.5,15.7,15.25,55.39,24.34,80.84,44.98,39.97,24.86,55.06,38.9671758869519,114.86791962034181
54.14,157.8,36.38,83.61,68.95,89.74,98.37,56.12,38.14,33.16,19.55,24.09,13.73,13.08,53.7,23.65,78.04,39.12,39.41,21.34,54.14,35.474968619032964,87.89832575890682
72.59,171.64,43.17,94.53,77.73,101.32,107.2,62.48,40.26,38.38,21.33,27.67,16.34,14.03,59.81,27.57,86.76,40.22,41.26,25.37,56.99,38.93029987543841,129.0325731698715
82.08,157.58,39.52,99.86,83.43,107.84,107.35,73.63,50.72,45.87,26.08,31.13,17.65,13.87,51.75,23.61,74.97,40.63,35.1,26.9,56.77,37.16798265742762,139.72699946820353
59.71,154.99,36.29,90.3,82.88,96.05,98.29,56.6,35.78,33.38,19.42,24.63,14.67,12.5,49.19,22.07,70.21,41.16,35.95,24.36,56.05,34.296355278503505,95.70261090352005
66.42,170.86,34.32,88.68,77.47,97.27,99.35,61.15,40.51,36.22,19.77,26.56,14.66,13.41,58.89,26.43,85.95,46.12,41.2,24.47,58.67,35.90391080915638,121.23481449445012
75.97,176.81,38.4,100.04,87.07,104.31,107.99,62.33,40.45,36.43,20.66,26.17,15.88,15.19,60.36,26.0,91.97,41.08,45.09,27.14,56.05,38.73154766503778,104.0033858438623
53.6,154.34,33.7,84.7,72.53,90.08,93.82,56.89,37.23,34.32,19.61,24.21,14.12,12.28,52.9,23.37,76.14,42.44,36.95,24.2,53.35,33.41603042286738,110.35230733322948
78.72,154.8,37.24,101.62,89.22,112.92,104.17,73.1,47.15,40.25,24.81,27.19,15.89,13.43,53.83,23.53,77.28,40.09,40.21,28.52,56.3,35.39494761984793,130.17731039080036
63.7,155.77,38.92,99.01,84.97,96.31,102.75,57.51,38.77,35.22,22.11,27.2,16.74,14.17,51.34,22.71,75.43,40.69,35.86,26.85,55.35,36.79769934118606,133.3162026992469
61.62,162.41,38.64,89.2,77.02,94.46,100.08,60.23,40.41,34.58,22.0,24.49,15.54,13.55,56.8,24.77,82.64,40.53,40.49,24.57,56.83,36.5035237644156,121.25659186721066
70.24,164.73,37.4,98.08,81.39,101.91,104.79,61.02,39.12,35.67,21.8,27.61,16.0,13.31,54.75,23.63,80.5,44.09,40.6,27.69,55.89,36.28883412951454,123.55137734823802
59.81,162.95,36.07,88.88,73.41,92.31,99.69,59.19,38.47,33.78,20.27,25.7,15.76,12.71,54.66,23.74,81.49,42.76,40.52,24.22,55.33,35.345535461558384,113.26496483191914
81.54,169.32,38.66,103.25,95.32,108.86,109.56,61.9,42.71,38.77,22.93,30.24,17.8,14.5,56.13,24.5,83.03,39.33,41.64,27.71,56.02,37.69181494588055,92.8021572491366
60.7,166.51,37.8,87.87,75.61,93.17,102.1,56.14,36.6,35.1,21.64,24.97,15.35,13.05,54.07,23.46,82.68,44.78,40.15,23.52,55.07,36.77572491371917,130.29467195893926
57.51,164.57,33.69,91.2,76.99,94.89,100.36,53.35,34.84,33.4,20.01,23.22,14.34,14.47,55.1,24.73,80.94,45.14,39.94,25.23,55.55,36.63916981468857,109.94804067052814
45.16,158.83,35.3,76.36,64.25,79.76,95.65,47.34,34.4,33.21,19.64,22.38,13.79,14.42,51.69,23.09,79.26,40.19,37.77,19.79,51.9,36.46771006959105,82.83710503695715
68.18,179.49,39.23,91.24,76.76,94.93,107.58,56.56,38.55,35.75,20.67,24.7,15.59,15.23,60.31,25.75,90.38,45.3,44.21,24.99,57.18,39.74302740677812,108.95758998027338
59.29,165.8,38.31,85.55,74.36,93.85,101.52,55.39,37.79,34.62,20.66,25.23,15.13,12.01,53.66,23.29,80.04,43.64,37.36,22.32,56.21,36.212483780583355,130.0240627244384
53.92,159.93,33.86,87.06,75.95,90.71,94.98,54.19,36.3,31.42,19.32,24.39,13.95,12.91,54.07,23.9,84.01,35.62,40.48,24.01,54.32,33.95629831858297,80.8981827492454
57.75,158.44,37.06,86.34,76.13,93.27,97.66,57.56,38.49,35.0,20.17,24.93,14.74,12.8,50.65,23.22,76.66,40.86,38.38,22.79,57.26,35.15747915237919,112.8445489222828
49.44,154.1,34.46,77.93,71.73,85.13,93.67,54.26,36.4,32.41,19.55,24.57,14.27,12.53,51.49,21.01,74.98,44.96,36.7,19.84,53.51,34.29470467935111,120.58578698356882
87.16,165.77,42.13,119.86,104.17,109.63,112.28,61.12,40.59,36.47,20.68,30.35,18.71,12.36,57.83,24.95,80.93,42.01,41.53,34.46,54.9,36.15865955494701,125.96582879684513
53.31,163.8,35.73,80.26,74.06,89.84,93.0,54.3,38.2,31.25,20.54,23.31,14.77,13.43,55.03,24.17,82.64,42.85,39.37,19.97,54.92,35.5721182150823,115.99422812274065
57.09,166.85,35.87,79.55,73.65,93.24,96.9,56.11,37.43,32.9,19.58,26.78,15.49,13.26,57.74,25.92,83.08,41.74,41.61,20.14,53.71,35.72527539296161,87.37689979318122
58.32,162.13,36.43,82.64,73.17,93.65,98.04,58.42,38.74,34.41,19.76,26.12,15.65,13.85,56.25,25.23,80.69,42.87,39.79,22.78,57.15,36.190237344532015,113.21896830974231
