Stature,Weight,BMI,Shoulder Breadth,Armscye Circumference,"Hip Breadth, Sitting","Hip Circumference, Maximum","Waist Circumference, Pref",Chest Circumference,Thigh Circumference,Ankle Circumference,Crotch Height,Knee Height,Arm Length (Spine to Wrist),Triceps Skinfold,Subscapular Skinfold,SH/S,Waist/Hip,Chest/Waist
1872,156.46,44.64693367,647,564,540.0,1422.0,1385.0,1393,790,317,815.0,622,907,15.0,20.0,0.518696581,0.973980309,1.005776173
1829,101.59,30.36851456,529,489,415.0,1105.0,1002.0,1149,645,288,818.0,580,892,21.0,31.5,0.525970476,0.90678733,1.146706587
1731,91.16,30.42357046,547,479,387.0,1052.0,929.0,1160,654,277,744.0,537,842,13.0,35.0,0.540727903,0.883079848,1.248654467
1828,79.37,23.75220853,477,445,361.0,1019.0,895.0,988,593,263,838.0,589,856,19.0,20.0,0.511487965,0.878312071,1.103910615
1762,88.89,28.63130201,512,499,387.0,1046.0,934.0,1052,587,273,794.0,550,859,8.0,24.0,0.52553916,0.89292543,1.12633833
1806,97.96,30.03400747,519,495,409.0,1099.0,984.0,1092,636,279,807.0,555,879,20.0,26.0,0.526024363,0.895359418,1.109756098
1702,78.68,27.16096774,495,417,388.0,1036.0,896.0,1041,598,254,730.0,510,813,13.0,25.0,0.542890717,0.864864865,1.161830357
1705,63.49,21.84019745,452,396,338.0,932.0,771.0,900,548,262,790.0,539,831,11.0,14.0,0.507917889,0.827253219,1.167315175
1836,74.83,22.19884565,493,452,334.0,916.0,769.0,953,550,240,870.0,594,881,10.0,11.0,0.509803922,0.839519651,1.239271782
1771,86.17,27.47381507,519,462,394.0,1052.0,943.0,1088,599,257,790.0,543,843,9.0,23.0,0.530773574,0.896387833,1.153764581
1829,99.77,29.82445809,539,451,411.0,1085.0,1005.0,1171,628,279,795.0,588,890,11.0,18.0,0.514488792,0.926267281,1.165174129
1704,82.77,28.50583548,539,452,380.0,1012.0,845.0,1042,614,245,768.0,537,818,6.5,0.0,0.524647887,0.834980237,1.233136095
1712,69.61,23.75002729,489,397,380.0,956.0,846.0,998,559,248,786.0,540,815,11.0,11.0,0.51635514,0.884937238,1.179669031
1680,90.02,31.89484127,550,489,376.0,1063.0,966.0,1122,641,258,746.0,534,838,6.5,0.0,0.520238095,0.908748824,1.161490683
1637,69.16,25.80819466,497,438,353.0,985.0,846.0,945,570,235,721.0,512,831,12.5,9.5,0.506414172,0.858883249,1.117021277
1819,81.41,24.60437608,493,442,380.0,1038.0,885.0,1015,590,262,824.0,567,861,8.0,13.5,0.522264981,0.852601156,1.146892655
1714,77.32,26.31905006,489,459,376.0,1034.0,863.0,988,620,257,804.0,560,806,9.0,0.0,0.498249708,0.834622824,1.144843569
1840,93.88,27.72920605,561,480,392.0,1040.0,925.0,1097,609,271,807.0,571,870,12.0,23.0,0.538043478,0.889423077,1.185945946
1854,76.64,22.2964662,512,439,335.0,943.0,758.0,1022,571,262,856.0,592,893,2.0,13.5,0.515641855,0.803817603,1.34828496
1803,93.42,28.73746197,541,441,427.0,1171.0,919.0,1072,672,265,823.0,572,865,30.0,22.0,0.516916251,0.784799317,1.16648531
1753,63.72,20.73537695,459,382,338.0,912.0,740.0,822,489,277,799.0,555,846,6.0,10.5,0.520250998,0.811403509,1.110810811
1721,78.0,26.33497207,500,422,379.0,994.0,854.0,950,594,262,749.0,526,824,8.0,19.0,0.538059268,0.85915493,1.112412178
1765,74.15,23.80245408,507,444,372.0,989.0,831.0,999,571,264,809.0,561,857,6.0,8.5,0.520113314,0.840242669,1.202166065
1655,75.28,27.48423253,513,442,376.0,1004.0,945.0,1013,594,246,749.0,524,785,15.0,24.0,0.510574018,0.94123506,1.071957672
1799,70.52,21.78963608,494,415,362.0,946.0,776.0,946,536,249,837.0,562,856,7.5,9.0,0.520289049,0.820295983,1.219072165
1857,116.1,33.66730956,609,508,415.0,1128.0,1015.0,1223,663,292,833.0,603,922,14.0,22.5,0.499730749,0.899822695,1.204926108
1886,103.4,29.06947323,534,458,425.0,1112.0,1018.0,1133,638,274,830.0,596,891,8.0,19.5,0.515906681,0.915467626,1.112966601
1926,89.34,24.08426419,512,473,398.0,1040.0,927.0,1012,594,272,883.0,594,895,10.5,21.0,0.514018692,0.891346154,1.091693635
1791,90.48,28.20729368,561,488,387.0,1026.0,899.0,1085,630,257,791.0,561,837,4.0,0.0,0.538805137,0.876218324,1.206896552
1736,78.23,25.95815902,495,409,386.0,1035.0,793.0,995,601,266,779.0,537,837,7.0,15.0,0.533986175,0.766183575,1.254728878
1810,85.94,26.23241049,490,437,404.0,1089.0,900.0,973,622,272,787.0,558,831,16.5,13.0,0.544751381,0.826446281,1.081111111
1879,97.51,27.61821437,528,469,396.0,1059.0,936.0,1079,617,283,861.0,606,874,16.0,26.0,0.519425226,0.883852691,1.152777778
1816,138.1,41.87569136,630,529,464.0,1291.0,1186.0,1324,765,284,795.0,578,894,19.0,44.0,0.537995595,0.918667699,1.116357504
1818,77.55,23.46356748,494,451,362.0,1004.0,831.0,960,576,264,850.0,577,822,8.0,7.0,0.514851485,0.827689243,1.155234657
1694,73.92,25.7593646,480,389,358.0,968.0,822.0,981,573,258,756.0,528,801,13.0,11.5,0.536009445,0.849173554,1.193430657
1705,65.08,22.38714837,444,397,358.0,978.0,758.0,862,577,239,761.0,527,772,14.0,12.5,0.536070381,0.775051125,1.137203166
1827,89.12,26.69918983,528,487,399.0,1070.0,970.0,1092,599,278,830.0,592,870,8.0,19.5,0.513409962,0.906542056,1.125773196
1859,113.15,32.74128941,588,514,419.0,1111.0,1060.0,1261,626,268,835.0,600,877,15.0,30.0,0.513717052,0.95409541,1.189622642
1887,109.3,30.69561659,575,500,452.0,1159.0,1092.0,1163,679,270,885.0,615,936,28.0,29.5,0.505034446,0.942191544,1.065018315
1800,87.53,27.0154321,532,450,375.0,1027.0,923.0,1054,618,275,840.0,567,892,14.0,13.5,0.516666667,0.898734177,1.141928494
1732,77.1,25.70150782,490,436,411.0,1068.0,945.0,970,597,256,747.0,530,805,15.5,22.0,0.541570439,0.884831461,1.026455026
1825,85.94,25.80296491,490,421,402.0,1063.0,915.0,999,626,270,839.0,578,872,12.5,16.0,0.520547945,0.860771402,1.091803279
1657,80.95,29.48301112,530,476,357.0,1017.0,884.0,1017,640,252,725.0,545,815,7.0,0.0,0.529873265,0.869223206,1.150452489
1779,76.87,24.28873994,529,443,366.0,962.0,840.0,972,576,258,796.0,561,831,4.0,13.0,0.528386734,0.873180873,1.157142857
1848,136.28,39.90508049,608,504,471.0,1385.0,1277.0,1314,733,269,779.0,598,898,18.0,42.0,0.5254329,0.922021661,1.028974158
1871,92.06,26.29804084,515,447,383.0,1035.0,1010.0,1079,609,270,873.0,598,886,13.0,19.5,0.508818813,0.975845411,1.068316832
1759,84.58,27.33606522,524,452,368.0,1060.0,820.0,996,647,267,832.0,552,856,8.0,13.0,0.515065378,0.773584906,1.214634146
1905,95.46,26.30458594,505,469,400.0,1052.0,983.0,1084,604,264,849.0,599,934,12.0,10.5,0.521259843,0.934410646,1.102746694
1729,94.1,31.47745682,503,435,408.0,1119.0,957.0,1086,625,272,755.0,561,836,14.0,25.0,0.529786003,0.855227882,1.134796238
1710,63.27,21.6374269,469,388,342.0,923.0,779.0,939,496,249,755.0,534,843,7.5,11.0,0.532163743,0.843986999,1.205391528
1826,96.6,28.97180677,512,482,402.0,1099.0,963.0,1123,616,280,843.0,601,897,7.5,29.0,0.507119387,0.876251137,1.166147456
1694,73.24,25.52240075,506,422,381.0,998.0,891.0,1031,575,257,765.0,534,818,11.0,23.0,0.526564345,0.892785571,1.157126824
1770,90.48,28.88058987,514,461,387.0,1057.0,989.0,1062,622,259,769.0,559,868,15.0,19.5,0.532768362,0.935666982,1.073811931
1780,76.19,24.04683752,480,481,357.0,997.0,849.0,968,565,279,779.0,554,827,7.0,15.5,0.537640449,0.851554664,1.1401649
1794,82.77,25.71746028,497,424,386.0,1046.0,869.0,972,629,278,795.0,549,823,12.0,15.5,0.523411371,0.830783939,1.118527043
1900,98.87,27.38781163,554,490,405.0,1111.0,954.0,1039,671,267,878.0,604,911,21.0,16.5,0.523157895,0.858685869,1.089098532
1766,90.48,29.01156743,514,469,396.0,1103.0,937.0,1058,645,249,768.0,553,871,22.0,24.0,0.534541336,0.84950136,1.129135539
1866,91.61,26.30992465,536,495,361.0,1009.0,850.0,1052,610,281,842.0,577,893,5.0,12.5,0.534297964,0.842418236,1.237647059
1784,76.64,24.0805164,485,407,372.0,1015.0,845.0,951,589,269,827.0,567,853,8.0,7.5,0.526345291,0.832512315,1.125443787
1754,76.42,24.8397863,519,492,362.0,995.0,807.0,963,605,260,782.0,546,841,8.0,11.0,0.52622577,0.811055276,1.19330855
1740,61.68,20.37257233,441,368,341.0,955.0,760.0,876,527,238,802.0,539,822,10.5,10.0,0.529885057,0.795811518,1.152631579
1809,68.93,21.06352948,447,423,366.0,957.0,808.0,885,538,272,834.0,565,826,9.0,11.0,0.521835268,0.84430512,1.09529703
1800,89.8,27.71604938,527,456,404.0,1084.0,949.0,1086,631,267,830.0,583,875,13.0,19.0,0.508333333,0.875461255,1.144362487
1736,76.19,25.28124934,496,448,368.0,1000.0,838.0,1016,583,261,772.0,541,831,9.5,23.0,0.543778802,0.838,1.212410501
1826,91.61,27.47523,534,485,380.0,1070.0,850.0,1096,651,259,808.0,563,891,6.5,13.0,0.532858708,0.794392523,1.289411765
1765,82.54,26.49567848,484,426,383.0,1032.0,918.0,1006,639,280,830.0,573,836,19.0,19.0,0.511614731,0.889534884,1.095860566
1771,83.67,26.67673328,497,449,368.0,1004.0,961.0,1081,556,278,811.0,570,831,14.0,16.5,0.502540937,0.957171315,1.124869927
1770,75.51,24.10226946,463,456,367.0,983.0,805.0,932,564,268,764.0,539,815,7.0,11.0,0.544067797,0.818921668,1.157763975
1747,69.61,22.8079275,460,409,351.0,985.0,783.0,900,586,260,800.0,553,824,7.0,8.0,0.522610189,0.794923858,1.149425287
1775,113.15,35.91350922,569,506,428.0,1165.0,1094.0,1146,687,305,723.0,564,782,13.5,23.5,0.549859155,0.939055794,1.047531993
1872,109.3,31.18950435,541,460,435.0,1165.0,1026.0,1134,707,277,811.0,604,868,14.0,28.0,0.520833333,0.880686695,1.105263158
1677,76.87,27.33321742,518,429,385.0,1061.0,845.0,1022,645,248,712.0,497,815,10.5,15.0,0.559928444,0.796418473,1.209467456
1876,113.61,32.28129077,565,529,414.0,1144.0,1102.0,1183,659,283,847.0,601,910,14.0,29.5,0.499466951,0.963286713,1.073502722
1737,75.06,24.87762535,465,426,377.0,994.0,871.0,994,554,248,784.0,556,810,8.0,13.5,0.52964882,0.876257545,1.141216992
1743,65.08,21.42164264,461,396,367.0,973.0,864.0,906,515,253,804.0,550,849,12.5,13.0,0.514629948,0.887975334,1.048611111
1798,99.77,30.86175345,554,482,405.0,1065.0,1022.0,1136,605,273,740.0,552,867,17.0,32.0,0.540600667,0.959624413,1.111545988
1729,91.16,30.49399537,527,471,383.0,1048.0,935.0,1074,643,259,768.0,555,848,6.5,20.0,0.529786003,0.892175573,1.148663102
1730,73.02,24.39774132,463,409,356.0,1024.0,845.0,953,586,243,791.0,541,797,12.0,17.0,0.521965318,0.825195313,1.127810651
2084,106.58,24.54032368,523,483,412.0,1097.0,974.0,1007,635,294,952.0,645,955,9.0,16.0,0.524472169,0.887876026,1.033880903
1708,87.07,29.84645887,517,433,380.0,1040.0,981.0,1081,616,264,753.0,546,817,12.0,23.0,0.518735363,0.943269231,1.101936799
1746,95.46,31.31359652,549,491,398.0,1110.0,928.0,1068,690,258,746.0,535,825,11.5,20.5,0.546391753,0.836036036,1.150862069
1613,59.18,22.74606239,446,394,317.0,909.0,726.0,861,555,236,700.0,520,777,4.0,8.0,0.5133292,0.798679868,1.185950413
1809,87.76,26.81757358,490,455,402.0,1030.0,982.0,1070,596,256,824.0,561,852,13.5,17.0,0.525152018,0.953398058,1.089613035
1882,90.93,25.67248761,524,475,366.0,1021.0,909.0,1056,581,277,850.0,589,880,12.0,17.5,0.526036132,0.890303624,1.161716172
1636,62.81,23.46724972,475,408,325.0,906.0,811.0,885,507,242,696.0,508,787,10.0,17.5,0.534841076,0.895143488,1.091245376
1591,69.16,27.32213452,461,440,353.0,954.0,872.0,986,551,224,695.0,485,753,11.5,16.0,0.532998114,0.914046122,1.130733945
1743,75.74,24.93047347,493,407,377.0,1021.0,892.0,912,587,276,794.0,564,839,12.5,17.5,0.512335055,0.873653281,1.022421525
1679,89.8,31.85480452,504,470,366.0,1009.0,956.0,1149,589,260,707.0,520,805,6.5,27.0,0.54675402,0.947472745,1.201882845
1762,91.38,29.43332633,516,471,408.0,1045.0,1120.0,1093,617,271,780.0,563,820,21.0,30.5,0.515323496,1.071770335,0.975892857
1700,79.37,27.46366782,464,397,389.0,1057.0,880.0,970,651,260,762.0,535,807,14.0,12.5,0.534705882,0.832544939,1.102272727
1721,74.38,25.11275926,483,418,362.0,970.0,913.0,997,568,266,763.0,543,813,11.0,18.0,0.519465427,0.941237113,1.092004381
1789,84.35,26.35508406,485,445,390.0,1044.0,936.0,1023,578,275,783.0,564,812,18.0,25.0,0.525433203,0.896551724,1.092948718
1865,141.95,40.81104586,599,525,488.0,1305.0,1216.0,1236,767,284,835.0,606,912,36.0,42.5,0.490080429,0.931800766,1.016447368
1704,75.28,25.92629328,519,456,374.0,983.0,865.0,1038,560,258,751.0,525,807,8.5,19.0,0.538732394,0.879959308,1.2
1749,80.73,26.39096882,483,418,391.0,1053.0,901.0,963,610,256,757.0,539,806,16.0,27.0,0.539165237,0.855650522,1.068812431
1849,107.03,31.30629715,535,486,411.0,1125.0,981.0,1165,685,283,873.0,600,885,14.5,29.0,0.503515414,0.872,1.18756371
1765,98.87,31.73767545,554,455,423.0,1142.0,978.0,1152,662,282,783.0,565,845,16.0,24.0,0.523512748,0.856392294,1.17791411
1872,78.46,22.38909891,456,402,379.0,1008.0,896.0,927,602,277,884.0,619,883,10.5,11.0,0.498931624,0.888888889,1.034598214
1772,87.98,28.01925105,508,492,372.0,1046.0,918.0,1088,596,262,801.0,573,843,14.0,24.0,0.522573363,0.877629063,1.185185185
1805,82.31,25.26377176,475,419,381.0,1033.0,836.0,1004,619,277,817.0,560,871,15.0,12.0,0.527423823,0.80929332,1.200956938
1642,57.82,21.445283,454,387,333.0,906.0,739.0,843,529,238,731.0,516,794,6.5,11.0,0.536540804,0.815673289,1.140730717
1674,79.14,28.24132955,501,452,380.0,1032.0,945.0,985,595,261,688.0,526,803,9.0,33.0,0.53823178,0.915697674,1.042328042
1751,80.05,26.10892821,506,454,376.0,1025.0,851.0,981,605,257,800.0,569,844,3.5,14.5,0.520845231,0.830243902,1.152761457
1838,86.62,25.64053988,501,431,390.0,1054.0,909.0,998,594,282,845.0,590,896,13.5,14.0,0.522306855,0.862428843,1.097909791
1811,98.87,30.14585692,521,465,399.0,1110.0,1023.0,1089,669,282,785.0,572,865,25.0,22.0,0.528437327,0.921621622,1.064516129
1876,123.58,35.11417933,578,528,422.0,1182.0,1224.0,1227,718,296,805.0,595,905,11.5,20.5,0.549040512,1.035532995,1.00245098
1686,73.47,25.8460928,479,407,359.0,1005.0,802.0,947,602,251,732.0,517,823,16.0,17.0,0.537366548,0.79800995,1.180798005
1774,110.43,35.08971502,568,545,428.0,1122.0,1068.0,1289,668,275,799.0,560,812,20.0,34.5,0.519165727,0.951871658,1.206928839
1772,77.55,24.69757808,510,433,377.0,1034.0,841.0,993,601,252,803.0,559,834,6.0,12.0,0.526523702,0.813346228,1.180737218
1746,71.43,23.43107269,481,424,356.0,984.0,795.0,960,578,267,764.0,539,818,4.0,7.0,0.5395189,0.807926829,1.20754717
1852,70.29,20.49328494,489,402,355.0,965.0,794.0,940,550,250,842.0,572,866,13.0,11.5,0.525917927,0.822797927,1.183879093
1784,82.09,25.79292264,533,465,363.0,1020.0,852.0,1056,614,267,807.0,550,883,6.5,12.5,0.52073991,0.835294118,1.23943662
1715,72.56,24.66999295,478,405,342.0,984.0,801.0,935,591,255,806.0,559,865,6.5,10.5,0.510204082,0.81402439,1.167290886
1620,61.68,23.50251486,471,416,337.0,963.0,761.0,906,571,249,716.0,495,778,5.0,13.0,0.536419753,0.790238837,1.190538765
1761,103.63,33.41694826,505,499,401.0,1111.0,1040.0,1146,652,286,796.0,565,831,15.0,36.0,0.511073254,0.936093609,1.101923077
1780,76.87,24.26145689,475,424,375.0,1024.0,859.0,957,599,267,814.0,570,866,9.5,12.0,0.51741573,0.838867188,1.114086147
1740,68.93,22.76720835,468,410,363.0,983.0,825.0,892,560,255,776.0,537,836,7.5,9.5,0.538505747,0.839267548,1.081212121
1760,78.0,25.18078512,467,429,376.0,1003.0,943.0,1049,570,254,784.0,558,821,12.0,16.0,0.51875,0.940179462,1.112407211
1828,86.62,25.92183827,505,482,370.0,1036.0,914.0,1009,615,269,815.0,580,875,10.0,18.0,0.528446389,0.882239382,1.103938731
1793,88.21,27.4383027,493,424,390.0,1086.0,937.0,1062,633,279,807.0,569,837,19.0,21.5,0.527049637,0.862799263,1.133404482
1756,84.58,27.42954841,515,440,384.0,1039.0,942.0,1062,629,272,759.0,549,822,11.0,21.0,0.508542141,0.906641001,1.127388535
1854,119.05,34.63458117,555,499,451.0,1179.0,1094.0,1206,731,291,824.0,602,879,16.0,29.5,0.523193096,0.927905004,1.1023766
1715,78.68,26.75075861,480,458,356.0,1017.0,845.0,992,636,259,768.0,544,841,7.0,19.0,0.521865889,0.830875123,1.173964497
1597,81.18,31.83018881,493,439,377.0,1055.0,915.0,974,622,259,675.0,493,777,13.0,20.5,0.550407013,0.867298578,1.064480874
1708,66.89,22.92901842,459,385,354.0,960.0,809.0,952,555,256,798.0,552,798,8.5,11.0,0.512880562,0.842708333,1.176761434
1820,101.13,30.530733,479,471,446.0,1156.0,991.0,1079,686,268,843.0,602,865,14.5,19.5,0.502197802,0.857266436,1.088799193
1752,70.07,22.82779237,476,430,329.0,924.0,771.0,998,548,254,785.0,538,826,8.5,10.0,0.537100457,0.834415584,1.294422827
1775,80.95,25.69331482,489,439,380.0,1011.0,877.0,1005,615,280,786.0,560,852,8.5,11.0,0.538591549,0.867457962,1.145952109
1910,83.67,22.93522656,517,436,375.0,1044.0,915.0,1014,600,275,876.0,596,908,11.5,14.5,0.521465969,0.876436782,1.108196721
1827,105.67,31.65735401,533,494,423.0,1152.0,1033.0,1149,650,283,818.0,596,886,14.0,27.0,0.516146689,0.896701389,1.112294288
1839,101.81,30.10419226,515,450,410.0,1120.0,993.0,1139,655,289,811.0,579,860,12.5,28.0,0.516041327,0.886607143,1.147029204
1793,88.66,27.57827817,512,439,405.0,1093.0,874.0,1071,670,283,816.0,560,882,10.5,11.0,0.525934189,0.799634035,1.225400458
1765,95.01,30.49859962,507,459,392.0,1072.0,1033.0,1022,654,275,774.0,566,855,13.0,22.5,0.511614731,0.963619403,0.989351404
1689,65.08,22.81330701,441,393,367.0,961.0,782.0,883,586,263,757.0,528,807,9.5,6.5,0.528715216,0.813735692,1.12915601
1730,74.15,24.77530155,480,400,378.0,976.0,843.0,961,567,265,761.0,543,835,10.0,10.0,0.523121387,0.863729508,1.139976275
1712,67.57,23.05400581,473,392,365.0,983.0,839.0,939,570,249,764.0,544,833,10.0,11.5,0.526869159,0.853509664,1.119189511
1740,77.32,25.53838024,509,464,350.0,976.0,856.0,1039,558,267,770.0,548,837,8.0,12.0,0.526436782,0.87704918,1.213785047
1777,88.21,27.93463277,494,471,398.0,1071.0,929.0,1026,642,281,786.0,562,832,10.0,15.0,0.520540236,0.867413632,1.104413348
1688,69.39,24.35297388,455,405,330.0,954.0,754.0,962,565,261,759.0,535,797,4.5,9.0,0.530805687,0.790356394,1.275862069
1566,63.72,25.98317699,440,411,356.0,966.0,812.0,926,570,244,670.0,475,741,16.0,17.5,0.540229885,0.84057971,1.140394089
1869,85.71,24.53651578,503,492,380.0,1040.0,890.0,1036,607,266,860.0,585,847,3.5,13.0,0.523274478,0.855769231,1.164044944
1674,86.85,30.99266453,507,459,400.0,1134.0,894.0,1002,686,269,725.0,521,793,23.0,31.0,0.529271207,0.788359788,1.120805369
1805,83.67,25.68120257,523,446,373.0,1044.0,787.0,994,625,267,803.0,543,877,6.5,9.5,0.536842105,0.753831418,1.263024142
1742,92.06,30.33714234,506,465,405.0,1121.0,1030.0,1102,620,254,749.0,539,845,13.0,31.0,0.526406429,0.91882248,1.069902913
1901,101.13,27.98438542,533,469,429.0,1127.0,1016.0,1107,656,274,867.0,609,882,12.0,28.5,0.510257759,0.901508429,1.089566929
1836,99.55,29.53220746,533,468,391.0,1074.0,919.0,1108,655,287,781.0,570,872,10.5,18.0,0.534313725,0.855679702,1.205658324
1657,79.14,28.82378629,486,440,365.0,1010.0,881.0,997,626,251,719.0,516,823,8.0,14.5,0.537115269,0.872277228,1.131668558
1847,95.69,28.04999342,529,471,390.0,1078.0,935.0,1129,625,278,856.0,598,910,11.0,12.5,0.505143476,0.867346939,1.207486631
1825,80.27,24.10058172,516,451,351.0,967.0,805.0,1014,591,263,842.0,577,897,3.0,6.0,0.521643836,0.832471562,1.259627329
1928,74.6,20.06895542,448,437,378.0,989.0,823.0,945,550,273,891.0,622,907,9.0,7.0,0.518153527,0.832153691,1.148238153
1692,73.47,25.66311218,488,429,344.0,972.0,837.0,999,581,246,751.0,525,832,8.0,13.5,0.5313238769999999,0.861111111,1.193548387
1849,87.98,25.73416821,485,451,409.0,1076.0,926.0,1042,610,277,846.0,591,890,14.0,20.0,0.510546241,0.860594796,1.125269978
1615,68.03,26.08287245,482,434,362.0,979.0,805.0,985,559,241,701.0,490,830,11.0,10.5,0.540557276,0.82226762,1.223602484
1766,126.53,40.57066343,590,529,446.0,1189.0,1311.0,1314,728,273,741.0,557,871,15.0,34.0,0.51585504,1.102607233,1.00228833
1781,78.0,24.59046628,485,428,366.0,983.0,882.0,1009,575,259,833.0,576,853,13.0,25.5,0.501403706,0.897253306,1.14399093
1806,87.98,26.97419332,498,482,397.0,1075.0,984.0,1021,599,263,806.0,566,826,8.5,12.5,0.523255814,0.915348837,1.037601626
1741,75.28,24.83602385,468,427,371.0,1035.0,786.0,979,591,260,763.0,537,793,11.0,8.0,0.535324526,0.75942029,1.245547074
1864,90.25,25.97499033,532,475,386.0,1054.0,903.0,1085,610,275,870.0,584,885,7.5,16.0,0.517167382,0.856736243,1.201550388
1755,88.21,28.63937793,516,459,385.0,1054.0,935.0,1059,662,252,794.0,554,860,13.0,24.0,0.528774929,0.887096774,1.132620321
1665,75.51,27.23804886,514,422,365.0,999.0,856.0,992,613,251,712.0,507,816,13.5,23.5,0.544744745,0.856856857,1.158878505
1921,90.48,24.51872384,487,452,390.0,1069.0,911.0,1017,611,273,872.0,601,911,11.0,16.5,0.531494014,0.852198316,1.116355653
1678,77.1,27.3823341,515,438,368.0,1000.0,856.0,1039,603,258,746.0,521,834,7.5,14.0,0.532181168,0.856,1.213785047
1771,85.49,27.25700882,480,447,380.0,1081.0,899.0,1042,614,266,806.0,571,846,9.0,11.0,0.522868436,0.831637373,1.159065628
1722,77.78,26.23020257,491,411,359.0,999.0,911.0,1006,580,265,776.0,548,836,10.5,9.0,0.526132404,0.911911912,1.10428101
1771,85.49,27.25700882,480,447,380.0,1081.0,899.0,1042,614,266,806.0,571,846,9.0,11.0,0.522868436,0.831637373,1.159065628
1783,99.32,31.24165445,525,450,395.0,1086.0,998.0,1184,624,281,804.0,568,878,13.5,26.0,0.510936624,0.918968692,1.186372745
1712,82.54,28.16157525,527,451,376.0,1060.0,886.0,1118,620,268,745.0,522,834,3.5,5.0,0.536799065,0.835849057,1.261851016
1904,90.93,25.08264335,524,473,381.0,1064.0,854.0,1037,615,284,836.0,588,927,7.5,14.0,0.538865546,0.802631579,1.214285714
1819,95.24,28.7841884,526,462,395.0,1088.0,906.0,1080,675,279,841.0,574,886,15.0,17.5,0.516767455,0.832720588,1.19205298
1950,106.58,28.02892834,537,504,431.0,1109.0,948.0,1113,692,279,915.0,623,924,10.0,18.5,0.516923077,0.854824166,1.174050633
1776,80.73,25.59464025,511,443,377.0,1023.0,849.0,1019,600,289,797.0,562,886,7.0,6.5,0.524774775,0.829912023,1.200235571
1800,80.73,24.91666667,478,423,377.0,1019.0,859.0,989,615,273,826.0,573,844,12.0,16.5,0.518333333,0.842983317,1.151338766
1754,80.73,26.24072165,503,416,368.0,999.0,896.0,1034,589,257,777.0,556,861,11.0,14.0,0.535347777,0.896896897,1.154017857
1794,85.49,26.56259127,493,445,380.0,1046.0,948.0,985,614,261,782.0,548,850,6.5,12.0,0.530100334,0.906309751,1.039029536
1794,80.05,24.87232929,505,437,360.0,1012.0,831.0,1013,612,254,818.0,557,876,6.5,11.0,0.522296544,0.821146245,1.219013237
1833,95.69,28.48010753,506,471,402.0,1069.0,995.0,1054,611,276,823.0,595,886,13.5,16.0,0.514457174,0.930776427,1.059296482
1770,79.14,25.26094034,517,451,362.0,1015.0,812.0,1001,599,258,825.0,562,855,4.5,11.0,0.514124294,0.8,1.232758621
1775,103.63,32.89188653,537,485,412.0,1119.0,1025.0,1177,674,266,819.0,567,898,9.0,36.0,0.511549296,0.915996425,1.148292683
1685,97.05,34.18186301,533,480,406.0,1082.0,1097.0,1212,661,265,749.0,561,839,11.0,31.0,0.527596439,1.013863216,1.104831358
1698,70.52,24.45890058,470,434,343.0,972.0,787.0,900,585,258,756.0,537,827,4.5,6.0,0.534746761,0.809670782,1.143583227
1862,85.49,24.65789301,517,468,374.0,1035.0,879.0,1012,619,275,871.0,598,891,12.0,10.0,0.509129968,0.849275362,1.151308305
1822,79.37,23.90890217,488,425,374.0,1024.0,844.0,1011,596,277,823.0,575,869,9.0,10.5,0.525795829,0.82421875,1.197867299
1813,98.87,30.07938316,528,523,415.0,1114.0,972.0,1126,675,274,811.0,590,885,3.5,25.5,0.530612245,0.872531418,1.158436214
1719,68.03,23.02230046,465,343,339.0,936.0,801.0,961,555,251,784.0,534,821,8.5,14.5,0.523560209,0.855769231,1.199750312
1746,66.44,21.79421069,479,400,359.0,955.0,822.0,955,534,248,777.0,537,831,11.0,15.0,0.536655212,0.860732984,1.161800487
1775,77.78,24.68716524,482,436,363.0,1019.0,804.0,1014,615,268,774.0,555,812,6.0,8.5,0.538591549,0.789008832,1.26119403
1855,83.45,24.25149483,489,441,400.0,1082.0,921.0,1007,616,265,847.0,585,869,9.5,14.0,0.524528302,0.851201479,1.093376764
1775,62.36,19.79289823,459,396,329.0,900.0,720.0,852,535,256,813.0,543,856,5.0,7.0,0.522253521,0.8,1.183333333
1737,94.33,31.26440713,533,461,373.0,1051.0,927.0,1152,617,259,758.0,549,843,21.5,29.0,0.533678756,0.882017127,1.242718447
1805,75.96,23.31473822,498,435,358.0,993.0,804.0,980,574,269,826.0,565,862,4.5,12.0,0.516897507,0.809667674,1.218905473
1852,90.7,26.44388881,520,461,375.0,1062.0,876.0,1044,649,283,854.0,580,865,5.0,16.5,0.516738661,0.824858757,1.191780822
1886,85.03,23.90500299,488,452,398.0,1065.0,872.0,979,604,281,869.0,598,900,11.0,9.0,0.520148462,0.818779343,1.122706422
1785,106.12,33.30587137,562,462,416.0,1140.0,1022.0,1169,676,277,774.0,571,881,18.0,32.0,0.53557423,0.896491228,1.143835616
1812,115.19,35.08313476,544,508,421.0,1181.0,992.0,1121,723,288,804.0,579,866,15.5,25.5,0.534216336,0.83996613,1.130040323
1854,88.66,25.79338065,510,457,391.0,1069.0,881.0,1021,607,277,831.0,587,889,8.0,12.5,0.529126214,0.824134705,1.158910329
1781,91.16,28.7393193,514,444,415.0,1116.0,943.0,1078,654,268,809.0,565,881,14.0,18.0,0.518248175,0.844982079,1.143160127
1749,71.88,23.49786744,454,431,357.0,956.0,838.0,963,577,259,824.0,570,848,5.5,9.5,0.50485992,0.876569038,1.149164678
1749,63.72,20.8303299,459,403,343.0,950.0,801.0,941,548,246,822.0,565,817,10.0,9.5,0.510005718,0.843157895,1.174781523
1813,119.73,36.42565537,558,521,435.0,1194.0,1052.0,1224,722,292,776.0,583,895,23.0,31.5,0.535576393,0.881072027,1.163498099
1876,84.35,23.96731693,510,423,381.0,1025.0,885.0,980,581,285,889.0,602,903,9.5,13.0,0.509061834,0.863414634,1.107344633
1730,63.49,21.21353871,469,401,320.0,892.0,744.0,919,518,248,787.0,538,841,4.0,6.0,0.531213873,0.834080717,1.235215054
1717,73.7,24.99924527,495,452,357.0,1015.0,786.0,991,631,248,704.0,513,796,7.5,14.5,0.557949913,0.774384236,1.260814249
1759,76.87,24.84421061,481,415,394.0,1069.0,852.0,963,643,267,805.0,563,859,13.5,18.0,0.518476407,0.797006548,1.13028169
1765,97.05,31.15344799,532,523,382.0,1072.0,1042.0,1111,665,266,796.0,565,860,6.0,13.0,0.52407932,0.972014925,1.06621881
1817,117.23,35.50822068,538,494,455.0,1207.0,1151.0,1204,731,265,765.0,558,846,9.5,23.5,0.539350578,0.953603977,1.046046916
1800,112.47,34.71296296,525,491,430.0,1130.0,1134.0,1114,685,278,806.0,586,859,14.0,32.5,0.515555556,1.003539823,0.982363316
1810,78.0,23.80879705,499,443,388.0,1019.0,827.0,980,590,278,829.0,570,863,8.5,10.5,0.527071823,0.81157998,1.185006046
1792,107.48,33.4696867,541,492,408.0,1123.0,1034.0,1154,639,281,805.0,599,895,9.5,31.0,0.516741071,0.920747996,1.116054159
1657,69.61,25.35284008,467,421,351.0,969.0,860.0,974,568,258,758.0,533,813,7.0,9.0,0.524441762,0.8875129,1.13255814
1781,88.21,27.80929526,505,478,386.0,1056.0,891.0,1076,634,251,821.0,581,864,20.5,19.5,0.515440764,0.84375,1.207631874
1832,85.94,25.6061574,508,444,379.0,1060.0,918.0,1005,642,256,835.0,581,848,9.0,11.5,0.52128821,0.866037736,1.094771242
1719,86.39,29.23558044,494,462,407.0,1061.0,891.0,1076,627,251,781.0,550,850,13.0,19.0,0.513089005,0.839773798,1.207631874
1831,99.55,29.69371773,540,479,401.0,1123.0,923.0,1107,688,270,826.0,587,877,16.0,18.5,0.531403605,0.82190561,1.199349946
1741,78.46,25.8851545,491,445,361.0,981.0,873.0,1014,569,271,781.0,556,857,7.5,12.5,0.520964963,0.889908257,1.161512027
1810,93.88,28.65602393,514,451,417.0,1112.0,894.0,1113,671,278,819.0,576,851,10.5,14.0,0.524861878,0.803956835,1.244966443
1860,103.17,29.82136663,496,476,398.0,1052.0,1060.0,1092,615,300,843.0,599,894,7.5,23.0,0.510215054,1.007604563,1.030188679
1728,77.32,25.89431156,484,438,378.0,1023.0,905.0,1004,611,249,761.0,528,813,14.5,16.0,0.545138889,0.884652981,1.109392265
1907,102.27,28.12204312,529,454,407.0,1112.0,1001.0,1155,657,271,875.0,615,946,13.0,25.0,0.51494494,0.900179856,1.153846154
1791,76.87,23.96435306,460,425,380.0,1043.0,865.0,939,628,257,820.0,558,853,12.0,11.0,0.514237856,0.829338447,1.085549133
1821,89.34,26.9417658,494,432,386.0,1059.0,1026.0,1052,604,262,849.0,583,896,16.0,17.0,0.501372872,0.968838527,1.025341131
1725,70.52,23.69922285,500,414,363.0,972.0,791.0,940,572,253,754.0,522,850,12.5,9.5,0.544347826,0.813786008,1.188369153
1717,80.5,27.30582421,490,441,361.0,994.0,888.0,1032,591,273,766.0,540,867,8.5,16.0,0.528829354,0.893360161,1.162162162
1770,108.16,34.52392352,533,494,424.0,1171.0,1129.0,1169,654,277,798.0,573,867,16.0,25.0,0.506214689,0.964133219,1.035429584
1600,75.28,29.40625,467,424,350.0,997.0,901.0,1017,574,244,673.0,492,772,6.5,17.0,0.545625,0.903711133,1.128745838
1711,65.99,22.5412559,462,391,330.0,935.0,789.0,934,564,248,774.0,537,827,4.5,6.5,0.525423729,0.843850267,1.183776933
1665,71.43,25.76630685,480,425,360.0,993.0,836.0,976,585,262,726.0,518,788,8.0,13.0,0.533333333,0.841893253,1.167464115
1798,84.58,26.16304607,507,437,394.0,1062.0,885.0,1055,608,258,836.0,583,864,13.5,17.5,0.513348165,0.833333333,1.192090395
1815,83.45,25.33221016,486,444,376.0,1039.0,852.0,999,615,281,848.0,580,867,6.0,9.0,0.513498623,0.820019249,1.172535211
1812,86.39,26.31158965,523,448,412.0,1052.0,925.0,1050,639,289,827.0,567,864,4.5,14.0,0.521523179,0.879277567,1.135135135
1714,76.87,26.16587401,480,418,389.0,1031.0,906.0,966,598,253,760.0,539,846,15.0,19.0,0.525087515,0.878758487,1.066225166
1805,85.94,26.37794369,490,451,392.0,1067.0,924.0,1034,605,272,800.0,575,863,11.5,12.0,0.520221607,0.865979381,1.119047619
1780,75.96,23.97424568,487,439,356.0,976.0,878.0,984,575,276,815.0,570,857,9.5,8.5,0.519662921,0.899590164,1.120728929
1752,102.27,33.31808657,545,485,428.0,1142.0,1052.0,1144,670,276,759.0,564,858,28.5,42.0,0.523401826,0.921190893,1.087452471
1795,97.28,30.1921928,497,496,417.0,1128.0,1003.0,1071,655,271,790.0,570,851,16.5,27.0,0.528133705,0.889184397,1.06779661
1779,106.58,33.67625735,542,484,414.0,1167.0,996.0,1177,694,272,772.0,564,870,11.0,21.0,0.522203485,0.853470437,1.181726908
1732,70.29,23.43137464,472,441,355.0,958.0,852.0,979,532,242,788.0,542,856,12.5,13.5,0.517321016,0.889352818,1.149061033
1826,56.24,16.86722995,441,365,332.0,873.0,723.0,804,479,254,844.0,560,843,4.0,6.5,0.514786418,0.828178694,1.112033195
1699,96.83,33.54464299,525,487,399.0,1103.0,1010.0,1164,639,266,721.0,523,847,7.0,22.0,0.529134785,0.915684497,1.152475248
1754,88.66,28.81831266,498,471,366.0,1010.0,909.0,1066,590,266,770.0,555,845,9.5,16.5,0.509692132,0.9,1.172717272
1765,92.06,29.55163752,528,459,379.0,1052.0,946.0,1143,606,260,778.0,555,858,7.0,20.0,0.526912181,0.899239544,1.208245243
1796,56.01,17.36412518,442,369,330.0,910.0,755.0,792,496,247,812.0,542,853,2.0,4.0,0.530066815,0.82967033,1.049006623
1705,108.39,37.28554106,534,524,427.0,1153.0,1145.0,1194,667,288,714.0,547,842,10.0,25.0,0.526686217,0.993061578,1.04279476
1760,72.56,23.42458678,457,444,344.0,947.0,796.0,968,570,270,797.0,561,827,7.5,6.5,0.513636364,0.840549102,1.216080402
1795,97.05,30.12080912,533,464,376.0,1050.0,978.0,1126,621,275,770.0,566,858,15.0,21.5,0.512534819,0.931428571,1.151329243
1744,87.07,28.62698321,511,442,382.0,1054.0,939.0,1052,634,274,772.0,560,840,12.0,20.0,0.524082569,0.890891841,1.120340788
1735,79.37,26.36679982,494,427,353.0,984.0,882.0,1018,605,253,766.0,545,850,11.0,14.0,0.520461095,0.896341463,1.154195011
1982,87.07,22.1646687,495,455,402.0,1060.0,892.0,1016,575,286,948.0,640,922,12.5,13.5,0.505045409,0.841509434,1.139013453
1722,89.8,30.2837772,525,456,393.0,1081.0,908.0,1102,661,273,731.0,534,846,20.5,31.5,0.535423926,0.839962997,1.213656388
1791,81.63,25.44829115,484,438,380.0,1038.0,866.0,962,631,278,827.0,566,900,13.0,12.0,0.514796203,0.834296724,1.110854503
1720,80.27,27.13290968,499,441,369.0,1014.0,903.0,1029,592,257,773.0,554,851,12.5,22.0,0.523255814,0.890532544,1.139534884
1775,78.46,24.90299544,491,442,390.0,1052.0,799.0,976,612,261,791.0,553,821,6.0,8.5,0.529014085,0.759505703,1.221526909
1801,159.86,49.28473015,647,579,537.0,1616.0,1653.0,1574,821,326,711.0,574,882,32.0,54.0,0.526929484,1.02289604,0.952208106
1837,97.05,28.75922822,507,478,386.0,1066.0,1003.0,1093,580,278,801.0,566,885,8.0,18.0,0.5318454,0.940900563,1.089730808
1791,94.33,29.40753772,493,448,403.0,1097.0,1012.0,1056,668,283,791.0,566,843,10.5,14.5,0.527638191,0.922515953,1.043478261
1878,108.39,30.73251062,517,475,468.0,1211.0,1095.0,1158,696,272,856.0,609,915,14.0,27.0,0.511182109,0.904211396,1.057534247
1740,80.27,26.51274937,498,462,372.0,1014.0,877.0,967,622,262,781.0,533,821,17.0,18.0,0.522988506,0.864891519,1.102622577
1883,91.38,25.77214189,522,461,387.0,1043.0,914.0,1054,625,266,861.0,594,892,6.5,14.0,0.51566649,0.876318313,1.153172867
1787,120.63,37.7751522,550,528,437.0,1193.0,1089.0,1235,765,282,753.0,565,856,28.0,35.0,0.548964745,0.912824811,1.134067952
1822,73.02,21.99606951,503,446,328.0,895.0,825.0,998,505,269,829.0,558,871,4.5,9.0,0.529637761,0.921787709,1.20969697
1645,71.43,26.39665192,474,412,384.0,1033.0,817.0,964,628,258,755.0,534,820,14.0,19.5,0.505167173,0.79090029,1.179926561
1908,88.66,24.35403839,503,450,370.0,993.0,882.0,1053,591,288,872.0,613,916,10.5,15.0,0.511530398,0.888217523,1.193877551
1755,82.31,26.72380906,495,447,390.0,1042.0,888.0,1035,598,265,761.0,540,851,15.0,18.0,0.536752137,0.852207294,1.165540541
1816,93.2,28.26078519,505,438,374.0,1027.0,914.0,1061,626,277,833.0,589,878,20.0,24.0,0.495594714,0.889970789,1.16083151
1735,70.98,23.57963275,436,421,378.0,991.0,843.0,970,569,257,771.0,534,798,15.5,11.5,0.535446686,0.850655903,1.150652432
1780,104.08,32.8493877,543,534,395.0,1095.0,963.0,1154,627,287,779.0,578,875,13.0,22.5,0.505617978,0.879452055,1.198338525
1625,76.64,29.02343195,494,429,389.0,1048.0,992.0,1026,631,252,722.0,509,814,19.5,27.0,0.528615385,0.946564885,1.034274194
1831,79.37,23.67443874,503,469,362.0,990.0,849.0,1026,552,274,832.0,572,878,11.5,12.0,0.52321136,0.857575758,1.208480565
1760,83.9,27.08548554,505,429,379.0,1029.0,891.0,1019,609,256,785.0,558,850,11.0,12.5,0.510795455,0.865889213,1.14365881
1630,80.27,30.21190109,504,458,375.0,1026.0,962.0,1042,621,252,737.0,535,794,21.0,32.0,0.506748466,0.937621832,1.083160083
1673,92.97,33.21627665,542,495,396.0,1107.0,922.0,1065,669,262,729.0,542,840,19.0,26.5,0.534369396,0.832881662,1.155097614
1840,89.8,26.52410208,500,451,387.0,1047.0,962.0,1119,602,267,832.0,592,874,13.0,16.5,0.519021739,0.918815664,1.163201663
1842,119.73,35.28773073,568,520,415.0,1149.0,1075.0,1245,689,281,798.0,587,901,28.0,28.0,0.523344191,0.935596171,1.158139535
1683,71.88,25.3769741,497,423,350.0,981.0,761.0,950,601,255,777.0,542,829,6.0,8.5,0.521687463,0.775739042,1.248357424
1818,80.73,24.4257099,495,454,384.0,1059.0,807.0,986,625,272,817.0,557,870,10.5,12.0,0.52420242,0.76203966,1.22180917
1799,83.67,25.85279142,496,432,394.0,1065.0,964.0,1014,612,257,835.0,572,831,13.5,19.5,0.505280712,0.905164319,1.05186722
1730,73.47,24.54809716,463,410,368.0,988.0,771.0,952,614,257,767.0,532,825,7.5,8.5,0.528323699,0.780364372,1.234760052
1805,75.28,23.10602282,499,433,368.0,985.0,845.0,949,572,251,803.0,551,862,7.5,10.0,0.540166205,0.85786802,1.123076923
1750,77.78,25.39755102,489,430,366.0,1028.0,887.0,994,604,266,809.0,568,856,13.0,16.5,0.504,0.862840467,1.120631342
1981,86.39,22.01377498,487,437,388.0,1035.0,879.0,950,586,289,962.0,657,931,14.5,14.0,0.487632509,0.849275362,1.080773606
1753,156.69,50.98911197,658,593,635.0,1834.0,1702.0,1569,941,321,756.0,585,897,42.0,56.0,0.513976041,0.928026172,0.921856639
1631,85.49,32.1371526,493,463,394.0,1076.0,961.0,1091,633,258,715.0,520,823,15.0,17.5,0.51563458,0.893122677,1.135275754
1775,74.83,23.75084309,468,427,375.0,1018.0,824.0,894,634,256,785.0,538,839,15.0,8.0,0.533521127,0.809430255,1.084951456
1739,78.68,26.01747748,480,413,374.0,1032.0,858.0,963,589,269,779.0,546,837,17.5,19.5,0.529039678,0.831395349,1.122377622
1842,89.57,26.39874753,504,465,394.0,1042.0,899.0,1055,649,275,856.0,587,906,9.5,15.0,0.523344191,0.862763916,1.17352614
1737,86.85,28.78526195,517,455,406.0,1070.0,841.0,1046,665,271,809.0,575,895,12.0,19.0,0.502590674,0.785981308,1.243757432
1749,90.48,29.57828389,522,455,411.0,1090.0,951.0,1102,665,260,801.0,567,876,12.0,19.0,0.510577473,0.872477064,1.158780231
1857,107.71,31.23433172,531,466,428.0,1135.0,1103.0,1188,674,278,851.0,606,897,15.0,34.0,0.506731287,0.971806167,1.077062557
1901,101.81,28.17255294,496,426,385.0,1053.0,979.0,1113,639,272,856.0,598,885,13.5,18.0,0.508153603,0.929724596,1.136874362
1925,86.85,23.43734188,494,453,358.0,1012.0,901.0,975,597,274,918.0,616,888,11.0,19.0,0.489350649,0.890316206,1.082130966
1814,126.76,38.52189695,599,541,447.0,1217.0,1118.0,1292,729,274,785.0,587,914,21.5,40.0,0.513781698,0.918652424,1.155635063
1810,88.44,26.99551296,503,470,368.0,1046.0,894.0,1043,621,284,797.0,567,857,12.0,14.5,0.529834254,0.854684512,1.166666667
1710,92.74,31.7157416,519,449,405.0,1085.0,991.0,1059,643,263,798.0,568,889,17.0,29.5,0.495906433,0.913364055,1.068617558
1710,83.9,28.69258917,492,438,395.0,1065.0,971.0,1035,654,265,773.0,560,830,16.5,39.0,0.505847953,0.911737089,1.065911432
1814,90.02,27.35674632,486,478,408.0,1040.0,955.0,1049,629,276,801.0,569,893,16.5,18.0,0.533627343,0.918269231,1.098429319
1842,74.38,21.92183589,480,430,362.0,986.0,851.0,954,577,257,854.0,582,871,9.0,11.5,0.517915309,0.863083164,1.121034078
1761,110.2,35.53553699,553,477,458.0,1234.0,1079.0,1147,777,255,811.0,564,876,14.5,34.0,0.513344691,0.87439222,1.063021316
1806,85.49,26.21077275,483,457,370.0,1032.0,860.0,1052,634,283,824.0,585,865,14.5,11.5,0.524363234,0.833333333,1.223255814
1903,109.07,30.11811149,529,472,437.0,1195.0,1021.0,1108,724,283,890.0,627,946,21.0,25.0,0.497635313,0.854393305,1.085210578
1806,74.6,22.87195751,470,422,351.0,956.0,814.0,989,555,264,792.0,548,852,7.0,7.5,0.53820598,0.851464435,1.214987715
1942,96.15,25.49475468,510,460,408.0,1101.0,935.0,1028,647,284,924.0,626,908,16.5,13.5,0.501029866,0.849227975,1.099465241
1790,102.95,32.13070753,556,485,412.0,1110.0,1044.0,1160,665,271,798.0,562,887,13.0,23.0,0.524581006,0.940540541,1.111111111
1883,104.54,29.48369132,519,479,455.0,1130.0,1053.0,1109,668,280,831.0,597,894,19.0,22.0,0.523632501,0.931858407,1.053181387
1732,74.38,24.79478796,476,447,389.0,1001.0,852.0,986,576,258,753.0,541,851,20.0,21.0,0.524249423,0.851148851,1.157276995
1741,82.99,27.37967082,488,440,364.0,1031.0,889.0,1049,630,271,762.0,541,842,13.0,17.0,0.534750144,0.862269641,1.179977503
1768,97.73,31.26535595,470,453,398.0,1113.0,1035.0,1098,626,280,769.0,567,854,16.0,19.0,0.529411765,0.929919137,1.060869565
1852,147.85,43.10616274,575,552,519.0,1345.0,1332.0,1378,805,318,826.0,615,901,23.0,36.0,0.51511879,0.990334572,1.034534535
1815,91.61,27.80927229,503,446,406.0,1115.0,944.0,990,683,288,794.0,575,867,20.5,12.0,0.530578512,0.846636771,1.048728814
1688,88.66,31.11593405,509,441,421.0,1118.0,947.0,1077,649,268,745.0,550,838,24.0,19.0,0.547985782,0.847048301,1.137275607
1842,93.2,27.46860857,538,462,389.0,1076.0,889.0,1065,659,271,899.0,604,925,5.0,18.5,0.48805646,0.826208178,1.197975253
1903,113.38,31.30825599,524,501,413.0,1148.0,1013.0,1169,695,293,839.0,613,900,14.0,25.5,0.519180242,0.882404181,1.153998026
1805,72.56,22.27116121,453,396,363.0,965.0,838.0,914,555,269,821.0,564,860,7.5,10.5,0.516897507,0.868393782,1.090692124
1696,70.07,24.360176,465,415,355.0,959.0,825.0,971,560,254,771.0,546,800,10.0,13.0,0.52240566,0.860271116,1.176969697
1731,82.77,27.62350731,488,448,377.0,1017.0,964.0,995,587,264,775.0,546,836,18.5,28.5,0.519352975,0.947885939,1.032157676
1626,64.4,24.35817716,472,421,335.0,902.0,789.0,965,542,248,754.0,509,810,9.0,11.0,0.519680197,0.874722838,1.223067174
1624,68.48,25.96520178,476,442,357.0,965.0,848.0,981,571,231,665.0,488,760,14.0,23.5,0.549876847,0.878756477,1.156839623
1789,95.46,29.82639389,512,468,413.0,1113.0,979.0,1147,646,280,785.0,561,855,10.0,20.5,0.532140861,0.879604672,1.171603677
1844,97.51,28.67657784,509,471,397.0,1097.0,928.0,1124,633,263,813.0,576,899,18.0,16.5,0.51681128,0.845943482,1.211206897
1805,66.89,20.53084307,485,397,335.0,928.0,754.0,918,551,267,847.0,586,880,14.5,6.0,0.517451524,0.8125,1.217506631
1769,116.33,37.17372333,568,508,416.0,1169.0,1080.0,1228,696,280,733.0,550,852,16.5,36.0,0.551724138,0.923866553,1.137037037
1811,139.0,42.38165381,554,482,443.0,1268.0,1313.0,1346,729,302,802.0,586,888,16.0,36.5,0.5146328,1.035488959,1.025133283
1621,48.75,18.55276273,431,359,311.0,832.0,643.0,811,444,222,698.0,471,758,4.0,7.0,0.565700185,0.772836538,1.261275272
1766,105.22,33.73781085,525,468,472.0,1245.0,1119.0,1153,654,262,758.0,570,905,18.0,29.0,0.514722537,0.898795181,1.030384272
1773,71.88,22.86602096,456,405,376.0,989.0,719.0,897,562,269,786.0,551,828,8.5,6.5,0.54427524,0.726996967,1.247566064
1497,63.95,28.53625309,479,402,339.0,945.0,888.0,1016,541,234,630.0,465,764,7.5,22.5,0.528390114,0.93968254,1.144144144
1810,120.41,36.75406734,549,530,433.0,1177.0,1109.0,1195,690,291,805.0,591,897,5.0,25.5,0.509392265,0.942225998,1.07754734
1743,75.74,24.93047347,457,446,356.0,981.0,817.0,991,571,252,798.0,552,840,6.0,12.0,0.515203672,0.832823649,1.212974296
1893,140.36,39.16896822,590,520,483.0,1255.0,1223.0,1361,727,300,871.0,636,905,24.5,51.0,0.496566297,0.974501992,1.112837285
1761,79.37,25.5939707,486,420,385.0,1033.0,853.0,993,598,258,787.0,545,858,5.5,7.0,0.532651902,0.825750242,1.164126612
1854,99.09,28.82772489,522,455,403.0,1140.0,952.0,1128,668,278,831.0,585,887,17.0,17.0,0.525350593,0.835087719,1.18487395
1784,82.09,25.79292264,483,450,378.0,1017.0,853.0,1002,617,259,836.0,565,886,11.0,20.0,0.516816143,0.838741396,1.174677608
1691,65.99,23.07761443,453,391,361.0,989.0,828.0,954,555,245,757.0,526,816,11.5,13.0,0.527498522,0.837209302,1.152173913
1964,95.46,24.74790631,506,482,387.0,1059.0,888.0,991,667,272,932.0,635,914,6.0,8.0,0.50305499,0.838526912,1.115990991
1711,85.26,29.12361688,488,468,390.0,1034.0,902.0,1009,599,268,754.0,534,836,11.5,13.0,0.534190532,0.872340426,1.118625277
1736,67.57,22.42097411,462,410,354.0,992.0,780.0,924,574,246,803.0,562,834,11.0,12.5,0.516129032,0.786290323,1.184615385
1830,132.2,39.47564872,560,543,412.0,1264.0,1272.0,1290,669,289,794.0,592,919,8.0,36.0,0.527868852,1.006329114,1.014150943
1765,91.84,29.48101662,506,448,423.0,1124.0,1013.0,1064,662,254,781.0,557,868,19.5,17.5,0.530878187,0.901245552,1.050345508
1720,75.96,25.6760411,480,439,370.0,980.0,867.0,1025,552,251,761.0,545,834,8.0,16.5,0.526162791,0.884693878,1.182237601
1764,86.85,27.91082419,515,454,379.0,1035.0,905.0,1098,585,267,787.0,558,867,10.0,16.5,0.528344671,0.874396135,1.213259669
1805,95.69,29.37055425,485,469,442.0,1176.0,952.0,1032,722,275,800.0,583,857,12.0,8.5,0.520775623,0.80952381,1.084033613
1913,98.41,26.89114483,519,444,420.0,1145.0,981.0,1110,643,272,865.0,606,922,17.0,21.0,0.521693675,0.856768559,1.131498471
1839,73.02,21.59127904,480,442,357.0,967.0,834.0,924,571,266,816.0,563,844,5.0,7.0,0.536160957,0.86246122,1.107913669
1872,88.66,25.29973884,494,430,388.0,1057.0,890.0,1035,630,280,870.0,593,885,13.0,15.0,0.514423077,0.842005676,1.162921348
1854,94.33,27.44292349,522,451,411.0,1083.0,932.0,1071,662,287,846.0,592,896,18.0,18.0,0.519417476,0.860572484,1.149141631
1796,134.69,41.7563653,571,542,441.0,1215.0,1216.0,1249,732,297,777.0,585,898,28.5,33.0,0.528396437,1.000823045,1.027138158
1839,144.22,42.6444024,590,569,481.0,1291.0,1385.0,1389,707,298,770.0,598,882,24.0,46.0,0.532898314,1.072811774,1.002888087
1940,110.66,29.40269954,556,522,416.0,1139.0,964.0,1167,693,290,877.0,609,925,12.0,23.5,0.522680412,0.846356453,1.210580913
1869,95.46,27.32768401,504,448,403.0,1099.0,978.0,1064,651,281,827.0,589,870,13.0,21.5,0.536650615,0.889899909,1.08793456
1806,82.77,25.37683543,485,441,372.0,994.0,823.0,958,617,282,842.0,578,850,6.0,10.0,0.518272425,0.827967807,1.164034022
1759,74.38,24.03944822,482,421,339.0,960.0,847.0,999,540,255,783.0,550,842,12.5,9.0,0.52700398,0.882291667,1.179456907
1693,67.8,23.65460921,432,394,360.0,996.0,795.0,916,615,260,708.0,491,769,13.0,12.0,0.55463674,0.798192771,1.152201258
1600,73.47,28.69921875,450,411,359.0,1024.0,921.0,976,595,259,719.0,515,806,20.5,26.0,0.52,0.899414063,1.059717698
1831,108.16,32.26190366,535,498,416.0,1124.0,1041.0,1179,656,289,819.0,598,919,12.5,24.0,0.511742217,0.926156584,1.132564841
1745,83.45,27.40535792,499,462,367.0,1004.0,872.0,1035,595,262,758.0,548,862,4.0,13.0,0.522636103,0.868525896,1.186926606
1734,65.76,21.87074708,467,410,346.0,925.0,802.0,933,533,247,765.0,519,805,6.0,21.5,0.542099193,0.867027027,1.163341646
1830,74.38,22.210278,482,420,372.0,1001.0,826.0,969,595,273,842.0,572,874,8.0,9.0,0.515846995,0.825174825,1.173123487
1621,73.47,27.96044056,469,419,347.0,977.0,894.0,1002,578,249,704.0,500,776,12.5,29.5,0.535471931,0.915046059,1.120805369
1683,95.46,33.70180784,548,455,403.0,1112.0,1049.0,1146,663,246,726.0,534,827,24.0,41.0,0.525252525,0.943345324,1.092469018
1850,76.64,22.39298758,468,412,379.0,1022.0,828.0,927,581,255,850.0,584,876,9.0,8.0,0.516756757,0.810176125,1.119565217
1835,80.27,23.83862082,501,442,385.0,1035.0,922.0,985,571,261,848.0,572,893,15.5,12.0,0.517166213,0.890821256,1.068329718
1719,114.06,38.59949421,544,525,440.0,1197.0,1027.0,1182,741,287,728.0,520,819,24.5,25.0,0.542757417,0.857978279,1.150925024
1687,71.88,25.25677546,452,430,349.0,962.0,769.0,976,559,269,740.0,530,817,4.5,12.5,0.53526971,0.799376299,1.269180754
1720,87.07,29.43144943,517,457,373.0,1057.0,922.0,1102,612,268,740.0,535,831,10.5,15.5,0.540116279,0.872280038,1.195227766
1664,60.32,21.78485577,407,374,336.0,912.0,811.0,885,525,258,763.0,532,788,8.0,12.0,0.516826923,0.889254386,1.091245376
1805,73.47,22.55047153,498,432,350.0,978.0,815.0,919,565,268,837.0,580,886,7.0,8.5,0.505263158,0.833333333,1.127607362
1759,76.87,24.84421061,467,402,388.0,1065.0,875.0,925,622,268,788.0,560,848,13.5,13.0,0.530415009,0.821596244,1.057142857
1726,74.38,24.96747314,473,434,362.0,981.0,871.0,984,555,254,754.0,539,852,12.0,23.0,0.5202781,0.887869521,1.129735936
1785,76.19,23.91231002,455,418,355.0,1008.0,815.0,929,588,265,795.0,554,824,11.5,12.5,0.535014006,0.808531746,1.139877301
1834,100.0,29.73044005,527,486,398.0,1114.0,949.0,1115,667,275,827.0,594,903,17.0,15.5,0.515812432,0.851885099,1.174920969
1850,95.46,27.89189189,533,496,384.0,1070.0,876.0,1115,643,263,830.0,586,901,7.0,15.0,0.525405405,0.818691589,1.27283105
1754,64.63,21.0075293,449,404,345.0,922.0,775.0,946,524,268,819.0,561,827,8.0,8.0,0.512542759,0.840563991,1.220645161
1850,118.14,34.51862673,486,484,457.0,1192.0,1187.0,1184,674,284,811.0,606,861,19.0,30.5,0.521081081,0.995805369,0.99747262
1670,68.03,24.39312991,459,416,360.0,961.0,845.0,953,541,268,752.0,530,845,11.0,9.5,0.520958084,0.879292404,1.127810651
1849,94.33,27.59154452,513,438,415.0,1118.0,922.0,1069,666,289,846.0,602,870,26.0,29.0,0.51595457,0.824686941,1.159436009
1879,92.29,26.1397293,495,458,392.0,1068.0,968.0,1085,629,281,877.0,599,903,22.0,20.0,0.508781267,0.906367041,1.120867769
1842,79.37,23.39252642,474,423,367.0,1013.0,849.0,969,595,270,838.0,581,902,12.0,11.5,0.522801303,0.83810464,1.141342756
1796,94.56,29.31533078,529,472,381.0,1052.0,1008.0,1135,653,274,834.0,597,892,21.0,36.0,0.495545657,0.958174905,1.125992063
1967,102.49,26.48943976,488,471,405.0,1104.0,1053.0,1095,610,288,914.0,637,933,16.0,18.0,0.50788002,0.953804348,1.03988604
1768,81.86,26.18829467,480,434,388.0,1051.0,928.0,1007,626,249,810.0,564,831,16.0,15.5,0.518099548,0.882968601,1.08512931
1758,80.5,26.04702572,478,449,394.0,1074.0,996.0,1060,583,260,778.0,546,851,10.0,12.5,0.530147895,0.927374302,1.064257028
1759,71.2,23.0116794,461,407,361.0,962.0,863.0,957,541,264,803.0,579,845,12.0,9.0,0.512222854,0.897089397,1.108922364
1786,65.99,20.68784336,444,409,340.0,938.0,789.0,964,533,260,859.0,585,873,7.0,8.0,0.496080627,0.841151386,1.221799747
1699,73.92,25.60797284,474,427,369.0,1031.0,852.0,1006,595,245,762.0,538,845,6.5,14.0,0.525603296,0.826382153,1.180751174
1917,102.95,28.01445159,509,464,415.0,1135.0,933.0,1049,684,285,883.0,621,915,7.0,12.5,0.522170057,0.822026432,1.124330118
1818,84.35,25.52097894,503,438,376.0,1053.0,867.0,1034,634,270,809.0,573,881,11.0,14.0,0.53080308,0.823361823,1.192618224
1709,60.54,20.72804254,430,401,349.0,925.0,837.0,944,499,260,774.0,535,817,8.0,11.0,0.515506144,0.904864865,1.127837515
1745,66.44,21.81919689,471,399,341.0,948.0,746.0,950,576,248,800.0,548,826,8.0,6.5,0.524355301,0.786919831,1.273458445
1690,55.1,19.2920416,425,376,314.0,856.0,716.0,825,486,248,765.0,508,796,3.0,4.5,0.522485207,0.836448598,1.152234637
1726,77.78,26.10876661,485,418,369.0,1035.0,842.0,999,634,257,813.0,554,851,14.0,12.0,0.517960603,0.81352657,1.186460808
1843,88.66,26.10219661,511,453,401.0,1098.0,864.0,1026,647,272,867.0,592,916,18.0,16.0,0.510037982,0.786885246,1.1875
1802,90.7,27.93172218,525,444,368.0,1066.0,903.0,1059,611,270,790.0,570,882,14.0,22.5,0.534406215,0.847091932,1.172757475
1715,62.13,21.12385146,445,389,344.0,940.0,745.0,851,542,245,789.0,533,831,6.5,8.0,0.527696793,0.792553191,1.142281879
1740,79.82,26.36411679,506,451,352.0,980.0,907.0,1059,563,256,791.0,555,860,10.5,16.0,0.515517241,0.925510204,1.167585447
1812,73.47,22.37657705,482,409,362.0,994.0,802.0,942,576,276,848.0,578,860,10.0,9.5,0.509381898,0.806841046,1.174563591
1869,148.3,42.45438444,608,588,483.0,1295.0,1220.0,1365,768,312,803.0,601,935,15.5,37.5,0.518994114,0.942084942,1.118852459
1829,85.03,25.41819857,492,471,386.0,1058.0,896.0,1018,612,284,806.0,565,869,11.5,21.0,0.532531438,0.846880907,1.136160714
1785,61.22,19.21396009,453,388,340.0,942.0,747.0,862,534,250,824.0,553,831,6.5,11.5,0.519327731,0.792993631,1.15394913
1695,95.01,33.06967395,526,487,411.0,1102.0,964.0,1095,665,265,737.0,528,808,31.0,25.0,0.536283186,0.87477314,1.135892116
1828,88.66,26.53232718,481,458,381.0,1036.0,940.0,1019,583,274,811.0,576,865,8.0,24.0,0.5202407,0.907335907,1.084042553
1965,109.52,28.36405545,540,482,422.0,1134.0,1018.0,1110,632,298,875.0,639,941,15.0,28.5,0.520101781,0.897707231,1.090373281
1608,60.09,23.23967847,489,464,335.0,901.0,738.0,995,495,255,722.0,500,804,5.5,8.5,0.521144279,0.8190899,1.348238482
1980,93.2,23.77308438,491,446,394.0,1049.0,950.0,1017,616,285,924.0,643,915,14.0,13.5,0.508080808,0.905624404,1.070526316
1918,100.0,27.18333857,525,477,406.0,1077.0,993.0,1099,624,288,881.0,632,931,15.0,18.5,0.511470282,0.922005571,1.106747231
1803,96.15,29.57725292,534,501,404.0,1116.0,970.0,1102,659,272,805.0,572,875,14.5,25.0,0.527454243,0.869175627,1.136082474
1759,83.67,27.04195527,487,475,371.0,1030.0,864.0,1026,604,265,779.0,558,831,11.5,22.5,0.517339397,0.838834951,1.1875
1784,53.51,16.81300147,438,388,317.0,852.0,742.0,813,475,238,835.0,567,808,5.0,6.5,0.510089686,0.870892019,1.095687332
1706,75.28,25.86554042,477,428,366.0,1036.0,797.0,974,610,266,757.0,543,825,9.5,14.0,0.530480657,0.769305019,1.222082811
1659,60.54,21.99630052,463,401,340.0,945.0,765.0,850,539,256,739.0,524,796,9.0,11.0,0.517179024,0.80952381,1.111111111
1843,104.08,30.64196507,540,470,412.0,1141.0,1057.0,1130,677,295,790.0,586,889,15.5,22.0,0.524145415,0.926380368,1.069063387
1945,97.28,25.71487104,508,445,370.0,1033.0,948.0,1063,609,280,909.0,640,987,15.5,28.0,0.504884319,0.917715392,1.121308017
1777,79.59,25.20482283,462,396,377.0,1017.0,932.0,928,599,272,767.0,548,833,18.0,19.0,0.528418683,0.916420846,0.995708155
1778,85.26,26.97005394,503,499,374.0,1015.0,902.0,1070,582,258,828.0,560,870,11.0,17.0,0.512935883,0.888669951,1.186252772
1885,97.28,27.37794539,494,475,410.0,1085.0,1004.0,1047,637,280,835.0,599,892,22.0,25.0,0.518302387,0.925345622,1.042828685
1779,71.88,22.71204146,458,402,360.0,968.0,848.0,884,548,265,788.0,545,844,11.5,18.0,0.532883642,0.876033058,1.04245283
1837,128.12,37.96632992,577,578,436.0,1207.0,1086.0,1117,750,308,879.0,596,923,24.5,37.0,0.509526402,0.89975145,1.02854512
1648,61.9,22.79167452,459,406,341.0,930.0,772.0,858,554,238,708.0,482,789,10.5,11.5,0.544902913,0.830107527,1.111398964
1965,106.12,27.48350588,497,441,421.0,1096.0,1063.0,1132,610,298,901.0,640,885,15.5,24.0,0.508905852,0.969890511,1.06491063
1677,72.79,25.88246254,473,426,355.0,989.0,805.0,972,591,270,757.0,524,819,16.0,18.0,0.524746571,0.813953488,1.207453416
1730,68.93,23.03117378,476,431,359.0,967.0,838.0,982,557,265,787.0,543,852,7.5,8.5,0.500578035,0.866597725,1.171837709
1831,73.02,21.78036432,479,432,342.0,942.0,823.0,1020,540,280,822.0,572,866,14.5,21.0,0.521026761,0.873673036,1.239368165
1818,88.66,26.82501473,487,473,402.0,1106.0,905.0,1012,623,268,818.0,574,844,16.0,18.0,0.53520352,0.818264014,1.118232044
1785,98.41,30.88607992,500,487,400.0,1070.0,1037.0,1110,636,273,767.0,572,825,13.0,28.0,0.517086835,0.969158879,1.070395371
1797,81.18,25.13928334,477,462,378.0,1000.0,912.0,1019,575,274,797.0,552,855,10.0,18.0,0.519755147,0.912,1.117324561
1831,91.16,27.19115327,502,516,397.0,1086.0,844.0,1050,662,303,835.0,569,888,12.5,16.0,0.531403605,0.777163904,1.244075829
1830,88.21,26.33999224,481,451,374.0,1014.0,943.0,1029,559,287,825.0,573,845,8.0,17.0,0.515300546,0.929980276,1.091198303
1852,81.86,23.8665572,490,427,376.0,1010.0,849.0,958,606,282,859.0,585,877,11.0,8.5,0.516198704,0.840594059,1.128386337
1833,70.98,21.1256979,471,433,359.0,972.0,781.0,912,548,283,890.0,586,925,7.0,8.5,0.486633933,0.803497942,1.167733675
1692,75.51,26.37568533,490,435,360.0,974.0,856.0,1020,572,267,724.0,526,823,9.0,13.5,0.540780142,0.878850103,1.191588785
1953,108.39,28.41742547,532,525,422.0,1134.0,1038.0,1143,613,290,904.0,625,952,15.0,31.0,0.512544803,0.915343915,1.101156069
1772,88.66,28.23581267,514,485,398.0,1093.0,880.0,1048,633,263,784.0,552,835,12.5,20.0,0.53724605,0.805123513,1.190909091
1741,73.47,24.23887715,449,453,364.0,1005.0,873.0,984,592,280,802.0,548,828,11.0,17.0,0.504882252,0.868656716,1.127147766
1747,80.5,26.37606901,480,454,371.0,1027.0,887.0,1032,605,265,798.0,570,842,9.0,18.0,0.502003434,0.863680623,1.163472379
1726,76.87,25.80330277,476,429,370.0,997.0,846.0,978,557,267,762.0,554,842,5.0,9.0,0.522016222,0.848545637,1.156028369
1711,80.5,27.49766782,502,442,362.0,1018.0,909.0,1027,604,252,772.0,539,832,8.0,17.5,0.511981297,0.892927308,1.129812981
1686,62.13,21.85678162,456,396,340.0,941.0,713.0,880,542,253,765.0,529,827,7.0,10.0,0.529655991,0.75770457,1.234221599
1922,95.46,25.84131817,501,444,431.0,1108.0,993.0,1007,647,245,846.0,595,890,15.0,18.5,0.527055151,0.896209386,1.014098691
1713,74.15,25.26948724,495,450,369.0,1000.0,810.0,927,583,264,761.0,531,805,16.0,16.0,0.529480444,0.81,1.144444444
1708,108.16,37.07583544,525,507,418.0,1206.0,1070.0,1145,694,301,707.0,539,807,30.0,40.0,0.542740047,0.887230514,1.070093458
1735,85.03,28.24705794,516,445,374.0,1001.0,967.0,1082,587,272,753.0,536,832,13.0,35.0,0.533717579,0.966033966,1.118924509
1889,74.83,20.97064698,458,432,370.0,952.0,862.0,1010,525,287,828.0,580,886,5.0,7.5,0.541556379,0.905462185,1.171693735
1815,87.3,26.50092207,473,460,408.0,1062.0,977.0,1073,587,288,836.0,586,878,14.0,21.5,0.507438017,0.919962335,1.09825998
1671,68.71,24.60747478,437,405,363.0,963.0,853.0,961,531,268,742.0,523,780,11.5,15.0,0.527827648,0.885773624,1.126611958
1690,85.03,29.77136655,467,452,385.0,1047.0,958.0,1079,626,249,745.0,534,832,14.0,19.5,0.524260355,0.914995224,1.126304802
1781,92.97,29.30994423,533,475,387.0,1053.0,852.0,1108,594,283,775.0,560,875,27.0,33.5,0.525547445,0.809116809,1.300469484
1862,109.52,31.58886937,535,484,414.0,1095.0,991.0,1202,630,304,835.0,597,910,9.0,36.0,0.500537057,0.905022831,1.212916246
1877,79.37,22.52826961,493,442,376.0,998.0,880.0,990,561,265,866.0,589,860,7.5,15.5,0.507192328,0.881763527,1.125
1828,79.59,23.81804557,491,439,388.0,1009.0,875.0,951,605,281,835.0,577,866,15.5,27.5,0.521881838,0.867195243,1.086857143
1873,95.92,27.34221005,485,452,393.0,1069.0,978.0,1012,649,293,858.0,603,885,28.5,30.0,0.515216231,0.914873714,1.034764826
1644,94.56,34.98676896,552,479,387.0,1123.0,1029.0,1215,644,262,703.0,522,802,13.5,32.5,0.51703163,0.916295637,1.180758017
1889,86.39,24.21026584,490,462,379.0,1059.0,825.0,993,631,291,854.0,595,860,21.5,13.0,0.51720487,0.779036827,1.203636364
1779,89.8,28.37425324,526,474,403.0,1062.0,849.0,1052,653,281,787.0,563,857,13.0,15.5,0.544125913,0.799435028,1.239104829
1754,76.87,24.98605566,481,435,377.0,1016.0,865.0,1017,576,287,756.0,537,831,11.0,12.0,0.533067275,0.851377953,1.175722543
1736,72.79,24.15306653,462,434,344.0,968.0,872.0,969,550,265,793.0,548,817,15.0,25.5,0.511520737,0.900826446,1.111238532
1901,123.13,34.07215837,560,499,444.0,1250.0,1151.0,1155,730,311,828.0,616,942,29.5,30.5,0.501315097,0.9208,1.003475239
1954,148.3,38.84114574,571,570,502.0,1375.0,1223.0,1347,791,308,821.0,623,946,30.5,46.0,0.528659161,0.889454545,1.101390025
1777,73.92,23.40922859,469,432,375.0,980.0,843.0,974,542,271,803.0,552,837,8.0,9.5,0.525604952,0.860204082,1.15539739
1746,92.06,30.19829976,489,474,402.0,1066.0,976.0,1136,610,280,731.0,548,826,15.0,20.0,0.536082474,0.915572233,1.163934426
1722,61.45,20.72314153,457,414,340.0,897.0,786.0,939,518,254,812.0,551,840,12.0,15.5,0.522067364,0.876254181,1.194656489
1793,79.14,24.61701934,475,460,369.0,967.0,858.0,971,546,265,775.0,554,871,7.5,22.0,0.523703291,0.887280248,1.131701632
1845,77.55,22.78185383,487,412,371.0,979.0,854.0,972,592,268,861.0,581,921,13.5,7.5,0.511653117,0.872318693,1.138173302
1721,68.48,23.12075496,490,430,352.0,993.0,822.0,888,592,253,766.0,538,817,15.0,25.5,0.524113887,0.827794562,1.080291971
1678,83.22,29.55587346,507,453,379.0,1052.0,869.0,973,659,267,765.0,530,838,0.0,21.5,0.515494636,0.826045627,1.119677791
1681,63.04,22.30903463,432,392,342.0,950.0,752.0,898,539,252,706.0,507,807,7.5,12.0,0.54312909,0.791578947,1.194148936
1676,67.35,23.97670895,472,400,367.0,987.0,780.0,873,568,248,724.0,514,823,14.0,21.5,0.539976134,0.790273556,1.119230769
1946,70.98,18.74348414,463,428,355.0,958.0,806.0,909,536,277,872.0,600,891,10.5,9.0,0.529804728,0.841336117,1.127791563
1853,107.48,31.30234106,540,503,383.0,1103.0,1118.0,1178,650,278,848.0,579,922,9.5,31.0,0.51699946,1.013599275,1.053667263
1608,80.5,31.13320215,513,470,357.0,1005.0,823.0,1089,603,247,724.0,512,808,11.5,23.5,0.513059701,0.818905473,1.323207776
1769,109.07,34.85376088,532,522,436.0,1165.0,1026.0,1184,700,301,738.0,545,852,17.5,34.5,0.531938949,0.880686695,1.153996101
1806,116.1,35.5956336,566,540,441.0,1182.0,1045.0,1250,756,283,788.0,585,888,20.5,35.5,0.528239203,0.884094755,1.196172249
1804,96.15,29.54447127,506,489,405.0,1105.0,1016.0,1094,672,264,782.0,564,871,23.5,28.5,0.528824834,0.919457014,1.076771654
1748,91.61,29.98196042,533,472,377.0,1047.0,912.0,1115,612,275,797.0,578,897,20.5,28.5,0.489702517,0.871060172,1.222587719
1680,74.83,26.51289683,472,420,338.0,995.0,865.0,950,585,262,741.0,542,822,9.5,19.0,0.488690476,0.869346734,1.098265896
1711,93.88,32.06808764,525,449,387.0,1097.0,916.0,1075,630,276,782.0,560,876,29.5,0.0,0.499707773,0.835004558,1.173580786
1724,82.09,27.61949494,484,415,404.0,1072.0,874.0,1019,656,267,752.0,531,825,20.0,14.5,0.530742459,0.815298507,1.16590389
1775,90.48,28.71811149,508,471,392.0,1100.0,918.0,1084,642,278,826.0,578,865,10.0,27.5,0.495774648,0.834545455,1.180827887
1655,77.55,28.31299459,509,420,365.0,1013.0,875.0,1015,571,259,724.0,520,796,21.0,20.0,0.524471299,0.863770977,1.16
1764,92.29,29.65906695,525,474,399.0,1048.0,997.0,1122,630,282,794.0,578,898,22.5,28.0,0.49829932,0.951335878,1.125376128
1798,77.1,23.84926522,487,450,366.0,975.0,861.0,987,565,288,858.0,584,882,14.0,17.0,0.487764182,0.883076923,1.146341463
1807,100.23,30.69597449,552,494,403.0,1186.0,1038.0,1158,641,275,814.0,580,922,10.5,20.5,0.515771998,0.875210793,1.115606936
1687,81.18,28.52455526,520,404,376.0,1024.0,871.0,1070,591,254,754.0,533,852,10.0,17.5,0.52519265,0.850585938,1.22847302
1748,68.03,22.2647393,464,379,349.0,962.0,805.0,895,566,260,807.0,533,824,11.5,10.5,0.510869565,0.836798337,1.111801242
1795,83.67,25.96814115,498,442,363.0,1007.0,759.0,961,601,272,836.0,568,877,7.0,14.0,0.515320334,0.753723932,1.266139657
1766,67.35,21.59514883,442,380,343.0,966.0,770.0,920,531,258,803.0,566,848,11.0,11.0,0.509626274,0.797101449,1.194805195
1743,110.2,36.27327933,532,464,431.0,1208.0,1042.0,1174,746,280,827.0,571,886,23.5,24.0,0.500286862,0.862582781,1.126679463
1720,70.29,23.75946458,482,411,358.0,974.0,700.0,977,586,250,802.0,555,853,7.0,11.0,0.497674419,0.718685832,1.395714286
1664,100.0,36.11547707,539,540,409.0,1141.0,912.0,1094,751,264,742.0,532,874,0.0,21.5,0.520432692,0.799298861,1.199561404
1722,68.48,23.09390939,463,418,334.0,942.0,690.0,925,557,255,794.0,542,819,4.5,11.0,0.508710801,0.732484076,1.34057971
1800,95.01,29.32407407,487,454,393.0,1090.0,947.0,1018,689,275,848.0,602,901,14.0,20.5,0.5,0.868807339,1.074973601
1912,102.72,28.09824758,483,458,416.0,1110.0,944.0,1054,704,278,883.0,611,901,25.5,28.5,0.504707113,0.85045045,1.116525424
1798,73.24,22.65525531,466,408,355.0,993.0,887.0,949,546,276,839.0,563,902,11.0,11.0,0.513348165,0.893252769,1.069898534
1726,73.92,24.81306284,469,419,369.0,899.0,814.0,957,583,270,770.0,535,835,8.0,12.0,0.541135574,0.905450501,1.175675676
1723,66.21,22.30247355,460,377,323.0,917.0,761.0,866,582,258,809.0,553,832,7.0,8.0,0.500290192,0.829880044,1.137976347
1845,97.05,28.5103664,522,441,386.0,1082.0,949.0,1066,654,283,826.0,580,907,24.0,20.0,0.530623306,0.877079482,1.123287671
1779,75.74,23.93169199,459,419,339.0,968.0,806.0,912,594,262,804.0,549,846,12.0,18.0,0.517706577,0.832644628,1.131513648
1702,69.16,23.8745873,474,397,340.0,968.0,737.0,898,558,257,779.0,540,848,4.5,8.0,0.504700353,0.761363636,1.218453189
1762,70.75,22.78844209,468,413,339.0,946.0,779.0,902,576,260,796.0,556,848,13.0,14.0,0.53291714,0.82346723,1.157894737
1696,78.91,27.43344495,492,436,375.0,1019.0,847.0,973,628,265,739.0,517,861,10.5,14.0,0.541273585,0.831207066,1.148760331
1769,101.59,32.46349654,505,490,405.0,1129.0,998.0,1104,633,274,791.0,570,846,17.5,28.0,0.525720746,0.883968113,1.106212425
1751,80.73,26.33071548,486,428,359.0,1013.0,869.0,1010,594,272,785.0,547,823,8.0,17.0,0.536264991,0.857847976,1.162255466
1859,89.34,25.85158459,461,463,386.0,1092.0,899.0,1058,614,279,875.0,593,898,17.0,21.0,0.505648198,0.823260073,1.176863181
1811,100.68,30.69773313,506,454,396.0,1098.0,942.0,1115,649,295,822.0,581,839,9.0,28.0,0.519050248,0.857923497,1.183651805
1830,72.11,21.53244349,450,411,349.0,986.0,858.0,886,570,262,824.0,580,865,9.0,15.0,0.533333333,0.870182556,1.032634033
1873,127.21,36.26149437,533,465,424.0,1193.0,1154.0,1265,710,287,865.0,607,891,29.5,40.0,0.513080619,0.967309304,1.096187175
1781,74.6,23.51857416,475,422,367.0,997.0,855.0,1002,581,265,829.0,561,845,7.5,16.5,0.508702976,0.857572718,1.171929825
1874,95.69,27.24754519,527,430,394.0,1118.0,936.0,1079,655,277,835.0,600,879,23.5,23.0,0.511205977,0.837209302,1.152777778
1717,72.34,24.53792949,477,385,360.0,1010.0,851.0,991,599,266,768.0,530,811,9.0,12.5,0.536400699,0.842574257,1.164512338
1692,54.88,19.16961476,431,373,308.0,893.0,778.0,842,478,245,733.0,512,818,7.0,7.0,0.536643026,0.871220605,1.082262211
1803,106.8,32.8533605,501,461,424.0,1166.0,1081.0,1183,627,290,796.0,559,872,23.5,32.5,0.526344981,0.927101201,1.094357077
1901,107.94,29.86882786,522,464,386.0,1164.0,1072.0,1107,643,291,862.0,608,918,27.0,19.0,0.507101526,0.920962199,1.032649254
1658,103.17,37.5305024,507,501,397.0,1111.0,1088.0,1262,625,278,702.0,516,792,27.0,36.0,0.523522316,0.97929793,1.159926471
1809,98.87,30.21255127,516,489,420.0,1111.0,916.0,1092,687,280,821.0,567,882,14.0,19.5,0.523493643,0.824482448,1.192139738
1788,76.42,23.90407839,482,407,345.0,947.0,904.0,1015,534,269,842.0,566,861,13.0,17.0,0.521252796,0.954593453,1.122787611
1856,95.46,27.71184787,504,471,376.0,1068.0,938.0,1104,600,294,824.0,591,911,16.0,29.0,0.519396552,0.878277154,1.176972281
1827,106.8,31.99588727,516,457,387.0,1099.0,1132.0,1221,611,275,806.0,572,898,14.0,27.0,0.513409962,1.030027298,1.078621908
1694,68.48,23.86365379,448,397,333.0,938.0,805.0,910,570,265,779.0,546,812,20.0,21.0,0.507083825,0.858208955,1.130434783
1720,94.78,32.03758789,495,484,354.0,1087.0,1051.0,1120,646,270,753.0,536,817,23.5,39.5,0.523837209,0.966881325,1.06565176
1724,58.28,19.60852924,416,344,308.0,872.0,771.0,893,508,257,802.0,551,763,14.5,14.0,0.504640371,0.884174312,1.158236057
1791,88.21,27.49961732,527,492,361.0,1046.0,887.0,1094,598,265,811.0,565,873,3.0,25.5,0.528754886,0.847992352,1.233370913
1735,134.47,44.6710794,557,539,436.0,1397.0,1365.0,1431,658,272,757.0,535,867,23.0,54.0,0.510662824,0.977093772,1.048351648
1685,73.24,25.79577173,465,415,308.0,927.0,859.0,1031,545,269,773.0,546,809,11.5,18.0,0.513353116,0.926645092,1.200232829
1890,95.24,26.66218751,492,440,382.0,1062.0,1024.0,1135,579,290,905.0,616,925,19.5,26.0,0.497354497,0.964218456,1.108398438
1769,79.59,25.43330731,483,434,347.0,1009.0,899.0,1052,571,260,802.0,529,830,7.0,26.0,0.530808366,0.890981169,1.170189099
1749,80.27,26.24059293,484,445,346.0,984.0,814.0,1078,594,265,796.0,547,866,14.5,18.5,0.507718696,0.827235772,1.324324324
1742,87.3,28.76854797,523,495,391.0,1037.0,919.0,1111,591,262,780.0,555,846,14.5,20.5,0.522962113,0.886210222,1.208922742
1715,83.22,28.29433314,468,450,362.0,1025.0,959.0,1106,565,280,790.0,548,842,7.0,28.0,0.511953353,0.935609756,1.153284672
1924,83.22,22.48110096,482,417,370.0,1024.0,937.0,1032,574,273,916.0,620,913,14.5,25.5,0.501039501,0.915039063,1.101387407
1766,69.16,22.17550844,456,414,370.0,1004.0,827.0,983,554,251,829.0,559,836,8.5,19.5,0.511325028,0.823705179,1.188633615
1736,94.1,31.22411816,513,477,394.0,1079.0,1029.0,1136,601,265,772.0,541,839,9.5,37.5,0.519585253,0.953660797,1.103984451
1889,100.91,28.27940648,512,479,387.0,1072.0,959.0,1090,636,280,882.0,612,935,14.5,33.0,0.511381683,0.894589552,1.136600626
1719,81.63,27.62473007,475,431,372.0,1056.0,901.0,1071,590,261,782.0,531,838,20.5,24.0,0.525887144,0.853219697,1.188679245
1714,100.68,34.27058924,502,434,431.0,1134.0,1032.0,1184,708,284,800.0,557,838,29.0,35.0,0.497666278,0.91005291,1.147286822
1851,111.11,32.42950428,494,489,432.0,1185.0,1120.0,1153,709,293,861.0,607,874,29.0,41.0,0.504592112,0.945147679,1.029464286
1826,80.05,24.00821048,473,427,350.0,1004.0,830.0,968,577,277,825.0,553,866,19.0,12.0,0.536144578,0.826693227,1.16626506
1874,127.21,36.22280513,569,494,467.0,1313.0,1288.0,1253,674,302,811.0,574,891,22.5,46.5,0.531483458,0.980959634,0.972826087
1951,143.08,37.58931337,560,593,450.0,1221.0,1206.0,1333,750,295,880.0,623,943,22.0,48.5,0.514607893,0.987714988,1.105306799
1771,127.44,40.63204122,541,526,506.0,1404.0,1244.0,1278,799,268,810.0,571,881,30.5,50.5,0.522868436,0.886039886,1.02733119
1706,80.73,27.73811209,471,414,356.0,1002.0,906.0,1083,593,251,766.0,538,820,26.0,34.5,0.535169988,0.904191617,1.195364238
1692,69.39,24.2379659,448,394,337.0,959.0,834.0,980,578,257,819.0,554,808,21.5,19.0,0.502955083,0.869655892,1.175059952
1755,83.67,27.16536392,502,421,354.0,1027.0,866.0,1068,611,269,807.0,557,848,13.0,20.0,0.51965812,0.843232717,1.233256351
1736,67.12,22.2716558,455,416,347.0,972.0,821.0,964,554,247,795.0,546,862,18.0,13.0,0.516129032,0.844650206,1.174177832
1788,69.61,21.77391909,460,397,326.0,938.0,780.0,950,550,262,808.0,547,833,6.5,9.5,0.532997763,0.831556503,1.217948718
1737,80.95,26.82978647,501,419,338.0,992.0,861.0,1028,587,256,765.0,530,846,17.0,26.5,0.524467473,0.867943548,1.193960511
1903,96.83,26.73821156,523,470,415.0,1101.0,920.0,1111,634,263,873.0,591,913,20.5,28.5,0.519705728,0.835603996,1.207608696
2001,97.73,24.40808581,485,446,406.0,1108.0,930.0,993,640,285,912.0,625,944,25.5,18.5,0.517241379,0.839350181,1.067741935
1723,68.03,22.91553052,473,415,337.0,949.0,716.0,942,564,269,760.0,515,814,10.5,14.0,0.544979687,0.754478398,1.315642458
1805,94.78,29.09124393,489,467,371.0,1055.0,999.0,1192,605,269,831.0,589,886,20.5,31.0,0.506371191,0.946919431,1.193193193
1907,88.66,24.37958681,481,461,391.0,1037.0,894.0,1011,600,281,902.0,602,926,16.0,13.5,0.521237546,0.862102218,1.130872483
1847,138.1,40.48180678,519,516,506.0,1409.0,1357.0,1283,754,307,826.0,589,929,31.0,39.5,0.50351922,0.963094393,0.945467944
1684,81.18,28.62627722,511,455,378.0,1025.0,869.0,1084,590,255,759.0,535,847,15.5,20.5,0.513064133,0.847804878,1.247410817
1778,73.7,23.31331193,459,409,349.0,971.0,836.0,984,583,250,793.0,529,834,13.0,19.5,0.543869516,0.860968074,1.177033493
1845,84.81,24.91462313,445,424,368.0,1052.0,942.0,1006,608,260,856.0,587,875,22.5,27.5,0.501897019,0.895437262,1.067940552
1816,100.0,30.32273089,496,461,387.0,1096.0,1036.0,1142,622,291,815.0,570,913,14.5,25.0,0.523678414,0.945255474,1.102316602
1743,84.35,27.76452914,474,424,367.0,1011.0,944.0,1061,607,265,811.0,556,862,9.5,24.0,0.500286862,0.933728981,1.123940678
1827,75.06,22.48699718,457,440,337.0,978.0,833.0,946,558,270,859.0,573,885,10.0,11.5,0.51122058,0.851738241,1.135654262
1765,66.44,21.32751246,455,404,327.0,928.0,812.0,924,521,257,838.0,556,849,7.5,13.5,0.515580737,0.875,1.137931034
1604,64.85,25.20584449,427,418,318.0,909.0,849.0,973,493,246,701.0,483,801,8.5,15.5,0.520573566,0.933993399,1.146054181
1757,70.52,22.84382269,467,426,344.0,984.0,771.0,961,542,255,794.0,528,856,8.0,12.5,0.52760387,0.783536585,1.246433204
1871,95.01,27.14074365,496,470,378.0,1068.0,959.0,1042,634,280,831.0,582,859,18.0,24.5,0.523249599,0.897940075,1.086548488
1752,76.64,24.96820333,447,415,341.0,992.0,906.0,1025,584,253,805.0,538,810,18.0,21.0,0.525114155,0.913306452,1.131346578
1729,84.35,28.2159775,481,449,361.0,1041.0,918.0,1071,623,265,757.0,521,845,22.5,27.0,0.541931752,0.88184438,1.166666667
1781,88.66,27.95116333,463,466,378.0,1072.0,920.0,1045,603,273,795.0,545,846,17.0,33.5,0.532846715,0.858208955,1.135869565
1789,82.54,25.78955114,474,437,374.0,1050.0,842.0,1052,628,287,823.0,570,864,16.5,17.5,0.523197317,0.801904762,1.249406176
1902,84.13,23.25572395,486,406,380.0,1053.0,878.0,993,609,272,896.0,594,931,23.5,17.5,0.512618297,0.833808167,1.130979499
1834,64.85,19.28019037,403,386,329.0,919.0,747.0,909,468,276,845.0,561,844,6.0,11.5,0.528898582,0.812840044,1.21686747
1825,80.95,24.30474761,476,415,333.0,960.0,858.0,980,597,270,849.0,574,855,7.5,19.5,0.519452055,0.89375,1.142191142
1759,87.07,28.1408276,493,480,368.0,1005.0,912.0,1122,567,269,801.0,557,874,18.0,19.0,0.528140989,0.907462687,1.230263158
1715,65.08,22.12683491,431,409,333.0,943.0,809.0,944,532,249,810.0,553,844,6.0,7.5,0.509620991,0.857900318,1.166872682
1680,73.92,26.19047619,465,423,354.0,996.0,842.0,962,600,251,731.0,516,795,17.5,28.0,0.543452381,0.845381526,1.142517815
1634,68.48,25.64836274,435,411,336.0,948.0,860.0,989,556,245,728.0,508,781,7.5,23.5,0.52753978,0.907172996,1.15
1765,109.52,35.15636912,500,480,387.0,1106.0,1161.0,1186,610,285,796.0,563,886,16.5,39.0,0.520679887,1.049728752,1.021533161
1776,71.66,22.71908733,465,420,350.0,999.0,864.0,1009,553,270,853.0,576,868,4.5,6.0,0.506756757,0.864864865,1.167824074
1673,75.74,27.06035058,488,440,355.0,999.0,856.0,1032,580,257,763.0,524,834,12.0,22.5,0.51105798,0.856856857,1.205607477
1840,85.94,25.38397921,436,427,346.0,1013.0,903.0,1031,590,266,890.0,605,880,13.5,30.5,0.49673913,0.891411649,1.141749723
1818,88.66,26.82501473,460,445,382.0,1056.0,970.0,1093,595,266,842.0,577,869,17.0,33.5,0.50770077,0.918560606,1.126804124
1855,81.86,23.78942321,495,426,352.0,1006.0,851.0,1011,570,273,830.0,580,896,11.5,15.0,0.525606469,0.845924453,1.188014101
1794,106.58,33.11546354,530,463,393.0,1085.0,1013.0,1191,640,286,795.0,538,899,17.5,38.0,0.533444816,0.933640553,1.175715696
1711,72.34,24.71032659,467,409,341.0,958.0,865.0,960,557,259,757.0,527,831,14.0,16.0,0.534190532,0.902922756,1.10982659
1683,68.48,24.1766164,464,414,319.0,961.0,756.0,985,582,245,758.0,518,839,11.0,10.0,0.514557338,0.786680541,1.302910053
1707,97.96,33.61876336,478,455,386.0,1114.0,1098.0,1118,623,267,758.0,541,831,13.0,33.5,0.538957235,0.985637343,1.018214936
1804,58.05,17.83730168,431,389,318.0,896.0,723.0,848,491,253,868.0,571,853,10.0,9.0,0.509423503,0.806919643,1.172890733
2008,90.48,22.44012,467,421,383.0,1072.0,972.0,994,626,291,952.0,644,947,17.0,22.0,0.506972112,0.906716418,1.022633745
1735,68.25,22.6727238,428,414,333.0,918.0,800.0,959,527,252,812.0,556,842,11.5,13.0,0.5129683,0.871459695,1.19875
1812,78.68,23.96337393,446,453,359.0,1002.0,869.0,991,543,272,818.0,545,867,11.0,18.0,0.529801325,0.867265469,1.140391254
1903,83.9,23.16777807,479,422,392.0,1062.0,893.0,980,603,285,880.0,574,906,19.0,13.0,0.527588019,0.84086629,1.097424412
1805,73.7,22.62106644,445,431,345.0,968.0,844.0,981,567,257,848.0,573,879,16.0,16.5,0.514127424,0.871900826,1.162322275
1630,66.21,24.92001957,457,416,323.0,924.0,742.0,995,567,255,760.0,513,786,4.0,8.5,0.526380368,0.803030303,1.34097035
1777,93.88,29.73022701,468,519,380.0,1061.0,1011.0,1084,610,277,824.0,563,851,15.0,25.0,0.506471581,0.952874647,1.072205737
1809,66.44,20.30263888,435,408,326.0,950.0,793.0,936,531,252,833.0,563,832,7.5,6.5,0.524599226,0.834736842,1.180327869
1811,78.46,23.9227666,488,446,357.0,1022.0,867.0,957,608,266,852.0,565,859,15.0,16.0,0.530646052,0.848336595,1.103806228
1909,86.85,23.83186148,482,442,364.0,1072.0,889.0,1039,626,270,915.0,610,923,14.5,16.0,0.505500262,0.829291045,1.168728909
1811,79.82,24.33743602,473,416,352.0,1005.0,863.0,1011,569,269,805.0,548,859,5.5,12.0,0.536167863,0.858706468,1.171494786
1708,73.24,25.10571549,442,394,348.0,958.0,855.0,1019,562,269,798.0,538,827,15.5,13.0,0.516393443,0.892484342,1.191812865
1738,82.99,27.4742737,498,442,391.0,1062.0,917.0,1017,610,265,776.0,547,865,21.5,22.0,0.518411968,0.86346516,1.109051254
1997,126.3,31.66993856,602,573,428.0,1189.0,1050.0,1314,695,294,944.0,664,1000,8.0,30.5,0.508763145,0.883095038,1.251428571
1834,87.3,25.95467416,500,442,384.0,1040.0,911.0,1009,629,285,875.0,592,911,13.0,21.5,0.517448201,0.875961538,1.107574094
1842,87.98,25.93013071,460,466,396.0,1032.0,986.0,1089,593,283,832.0,570,836,16.0,20.5,0.517915309,0.955426357,1.104462475
1706,74.38,25.5563084,453,421,353.0,991.0,889.0,1029,559,249,780.0,547,827,13.0,16.0,0.515826495,0.897073663,1.157480315
1719,74.15,25.09339379,469,428,360.0,987.0,911.0,998,548,265,748.0,536,831,11.0,22.0,0.547411286,0.922998987,1.095499451
1835,96.37,28.62000609,522,460,402.0,1109.0,960.0,1093,630,287,815.0,571,876,20.5,23.0,0.528065395,0.865644725,1.138541667
1785,71.88,22.55961208,443,392,387.0,996.0,939.0,943,563,265,816.0,558,816,16.5,13.0,0.5232493,0.942771084,1.004259851
1777,93.65,29.65738985,514,481,395.0,1081.0,996.0,1176,636,265,784.0,568,859,13.0,27.5,0.507597074,0.921369103,1.180722892
1763,87.07,28.01327727,488,465,382.0,1036.0,935.0,1083,584,271,800.0,570,861,8.5,26.5,0.509926262,0.902509653,1.15828877
1853,99.09,28.85884794,513,438,395.0,1087.0,952.0,1129,650,283,841.0,589,860,22.5,30.0,0.525094441,0.875804968,1.18592437
1710,73.92,25.2795732,484,456,351.0,969.0,883.0,1069,542,250,751.0,513,803,17.0,14.0,0.532163743,0.91124871,1.210645527
1890,92.06,25.77195487,504,439,379.0,1094.0,968.0,1018,622,285,841.0,589,888,23.0,19.5,0.508465608,0.884826325,1.051652893
1818,114.29,34.57964058,531,479,445.0,1186.0,1172.0,1185,704,282,818.0,582,881,31.5,32.5,0.51210121,0.988195616,1.01109215
1758,79.82,25.82700116,484,416,368.0,1017.0,921.0,1032,586,267,784.0,520,836,16.0,15.0,0.53811149,0.90560472,1.120521173
1824,87.76,26.37830871,495,455,391.0,1110.0,900.0,1023,656,261,808.0,556,901,19.0,17.5,0.529057018,0.810810811,1.136666667
1866,109.07,31.32434758,543,475,421.0,1191.0,987.0,1154,724,283,858.0,590,927,24.0,35.5,0.511789925,0.828715365,1.169199595
1741,92.52,30.52376363,490,461,393.0,1081.0,986.0,1134,594,271,785.0,557,830,28.0,32.5,0.500287191,0.912118409,1.15010142
1878,106.12,30.08888299,505,498,410.0,1137.0,1086.0,1129,687,275,888.0,608,909,12.0,26.5,0.495207668,0.955145119,1.039594843
1726,82.54,27.70657748,498,419,391.0,1056.0,924.0,1015,621,257,770.0,534,854,28.0,28.5,0.540556199,0.875,1.098484848
1595,68.48,26.91797447,460,412,361.0,964.0,877.0,989,545,246,718.0,493,785,7.5,15.0,0.528526646,0.909751037,1.127708096
1785,82.77,25.9774498,483,438,357.0,1007.0,1017.0,1013,580,266,810.0,556,869,11.0,15.5,0.517086835,1.009930487,0.996066863
1768,74.15,23.72174505,467,461,346.0,989.0,804.0,983,587,257,826.0,553,842,11.5,23.5,0.509615385,0.812942366,1.222636816
1777,66.89,21.18294508,449,380,321.0,956.0,761.0,881,565,256,803.0,554,851,11.0,9.0,0.534608891,0.796025105,1.157687254
1781,68.93,21.73103642,471,403,361.0,974.0,817.0,938,555,240,806.0,553,833,13.5,12.5,0.521055587,0.838809035,1.148102815
1800,88.44,27.2962963,480,463,395.0,1072.0,852.0,1094,618,264,813.0,552,866,5.0,16.0,0.513333333,0.794776119,1.284037559
1743,91.38,30.0785142,482,456,369.0,1041.0,1005.0,1127,591,274,795.0,549,867,21.5,28.5,0.515203672,0.965417867,1.121393035
1742,77.1,25.40727432,455,415,373.0,1018.0,986.0,983,561,264,756.0,535,800,22.5,17.0,0.527554535,0.968565815,0.996957404
1690,86.62,30.32806975,498,454,382.0,1049.0,953.0,1068,613,265,781.0,535,843,26.5,28.5,0.525443787,0.908484271,1.120671563
1897,83.67,23.25065046,486,410,366.0,1016.0,904.0,999,562,265,866.0,600,887,14.5,24.5,0.51818661,0.88976378,1.105088496
1671,68.48,24.52510367,451,400,345.0,936.0,861.0,960,524,254,735.0,516,826,7.5,9.0,0.521244764,0.919871795,1.114982578
1770,103.4,33.00456446,483,487,426.0,1172.0,1057.0,1133,731,262,790.0,564,858,36.5,36.5,0.527683616,0.901877133,1.071901608
1775,98.87,31.38107518,477,437,416.0,1139.0,988.0,1132,653,291,833.0,582,855,15.5,25.5,0.49971831,0.867427568,1.145748988
1789,89.12,27.84546641,506,504,383.0,1082.0,982.0,1098,574,256,777.0,553,885,19.0,17.0,0.517607602,0.907578558,1.118126273
1702,70.98,24.50286592,455,385,358.0,953.0,880.0,988,541,248,754.0,525,820,15.0,16.5,0.531139835,0.92339979,1.122727273
1824,63.72,19.1525277,465,403,347.0,954.0,792.0,916,509,247,844.0,568,838,12.0,12.5,0.519736842,0.830188679,1.156565657
1859,125.85,36.41618447,564,493,470.0,1261.0,1182.0,1292,745,279,837.0,585,907,31.5,54.5,0.530392684,0.937351308,1.093062606
1838,92.06,27.25084393,528,437,405.0,1098.0,878.0,1048,659,270,833.0,580,900,35.0,45.0,0.525571273,0.799635701,1.193621868
1624,77.78,29.49143391,499,419,366.0,1038.0,855.0,1062,615,246,723.0,495,806,28.5,34.0,0.527093596,0.823699422,1.242105263
1789,73.92,23.09623964,472,421,361.0,981.0,874.0,983,546,264,845.0,579,868,12.0,20.5,0.500838457,0.890927625,1.124713959
1746,78.0,25.58621966,463,423,360.0,1012.0,936.0,1033,567,270,780.0,549,826,24.5,38.0,0.513745704,0.924901186,1.103632479
1844,105.67,31.07634069,529,502,394.0,1114.0,1013.0,1200,668,259,829.0,586,894,25.5,21.5,0.523318872,0.909335727,1.184600197
1767,87.3,27.96025608,474,426,396.0,1076.0,959.0,1073,653,256,799.0,557,841,16.5,30.0,0.515563101,0.891263941,1.118873827
1794,67.35,20.92631328,449,393,360.0,944.0,823.0,936,546,261,850.0,565,816,12.5,9.5,0.518952062,0.871822034,1.137302552
1777,84.81,26.85790959,486,448,373.0,1022.0,896.0,1042,590,261,791.0,560,852,19.5,21.5,0.522228475,0.876712329,1.162946429
1770,65.31,20.84650005,442,401,310.0,940.0,721.0,889,544,245,829.0,553,872,6.5,12.5,0.501694915,0.767021277,1.233009709
1787,91.38,28.61554678,504,479,380.0,1050.0,977.0,1137,623,274,848.0,596,906,16.5,24.0,0.49804141,0.93047619,1.163766633
1691,92.29,32.27508768,545,484,407.0,1059.0,1056.0,1228,600,266,739.0,542,861,21.0,39.0,0.521584861,0.997167139,1.162878788
1808,64.4,19.70103375,431,386,348.0,955.0,789.0,898,531,257,840.0,576,840,11.5,10.5,0.506084071,0.82617801,1.138149556
1897,95.01,26.40186806,482,450,372.0,1041.0,953.0,1065,624,295,842.0,576,892,20.0,29.5,0.528729573,0.915465898,1.11752361
1794,87.98,27.33625898,511,455,371.0,1078.0,879.0,1049,645,287,818.0,567,876,19.5,18.0,0.525083612,0.815398887,1.193401593
1668,69.61,25.0195527,431,381,369.0,1010.0,841.0,976,537,249,750.0,534,772,16.5,17.0,0.514388489,0.832673267,1.160523187
1850,83.22,24.3155588,460,445,396.0,1045.0,946.0,1032,548,267,866.0,582,886,18.5,19.0,0.515675676,0.905263158,1.090909091
1885,102.04,28.71757347,528,489,408.0,1140.0,971.0,1139,665,280,851.0,598,923,26.5,30.5,0.509814324,0.851754386,1.173017508
1770,61.0,19.47077787,421,368,333.0,924.0,775.0,857,496,243,789.0,533,795,13.0,9.0,0.530508475,0.838744589,1.105806452
1828,85.26,25.51484565,475,444,376.0,1064.0,926.0,1044,580,276,843.0,584,886,19.5,17.0,0.516958425,0.870300752,1.127429806
1791,119.27,37.18262508,519,508,476.0,1305.0,1136.0,1204,781,278,804.0,555,870,36.5,38.0,0.533221664,0.870498084,1.059859155
1701,72.56,25.07775452,436,428,374.0,1016.0,894.0,940,570,265,774.0,528,815,23.5,25.5,0.526748971,0.87992126,1.051454139
1911,82.77,22.66478382,475,437,378.0,1029.0,916.0,1041,550,275,909.0,602,880,10.5,24.0,0.508110937,0.890184645,1.136462882
1787,73.02,22.86613291,456,419,342.0,941.0,873.0,945,559,263,838.0,563,846,19.5,22.5,0.506435367,0.927736451,1.082474227
1846,98.64,28.94607414,499,502,400.0,1123.0,905.0,1154,684,278,874.0,588,918,12.5,18.0,0.502708559,0.805877115,1.275138122
1724,73.92,24.87066715,476,426,353.0,982.0,919.0,1012,561,255,765.0,534,840,12.5,18.5,0.538863109,0.935845214,1.101196953
1804,80.27,24.66494757,454,427,369.0,1007.0,841.0,1026,611,264,875.0,587,861,22.0,25.0,0.50443459,0.835153923,1.219976219
1835,122.22,36.29695075,546,481,434.0,1183.0,1137.0,1218,762,280,853.0,577,911,43.5,47.5,0.520435967,0.961115807,1.071240106
1716,78.46,26.64487804,476,418,370.0,995.0,861.0,1027,566,261,756.0,535,836,11.5,22.5,0.537878788,0.865326633,1.192799071
1727,72.34,24.25458395,447,389,345.0,955.0,860.0,948,572,256,775.0,524,791,20.5,37.5,0.536189925,0.90052356,1.102325581
1783,93.88,29.53047241,520,483,387.0,1066.0,958.0,1143,614,272,796.0,558,882,27.0,30.0,0.527201346,0.898686679,1.193110647
1854,83.45,24.27766315,496,415,385.0,1073.0,958.0,981,617,265,833.0,584,870,21.5,15.0,0.524271845,0.892823858,1.024008351
1784,80.27,25.22107322,472,461,372.0,1004.0,894.0,993,585,274,825.0,576,863,15.5,15.5,0.510089686,0.890438247,1.110738255
1752,66.89,21.79179437,459,426,322.0,911.0,798.0,942,526,273,862.0,571,886,10.5,11.0,0.476598174,0.875960483,1.180451128
1744,78.68,25.86850854,465,438,367.0,1022.0,915.0,1043,578,252,759.0,513,857,12.5,25.0,0.536123853,0.895303327,1.13989071
1729,92.29,30.87199246,514,465,390.0,1110.0,1037.0,1061,645,261,778.0,551,865,30.0,38.0,0.533834586,0.934234234,1.023143684
1777,117.01,37.05511144,545,549,434.0,1223.0,1154.0,1236,682,271,763.0,548,870,22.0,35.5,0.5407991,0.943581357,1.071057192
1684,79.82,28.14670421,477,430,379.0,1036.0,965.0,1009,589,261,751.0,530,838,13.0,24.5,0.530285036,0.931467181,1.045595855
1942,88.89,23.56972172,495,459,391.0,1025.0,924.0,1089,596,275,948.0,614,910,7.5,27.0,0.501544799,0.901463415,1.178571429
1818,116.33,35.19686402,536,483,446.0,1196.0,1092.0,1276,714,298,801.0,573,886,26.5,46.5,0.53080308,0.913043478,1.168498168
1778,68.93,21.80443136,475,431,300.0,891.0,741.0,932,550,256,842.0,570,868,7.5,15.5,0.508998875,0.831649832,1.257759784
1731,73.47,24.51974245,453,440,356.0,1015.0,849.0,1012,595,246,751.0,525,816,21.5,15.5,0.536106297,0.836453202,1.191990577
1746,71.43,23.43107269,442,398,356.0,990.0,816.0,941,604,257,795.0,551,827,14.5,18.5,0.517182131,0.824242424,1.153186275
1769,90.48,28.91325098,513,458,390.0,1081.0,931.0,1109,644,258,756.0,561,870,13.0,33.5,0.533069531,0.861239593,1.191192266
1742,91.16,30.04055937,462,456,380.0,1031.0,1005.0,1062,603,281,792.0,558,857,14.0,23.0,0.527554535,0.974781765,1.056716418
1733,109.07,36.31685129,528,484,443.0,1203.0,1081.0,1165,718,272,772.0,541,879,22.5,30.0,0.53779573,0.898586866,1.077705828
1779,75.28,23.78634503,452,425,368.0,969.0,869.0,977,570,249,833.0,571,845,12.0,21.0,0.510961214,0.896800826,1.124280783
1798,80.73,24.97212946,462,434,394.0,1089.0,905.0,940,633,266,776.0,545,839,24.5,22.0,0.551724138,0.831037649,1.038674033
1814,76.87,23.36050977,484,419,378.0,1047.0,837.0,943,590,268,804.0,554,854,6.0,9.0,0.540793826,0.799426934,1.126642772
1929,94.56,25.41224351,499,439,415.0,1100.0,964.0,1053,647,280,857.0,601,881,21.0,25.0,0.532918611,0.876363636,1.092323651
1894,102.27,28.50941505,496,476,391.0,1107.0,1109.0,1104,664,288,880.0,588,935,15.0,22.5,0.524815206,1.001806685,0.995491434
1930,95.24,25.56847164,493,453,403.0,1081.0,951.0,1043,634,291,898.0,610,936,15.5,18.5,0.515544041,0.879740981,1.096740273
1755,83.9,27.24003864,481,448,364.0,997.0,928.0,1065,550,257,798.0,545,889,9.0,25.5,0.513390313,0.930792377,1.14762931
1855,91.38,26.55604071,510,452,389.0,1065.0,924.0,1003,628,281,830.0,553,894,15.5,23.0,0.547169811,0.867605634,1.085497835
1802,74.83,23.04444069,490,429,365.0,982.0,862.0,978,549,267,851.0,570,898,7.0,8.0,0.507769145,0.877800407,1.134570766
1772,67.35,21.44915388,466,408,339.0,944.0,806.0,906,556,240,796.0,535,832,14.5,11.5,0.530474041,0.853813559,1.124069479
1767,93.65,29.99402041,473,447,407.0,1129.0,1065.0,1087,655,261,870.0,568,867,19.5,30.0,0.519524618,0.943312666,1.020657277
1606,58.28,22.59583846,434,389,334.0,921.0,747.0,894,534,246,732.0,496,787,7.0,6.5,0.540473225,0.811074919,1.196787149
1751,84.58,27.58642284,480,448,381.0,1023.0,914.0,998,624,280,784.0,556,856,11.5,18.5,0.531696174,0.893450635,1.09190372
1714,75.74,25.78123192,440,414,370.0,1025.0,865.0,977,611,265,792.0,554,827,16.5,13.0,0.516336056,0.843902439,1.129479769
1766,69.61,22.31979674,438,439,355.0,890.0,861.0,951,529,259,845.0,565,867,10.0,10.5,0.509626274,0.96741573,1.104529617
1867,79.82,22.89934644,454,420,380.0,913.0,878.0,961,589,272,855.0,578,862,14.5,14.5,0.52758436,0.961664841,1.09453303
1658,90.25,32.83054998,529,463,392.0,1130.0,992.0,1078,685,259,724.0,511,806,32.5,35.5,0.544632087,0.877876106,1.086693548
1890,100.68,28.1851012,513,482,382.0,1071.0,975.0,1113,652,284,896.0,605,922,22.0,25.5,0.515873016,0.910364146,1.141538462
1676,78.68,28.01020728,487,467,367.0,980.0,895.0,1041,576,266,734.0,512,828,13.5,24.0,0.535799523,0.913265306,1.163128492
1875,91.84,26.12337778,525,468,381.0,1061.0,895.0,1096,639,275,877.0,595,926,8.0,14.0,0.518933333,0.843543827,1.224581006
1730,91.84,30.68595676,476,474,389.0,1073.0,981.0,1104,603,251,745.0,543,837,18.0,35.5,0.532369942,0.914259087,1.125382263
1764,75.74,24.340424,473,456,357.0,982.0,885.0,1013,562,255,798.0,540,840,12.5,12.5,0.519274376,0.901221996,1.144632768
1767,67.8,21.71483806,451,377,353.0,991.0,856.0,912,564,245,775.0,546,813,11.5,14.5,0.541029994,0.863773966,1.065420561
1716,74.38,25.25931722,475,402,378.0,1034.0,830.0,943,625,274,809.0,543,860,23.5,16.5,0.527389277,0.80270793,1.136144578
1759,81.41,26.31152837,486,462,371.0,1021.0,939.0,1072,549,261,799.0,569,860,13.0,28.5,0.514496873,0.919686582,1.141640043
1836,109.07,32.3563824,533,481,405.0,1103.0,1132.0,1192,653,267,848.0,593,928,24.5,39.5,0.510893246,1.026291931,1.053003534
1859,95.46,27.6224789,511,462,399.0,1114.0,899.0,1078,679,287,834.0,595,912,13.5,12.5,0.528778913,0.807001795,1.199110122
1728,114.29,38.27548975,508,511,441.0,1258.0,1245.0,1259,660,276,743.0,558,817,27.5,31.0,0.524884259,0.989666137,1.01124498
1883,68.48,19.31359462,465,387,351.0,979.0,823.0,906,559,251,863.0,569,880,15.5,12.5,0.53425385,0.840653728,1.100850547
1685,69.39,24.43976789,490,414,349.0,964.0,833.0,1005,569,252,771.0,534,846,11.0,14.0,0.522255193,0.864107884,1.206482593
1689,99.09,34.73525802,518,486,410.0,1118.0,1044.0,1206,645,252,722.0,519,856,13.5,29.5,0.53937241,0.933810376,1.155172414
1863,66.89,19.27238603,432,393,355.0,941.0,785.0,880,498,253,833.0,571,842,5.5,7.0,0.52603328,0.834218916,1.121019108
1788,82.09,25.67764715,512,443,367.0,1067.0,855.0,1040,618,255,816.0,557,879,12.5,16.0,0.510067114,0.80131209,1.216374269
1800,71.88,22.18518519,455,408,362.0,1005.0,887.0,968,560,254,840.0,571,875,21.0,20.0,0.513888889,0.882587065,1.091319053
1774,78.91,25.07406875,505,424,367.0,1028.0,764.0,1005,602,266,807.0,567,906,7.0,11.0,0.510710259,0.743190661,1.315445026
1741,68.71,22.66848032,445,429,356.0,939.0,788.0,954,548,264,806.0,541,825,6.5,9.0,0.522113728,0.839190628,1.210659898
1807,91.16,27.91823839,534,434,374.0,1044.0,959.0,1150,621,259,823.0,584,895,16.5,24.0,0.509131157,0.918582375,1.199165798
1831,81.63,24.34855026,510,487,364.0,976.0,865.0,1059,546,261,836.0,573,883,5.0,21.5,0.516111415,0.886270492,1.224277457
1914,84.13,22.96503026,487,445,379.0,1016.0,865.0,983,576,280,901.0,590,931,8.0,10.5,0.514106583,0.851377953,1.136416185
1852,100.91,29.42064851,520,503,415.0,1172.0,1043.0,1217,605,274,883.0,602,936,11.0,25.5,0.494060475,0.889931741,1.166826462
1726,76.19,25.57504407,504,402,366.0,1017.0,867.0,990,597,260,777.0,545,843,16.0,12.5,0.527809965,0.852507375,1.141868512
1880,101.36,28.6781349,528,463,426.0,1147.0,1017.0,1136,617,275,841.0,596,948,14.5,37.0,0.523404255,0.886660854,1.117010816
1822,92.74,27.93639395,519,465,382.0,1048.0,920.0,1107,628,258,871.0,584,905,13.5,24.0,0.498902305,0.877862595,1.20326087
1671,63.49,22.73800865,473,392,324.0,897.0,759.0,939,534,241,764.0,514,810,7.5,10.5,0.52663076,0.846153846,1.23715415
1737,67.35,22.32224976,463,379,354.0,946.0,788.0,927,528,244,826.0,558,874,3.5,7.0,0.496833621,0.832980973,1.176395939
1779,105.22,33.24653592,523,499,438.0,1185.0,1048.0,1121,666,276,790.0,561,856,18.0,25.5,0.533445756,0.884388186,1.069656489
1744,66.67,21.91984576,458,416,345.0,960.0,774.0,887,560,267,788.0,549,825,15.5,15.5,0.525802752,0.80625,1.145994832
1826,74.6,22.37367273,494,422,352.0,995.0,820.0,940,579,275,812.0,579,858,5.5,8.0,0.529025192,0.824120603,1.146341463
1734,64.85,21.56809532,467,407,327.0,937.0,710.0,885,530,252,768.0,537,842,7.5,10.0,0.534025375,0.75773746,1.246478873
1945,103.17,27.27182612,548,506,413.0,1095.0,926.0,1173,650,302,917.0,642,940,6.5,11.5,0.506940874,0.8456621,1.266738661
1620,58.28,22.20698064,446,390,327.0,904.0,712.0,885,531,247,695.0,487,756,8.0,10.5,0.540740741,0.787610619,1.242977528
1719,83.67,28.31509451,508,461,397.0,1100.0,923.0,1013,655,263,752.0,555,851,16.0,15.0,0.524141943,0.839090909,1.097508126
1873,134.92,38.45924708,594,525,464.0,1244.0,1202.0,1259,745,308,810.0,590,928,18.5,40.0,0.530699413,0.966237942,1.047420965
1872,88.66,25.29973884,512,476,376.0,1024.0,811.0,1022,603,277,859.0,597,902,7.0,13.5,0.520299145,0.791992188,1.260172626
1675,65.76,23.43862776,471,422,335.0,937.0,729.0,948,542,266,753.0,529,813,4.5,9.5,0.525373134,0.778014941,1.300411523
1780,75.06,23.69019063,500,458,367.0,985.0,851.0,1009,544,278,802.0,554,857,11.5,20.5,0.529775281,0.863959391,1.185663925
1654,61.9,22.62661768,463,402,346.0,944.0,862.0,950,485,260,736.0,515,796,8.0,14.5,0.519951632,0.913135593,1.102088167
1716,82.31,27.95233127,487,474,375.0,1010.0,908.0,1029,565,283,752.0,550,847,6.5,15.0,0.522727273,0.899009901,1.133259912
1769,87.07,27.82357165,528,463,394.0,1061.0,900.0,1087,599,268,823.0,570,865,5.5,15.5,0.521198417,0.848256362,1.207777778
1813,84.58,25.7319129,526,468,369.0,1010.0,822.0,1031,601,275,823.0,565,894,11.0,18.0,0.515719801,0.813861386,1.254257908
1797,112.02,34.68960975,548,497,416.0,1173.0,1148.0,1239,643,293,788.0,592,906,17.0,35.0,0.518085698,0.978687127,1.079268293
1784,89.57,28.14316093,501,431,409.0,1132.0,948.0,1067,639,287,773.0,565,834,13.5,27.5,0.525224215,0.83745583,1.125527426
1710,61.0,20.86111966,451,424,357.0,914.0,822.0,936,497,262,801.0,546,829,7.0,6.5,0.499415205,0.899343545,1.138686131
1819,88.66,26.7955286,503,477,377.0,1036.0,940.0,1082,558,295,814.0,582,890,9.0,13.5,0.511819681,0.907335907,1.15106383
1688,132.65,46.55457537,555,530,512.0,1382.0,1410.0,1302,792,287,710.0,550,842,23.5,37.5,0.52014218,1.020260492,0.923404255
1853,102.95,29.98302952,532,475,397.0,1085.0,1050.0,1147,612,273,810.0,580,882,7.5,26.5,0.514840799,0.967741935,1.092380952
1891,106.12,29.67660277,552,500,406.0,1125.0,1031.0,1125,638,298,835.0,600,917,10.0,20.5,0.512427287,0.916444444,1.091173618
1910,121.09,33.19262082,544,519,444.0,1210.0,1128.0,1152,670,285,866.0,633,927,20.5,30.0,0.486910995,0.932231405,1.021276596
1786,66.44,20.82891821,462,404,347.0,940.0,837.0,897,516,250,812.0,555,832,8.0,11.0,0.520156775,0.890425532,1.071684588
1784,95.69,30.06608317,488,452,405.0,1113.0,1048.0,1104,586,297,865.0,595,872,16.0,28.0,0.483183857,0.941599281,1.053435115
1846,83.67,24.55310243,483,429,367.0,995.0,859.0,1013,580,295,844.0,587,885,10.0,11.0,0.510834236,0.863316583,1.179278231
1796,83.22,25.79972322,507,455,368.0,1034.0,860.0,1050,606,290,815.0,556,874,9.5,11.5,0.525612472,0.83172147,1.220930233
1690,98.19,34.37904835,550,477,430.0,1129.0,1116.0,1197,623,279,754.0,558,855,18.0,32.0,0.499408284,0.988485385,1.072580645
1678,80.73,28.67154127,482,450,360.0,994.0,908.0,1044,580,276,727.0,548,834,14.5,21.0,0.522646007,0.913480885,1.149779736
1706,78.0,26.8001083,490,429,390.0,1045.0,914.0,979,597,272,738.0,528,837,18.0,20.5,0.535169988,0.874641148,1.071115974
1713,75.96,25.88631491,466,440,358.0,990.0,878.0,992,567,271,735.0,540,842,12.5,14.0,0.534150613,0.886868687,1.129840547
1771,79.59,25.3758958,487,445,362.0,1006.0,887.0,1024,572,266,810.0,575,882,9.5,13.5,0.491812535,0.881709742,1.154453213
1819,70.07,21.17711131,483,420,364.0,956.0,813.0,939,534,270,814.0,560,870,11.0,12.5,0.527212754,0.85041841,1.15498155
1809,97.96,29.93447479,540,495,388.0,1088.0,949.0,1179,628,285,783.0,578,883,10.5,10.0,0.522940851,0.872242647,1.242360379
1859,65.99,19.0949862,445,395,324.0,910.0,749.0,867,507,283,901.0,604,905,4.0,8.5,0.493275955,0.823076923,1.157543391
1764,71.2,22.88141258,479,420,358.0,952.0,789.0,962,557,267,793.0,550,853,4.0,12.0,0.528911565,0.828781513,1.219264892
1904,102.04,28.14728833,515,464,415.0,1112.0,1044.0,1129,639,298,873.0,625,926,14.0,21.0,0.511029412,0.938848921,1.081417625
1914,145.35,39.67630035,592,539,536.0,1418.0,1390.0,1378,845,297,838.0,611,936,24.0,33.0,0.523510972,0.980253879,0.991366906
1747,73.47,24.0726682,460,413,351.0,961.0,831.0,992,571,252,786.0,547,802,7.0,15.0,0.51688609,0.864724246,1.193742479
1726,69.61,23.36630553,484,407,353.0,994.0,619.0,913,599,258,792.0,545,812,12.5,14.0,0.526071842,0.622736419,1.474959612
1755,82.09,26.65238107,498,450,376.0,1028.0,919.0,1020,612,277,795.0,560,855,9.0,19.0,0.519088319,0.893968872,1.109902067
1807,95.46,29.23513643,490,479,407.0,1100.0,1134.0,1105,609,265,802.0,580,852,5.5,26.0,0.512451577,1.030909091,0.974426808
1876,86.85,24.67767013,435,423,397.0,1082.0,917.0,960,646,282,877.0,600,889,17.0,12.5,0.499466951,0.847504621,1.046892039
1764,83.67,26.88887346,485,435,377.0,1031.0,914.0,1031,615,271,802.0,552,861,16.5,18.0,0.517006803,0.886517944,1.128008753
1763,81.41,26.19226947,456,403,383.0,1076.0,942.0,947,661,267,807.0,556,837,32.0,18.0,0.523539421,0.875464684,1.005307856
1790,88.44,27.60213476,507,462,365.0,1054.0,909.0,1068,612,275,792.0,561,880,18.5,36.0,0.513407821,0.862428843,1.174917492
1801,72.79,22.44110789,477,427,332.0,931.0,784.0,992,514,279,811.0,564,867,5.0,7.0,0.533592449,0.842105263,1.265306122
1677,79.37,28.22216035,483,436,342.0,992.0,935.0,1039,550,259,723.0,526,822,11.0,25.5,0.516994633,0.942540323,1.111229947
1774,112.47,35.73793579,543,508,429.0,1194.0,1106.0,1175,741,268,796.0,555,869,34.0,32.0,0.521984216,0.926298157,1.06238698
1738,68.25,22.59451958,434,402,374.0,1000.0,819.0,902,571,268,784.0,540,841,16.0,20.0,0.526467204,0.819,1.101343101
1720,75.51,25.52393186,435,442,356.0,1000.0,945.0,1016,530,275,787.0,548,842,20.5,20.0,0.512209302,0.945,1.075132275
1781,73.92,23.30419573,469,429,377.0,975.0,800.0,982,577,251,838.0,566,870,15.0,17.0,0.516002246,0.820512821,1.2275
1759,86.17,27.84994963,471,470,377.0,1016.0,972.0,1063,556,252,800.0,554,826,4.0,26.0,0.512791359,0.956692913,1.093621399
1755,73.24,23.77902777,461,420,345.0,946.0,839.0,976,565,258,823.0,563,828,13.0,17.5,0.501994302,0.886892178,1.163289631
1813,87.53,26.62939626,485,447,361.0,1030.0,912.0,1016,591,289,815.0,569,855,18.0,14.5,0.516822945,0.885436893,1.114035088
1847,79.37,23.26604638,465,438,372.0,1041.0,844.0,922,605,273,881.0,592,884,6.0,10.0,0.520844613,0.810758886,1.092417062
1835,74.83,22.22304717,465,421,380.0,1003.0,803.0,947,582,258,870.0,579,856,10.0,10.0,0.510626703,0.800598205,1.179327522
1794,108.62,33.74931178,551,511,414.0,1125.0,1078.0,1155,664,280,785.0,576,857,21.0,31.0,0.514492754,0.958222222,1.071428571
1876,75.06,21.32764445,484,431,394.0,1019.0,855.0,960,579,283,907.0,598,932,20.5,16.0,0.509061834,0.8390579,1.122807018
1781,92.52,29.16807615,521,465,383.0,1048.0,1031.0,1110,580,291,791.0,555,884,19.5,25.0,0.518809657,0.983778626,1.076624636
1876,92.06,26.1580462,498,471,370.0,1028.0,851.0,1001,596,283,846.0,576,897,10.0,14.0,0.526119403,0.827821012,1.17626322
1844,83.67,24.60639184,500,444,375.0,1032.0,885.0,1029,595,280,824.0,587,896,9.0,12.0,0.510303688,0.85755814,1.162711864
1773,97.96,31.16242923,527,507,414.0,1117.0,1022.0,1122,605,277,781.0,549,867,17.0,24.0,0.534686971,0.914950761,1.097847358
1829,70.52,21.08069344,472,402,358.0,955.0,737.0,891,532,269,779.0,537,830,4.0,9.0,0.554401312,0.771727749,1.208955224
1722,58.73,19.80586008,440,383,319.0,883.0,733.0,844,523,265,812.0,559,834,6.5,6.5,0.503484321,0.830124575,1.151432469
1829,90.48,27.04737865,484,450,387.0,1038.0,929.0,1095,580,282,830.0,569,884,12.5,15.0,0.515035539,0.894990366,1.17868676
1780,77.1,24.33404873,465,419,366.0,1023.0,836.0,961,608,271,822.0,564,803,16.0,17.0,0.517977528,0.817204301,1.149521531
1699,75.06,26.00290099,479,431,387.0,1031.0,837.0,1004,582,266,763.0,540,854,7.0,11.0,0.523837552,0.811833172,1.199522103
1785,75.51,23.69889132,478,459,381.0,990.0,768.0,984,581,252,817.0,558,855,6.0,9.5,0.522689076,0.775757576,1.28125
1719,70.07,23.7126649,466,430,371.0,954.0,872.0,975,550,261,811.0,566,853,12.0,12.0,0.507853403,0.914046122,1.118119266
1765,92.97,29.84375125,528,488,413.0,1079.0,985.0,1120,625,276,821.0,584,872,7.0,20.0,0.506515581,0.912882298,1.137055838
1736,65.76,21.82038268,466,409,337.0,924.0,788.0,932,542,267,806.0,549,838,4.0,7.0,0.502880184,0.852813853,1.182741117
1756,68.93,22.35420634,446,423,366.0,988.0,823.0,848,572,257,796.0,545,799,9.0,12.9,0.504555809,0.832995951,1.030376671
1715,73.24,24.90118913,489,440,350.0,934.0,854.0,906,550,272,804.0,563,873,9.0,18.0,0.499708455,0.914346895,1.06088993
1795,97.73,30.33185652,546,488,396.0,1088.0,960.0,1168,630,282,797.0,569,866,2.0,21.5,0.525348189,0.882352941,1.216666667
1715,73.47,24.97938784,487,442,367.0,1018.0,841.0,966,589,269,737.0,540,838,7.0,11.0,0.534110787,0.826129666,1.14863258
1766,96.37,30.90014095,501,460,436.0,1130.0,1094.0,1093,649,274,770.0,557,855,18.0,33.5,0.515288788,0.968141593,0.999085923
1614,58.5,22.4568483,407,382,342.0,911.0,792.0,906,501,261,716.0,505,751,7.0,9.5,0.519206939,0.869374314,1.143939394
1756,70.07,22.72391177,461,434,354.0,952.0,804.0,919,562,248,791.0,539,813,7.0,9.0,0.51594533,0.844537815,1.143034826
1779,70.75,22.35499351,484,446,373.0,968.0,822.0,948,531,251,797.0,539,853,6.0,11.0,0.533445756,0.849173554,1.153284672
1759,83.22,26.89651628,471,434,379.0,1022.0,927.0,1012,604,261,777.0,537,818,13.0,22.0,0.529846504,0.90704501,1.091693635
1781,68.71,21.66167869,489,434,351.0,938.0,790.0,949,521,273,837.0,557,867,7.5,9.0,0.510948905,0.842217484,1.201265823
1689,70.98,24.88150787,456,424,362.0,948.0,810.0,931,588,262,759.0,530,805,8.0,10.0,0.533451747,0.85443038,1.149382716
1783,104.08,32.73893873,522,515,421.0,1140.0,1083.0,1208,622,298,771.0,586,896,11.5,23.5,0.509254066,0.95,1.115420129
1781,58.96,18.58787041,446,385,335.0,933.0,712.0,903,526,253,797.0,537,804,4.5,8.5,0.536215609,0.763129689,1.268258427
1795,87.07,27.02337816,547,471,393.0,1055.0,857.0,1057,619,272,810.0,560,875,4.0,11.5,0.53091922,0.812322275,1.233372229
1851,92.52,27.00366966,527,507,408.0,1074.0,963.0,1048,618,274,829.0,561,900,13.0,18.0,0.517017828,0.896648045,1.088265836
1550,45.8,19.06347555,418,370,302.0,822.0,738.0,768,447,229,681.0,464,733,6.0,12.5,0.541935484,0.897810219,1.040650407
1791,79.37,24.74373231,472,435,353.0,1012.0,818.0,995,598,262,815.0,559,869,11.0,12.0,0.522054718,0.808300395,1.216381418
1744,80.5,26.46689041,483,439,361.0,1018.0,832.0,998,591,270,757.0,538,859,12.5,15.0,0.540711009,0.817288802,1.199519231
1767,94.1,30.13814544,485,462,377.0,1097.0,964.0,1058,618,267,800.0,554,866,10.0,23.0,0.511035654,0.878760255,1.097510373
1792,68.03,21.18480449,477,405,328.0,940.0,814.0,920,534,259,796.0,531,850,9.0,11.0,0.530133929,0.865957447,1.13022113
1832,70.98,21.14876719,457,425,345.0,929.0,818.0,972,523,261,858.0,582,881,7.0,10.0,0.510371179,0.880516685,1.188264059
1784,74.83,23.511809,470,442,364.0,975.0,801.0,975,587,272,818.0,554,864,6.0,9.5,0.527466368,0.821538462,1.217228464
1948,100.0,26.35251656,516,466,414.0,1104.0,1026.0,1144,583,271,878.0,617,938,14.0,31.0,0.520020534,0.929347826,1.115009747
1853,77.55,22.58556522,478,466,381.0,998.0,884.0,982,564,259,843.0,569,878,12.0,12.0,0.517539126,0.885771543,1.110859729
1845,88.44,25.98100778,492,463,384.0,1042.0,907.0,1032,612,278,822.0,571,880,12.0,15.5,0.52303523,0.870441459,1.137816979
1815,181.41,55.06909819,551,554,474.0,1386.0,1388.0,1341,769,321,781.0,578,915,29.0,45.0,0.514600551,1.001443001,0.966138329
1937,104.54,27.86270356,494,515,438.0,1143.0,1072.0,1097,602,293,885.0,639,946,16.0,24.0,0.499741869,0.937882765,1.023320896
1714,77.78,26.47563003,484,456,368.0,1017.0,872.0,994,573,272,771.0,534,854,11.5,16.0,0.523920653,0.857423795,1.139908257
1811,94.78,28.89879962,518,466,410.0,1102.0,1026.0,1121,641,267,829.0,579,876,15.0,26.0,0.501932634,0.931034483,1.092592593
1814,93.88,28.52978609,516,459,377.0,1087.0,953.0,1064,624,268,764.0,579,882,16.5,28.0,0.523153252,0.876724931,1.116474292
1835,150.79,44.78168225,582,585,470.0,1460.0,1407.0,1411,801,307,761.0,569,878,44.5,57.5,0.544959128,0.96369863,1.002842928
1813,67.35,20.49000158,452,405,373.0,961.0,821.0,942,546,253,835.0,569,883,14.0,15.5,0.525096525,0.854318418,1.147381242
1773,69.84,22.21706878,462,398,347.0,964.0,788.0,920,557,266,784.0,547,841,8.0,8.0,0.54427524,0.817427386,1.16751269
1753,77.78,25.31069711,493,451,368.0,993.0,881.0,1009,562,257,763.0,542,850,11.0,19.0,0.52196235,0.887210473,1.145289444
1741,73.47,24.23887715,469,453,356.0,968.0,877.0,1024,529,261,783.0,559,859,9.0,9.0,0.520964963,0.905991736,1.167616876
1914,139.23,38.00571928,561,529,504.0,1391.0,1288.0,1333,772,297,838.0,618,960,28.0,40.0,0.518286311,0.925952552,1.034937888
1611,68.93,26.55933505,448,416,377.0,1018.0,903.0,973,541,238,743.0,527,796,24.0,25.0,0.507138423,0.887033399,1.07751938
1836,69.61,20.65029595,448,399,357.0,948.0,814.0,887,553,264,883.0,584,923,11.5,10.0,0.5,0.858649789,1.08968059
1833,79.82,23.7567372,481,450,356.0,1025.0,818.0,1005,611,267,826.0,588,887,17.0,15.5,0.510092744,0.79804878,1.228606357
1780,80.95,25.54917308,473,424,395.0,1029.0,897.0,981,588,262,809.0,573,840,12.0,15.0,0.518539326,0.871720117,1.093645485
1878,92.97,26.3603793,506,455,415.0,1082.0,957.0,1088,592,274,838.0,600,903,7.0,25.0,0.514909478,0.884473198,1.136886102
1699,85.49,29.61614716,518,446,399.0,1093.0,927.0,1048,653,268,744.0,534,825,19.5,28.0,0.513243084,0.848124428,1.130528587
1696,83.45,29.01179802,510,464,386.0,1047.0,934.0,1116,578,267,753.0,552,858,12.0,35.0,0.504716981,0.892072588,1.194860814
1784,71.88,22.58491021,495,431,374.0,973.0,858.0,956,562,263,761.0,542,873,10.0,12.0,0.55044843,0.881808839,1.114219114
1814,100.91,30.66617719,558,478,447.0,1161.0,1006.0,1119,706,275,854.0,587,911,26.5,33.0,0.51047409,0.866494401,1.112326044
1856,85.94,24.94821084,504,448,407.0,1100.0,855.0,972,642,283,866.0,593,910,6.0,13.0,0.509698276,0.777272727,1.136842105
1724,90.02,30.28757382,510,452,388.0,1080.0,929.0,1093,623,276,776.0,548,851,15.5,24.0,0.540603248,0.860185185,1.176533907
1757,96.15,31.14625003,528,496,386.0,1085.0,946.0,1148,640,279,805.0,563,855,21.5,33.0,0.510529311,0.871889401,1.213530655
1756,82.31,26.69338059,493,470,389.0,1018.0,888.0,1003,618,280,772.0,549,861,9.0,14.0,0.535307517,0.872298625,1.129504505
1751,154.88,50.51531294,593,595,565.0,1672.0,1529.0,1456,763,367,703.0,571,915,37.0,53.0,0.525414049,0.914473684,0.952256377
1823,117.23,35.27487047,543,522,449.0,1228.0,1159.0,1172,731,277,808.0,605,872,23.5,36.0,0.523861766,0.943811075,1.011216566
1832,119.27,35.53696058,582,528,445.0,1168.0,1037.0,1237,725,306,846.0,598,923,7.0,33.0,0.512008734,0.887842466,1.192864031
1754,104.54,33.97999555,537,488,463.0,1185.0,1113.0,1168,665,268,780.0,573,866,13.0,27.5,0.505131129,0.939240506,1.049415993
1746,85.03,27.89225971,483,461,367.0,1019.0,887.0,1059,561,273,764.0,559,823,12.0,17.0,0.517182131,0.870461237,1.193912063
1744,71.88,23.63279606,492,415,352.0,950.0,818.0,974,556,259,792.0,549,863,6.5,13.0,0.530963303,0.861052632,1.190709046
1834,78.46,23.32650326,487,448,378.0,1012.0,824.0,983,588,272,868.0,576,871,8.0,12.5,0.525081788,0.814229249,1.192961165
1664,66.21,23.91205737,465,417,348.0,949.0,844.0,903,566,239,761.0,526,833,15.0,17.0,0.526442308,0.889357218,1.069905213
1797,82.77,25.63166398,496,458,383.0,1084.0,899.0,1012,613,292,800.0,579,879,11.5,16.5,0.529215359,0.829335793,1.125695217
1679,82.09,29.11983189,515,454,376.0,1059.0,888.0,1049,603,258,697.0,508,797,11.0,23.0,0.531268612,0.838526912,1.181306306
1817,82.09,24.86453839,518,464,373.0,992.0,883.0,1029,594,268,876.0,593,908,9.0,19.0,0.488717666,0.890120968,1.165345413
2001,101.13,25.25723645,511,482,413.0,1112.0,992.0,1052,639,294,922.0,648,948,14.0,16.5,0.509245377,0.892086331,1.060483871
1968,95.46,24.6474073,503,461,414.0,1080.0,992.0,1039,589,293,891.0,620,910,8.5,14.0,0.515243902,0.918518519,1.047379032
1734,85.71,28.50580493,529,494,359.0,1027.0,839.0,1087,632,257,764.0,557,850,9.0,15.0,0.531141869,0.816942551,1.295589988
1780,73.02,23.04633253,469,448,356.0,958.0,825.0,982,578,258,826.0,583,853,10.0,11.5,0.508426966,0.861169102,1.19030303
1857,78.68,22.81605441,480,455,393.0,1017.0,826.0,998,577,276,845.0,590,917,9.0,10.0,0.525578891,0.812192724,1.208232446
1866,108.39,31.12905505,548,498,417.0,1117.0,992.0,1181,666,291,830.0,619,941,6.5,15.5,0.512325831,0.888093107,1.190524194
1683,76.87,27.13867556,483,448,357.0,986.0,850.0,1047,575,253,756.0,516,834,6.0,13.0,0.531194296,0.862068966,1.231764706
1806,83.9,25.72328733,503,469,377.0,998.0,919.0,1083,580,258,841.0,585,886,15.5,14.0,0.512181617,0.920841683,1.178454842
1774,114.06,36.24316667,553,525,427.0,1127.0,1095.0,1243,692,278,791.0,582,912,22.0,44.0,0.518038331,0.971606034,1.135159817
1747,96.6,31.65128281,518,482,406.0,1132.0,1006.0,1153,633,272,768.0,558,879,15.5,28.0,0.51917573,0.88869258,1.14612326
1794,109.3,33.96059452,561,487,448.0,1162.0,1139.0,1210,665,271,799.0,592,924,13.0,24.5,0.501114827,0.98020654,1.062335382
1856,121.09,35.15218583,562,533,434.0,1172.0,1091.0,1203,687,280,824.0,563,925,20.0,43.0,0.518857759,0.930887372,1.102658112
1731,68.48,22.85438904,474,434,338.0,951.0,792.0,951,544,257,803.0,550,843,10.0,8.5,0.513575968,0.832807571,1.200757576
1892,94.56,26.41588708,497,446,398.0,1078.0,903.0,1064,635,273,864.0,603,893,6.0,13.0,0.518498943,0.837662338,1.178294574
1736,86.62,28.74211599,466,442,380.0,1056.0,969.0,1023,617,286,792.0,574,842,14.0,22.0,0.508064516,0.917613636,1.055727554
1650,76.19,27.98530762,487,443,383.0,1019.0,882.0,999,596,254,725.0,519,795,21.0,24.0,0.529090909,0.865554465,1.132653061
1964,92.06,23.86645982,497,470,397.0,1072.0,900.0,972,599,297,905.0,624,934,12.0,13.5,0.511201629,0.839552239,1.08
1683,75.28,26.57733181,458,432,374.0,1030.0,792.0,972,615,257,780.0,530,849,9.5,8.0,0.513368984,0.768932039,1.227272727
1939,136.28,36.24737048,570,517,474.0,1233.0,1160.0,1235,706,305,873.0,631,957,13.5,34.0,0.515214028,0.940794809,1.064655172
1757,78.0,25.2668487,497,458,387.0,979.0,876.0,1063,533,253,792.0,556,892,6.5,14.5,0.517359135,0.894790603,1.21347032
1792,90.48,28.17582111,542,469,387.0,1043.0,888.0,1111,598,267,803.0,568,874,10.0,25.0,0.520089286,0.851390221,1.251126126
1838,90.93,26.91635062,540,488,388.0,1032.0,852.0,1077,610,281,863.0,593,921,5.0,13.0,0.516322089,0.825581395,1.264084507
1870,141.5,40.46441134,565,545,507.0,1282.0,1166.0,1286,782,326,833.0,621,940,24.0,31.0,0.510695187,0.909516381,1.102915952
1719,70.52,23.86495118,477,434,364.0,968.0,839.0,973,549,247,779.0,547,854,11.0,10.5,0.516579407,0.866735537,1.159713945
1785,80.73,25.3371937,507,426,370.0,1013.0,833.0,1012,569,267,830.0,561,859,7.0,10.0,0.514845938,0.82230997,1.214885954
1711,78.23,26.72226775,474,472,376.0,1000.0,848.0,1023,574,268,780.0,534,843,8.0,8.0,0.524254822,0.848,1.206367925
1766,90.25,28.93782008,491,475,377.0,1049.0,927.0,1066,629,268,799.0,552,857,17.0,24.0,0.530577576,0.883698761,1.149946063
1630,68.48,25.77439874,482,408,363.0,964.0,909.0,983,547,243,745.0,519,810,12.0,7.0,0.502453988,0.942946058,1.081408141
1659,77.55,28.17662877,492,429,371.0,1026.0,877.0,1013,598,262,738.0,520,818,10.5,29.0,0.528631706,0.854775828,1.155074116
1851,89.57,26.14265771,485,484,373.0,1023.0,930.0,1096,578,281,877.0,601,905,15.0,29.0,0.498649379,0.909090909,1.178494624
1910,139.68,38.28842411,593,546,474.0,1237.0,1187.0,1354,711,293,841.0,616,938,19.0,60.0,0.520418848,0.959579628,1.140690817
1751,98.87,32.24721714,508,514,387.0,1048.0,964.0,1097,636,267,774.0,541,873,6.0,20.0,0.537978298,0.919847328,1.137966805
1743,89.34,29.40703063,502,489,373.0,1007.0,938.0,1085,587,262,744.0,594,855,7.0,22.5,0.541594951,0.931479643,1.156716418
1581,50.11,20.04752034,434,384,304.0,829.0,685.0,869,467,227,700.0,480,774,3.5,7.0,0.535104364,0.826296743,1.268613139
1899,82.09,22.76356753,476,461,381.0,1032.0,866.0,964,592,271,885.0,605,925,6.5,17.0,0.518167457,0.839147287,1.113163972
1829,94.56,28.26702172,487,487,414.0,1088.0,989.0,1056,628,269,916.0,582,866,8.5,24.0,0.521049754,0.909007353,1.067745197
1720,70.75,23.91495403,477,431,366.0,964.0,826.0,987,562,252,776.0,526,873,7.0,20.5,0.525581395,0.856846473,1.194915254
1772,91.61,29.1753079,499,457,395.0,1064.0,939.0,1074,622,271,756.0,546,863,13.5,18.0,0.546839729,0.882518797,1.143769968
1815,87.07,26.43110291,503,470,394.0,1067.0,974.0,1064,608,273,816.0,570,902,11.0,12.0,0.529476584,0.912839738,1.092402464
1863,120.63,34.75598635,581,519,432.0,1209.0,1070.0,1240,727,286,792.0,576,934,17.0,44.0,0.548040794,0.88502895,1.158878505
1763,85.49,27.5049394,498,470,382.0,1004.0,923.0,1134,562,276,787.0,569,893,13.0,19.0,0.517300057,0.919322709,1.228602384
1759,97.73,31.58611555,515,483,421.0,1113.0,1022.0,1144,643,283,765.0,560,877,12.0,27.0,0.527572484,0.918238994,1.119373777
1868,84.35,24.17304403,494,462,382.0,1027.0,875.0,1022,568,266,854.0,587,917,6.5,12.0,0.519271949,0.851996105,1.168
1918,83.45,22.68449604,504,451,377.0,1032.0,847.0,1054,586,270,903.0,605,917,10.0,20.0,0.509384776,0.820736434,1.244391972
1804,114.51,35.18603645,538,533,421.0,1141.0,1155.0,1302,658,263,775.0,571,895,18.1,58.0,0.531042129,1.012269939,1.127272727
1709,86.62,29.65746687,514,453,390.0,1062.0,887.0,1062,584,278,776.0,547,870,10.0,36.5,0.526623757,0.835216573,1.19729425
1775,106.35,33.7552073,546,535,447.0,1177.0,1046.0,1182,735,273,788.0,562,863,19.0,43.0,0.535774648,0.888700085,1.13001912
1909,97.28,26.69388008,528,495,418.0,1123.0,928.0,1064,665,283,878.0,604,906,5.5,14.0,0.514405448,0.82635797,1.146551724
1760,86.62,27.96358471,515,445,382.0,1044.0,934.0,1073,636,278,789.0,575,891,10.0,19.5,0.515340909,0.894636015,1.14882227
1835,68.25,20.2689158,471,426,359.0,940.0,798.0,928,517,264,828.0,588,892,3.0,8.5,0.519346049,0.84893617,1.162907268
1762,90.48,29.14343802,516,501,383.0,1032.0,941.0,1128,583,263,788.0,553,871,10.5,21.0,0.506242906,0.911821705,1.198724761
1823,95.46,28.72420997,529,505,403.0,1131.0,916.0,1062,659,276,823.0,578,921,23.0,28.0,0.526604498,0.809902741,1.159388646
1827,90.02,26.96881809,566,445,386.0,1076.0,949.0,1095,586,276,799.0,569,877,10.0,20.5,0.510673235,0.88197026,1.153846154
1801,85.03,26.21469163,496,433,390.0,1041.0,967.0,1033,604,282,814.0,587,892,8.0,20.0,0.50860633,0.928914505,1.068252327
1713,72.79,24.80601451,468,426,351.0,987.0,834.0,947,569,276,752.0,544,823,6.0,9.0,0.514886165,0.844984802,1.135491607
1731,57.37,19.14655811,449,407,326.0,866.0,726.0,906,489,263,798.0,534,831,6.0,8.0,0.522241479,0.838337182,1.247933884
1822,117.01,35.24733077,537,510,458.0,1235.0,1077.0,1182,747,291,761.0,585,866,23.0,55.0,0.520856202,0.872064777,1.097493036
1793,82.99,25.81458725,471,460,371.0,1007.0,862.0,1003,572,266,799.0,568,841,8.0,16.0,0.52983826,0.856007944,1.163573086
1765,84.58,27.15052685,459,434,397.0,1047.0,897.0,1048,638,280,791.0,555,843,9.0,12.0,0.519546742,0.856733524,1.168338907
1769,81.18,25.94139826,488,455,384.0,1020.0,920.0,1052,564,285,810.0,562,848,9.5,16.0,0.521763708,0.901960784,1.143478261
1775,70.52,22.38286054,496,437,358.0,978.0,827.0,947,572,258,829.0,581,876,8.0,7.5,0.522816901,0.845603272,1.145102781
1744,94.1,30.93831538,531,495,406.0,1126.0,962.0,1152,674,269,806.0,561,869,20.0,42.5,0.520642202,0.854351687,1.197505198
1671,99.32,35.56999557,512,478,431.0,1166.0,1106.0,1159,689,280,715.0,543,851,18.5,40.0,0.530221424,0.948542024,1.047920434
1824,89.57,26.9223463,506,426,413.0,1069.0,993.0,1061,623,269,822.0,593,881,15.5,33.5,0.523026316,0.928905519,1.068479355
1704,79.37,27.33488175,467,441,374.0,1018.0,918.0,1028,559,251,743.0,532,844,9.5,25.0,0.534037559,0.901768173,1.119825708
1679,61.0,21.63856432,447,406,341.0,909.0,733.0,868,554,243,728.0,507,786,4.5,8.5,0.533650983,0.806380638,1.184174625
1817,76.19,23.07746596,481,408,379.0,1019.0,903.0,1013,562,270,805.0,564,860,8.0,17.0,0.527793065,0.886162905,1.121816168
1699,85.49,29.61614716,503,492,380.0,1055.0,817.0,1048,647,272,758.0,528,844,6.0,13.5,0.539140671,0.774407583,1.282741738
1803,81.63,25.11067245,498,444,387.0,1015.0,939.0,1019,557,268,785.0,555,875,10.0,17.0,0.534664448,0.925123153,1.085197018
1715,76.87,26.13536877,486,443,380.0,1031.0,923.0,997,568,254,758.0,536,841,12.5,14.0,0.535276968,0.895247333,1.080173348
1857,81.41,23.60771466,524,462,369.0,1017.0,848.0,1026,573,282,870.0,597,930,8.0,11.0,0.502423263,0.833824975,1.20990566
1683,63.04,22.25604407,443,399,346.0,939.0,749.0,882,529,257,766.0,532,834,6.0,8.5,0.528817588,0.797657082,1.177570093
1825,75.28,22.60236442,464,431,352.0,982.0,858.0,952,563,262,832.0,569,864,10.0,15.0,0.518356164,0.873727088,1.10955711
1762,86.39,27.82605671,498,471,416.0,1084.0,816.0,1011,673,270,806.0,567,872,13.0,16.0,0.519863791,0.752767528,1.238970588
1964,81.41,21.10545833,502,456,377.0,990.0,864.0,948,557,268,912.0,632,944,4.5,10.0,0.511710794,0.872727273,1.097222222
1728,66.44,22.25062157,481,378,339.0,928.0,733.0,930,530,247,771.0,536,836,7.0,14.0,0.530671296,0.78987069,1.268758527
1787,129.71,40.61854424,597,548,434.0,1204.0,1094.0,1365,722,302,793.0,576,889,15.0,39.0,0.522104085,0.908637874,1.247714808
1822,96.6,29.09915522,516,468,423.0,1104.0,1006.0,1111,601,283,791.0,574,897,8.5,19.5,0.53183315,0.911231884,1.104373757
1849,93.42,27.32536933,508,471,401.0,1099.0,892.0,1048,668,277,815.0,570,889,8.5,13.0,0.54029205,0.811646952,1.174887892
1650,79.14,29.06887052,504,455,368.0,1036.0,756.0,1078,659,251,737.0,532,847,10.5,16.0,0.52969697,0.72972973,1.425925926
1905,104.54,28.80663539,518,491,415.0,1131.0,1022.0,1145,691,290,897.0,638,903,15.5,27.0,0.491863517,0.903625111,1.12035225
1768,95.46,30.53914744,536,457,414.0,1102.0,914.0,1106,676,282,782.0,566,907,16.0,12.5,0.525452489,0.829401089,1.210065646
1826,89.8,26.93238352,516,467,382.0,1022.0,899.0,1052,615,278,839.0,603,874,7.0,30.0,0.502190581,0.87964775,1.170189099
1776,103.4,32.78193734,530,482,405.0,1092.0,970.0,1109,645,268,796.0,554,871,32.0,35.0,0.538851351,0.888278388,1.143298969
1971,99.09,25.50683541,520,519,392.0,1069.0,893.0,1091,625,275,906.0,632,970,8.0,16.0,0.510908168,0.83536015,1.221724524
1674,68.25,24.3552027,484,410,360.0,981.0,803.0,947,579,244,717.0,507,796,9.0,14.0,0.547789725,0.818552497,1.179327522
1708,78.68,26.97047645,502,439,373.0,982.0,887.0,1023,578,248,746.0,525,828,8.0,22.0,0.539227166,0.903258656,1.153325817
1839,104.76,30.97647757,545,458,393.0,1113.0,1003.0,1104,678,284,828.0,596,950,13.0,33.0,0.518216422,0.901168014,1.100697906
1608,82.09,31.74813123,556,486,406.0,1090.0,830.0,1074,648,258,685.0,495,819,6.5,17.5,0.550995025,0.76146789,1.293975904
1802,67.57,20.80867109,467,421,334.0,928.0,735.0,864,527,268,794.0,550,841,4.0,7.5,0.532741398,0.792025862,1.175510204
1829,108.39,32.401253,548,472,423.0,1185.0,922.0,1113,742,292,827.0,594,921,31.5,37.0,0.524876982,0.778059072,1.207158351
1754,75.74,24.61875706,490,467,343.0,952.0,752.0,981,582,275,797.0,554,865,4.0,10.5,0.521094641,0.789915966,1.304521277
1878,126.3,35.81064759,584,581,426.0,1162.0,1094.0,1286,731,294,869.0,617,948,10.0,33.5,0.507454739,0.941480207,1.175502742
1722,83.9,28.29408583,484,463,389.0,1062.0,947.0,1042,633,250,781.0,547,850,16.0,26.0,0.512775842,0.891713748,1.10031679
1974,100.68,25.83740604,537,534,401.0,1109.0,894.0,1061,659,286,928.0,629,937,5.5,9.5,0.513171226,0.80613165,1.186800895
1841,95.46,28.16526573,521,444,393.0,1094.0,921.0,1026,657,277,864.0,591,895,10.0,18.0,0.517653449,0.841864717,1.114006515
1851,103.17,30.11206873,522,490,416.0,1103.0,977.0,1108,657,280,791.0,584,883,10.5,30.0,0.521880065,0.885766092,1.13408393
1868,108.84,31.19139434,501,484,416.0,1133.0,1102.0,1209,624,296,833.0,593,898,18.0,36.0,0.512312634,0.972639011,1.097096189
1738,68.48,22.67066228,471,424,349.0,952.0,798.0,948,513,266,794.0,532,843,9.0,11.5,0.519562716,0.838235294,1.187969925
1811,90.93,27.72491928,407,469,391.0,1062.0,1002.0,1118,589,279,766.0,561,887,12.5,36.0,0.527332965,0.943502825,1.115768463
1727,109.07,36.56963604,517,496,462.0,1217.0,1136.0,1242,720,265,770.0,539,840,21.0,35.0,0.52866242,0.933442892,1.093309859
1878,98.87,28.03324408,495,474,424.0,1127.0,962.0,1063,693,278,874.0,607,891,24.0,22.0,0.518104366,0.853593611,1.104989605
1667,75.74,27.25549671,466,431,349.0,962.0,888.0,1094,576,280,747.0,537,807,6.0,19.0,0.512897421,0.923076923,1.231981982
1612,54.42,20.94249703,434,387,325.0,903.0,737.0,851,516,232,704.0,504,786,5.0,8.5,0.539702233,0.816168328,1.15468114
1638,99.32,37.01765607,508,478,450.0,1216.0,1042.0,1089,757,281,666.0,523,814,23.5,31.0,0.534798535,0.856907895,1.045105566
1700,76.19,26.3633218,491,429,367.0,973.0,889.0,974,581,249,721.0,522,840,14.0,30.0,0.546470588,0.913669065,1.095613048
1858,79.14,22.92475097,487,455,364.0,1013.0,833.0,941,556,270,812.0,590,911,9.0,12.0,0.528525296,0.82230997,1.129651861
1708,88.89,30.4703311,523,479,387.0,1077.0,889.0,1030,663,279,727.0,536,853,29.0,35.0,0.528103044,0.82544104,1.158605174
1636,65.99,24.65537031,453,403,357.0,973.0,819.0,961,553,263,734.0,514,801,15.0,16.0,0.523838631,0.841726619,1.173382173
1723,78.46,26.42881853,467,444,367.0,1003.0,822.0,1009,605,264,753.0,526,803,25.0,47.0,0.528148578,0.819541376,1.227493917
1668,95.69,34.39334863,522,481,488.0,1113.0,982.0,1171,638,271,707.0,525,845,21.0,36.5,0.513189448,0.88230009,1.192464358
1679,85.71,30.40395652,496,439,380.0,1075.0,958.0,1117,614,267,737.0,524,844,13.0,23.0,0.532459797,0.891162791,1.165970772
1645,69.61,25.72407868,479,411,355.0,963.0,737.0,904,573,266,714.0,506,804,13.0,10.0,0.536170213,0.765316719,1.226594301
1809,64.85,19.81676899,452,384,350.0,945.0,737.0,861,531,256,844.0,579,846,8.5,9.5,0.503593145,0.77989418,1.168249661
1728,62.59,20.96126436,465,404,336.0,911.0,742.0,905,532,256,772.0,535,828,7.0,9.5,0.519675926,0.814489572,1.21967655
1660,68.48,24.85121208,476,457,348.0,965.0,776.0,952,574,251,734.0,525,851,9.0,27.0,0.529518072,0.804145078,1.226804124
1779,60.32,19.0594093,446,385,326.0,913.0,793.0,851,529,257,769.0,536,857,9.0,8.0,0.532883642,0.86856517,1.073139975
1705,54.88,18.87840662,444,386,332.0,879.0,709.0,834,474,239,730.0,504,812,6.5,13.0,0.560703812,0.806598407,1.176304654
1697,71.88,24.95998867,482,420,372.0,1005.0,878.0,952,583,245,723.0,538,851,17.0,28.0,0.507955215,0.873631841,1.08428246
1738,83.45,27.6265591,518,475,357.0,996.0,898.0,1011,587,260,743.0,533,837,9.0,15.5,0.546029919,0.901606426,1.125835189
1733,63.72,21.21673938,446,400,346.0,937.0,792.0,848,563,253,768.0,530,840,6.5,11.0,0.542989036,0.8452508,1.070707071
1690,64.85,22.70578761,450,384,335.0,927.0,801.0,893,561,265,725.0,530,784,9.0,12.0,0.544970414,0.86407767,1.114856429
1741,52.61,17.35684398,436,371,321.0,876.0,696.0,758,487,236,800.0,526,846,8.0,9.5,0.52498564,0.794520548,1.08908046
1728,85.49,28.63042803,519,474,389.0,1067.0,909.0,1031,607,268,780.0,554,881,13.0,27.0,0.523148148,0.851921275,1.134213421
1643,51.47,19.06685401,444,378,306.0,850.0,652.0,892,469,229,731.0,491,773,4.0,7.0,0.537431528,0.767058824,1.36809816
1709,72.34,24.76819618,465,430,390.0,1008.0,796.0,932,592,259,771.0,539,841,10.5,9.0,0.527794032,0.78968254,1.170854271
1996,88.21,22.14097534,483,456,377.0,1013.0,905.0,1029,603,266,983.0,655,967,16.5,23.0,0.485470942,0.893385982,1.137016575
1644,78.68,29.11124135,490,425,376.0,1015.0,924.0,1026,644,251,703.0,511,794,13.0,40.0,0.535279805,0.910344828,1.11038961
1629,68.71,25.89272626,427,411,358.0,992.0,900.0,948,564,253,724.0,514,773,21.0,31.0,0.53038674,0.907258065,1.053333333
1854,77.55,22.56120764,466,434,374.0,1026.0,879.0,942,565,279,831.0,582,888,8.0,7.5,0.522653722,0.856725146,1.071672355
1801,92.29,28.45294474,556,495,376.0,1042.0,883.0,1169,606,272,802.0,563,908,9.5,14.0,0.529705719,0.847408829,1.32389581
1711,54.88,18.74623615,456,394,314.0,864.0,889.0,804,488,237,777.0,529,833,8.0,8.0,0.519579193,1.028935185,0.904386952
1739,75.74,25.04529415,494,446,358.0,1017.0,831.0,968,572,275,784.0,555,850,10.0,15.0,0.521564117,0.817109145,1.164861613
1721,65.08,21.97282028,413,390,341.0,922.0,789.0,917,502,249,793.0,557,813,3.5,10.0,0.507844277,0.855748373,1.162230672
1699,86.62,30.00761103,478,466,396.0,1086.0,1058.0,1121,615,262,755.0,541,821,12.0,31.0,0.513243084,0.974217311,1.059546314
1824,68.48,20.58325639,458,412,366.0,947.0,822.0,896,501,279,853.0,577,891,6.0,8.5,0.527412281,0.868004224,1.090024331
1752,153.97,50.16119868,614,561,546.0,1425.0,1265.0,1437,802,300,754.0,579,877,30.0,60.0,0.529680365,0.887719298,1.135968379
1645,69.16,25.5577831,435,431,347.0,1005.0,900.0,951,483,251,711.0,512,775,21.5,34.0,0.531306991,0.895522388,1.056666667
1794,57.37,17.82542825,429,392,345.0,910.0,752.0,832,487,248,819.0,562,843,7.0,8.5,0.532329989,0.826373626,1.106382979
1689,76.42,26.78845916,503,440,348.0,975.0,827.0,1006,587,254,735.0,538,831,5.0,24.5,0.537596211,0.848205128,1.216444982
1712,71.88,24.52452179,458,418,344.0,948.0,872.0,964,549,252,725.0,523,800,8.5,29.5,0.542640187,0.919831224,1.105504587
1661,103.17,37.39505408,498,446,417.0,1197.0,1139.0,1152,653,278,673.0,527,815,16.0,38.0,0.527393137,0.95154553,1.011413521
1641,67.8,25.17749577,482,458,350.0,923.0,814.0,959,546,230,709.0,493,826,10.0,27.0,0.539305302,0.881906826,1.178132678
1703,69.16,23.84655727,471,404,366.0,976.0,817.0,943,578,248,732.0,508,819,11.5,26.0,0.547269524,0.837090164,1.154222766
1746,78.46,25.73711275,513,436,372.0,1012.0,856.0,1026,572,261,791.0,550,906,7.5,16.5,0.518900344,0.845849802,1.198598131
1655,61.68,22.51896204,429,390,331.0,918.0,836.0,922,449,246,699.0,496,773,7.5,15.5,0.550453172,0.910675381,1.102870813
1666,75.96,27.36748961,483,427,357.0,989.0,898.0,982,583,261,734.0,523,811,12.5,22.0,0.530612245,0.907987867,1.093541203
1686,75.28,26.4828347,488,445,362.0,1028.0,882.0,981,616,249,748.0,514,808,9.0,35.0,0.533214709,0.857976654,1.112244898
1726,69.84,23.44351067,472,432,367.0,940.0,817.0,957,518,266,754.0,533,839,4.0,15.0,0.538238702,0.869148936,1.171358629
1758,66.89,21.64329876,455,414,353.0,936.0,746.0,863,556,258,792.0,543,836,10.0,14.0,0.545506257,0.797008547,1.156836461
1693,68.03,23.73485346,450,435,355.0,967.0,847.0,931,553,255,754.0,524,811,7.0,10.0,0.531600709,0.87590486,1.099173554
1719,81.63,27.62473007,478,450,377.0,1048.0,865.0,1022,642,271,764.0,543,838,16.0,15.0,0.536940081,0.825381679,1.18150289
1679,113.83,40.37897994,526,503,434.0,1213.0,1255.0,1189,689,285,695.0,536,823,28.0,50.0,0.543180465,1.034624897,0.947410359
1667,86.85,31.25349735,513,474,378.0,1054.0,933.0,1091,628,251,741.0,539,834,16.0,26.0,0.520095981,0.885199241,1.169346195
1634,62.13,23.2700464,425,407,354.0,941.0,827.0,884,519,248,698.0,502,780,10.0,10.5,0.544063647,0.878852285,1.068923821
1748,74.38,24.34295619,488,419,364.0,957.0,851.0,969,532,240,768.0,540,872,7.0,21.5,0.532608696,0.8892372,1.1386604
1629,82.09,30.93485517,493,459,358.0,1045.0,974.0,1027,585,260,681.0,508,808,12.0,43.0,0.536525476,0.932057416,1.054414784
1601,67.8,26.45130054,464,405,363.0,959.0,834.0,944,551,254,707.0,504,799,12.0,24.0,0.529044347,0.869655892,1.131894484
1579,66.44,26.64804566,453,417,349.0,957.0,828.0,1015,572,246,663.0,493,766,18.5,32.5,0.527549082,0.865203762,1.225845411
1718,76.64,25.96624659,492,453,368.0,993.0,876.0,1001,573,252,781.0,547,857,12.5,27.0,0.525029104,0.882175227,1.142694064
1813,102.72,31.25067501,505,502,400.0,1107.0,973.0,1110,674,261,823.0,570,865,19.5,36.5,0.520683949,0.878952123,1.140801644
1627,73.7,27.84148411,468,441,384.0,1006.0,867.0,1012,564,262,691.0,506,792,13.0,29.0,0.543945913,0.861829026,1.167243368
1649,59.86,22.0138195,438,386,338.0,943.0,802.0,892,541,248,716.0,521,787,9.0,11.5,0.530018193,0.8504772,1.112219451
1794,87.3,27.12497623,516,444,387.0,1050.0,927.0,1057,602,264,772.0,543,843,14.0,27.5,0.544593088,0.882857143,1.140237325
1666,66.89,24.09967588,458,432,343.0,961.0,836.0,953,562,245,713.0,517,802,8.0,20.5,0.525210084,0.869927159,1.139952153
1868,126.76,36.32691241,542,510,446.0,1264.0,1175.0,1269,754,288,841.0,624,939,33.0,55.0,0.502141328,0.929588608,1.08
1818,116.1,35.1272751,559,480,446.0,1203.0,1033.0,1164,749,277,837.0,597,910,30.0,37.5,0.503850385,0.858686617,1.126815102
1750,87.98,28.72816327,534,457,370.0,1073.0,890.0,1043,642,268,787.0,561,915,13.5,22.5,0.520571429,0.82945014,1.171910112
1639,80.05,29.79911932,509,429,359.0,994.0,898.0,1030,585,269,770.0,558,824,14.0,47.0,0.489932886,0.903420523,1.146993318
1715,78.68,26.75075861,464,457,375.0,1054.0,813.0,915,660,261,783.0,550,858,21.0,22.0,0.509037901,0.771347249,1.125461255
1808,88.66,27.12257225,494,468,363.0,1015.0,929.0,1037,591,275,853.0,589,903,7.5,18.0,0.492809735,0.915270936,1.116254037
1800,131.29,40.52160494,540,527,460.0,1237.0,1255.0,1407,787,272,800.0,576,893,26.0,55.5,0.516666667,1.014551334,1.121115538
1777,82.09,25.99653105,477,436,396.0,1058.0,851.0,994,623,275,861.0,595,909,5.0,29.0,0.490714688,0.804347826,1.168037603
1819,81.18,24.53486365,477,453,388.0,1065.0,867.0,969,582,271,839.0,569,913,12.5,20.0,0.512919186,0.814084507,1.117647059
1697,93.2,32.36325742,499,471,403.0,1071.0,968.0,1085,622,284,737.0,551,860,10.0,31.0,0.513258692,0.903828198,1.120867769
1777,75.28,23.83991787,468,404,344.0,983.0,761.0,926,572,271,838.0,586,877,6.5,9.0,0.499718627,0.774160732,1.216819974
1774,75.28,23.92061711,485,429,376.0,1018.0,843.0,939,592,284,813.0,584,890,10.0,19.5,0.511273957,0.828094303,1.113879004
1750,77.55,25.32244898,409,437,349.0,950.0,816.0,978,569,271,780.0,562,896,13.0,10.0,0.517142857,0.858947368,1.198529412
1778,118.82,37.58599354,533,557,429.0,1172.0,1089.0,1216,722,290,834.0,602,918,27.5,57.0,0.49943757,0.929180887,1.116620753
1719,93.88,31.77030086,490,467,392.0,1065.0,950.0,1085,623,266,824.0,569,894,17.0,28.0,0.495055265,0.892018779,1.142105263
1773,77.55,24.66972629,491,457,360.0,1004.0,792.0,939,569,262,838.0,558,872,5.5,17.0,0.521150592,0.788844622,1.185606061
1723,88.66,29.86463231,478,447,392.0,1083.0,1005.0,1116,599,269,788.0,550,816,16.5,29.0,0.521764364,0.927977839,1.110447761
1623,58.96,22.38311032,432,399,326.0,895.0,738.0,892,497,229,737.0,504,779,7.0,22.0,0.513247073,0.824581006,1.208672087
1742,96.83,31.90903207,539,500,381.0,1086.0,977.0,1112,608,253,769.0,566,906,14.5,38.0,0.518943743,0.899631676,1.138178096
1813,115.87,35.2513212,551,547,411.0,1142.0,1025.0,1193,703,286,825.0,600,927,26.0,52.0,0.486486486,0.897548161,1.163902439
1901,116.33,32.1904831,522,483,457.0,1214.0,969.0,1072,785,290,904.0,626,982,32.0,24.5,0.490794319,0.798187809,1.10629515
1821,82.31,24.82176789,481,433,364.0,1003.0,870.0,993,595,283,856.0,601,921,9.5,12.5,0.500274574,0.867397807,1.14137931
1771,74.38,23.71477735,448,424,334.0,990.0,818.0,899,579,274,801.0,567,835,10.0,37.0,0.509881423,0.826262626,1.099022005
1733,64.63,21.51974052,483,422,323.0,925.0,757.0,938,523,258,824.0,560,909,10.0,9.5,0.489901904,0.818378378,1.239101717
1862,102.27,29.49775082,527,464,397.0,1148.0,924.0,1056,691,301,819.0,596,936,20.0,24.0,0.522019334,0.804878049,1.142857143
1702,79.59,27.47510705,492,434,364.0,1013.0,864.0,1024,586,262,836.0,564,933,8.5,19.5,0.48413631,0.852912142,1.185185185
1664,80.5,29.07295904,451,458,362.0,997.0,852.0,1018,602,270,745.0,550,842,9.5,36.0,0.496995192,0.854563691,1.194835681
1899,155.78,43.19781399,584,591,519.0,1513.0,1422.0,1485,857,312,843.0,620,943,27.0,38.0,0.519220642,0.939854594,1.044303797
1712,93.42,31.87368984,514,477,402.0,1110.0,962.0,1107,628,273,737.0,553,857,14.5,37.5,0.523948598,0.866666667,1.150727651
1635,56.69,21.20659503,452,383,321.0,883.0,783.0,858,493,246,736.0,518,826,8.0,13.0,0.518654434,0.886749717,1.095785441
1759,89.57,28.94882196,518,446,356.0,1044.0,854.0,1002,626,287,823.0,571,906,9.0,20.0,0.505969301,0.818007663,1.173302108
1750,69.16,22.58285714,466,414,344.0,977.0,741.0,939,572,275,825.0,561,864,6.5,7.0,0.506857143,0.758444217,1.267206478
1751,68.48,22.335283,461,384,327.0,945.0,803.0,949,511,268,836.0,583,878,11.0,19.5,0.494003427,0.84973545,1.181818182
1753,70.07,22.80175554,457,430,339.0,948.0,784.0,892,560,296,883.0,597,892,9.5,10.0,0.472333143,0.827004219,1.137755102
1682,56.69,20.0380047,438,362,311.0,871.0,662.0,837,471,253,775.0,528,823,3.5,7.5,0.507134364,0.760045924,1.264350453
1726,74.6,25.04132154,479,421,356.0,1007.0,814.0,941,589,277,723.0,525,821,12.5,10.5,0.525492468,0.808341609,1.156019656
1859,101.59,29.39626683,508,449,391.0,1077.0,944.0,1157,618,287,841.0,591,922,9.0,18.0,0.51048951,0.876508821,1.225635593
1867,67.35,19.32186147,467,408,370.0,951.0,797.0,877,490,256,893.0,585,900,7.0,7.5,0.508837708,0.838065195,1.100376412
1819,90.93,27.48158601,514,469,387.0,1055.0,922.0,1089,580,283,801.0,565,880,9.5,29.0,0.510720176,0.873933649,1.181127983
1931,156.01,41.8396352,608,607,557.0,1474.0,1331.0,1388,937,304,856.0,616,996,30.0,55.0,0.516830658,0.902985075,1.042824944
1798,94.56,29.25014941,498,476,401.0,1107.0,912.0,1043,658,277,821.0,570,854,13.0,17.5,0.521134594,0.823848238,1.143640351
1866,117.46,33.73391278,531,518,411.0,1104.0,1143.0,1214,634,293,837.0,603,899,20.0,32.0,0.514469453,1.035326087,1.062117235
1865,70.07,20.14533275,456,406,360.0,954.0,834.0,882,546,277,870.0,618,881,13.0,6.0,0.500268097,0.874213836,1.057553957
1695,87.53,30.46614631,497,467,374.0,1048.0,949.0,1106,622,272,773.0,544,831,6.5,11.0,0.516224189,0.905534351,1.165437302
1695,65.99,22.96882206,452,390,342.0,950.0,755.0,913,563,244,763.0,536,837,17.0,9.5,0.522123894,0.794736842,1.209271523
1886,132.2,37.16619305,600,551,444.0,1241.0,1083.0,1257,756,312,872.0,634,972,12.0,43.0,0.49416755,0.87268332,1.16066482
1747,75.96,24.88852425,466,423,363.0,980.0,847.0,993,546,255,763.0,553,854,6.0,13.0,0.523755009,0.864285714,1.172373081
1803,81.18,24.97224537,479,444,362.0,1027.0,849.0,989,594,275,826.0,571,875,16.0,22.0,0.519689407,0.826679649,1.164899882
1875,86.39,24.57315556,509,453,377.0,1064.0,879.0,968,618,279,885.0,594,953,8.5,19.0,0.512,0.82612782,1.101251422
1708,75.74,25.96268284,487,421,353.0,995.0,846.0,962,566,272,757.0,553,873,12.0,11.0,0.514637002,0.850251256,1.137115839
1706,82.99,28.51462805,485,433,376.0,1059.0,909.0,1044,567,249,734.0,529,802,12.0,31.0,0.531066823,0.858356941,1.148514851
1774,93.42,29.6846978,501,460,381.0,1047.0,955.0,1142,657,271,835.0,585,864,4.5,29.5,0.503945885,0.912129895,1.195811518
1940,71.88,19.09873525,484,427,357.0,964.0,855.0,882,547,256,932.0,617,932,9.0,7.0,0.503608247,0.886929461,1.031578947
1758,94.78,30.66754159,498,448,369.0,1073.0,909.0,1077,653,278,791.0,542,840,10.0,23.0,0.538680319,0.847157502,1.184818482
1816,93.88,28.46697976,514,471,378.0,1065.0,933.0,1084,587,276,806.0,556,922,14.5,18.0,0.518171806,0.876056338,1.161843516
1782,73.47,23.13633907,475,441,339.0,962.0,785.0,983,557,264,839.0,558,855,8.5,10.0,0.506734007,0.816008316,1.252229299
1692,65.99,23.05034399,477,413,310.0,908.0,758.0,943,516,254,764.0,529,824,6.0,8.0,0.527186761,0.834801762,1.244063325
1689,74.6,26.15047178,449,400,381.0,1020.0,834.0,992,580,237,764.0,528,791,20.0,16.0,0.519242155,0.817647059,1.189448441
1861,91.38,26.38507952,524,463,361.0,1026.0,836.0,1051,623,293,856.0,590,944,7.0,12.0,0.509940892,0.814814815,1.257177033
1756,99.09,32.13518506,527,520,377.0,1065.0,983.0,1157,633,266,768.0,559,890,8.0,34.0,0.513667426,0.923004695,1.177009156
1755,69.39,22.52903791,463,407,330.0,943.0,742.0,893,578,271,828.0,557,864,6.0,12.5,0.50997151,0.786850477,1.203504043
1913,81.86,22.36875435,501,434,372.0,994.0,866.0,931,571,279,879.0,590,913,7.5,10.5,0.533193936,0.871227364,1.075057737
2068,99.09,23.17014542,548,474,401.0,1079.0,880.0,1012,608,280,981.0,660,989,6.5,9.5,0.507736944,0.815569972,1.15
1755,67.57,21.93813362,436,369,356.0,963.0,743.0,861,563,261,806.0,550,805,11.5,7.5,0.524786325,0.771547248,1.158815612
1750,82.09,26.80489796,484,414,390.0,1025.0,895.0,1062,568,267,756.0,534,831,10.0,23.0,0.54,0.873170732,1.186592179
1783,75.28,23.6797397,460,420,366.0,986.0,821.0,970,554,271,800.0,550,863,11.5,9.0,0.524397084,0.832657201,1.181485993
1785,146.26,45.90385174,573,578,479.0,1416.0,1383.0,1349,772,287,789.0,586,910,21.0,43.0,0.513165266,0.976694915,0.975415763
1753,93.2,30.32858023,488,457,391.0,1096.0,947.0,1078,622,271,797.0,575,854,21.0,25.5,0.510553337,0.864051095,1.138331573
1752,115.19,37.52723567,512,488,418.0,1239.0,1173.0,1221,679,265,741.0,561,843,11.5,38.0,0.533105023,0.946731235,1.040920716
1810,111.34,33.98553158,547,482,437.0,1216.0,1013.0,1101,743,283,851.0,591,894,23.0,45.0,0.512707182,0.833059211,1.086870681
1717,64.85,21.99730062,452,398,334.0,941.0,773.0,890,538,257,793.0,555,831,7.0,11.0,0.509027373,0.821466525,1.151358344
1882,115.42,32.58680875,486,475,441.0,1268.0,1204.0,1147,690,298,862.0,617,913,22.0,31.5,0.507970244,0.949526814,0.952657807
1769,114.97,36.73912981,549,524,408.0,1143.0,1007.0,1161,725,284,812.0,577,922,20.0,34.0,0.513284341,0.881014873,1.152929494
1751,114.29,37.27656971,502,505,416.0,1201.0,1182.0,1200,679,267,725.0,563,841,21.0,32.0,0.541404911,0.98417985,1.015228426
1843,122.0,35.91775306,511,512,427.0,1194.0,1157.0,1143,657,283,785.0,577,915,19.0,37.0,0.517634292,0.969011725,0.987899741
1892,77.55,21.66404445,479,430,351.0,954.0,816.0,1019,558,262,868.0,601,907,9.0,8.0,0.514270613,0.855345912,1.24877451
1838,103.4,30.60761745,538,495,406.0,1114.0,916.0,1094,701,302,852.0,608,905,12.0,22.0,0.502720348,0.822262118,1.194323144
1778,93.42,29.55128359,511,471,382.0,1058.0,1029.0,1092,604,287,794.0,589,864,23.0,31.0,0.51912261,0.972589792,1.06122449
1629,109.3,41.18869131,540,526,396.0,1139.0,1152.0,1353,598,273,704.0,542,877,27.5,55.0,0.503376304,1.011413521,1.174479167
1677,65.08,23.14096253,453,425,344.0,967.0,792.0,964,527,248,793.0,551,862,9.5,22.0,0.506857484,0.819027921,1.217171717
1955,125.4,32.80983248,569,525,419.0,1176.0,935.0,1167,770,306,940.0,635,1012,7.5,27.5,0.510997442,0.795068027,1.248128342
1778,95.24,30.12699903,511,467,369.0,1059.0,938.0,1097,657,278,826.0,590,913,14.0,30.0,0.493813273,0.885741265,1.169509595
1984,92.52,23.50456881,511,473,368.0,1036.0,930.0,1022,604,286,935.0,640,942,12.0,17.0,0.504032258,0.897683398,1.098924731
1756,78.0,25.29563462,494,439,379.0,1040.0,853.0,1015,589,257,806.0,557,856,8.5,18.0,0.513667426,0.820192308,1.189917937
1776,85.71,27.17349951,458,460,396.0,1066.0,848.0,997,623,283,824.0,565,871,15.5,10.0,0.514076577,0.795497186,1.175707547
1625,67.12,25.41822485,474,410,344.0,953.0,774.0,942,576,277,709.0,499,803,11.0,15.5,0.553230769,0.812172088,1.217054264
1927,84.81,22.83934443,486,449,348.0,996.0,872.0,1002,573,278,883.0,606,912,8.5,15.5,0.517384536,0.875502008,1.149082569
1751,71.66,23.37246465,463,416,339.0,952.0,778.0,917,551,280,798.0,552,845,4.0,8.0,0.525985151,0.817226891,1.178663239
1754,77.78,25.28184479,487,453,343.0,995.0,790.0,989,593,261,824.0,575,862,6.0,9.0,0.501710376,0.793969849,1.251898734
1755,98.19,31.87961137,477,499,384.0,1057.0,949.0,1083,635,284,783.0,546,827,13.0,35.5,0.525356125,0.89782403,1.141201264
1790,104.08,32.48338067,511,511,400.0,1101.0,1027.0,1139,657,283,854.0,589,917,20.0,46.5,0.493854749,0.932788374,1.109055501
1736,75.28,24.97929453,490,453,345.0,969.0,848.0,977,558,278,811.0,571,898,6.0,14.0,0.509792627,0.875128999,1.152122642
1803,108.84,33.4808966,524,494,449.0,1207.0,1098.0,1176,738,276,841.0,603,952,30.0,53.5,0.500831947,0.909693455,1.071038251
1624,82.09,31.12563396,477,457,371.0,1070.0,976.0,1052,630,263,702.0,532,802,13.0,39.0,0.527093596,0.912149533,1.077868852
1702,82.99,28.64881435,499,448,347.0,1027.0,823.0,1017,639,258,815.0,556,876,7.5,18.0,0.502350176,0.801363194,1.235722965
1772,83.9,26.71988138,504,464,368.0,1041.0,853.0,1009,612,264,783.0,548,881,6.0,12.0,0.536117381,0.819404419,1.182883939
1802,66.44,20.4606794,467,394,352.0,950.0,758.0,920,549,252,817.0,562,858,9.0,8.5,0.532741398,0.797894737,1.213720317
1707,81.86,28.09342557,512,459,355.0,1017.0,867.0,1019,613,258,790.0,543,857,13.5,30.0,0.521968366,0.852507375,1.175317186
2005,124.04,30.85552951,563,530,415.0,1197.0,917.0,1158,739,316,920.0,671,1031,13.5,12.5,0.517206983,0.766081871,1.262813522
1914,109.75,29.9585412,556,524,411.0,1168.0,997.0,1155,717,294,948.0,637,990,12.0,27.0,0.489550679,0.85359589,1.158475426
1689,58.5,20.50673725,425,371,330.0,922.0,683.0,845,514,266,759.0,518,809,7.0,8.0,0.525754885,0.740780911,1.237188873
1872,93.65,26.72366955,499,454,367.0,1068.0,890.0,1021,658,280,887.0,606,906,15.5,19.0,0.497863248,0.833333333,1.147191011
1706,64.17,22.04824294,465,412,332.0,923.0,784.0,874,525,253,786.0,534,837,6.5,8.5,0.518171161,0.849404117,1.114795918
1850,73.02,21.33528123,497,428,332.0,944.0,767.0,921,548,261,877.0,586,958,6.0,11.0,0.48972973,0.8125,1.200782269
1816,88.21,26.74768092,530,447,397.0,1059.0,885.0,1058,620,278,849.0,582,858,11.0,16.0,0.525330396,0.835694051,1.195480226
1689,73.7,25.83498351,441,409,394.0,1028.0,850.0,974,585,274,766.0,537,827,13.0,9.0,0.518058022,0.826848249,1.145882353
1792,91.38,28.45608458,494,475,415.0,1116.0,982.0,1013,649,295,756.0,553,865,18.0,28.0,0.523995536,0.879928315,1.031568228
1790,70.07,21.86885553,459,415,353.0,960.0,799.0,900,537,283,784.0,563,850,6.0,12.5,0.527932961,0.832291667,1.12640801
