weight_kg,stature_cm,neck_base_girth,chest_girth,waist_girth,hips_buttock_girth,shoulder_girth,thigh_girth,thigh_low_girth,calf_girth,ankle_girth,forearm_girth,wrist_girth,shoulder_length,sleeveoutseam_length,forearm_length,crotchheight_length,waistback_length,thigh_length,chest_depth_length,head_girth,biacromialbreadth,scyecircoveracromion
797.0,1666.0,391.0,1128.0,1007.0,1031.0,1150.0,630.0,420.0,396.0,238.0,269.0,167.0,119.0,571.0,248.0,752.0,380.0,397.0,303.0,568.0,351.0,434.0
497.0,1528.0,345.0,905.0,737.0,928.0,989.0,532.0,349.0,329.0,194.0,228.0,142.0,146.0,501.0,221.0,673.0,371.0,355.0,235.0,528.0,355.0,351.0
572.0,1567.0,343.0,961.0,742.0,958.0,1020.0,565.0,382.0,350.0,209.0,238.0,154.0,136.0,530.0,235.0,713.0,417.0,375.0,264.0,536.0,353.0,370.0
745.0,1836.0,363.0,969.0,835.0,1009.0,1108.0,598.0,413.0,370.0,209.0,261.0,162.0,148.0,611.0,285.0,881.0,411.0,446.0,269.0,588.0,393.0,375.0
527.0,1546.0,325.0,847.0,722.0,981.0,991.0,572.0,374.0,353.0,192.0,243.0,144.0,132.0,526.0,228.0,708.0,384.0,374.0,220.0,520.0,341.0,364.0
548.0,1524.0,352.0,859.0,734.0,917.0,1012.0,606.0,390.0,340.0,206.0,240.0,147.0,152.0,529.0,222.0,714.0,352.0,397.0,219.0,535.0,359.0,365.0
806.0,1836.0,382.0,930.0,798.0,1048.0,1128.0,651.0,429.0,403.0,231.0,295.0,174.0,140.0,678.0,312.0,929.0,384.0,474.0,260.0,568.0,376.0,423.0
625.0,1626.0,371.0,958.0,815.0,963.0,1077.0,586.0,363.0,358.0,218.0,268.0,151.0,126.0,533.0,234.0,743.0,384.0,408.0,227.0,538.0,373.0,393.0
540.0,1549.0,339.0,900.0,762.0,934.0,1014.0,546.0,358.0,328.0,201.0,230.0,154.0,138.0,519.0,247.0,712.0,376.0,365.0,228.0,529.0,336.0,365.0
485.0,1632.0,317.0,776.0,669.0,884.0,944.0,510.0,346.0,337.0,202.0,222.0,147.0,138.0,543.0,248.0,753.0,365.0,385.0,199.0,550.0,342.0,349.0
603.0,1662.0,363.0,958.0,705.0,924.0,1064.0,549.0,357.0,360.0,211.0,260.0,154.0,150.0,576.0,243.0,804.0,373.0,411.0,254.0,553.0,380.0,369.0
538.0,1621.0,325.0,866.0,776.0,932.0,986.0,549.0,372.0,351.0,207.0,236.0,147.0,139.0,544.0,240.0,743.0,380.0,391.0,221.0,539.0,365.0,342.0
518.0,1648.0,334.0,809.0,677.0,894.0,974.0,534.0,354.0,314.0,190.0,227.0,146.0,139.0,557.0,240.0,785.0,382.0,386.0,215.0,543.0,350.0,354.0
609.0,1633.0,351.0,915.0,788.0,970.0,1023.0,555.0,366.0,365.0,211.0,248.0,151.0,126.0,527.0,243.0,782.0,345.0,423.0,233.0,558.0,359.0,388.0
585.0,1646.0,336.0,936.0,700.0,941.0,1012.0,536.0,370.0,342.0,208.0,255.0,156.0,134.0,537.0,239.0,741.0,417.0,367.0,250.0,551.0,369.0,381.0
750.0,1727.0,374.0,961.0,871.0,1052.0,1068.0,630.0,432.0,372.0,221.0,277.0,165.0,136.0,595.0,267.0,785.0,430.0,422.0,254.0,572.0,360.0,399.0
848.0,1636.0,381.0,1060.0,1018.0,1143.0,1173.0,742.0,492.0,432.0,239.0,292.0,167.0,146.0,538.0,238.0,746.0,452.0,398.0,275.0,567.0,377.0,442.0
614.0,1626.0,334.0,972.0,824.0,966.0,1008.0,574.0,370.0,336.0,207.0,243.0,147.0,130.0,522.0,235.0,763.0,378.0,399.0,254.0,531.0,336.0,365.0
578.0,1568.0,332.0,875.0,726.0,969.0,1008.0,601.0,390.0,356.0,201.0,256.0,148.0,149.0,517.0,243.0,733.0,360.0,399.0,232.0,554.0,352.0,350.0
635.0,1617.0,345.0,868.0,829.0,997.0,1055.0,599.0,403.0,374.0,214.0,256.0,151.0,144.0,555.0,250.0,781.0,341.0,409.0,233.0,564.0,363.0,363.0
571.0,1553.0,331.0,862.0,755.0,972.0,969.0,596.0,411.0,332.0,196.0,232.0,141.0,130.0,495.0,230.0,725.0,367.0,419.0,212.0,553.0,354.0,343.0
498.0,1535.0,324.0,803.0,817.0,903.0,932.0,531.0,362.0,331.0,187.0,235.0,145.0,134.0,508.0,220.0,697.0,360.0,388.0,202.0,535.0,338.0,344.0
543.0,1654.0,340.0,862.0,691.0,862.0,1020.0,529.0,354.0,346.0,204.0,239.0,147.0,145.0,571.0,245.0,784.0,358.0,414.0,211.0,545.0,379.0,358.0
650.0,1656.0,364.0,967.0,857.0,1030.0,1025.0,605.0,397.0,358.0,211.0,242.0,150.0,133.0,541.0,235.0,776.0,393.0,412.0,245.0,537.0,360.0,363.0
443.0,1518.0,318.0,822.0,672.0,841.0,959.0,486.0,339.0,307.0,186.0,216.0,140.0,135.0,510.0,225.0,708.0,354.0,364.0,200.0,546.0,352.0,338.0
655.0,1642.0,349.0,971.0,818.0,979.0,1037.0,620.0,396.0,348.0,201.0,263.0,151.0,125.0,525.0,241.0,757.0,368.0,411.0,247.0,542.0,355.0,393.0
674.0,1682.0,355.0,906.0,823.0,982.0,1057.0,573.0,400.0,393.0,238.0,262.0,159.0,148.0,569.0,261.0,767.0,361.0,388.0,229.0,558.0,362.0,405.0
638.0,1700.0,358.0,909.0,757.0,986.0,1042.0,575.0,397.0,343.0,214.0,262.0,155.0,145.0,590.0,260.0,823.0,382.0,426.0,223.0,531.0,396.0,383.0
552.0,1517.0,334.0,896.0,919.0,994.0,982.0,580.0,375.0,323.0,195.0,238.0,138.0,133.0,515.0,235.0,684.0,357.0,380.0,219.0,528.0,336.0,375.0
807.0,1645.0,382.0,1072.0,1006.0,1126.0,1205.0,672.0,399.0,364.0,203.0,274.0,149.0,150.0,588.0,249.0,825.0,418.0,400.0,294.0,533.0,385.0,441.0
610.0,1683.0,340.0,882.0,784.0,997.0,939.0,585.0,395.0,343.0,215.0,251.0,147.0,117.0,558.0,241.0,791.0,366.0,418.0,241.0,515.0,342.0,380.0
677.0,1663.0,380.0,1029.0,847.0,1002.0,1142.0,608.0,405.0,371.0,223.0,258.0,153.0,154.0,569.0,255.0,782.0,358.0,416.0,269.0,540.0,393.0,401.0
553.0,1681.0,346.0,875.0,748.0,928.0,992.0,522.0,354.0,320.0,189.0,249.0,147.0,118.0,577.0,248.0,812.0,394.0,422.0,212.0,530.0,349.0,399.0
487.0,1541.0,345.0,879.0,729.0,871.0,943.0,515.0,337.0,304.0,189.0,243.0,146.0,124.0,495.0,225.0,667.0,343.0,355.0,226.0,539.0,352.0,353.0
603.0,1627.0,346.0,993.0,853.0,961.0,1111.0,551.0,364.0,332.0,203.0,252.0,159.0,146.0,547.0,244.0,772.0,390.0,405.0,261.0,546.0,371.0,404.0
737.0,1655.0,393.0,1038.0,941.0,1051.0,1071.0,654.0,430.0,383.0,219.0,272.0,158.0,134.0,538.0,239.0,754.0,430.0,420.0,285.0,562.0,370.0,398.0
543.0,1620.0,328.0,812.0,688.0,923.0,905.0,535.0,370.0,358.0,219.0,251.0,148.0,128.0,539.0,236.0,732.0,358.0,394.0,218.0,539.0,310.0,372.0
610.0,1505.0,369.0,995.0,942.0,966.0,1047.0,578.0,367.0,352.0,195.0,243.0,145.0,143.0,489.0,217.0,706.0,356.0,365.0,270.0,534.0,353.0,379.0
821.0,1795.0,368.0,1009.0,995.0,1105.0,1125.0,672.0,423.0,383.0,229.0,265.0,164.0,145.0,603.0,274.0,819.0,431.0,439.0,256.0,576.0,355.0,440.0
683.0,1808.0,369.0,866.0,736.0,984.0,1058.0,593.0,381.0,361.0,219.0,254.0,160.0,148.0,600.0,280.0,896.0,399.0,438.0,216.0,588.0,394.0,380.0
645.0,1656.0,352.0,959.0,957.0,989.0,1039.0,588.0,378.0,340.0,206.0,268.0,155.0,135.0,537.0,242.0,779.0,375.0,422.0,247.0,563.0,354.0,403.0
694.0,1657.0,355.0,1002.0,921.0,1027.0,1050.0,591.0,399.0,360.0,211.0,277.0,165.0,141.0,543.0,257.0,766.0,375.0,417.0,254.0,555.0,360.0,401.0
578.0,1596.0,337.0,909.0,790.0,967.0,1024.0,596.0,387.0,331.0,198.0,252.0,146.0,135.0,565.0,258.0,774.0,368.0,430.0,226.0,534.0,332.0,383.0
454.0,1548.0,315.0,798.0,669.0,868.0,961.0,494.0,329.0,301.0,182.0,229.0,146.0,150.0,542.0,243.0,726.0,383.0,367.0,189.0,522.0,375.0,361.0
625.0,1600.0,355.0,909.0,826.0,1024.0,1018.0,622.0,419.0,364.0,207.0,250.0,148.0,132.0,563.0,255.0,753.0,414.0,391.0,237.0,545.0,360.0,375.0
544.0,1675.0,344.0,832.0,697.0,886.0,969.0,525.0,354.0,355.0,211.0,247.0,150.0,148.0,570.0,255.0,822.0,362.0,426.0,213.0,553.0,376.0,347.0
598.0,1620.0,348.0,868.0,772.0,997.0,985.0,586.0,382.0,339.0,198.0,254.0,154.0,137.0,567.0,256.0,759.0,386.0,413.0,209.0,546.0,363.0,374.0
657.0,1595.0,361.0,891.0,879.0,1010.0,1064.0,586.0,394.0,416.0,227.0,261.0,151.0,135.0,552.0,239.0,770.0,359.0,402.0,255.0,552.0,366.0,403.0
600.0,1615.0,353.0,919.0,780.0,971.0,992.0,562.0,400.0,342.0,210.0,239.0,151.0,131.0,558.0,246.0,738.0,350.0,409.0,248.0,563.0,363.0,394.0
786.0,1623.0,352.0,966.0,994.0,1041.0,1050.0,675.0,476.0,412.0,249.0,269.0,160.0,135.0,553.0,238.0,743.0,433.0,386.0,272.0,544.0,355.0,394.0
769.0,1649.0,372.0,989.0,983.0,1107.0,1086.0,686.0,441.0,391.0,239.0,272.0,155.0,143.0,536.0,238.0,762.0,426.0,411.0,263.0,543.0,357.0,399.0
760.0,1706.0,380.0,999.0,927.0,1057.0,1098.0,641.0,425.0,384.0,222.0,266.0,158.0,162.0,587.0,261.0,851.0,415.0,443.0,281.0,579.0,382.0,393.0
596.0,1610.0,340.0,889.0,744.0,948.0,1028.0,577.0,369.0,349.0,212.0,267.0,155.0,137.0,549.0,250.0,786.0,351.0,400.0,223.0,558.0,364.0,372.0
590.0,1599.0,351.0,916.0,803.0,974.0,1029.0,585.0,383.0,338.0,204.0,237.0,143.0,119.0,537.0,248.0,769.0,333.0,401.0,232.0,567.0,370.0,352.0
638.0,1746.0,349.0,847.0,844.0,1008.0,984.0,606.0,410.0,364.0,230.0,248.0,162.0,150.0,587.0,259.0,825.0,392.0,428.0,230.0,554.0,372.0,381.0
621.0,1612.0,364.0,940.0,742.0,962.0,1034.0,603.0,391.0,360.0,210.0,260.0,157.0,146.0,578.0,261.0,802.0,373.0,437.0,262.0,553.0,365.0,389.0
501.0,1599.0,336.0,811.0,737.0,908.0,934.0,546.0,332.0,300.0,186.0,239.0,142.0,131.0,546.0,245.0,764.0,326.0,414.0,214.0,545.0,335.0,355.0
609.0,1650.0,350.0,878.0,741.0,944.0,993.0,549.0,379.0,327.0,197.0,255.0,154.0,135.0,587.0,260.0,780.0,350.0,410.0,239.0,603.0,333.0,371.0
764.0,1658.0,383.0,1016.0,958.0,1136.0,1064.0,644.0,415.0,362.0,206.0,272.0,156.0,126.0,545.0,248.0,770.0,378.0,417.0,280.0,556.0,344.0,425.0
595.0,1557.0,347.0,842.0,775.0,949.0,1022.0,600.0,394.0,371.0,194.0,259.0,151.0,146.0,540.0,249.0,760.0,347.0,385.0,234.0,552.0,356.0,373.0
603.0,1615.0,345.0,904.0,838.0,1002.0,952.0,602.0,392.0,346.0,210.0,242.0,147.0,122.0,553.0,242.0,775.0,386.0,401.0,235.0,538.0,342.0,355.0
695.0,1633.0,368.0,993.0,882.0,1053.0,1092.0,621.0,403.0,368.0,222.0,263.0,155.0,122.0,557.0,238.0,777.0,392.0,403.0,272.0,553.0,332.0,407.0
613.0,1590.0,328.0,865.0,752.0,978.0,992.0,620.0,414.0,369.0,202.0,236.0,147.0,143.0,524.0,248.0,754.0,330.0,409.0,209.0,565.0,353.0,364.0
646.0,1583.0,355.0,979.0,897.0,998.0,1055.0,574.0,390.0,339.0,229.0,262.0,156.0,148.0,515.0,238.0,726.0,379.0,382.0,276.0,554.0,346.0,389.0
589.0,1578.0,365.0,874.0,725.0,976.0,997.0,578.0,394.0,362.0,206.0,248.0,145.0,138.0,541.0,253.0,761.0,353.0,391.0,232.0,535.0,368.0,355.0
455.0,1590.0,323.0,783.0,725.0,864.0,941.0,486.0,324.0,304.0,198.0,224.0,144.0,134.0,502.0,230.0,720.0,411.0,376.0,203.0,513.0,336.0,360.0
514.0,1595.0,336.0,865.0,739.0,885.0,974.0,528.0,338.0,346.0,214.0,237.0,157.0,138.0,525.0,230.0,761.0,372.0,390.0,215.0,550.0,353.0,355.0
509.0,1543.0,334.0,852.0,697.0,879.0,969.0,536.0,356.0,334.0,196.0,253.0,148.0,142.0,530.0,251.0,771.0,323.0,383.0,218.0,573.0,366.0,337.0
539.0,1569.0,339.0,834.0,703.0,913.0,976.0,543.0,380.0,336.0,196.0,246.0,149.0,147.0,510.0,239.0,748.0,369.0,399.0,215.0,538.0,355.0,352.0
497.0,1450.0,327.0,877.0,787.0,873.0,944.0,524.0,387.0,324.0,203.0,245.0,146.0,122.0,475.0,206.0,657.0,366.0,360.0,232.0,537.0,330.0,336.0
620.0,1723.0,345.0,875.0,731.0,967.0,1058.0,564.0,389.0,371.0,228.0,262.0,158.0,168.0,566.0,259.0,820.0,413.0,418.0,208.0,539.0,390.0,376.0
634.0,1732.0,344.0,834.0,712.0,974.0,977.0,600.0,400.0,352.0,207.0,252.0,148.0,137.0,583.0,276.0,859.0,417.0,442.0,222.0,562.0,367.0,358.0
567.0,1647.0,357.0,935.0,714.0,881.0,1008.0,518.0,353.0,346.0,214.0,249.0,155.0,133.0,555.0,250.0,753.0,410.0,395.0,239.0,552.0,337.0,372.0
476.0,1502.0,330.0,860.0,648.0,847.0,988.0,505.0,337.0,328.0,193.0,252.0,144.0,126.0,500.0,236.0,735.0,334.0,379.0,220.0,547.0,351.0,330.0
635.0,1668.0,366.0,979.0,832.0,976.0,1041.0,588.0,376.0,356.0,210.0,246.0,149.0,142.0,578.0,272.0,851.0,358.0,438.0,251.0,564.0,368.0,365.0
558.0,1524.0,328.0,940.0,776.0,927.0,975.0,557.0,389.0,371.0,212.0,254.0,145.0,140.0,507.0,231.0,731.0,355.0,381.0,228.0,551.0,342.0,365.0
530.0,1633.0,329.0,845.0,760.0,882.0,985.0,548.0,360.0,317.0,181.0,241.0,144.0,146.0,600.0,271.0,825.0,371.0,451.0,221.0,543.0,341.0,348.0
646.0,1615.0,347.0,919.0,860.0,1045.0,1064.0,642.0,390.0,352.0,195.0,254.0,148.0,148.0,561.0,270.0,783.0,377.0,399.0,231.0,553.0,370.0,350.0
666.0,1599.0,335.0,992.0,852.0,981.0,1004.0,597.0,385.0,366.0,219.0,262.0,162.0,129.0,531.0,241.0,732.0,364.0,381.0,261.0,541.0,347.0,396.0
635.0,1609.0,360.0,948.0,847.0,987.0,1054.0,590.0,407.0,374.0,219.0,258.0,149.0,157.0,565.0,256.0,776.0,371.0,407.0,262.0,569.0,370.0,365.0
681.0,1753.0,361.0,935.0,811.0,1014.0,1063.0,598.0,392.0,379.0,224.0,261.0,155.0,153.0,573.0,250.0,822.0,410.0,428.0,238.0,560.0,385.0,377.0
577.0,1673.0,314.0,795.0,705.0,948.0,945.0,578.0,380.0,366.0,223.0,242.0,149.0,137.0,544.0,231.0,770.0,374.0,376.0,211.0,538.0,337.0,365.0
744.0,1720.0,380.0,1008.0,896.0,970.0,1059.0,577.0,413.0,405.0,239.0,290.0,167.0,141.0,588.0,264.0,840.0,442.0,438.0,282.0,586.0,347.0,410.0
544.0,1553.0,334.0,890.0,814.0,949.0,1010.0,541.0,366.0,331.0,191.0,227.0,143.0,139.0,556.0,256.0,772.0,356.0,397.0,224.0,551.0,350.0,350.0
682.0,1595.0,357.0,1046.0,884.0,997.0,1105.0,627.0,401.0,372.0,224.0,262.0,155.0,160.0,509.0,233.0,719.0,396.0,382.0,264.0,525.0,384.0,401.0
570.0,1690.0,346.0,849.0,767.0,925.0,973.0,547.0,366.0,342.0,208.0,237.0,151.0,132.0,569.0,254.0,821.0,358.0,426.0,217.0,533.0,352.0,358.0
496.0,1500.0,342.0,865.0,767.0,891.0,989.0,506.0,336.0,323.0,203.0,239.0,147.0,139.0,485.0,219.0,668.0,355.0,359.0,224.0,540.0,402.0,346.0
551.0,1656.0,348.0,833.0,695.0,919.0,986.0,562.0,353.0,328.0,182.0,245.0,148.0,145.0,564.0,256.0,803.0,342.0,426.0,225.0,562.0,367.0,351.0
651.0,1652.0,350.0,910.0,854.0,998.0,1034.0,598.0,425.0,371.0,207.0,265.0,159.0,127.0,567.0,254.0,801.0,363.0,411.0,231.0,583.0,344.0,404.0
722.0,1648.0,365.0,1016.0,980.0,1049.0,1105.0,644.0,393.0,355.0,206.0,276.0,163.0,138.0,556.0,252.0,787.0,403.0,396.0,266.0,552.0,359.0,410.0
654.0,1703.0,355.0,923.0,800.0,984.0,1074.0,588.0,392.0,356.0,216.0,253.0,151.0,137.0,588.0,275.0,857.0,379.0,440.0,247.0,540.0,372.0,385.0
536.0,1613.0,346.0,876.0,745.0,923.0,1010.0,544.0,350.0,326.0,203.0,243.0,151.0,143.0,565.0,246.0,790.0,351.0,415.0,217.0,540.0,362.0,365.0
713.0,1629.0,355.0,947.0,863.0,1056.0,1113.0,657.0,414.0,369.0,215.0,289.0,157.0,156.0,562.0,250.0,763.0,375.0,408.0,252.0,529.0,401.0,426.0
686.0,1608.0,378.0,1067.0,916.0,966.0,1053.0,598.0,385.0,345.0,217.0,282.0,163.0,129.0,532.0,232.0,742.0,402.0,389.0,290.0,555.0,357.0,436.0
635.0,1649.0,367.0,881.0,770.0,976.0,982.0,590.0,397.0,355.0,214.0,265.0,155.0,137.0,550.0,248.0,754.0,352.0,392.0,233.0,557.0,352.0,370.0
661.0,1712.0,355.0,874.0,793.0,988.0,1069.0,574.0,401.0,375.0,207.0,259.0,166.0,157.0,592.0,286.0,799.0,400.0,399.0,242.0,540.0,380.0,383.0
830.0,1686.0,373.0,1034.0,1020.0,1114.0,1135.0,669.0,416.0,390.0,221.0,278.0,159.0,162.0,562.0,243.0,758.0,447.0,415.0,278.0,537.0,382.0,440.0
669.0,1635.0,360.0,901.0,835.0,1008.0,1071.0,632.0,407.0,351.0,216.0,259.0,154.0,148.0,554.0,248.0,753.0,397.0,391.0,235.0,545.0,381.0,373.0
553.0,1599.0,323.0,883.0,776.0,907.0,1011.0,544.0,377.0,355.0,203.0,242.0,146.0,138.0,525.0,241.0,765.0,393.0,405.0,216.0,521.0,356.0,352.0
579.0,1691.0,348.0,805.0,739.0,946.0,998.0,561.0,375.0,337.0,186.0,246.0,146.0,151.0,564.0,260.0,837.0,383.0,436.0,216.0,551.0,369.0,358.0
614.0,1588.0,336.0,946.0,773.0,966.0,1062.0,603.0,404.0,371.0,211.0,265.0,154.0,162.0,542.0,238.0,745.0,383.0,418.0,235.0,545.0,361.0,363.0
604.0,1645.0,370.0,900.0,862.0,967.0,970.0,566.0,369.0,343.0,209.0,260.0,154.0,136.0,546.0,248.0,768.0,388.0,403.0,233.0,521.0,339.0,387.0
600.0,1717.0,345.0,877.0,800.0,985.0,1010.0,575.0,384.0,351.0,189.0,233.0,141.0,161.0,543.0,237.0,795.0,447.0,411.0,227.0,545.0,371.0,353.0
520.0,1633.0,346.0,912.0,703.0,872.0,987.0,493.0,338.0,304.0,196.0,227.0,150.0,175.0,590.0,248.0,779.0,378.0,417.0,237.0,543.0,372.0,345.0
614.0,1586.0,351.0,896.0,897.0,962.0,997.0,598.0,381.0,358.0,226.0,259.0,156.0,140.0,531.0,233.0,747.0,395.0,392.0,236.0,539.0,359.0,359.0
737.0,1747.0,377.0,970.0,901.0,1044.0,1063.0,612.0,428.0,363.0,216.0,265.0,165.0,142.0,602.0,272.0,831.0,405.0,424.0,260.0,571.0,341.0,407.0
776.0,1617.0,381.0,1046.0,944.0,1081.0,1171.0,676.0,426.0,398.0,224.0,285.0,156.0,151.0,558.0,255.0,762.0,410.0,402.0,270.0,561.0,385.0,411.0
481.0,1548.0,327.0,852.0,671.0,876.0,959.0,490.0,339.0,328.0,185.0,234.0,150.0,158.0,559.0,259.0,728.0,374.0,387.0,215.0,536.0,357.0,312.0
575.0,1657.0,353.0,876.0,702.0,894.0,1027.0,527.0,376.0,353.0,203.0,255.0,153.0,149.0,533.0,251.0,783.0,431.0,420.0,212.0,548.0,371.0,348.0
699.0,1653.0,364.0,965.0,856.0,1044.0,1058.0,619.0,388.0,357.0,198.0,269.0,157.0,149.0,551.0,250.0,759.0,445.0,388.0,272.0,569.0,370.0,377.0
466.0,1654.0,330.0,767.0,703.0,850.0,937.0,496.0,335.0,320.0,188.0,220.0,153.0,142.0,535.0,240.0,778.0,388.0,404.0,174.0,531.0,356.0,323.0
591.0,1500.0,340.0,901.0,905.0,997.0,1018.0,599.0,401.0,340.0,189.0,267.0,154.0,140.0,495.0,235.0,684.0,399.0,354.0,225.0,555.0,357.0,379.0
611.0,1603.0,374.0,892.0,775.0,970.0,1028.0,587.0,394.0,354.0,217.0,266.0,160.0,158.0,532.0,236.0,735.0,400.0,392.0,228.0,549.0,365.0,370.0
492.0,1529.0,331.0,823.0,705.0,868.0,970.0,495.0,334.0,332.0,192.0,242.0,151.0,139.0,495.0,233.0,701.0,356.0,373.0,216.0,533.0,344.0,350.0
577.0,1669.0,338.0,866.0,694.0,912.0,1029.0,559.0,381.0,359.0,201.0,257.0,157.0,152.0,600.0,277.0,834.0,388.0,436.0,225.0,535.0,358.0,365.0
764.0,1770.0,364.0,924.0,837.0,1053.0,1031.0,645.0,450.0,414.0,238.0,290.0,159.0,160.0,574.0,252.0,823.0,404.0,420.0,238.0,551.0,383.0,396.0
550.0,1625.0,340.0,885.0,692.0,897.0,1010.0,524.0,361.0,349.0,216.0,253.0,151.0,143.0,531.0,230.0,747.0,385.0,378.0,235.0,542.0,357.0,373.0
600.0,1596.0,340.0,919.0,768.0,951.0,1050.0,579.0,386.0,355.0,219.0,240.0,151.0,150.0,508.0,226.0,718.0,373.0,379.0,230.0,536.0,371.0,360.0
476.0,1492.0,322.0,861.0,729.0,911.0,963.0,542.0,338.0,324.0,187.0,228.0,138.0,133.0,484.0,213.0,683.0,352.0,339.0,233.0,519.0,338.0,361.0
817.0,1695.0,360.0,1022.0,921.0,1085.0,1119.0,655.0,450.0,399.0,223.0,281.0,174.0,140.0,584.0,265.0,804.0,427.0,413.0,266.0,543.0,364.0,429.0
578.0,1667.0,319.0,855.0,737.0,970.0,973.0,575.0,382.0,327.0,199.0,246.0,149.0,148.0,562.0,250.0,767.0,384.0,401.0,241.0,539.0,353.0,372.0
554.0,1580.0,329.0,854.0,758.0,934.0,980.0,546.0,375.0,369.0,209.0,236.0,146.0,152.0,536.0,232.0,751.0,363.0,397.0,223.0,530.0,364.0,339.0
598.0,1624.0,345.0,905.0,796.0,939.0,1051.0,539.0,355.0,331.0,208.0,262.0,160.0,146.0,561.0,266.0,785.0,410.0,407.0,235.0,550.0,374.0,371.0
564.0,1562.0,332.0,894.0,803.0,959.0,993.0,587.0,373.0,349.0,201.0,237.0,139.0,131.0,525.0,227.0,744.0,381.0,375.0,228.0,541.0,347.0,355.0
573.0,1534.0,328.0,888.0,731.0,934.0,989.0,565.0,400.0,367.0,210.0,257.0,146.0,127.0,537.0,246.0,733.0,385.0,397.0,232.0,548.0,330.0,352.0
517.0,1627.0,336.0,842.0,738.0,862.0,975.0,508.0,352.0,341.0,208.0,243.0,149.0,153.0,532.0,243.0,774.0,368.0,398.0,206.0,528.0,368.0,350.0
603.0,1542.0,350.0,907.0,774.0,999.0,1025.0,593.0,388.0,369.0,218.0,262.0,155.0,143.0,517.0,239.0,717.0,405.0,363.0,240.0,556.0,378.0,365.0
647.0,1582.0,351.0,958.0,867.0,966.0,1071.0,568.0,383.0,375.0,208.0,254.0,148.0,139.0,528.0,237.0,698.0,420.0,369.0,255.0,560.0,373.0,387.0
503.0,1514.0,320.0,914.0,823.0,874.0,964.0,524.0,355.0,325.0,182.0,243.0,140.0,137.0,514.0,240.0,738.0,375.0,397.0,231.0,530.0,328.0,345.0
594.0,1608.0,348.0,885.0,817.0,958.0,1007.0,588.0,391.0,362.0,210.0,237.0,148.0,145.0,522.0,242.0,740.0,393.0,388.0,222.0,540.0,359.0,365.0
661.0,1667.0,368.0,900.0,773.0,993.0,1026.0,607.0,417.0,368.0,219.0,261.0,160.0,145.0,565.0,264.0,812.0,343.0,407.0,226.0,543.0,367.0,374.0
592.0,1601.0,363.0,868.0,813.0,931.0,1032.0,581.0,403.0,326.0,191.0,245.0,148.0,151.0,583.0,264.0,773.0,412.0,402.0,236.0,553.0,382.0,378.0
516.0,1534.0,340.0,883.0,732.0,919.0,1008.0,525.0,349.0,326.0,199.0,239.0,144.0,143.0,512.0,233.0,687.0,360.0,357.0,233.0,514.0,358.0,366.0
549.0,1636.0,339.0,849.0,742.0,910.0,975.0,541.0,360.0,350.0,199.0,233.0,149.0,156.0,564.0,243.0,749.0,409.0,381.0,214.0,542.0,365.0,353.0
455.0,1585.0,326.0,797.0,686.0,847.0,939.0,477.0,337.0,303.0,194.0,221.0,142.0,149.0,515.0,227.0,717.0,393.0,364.0,188.0,520.0,355.0,325.0
577.0,1557.0,333.0,814.0,688.0,890.0,945.0,584.0,414.0,380.0,205.0,235.0,145.0,149.0,561.0,256.0,768.0,385.0,412.0,225.0,542.0,333.0,335.0
708.0,1663.0,358.0,947.0,923.0,1000.0,1119.0,607.0,397.0,365.0,210.0,273.0,162.0,170.0,572.0,250.0,773.0,418.0,400.0,250.0,571.0,391.0,412.0
610.0,1578.0,328.0,982.0,851.0,938.0,998.0,565.0,385.0,355.0,206.0,248.0,147.0,134.0,527.0,227.0,729.0,350.0,391.0,258.0,537.0,352.0,407.0
594.0,1675.0,335.0,888.0,741.0,937.0,976.0,535.0,373.0,368.0,219.0,239.0,149.0,138.0,573.0,259.0,782.0,404.0,412.0,235.0,554.0,358.0,383.0
500.0,1637.0,339.0,871.0,712.0,875.0,950.0,487.0,336.0,328.0,189.0,219.0,139.0,148.0,547.0,243.0,770.0,392.0,371.0,222.0,521.0,367.0,337.0
477.0,1568.0,300.0,841.0,710.0,870.0,947.0,513.0,329.0,321.0,186.0,235.0,143.0,150.0,515.0,228.0,730.0,379.0,367.0,213.0,539.0,347.0,338.0
605.0,1551.0,343.0,934.0,773.0,985.0,1007.0,612.0,380.0,348.0,198.0,258.0,151.0,139.0,527.0,223.0,745.0,347.0,399.0,258.0,554.0,357.0,378.0
483.0,1485.0,312.0,855.0,653.0,844.0,948.0,519.0,340.0,328.0,187.0,238.0,142.0,152.0,523.0,243.0,693.0,362.0,344.0,227.0,541.0,350.0,331.0
598.0,1652.0,353.0,915.0,791.0,939.0,1026.0,568.0,375.0,346.0,207.0,252.0,150.0,139.0,546.0,246.0,766.0,366.0,399.0,233.0,547.0,358.0,373.0
754.0,1695.0,377.0,978.0,909.0,1022.0,1075.0,605.0,440.0,381.0,212.0,273.0,162.0,145.0,559.0,256.0,796.0,388.0,411.0,263.0,559.0,376.0,405.0
506.0,1533.0,335.0,839.0,755.0,899.0,936.0,525.0,357.0,334.0,201.0,240.0,144.0,148.0,497.0,232.0,705.0,362.0,355.0,210.0,519.0,368.0,342.0
472.0,1547.0,322.0,795.0,665.0,867.0,880.0,528.0,358.0,326.0,183.0,234.0,139.0,140.0,492.0,223.0,716.0,346.0,387.0,209.0,544.0,329.0,324.0
556.0,1555.0,337.0,853.0,808.0,892.0,987.0,554.0,356.0,345.0,205.0,251.0,142.0,133.0,528.0,228.0,733.0,344.0,390.0,221.0,547.0,341.0,359.0
777.0,1787.0,363.0,1014.0,870.0,1025.0,1097.0,613.0,426.0,385.0,230.0,281.0,163.0,155.0,584.0,261.0,849.0,392.0,444.0,264.0,563.0,386.0,417.0
559.0,1560.0,341.0,876.0,685.0,875.0,1012.0,561.0,386.0,357.0,208.0,264.0,156.0,142.0,532.0,254.0,738.0,317.0,385.0,223.0,546.0,367.0,368.0
610.0,1631.0,374.0,955.0,788.0,951.0,1030.0,554.0,370.0,345.0,215.0,258.0,159.0,131.0,524.0,226.0,714.0,390.0,389.0,245.0,544.0,367.0,385.0
678.0,1610.0,349.0,962.0,846.0,1015.0,1014.0,650.0,429.0,375.0,223.0,280.0,158.0,145.0,553.0,246.0,778.0,360.0,402.0,252.0,545.0,354.0,385.0
695.0,1597.0,376.0,986.0,946.0,998.0,1093.0,633.0,411.0,378.0,215.0,263.0,144.0,136.0,523.0,218.0,731.0,366.0,389.0,248.0,543.0,363.0,409.0
631.0,1652.0,358.0,914.0,829.0,974.0,1056.0,597.0,391.0,344.0,200.0,239.0,147.0,159.0,575.0,267.0,810.0,386.0,413.0,234.0,566.0,378.0,365.0
613.0,1606.0,345.0,975.0,828.0,944.0,1004.0,563.0,377.0,335.0,213.0,247.0,150.0,140.0,530.0,232.0,750.0,384.0,396.0,242.0,544.0,357.0,381.0
513.0,1518.0,321.0,870.0,722.0,907.0,979.0,538.0,365.0,343.0,207.0,243.0,140.0,129.0,502.0,229.0,725.0,334.0,385.0,231.0,537.0,343.0,365.0
703.0,1589.0,353.0,934.0,888.0,1054.0,1056.0,675.0,455.0,378.0,200.0,260.0,154.0,139.0,546.0,253.0,764.0,390.0,433.0,235.0,557.0,357.0,394.0
591.0,1501.0,355.0,922.0,916.0,957.0,1021.0,609.0,374.0,346.0,204.0,248.0,141.0,139.0,503.0,211.0,692.0,352.0,352.0,244.0,550.0,355.0,365.0
649.0,1579.0,321.0,934.0,832.0,1058.0,1034.0,629.0,386.0,358.0,205.0,268.0,154.0,125.0,555.0,247.0,776.0,382.0,404.0,254.0,542.0,322.0,375.0
603.0,1602.0,332.0,922.0,833.0,990.0,1001.0,582.0,397.0,370.0,220.0,239.0,148.0,149.0,535.0,237.0,737.0,428.0,377.0,252.0,544.0,360.0,361.0
586.0,1592.0,370.0,862.0,758.0,917.0,1041.0,561.0,379.0,360.0,198.0,257.0,146.0,152.0,552.0,244.0,760.0,390.0,409.0,236.0,546.0,373.0,378.0
666.0,1785.0,363.0,885.0,825.0,1016.0,1020.0,597.0,373.0,335.0,213.0,251.0,159.0,153.0,581.0,272.0,857.0,389.0,450.0,212.0,562.0,378.0,378.0
546.0,1616.0,336.0,905.0,776.0,911.0,978.0,539.0,354.0,329.0,193.0,247.0,152.0,145.0,523.0,237.0,756.0,381.0,399.0,225.0,523.0,352.0,361.0
525.0,1550.0,335.0,893.0,772.0,934.0,932.0,559.0,346.0,323.0,196.0,225.0,137.0,119.0,493.0,211.0,695.0,345.0,377.0,230.0,546.0,322.0,348.0
650.0,1560.0,373.0,962.0,826.0,967.0,1095.0,599.0,395.0,372.0,208.0,260.0,149.0,135.0,517.0,231.0,711.0,406.0,367.0,254.0,541.0,369.0,376.0
566.0,1611.0,341.0,913.0,747.0,919.0,1002.0,550.0,374.0,330.0,196.0,248.0,148.0,139.0,572.0,254.0,782.0,353.0,405.0,241.0,546.0,348.0,358.0
529.0,1620.0,334.0,826.0,684.0,877.0,985.0,529.0,362.0,344.0,202.0,251.0,142.0,148.0,506.0,224.0,735.0,385.0,365.0,211.0,542.0,363.0,348.0
578.0,1624.0,347.0,818.0,736.0,928.0,1009.0,586.0,361.0,345.0,199.0,242.0,152.0,159.0,562.0,256.0,790.0,362.0,402.0,215.0,550.0,368.0,344.0
554.0,1623.0,330.0,873.0,709.0,922.0,1006.0,565.0,373.0,359.0,217.0,245.0,153.0,145.0,534.0,228.0,750.0,385.0,362.0,210.0,557.0,364.0,357.0
559.0,1575.0,327.0,974.0,855.0,923.0,1016.0,537.0,362.0,315.0,196.0,246.0,149.0,127.0,511.0,230.0,753.0,410.0,369.0,238.0,542.0,348.0,374.0
606.0,1704.0,348.0,873.0,764.0,933.0,1014.0,555.0,364.0,341.0,204.0,262.0,157.0,131.0,568.0,250.0,795.0,381.0,409.0,220.0,557.0,342.0,373.0
670.0,1730.0,359.0,935.0,831.0,967.0,1056.0,579.0,374.0,327.0,198.0,273.0,157.0,152.0,584.0,259.0,842.0,359.0,433.0,236.0,551.0,382.0,370.0
520.0,1559.0,323.0,824.0,742.0,888.0,958.0,526.0,365.0,334.0,199.0,233.0,147.0,145.0,536.0,247.0,775.0,359.0,368.0,224.0,516.0,357.0,347.0
634.0,1693.0,372.0,874.0,755.0,953.0,1030.0,576.0,388.0,354.0,206.0,259.0,153.0,159.0,619.0,275.0,815.0,366.0,418.0,209.0,569.0,380.0,355.0
532.0,1577.0,336.0,921.0,827.0,904.0,983.0,520.0,331.0,318.0,192.0,243.0,145.0,131.0,504.0,226.0,718.0,387.0,369.0,230.0,539.0,350.0,374.0
655.0,1684.0,341.0,938.0,860.0,1028.0,1053.0,609.0,371.0,358.0,214.0,248.0,153.0,160.0,557.0,245.0,796.0,403.0,404.0,261.0,543.0,382.0,361.0
700.0,1738.0,349.0,958.0,867.0,1036.0,1044.0,604.0,396.0,356.0,220.0,262.0,157.0,145.0,554.0,244.0,815.0,404.0,417.0,244.0,562.0,380.0,384.0
741.0,1819.0,370.0,966.0,895.0,1064.0,1102.0,580.0,402.0,365.0,198.0,261.0,155.0,161.0,641.0,286.0,891.0,404.0,476.0,250.0,555.0,412.0,381.0
670.0,1657.0,345.0,957.0,781.0,1001.0,1039.0,609.0,386.0,371.0,205.0,260.0,153.0,142.0,550.0,244.0,745.0,388.0,368.0,257.0,534.0,367.0,388.0
576.0,1634.0,349.0,833.0,741.0,965.0,984.0,573.0,388.0,348.0,215.0,262.0,157.0,131.0,541.0,236.0,729.0,360.0,380.0,220.0,541.0,357.0,373.0
644.0,1695.0,351.0,944.0,818.0,982.0,1032.0,585.0,368.0,337.0,202.0,247.0,150.0,142.0,571.0,269.0,831.0,382.0,436.0,257.0,540.0,370.0,362.0
685.0,1577.0,348.0,984.0,1045.0,1037.0,1035.0,614.0,403.0,374.0,211.0,262.0,149.0,132.0,523.0,237.0,736.0,404.0,382.0,262.0,527.0,355.0,383.0
582.0,1676.0,334.0,927.0,769.0,953.0,995.0,537.0,359.0,332.0,205.0,247.0,154.0,147.0,566.0,249.0,779.0,404.0,400.0,230.0,543.0,369.0,365.0
574.0,1647.0,354.0,899.0,764.0,926.0,991.0,554.0,392.0,358.0,212.0,256.0,149.0,141.0,562.0,250.0,788.0,370.0,387.0,228.0,558.0,348.0,354.0
677.0,1610.0,363.0,979.0,855.0,983.0,1063.0,623.0,418.0,382.0,219.0,272.0,155.0,144.0,560.0,245.0,767.0,398.0,410.0,262.0,539.0,351.0,366.0
673.0,1726.0,348.0,912.0,820.0,998.0,1014.0,601.0,399.0,385.0,223.0,255.0,150.0,154.0,606.0,267.0,834.0,422.0,422.0,230.0,574.0,381.0,371.0
615.0,1640.0,361.0,882.0,765.0,985.0,1027.0,587.0,383.0,355.0,210.0,257.0,154.0,152.0,554.0,253.0,767.0,383.0,385.0,218.0,571.0,388.0,358.0
518.0,1558.0,333.0,862.0,794.0,895.0,968.0,540.0,343.0,333.0,186.0,231.0,139.0,149.0,531.0,238.0,710.0,361.0,369.0,210.0,553.0,363.0,356.0
676.0,1591.0,359.0,1040.0,929.0,1019.0,1061.0,619.0,362.0,339.0,204.0,272.0,157.0,153.0,530.0,233.0,740.0,411.0,380.0,291.0,537.0,365.0,419.0
700.0,1687.0,374.0,1005.0,912.0,1024.0,1059.0,626.0,388.0,336.0,202.0,263.0,153.0,147.0,561.0,258.0,833.0,357.0,426.0,260.0,542.0,386.0,374.0
587.0,1608.0,331.0,826.0,824.0,953.0,1012.0,557.0,384.0,350.0,213.0,264.0,153.0,156.0,536.0,240.0,741.0,377.0,387.0,218.0,550.0,359.0,379.0
695.0,1617.0,352.0,991.0,942.0,997.0,1067.0,587.0,417.0,393.0,228.0,279.0,160.0,141.0,520.0,240.0,722.0,390.0,364.0,264.0,578.0,360.0,395.0
630.0,1614.0,340.0,971.0,807.0,969.0,1035.0,600.0,380.0,341.0,202.0,259.0,155.0,150.0,548.0,241.0,805.0,356.0,405.0,261.0,567.0,381.0,377.0
611.0,1691.0,359.0,895.0,777.0,944.0,996.0,573.0,375.0,343.0,202.0,260.0,153.0,136.0,546.0,239.0,777.0,370.0,403.0,238.0,563.0,364.0,365.0
636.0,1665.0,349.0,980.0,837.0,985.0,1012.0,585.0,371.0,355.0,215.0,235.0,145.0,145.0,547.0,244.0,775.0,421.0,396.0,261.0,545.0,354.0,367.0
871.0,1805.0,387.0,1047.0,893.0,1081.0,1186.0,656.0,429.0,367.0,220.0,311.0,165.0,164.0,637.0,298.0,874.0,402.0,451.0,279.0,567.0,409.0,430.0
614.0,1676.0,331.0,862.0,806.0,941.0,1038.0,563.0,365.0,338.0,209.0,263.0,158.0,144.0,583.0,261.0,780.0,361.0,393.0,233.0,559.0,373.0,405.0
617.0,1781.0,345.0,824.0,753.0,957.0,1005.0,559.0,368.0,356.0,210.0,250.0,151.0,162.0,555.0,250.0,835.0,424.0,439.0,217.0,540.0,384.0,354.0
494.0,1507.0,345.0,827.0,670.0,905.0,930.0,548.0,360.0,330.0,190.0,244.0,140.0,133.0,527.0,244.0,718.0,311.0,369.0,220.0,554.0,386.0,343.0
668.0,1644.0,340.0,909.0,816.0,1030.0,1039.0,611.0,396.0,368.0,205.0,256.0,153.0,139.0,550.0,233.0,730.0,426.0,374.0,251.0,562.0,358.0,390.0
608.0,1620.0,365.0,878.0,785.0,978.0,1018.0,606.0,383.0,340.0,198.0,265.0,142.0,128.0,558.0,248.0,781.0,357.0,411.0,228.0,550.0,347.0,370.0
625.0,1693.0,344.0,905.0,753.0,940.0,1036.0,595.0,376.0,333.0,211.0,268.0,154.0,138.0,573.0,260.0,808.0,401.0,409.0,238.0,534.0,355.0,348.0
457.0,1558.0,328.0,826.0,678.0,848.0,942.0,490.0,317.0,310.0,180.0,216.0,137.0,133.0,546.0,237.0,762.0,323.0,393.0,210.0,526.0,342.0,324.0
724.0,1783.0,363.0,971.0,806.0,994.0,1104.0,590.0,387.0,365.0,220.0,271.0,159.0,155.0,596.0,265.0,850.0,405.0,450.0,261.0,540.0,381.0,408.0
551.0,1609.0,337.0,838.0,736.0,901.0,995.0,539.0,335.0,352.0,200.0,240.0,145.0,135.0,539.0,232.0,768.0,364.0,380.0,208.0,545.0,352.0,355.0
590.0,1649.0,348.0,883.0,709.0,916.0,987.0,546.0,381.0,331.0,211.0,253.0,151.0,139.0,517.0,218.0,741.0,398.0,386.0,234.0,569.0,366.0,359.0
528.0,1628.0,339.0,800.0,671.0,887.0,1005.0,547.0,346.0,336.0,199.0,251.0,150.0,158.0,557.0,247.0,779.0,387.0,390.0,203.0,542.0,391.0,355.0
587.0,1597.0,322.0,978.0,821.0,954.0,988.0,561.0,350.0,331.0,198.0,255.0,148.0,146.0,547.0,232.0,767.0,403.0,395.0,241.0,546.0,367.0,385.0
590.0,1640.0,340.0,882.0,803.0,942.0,1052.0,549.0,345.0,332.0,199.0,251.0,153.0,153.0,549.0,236.0,751.0,402.0,379.0,217.0,550.0,376.0,388.0
575.0,1660.0,344.0,864.0,740.0,934.0,990.0,549.0,359.0,363.0,199.0,241.0,145.0,137.0,564.0,247.0,788.0,374.0,393.0,227.0,533.0,370.0,370.0
699.0,1597.0,325.0,997.0,953.0,1029.0,1023.0,616.0,418.0,376.0,207.0,256.0,147.0,142.0,515.0,235.0,763.0,352.0,369.0,254.0,546.0,352.0,392.0
477.0,1569.0,323.0,867.0,747.0,877.0,964.0,521.0,330.0,298.0,182.0,233.0,140.0,120.0,541.0,233.0,750.0,356.0,385.0,210.0,523.0,323.0,361.0
555.0,1667.0,338.0,878.0,708.0,900.0,1045.0,561.0,359.0,354.0,192.0,242.0,136.0,155.0,568.0,248.0,790.0,395.0,403.0,208.0,544.0,375.0,366.0
519.0,1564.0,333.0,838.0,675.0,924.0,957.0,557.0,339.0,330.0,192.0,240.0,142.0,129.0,505.0,231.0,724.0,360.0,358.0,210.0,541.0,344.0,375.0
494.0,1535.0,343.0,846.0,715.0,873.0,972.0,511.0,346.0,331.0,193.0,235.0,138.0,155.0,491.0,212.0,689.0,390.0,360.0,209.0,535.0,342.0,355.0
541.0,1630.0,333.0,867.0,692.0,899.0,992.0,534.0,336.0,345.0,198.0,251.0,150.0,154.0,531.0,239.0,765.0,367.0,392.0,221.0,534.0,368.0,350.0
616.0,1650.0,340.0,937.0,825.0,969.0,1065.0,554.0,360.0,333.0,199.0,248.0,145.0,150.0,528.0,238.0,758.0,405.0,391.0,233.0,540.0,390.0,388.0
710.0,1578.0,347.0,1040.0,914.0,1021.0,1120.0,629.0,413.0,381.0,231.0,274.0,147.0,153.0,538.0,235.0,738.0,367.0,392.0,287.0,553.0,389.0,406.0
559.0,1620.0,337.0,919.0,745.0,957.0,977.0,543.0,346.0,330.0,200.0,226.0,141.0,149.0,529.0,235.0,730.0,366.0,378.0,240.0,549.0,365.0,363.0
627.0,1720.0,365.0,915.0,783.0,963.0,1039.0,551.0,365.0,348.0,209.0,253.0,161.0,162.0,585.0,245.0,814.0,415.0,429.0,212.0,545.0,396.0,382.0
535.0,1651.0,350.0,821.0,707.0,942.0,973.0,526.0,353.0,328.0,201.0,249.0,145.0,131.0,534.0,235.0,774.0,390.0,382.0,207.0,551.0,350.0,364.0
502.0,1521.0,324.0,861.0,733.0,903.0,964.0,527.0,356.0,344.0,195.0,228.0,141.0,149.0,515.0,233.0,705.0,362.0,376.0,222.0,518.0,358.0,345.0
624.0,1639.0,341.0,909.0,771.0,995.0,960.0,616.0,397.0,378.0,199.0,252.0,147.0,132.0,545.0,232.0,770.0,392.0,405.0,233.0,545.0,348.0,378.0
724.0,1660.0,340.0,940.0,892.0,1082.0,1061.0,670.0,395.0,370.0,207.0,254.0,144.0,146.0,537.0,233.0,777.0,361.0,397.0,235.0,530.0,365.0,374.0
538.0,1567.0,342.0,873.0,705.0,914.0,960.0,537.0,364.0,345.0,199.0,248.0,145.0,140.0,521.0,226.0,701.0,370.0,361.0,215.0,535.0,357.0,381.0
615.0,1584.0,358.0,912.0,784.0,953.0,1053.0,612.0,384.0,353.0,197.0,261.0,145.0,146.0,536.0,245.0,764.0,334.0,403.0,233.0,520.0,367.0,372.0
607.0,1538.0,347.0,902.0,870.0,997.0,1027.0,623.0,388.0,340.0,189.0,241.0,145.0,147.0,543.0,249.0,745.0,343.0,375.0,236.0,561.0,366.0,364.0
627.0,1628.0,345.0,938.0,784.0,953.0,1005.0,560.0,377.0,376.0,213.0,258.0,153.0,157.0,534.0,247.0,746.0,364.0,382.0,258.0,533.0,367.0,364.0
595.0,1572.0,355.0,899.0,729.0,943.0,1033.0,586.0,359.0,354.0,211.0,274.0,155.0,140.0,542.0,246.0,766.0,337.0,389.0,225.0,571.0,363.0,375.0
497.0,1560.0,318.0,833.0,632.0,893.0,954.0,537.0,350.0,326.0,179.0,240.0,140.0,137.0,522.0,240.0,713.0,372.0,388.0,204.0,552.0,354.0,331.0
801.0,1722.0,356.0,992.0,912.0,1092.0,1111.0,653.0,426.0,383.0,214.0,271.0,158.0,142.0,558.0,257.0,832.0,387.0,415.0,272.0,562.0,387.0,413.0
727.0,1624.0,363.0,983.0,931.0,1071.0,1066.0,635.0,395.0,386.0,225.0,254.0,155.0,147.0,535.0,236.0,735.0,390.0,376.0,235.0,545.0,378.0,385.0
655.0,1695.0,368.0,967.0,815.0,958.0,1075.0,572.0,386.0,360.0,205.0,261.0,153.0,162.0,565.0,263.0,805.0,406.0,404.0,249.0,563.0,388.0,388.0
563.0,1590.0,361.0,878.0,792.0,929.0,1025.0,571.0,365.0,326.0,202.0,243.0,148.0,148.0,530.0,235.0,749.0,350.0,382.0,219.0,548.0,364.0,366.0
670.0,1633.0,367.0,947.0,851.0,978.0,1044.0,583.0,385.0,343.0,200.0,272.0,153.0,137.0,541.0,238.0,747.0,363.0,387.0,248.0,557.0,353.0,398.0
660.0,1605.0,350.0,954.0,794.0,1005.0,1017.0,628.0,404.0,384.0,218.0,264.0,155.0,137.0,543.0,226.0,739.0,346.0,390.0,260.0,541.0,360.0,389.0
628.0,1624.0,351.0,945.0,818.0,968.0,999.0,597.0,379.0,363.0,205.0,263.0,147.0,129.0,522.0,228.0,753.0,377.0,379.0,248.0,541.0,333.0,395.0
592.0,1578.0,332.0,931.0,783.0,956.0,1006.0,591.0,379.0,357.0,212.0,262.0,148.0,141.0,515.0,220.0,718.0,364.0,354.0,235.0,519.0,345.0,390.0
631.0,1708.0,357.0,894.0,786.0,947.0,1060.0,581.0,364.0,346.0,205.0,260.0,148.0,160.0,587.0,276.0,848.0,362.0,414.0,227.0,582.0,383.0,368.0
533.0,1579.0,339.0,853.0,676.0,920.0,1009.0,538.0,356.0,352.0,207.0,233.0,148.0,155.0,540.0,237.0,750.0,352.0,382.0,210.0,541.0,371.0,333.0
578.0,1469.0,352.0,963.0,875.0,918.0,1049.0,546.0,365.0,349.0,211.0,245.0,148.0,146.0,466.0,216.0,670.0,363.0,380.0,269.0,533.0,362.0,374.0
635.0,1544.0,324.0,962.0,921.0,1011.0,1049.0,603.0,401.0,377.0,222.0,270.0,152.0,153.0,502.0,224.0,702.0,345.0,366.0,264.0,551.0,365.0,385.0
595.0,1707.0,351.0,873.0,698.0,898.0,1003.0,543.0,356.0,345.0,205.0,245.0,145.0,158.0,612.0,267.0,834.0,398.0,429.0,226.0,568.0,379.0,363.0
740.0,1591.0,363.0,1008.0,840.0,1067.0,1062.0,668.0,427.0,392.0,222.0,284.0,157.0,122.0,515.0,226.0,724.0,375.0,379.0,280.0,542.0,360.0,422.0
580.0,1715.0,334.0,884.0,686.0,937.0,999.0,555.0,358.0,326.0,205.0,237.0,149.0,144.0,629.0,275.0,852.0,396.0,412.0,212.0,569.0,358.0,360.0
734.0,1755.0,362.0,932.0,912.0,1073.0,1071.0,634.0,420.0,359.0,207.0,264.0,154.0,146.0,585.0,253.0,838.0,379.0,446.0,245.0,527.0,379.0,384.0
519.0,1637.0,333.0,817.0,668.0,932.0,963.0,534.0,348.0,338.0,210.0,235.0,147.0,130.0,547.0,250.0,781.0,348.0,397.0,207.0,531.0,352.0,346.0
574.0,1620.0,346.0,898.0,700.0,888.0,1001.0,537.0,368.0,348.0,198.0,253.0,155.0,151.0,557.0,252.0,773.0,354.0,404.0,235.0,545.0,361.0,344.0
706.0,1664.0,383.0,981.0,898.0,1022.0,1144.0,588.0,374.0,346.0,204.0,274.0,163.0,153.0,575.0,252.0,772.0,368.0,410.0,248.0,564.0,392.0,442.0
608.0,1595.0,335.0,931.0,749.0,935.0,1005.0,591.0,382.0,351.0,207.0,251.0,149.0,145.0,524.0,232.0,729.0,372.0,372.0,228.0,556.0,355.0,360.0
766.0,1702.0,370.0,958.0,867.0,1044.0,1080.0,655.0,423.0,385.0,222.0,265.0,156.0,152.0,572.0,261.0,825.0,392.0,413.0,254.0,573.0,369.0,393.0
654.0,1593.0,351.0,921.0,852.0,984.0,1005.0,629.0,412.0,361.0,211.0,271.0,151.0,127.0,544.0,247.0,752.0,359.0,376.0,245.0,548.0,327.0,387.0
656.0,1691.0,342.0,909.0,866.0,1025.0,1056.0,602.0,381.0,357.0,205.0,249.0,145.0,168.0,580.0,265.0,807.0,380.0,412.0,248.0,543.0,382.0,377.0
831.0,1635.0,365.0,1080.0,967.0,1170.0,1102.0,703.0,418.0,404.0,212.0,280.0,151.0,135.0,567.0,258.0,783.0,398.0,392.0,300.0,564.0,356.0,409.0
706.0,1677.0,363.0,870.0,766.0,1023.0,1064.0,622.0,425.0,397.0,220.0,260.0,163.0,150.0,578.0,266.0,791.0,398.0,405.0,210.0,562.0,380.0,375.0
620.0,1618.0,332.0,904.0,849.0,1048.0,946.0,621.0,379.0,366.0,208.0,238.0,143.0,147.0,528.0,233.0,755.0,401.0,393.0,232.0,545.0,345.0,373.0
607.0,1595.0,353.0,968.0,823.0,956.0,1093.0,573.0,380.0,349.0,205.0,247.0,142.0,153.0,540.0,235.0,745.0,370.0,392.0,245.0,539.0,372.0,378.0
605.0,1635.0,340.0,835.0,741.0,948.0,960.0,591.0,388.0,359.0,206.0,260.0,152.0,141.0,571.0,255.0,757.0,369.0,399.0,225.0,583.0,367.0,359.0
745.0,1596.0,372.0,1029.0,920.0,1023.0,1120.0,672.0,420.0,380.0,208.0,292.0,157.0,149.0,561.0,257.0,731.0,362.0,395.0,260.0,568.0,373.0,405.0
835.0,1694.0,356.0,1068.0,1001.0,1090.0,1040.0,689.0,461.0,406.0,224.0,276.0,163.0,135.0,559.0,255.0,778.0,425.0,414.0,290.0,546.0,350.0,422.0
741.0,1680.0,356.0,985.0,851.0,1067.0,1066.0,658.0,416.0,365.0,207.0,274.0,159.0,148.0,574.0,259.0,817.0,359.0,422.0,264.0,586.0,366.0,395.0
701.0,1587.0,344.0,1045.0,934.0,1026.0,1066.0,624.0,406.0,361.0,208.0,265.0,162.0,144.0,531.0,228.0,732.0,367.0,373.0,285.0,554.0,367.0,413.0
701.0,1741.0,348.0,920.0,743.0,1005.0,1021.0,650.0,391.0,361.0,202.0,249.0,148.0,155.0,598.0,268.0,846.0,382.0,432.0,235.0,580.0,378.0,370.0
666.0,1657.0,332.0,894.0,795.0,1021.0,1025.0,607.0,429.0,391.0,230.0,258.0,155.0,156.0,505.0,223.0,742.0,400.0,392.0,221.0,573.0,386.0,372.0
667.0,1560.0,360.0,989.0,865.0,998.0,1066.0,608.0,392.0,388.0,205.0,257.0,159.0,142.0,538.0,244.0,732.0,373.0,384.0,252.0,561.0,354.0,398.0
583.0,1591.0,342.0,905.0,770.0,985.0,977.0,578.0,390.0,360.0,200.0,242.0,145.0,138.0,536.0,242.0,791.0,353.0,414.0,231.0,561.0,345.0,348.0
700.0,1601.0,387.0,957.0,875.0,1034.0,1058.0,625.0,401.0,373.0,215.0,288.0,166.0,140.0,511.0,223.0,676.0,394.0,345.0,253.0,558.0,373.0,411.0
722.0,1635.0,367.0,1048.0,910.0,998.0,1119.0,613.0,406.0,369.0,214.0,272.0,162.0,137.0,550.0,254.0,742.0,383.0,368.0,283.0,524.0,363.0,433.0
530.0,1671.0,345.0,849.0,702.0,875.0,1008.0,484.0,330.0,343.0,203.0,235.0,152.0,146.0,539.0,242.0,794.0,397.0,404.0,205.0,562.0,382.0,354.0
595.0,1566.0,361.0,928.0,749.0,905.0,1005.0,548.0,383.0,348.0,199.0,276.0,161.0,134.0,542.0,247.0,748.0,341.0,366.0,238.0,561.0,337.0,389.0
511.0,1703.0,330.0,752.0,659.0,877.0,903.0,480.0,327.0,322.0,201.0,238.0,143.0,126.0,561.0,242.0,820.0,398.0,438.0,193.0,551.0,336.0,348.0
643.0,1562.0,348.0,904.0,828.0,994.0,1005.0,610.0,407.0,370.0,221.0,248.0,153.0,136.0,526.0,240.0,727.0,350.0,379.0,259.0,556.0,350.0,363.0
716.0,1632.0,347.0,1032.0,892.0,985.0,1017.0,600.0,399.0,386.0,224.0,260.0,160.0,154.0,561.0,251.0,761.0,422.0,392.0,278.0,541.0,382.0,374.0
687.0,1600.0,361.0,993.0,877.0,1052.0,1069.0,636.0,412.0,372.0,213.0,264.0,161.0,150.0,558.0,260.0,765.0,368.0,383.0,262.0,522.0,371.0,393.0
632.0,1603.0,363.0,957.0,765.0,927.0,1028.0,568.0,391.0,357.0,215.0,260.0,160.0,156.0,534.0,242.0,726.0,391.0,384.0,251.0,543.0,367.0,373.0
610.0,1652.0,347.0,918.0,783.0,930.0,1010.0,560.0,371.0,343.0,189.0,250.0,151.0,150.0,522.0,235.0,775.0,390.0,389.0,246.0,545.0,345.0,372.0
595.0,1728.0,354.0,890.0,725.0,945.0,1019.0,555.0,353.0,349.0,209.0,243.0,152.0,157.0,600.0,267.0,857.0,393.0,444.0,242.0,550.0,381.0,368.0
788.0,1631.0,363.0,1088.0,1032.0,1040.0,1078.0,667.0,415.0,379.0,215.0,280.0,160.0,152.0,518.0,246.0,790.0,414.0,394.0,298.0,575.0,377.0,417.0
525.0,1606.0,343.0,870.0,716.0,884.0,990.0,523.0,360.0,319.0,193.0,244.0,147.0,137.0,560.0,247.0,764.0,372.0,399.0,223.0,509.0,348.0,372.0
708.0,1741.0,358.0,923.0,792.0,972.0,1104.0,602.0,383.0,374.0,215.0,291.0,158.0,159.0,624.0,271.0,858.0,372.0,435.0,242.0,568.0,399.0,379.0
598.0,1665.0,349.0,877.0,788.0,991.0,969.0,587.0,368.0,358.0,215.0,245.0,148.0,160.0,547.0,241.0,786.0,389.0,421.0,226.0,546.0,380.0,345.0
560.0,1578.0,319.0,884.0,707.0,953.0,969.0,575.0,380.0,343.0,209.0,250.0,149.0,139.0,557.0,252.0,786.0,333.0,400.0,234.0,537.0,357.0,347.0
738.0,1688.0,351.0,993.0,797.0,1061.0,1070.0,657.0,425.0,396.0,222.0,272.0,160.0,160.0,562.0,247.0,812.0,379.0,407.0,252.0,534.0,384.0,390.0
613.0,1684.0,361.0,926.0,708.0,944.0,996.0,596.0,391.0,364.0,203.0,252.0,155.0,140.0,585.0,255.0,830.0,382.0,418.0,251.0,531.0,350.0,373.0
648.0,1640.0,358.0,912.0,844.0,998.0,1032.0,625.0,380.0,326.0,190.0,254.0,152.0,133.0,548.0,235.0,782.0,388.0,407.0,237.0,557.0,376.0,391.0
644.0,1602.0,356.0,938.0,795.0,989.0,1071.0,603.0,398.0,362.0,209.0,278.0,158.0,156.0,551.0,250.0,805.0,353.0,410.0,252.0,539.0,357.0,386.0
622.0,1552.0,349.0,958.0,825.0,1010.0,1039.0,592.0,380.0,357.0,214.0,265.0,153.0,137.0,510.0,214.0,741.0,372.0,380.0,255.0,527.0,360.0,368.0
465.0,1493.0,320.0,875.0,725.0,877.0,953.0,517.0,329.0,315.0,187.0,235.0,144.0,144.0,528.0,240.0,717.0,311.0,377.0,223.0,554.0,352.0,335.0
664.0,1597.0,344.0,1013.0,866.0,1017.0,1080.0,642.0,402.0,365.0,209.0,260.0,145.0,151.0,557.0,262.0,765.0,356.0,397.0,253.0,549.0,374.0,395.0
550.0,1580.0,319.0,845.0,713.0,962.0,953.0,555.0,388.0,366.0,230.0,242.0,147.0,154.0,509.0,241.0,745.0,370.0,374.0,212.0,521.0,366.0,359.0
832.0,1764.0,376.0,1001.0,895.0,1122.0,1104.0,715.0,445.0,378.0,220.0,279.0,161.0,143.0,595.0,274.0,871.0,384.0,451.0,257.0,602.0,372.0,408.0
676.0,1598.0,345.0,1049.0,925.0,994.0,1047.0,586.0,384.0,364.0,211.0,267.0,156.0,130.0,506.0,216.0,732.0,386.0,375.0,282.0,544.0,339.0,422.0
667.0,1711.0,353.0,974.0,774.0,958.0,1052.0,598.0,373.0,363.0,205.0,261.0,162.0,141.0,601.0,267.0,854.0,398.0,412.0,256.0,536.0,386.0,375.0
566.0,1647.0,325.0,853.0,689.0,923.0,949.0,559.0,375.0,355.0,197.0,263.0,152.0,145.0,591.0,275.0,824.0,338.0,420.0,232.0,534.0,345.0,367.0
587.0,1541.0,340.0,948.0,799.0,934.0,1024.0,579.0,363.0,338.0,199.0,253.0,147.0,142.0,527.0,234.0,713.0,367.0,377.0,256.0,540.0,353.0,370.0
657.0,1547.0,350.0,992.0,833.0,1001.0,1033.0,623.0,421.0,393.0,232.0,265.0,152.0,145.0,522.0,230.0,713.0,343.0,372.0,263.0,558.0,367.0,392.0
721.0,1719.0,353.0,959.0,821.0,1035.0,1043.0,606.0,407.0,368.0,218.0,270.0,159.0,150.0,572.0,266.0,806.0,392.0,423.0,246.0,562.0,386.0,359.0
585.0,1544.0,338.0,866.0,750.0,976.0,986.0,581.0,405.0,368.0,214.0,264.0,154.0,122.0,499.0,224.0,696.0,355.0,354.0,239.0,554.0,341.0,372.0
487.0,1574.0,330.0,874.0,661.0,837.0,980.0,501.0,338.0,321.0,200.0,238.0,141.0,154.0,521.0,252.0,785.0,331.0,408.0,211.0,542.0,375.0,345.0
869.0,1654.0,363.0,1176.0,1047.0,1114.0,1072.0,701.0,435.0,381.0,218.0,286.0,164.0,135.0,566.0,255.0,800.0,362.0,410.0,325.0,553.0,342.0,413.0
664.0,1575.0,370.0,895.0,844.0,1025.0,1017.0,649.0,400.0,363.0,195.0,267.0,163.0,119.0,517.0,235.0,710.0,331.0,407.0,230.0,545.0,355.0,375.0
508.0,1566.0,338.0,893.0,704.0,913.0,988.0,535.0,349.0,322.0,194.0,233.0,143.0,139.0,523.0,224.0,706.0,411.0,368.0,210.0,534.0,351.0,354.0
502.0,1521.0,337.0,825.0,669.0,863.0,916.0,528.0,368.0,352.0,192.0,247.0,145.0,131.0,530.0,248.0,743.0,346.0,371.0,208.0,554.0,323.0,344.0
659.0,1722.0,363.0,908.0,811.0,949.0,1083.0,580.0,370.0,363.0,205.0,256.0,155.0,157.0,577.0,261.0,842.0,405.0,430.0,235.0,560.0,398.0,383.0
732.0,1658.0,381.0,937.0,795.0,1032.0,1117.0,630.0,425.0,392.0,225.0,300.0,157.0,142.0,579.0,260.0,800.0,382.0,397.0,247.0,549.0,381.0,395.0
635.0,1487.0,344.0,955.0,813.0,988.0,1033.0,657.0,392.0,353.0,196.0,257.0,150.0,122.0,483.0,218.0,679.0,320.0,355.0,246.0,542.0,340.0,383.0
546.0,1576.0,359.0,872.0,682.0,900.0,995.0,547.0,372.0,358.0,205.0,244.0,153.0,133.0,544.0,256.0,762.0,356.0,398.0,212.0,553.0,355.0,350.0
670.0,1746.0,342.0,926.0,820.0,997.0,1047.0,610.0,381.0,383.0,213.0,253.0,154.0,163.0,570.0,258.0,831.0,393.0,400.0,232.0,560.0,400.0,377.0
719.0,1588.0,368.0,1003.0,1011.0,1056.0,1049.0,632.0,400.0,379.0,217.0,271.0,155.0,145.0,532.0,233.0,695.0,373.0,368.0,268.0,531.0,348.0,418.0
695.0,1647.0,349.0,1045.0,833.0,977.0,1072.0,614.0,390.0,378.0,212.0,268.0,157.0,153.0,557.0,250.0,780.0,365.0,404.0,272.0,571.0,390.0,399.0
531.0,1578.0,338.0,870.0,685.0,905.0,1020.0,558.0,341.0,332.0,190.0,229.0,143.0,146.0,532.0,240.0,766.0,329.0,399.0,219.0,574.0,361.0,350.0
587.0,1690.0,337.0,927.0,732.0,913.0,998.0,548.0,372.0,357.0,217.0,245.0,149.0,145.0,570.0,248.0,831.0,377.0,420.0,231.0,550.0,364.0,361.0
704.0,1658.0,352.0,1011.0,898.0,1021.0,1038.0,616.0,401.0,373.0,214.0,260.0,149.0,129.0,534.0,228.0,761.0,435.0,399.0,268.0,553.0,355.0,418.0
552.0,1530.0,333.0,889.0,803.0,910.0,964.0,556.0,372.0,354.0,214.0,244.0,146.0,137.0,571.0,266.0,765.0,369.0,393.0,241.0,544.0,350.0,358.0
628.0,1575.0,358.0,953.0,971.0,982.0,1022.0,575.0,373.0,338.0,215.0,254.0,150.0,129.0,531.0,231.0,708.0,426.0,377.0,256.0,526.0,365.0,396.0
855.0,1714.0,365.0,1035.0,925.0,1099.0,1141.0,679.0,464.0,459.0,228.0,291.0,160.0,132.0,563.0,241.0,805.0,344.0,417.0,283.0,541.0,365.0,438.0
602.0,1625.0,361.0,912.0,756.0,954.0,1015.0,583.0,391.0,360.0,223.0,254.0,150.0,163.0,542.0,241.0,749.0,387.0,384.0,226.0,553.0,373.0,365.0
597.0,1599.0,340.0,884.0,805.0,964.0,1024.0,568.0,376.0,371.0,217.0,266.0,157.0,158.0,510.0,234.0,738.0,389.0,377.0,225.0,557.0,375.0,377.0
583.0,1697.0,324.0,829.0,768.0,936.0,1016.0,571.0,370.0,336.0,210.0,235.0,144.0,162.0,529.0,234.0,802.0,390.0,428.0,201.0,552.0,383.0,355.0
756.0,1772.0,356.0,970.0,812.0,1018.0,1037.0,628.0,409.0,406.0,236.0,263.0,165.0,140.0,575.0,260.0,847.0,376.0,446.0,243.0,551.0,370.0,411.0
605.0,1563.0,355.0,916.0,746.0,1007.0,1025.0,596.0,381.0,366.0,197.0,250.0,145.0,142.0,554.0,232.0,729.0,327.0,377.0,238.0,571.0,355.0,360.0
515.0,1454.0,344.0,944.0,708.0,883.0,985.0,529.0,355.0,334.0,188.0,241.0,148.0,122.0,472.0,210.0,648.0,342.0,359.0,250.0,542.0,344.0,378.0
635.0,1671.0,347.0,929.0,835.0,961.0,1044.0,565.0,372.0,341.0,212.0,250.0,156.0,150.0,571.0,248.0,821.0,378.0,416.0,244.0,536.0,367.0,390.0
598.0,1702.0,344.0,833.0,715.0,953.0,1022.0,544.0,359.0,343.0,202.0,250.0,156.0,157.0,585.0,262.0,828.0,375.0,430.0,210.0,568.0,366.0,367.0
656.0,1675.0,356.0,967.0,798.0,981.0,1004.0,575.0,386.0,375.0,216.0,254.0,155.0,153.0,548.0,237.0,775.0,396.0,411.0,245.0,534.0,379.0,370.0
619.0,1661.0,340.0,910.0,704.0,956.0,998.0,583.0,369.0,360.0,210.0,259.0,160.0,146.0,576.0,248.0,822.0,358.0,394.0,234.0,545.0,356.0,368.0
545.0,1578.0,322.0,866.0,744.0,904.0,974.0,547.0,372.0,349.0,211.0,260.0,150.0,133.0,472.0,220.0,703.0,366.0,375.0,234.0,539.0,357.0,340.0
697.0,1683.0,362.0,896.0,807.0,1065.0,1038.0,623.0,416.0,354.0,209.0,254.0,158.0,152.0,595.0,272.0,804.0,363.0,416.0,243.0,584.0,380.0,379.0
668.0,1608.0,380.0,954.0,737.0,973.0,1049.0,617.0,405.0,372.0,212.0,263.0,158.0,146.0,555.0,267.0,758.0,363.0,404.0,243.0,556.0,375.0,369.0
641.0,1625.0,371.0,964.0,858.0,993.0,1056.0,566.0,372.0,355.0,233.0,250.0,153.0,145.0,541.0,244.0,747.0,355.0,383.0,253.0,554.0,382.0,363.0
612.0,1737.0,348.0,938.0,736.0,944.0,1006.0,547.0,376.0,351.0,212.0,244.0,155.0,153.0,582.0,262.0,823.0,411.0,405.0,245.0,554.0,378.0,359.0
571.0,1769.0,353.0,896.0,679.0,888.0,981.0,511.0,360.0,328.0,198.0,231.0,145.0,142.0,570.0,245.0,817.0,412.0,421.0,224.0,563.0,366.0,374.0
650.0,1686.0,363.0,935.0,779.0,974.0,1030.0,591.0,387.0,368.0,220.0,275.0,159.0,135.0,554.0,244.0,791.0,375.0,413.0,240.0,552.0,361.0,394.0
529.0,1590.0,340.0,893.0,668.0,894.0,977.0,533.0,353.0,342.0,205.0,252.0,147.0,135.0,517.0,230.0,747.0,382.0,344.0,222.0,560.0,350.0,352.0
474.0,1540.0,323.0,862.0,664.0,863.0,940.0,502.0,349.0,306.0,190.0,228.0,144.0,130.0,510.0,223.0,713.0,336.0,368.0,231.0,522.0,347.0,328.0
601.0,1662.0,358.0,885.0,741.0,899.0,1006.0,545.0,380.0,356.0,216.0,247.0,156.0,144.0,591.0,259.0,795.0,370.0,401.0,230.0,563.0,365.0,360.0
610.0,1624.0,367.0,845.0,735.0,947.0,1002.0,578.0,404.0,373.0,224.0,260.0,153.0,143.0,524.0,226.0,738.0,385.0,376.0,233.0,529.0,344.0,380.0
793.0,1702.0,372.0,1032.0,927.0,1067.0,1106.0,653.0,402.0,379.0,212.0,252.0,151.0,123.0,578.0,249.0,785.0,403.0,409.0,273.0,550.0,366.0,432.0
646.0,1626.0,355.0,923.0,793.0,970.0,1009.0,575.0,407.0,371.0,217.0,268.0,158.0,137.0,565.0,262.0,788.0,399.0,388.0,244.0,549.0,350.0,388.0
712.0,1705.0,368.0,1002.0,862.0,1027.0,1074.0,620.0,402.0,379.0,224.0,265.0,160.0,142.0,555.0,241.0,808.0,398.0,407.0,254.0,548.0,372.0,408.0
602.0,1629.0,333.0,923.0,815.0,974.0,976.0,558.0,369.0,336.0,201.0,238.0,146.0,148.0,508.0,223.0,733.0,406.0,391.0,246.0,529.0,356.0,361.0
770.0,1680.0,357.0,995.0,872.0,1010.0,1081.0,667.0,425.0,377.0,210.0,270.0,157.0,144.0,592.0,273.0,807.0,358.0,425.0,264.0,562.0,375.0,403.0
585.0,1610.0,334.0,905.0,775.0,939.0,1024.0,585.0,360.0,331.0,182.0,241.0,142.0,123.0,542.0,259.0,789.0,350.0,422.0,237.0,559.0,332.0,374.0
609.0,1622.0,347.0,858.0,734.0,978.0,1008.0,600.0,393.0,366.0,215.0,253.0,147.0,137.0,536.0,227.0,762.0,353.0,382.0,213.0,555.0,343.0,368.0
604.0,1640.0,353.0,880.0,818.0,960.0,984.0,574.0,389.0,350.0,222.0,245.0,146.0,125.0,520.0,241.0,758.0,332.0,390.0,231.0,528.0,347.0,378.0
564.0,1592.0,336.0,836.0,732.0,945.0,982.0,585.0,365.0,339.0,202.0,237.0,142.0,136.0,515.0,230.0,755.0,370.0,383.0,214.0,527.0,348.0,350.0
633.0,1641.0,337.0,876.0,730.0,963.0,1029.0,601.0,400.0,362.0,211.0,270.0,162.0,157.0,558.0,244.0,752.0,391.0,377.0,222.0,549.0,380.0,380.0
511.0,1639.0,360.0,848.0,705.0,857.0,979.0,503.0,322.0,330.0,190.0,245.0,153.0,125.0,553.0,245.0,784.0,375.0,394.0,215.0,524.0,342.0,358.0
623.0,1611.0,339.0,953.0,847.0,988.0,1036.0,567.0,383.0,320.0,194.0,248.0,152.0,142.0,566.0,256.0,783.0,373.0,415.0,238.0,547.0,359.0,370.0
467.0,1568.0,321.0,834.0,640.0,842.0,963.0,505.0,311.0,316.0,175.0,241.0,138.0,138.0,554.0,242.0,756.0,352.0,389.0,213.0,503.0,341.0,350.0
590.0,1606.0,345.0,883.0,789.0,963.0,972.0,575.0,385.0,337.0,202.0,245.0,147.0,129.0,552.0,243.0,789.0,393.0,409.0,235.0,555.0,348.0,360.0
692.0,1662.0,356.0,955.0,761.0,1034.0,1049.0,657.0,401.0,363.0,213.0,253.0,150.0,137.0,562.0,242.0,802.0,365.0,415.0,242.0,544.0,364.0,385.0
563.0,1592.0,340.0,893.0,715.0,909.0,994.0,565.0,377.0,351.0,212.0,265.0,152.0,149.0,542.0,248.0,753.0,384.0,391.0,218.0,528.0,360.0,361.0
640.0,1599.0,359.0,955.0,843.0,994.0,1046.0,621.0,396.0,365.0,194.0,247.0,139.0,146.0,532.0,232.0,789.0,352.0,396.0,242.0,543.0,365.0,373.0
646.0,1681.0,373.0,965.0,907.0,1025.0,1023.0,565.0,347.0,304.0,190.0,253.0,150.0,134.0,578.0,246.0,798.0,383.0,423.0,248.0,528.0,361.0,399.0
472.0,1518.0,329.0,798.0,695.0,874.0,950.0,496.0,345.0,311.0,189.0,242.0,142.0,129.0,508.0,221.0,716.0,310.0,355.0,200.0,543.0,328.0,349.0
734.0,1706.0,366.0,1031.0,861.0,1034.0,1077.0,618.0,389.0,366.0,220.0,267.0,162.0,142.0,581.0,258.0,830.0,386.0,412.0,272.0,577.0,368.0,418.0
635.0,1788.0,343.0,912.0,767.0,951.0,1057.0,550.0,362.0,351.0,202.0,249.0,152.0,169.0,592.0,264.0,825.0,417.0,390.0,243.0,572.0,394.0,386.0
655.0,1594.0,355.0,966.0,781.0,988.0,1023.0,615.0,396.0,375.0,211.0,266.0,158.0,148.0,550.0,251.0,761.0,338.0,398.0,270.0,578.0,346.0,381.0
563.0,1580.0,381.0,933.0,708.0,901.0,1019.0,547.0,350.0,351.0,192.0,248.0,147.0,153.0,545.0,243.0,730.0,353.0,343.0,250.0,552.0,382.0,368.0
887.0,1738.0,396.0,989.0,894.0,1073.0,1193.0,696.0,465.0,424.0,226.0,295.0,167.0,150.0,579.0,261.0,835.0,406.0,415.0,265.0,589.0,397.0,450.0
560.0,1541.0,340.0,876.0,722.0,925.0,992.0,567.0,371.0,353.0,212.0,249.0,147.0,152.0,511.0,232.0,706.0,372.0,356.0,216.0,567.0,364.0,359.0
705.0,1667.0,336.0,938.0,805.0,1018.0,1039.0,636.0,401.0,374.0,203.0,255.0,145.0,155.0,555.0,266.0,799.0,378.0,394.0,245.0,567.0,395.0,365.0
639.0,1576.0,329.0,926.0,808.0,987.0,1047.0,583.0,394.0,376.0,206.0,265.0,155.0,143.0,567.0,258.0,768.0,347.0,412.0,242.0,533.0,359.0,380.0
615.0,1595.0,350.0,900.0,762.0,983.0,985.0,603.0,410.0,366.0,208.0,277.0,161.0,123.0,537.0,244.0,730.0,386.0,373.0,228.0,547.0,344.0,365.0
600.0,1685.0,320.0,854.0,786.0,966.0,1027.0,589.0,370.0,344.0,206.0,256.0,150.0,150.0,599.0,275.0,851.0,368.0,427.0,212.0,542.0,366.0,361.0
546.0,1502.0,354.0,922.0,771.0,958.0,1023.0,552.0,357.0,340.0,201.0,257.0,145.0,135.0,473.0,218.0,687.0,345.0,352.0,226.0,527.0,362.0,372.0
719.0,1670.0,346.0,948.0,893.0,1034.0,1047.0,663.0,411.0,390.0,209.0,254.0,149.0,134.0,523.0,231.0,760.0,351.0,396.0,253.0,540.0,373.0,390.0
575.0,1705.0,353.0,824.0,749.0,882.0,998.0,553.0,385.0,348.0,208.0,242.0,145.0,157.0,599.0,277.0,879.0,351.0,431.0,208.0,550.0,378.0,347.0
602.0,1486.0,330.0,947.0,833.0,919.0,1097.0,581.0,405.0,384.0,230.0,265.0,149.0,152.0,496.0,215.0,678.0,319.0,346.0,252.0,553.0,364.0,386.0
686.0,1710.0,348.0,899.0,901.0,1005.0,1064.0,622.0,396.0,362.0,200.0,252.0,155.0,144.0,631.0,280.0,864.0,349.0,444.0,235.0,548.0,370.0,373.0
608.0,1566.0,375.0,902.0,788.0,985.0,1025.0,582.0,375.0,336.0,208.0,252.0,149.0,133.0,501.0,212.0,676.0,384.0,358.0,235.0,566.0,363.0,375.0
567.0,1522.0,339.0,961.0,816.0,953.0,1000.0,547.0,363.0,331.0,201.0,242.0,142.0,134.0,519.0,238.0,730.0,368.0,368.0,255.0,558.0,362.0,365.0
525.0,1653.0,350.0,842.0,690.0,878.0,966.0,506.0,355.0,330.0,223.0,237.0,143.0,143.0,540.0,238.0,754.0,393.0,401.0,230.0,534.0,361.0,351.0
657.0,1731.0,354.0,914.0,785.0,960.0,1004.0,575.0,391.0,351.0,208.0,262.0,150.0,149.0,573.0,263.0,822.0,387.0,409.0,240.0,568.0,364.0,369.0
669.0,1630.0,328.0,914.0,794.0,1007.0,998.0,610.0,404.0,352.0,213.0,250.0,148.0,145.0,545.0,235.0,702.0,406.0,357.0,238.0,529.0,360.0,385.0
600.0,1591.0,359.0,912.0,849.0,929.0,1042.0,555.0,377.0,351.0,214.0,268.0,149.0,145.0,544.0,246.0,751.0,410.0,393.0,234.0,540.0,373.0,363.0
558.0,1572.0,335.0,872.0,821.0,935.0,996.0,545.0,356.0,327.0,193.0,243.0,147.0,150.0,542.0,250.0,732.0,376.0,388.0,212.0,532.0,350.0,363.0
638.0,1570.0,343.0,921.0,803.0,982.0,1036.0,633.0,395.0,355.0,201.0,267.0,153.0,140.0,513.0,231.0,711.0,366.0,369.0,252.0,554.0,366.0,380.0
625.0,1590.0,357.0,959.0,802.0,956.0,1088.0,600.0,349.0,332.0,192.0,258.0,151.0,132.0,574.0,252.0,785.0,328.0,406.0,245.0,538.0,360.0,380.0
577.0,1577.0,341.0,896.0,680.0,925.0,1050.0,565.0,384.0,356.0,201.0,254.0,150.0,142.0,555.0,253.0,764.0,350.0,394.0,239.0,560.0,355.0,380.0
475.0,1558.0,342.0,836.0,663.0,857.0,972.0,482.0,321.0,309.0,183.0,252.0,148.0,142.0,540.0,250.0,765.0,358.0,394.0,210.0,553.0,357.0,360.0
626.0,1544.0,322.0,1016.0,742.0,975.0,1069.0,622.0,372.0,368.0,185.0,268.0,147.0,130.0,522.0,235.0,763.0,323.0,413.0,268.0,554.0,344.0,385.0
602.0,1565.0,358.0,958.0,775.0,960.0,1059.0,588.0,399.0,355.0,211.0,269.0,155.0,135.0,511.0,229.0,721.0,367.0,366.0,244.0,533.0,360.0,381.0
623.0,1584.0,344.0,1009.0,838.0,962.0,1092.0,604.0,372.0,338.0,193.0,254.0,144.0,134.0,545.0,244.0,776.0,310.0,396.0,278.0,528.0,359.0,363.0
675.0,1738.0,374.0,908.0,808.0,1004.0,1073.0,568.0,390.0,361.0,215.0,272.0,158.0,135.0,592.0,261.0,836.0,381.0,412.0,250.0,556.0,364.0,393.0
532.0,1630.0,329.0,852.0,692.0,883.0,955.0,532.0,347.0,336.0,196.0,255.0,150.0,128.0,565.0,265.0,806.0,330.0,404.0,225.0,559.0,352.0,361.0
504.0,1541.0,345.0,882.0,721.0,888.0,984.0,531.0,326.0,314.0,176.0,245.0,138.0,128.0,520.0,250.0,733.0,342.0,370.0,217.0,541.0,350.0,352.0
623.0,1663.0,347.0,969.0,824.0,940.0,999.0,557.0,386.0,357.0,220.0,245.0,151.0,134.0,552.0,247.0,801.0,363.0,400.0,242.0,547.0,358.0,376.0
674.0,1591.0,361.0,970.0,801.0,1043.0,1007.0,622.0,386.0,358.0,211.0,262.0,152.0,124.0,543.0,242.0,755.0,333.0,370.0,258.0,588.0,352.0,393.0
647.0,1599.0,360.0,1001.0,885.0,987.0,1110.0,568.0,384.0,366.0,210.0,272.0,155.0,157.0,541.0,237.0,752.0,351.0,388.0,259.0,534.0,391.0,418.0
558.0,1685.0,348.0,839.0,716.0,939.0,953.0,510.0,365.0,336.0,218.0,244.0,156.0,135.0,540.0,248.0,748.0,422.0,379.0,225.0,572.0,362.0,359.0
580.0,1603.0,354.0,928.0,772.0,942.0,1039.0,547.0,347.0,349.0,205.0,250.0,148.0,154.0,543.0,235.0,742.0,382.0,381.0,230.0,552.0,370.0,375.0
518.0,1545.0,336.0,906.0,738.0,913.0,946.0,548.0,351.0,310.0,187.0,245.0,148.0,130.0,512.0,230.0,740.0,352.0,387.0,225.0,553.0,342.0,338.0
515.0,1582.0,343.0,822.0,708.0,888.0,951.0,538.0,341.0,317.0,186.0,232.0,149.0,140.0,551.0,242.0,753.0,355.0,375.0,218.0,545.0,356.0,340.0
671.0,1656.0,320.0,860.0,773.0,1031.0,1025.0,647.0,406.0,372.0,203.0,257.0,153.0,140.0,563.0,255.0,812.0,357.0,426.0,222.0,550.0,368.0,380.0
492.0,1606.0,324.0,836.0,712.0,853.0,975.0,497.0,327.0,295.0,178.0,234.0,142.0,130.0,515.0,232.0,747.0,390.0,372.0,215.0,528.0,344.0,361.0
552.0,1592.0,334.0,856.0,727.0,915.0,970.0,557.0,382.0,347.0,211.0,232.0,135.0,130.0,491.0,229.0,722.0,373.0,366.0,225.0,547.0,353.0,330.0
609.0,1708.0,363.0,895.0,697.0,919.0,1006.0,543.0,356.0,356.0,212.0,257.0,156.0,132.0,598.0,257.0,818.0,400.0,412.0,216.0,567.0,331.0,377.0
627.0,1592.0,343.0,921.0,819.0,988.0,1011.0,623.0,388.0,342.0,205.0,250.0,153.0,147.0,554.0,251.0,801.0,355.0,410.0,250.0,523.0,358.0,360.0
669.0,1752.0,371.0,865.0,732.0,947.0,1045.0,567.0,370.0,372.0,219.0,265.0,155.0,140.0,605.0,260.0,855.0,398.0,446.0,252.0,561.0,353.0,372.0
635.0,1653.0,334.0,880.0,742.0,982.0,1005.0,622.0,396.0,366.0,215.0,247.0,155.0,137.0,554.0,256.0,813.0,375.0,405.0,229.0,524.0,360.0,358.0
616.0,1641.0,358.0,923.0,770.0,927.0,1038.0,559.0,371.0,345.0,202.0,258.0,155.0,153.0,598.0,277.0,833.0,356.0,415.0,246.0,567.0,379.0,360.0
529.0,1540.0,328.0,843.0,642.0,917.0,981.0,547.0,384.0,356.0,202.0,239.0,144.0,136.0,531.0,245.0,715.0,403.0,378.0,224.0,543.0,335.0,332.0
695.0,1518.0,333.0,1059.0,1038.0,1080.0,1080.0,649.0,394.0,364.0,198.0,258.0,144.0,142.0,525.0,234.0,685.0,390.0,370.0,285.0,535.0,358.0,381.0
600.0,1629.0,352.0,911.0,726.0,940.0,1026.0,577.0,388.0,362.0,204.0,270.0,155.0,142.0,545.0,260.0,794.0,363.0,404.0,223.0,545.0,367.0,359.0
582.0,1730.0,340.0,878.0,695.0,945.0,993.0,521.0,348.0,331.0,200.0,238.0,149.0,139.0,611.0,276.0,864.0,364.0,439.0,235.0,556.0,353.0,354.0
583.0,1576.0,336.0,851.0,753.0,961.0,977.0,568.0,390.0,360.0,212.0,240.0,150.0,153.0,528.0,244.0,758.0,353.0,384.0,217.0,555.0,348.0,356.0
757.0,1660.0,373.0,1057.0,1018.0,1033.0,1058.0,615.0,395.0,389.0,216.0,268.0,168.0,148.0,561.0,259.0,758.0,383.0,388.0,279.0,559.0,376.0,408.0
663.0,1663.0,346.0,910.0,736.0,969.0,1055.0,593.0,396.0,378.0,224.0,255.0,156.0,143.0,552.0,255.0,789.0,370.0,399.0,248.0,572.0,355.0,375.0
567.0,1619.0,324.0,860.0,747.0,973.0,974.0,550.0,371.0,360.0,218.0,233.0,150.0,156.0,527.0,236.0,755.0,404.0,380.0,220.0,543.0,383.0,352.0
731.0,1600.0,351.0,1018.0,946.0,1017.0,1087.0,601.0,418.0,384.0,228.0,285.0,159.0,144.0,521.0,231.0,729.0,430.0,379.0,277.0,549.0,367.0,421.0
648.0,1640.0,369.0,908.0,749.0,1069.0,1052.0,640.0,365.0,350.0,201.0,247.0,150.0,133.0,551.0,250.0,767.0,366.0,397.0,233.0,550.0,372.0,365.0
581.0,1578.0,347.0,895.0,883.0,934.0,1034.0,568.0,354.0,331.0,196.0,233.0,140.0,145.0,516.0,225.0,717.0,333.0,384.0,237.0,533.0,361.0,380.0
828.0,1752.0,386.0,992.0,871.0,1126.0,1104.0,694.0,419.0,391.0,222.0,292.0,162.0,146.0,549.0,245.0,793.0,425.0,411.0,254.0,566.0,384.0,398.0
706.0,1603.0,359.0,984.0,910.0,1055.0,1050.0,609.0,385.0,372.0,211.0,269.0,147.0,130.0,529.0,243.0,719.0,355.0,383.0,260.0,541.0,341.0,412.0
580.0,1713.0,359.0,829.0,714.0,923.0,957.0,560.0,370.0,357.0,212.0,245.0,153.0,143.0,587.0,258.0,825.0,377.0,402.0,230.0,537.0,359.0,371.0
605.0,1660.0,322.0,906.0,756.0,1018.0,999.0,586.0,374.0,355.0,208.0,238.0,147.0,140.0,555.0,242.0,771.0,367.0,394.0,240.0,525.0,357.0,372.0
561.0,1632.0,358.0,850.0,700.0,909.0,1050.0,524.0,367.0,345.0,211.0,258.0,150.0,161.0,541.0,247.0,790.0,358.0,386.0,212.0,557.0,388.0,358.0
597.0,1565.0,351.0,900.0,785.0,941.0,1008.0,598.0,393.0,351.0,198.0,249.0,149.0,141.0,498.0,232.0,735.0,351.0,375.0,231.0,545.0,352.0,367.0
613.0,1628.0,347.0,953.0,836.0,939.0,1029.0,575.0,368.0,362.0,207.0,250.0,145.0,125.0,545.0,244.0,777.0,383.0,390.0,238.0,543.0,366.0,373.0
610.0,1726.0,346.0,879.0,704.0,1023.0,1013.0,580.0,377.0,355.0,208.0,240.0,147.0,139.0,562.0,244.0,765.0,394.0,403.0,227.0,572.0,367.0,390.0
570.0,1610.0,337.0,877.0,739.0,924.0,999.0,566.0,370.0,337.0,195.0,237.0,148.0,144.0,582.0,253.0,802.0,360.0,425.0,220.0,551.0,361.0,342.0
600.0,1584.0,336.0,895.0,778.0,976.0,1036.0,566.0,391.0,346.0,201.0,257.0,148.0,141.0,554.0,240.0,730.0,341.0,401.0,232.0,565.0,362.0,382.0
685.0,1606.0,347.0,977.0,885.0,1038.0,1062.0,622.0,406.0,356.0,209.0,285.0,163.0,151.0,561.0,261.0,756.0,365.0,403.0,263.0,542.0,365.0,393.0
580.0,1628.0,335.0,851.0,743.0,923.0,1005.0,589.0,381.0,335.0,201.0,237.0,147.0,136.0,548.0,249.0,795.0,374.0,395.0,220.0,563.0,374.0,352.0
604.0,1571.0,352.0,896.0,781.0,972.0,1006.0,568.0,394.0,352.0,210.0,252.0,151.0,135.0,542.0,250.0,778.0,348.0,389.0,243.0,566.0,350.0,369.0
584.0,1691.0,351.0,863.0,724.0,947.0,1018.0,562.0,369.0,356.0,215.0,244.0,152.0,145.0,572.0,245.0,803.0,410.0,384.0,195.0,543.0,385.0,356.0
642.0,1609.0,342.0,972.0,798.0,974.0,1050.0,604.0,374.0,358.0,197.0,256.0,149.0,142.0,545.0,248.0,770.0,336.0,382.0,255.0,538.0,355.0,402.0
691.0,1680.0,357.0,871.0,785.0,1065.0,1019.0,623.0,425.0,389.0,229.0,254.0,153.0,153.0,565.0,248.0,781.0,375.0,396.0,240.0,536.0,380.0,363.0
588.0,1626.0,355.0,854.0,711.0,913.0,975.0,564.0,370.0,348.0,208.0,262.0,160.0,146.0,561.0,260.0,804.0,356.0,391.0,225.0,585.0,361.0,350.0
530.0,1532.0,345.0,847.0,656.0,894.0,950.0,565.0,370.0,340.0,202.0,255.0,142.0,134.0,512.0,220.0,702.0,341.0,366.0,232.0,538.0,341.0,359.0
714.0,1649.0,341.0,949.0,760.0,1018.0,1025.0,628.0,425.0,410.0,228.0,276.0,166.0,146.0,560.0,251.0,807.0,366.0,411.0,259.0,558.0,362.0,360.0
526.0,1662.0,353.0,817.0,717.0,914.0,946.0,528.0,350.0,315.0,192.0,237.0,147.0,130.0,538.0,232.0,743.0,398.0,385.0,207.0,555.0,347.0,338.0
513.0,1638.0,342.0,826.0,733.0,866.0,997.0,491.0,339.0,322.0,200.0,247.0,148.0,141.0,550.0,234.0,762.0,385.0,390.0,208.0,527.0,341.0,353.0
609.0,1624.0,344.0,864.0,723.0,918.0,1008.0,556.0,402.0,352.0,215.0,252.0,154.0,156.0,528.0,243.0,786.0,402.0,396.0,227.0,535.0,380.0,367.0
793.0,1665.0,391.0,920.0,875.0,1118.0,1071.0,678.0,433.0,397.0,228.0,282.0,162.0,148.0,557.0,238.0,772.0,409.0,371.0,240.0,573.0,388.0,408.0
677.0,1696.0,361.0,893.0,837.0,995.0,1022.0,598.0,385.0,371.0,212.0,269.0,155.0,162.0,606.0,273.0,844.0,381.0,448.0,231.0,541.0,363.0,370.0
548.0,1566.0,333.0,882.0,772.0,963.0,987.0,526.0,355.0,341.0,190.0,248.0,144.0,141.0,542.0,243.0,740.0,372.0,378.0,228.0,543.0,364.0,355.0
575.0,1578.0,331.0,906.0,869.0,917.0,978.0,538.0,363.0,358.0,205.0,253.0,147.0,133.0,533.0,228.0,739.0,350.0,366.0,250.0,561.0,322.0,356.0
678.0,1673.0,373.0,961.0,1009.0,1023.0,1011.0,585.0,378.0,358.0,210.0,242.0,156.0,153.0,568.0,244.0,775.0,405.0,394.0,260.0,555.0,355.0,387.0
695.0,1628.0,354.0,1023.0,905.0,1026.0,1073.0,626.0,367.0,329.0,189.0,254.0,152.0,123.0,534.0,228.0,730.0,394.0,363.0,288.0,534.0,354.0,382.0
459.0,1525.0,314.0,799.0,679.0,876.0,962.0,500.0,323.0,328.0,201.0,222.0,142.0,157.0,493.0,226.0,709.0,347.0,355.0,193.0,535.0,362.0,331.0
599.0,1632.0,326.0,937.0,754.0,945.0,1019.0,573.0,379.0,328.0,195.0,255.0,151.0,148.0,571.0,260.0,806.0,356.0,428.0,250.0,548.0,346.0,369.0
684.0,1717.0,373.0,911.0,786.0,954.0,1025.0,599.0,400.0,360.0,218.0,270.0,157.0,139.0,613.0,283.0,869.0,366.0,441.0,240.0,563.0,374.0,367.0
652.0,1659.0,323.0,892.0,744.0,1019.0,1015.0,625.0,405.0,368.0,214.0,269.0,151.0,130.0,554.0,252.0,787.0,379.0,396.0,232.0,547.0,356.0,376.0
662.0,1703.0,369.0,887.0,778.0,986.0,1037.0,584.0,376.0,362.0,219.0,263.0,153.0,151.0,566.0,267.0,790.0,362.0,403.0,252.0,551.0,345.0,385.0
571.0,1626.0,346.0,887.0,725.0,898.0,997.0,550.0,379.0,362.0,217.0,250.0,155.0,151.0,552.0,253.0,781.0,364.0,392.0,230.0,554.0,373.0,354.0
553.0,1680.0,327.0,826.0,753.0,918.0,971.0,529.0,360.0,336.0,204.0,248.0,158.0,145.0,604.0,277.0,850.0,372.0,427.0,229.0,541.0,350.0,350.0
565.0,1626.0,331.0,850.0,691.0,963.0,988.0,557.0,365.0,330.0,205.0,250.0,151.0,132.0,577.0,250.0,778.0,322.0,411.0,228.0,526.0,353.0,382.0
586.0,1598.0,330.0,843.0,746.0,992.0,990.0,582.0,395.0,355.0,202.0,238.0,148.0,149.0,530.0,234.0,728.0,385.0,375.0,224.0,543.0,363.0,352.0
675.0,1679.0,354.0,917.0,783.0,1001.0,1063.0,627.0,413.0,367.0,201.0,258.0,157.0,143.0,588.0,270.0,841.0,369.0,415.0,243.0,555.0,364.0,369.0
652.0,1673.0,353.0,958.0,709.0,984.0,1064.0,587.0,387.0,378.0,215.0,263.0,157.0,142.0,564.0,254.0,785.0,382.0,400.0,242.0,545.0,377.0,385.0
624.0,1589.0,350.0,886.0,784.0,1030.0,1007.0,605.0,400.0,350.0,195.0,266.0,155.0,148.0,565.0,256.0,745.0,375.0,376.0,224.0,569.0,360.0,370.0
548.0,1608.0,336.0,825.0,784.0,929.0,957.0,587.0,367.0,344.0,205.0,245.0,148.0,135.0,545.0,231.0,760.0,382.0,392.0,208.0,528.0,346.0,371.0
700.0,1607.0,381.0,1023.0,915.0,983.0,1119.0,589.0,410.0,371.0,216.0,276.0,159.0,131.0,518.0,228.0,720.0,376.0,358.0,278.0,541.0,367.0,415.0
610.0,1597.0,340.0,901.0,735.0,975.0,1005.0,597.0,387.0,367.0,203.0,250.0,153.0,143.0,532.0,240.0,733.0,366.0,397.0,244.0,537.0,359.0,370.0
602.0,1724.0,330.0,901.0,750.0,956.0,969.0,571.0,400.0,357.0,220.0,243.0,149.0,133.0,568.0,252.0,811.0,436.0,396.0,252.0,536.0,353.0,370.0
540.0,1623.0,336.0,854.0,786.0,918.0,946.0,565.0,341.0,331.0,198.0,238.0,143.0,136.0,541.0,243.0,769.0,348.0,392.0,225.0,525.0,343.0,377.0
670.0,1580.0,374.0,997.0,799.0,1008.0,1047.0,622.0,385.0,375.0,207.0,259.0,150.0,138.0,544.0,241.0,731.0,410.0,395.0,265.0,534.0,367.0,392.0
565.0,1544.0,337.0,865.0,787.0,946.0,1008.0,554.0,380.0,345.0,205.0,260.0,150.0,128.0,563.0,254.0,736.0,330.0,381.0,208.0,554.0,357.0,355.0
642.0,1786.0,358.0,910.0,789.0,994.0,1029.0,578.0,359.0,340.0,202.0,237.0,153.0,168.0,644.0,292.0,880.0,439.0,444.0,236.0,550.0,386.0,363.0
788.0,1563.0,379.0,1022.0,1011.0,1122.0,1133.0,695.0,411.0,368.0,201.0,283.0,153.0,143.0,545.0,254.0,730.0,363.0,401.0,265.0,554.0,370.0,411.0
634.0,1637.0,346.0,896.0,800.0,962.0,1008.0,584.0,393.0,353.0,213.0,260.0,155.0,145.0,547.0,235.0,766.0,415.0,389.0,233.0,548.0,354.0,387.0
717.0,1699.0,342.0,882.0,839.0,1052.0,1014.0,670.0,438.0,399.0,213.0,255.0,154.0,134.0,555.0,251.0,804.0,400.0,411.0,235.0,534.0,351.0,392.0
551.0,1648.0,324.0,868.0,728.0,899.0,949.0,554.0,350.0,323.0,197.0,253.0,154.0,135.0,556.0,247.0,805.0,399.0,414.0,233.0,537.0,337.0,347.0
702.0,1682.0,369.0,939.0,805.0,1012.0,1097.0,610.0,404.0,385.0,215.0,265.0,153.0,149.0,552.0,246.0,785.0,378.0,419.0,240.0,563.0,392.0,388.0
629.0,1611.0,340.0,896.0,798.0,1007.0,1014.0,610.0,359.0,341.0,189.0,264.0,149.0,142.0,557.0,251.0,760.0,355.0,359.0,228.0,545.0,357.0,373.0
653.0,1650.0,360.0,921.0,850.0,985.0,1061.0,609.0,385.0,348.0,207.0,253.0,155.0,136.0,547.0,248.0,755.0,379.0,388.0,226.0,573.0,363.0,382.0
604.0,1667.0,332.0,852.0,734.0,955.0,965.0,567.0,380.0,382.0,227.0,245.0,162.0,132.0,557.0,241.0,780.0,382.0,391.0,230.0,539.0,346.0,350.0
533.0,1578.0,348.0,860.0,667.0,906.0,981.0,550.0,334.0,340.0,192.0,233.0,138.0,139.0,570.0,262.0,776.0,364.0,387.0,221.0,540.0,355.0,345.0
568.0,1573.0,332.0,885.0,835.0,950.0,952.0,561.0,367.0,356.0,204.0,245.0,144.0,133.0,525.0,223.0,717.0,399.0,358.0,227.0,525.0,340.0,348.0
820.0,1744.0,393.0,984.0,904.0,1072.0,1080.0,660.0,439.0,389.0,236.0,287.0,169.0,148.0,577.0,257.0,844.0,403.0,421.0,249.0,553.0,391.0,401.0
595.0,1648.0,334.0,917.0,791.0,934.0,1016.0,567.0,379.0,352.0,191.0,254.0,144.0,145.0,552.0,255.0,826.0,358.0,424.0,244.0,555.0,356.0,362.0
547.0,1603.0,317.0,875.0,729.0,928.0,986.0,542.0,363.0,342.0,201.0,237.0,142.0,152.0,538.0,235.0,758.0,381.0,387.0,234.0,535.0,354.0,357.0
660.0,1643.0,333.0,934.0,815.0,1035.0,1014.0,612.0,407.0,382.0,225.0,246.0,150.0,152.0,561.0,252.0,765.0,387.0,384.0,242.0,563.0,350.0,375.0
588.0,1602.0,335.0,972.0,743.0,933.0,1049.0,555.0,348.0,351.0,195.0,253.0,147.0,143.0,589.0,261.0,795.0,342.0,405.0,260.0,557.0,366.0,363.0
595.0,1655.0,321.0,895.0,777.0,966.0,1039.0,579.0,342.0,325.0,192.0,248.0,141.0,147.0,545.0,238.0,752.0,377.0,389.0,240.0,544.0,366.0,384.0
729.0,1666.0,340.0,1035.0,945.0,1048.0,1097.0,603.0,353.0,358.0,197.0,258.0,153.0,155.0,565.0,246.0,771.0,448.0,407.0,287.0,565.0,344.0,412.0
568.0,1621.0,336.0,877.0,719.0,947.0,1014.0,563.0,353.0,371.0,215.0,253.0,148.0,159.0,544.0,233.0,755.0,389.0,384.0,223.0,541.0,375.0,356.0
668.0,1628.0,361.0,982.0,862.0,987.0,1079.0,591.0,367.0,378.0,209.0,270.0,155.0,133.0,585.0,252.0,783.0,351.0,411.0,264.0,558.0,363.0,383.0
610.0,1643.0,347.0,919.0,725.0,942.0,1032.0,568.0,373.0,354.0,209.0,244.0,152.0,151.0,567.0,259.0,785.0,389.0,411.0,232.0,568.0,367.0,356.0
504.0,1524.0,329.0,834.0,745.0,900.0,984.0,544.0,336.0,335.0,200.0,259.0,145.0,133.0,518.0,220.0,711.0,335.0,370.0,216.0,529.0,352.0,368.0
590.0,1647.0,354.0,898.0,830.0,920.0,1044.0,560.0,355.0,341.0,193.0,260.0,151.0,150.0,583.0,263.0,808.0,375.0,408.0,239.0,520.0,375.0,375.0
534.0,1646.0,342.0,813.0,667.0,852.0,973.0,513.0,345.0,330.0,202.0,252.0,153.0,134.0,543.0,255.0,793.0,357.0,421.0,202.0,544.0,348.0,369.0
568.0,1613.0,340.0,885.0,781.0,942.0,1013.0,582.0,355.0,341.0,204.0,255.0,155.0,156.0,566.0,263.0,793.0,382.0,417.0,214.0,537.0,381.0,365.0
596.0,1638.0,361.0,929.0,744.0,928.0,1044.0,559.0,356.0,363.0,215.0,264.0,154.0,141.0,513.0,235.0,757.0,374.0,398.0,252.0,567.0,364.0,380.0
602.0,1601.0,344.0,905.0,776.0,969.0,1009.0,573.0,372.0,351.0,213.0,260.0,148.0,134.0,520.0,228.0,737.0,362.0,393.0,227.0,561.0,335.0,389.0
658.0,1597.0,340.0,839.0,736.0,1032.0,1011.0,673.0,415.0,382.0,212.0,244.0,146.0,142.0,558.0,253.0,792.0,351.0,395.0,227.0,560.0,374.0,357.0
650.0,1583.0,332.0,880.0,852.0,996.0,1021.0,633.0,409.0,389.0,209.0,261.0,151.0,139.0,557.0,246.0,749.0,359.0,378.0,230.0,522.0,365.0,362.0
790.0,1695.0,379.0,1033.0,888.0,1033.0,1117.0,645.0,416.0,385.0,224.0,275.0,170.0,149.0,597.0,277.0,811.0,381.0,431.0,283.0,572.0,388.0,399.0
712.0,1561.0,385.0,1050.0,932.0,972.0,1150.0,583.0,377.0,371.0,223.0,285.0,153.0,137.0,505.0,222.0,682.0,392.0,385.0,280.0,546.0,366.0,415.0
637.0,1583.0,342.0,951.0,912.0,971.0,1072.0,620.0,373.0,358.0,209.0,275.0,150.0,147.0,540.0,245.0,772.0,341.0,389.0,250.0,544.0,366.0,378.0
620.0,1629.0,359.0,922.0,861.0,975.0,986.0,570.0,364.0,339.0,202.0,261.0,149.0,136.0,536.0,233.0,759.0,357.0,387.0,239.0,529.0,345.0,404.0
600.0,1588.0,341.0,858.0,793.0,953.0,1003.0,587.0,374.0,369.0,206.0,255.0,142.0,156.0,525.0,225.0,731.0,357.0,359.0,233.0,539.0,377.0,369.0
531.0,1515.0,329.0,882.0,783.0,936.0,963.0,554.0,382.0,342.0,202.0,227.0,140.0,154.0,491.0,210.0,698.0,357.0,373.0,228.0,507.0,365.0,331.0
630.0,1632.0,355.0,908.0,880.0,975.0,1023.0,581.0,391.0,350.0,212.0,253.0,151.0,133.0,570.0,263.0,816.0,353.0,411.0,237.0,547.0,361.0,379.0
547.0,1542.0,337.0,837.0,784.0,906.0,1022.0,561.0,373.0,343.0,205.0,252.0,155.0,148.0,530.0,246.0,738.0,367.0,369.0,213.0,539.0,380.0,367.0
638.0,1647.0,357.0,889.0,717.0,952.0,1072.0,595.0,371.0,343.0,201.0,268.0,154.0,150.0,572.0,253.0,795.0,368.0,397.0,227.0,574.0,356.0,393.0
585.0,1443.0,370.0,997.0,857.0,988.0,1079.0,603.0,362.0,344.0,185.0,257.0,145.0,135.0,479.0,210.0,671.0,363.0,364.0,260.0,544.0,362.0,391.0
619.0,1576.0,352.0,950.0,783.0,964.0,1050.0,594.0,394.0,363.0,202.0,251.0,150.0,145.0,543.0,229.0,717.0,392.0,384.0,244.0,562.0,359.0,380.0
644.0,1670.0,364.0,1012.0,835.0,951.0,1001.0,572.0,375.0,345.0,201.0,247.0,149.0,137.0,526.0,238.0,805.0,381.0,408.0,272.0,568.0,357.0,386.0
661.0,1647.0,361.0,912.0,779.0,977.0,1077.0,606.0,394.0,376.0,214.0,268.0,159.0,144.0,583.0,273.0,827.0,353.0,402.0,243.0,550.0,379.0,366.0
674.0,1680.0,370.0,904.0,803.0,1041.0,1056.0,611.0,394.0,377.0,226.0,260.0,156.0,141.0,564.0,237.0,786.0,398.0,416.0,230.0,542.0,376.0,393.0
690.0,1705.0,354.0,962.0,809.0,1007.0,1060.0,589.0,402.0,378.0,216.0,251.0,160.0,160.0,557.0,240.0,784.0,425.0,414.0,262.0,547.0,387.0,395.0
566.0,1596.0,340.0,851.0,732.0,938.0,1013.0,559.0,368.0,350.0,198.0,280.0,155.0,138.0,538.0,248.0,761.0,353.0,395.0,219.0,534.0,370.0,344.0
657.0,1652.0,357.0,919.0,829.0,1012.0,1027.0,616.0,387.0,347.0,206.0,261.0,162.0,145.0,533.0,239.0,775.0,383.0,385.0,238.0,550.0,364.0,381.0
648.0,1628.0,349.0,938.0,784.0,999.0,1034.0,585.0,401.0,360.0,217.0,271.0,158.0,153.0,552.0,239.0,767.0,362.0,399.0,251.0,552.0,377.0,382.0
574.0,1633.0,342.0,893.0,727.0,941.0,976.0,546.0,367.0,346.0,205.0,258.0,155.0,143.0,520.0,227.0,742.0,384.0,372.0,243.0,540.0,345.0,362.0
528.0,1573.0,355.0,932.0,688.0,895.0,954.0,538.0,340.0,331.0,198.0,251.0,146.0,125.0,497.0,221.0,716.0,368.0,356.0,248.0,542.0,330.0,361.0
477.0,1545.0,330.0,834.0,749.0,859.0,966.0,510.0,340.0,342.0,189.0,238.0,138.0,140.0,511.0,226.0,722.0,356.0,382.0,215.0,506.0,348.0,347.0
632.0,1735.0,363.0,897.0,724.0,930.0,1033.0,578.0,370.0,351.0,214.0,264.0,147.0,145.0,580.0,257.0,852.0,371.0,432.0,234.0,516.0,370.0,388.0
571.0,1662.0,339.0,851.0,742.0,971.0,1014.0,580.0,364.0,333.0,195.0,242.0,144.0,163.0,530.0,227.0,800.0,390.0,415.0,211.0,534.0,374.0,352.0
695.0,1637.0,361.0,980.0,826.0,1032.0,1071.0,612.0,399.0,386.0,210.0,256.0,156.0,148.0,537.0,242.0,736.0,394.0,394.0,269.0,552.0,357.0,375.0
526.0,1664.0,338.0,844.0,684.0,869.0,997.0,487.0,348.0,323.0,197.0,237.0,155.0,148.0,556.0,248.0,796.0,375.0,411.0,220.0,545.0,374.0,368.0
574.0,1639.0,348.0,876.0,709.0,955.0,1009.0,571.0,360.0,357.0,209.0,247.0,152.0,148.0,529.0,258.0,776.0,343.0,416.0,228.0,532.0,356.0,336.0
673.0,1667.0,359.0,964.0,773.0,1028.0,1052.0,607.0,380.0,368.0,205.0,261.0,155.0,145.0,550.0,247.0,758.0,404.0,400.0,257.0,545.0,356.0,398.0
744.0,1682.0,348.0,1007.0,901.0,1074.0,1078.0,650.0,404.0,373.0,207.0,277.0,153.0,153.0,567.0,242.0,796.0,390.0,401.0,265.0,550.0,372.0,410.0
611.0,1612.0,357.0,893.0,720.0,975.0,1039.0,591.0,377.0,355.0,212.0,274.0,161.0,142.0,571.0,256.0,774.0,368.0,380.0,228.0,524.0,379.0,373.0
569.0,1647.0,344.0,888.0,759.0,942.0,997.0,540.0,345.0,339.0,201.0,252.0,158.0,143.0,538.0,241.0,760.0,386.0,387.0,238.0,515.0,348.0,354.0
525.0,1685.0,333.0,885.0,712.0,880.0,965.0,511.0,337.0,322.0,185.0,246.0,142.0,133.0,594.0,246.0,797.0,405.0,422.0,235.0,520.0,328.0,363.0
692.0,1617.0,380.0,969.0,815.0,1006.0,1075.0,625.0,390.0,364.0,203.0,300.0,162.0,133.0,550.0,240.0,763.0,349.0,399.0,267.0,532.0,377.0,406.0
604.0,1682.0,338.0,854.0,741.0,949.0,1035.0,553.0,357.0,338.0,201.0,260.0,150.0,144.0,567.0,254.0,821.0,391.0,406.0,227.0,546.0,377.0,370.0
565.0,1659.0,358.0,852.0,726.0,901.0,1002.0,550.0,347.0,336.0,198.0,250.0,155.0,141.0,557.0,250.0,768.0,387.0,391.0,217.0,551.0,366.0,370.0
657.0,1664.0,370.0,886.0,784.0,1025.0,1052.0,622.0,398.0,365.0,218.0,262.0,155.0,149.0,535.0,228.0,755.0,395.0,399.0,225.0,553.0,374.0,385.0
717.0,1774.0,365.0,979.0,897.0,969.0,1082.0,572.0,365.0,326.0,209.0,261.0,156.0,167.0,554.0,247.0,825.0,399.0,406.0,262.0,557.0,378.0,404.0
664.0,1537.0,359.0,903.0,951.0,1037.0,1089.0,628.0,415.0,369.0,197.0,257.0,151.0,152.0,548.0,243.0,735.0,348.0,396.0,250.0,548.0,365.0,384.0
618.0,1551.0,357.0,932.0,764.0,982.0,1047.0,615.0,394.0,371.0,203.0,249.0,143.0,149.0,530.0,242.0,761.0,326.0,390.0,263.0,529.0,370.0,360.0
574.0,1553.0,335.0,921.0,828.0,942.0,1020.0,580.0,363.0,340.0,200.0,244.0,147.0,139.0,500.0,232.0,751.0,375.0,394.0,250.0,535.0,344.0,352.0
548.0,1618.0,342.0,883.0,685.0,880.0,968.0,500.0,341.0,341.0,208.0,245.0,155.0,144.0,549.0,244.0,764.0,398.0,405.0,237.0,549.0,351.0,350.0
567.0,1608.0,350.0,869.0,729.0,959.0,996.0,570.0,337.0,320.0,197.0,255.0,158.0,148.0,562.0,258.0,765.0,378.0,381.0,218.0,553.0,370.0,362.0
640.0,1588.0,329.0,948.0,827.0,1014.0,1053.0,620.0,392.0,353.0,203.0,250.0,149.0,127.0,549.0,248.0,751.0,368.0,387.0,233.0,533.0,363.0,350.0
582.0,1670.0,366.0,887.0,732.0,942.0,1003.0,542.0,359.0,320.0,198.0,240.0,151.0,146.0,574.0,268.0,823.0,385.0,423.0,215.0,561.0,385.0,357.0
642.0,1708.0,352.0,938.0,829.0,955.0,1013.0,584.0,374.0,350.0,206.0,250.0,160.0,145.0,598.0,262.0,842.0,391.0,429.0,254.0,568.0,349.0,370.0
631.0,1660.0,348.0,928.0,803.0,1030.0,1019.0,573.0,367.0,328.0,197.0,244.0,150.0,143.0,576.0,256.0,795.0,371.0,415.0,261.0,540.0,374.0,358.0
506.0,1630.0,337.0,815.0,691.0,872.0,1001.0,504.0,338.0,335.0,203.0,235.0,146.0,153.0,520.0,237.0,730.0,422.0,395.0,198.0,541.0,374.0,343.0
480.0,1637.0,318.0,821.0,635.0,846.0,1020.0,491.0,318.0,314.0,193.0,225.0,153.0,178.0,582.0,254.0,782.0,376.0,395.0,208.0,530.0,380.0,341.0
543.0,1602.0,358.0,841.0,719.0,942.0,976.0,543.0,346.0,334.0,207.0,245.0,145.0,145.0,504.0,218.0,682.0,420.0,346.0,218.0,537.0,366.0,339.0
726.0,1665.0,378.0,947.0,843.0,1036.0,1052.0,636.0,413.0,380.0,209.0,262.0,152.0,142.0,573.0,248.0,767.0,357.0,382.0,242.0,563.0,369.0,388.0
586.0,1678.0,330.0,830.0,760.0,965.0,939.0,557.0,360.0,363.0,212.0,242.0,144.0,135.0,550.0,235.0,781.0,392.0,387.0,216.0,544.0,347.0,362.0
602.0,1534.0,350.0,966.0,801.0,944.0,1024.0,578.0,363.0,335.0,195.0,262.0,144.0,137.0,500.0,230.0,707.0,373.0,360.0,272.0,546.0,357.0,380.0
607.0,1655.0,363.0,849.0,737.0,912.0,1009.0,546.0,390.0,374.0,223.0,253.0,147.0,153.0,535.0,229.0,780.0,377.0,395.0,242.0,551.0,377.0,348.0
719.0,1738.0,361.0,955.0,768.0,990.0,1037.0,589.0,395.0,364.0,227.0,280.0,162.0,137.0,526.0,232.0,797.0,379.0,408.0,247.0,558.0,379.0,406.0
686.0,1634.0,368.0,925.0,770.0,1015.0,1089.0,640.0,392.0,352.0,202.0,267.0,158.0,152.0,577.0,267.0,771.0,395.0,398.0,244.0,555.0,384.0,392.0
623.0,1685.0,344.0,880.0,755.0,956.0,994.0,589.0,394.0,371.0,215.0,240.0,148.0,163.0,551.0,247.0,770.0,376.0,389.0,236.0,538.0,376.0,355.0
621.0,1603.0,339.0,847.0,821.0,969.0,1022.0,595.0,398.0,369.0,207.0,263.0,150.0,149.0,564.0,251.0,791.0,390.0,406.0,235.0,558.0,369.0,367.0
633.0,1516.0,352.0,971.0,844.0,952.0,1044.0,590.0,401.0,345.0,203.0,270.0,157.0,143.0,489.0,225.0,695.0,360.0,338.0,253.0,537.0,372.0,377.0
665.0,1653.0,334.0,986.0,765.0,1005.0,1076.0,597.0,385.0,365.0,206.0,267.0,153.0,127.0,555.0,262.0,805.0,349.0,423.0,277.0,579.0,350.0,387.0
689.0,1706.0,358.0,895.0,791.0,1015.0,1027.0,628.0,386.0,367.0,206.0,265.0,161.0,162.0,605.0,270.0,834.0,394.0,422.0,237.0,569.0,401.0,382.0
641.0,1687.0,365.0,900.0,741.0,970.0,1028.0,586.0,384.0,352.0,209.0,255.0,155.0,151.0,563.0,247.0,794.0,351.0,415.0,249.0,552.0,378.0,364.0
603.0,1590.0,329.0,909.0,811.0,943.0,961.0,565.0,379.0,356.0,210.0,270.0,157.0,128.0,536.0,250.0,751.0,358.0,376.0,247.0,555.0,336.0,354.0
712.0,1717.0,339.0,882.0,887.0,1057.0,1040.0,630.0,396.0,362.0,211.0,255.0,154.0,163.0,616.0,270.0,855.0,397.0,436.0,244.0,566.0,389.0,360.0
528.0,1643.0,315.0,835.0,688.0,895.0,981.0,522.0,348.0,351.0,202.0,234.0,146.0,153.0,545.0,239.0,753.0,393.0,388.0,212.0,525.0,371.0,359.0
563.0,1655.0,328.0,906.0,772.0,959.0,1036.0,571.0,355.0,334.0,210.0,237.0,151.0,154.0,547.0,244.0,783.0,377.0,416.0,238.0,531.0,361.0,365.0
557.0,1656.0,350.0,834.0,655.0,910.0,1028.0,523.0,348.0,348.0,207.0,269.0,150.0,159.0,539.0,245.0,767.0,429.0,398.0,197.0,545.0,386.0,362.0
615.0,1637.0,348.0,862.0,729.0,965.0,1022.0,604.0,360.0,370.0,209.0,244.0,144.0,146.0,534.0,245.0,752.0,384.0,396.0,222.0,561.0,367.0,360.0
681.0,1696.0,344.0,958.0,846.0,983.0,1049.0,599.0,395.0,376.0,206.0,257.0,152.0,157.0,580.0,259.0,800.0,360.0,414.0,227.0,537.0,367.0,388.0
638.0,1634.0,351.0,939.0,785.0,981.0,1043.0,593.0,376.0,345.0,214.0,260.0,150.0,143.0,534.0,242.0,761.0,397.0,392.0,250.0,545.0,386.0,393.0
568.0,1634.0,358.0,844.0,691.0,905.0,1036.0,558.0,375.0,359.0,212.0,246.0,145.0,160.0,530.0,241.0,767.0,393.0,389.0,224.0,531.0,378.0,366.0
601.0,1657.0,345.0,902.0,738.0,969.0,1030.0,572.0,373.0,360.0,225.0,252.0,147.0,154.0,550.0,238.0,782.0,385.0,416.0,233.0,544.0,384.0,369.0
550.0,1741.0,341.0,840.0,723.0,894.0,1000.0,505.0,338.0,328.0,196.0,232.0,146.0,146.0,596.0,266.0,882.0,408.0,427.0,216.0,565.0,366.0,349.0
606.0,1731.0,355.0,891.0,750.0,935.0,1001.0,556.0,357.0,355.0,208.0,253.0,143.0,144.0,569.0,259.0,826.0,396.0,432.0,223.0,562.0,373.0,364.0
699.0,1654.0,356.0,925.0,781.0,1054.0,1044.0,646.0,420.0,386.0,237.0,270.0,160.0,152.0,530.0,234.0,779.0,374.0,401.0,242.0,561.0,380.0,395.0
511.0,1583.0,318.0,867.0,744.0,895.0,972.0,533.0,344.0,321.0,202.0,247.0,142.0,152.0,540.0,230.0,740.0,361.0,388.0,228.0,533.0,353.0,350.0
723.0,1620.0,352.0,1003.0,949.0,1006.0,1067.0,585.0,411.0,386.0,209.0,256.0,148.0,162.0,526.0,234.0,753.0,374.0,382.0,286.0,534.0,378.0,400.0
647.0,1593.0,366.0,964.0,807.0,998.0,1081.0,608.0,401.0,369.0,214.0,270.0,155.0,149.0,536.0,233.0,747.0,355.0,383.0,252.0,543.0,385.0,385.0
512.0,1653.0,330.0,829.0,725.0,890.0,925.0,515.0,343.0,322.0,185.0,239.0,151.0,126.0,549.0,242.0,765.0,384.0,402.0,215.0,533.0,333.0,348.0
529.0,1735.0,312.0,879.0,711.0,909.0,972.0,512.0,336.0,308.0,180.0,225.0,144.0,152.0,578.0,244.0,799.0,402.0,409.0,225.0,530.0,367.0,327.0
527.0,1582.0,329.0,850.0,711.0,920.0,1002.0,558.0,344.0,323.0,195.0,254.0,147.0,139.0,538.0,232.0,758.0,365.0,398.0,213.0,538.0,367.0,375.0
455.0,1555.0,313.0,745.0,688.0,889.0,927.0,487.0,331.0,314.0,197.0,220.0,143.0,135.0,505.0,225.0,727.0,373.0,372.0,197.0,519.0,342.0,340.0
659.0,1685.0,357.0,858.0,861.0,997.0,997.0,613.0,398.0,362.0,207.0,260.0,147.0,148.0,548.0,252.0,831.0,378.0,430.0,232.0,535.0,363.0,359.0
803.0,1672.0,357.0,920.0,881.0,1136.0,1064.0,693.0,482.0,397.0,212.0,267.0,153.0,148.0,589.0,261.0,791.0,376.0,428.0,257.0,561.0,381.0,368.0
626.0,1710.0,326.0,852.0,725.0,936.0,1028.0,589.0,372.0,345.0,199.0,242.0,145.0,159.0,566.0,252.0,825.0,410.0,398.0,228.0,532.0,376.0,372.0
505.0,1572.0,326.0,816.0,633.0,935.0,964.0,555.0,350.0,320.0,185.0,234.0,144.0,143.0,506.0,221.0,690.0,403.0,372.0,211.0,534.0,358.0,327.0
603.0,1680.0,355.0,830.0,764.0,931.0,997.0,563.0,357.0,346.0,201.0,254.0,151.0,143.0,583.0,269.0,801.0,364.0,424.0,224.0,578.0,350.0,343.0
749.0,1705.0,371.0,950.0,920.0,1061.0,1093.0,640.0,426.0,376.0,210.0,277.0,158.0,155.0,575.0,277.0,824.0,360.0,406.0,241.0,557.0,367.0,374.0
572.0,1644.0,363.0,821.0,711.0,910.0,1015.0,566.0,366.0,334.0,196.0,257.0,150.0,146.0,569.0,265.0,799.0,358.0,401.0,210.0,565.0,365.0,360.0
493.0,1658.0,336.0,824.0,668.0,899.0,942.0,522.0,337.0,308.0,184.0,230.0,140.0,132.0,534.0,235.0,767.0,371.0,399.0,201.0,534.0,347.0,345.0
530.0,1639.0,347.0,868.0,765.0,885.0,988.0,510.0,331.0,323.0,196.0,238.0,152.0,153.0,535.0,237.0,802.0,394.0,412.0,214.0,540.0,371.0,339.0
556.0,1593.0,332.0,815.0,716.0,902.0,982.0,539.0,382.0,345.0,199.0,256.0,150.0,141.0,540.0,251.0,749.0,350.0,375.0,208.0,555.0,365.0,353.0
580.0,1615.0,345.0,868.0,734.0,939.0,1018.0,561.0,375.0,344.0,206.0,257.0,146.0,163.0,539.0,242.0,764.0,395.0,401.0,228.0,535.0,379.0,355.0
594.0,1673.0,344.0,872.0,795.0,914.0,1003.0,561.0,376.0,353.0,204.0,255.0,152.0,148.0,557.0,253.0,845.0,366.0,439.0,222.0,550.0,377.0,351.0
605.0,1747.0,347.0,903.0,762.0,948.0,1043.0,537.0,340.0,324.0,207.0,246.0,150.0,159.0,565.0,255.0,822.0,428.0,418.0,221.0,531.0,384.0,383.0
671.0,1719.0,365.0,927.0,804.0,977.0,1055.0,598.0,381.0,356.0,203.0,252.0,154.0,147.0,582.0,262.0,809.0,377.0,422.0,235.0,555.0,393.0,389.0
528.0,1552.0,340.0,839.0,685.0,923.0,1007.0,537.0,357.0,350.0,197.0,256.0,147.0,123.0,524.0,234.0,724.0,346.0,382.0,230.0,537.0,348.0,352.0
695.0,1609.0,351.0,990.0,867.0,995.0,1031.0,632.0,419.0,367.0,232.0,261.0,153.0,140.0,525.0,236.0,740.0,363.0,370.0,256.0,575.0,355.0,380.0
519.0,1589.0,346.0,831.0,738.0,885.0,966.0,525.0,328.0,316.0,192.0,252.0,147.0,149.0,561.0,258.0,773.0,363.0,390.0,222.0,521.0,352.0,356.0
541.0,1593.0,346.0,829.0,720.0,880.0,952.0,550.0,363.0,336.0,189.0,245.0,147.0,133.0,504.0,232.0,745.0,367.0,376.0,213.0,572.0,357.0,339.0
680.0,1735.0,378.0,929.0,815.0,985.0,1033.0,564.0,373.0,355.0,207.0,266.0,159.0,128.0,576.0,250.0,803.0,378.0,410.0,255.0,530.0,366.0,393.0
559.0,1603.0,323.0,865.0,725.0,955.0,986.0,560.0,355.0,347.0,197.0,235.0,144.0,148.0,551.0,254.0,766.0,369.0,391.0,216.0,552.0,354.0,363.0
610.0,1607.0,361.0,875.0,729.0,919.0,1031.0,553.0,392.0,360.0,206.0,268.0,157.0,157.0,540.0,252.0,752.0,348.0,377.0,251.0,563.0,370.0,363.0
545.0,1593.0,301.0,894.0,750.0,900.0,945.0,563.0,357.0,320.0,191.0,242.0,142.0,135.0,495.0,220.0,755.0,381.0,373.0,228.0,553.0,326.0,347.0
585.0,1575.0,340.0,965.0,796.0,940.0,1006.0,553.0,377.0,361.0,204.0,253.0,144.0,138.0,538.0,236.0,738.0,343.0,385.0,265.0,527.0,354.0,366.0
600.0,1633.0,347.0,911.0,812.0,943.0,1033.0,558.0,372.0,341.0,205.0,248.0,151.0,136.0,533.0,225.0,751.0,353.0,378.0,227.0,544.0,363.0,373.0
536.0,1628.0,332.0,862.0,712.0,903.0,996.0,518.0,338.0,330.0,193.0,235.0,146.0,146.0,557.0,237.0,771.0,376.0,401.0,213.0,519.0,363.0,343.0
631.0,1637.0,375.0,905.0,760.0,953.0,1042.0,571.0,385.0,356.0,216.0,275.0,157.0,144.0,554.0,246.0,776.0,382.0,387.0,219.0,570.0,374.0,375.0
520.0,1689.0,351.0,831.0,684.0,869.0,991.0,511.0,337.0,325.0,196.0,239.0,147.0,148.0,536.0,246.0,807.0,406.0,401.0,209.0,545.0,370.0,357.0
572.0,1614.0,348.0,899.0,836.0,965.0,994.0,561.0,341.0,330.0,190.0,251.0,143.0,135.0,558.0,243.0,782.0,410.0,394.0,232.0,539.0,357.0,374.0
548.0,1690.0,350.0,792.0,694.0,912.0,988.0,527.0,339.0,313.0,185.0,232.0,148.0,161.0,593.0,266.0,786.0,388.0,420.0,201.0,551.0,387.0,339.0
875.0,1692.0,399.0,1064.0,961.0,1088.0,1197.0,667.0,433.0,401.0,219.0,297.0,162.0,164.0,560.0,245.0,806.0,403.0,408.0,291.0,557.0,417.0,432.0
658.0,1628.0,349.0,916.0,734.0,981.0,1020.0,610.0,392.0,378.0,216.0,260.0,153.0,139.0,564.0,260.0,776.0,361.0,410.0,233.0,553.0,372.0,354.0
639.0,1537.0,337.0,968.0,883.0,999.0,1012.0,610.0,385.0,357.0,206.0,244.0,147.0,132.0,501.0,225.0,685.0,366.0,341.0,261.0,536.0,352.0,360.0
909.0,1695.0,388.0,1069.0,1077.0,1167.0,1145.0,748.0,439.0,395.0,217.0,285.0,158.0,154.0,571.0,260.0,822.0,403.0,422.0,283.0,544.0,400.0,454.0
659.0,1607.0,349.0,885.0,795.0,1019.0,1024.0,639.0,439.0,381.0,215.0,267.0,151.0,145.0,490.0,225.0,730.0,357.0,381.0,230.0,542.0,365.0,376.0
638.0,1646.0,342.0,942.0,825.0,1047.0,1000.0,591.0,354.0,329.0,196.0,232.0,141.0,145.0,530.0,234.0,753.0,424.0,403.0,261.0,546.0,370.0,364.0
612.0,1636.0,361.0,912.0,902.0,985.0,995.0,562.0,380.0,355.0,212.0,247.0,151.0,131.0,567.0,247.0,794.0,391.0,400.0,223.0,542.0,359.0,384.0
601.0,1636.0,349.0,915.0,847.0,909.0,1054.0,571.0,356.0,329.0,207.0,253.0,151.0,147.0,552.0,254.0,807.0,382.0,418.0,230.0,547.0,383.0,370.0
737.0,1670.0,376.0,921.0,818.0,1036.0,1057.0,646.0,421.0,392.0,205.0,267.0,157.0,145.0,597.0,268.0,826.0,363.0,411.0,245.0,561.0,391.0,359.0
614.0,1567.0,352.0,910.0,803.0,952.0,1001.0,588.0,387.0,358.0,201.0,260.0,160.0,136.0,520.0,235.0,755.0,352.0,375.0,247.0,557.0,365.0,355.0
520.0,1562.0,341.0,838.0,767.0,924.0,951.0,528.0,348.0,331.0,197.0,235.0,145.0,128.0,504.0,223.0,714.0,369.0,365.0,202.0,531.0,352.0,345.0
617.0,1717.0,357.0,865.0,715.0,962.0,1023.0,550.0,383.0,358.0,207.0,255.0,152.0,144.0,562.0,254.0,816.0,409.0,401.0,238.0,536.0,380.0,363.0
550.0,1594.0,332.0,859.0,754.0,932.0,1006.0,537.0,359.0,338.0,192.0,253.0,157.0,137.0,574.0,261.0,753.0,366.0,388.0,208.0,547.0,370.0,372.0
560.0,1492.0,343.0,922.0,776.0,943.0,1043.0,582.0,354.0,340.0,187.0,252.0,143.0,135.0,513.0,237.0,719.0,334.0,363.0,248.0,537.0,363.0,350.0
510.0,1604.0,327.0,849.0,725.0,902.0,988.0,521.0,346.0,320.0,186.0,217.0,139.0,143.0,541.0,235.0,792.0,367.0,413.0,217.0,536.0,365.0,340.0
780.0,1708.0,372.0,988.0,814.0,1037.0,1107.0,657.0,419.0,387.0,221.0,272.0,165.0,159.0,580.0,262.0,845.0,363.0,438.0,271.0,563.0,390.0,404.0
467.0,1582.0,349.0,835.0,662.0,864.0,956.0,501.0,321.0,306.0,183.0,215.0,140.0,147.0,524.0,233.0,726.0,384.0,392.0,213.0,527.0,372.0,341.0
595.0,1545.0,343.0,936.0,803.0,1014.0,995.0,603.0,380.0,348.0,206.0,243.0,145.0,135.0,490.0,219.0,686.0,400.0,363.0,247.0,532.0,351.0,368.0
542.0,1545.0,362.0,894.0,691.0,895.0,986.0,560.0,362.0,340.0,202.0,252.0,150.0,129.0,553.0,247.0,750.0,355.0,373.0,237.0,552.0,341.0,363.0
710.0,1667.0,389.0,922.0,799.0,956.0,1102.0,631.0,413.0,388.0,221.0,267.0,156.0,158.0,575.0,257.0,790.0,377.0,409.0,251.0,578.0,402.0,378.0
648.0,1587.0,356.0,921.0,854.0,984.0,1027.0,596.0,411.0,380.0,208.0,266.0,146.0,135.0,538.0,240.0,769.0,375.0,401.0,242.0,534.0,359.0,380.0
587.0,1566.0,339.0,830.0,859.0,1009.0,964.0,588.0,388.0,342.0,205.0,235.0,141.0,138.0,507.0,232.0,725.0,385.0,373.0,235.0,527.0,346.0,341.0
596.0,1593.0,360.0,915.0,791.0,935.0,1029.0,566.0,400.0,365.0,189.0,257.0,151.0,129.0,541.0,240.0,765.0,360.0,397.0,238.0,538.0,357.0,381.0
616.0,1594.0,344.0,946.0,813.0,965.0,1031.0,583.0,384.0,370.0,211.0,267.0,161.0,145.0,523.0,235.0,745.0,381.0,378.0,260.0,539.0,363.0,405.0
560.0,1705.0,341.0,854.0,743.0,906.0,963.0,524.0,350.0,321.0,198.0,237.0,153.0,147.0,556.0,248.0,817.0,415.0,399.0,221.0,536.0,358.0,362.0
781.0,1607.0,372.0,944.0,881.0,1049.0,1092.0,689.0,450.0,407.0,217.0,295.0,160.0,136.0,568.0,248.0,789.0,349.0,382.0,268.0,547.0,365.0,410.0
620.0,1570.0,357.0,937.0,838.0,1029.0,1011.0,595.0,376.0,366.0,213.0,245.0,155.0,138.0,533.0,250.0,723.0,350.0,377.0,257.0,551.0,352.0,360.0
631.0,1713.0,367.0,927.0,796.0,940.0,1026.0,535.0,351.0,346.0,204.0,246.0,156.0,157.0,591.0,254.0,790.0,412.0,393.0,243.0,549.0,394.0,377.0
508.0,1523.0,341.0,831.0,837.0,945.0,915.0,565.0,354.0,321.0,197.0,228.0,135.0,126.0,504.0,218.0,677.0,362.0,381.0,225.0,551.0,330.0,332.0
655.0,1640.0,332.0,963.0,832.0,993.0,993.0,600.0,388.0,369.0,225.0,253.0,152.0,121.0,545.0,234.0,752.0,398.0,381.0,259.0,545.0,340.0,388.0
652.0,1610.0,325.0,928.0,819.0,1014.0,1037.0,589.0,389.0,363.0,213.0,260.0,147.0,158.0,515.0,227.0,758.0,385.0,375.0,249.0,518.0,363.0,383.0
660.0,1634.0,360.0,911.0,755.0,1004.0,1015.0,612.0,397.0,375.0,210.0,250.0,145.0,138.0,528.0,237.0,774.0,362.0,373.0,229.0,554.0,372.0,353.0
519.0,1635.0,316.0,835.0,710.0,888.0,948.0,518.0,347.0,319.0,215.0,230.0,149.0,144.0,525.0,241.0,761.0,391.0,370.0,222.0,546.0,348.0,351.0
547.0,1617.0,338.0,897.0,659.0,921.0,1027.0,546.0,364.0,346.0,193.0,255.0,145.0,157.0,562.0,253.0,782.0,348.0,384.0,244.0,533.0,369.0,345.0
630.0,1651.0,337.0,866.0,845.0,953.0,1017.0,615.0,410.0,371.0,214.0,245.0,142.0,159.0,561.0,250.0,814.0,349.0,418.0,227.0,548.0,361.0,348.0
533.0,1638.0,348.0,817.0,665.0,893.0,981.0,531.0,357.0,330.0,192.0,258.0,146.0,149.0,544.0,245.0,799.0,384.0,399.0,206.0,537.0,368.0,360.0
542.0,1613.0,333.0,885.0,752.0,927.0,981.0,543.0,361.0,345.0,194.0,235.0,143.0,147.0,552.0,251.0,753.0,356.0,386.0,231.0,538.0,359.0,335.0
531.0,1587.0,356.0,813.0,741.0,897.0,986.0,509.0,357.0,339.0,201.0,235.0,150.0,151.0,534.0,241.0,747.0,371.0,390.0,207.0,534.0,376.0,350.0
632.0,1685.0,364.0,822.0,775.0,997.0,1016.0,576.0,400.0,368.0,219.0,257.0,156.0,147.0,579.0,250.0,797.0,360.0,421.0,222.0,554.0,349.0,374.0
702.0,1578.0,362.0,915.0,794.0,1024.0,1046.0,654.0,438.0,375.0,217.0,296.0,160.0,138.0,503.0,218.0,692.0,351.0,353.0,247.0,572.0,359.0,400.0
636.0,1635.0,350.0,957.0,789.0,999.0,1033.0,589.0,399.0,356.0,211.0,252.0,151.0,149.0,578.0,250.0,796.0,349.0,423.0,240.0,548.0,363.0,364.0
649.0,1678.0,375.0,916.0,718.0,929.0,1039.0,561.0,390.0,377.0,226.0,260.0,162.0,149.0,591.0,267.0,821.0,377.0,404.0,245.0,544.0,386.0,365.0
811.0,1697.0,381.0,1096.0,1005.0,1079.0,1120.0,651.0,395.0,369.0,221.0,268.0,164.0,150.0,561.0,247.0,782.0,402.0,402.0,288.0,546.0,371.0,414.0
740.0,1603.0,352.0,981.0,871.0,1060.0,1041.0,677.0,432.0,411.0,228.0,275.0,165.0,128.0,545.0,236.0,735.0,342.0,392.0,241.0,568.0,346.0,400.0
648.0,1566.0,363.0,883.0,747.0,1016.0,1031.0,636.0,414.0,375.0,207.0,265.0,158.0,140.0,559.0,249.0,749.0,341.0,383.0,238.0,521.0,367.0,379.0
594.0,1590.0,349.0,911.0,817.0,966.0,985.0,567.0,355.0,364.0,203.0,246.0,140.0,144.0,533.0,253.0,778.0,357.0,367.0,247.0,533.0,365.0,348.0
494.0,1572.0,318.0,812.0,684.0,873.0,941.0,518.0,356.0,315.0,193.0,236.0,144.0,161.0,560.0,250.0,776.0,356.0,402.0,206.0,524.0,359.0,321.0
529.0,1571.0,329.0,890.0,815.0,880.0,998.0,545.0,357.0,325.0,192.0,254.0,147.0,157.0,558.0,264.0,748.0,351.0,404.0,232.0,538.0,362.0,353.0
605.0,1642.0,345.0,918.0,779.0,960.0,1013.0,562.0,370.0,350.0,209.0,253.0,154.0,142.0,560.0,254.0,765.0,385.0,386.0,229.0,552.0,361.0,369.0
540.0,1623.0,330.0,823.0,722.0,906.0,995.0,530.0,355.0,342.0,201.0,253.0,150.0,149.0,570.0,257.0,787.0,366.0,397.0,229.0,558.0,355.0,340.0
556.0,1634.0,363.0,863.0,718.0,926.0,985.0,525.0,359.0,340.0,201.0,242.0,149.0,127.0,587.0,260.0,791.0,341.0,382.0,217.0,538.0,347.0,349.0
792.0,1668.0,380.0,995.0,983.0,1091.0,1062.0,673.0,417.0,376.0,210.0,282.0,155.0,138.0,544.0,234.0,759.0,405.0,374.0,267.0,558.0,354.0,420.0
750.0,1688.0,373.0,998.0,932.0,1041.0,1038.0,620.0,409.0,381.0,225.0,265.0,165.0,127.0,587.0,260.0,823.0,362.0,426.0,274.0,560.0,351.0,401.0
595.0,1642.0,345.0,874.0,751.0,982.0,974.0,576.0,379.0,325.0,185.0,248.0,151.0,126.0,565.0,266.0,772.0,364.0,406.0,231.0,528.0,355.0,370.0
598.0,1817.0,343.0,832.0,727.0,928.0,1003.0,515.0,358.0,337.0,220.0,242.0,165.0,152.0,601.0,256.0,855.0,415.0,410.0,222.0,561.0,374.0,347.0
710.0,1650.0,352.0,979.0,904.0,1012.0,1071.0,605.0,402.0,363.0,213.0,263.0,158.0,153.0,571.0,258.0,767.0,360.0,394.0,263.0,561.0,385.0,365.0
775.0,1785.0,383.0,1003.0,898.0,1074.0,1113.0,661.0,416.0,375.0,213.0,271.0,159.0,159.0,597.0,261.0,860.0,413.0,441.0,268.0,545.0,410.0,409.0
727.0,1659.0,371.0,974.0,850.0,1071.0,1064.0,667.0,419.0,380.0,213.0,264.0,153.0,144.0,592.0,258.0,803.0,354.0,408.0,257.0,542.0,383.0,390.0
721.0,1593.0,354.0,945.0,814.0,1070.0,1079.0,676.0,430.0,382.0,205.0,275.0,157.0,145.0,566.0,270.0,743.0,362.0,387.0,247.0,543.0,368.0,387.0
625.0,1608.0,370.0,908.0,761.0,963.0,1057.0,598.0,366.0,337.0,200.0,268.0,160.0,157.0,541.0,252.0,760.0,348.0,360.0,230.0,537.0,383.0,410.0
733.0,1718.0,344.0,948.0,805.0,1004.0,1062.0,631.0,414.0,375.0,210.0,272.0,165.0,147.0,606.0,271.0,840.0,406.0,442.0,241.0,555.0,366.0,397.0
674.0,1728.0,361.0,893.0,783.0,987.0,1053.0,584.0,393.0,365.0,220.0,267.0,153.0,160.0,590.0,253.0,817.0,401.0,416.0,234.0,553.0,380.0,361.0
595.0,1640.0,335.0,902.0,701.0,935.0,1009.0,551.0,365.0,356.0,208.0,244.0,154.0,146.0,546.0,233.0,747.0,393.0,386.0,233.0,542.0,377.0,359.0
493.0,1653.0,344.0,828.0,649.0,824.0,997.0,480.0,329.0,316.0,189.0,234.0,148.0,162.0,587.0,264.0,813.0,379.0,425.0,209.0,542.0,391.0,352.0
624.0,1675.0,347.0,922.0,739.0,920.0,1026.0,558.0,382.0,370.0,224.0,267.0,160.0,154.0,556.0,239.0,787.0,394.0,396.0,235.0,545.0,372.0,375.0
657.0,1558.0,364.0,1004.0,859.0,971.0,1063.0,581.0,399.0,374.0,220.0,275.0,158.0,143.0,511.0,224.0,712.0,356.0,372.0,284.0,541.0,369.0,394.0
661.0,1635.0,367.0,893.0,748.0,1043.0,1048.0,604.0,404.0,358.0,219.0,267.0,165.0,150.0,556.0,253.0,785.0,349.0,420.0,233.0,566.0,375.0,379.0
743.0,1639.0,370.0,1011.0,927.0,1041.0,1105.0,643.0,413.0,365.0,208.0,277.0,158.0,146.0,526.0,230.0,780.0,366.0,386.0,238.0,544.0,392.0,410.0
622.0,1622.0,355.0,894.0,829.0,949.0,1004.0,593.0,368.0,356.0,212.0,268.0,157.0,143.0,547.0,245.0,755.0,354.0,395.0,236.0,541.0,352.0,363.0
600.0,1632.0,358.0,865.0,781.0,968.0,1024.0,593.0,370.0,351.0,199.0,249.0,148.0,157.0,582.0,277.0,811.0,349.0,437.0,219.0,538.0,392.0,350.0
630.0,1626.0,349.0,929.0,783.0,972.0,1023.0,570.0,375.0,361.0,195.0,256.0,152.0,147.0,558.0,258.0,802.0,383.0,412.0,247.0,555.0,375.0,369.0
661.0,1700.0,369.0,839.0,768.0,1025.0,1055.0,607.0,380.0,349.0,202.0,268.0,157.0,150.0,600.0,264.0,836.0,381.0,443.0,225.0,546.0,384.0,383.0
611.0,1623.0,355.0,944.0,854.0,970.0,977.0,569.0,380.0,333.0,221.0,239.0,148.0,142.0,525.0,234.0,782.0,398.0,409.0,246.0,534.0,356.0,355.0
564.0,1618.0,337.0,849.0,809.0,968.0,982.0,585.0,362.0,342.0,219.0,227.0,137.0,156.0,509.0,224.0,737.0,402.0,361.0,222.0,542.0,361.0,344.0
720.0,1705.0,355.0,945.0,859.0,1009.0,1027.0,608.0,389.0,390.0,224.0,257.0,148.0,129.0,556.0,250.0,795.0,366.0,409.0,262.0,542.0,362.0,391.0
775.0,1763.0,362.0,1005.0,848.0,1088.0,1138.0,662.0,403.0,355.0,213.0,270.0,157.0,153.0,624.0,279.0,848.0,374.0,438.0,252.0,554.0,399.0,429.0
539.0,1578.0,343.0,891.0,816.0,903.0,1014.0,517.0,345.0,320.0,189.0,246.0,149.0,146.0,560.0,245.0,755.0,345.0,383.0,236.0,513.0,367.0,367.0
600.0,1635.0,359.0,889.0,727.0,975.0,994.0,586.0,376.0,362.0,203.0,247.0,148.0,136.0,539.0,240.0,763.0,366.0,393.0,245.0,550.0,364.0,344.0
599.0,1654.0,338.0,901.0,764.0,972.0,992.0,570.0,363.0,337.0,209.0,243.0,146.0,138.0,567.0,249.0,776.0,379.0,387.0,237.0,543.0,357.0,360.0
519.0,1555.0,350.0,868.0,719.0,905.0,997.0,534.0,340.0,317.0,192.0,245.0,148.0,139.0,510.0,217.0,697.0,384.0,349.0,224.0,531.0,359.0,377.0
640.0,1728.0,360.0,881.0,725.0,971.0,995.0,582.0,396.0,357.0,205.0,255.0,150.0,143.0,611.0,274.0,887.0,360.0,448.0,233.0,549.0,359.0,369.0
574.0,1571.0,334.0,867.0,834.0,929.0,987.0,559.0,369.0,358.0,195.0,242.0,145.0,147.0,509.0,236.0,704.0,369.0,368.0,245.0,535.0,358.0,358.0
634.0,1603.0,350.0,923.0,784.0,995.0,1037.0,576.0,372.0,348.0,207.0,268.0,154.0,153.0,534.0,235.0,766.0,353.0,377.0,246.0,564.0,371.0,356.0
505.0,1525.0,326.0,914.0,723.0,894.0,989.0,526.0,342.0,320.0,189.0,241.0,138.0,134.0,506.0,230.0,725.0,359.0,363.0,237.0,519.0,354.0,353.0
710.0,1703.0,329.0,933.0,849.0,1060.0,1052.0,613.0,419.0,364.0,213.0,261.0,154.0,138.0,609.0,280.0,806.0,376.0,450.0,262.0,534.0,362.0,374.0
664.0,1682.0,364.0,922.0,830.0,958.0,991.0,565.0,390.0,366.0,215.0,254.0,150.0,138.0,561.0,244.0,794.0,356.0,410.0,247.0,559.0,347.0,376.0
673.0,1775.0,359.0,893.0,741.0,978.0,1070.0,580.0,380.0,367.0,218.0,266.0,160.0,157.0,598.0,258.0,832.0,396.0,445.0,230.0,541.0,388.0,400.0
537.0,1658.0,339.0,851.0,811.0,929.0,977.0,510.0,333.0,335.0,197.0,234.0,142.0,161.0,566.0,236.0,788.0,382.0,401.0,225.0,542.0,374.0,355.0
545.0,1586.0,317.0,838.0,765.0,908.0,961.0,559.0,374.0,341.0,207.0,249.0,153.0,138.0,530.0,234.0,738.0,360.0,372.0,218.0,529.0,350.0,360.0
774.0,1676.0,363.0,1015.0,867.0,1078.0,1076.0,660.0,427.0,392.0,226.0,264.0,162.0,170.0,574.0,242.0,793.0,410.0,417.0,272.0,545.0,381.0,391.0
535.0,1522.0,341.0,895.0,684.0,939.0,980.0,559.0,373.0,371.0,226.0,252.0,152.0,146.0,506.0,222.0,691.0,366.0,335.0,240.0,535.0,332.0,369.0
603.0,1636.0,349.0,880.0,763.0,939.0,1023.0,592.0,377.0,363.0,215.0,265.0,149.0,152.0,561.0,254.0,797.0,373.0,400.0,236.0,538.0,369.0,353.0
520.0,1613.0,322.0,878.0,692.0,918.0,966.0,517.0,357.0,320.0,191.0,244.0,148.0,134.0,552.0,235.0,749.0,390.0,375.0,227.0,542.0,342.0,339.0
567.0,1639.0,326.0,857.0,706.0,955.0,979.0,566.0,379.0,356.0,211.0,244.0,147.0,143.0,526.0,240.0,780.0,396.0,388.0,213.0,554.0,356.0,338.0
587.0,1718.0,350.0,832.0,736.0,945.0,988.0,525.0,357.0,342.0,200.0,245.0,150.0,153.0,552.0,258.0,814.0,415.0,421.0,207.0,552.0,372.0,342.0
645.0,1696.0,340.0,919.0,803.0,987.0,1040.0,588.0,398.0,347.0,208.0,258.0,158.0,145.0,563.0,259.0,828.0,402.0,443.0,231.0,546.0,363.0,387.0
589.0,1650.0,335.0,858.0,749.0,925.0,999.0,563.0,381.0,356.0,211.0,253.0,156.0,148.0,548.0,247.0,748.0,374.0,370.0,221.0,541.0,364.0,374.0
598.0,1696.0,333.0,875.0,762.0,933.0,988.0,545.0,367.0,324.0,205.0,259.0,166.0,145.0,565.0,252.0,804.0,355.0,413.0,224.0,561.0,356.0,380.0
625.0,1655.0,335.0,904.0,783.0,953.0,1025.0,578.0,381.0,355.0,222.0,256.0,155.0,157.0,555.0,258.0,763.0,377.0,371.0,235.0,567.0,362.0,358.0
656.0,1622.0,359.0,916.0,742.0,995.0,1035.0,604.0,380.0,368.0,213.0,265.0,160.0,147.0,559.0,250.0,792.0,356.0,396.0,255.0,542.0,369.0,391.0
699.0,1640.0,349.0,966.0,834.0,1022.0,1083.0,643.0,403.0,373.0,211.0,260.0,162.0,146.0,531.0,242.0,785.0,348.0,391.0,250.0,543.0,369.0,370.0
600.0,1697.0,354.0,867.0,784.0,921.0,983.0,550.0,359.0,339.0,208.0,244.0,155.0,149.0,544.0,244.0,809.0,380.0,407.0,222.0,558.0,366.0,368.0
762.0,1663.0,351.0,936.0,850.0,1102.0,1066.0,669.0,437.0,401.0,219.0,275.0,164.0,155.0,560.0,245.0,738.0,383.0,401.0,258.0,530.0,370.0,379.0
587.0,1603.0,354.0,911.0,794.0,957.0,1010.0,585.0,355.0,331.0,192.0,252.0,151.0,137.0,523.0,245.0,743.0,361.0,385.0,237.0,532.0,360.0,381.0
634.0,1570.0,338.0,942.0,820.0,998.0,1095.0,587.0,383.0,371.0,201.0,260.0,152.0,144.0,538.0,241.0,751.0,339.0,365.0,262.0,526.0,338.0,388.0
662.0,1500.0,350.0,958.0,1046.0,991.0,1089.0,626.0,384.0,385.0,211.0,272.0,145.0,135.0,482.0,212.0,673.0,322.0,348.0,262.0,540.0,348.0,392.0
531.0,1648.0,332.0,795.0,657.0,908.0,945.0,533.0,338.0,347.0,200.0,252.0,152.0,148.0,535.0,225.0,741.0,394.0,358.0,210.0,553.0,336.0,368.0
529.0,1447.0,322.0,874.0,751.0,923.0,959.0,567.0,359.0,372.0,218.0,252.0,154.0,144.0,421.0,157.0,594.0,342.0,314.0,234.0,533.0,340.0,372.0
675.0,1703.0,378.0,969.0,806.0,982.0,1063.0,594.0,380.0,360.0,211.0,260.0,153.0,137.0,538.0,235.0,767.0,390.0,373.0,252.0,545.0,378.0,380.0
509.0,1538.0,328.0,825.0,712.0,933.0,969.0,557.0,362.0,327.0,201.0,239.0,142.0,141.0,485.0,220.0,703.0,332.0,353.0,217.0,530.0,315.0,341.0
578.0,1589.0,332.0,913.0,703.0,958.0,992.0,578.0,378.0,355.0,215.0,263.0,150.0,145.0,505.0,229.0,719.0,370.0,363.0,235.0,546.0,353.0,370.0
632.0,1735.0,364.0,897.0,751.0,941.0,1039.0,556.0,380.0,358.0,202.0,258.0,158.0,153.0,595.0,270.0,842.0,384.0,426.0,234.0,540.0,382.0,381.0
593.0,1644.0,347.0,959.0,831.0,933.0,1066.0,548.0,341.0,331.0,189.0,260.0,149.0,145.0,565.0,256.0,782.0,352.0,402.0,233.0,526.0,375.0,360.0
547.0,1542.0,327.0,851.0,740.0,951.0,1026.0,555.0,371.0,350.0,202.0,253.0,146.0,158.0,489.0,211.0,690.0,369.0,364.0,222.0,538.0,375.0,361.0
624.0,1640.0,340.0,904.0,819.0,1031.0,996.0,626.0,380.0,360.0,205.0,247.0,148.0,146.0,573.0,262.0,777.0,346.0,397.0,245.0,538.0,370.0,350.0
737.0,1675.0,368.0,950.0,903.0,1033.0,1044.0,654.0,448.0,392.0,221.0,264.0,154.0,140.0,572.0,264.0,803.0,418.0,404.0,258.0,549.0,355.0,378.0
624.0,1635.0,341.0,938.0,797.0,973.0,1058.0,578.0,376.0,340.0,197.0,275.0,160.0,147.0,546.0,248.0,777.0,350.0,378.0,246.0,556.0,383.0,365.0
548.0,1654.0,331.0,812.0,784.0,957.0,977.0,559.0,358.0,330.0,196.0,244.0,145.0,154.0,526.0,228.0,785.0,375.0,408.0,222.0,530.0,330.0,358.0
533.0,1564.0,335.0,927.0,720.0,896.0,1024.0,524.0,348.0,330.0,199.0,240.0,144.0,147.0,500.0,226.0,731.0,358.0,380.0,237.0,517.0,357.0,369.0
636.0,1736.0,343.0,894.0,730.0,953.0,1073.0,560.0,372.0,374.0,213.0,266.0,150.0,161.0,576.0,244.0,829.0,391.0,413.0,233.0,542.0,392.0,374.0
633.0,1616.0,345.0,966.0,852.0,951.0,1080.0,561.0,358.0,350.0,207.0,249.0,158.0,161.0,541.0,244.0,756.0,371.0,383.0,259.0,580.0,383.0,377.0
571.0,1590.0,325.0,892.0,732.0,922.0,991.0,567.0,370.0,346.0,213.0,246.0,150.0,151.0,536.0,233.0,725.0,382.0,366.0,234.0,544.0,358.0,361.0
481.0,1450.0,320.0,873.0,834.0,869.0,1011.0,523.0,332.0,310.0,161.0,232.0,129.0,127.0,491.0,220.0,663.0,360.0,349.0,234.0,548.0,333.0,375.0
730.0,1724.0,378.0,1034.0,964.0,1020.0,1089.0,583.0,385.0,354.0,206.0,263.0,151.0,149.0,592.0,265.0,849.0,370.0,418.0,282.0,538.0,374.0,409.0
519.0,1644.0,347.0,805.0,713.0,911.0,1012.0,505.0,345.0,323.0,195.0,223.0,144.0,156.0,538.0,235.0,761.0,402.0,380.0,188.0,529.0,385.0,363.0
610.0,1571.0,339.0,943.0,811.0,943.0,1042.0,605.0,381.0,337.0,197.0,261.0,152.0,133.0,510.0,218.0,728.0,356.0,381.0,255.0,546.0,349.0,386.0
596.0,1610.0,343.0,909.0,788.0,1019.0,1038.0,604.0,341.0,312.0,181.0,250.0,143.0,151.0,574.0,258.0,823.0,342.0,415.0,244.0,551.0,362.0,368.0
645.0,1523.0,361.0,947.0,877.0,1029.0,1059.0,634.0,413.0,367.0,223.0,268.0,165.0,150.0,528.0,222.0,658.0,385.0,328.0,257.0,548.0,366.0,388.0
757.0,1777.0,364.0,996.0,826.0,1025.0,1121.0,628.0,408.0,358.0,216.0,276.0,164.0,154.0,591.0,261.0,862.0,399.0,433.0,269.0,549.0,384.0,413.0
469.0,1466.0,313.0,847.0,743.0,893.0,922.0,540.0,342.0,333.0,200.0,232.0,144.0,133.0,479.0,208.0,646.0,319.0,326.0,229.0,529.0,330.0,342.0
699.0,1673.0,360.0,947.0,823.0,1061.0,1055.0,622.0,407.0,384.0,228.0,255.0,163.0,170.0,536.0,244.0,778.0,420.0,386.0,246.0,545.0,389.0,381.0
618.0,1537.0,364.0,969.0,808.0,972.0,1024.0,590.0,359.0,354.0,206.0,263.0,154.0,133.0,522.0,229.0,712.0,362.0,362.0,254.0,547.0,352.0,381.0
606.0,1741.0,338.0,875.0,751.0,961.0,1035.0,540.0,351.0,326.0,203.0,242.0,153.0,158.0,597.0,273.0,868.0,389.0,428.0,225.0,556.0,385.0,350.0
725.0,1700.0,348.0,935.0,839.0,1058.0,1063.0,652.0,422.0,388.0,221.0,253.0,151.0,142.0,547.0,244.0,785.0,392.0,405.0,247.0,564.0,368.0,390.0
541.0,1587.0,327.0,868.0,718.0,926.0,1001.0,543.0,345.0,355.0,207.0,232.0,145.0,153.0,535.0,238.0,723.0,390.0,375.0,222.0,541.0,377.0,363.0
832.0,1691.0,375.0,1074.0,955.0,1109.0,1161.0,698.0,418.0,391.0,218.0,290.0,162.0,144.0,566.0,245.0,813.0,353.0,437.0,288.0,582.0,391.0,415.0
671.0,1707.0,333.0,955.0,874.0,1008.0,1067.0,593.0,355.0,355.0,211.0,245.0,155.0,156.0,564.0,255.0,814.0,371.0,413.0,255.0,550.0,375.0,370.0
646.0,1718.0,350.0,907.0,935.0,957.0,1016.0,570.0,345.0,328.0,200.0,240.0,147.0,149.0,569.0,247.0,816.0,374.0,425.0,240.0,557.0,368.0,389.0
592.0,1717.0,338.0,877.0,732.0,952.0,1010.0,550.0,377.0,363.0,207.0,248.0,153.0,149.0,586.0,258.0,821.0,421.0,395.0,225.0,538.0,367.0,358.0
564.0,1612.0,338.0,902.0,720.0,923.0,1029.0,563.0,361.0,348.0,197.0,235.0,148.0,153.0,537.0,235.0,768.0,352.0,410.0,245.0,551.0,355.0,375.0
746.0,1721.0,367.0,1025.0,845.0,1038.0,1093.0,636.0,411.0,364.0,212.0,280.0,167.0,140.0,570.0,243.0,804.0,387.0,413.0,276.0,564.0,367.0,395.0
601.0,1654.0,352.0,931.0,738.0,970.0,1050.0,563.0,338.0,332.0,194.0,250.0,146.0,133.0,521.0,238.0,765.0,370.0,377.0,249.0,551.0,366.0,375.0
783.0,1633.0,366.0,1046.0,915.0,1085.0,1118.0,645.0,412.0,391.0,227.0,274.0,168.0,155.0,540.0,246.0,745.0,368.0,387.0,273.0,551.0,384.0,405.0
815.0,1665.0,386.0,1057.0,911.0,1076.0,1164.0,649.0,427.0,399.0,230.0,276.0,168.0,140.0,551.0,245.0,745.0,369.0,403.0,269.0,553.0,390.0,431.0
546.0,1545.0,340.0,881.0,810.0,957.0,1047.0,557.0,347.0,340.0,194.0,247.0,144.0,148.0,494.0,232.0,718.0,371.0,373.0,231.0,529.0,346.0,368.0
612.0,1619.0,344.0,929.0,713.0,968.0,1071.0,560.0,373.0,379.0,220.0,265.0,153.0,159.0,533.0,230.0,700.0,389.0,363.0,242.0,558.0,388.0,363.0
637.0,1648.0,336.0,925.0,781.0,1026.0,1038.0,590.0,393.0,374.0,221.0,243.0,149.0,156.0,545.0,242.0,762.0,410.0,403.0,237.0,557.0,380.0,363.0
720.0,1689.0,370.0,1016.0,946.0,1018.0,1125.0,613.0,395.0,355.0,211.0,248.0,145.0,164.0,564.0,252.0,808.0,370.0,431.0,266.0,548.0,400.0,388.0
548.0,1532.0,332.0,978.0,853.0,913.0,1006.0,515.0,343.0,318.0,201.0,227.0,145.0,154.0,479.0,206.0,689.0,377.0,358.0,260.0,523.0,367.0,360.0
757.0,1666.0,365.0,985.0,879.0,1051.0,1123.0,634.0,421.0,403.0,226.0,290.0,173.0,145.0,576.0,257.0,800.0,366.0,422.0,272.0,538.0,375.0,428.0
680.0,1578.0,383.0,994.0,922.0,1009.0,1112.0,625.0,375.0,346.0,210.0,279.0,161.0,139.0,551.0,245.0,776.0,350.0,391.0,270.0,541.0,356.0,398.0
776.0,1830.0,361.0,895.0,881.0,1014.0,1082.0,641.0,455.0,401.0,220.0,277.0,166.0,155.0,649.0,290.0,905.0,368.0,474.0,235.0,545.0,388.0,382.0
677.0,1583.0,357.0,950.0,822.0,1035.0,1052.0,650.0,418.0,379.0,216.0,262.0,153.0,148.0,510.0,220.0,740.0,384.0,392.0,255.0,525.0,364.0,375.0
569.0,1584.0,331.0,891.0,793.0,963.0,1031.0,579.0,375.0,328.0,196.0,245.0,147.0,157.0,513.0,217.0,737.0,376.0,375.0,232.0,533.0,365.0,346.0
615.0,1661.0,346.0,895.0,852.0,1012.0,998.0,589.0,364.0,354.0,204.0,242.0,143.0,143.0,561.0,245.0,783.0,405.0,416.0,224.0,547.0,352.0,368.0
616.0,1632.0,341.0,983.0,725.0,957.0,1037.0,582.0,365.0,347.0,210.0,270.0,155.0,135.0,550.0,237.0,786.0,353.0,394.0,267.0,531.0,355.0,377.0
708.0,1695.0,354.0,962.0,815.0,1053.0,1067.0,604.0,395.0,355.0,209.0,260.0,160.0,145.0,566.0,257.0,820.0,377.0,405.0,250.0,585.0,388.0,362.0
780.0,1762.0,363.0,991.0,1009.0,1023.0,1077.0,594.0,410.0,380.0,219.0,270.0,160.0,135.0,580.0,260.0,847.0,373.0,438.0,260.0,561.0,366.0,402.0
650.0,1593.0,358.0,926.0,894.0,994.0,1065.0,597.0,369.0,334.0,192.0,242.0,151.0,150.0,532.0,258.0,769.0,323.0,408.0,250.0,551.0,372.0,365.0
679.0,1707.0,367.0,986.0,888.0,945.0,1134.0,576.0,370.0,345.0,199.0,275.0,160.0,165.0,591.0,285.0,846.0,374.0,428.0,265.0,557.0,393.0,392.0
618.0,1620.0,348.0,875.0,854.0,1007.0,1067.0,614.0,360.0,341.0,195.0,243.0,149.0,139.0,510.0,227.0,718.0,345.0,361.0,228.0,550.0,362.0,388.0
650.0,1632.0,348.0,951.0,908.0,970.0,1068.0,581.0,366.0,350.0,202.0,260.0,151.0,159.0,533.0,240.0,763.0,389.0,391.0,256.0,542.0,359.0,373.0
610.0,1650.0,348.0,931.0,851.0,967.0,1050.0,553.0,368.0,335.0,193.0,248.0,150.0,144.0,561.0,257.0,763.0,372.0,394.0,252.0,538.0,358.0,365.0
518.0,1670.0,333.0,851.0,658.0,868.0,993.0,508.0,334.0,313.0,186.0,243.0,152.0,162.0,563.0,262.0,815.0,358.0,418.0,215.0,543.0,375.0,345.0
562.0,1570.0,328.0,903.0,832.0,957.0,1069.0,558.0,355.0,327.0,185.0,232.0,144.0,175.0,532.0,235.0,731.0,323.0,373.0,232.0,537.0,395.0,330.0
561.0,1701.0,355.0,875.0,713.0,890.0,1035.0,530.0,334.0,308.0,184.0,280.0,154.0,140.0,558.0,248.0,809.0,408.0,407.0,201.0,539.0,369.0,376.0
710.0,1593.0,355.0,982.0,847.0,1058.0,1138.0,667.0,388.0,371.0,210.0,265.0,154.0,156.0,527.0,238.0,752.0,377.0,388.0,265.0,549.0,381.0,386.0
694.0,1682.0,372.0,987.0,832.0,992.0,1059.0,616.0,397.0,373.0,210.0,268.0,153.0,145.0,562.0,236.0,792.0,391.0,407.0,250.0,561.0,388.0,394.0
689.0,1725.0,347.0,955.0,872.0,989.0,1079.0,592.0,381.0,366.0,214.0,262.0,157.0,158.0,549.0,254.0,781.0,405.0,394.0,232.0,541.0,368.0,394.0
693.0,1611.0,365.0,976.0,853.0,1002.0,1104.0,623.0,398.0,374.0,200.0,288.0,158.0,143.0,536.0,245.0,784.0,340.0,407.0,245.0,564.0,371.0,395.0
748.0,1631.0,353.0,1021.0,972.0,1146.0,1052.0,662.0,405.0,354.0,192.0,247.0,150.0,145.0,529.0,222.0,718.0,397.0,372.0,268.0,550.0,347.0,401.0
520.0,1667.0,319.0,830.0,685.0,884.0,980.0,507.0,344.0,308.0,191.0,222.0,144.0,143.0,589.0,265.0,796.0,389.0,421.0,207.0,558.0,367.0,352.0
752.0,1730.0,324.0,1002.0,973.0,1040.0,1108.0,605.0,414.0,380.0,225.0,275.0,157.0,172.0,549.0,250.0,794.0,403.0,385.0,266.0,546.0,385.0,412.0
651.0,1683.0,350.0,954.0,795.0,1006.0,1030.0,592.0,405.0,378.0,215.0,258.0,151.0,132.0,543.0,244.0,828.0,359.0,425.0,245.0,540.0,344.0,370.0
644.0,1692.0,355.0,891.0,756.0,950.0,1103.0,569.0,368.0,360.0,204.0,255.0,155.0,174.0,601.0,277.0,821.0,369.0,424.0,240.0,570.0,398.0,377.0
835.0,1676.0,370.0,1063.0,959.0,1105.0,1168.0,667.0,409.0,386.0,218.0,285.0,164.0,152.0,537.0,244.0,800.0,420.0,418.0,295.0,549.0,384.0,419.0
590.0,1562.0,328.0,854.0,697.0,967.0,992.0,596.0,383.0,362.0,195.0,268.0,153.0,143.0,518.0,231.0,706.0,365.0,374.0,225.0,548.0,362.0,384.0
691.0,1551.0,409.0,1060.0,965.0,1001.0,1170.0,593.0,379.0,350.0,221.0,265.0,161.0,146.0,492.0,216.0,652.0,340.0,337.0,266.0,543.0,398.0,417.0
562.0,1623.0,337.0,822.0,691.0,920.0,954.0,569.0,375.0,368.0,212.0,242.0,154.0,132.0,539.0,236.0,794.0,371.0,404.0,224.0,535.0,330.0,343.0
635.0,1630.0,342.0,931.0,780.0,969.0,1029.0,589.0,373.0,351.0,207.0,258.0,148.0,145.0,530.0,226.0,789.0,353.0,418.0,242.0,560.0,368.0,376.0
569.0,1550.0,331.0,841.0,826.0,950.0,943.0,565.0,396.0,367.0,206.0,237.0,140.0,140.0,510.0,230.0,705.0,338.0,369.0,220.0,542.0,331.0,336.0
625.0,1546.0,348.0,893.0,858.0,974.0,1022.0,610.0,394.0,371.0,207.0,247.0,147.0,134.0,517.0,233.0,704.0,347.0,375.0,243.0,537.0,338.0,366.0
692.0,1586.0,348.0,1002.0,890.0,990.0,1116.0,614.0,382.0,346.0,191.0,270.0,148.0,148.0,549.0,248.0,756.0,343.0,405.0,278.0,557.0,377.0,391.0
566.0,1688.0,341.0,843.0,749.0,927.0,1029.0,526.0,344.0,327.0,188.0,250.0,150.0,163.0,596.0,258.0,813.0,364.0,405.0,222.0,554.0,387.0,366.0
543.0,1563.0,348.0,884.0,782.0,922.0,997.0,535.0,358.0,346.0,215.0,243.0,152.0,160.0,495.0,224.0,708.0,410.0,362.0,225.0,532.0,385.0,353.0
631.0,1601.0,318.0,926.0,838.0,994.0,1041.0,605.0,388.0,374.0,211.0,252.0,147.0,143.0,539.0,221.0,714.0,343.0,383.0,260.0,537.0,347.0,387.0
595.0,1636.0,332.0,874.0,805.0,963.0,1023.0,592.0,357.0,343.0,204.0,234.0,148.0,138.0,550.0,252.0,791.0,324.0,409.0,226.0,513.0,357.0,343.0
610.0,1706.0,363.0,885.0,758.0,932.0,1018.0,573.0,375.0,358.0,204.0,262.0,148.0,140.0,593.0,264.0,839.0,361.0,450.0,212.0,571.0,364.0,363.0
869.0,1688.0,371.0,1106.0,1056.0,1125.0,1179.0,688.0,433.0,379.0,216.0,281.0,160.0,166.0,546.0,254.0,769.0,395.0,417.0,305.0,547.0,377.0,442.0
695.0,1602.0,339.0,935.0,891.0,1045.0,1071.0,635.0,405.0,380.0,225.0,258.0,151.0,154.0,504.0,212.0,729.0,365.0,388.0,240.0,566.0,382.0,397.0
603.0,1664.0,355.0,880.0,819.0,939.0,978.0,570.0,373.0,342.0,208.0,253.0,158.0,138.0,533.0,240.0,778.0,407.0,399.0,217.0,526.0,348.0,384.0
568.0,1602.0,336.0,855.0,740.0,953.0,1014.0,582.0,363.0,334.0,183.0,262.0,140.0,144.0,553.0,236.0,754.0,326.0,400.0,228.0,543.0,356.0,349.0
791.0,1656.0,368.0,1060.0,940.0,1085.0,1111.0,685.0,435.0,390.0,223.0,287.0,164.0,137.0,547.0,236.0,769.0,393.0,421.0,277.0,557.0,366.0,425.0
591.0,1646.0,316.0,873.0,778.0,939.0,1011.0,527.0,358.0,351.0,203.0,237.0,158.0,164.0,591.0,261.0,797.0,376.0,384.0,218.0,569.0,383.0,354.0
557.0,1594.0,327.0,894.0,793.0,913.0,993.0,529.0,358.0,346.0,193.0,239.0,152.0,129.0,538.0,241.0,723.0,326.0,376.0,234.0,563.0,350.0,350.0
523.0,1503.0,337.0,906.0,759.0,900.0,1003.0,521.0,337.0,333.0,195.0,231.0,144.0,138.0,506.0,217.0,708.0,367.0,391.0,240.0,538.0,333.0,350.0
726.0,1695.0,363.0,918.0,833.0,1042.0,1067.0,618.0,431.0,404.0,216.0,267.0,156.0,144.0,609.0,287.0,837.0,364.0,427.0,240.0,543.0,367.0,383.0
686.0,1570.0,371.0,976.0,896.0,1008.0,1061.0,600.0,388.0,356.0,210.0,251.0,161.0,133.0,529.0,230.0,726.0,363.0,391.0,268.0,586.0,352.0,418.0
573.0,1555.0,327.0,889.0,777.0,958.0,988.0,571.0,381.0,353.0,224.0,241.0,145.0,142.0,520.0,220.0,741.0,342.0,381.0,232.0,557.0,347.0,348.0
551.0,1515.0,365.0,875.0,745.0,970.0,1018.0,538.0,375.0,348.0,217.0,262.0,153.0,156.0,494.0,218.0,660.0,388.0,350.0,242.0,528.0,366.0,355.0
611.0,1631.0,366.0,901.0,811.0,965.0,1044.0,602.0,358.0,344.0,189.0,270.0,149.0,154.0,553.0,252.0,784.0,353.0,399.0,241.0,552.0,382.0,356.0
728.0,1722.0,379.0,959.0,937.0,1028.0,1164.0,627.0,384.0,337.0,202.0,265.0,158.0,161.0,584.0,265.0,807.0,325.0,415.0,243.0,552.0,395.0,408.0
556.0,1588.0,333.0,864.0,765.0,910.0,1017.0,548.0,364.0,336.0,198.0,247.0,148.0,140.0,522.0,227.0,742.0,356.0,389.0,211.0,540.0,340.0,376.0
766.0,1600.0,368.0,998.0,880.0,1082.0,1179.0,679.0,420.0,373.0,199.0,264.0,151.0,151.0,555.0,237.0,775.0,363.0,419.0,269.0,552.0,376.0,439.0
644.0,1648.0,357.0,919.0,778.0,988.0,1033.0,582.0,372.0,346.0,195.0,251.0,154.0,150.0,548.0,245.0,733.0,364.0,382.0,240.0,532.0,383.0,376.0
596.0,1654.0,342.0,896.0,778.0,978.0,1025.0,575.0,365.0,342.0,202.0,243.0,148.0,141.0,554.0,243.0,763.0,402.0,395.0,227.0,550.0,357.0,384.0
551.0,1692.0,340.0,843.0,672.0,903.0,991.0,515.0,351.0,336.0,208.0,252.0,155.0,169.0,531.0,237.0,780.0,401.0,390.0,210.0,550.0,377.0,354.0
625.0,1642.0,345.0,887.0,882.0,1043.0,1041.0,595.0,362.0,363.0,213.0,258.0,145.0,139.0,514.0,222.0,758.0,370.0,402.0,232.0,536.0,349.0,369.0
586.0,1601.0,352.0,902.0,778.0,994.0,1030.0,576.0,353.0,326.0,199.0,241.0,148.0,151.0,562.0,259.0,757.0,336.0,372.0,235.0,538.0,388.0,350.0
610.0,1601.0,345.0,915.0,803.0,960.0,1032.0,590.0,390.0,345.0,213.0,250.0,149.0,154.0,515.0,233.0,738.0,360.0,389.0,239.0,525.0,353.0,364.0
734.0,1611.0,372.0,1088.0,1054.0,1019.0,1185.0,584.0,365.0,339.0,193.0,252.0,151.0,166.0,513.0,245.0,725.0,375.0,370.0,285.0,552.0,381.0,411.0
637.0,1667.0,329.0,893.0,724.0,982.0,1046.0,600.0,365.0,360.0,198.0,252.0,156.0,164.0,576.0,263.0,813.0,358.0,423.0,243.0,566.0,376.0,358.0
566.0,1696.0,338.0,869.0,724.0,924.0,1002.0,542.0,372.0,339.0,205.0,252.0,150.0,150.0,559.0,254.0,805.0,407.0,411.0,222.0,540.0,370.0,352.0
713.0,1723.0,350.0,917.0,808.0,1033.0,1035.0,639.0,405.0,383.0,229.0,254.0,153.0,153.0,563.0,252.0,803.0,386.0,406.0,237.0,553.0,372.0,370.0
700.0,1655.0,366.0,995.0,902.0,1028.0,1152.0,615.0,399.0,366.0,204.0,262.0,151.0,170.0,578.0,257.0,795.0,363.0,414.0,258.0,534.0,396.0,394.0
627.0,1667.0,325.0,865.0,772.0,1006.0,1020.0,585.0,391.0,372.0,215.0,264.0,152.0,170.0,603.0,269.0,823.0,348.0,424.0,232.0,536.0,383.0,374.0
732.0,1746.0,343.0,911.0,782.0,1104.0,1080.0,678.0,432.0,355.0,203.0,250.0,150.0,148.0,581.0,241.0,825.0,391.0,436.0,225.0,554.0,371.0,383.0
659.0,1605.0,361.0,945.0,832.0,995.0,1075.0,595.0,373.0,383.0,225.0,279.0,151.0,154.0,540.0,243.0,742.0,381.0,397.0,251.0,544.0,361.0,403.0
564.0,1631.0,319.0,888.0,772.0,954.0,1019.0,562.0,368.0,329.0,202.0,252.0,146.0,182.0,556.0,245.0,764.0,395.0,405.0,231.0,542.0,373.0,355.0
702.0,1659.0,327.0,1005.0,883.0,1038.0,1095.0,637.0,378.0,357.0,214.0,248.0,156.0,149.0,544.0,245.0,778.0,355.0,406.0,258.0,551.0,352.0,411.0
583.0,1592.0,333.0,905.0,739.0,934.0,1037.0,581.0,369.0,363.0,199.0,263.0,148.0,140.0,512.0,218.0,720.0,368.0,375.0,227.0,545.0,355.0,384.0
661.0,1690.0,348.0,909.0,856.0,980.0,1062.0,597.0,395.0,381.0,217.0,252.0,158.0,158.0,604.0,268.0,838.0,342.0,421.0,229.0,544.0,390.0,392.0
623.0,1599.0,344.0,962.0,854.0,961.0,1122.0,602.0,385.0,341.0,198.0,259.0,155.0,156.0,573.0,254.0,769.0,335.0,410.0,250.0,538.0,385.0,380.0
460.0,1602.0,319.0,825.0,717.0,860.0,944.0,479.0,304.0,285.0,159.0,228.0,138.0,145.0,541.0,234.0,754.0,371.0,397.0,215.0,540.0,350.0,350.0
664.0,1702.0,336.0,906.0,764.0,988.0,1061.0,593.0,370.0,383.0,223.0,259.0,157.0,153.0,542.0,241.0,770.0,376.0,410.0,241.0,566.0,362.0,389.0
650.0,1592.0,373.0,957.0,828.0,959.0,1085.0,590.0,386.0,364.0,215.0,265.0,158.0,131.0,526.0,248.0,732.0,341.0,386.0,252.0,585.0,362.0,382.0
607.0,1740.0,312.0,809.0,721.0,950.0,968.0,562.0,381.0,372.0,219.0,253.0,157.0,157.0,545.0,237.0,808.0,377.0,417.0,213.0,526.0,358.0,363.0
665.0,1692.0,363.0,903.0,828.0,1008.0,1049.0,597.0,389.0,367.0,215.0,260.0,163.0,156.0,553.0,252.0,817.0,390.0,406.0,218.0,554.0,365.0,404.0
697.0,1713.0,339.0,899.0,764.0,1005.0,1027.0,600.0,410.0,411.0,216.0,250.0,153.0,153.0,579.0,255.0,824.0,361.0,403.0,248.0,541.0,369.0,362.0
661.0,1617.0,345.0,896.0,820.0,1022.0,1033.0,623.0,402.0,378.0,212.0,254.0,148.0,148.0,513.0,232.0,752.0,371.0,376.0,239.0,545.0,372.0,386.0
776.0,1620.0,350.0,980.0,1004.0,1099.0,1145.0,674.0,466.0,389.0,215.0,281.0,156.0,152.0,566.0,250.0,768.0,335.0,403.0,241.0,552.0,375.0,390.0
538.0,1577.0,336.0,870.0,729.0,900.0,1007.0,539.0,342.0,340.0,198.0,238.0,148.0,153.0,531.0,231.0,712.0,348.0,390.0,212.0,544.0,366.0,361.0
567.0,1616.0,334.0,831.0,703.0,958.0,1013.0,558.0,349.0,354.0,198.0,240.0,150.0,142.0,532.0,231.0,727.0,374.0,376.0,224.0,550.0,364.0,353.0
720.0,1673.0,341.0,1022.0,904.0,988.0,1108.0,623.0,383.0,381.0,219.0,256.0,160.0,157.0,542.0,241.0,794.0,370.0,412.0,272.0,568.0,388.0,395.0
545.0,1749.0,347.0,836.0,668.0,875.0,1012.0,483.0,330.0,326.0,206.0,232.0,148.0,165.0,576.0,260.0,831.0,403.0,402.0,205.0,572.0,398.0,355.0
674.0,1701.0,358.0,950.0,773.0,988.0,1056.0,591.0,385.0,364.0,210.0,252.0,150.0,151.0,568.0,245.0,794.0,367.0,414.0,240.0,545.0,382.0,394.0
561.0,1590.0,349.0,894.0,765.0,946.0,997.0,566.0,356.0,348.0,200.0,251.0,148.0,137.0,519.0,225.0,707.0,366.0,369.0,216.0,542.0,357.0,364.0
584.0,1667.0,340.0,852.0,722.0,982.0,1028.0,553.0,369.0,332.0,197.0,248.0,151.0,165.0,554.0,240.0,781.0,368.0,403.0,224.0,533.0,380.0,371.0
623.0,1573.0,346.0,981.0,874.0,953.0,1102.0,586.0,365.0,343.0,218.0,256.0,154.0,154.0,507.0,217.0,695.0,361.0,384.0,262.0,551.0,363.0,379.0
550.0,1547.0,330.0,851.0,801.0,937.0,1008.0,558.0,347.0,351.0,195.0,245.0,153.0,136.0,519.0,229.0,693.0,340.0,364.0,217.0,532.0,348.0,358.0
580.0,1632.0,333.0,899.0,784.0,969.0,992.0,570.0,375.0,352.0,207.0,241.0,142.0,160.0,531.0,239.0,762.0,357.0,398.0,239.0,519.0,366.0,337.0
705.0,1734.0,350.0,924.0,840.0,1009.0,1050.0,596.0,375.0,392.0,218.0,243.0,144.0,153.0,538.0,234.0,836.0,355.0,430.0,236.0,536.0,378.0,360.0
635.0,1686.0,326.0,925.0,785.0,962.0,1043.0,573.0,374.0,361.0,204.0,258.0,147.0,148.0,582.0,258.0,820.0,378.0,419.0,257.0,547.0,355.0,372.0
597.0,1656.0,335.0,931.0,781.0,974.0,992.0,584.0,374.0,340.0,205.0,244.0,151.0,153.0,528.0,236.0,755.0,366.0,372.0,230.0,551.0,363.0,356.0
609.0,1666.0,338.0,918.0,790.0,986.0,997.0,586.0,368.0,342.0,200.0,238.0,145.0,142.0,565.0,256.0,789.0,381.0,420.0,250.0,539.0,345.0,362.0
615.0,1685.0,332.0,893.0,802.0,988.0,1019.0,576.0,381.0,344.0,208.0,255.0,156.0,152.0,554.0,247.0,831.0,337.0,425.0,225.0,540.0,360.0,365.0
626.0,1744.0,336.0,857.0,824.0,988.0,1006.0,553.0,361.0,353.0,212.0,235.0,155.0,156.0,594.0,260.0,817.0,408.0,419.0,214.0,566.0,382.0,384.0
547.0,1588.0,322.0,866.0,692.0,948.0,1004.0,551.0,357.0,335.0,216.0,249.0,150.0,152.0,528.0,245.0,721.0,398.0,372.0,225.0,535.0,353.0,352.0
745.0,1602.0,378.0,1018.0,883.0,1040.0,1113.0,621.0,403.0,390.0,225.0,281.0,161.0,150.0,503.0,221.0,716.0,356.0,390.0,282.0,565.0,372.0,410.0
851.0,1764.0,365.0,1002.0,875.0,1168.0,1090.0,691.0,450.0,400.0,228.0,273.0,162.0,162.0,592.0,263.0,825.0,383.0,421.0,275.0,568.0,381.0,387.0
655.0,1713.0,350.0,905.0,769.0,961.0,1041.0,593.0,382.0,393.0,224.0,240.0,155.0,154.0,578.0,249.0,814.0,401.0,429.0,231.0,555.0,387.0,390.0
650.0,1654.0,343.0,869.0,755.0,1018.0,1051.0,612.0,399.0,367.0,225.0,247.0,153.0,153.0,546.0,238.0,780.0,373.0,392.0,219.0,565.0,375.0,382.0
528.0,1608.0,316.0,831.0,683.0,904.0,964.0,531.0,362.0,327.0,181.0,241.0,138.0,146.0,536.0,245.0,775.0,364.0,416.0,206.0,535.0,344.0,338.0
610.0,1662.0,326.0,935.0,857.0,946.0,1064.0,556.0,341.0,323.0,195.0,235.0,145.0,155.0,571.0,260.0,828.0,351.0,415.0,255.0,541.0,377.0,384.0
623.0,1678.0,330.0,879.0,719.0,987.0,1044.0,582.0,375.0,365.0,205.0,254.0,154.0,149.0,567.0,249.0,778.0,378.0,407.0,227.0,534.0,373.0,388.0
734.0,1741.0,361.0,975.0,815.0,1038.0,1065.0,609.0,383.0,369.0,220.0,264.0,160.0,160.0,562.0,264.0,808.0,406.0,398.0,262.0,587.0,372.0,389.0
661.0,1721.0,348.0,931.0,719.0,971.0,1091.0,595.0,384.0,360.0,224.0,263.0,161.0,160.0,555.0,247.0,810.0,369.0,412.0,240.0,555.0,387.0,371.0
632.0,1655.0,339.0,898.0,847.0,968.0,996.0,588.0,377.0,353.0,200.0,250.0,148.0,142.0,517.0,236.0,765.0,360.0,403.0,227.0,553.0,349.0,365.0
541.0,1643.0,326.0,878.0,704.0,919.0,991.0,527.0,346.0,327.0,192.0,234.0,147.0,147.0,546.0,243.0,800.0,363.0,414.0,223.0,531.0,361.0,333.0
506.0,1528.0,309.0,892.0,734.0,922.0,969.0,551.0,337.0,323.0,187.0,228.0,140.0,142.0,506.0,225.0,731.0,319.0,370.0,235.0,529.0,345.0,340.0
643.0,1610.0,363.0,997.0,850.0,951.0,1104.0,573.0,372.0,330.0,200.0,273.0,160.0,143.0,532.0,242.0,754.0,344.0,384.0,254.0,560.0,369.0,397.0
623.0,1591.0,353.0,891.0,780.0,1036.0,985.0,620.0,408.0,370.0,214.0,244.0,147.0,126.0,518.0,219.0,719.0,342.0,376.0,242.0,549.0,337.0,361.0
808.0,1674.0,361.0,964.0,986.0,1079.0,1147.0,666.0,438.0,396.0,238.0,282.0,154.0,153.0,559.0,241.0,793.0,378.0,407.0,260.0,567.0,390.0,403.0
601.0,1564.0,358.0,911.0,770.0,960.0,1029.0,569.0,388.0,347.0,207.0,244.0,142.0,147.0,556.0,241.0,774.0,362.0,408.0,250.0,530.0,372.0,365.0
625.0,1762.0,327.0,904.0,823.0,958.0,1002.0,571.0,347.0,320.0,192.0,260.0,153.0,148.0,549.0,236.0,774.0,375.0,395.0,244.0,559.0,366.0,362.0
671.0,1702.0,345.0,897.0,718.0,995.0,1111.0,630.0,407.0,371.0,210.0,270.0,153.0,165.0,591.0,260.0,787.0,354.0,410.0,247.0,560.0,389.0,358.0
778.0,1759.0,362.0,1029.0,873.0,1044.0,1165.0,630.0,389.0,375.0,221.0,268.0,158.0,179.0,568.0,248.0,809.0,412.0,405.0,271.0,560.0,380.0,403.0
689.0,1587.0,348.0,970.0,907.0,1009.0,1119.0,599.0,407.0,372.0,204.0,266.0,151.0,143.0,529.0,228.0,745.0,319.0,389.0,259.0,544.0,372.0,395.0
563.0,1517.0,336.0,881.0,734.0,936.0,1053.0,578.0,369.0,364.0,209.0,242.0,142.0,168.0,509.0,217.0,691.0,364.0,362.0,234.0,538.0,375.0,337.0
432.0,1533.0,315.0,802.0,656.0,857.0,913.0,487.0,317.0,305.0,180.0,219.0,132.0,137.0,511.0,220.0,716.0,371.0,365.0,215.0,549.0,342.0,330.0
804.0,1687.0,370.0,1004.0,888.0,1116.0,1093.0,695.0,443.0,397.0,215.0,268.0,155.0,144.0,531.0,237.0,766.0,397.0,395.0,277.0,578.0,375.0,402.0
686.0,1736.0,355.0,885.0,764.0,993.0,1082.0,611.0,419.0,361.0,208.0,279.0,157.0,169.0,610.0,286.0,871.0,373.0,444.0,223.0,552.0,412.0,398.0
556.0,1590.0,335.0,846.0,748.0,955.0,1001.0,554.0,358.0,363.0,201.0,235.0,142.0,142.0,520.0,227.0,738.0,394.0,397.0,215.0,543.0,360.0,355.0
657.0,1608.0,340.0,1007.0,849.0,968.0,1095.0,611.0,400.0,351.0,212.0,245.0,146.0,156.0,563.0,253.0,776.0,375.0,412.0,271.0,543.0,368.0,375.0
831.0,1685.0,359.0,1063.0,965.0,1044.0,1190.0,662.0,405.0,380.0,224.0,277.0,156.0,162.0,554.0,242.0,811.0,372.0,431.0,292.0,550.0,396.0,410.0
607.0,1575.0,340.0,893.0,758.0,981.0,1038.0,588.0,365.0,355.0,198.0,255.0,148.0,135.0,505.0,220.0,727.0,361.0,391.0,236.0,549.0,351.0,394.0
530.0,1615.0,334.0,835.0,775.0,920.0,989.0,532.0,335.0,330.0,191.0,240.0,147.0,149.0,542.0,251.0,775.0,353.0,403.0,223.0,533.0,345.0,360.0
741.0,1546.0,384.0,1032.0,912.0,999.0,1115.0,625.0,424.0,415.0,222.0,296.0,158.0,133.0,501.0,213.0,692.0,341.0,363.0,274.0,558.0,363.0,432.0
571.0,1539.0,354.0,930.0,844.0,947.0,1048.0,538.0,360.0,323.0,196.0,257.0,155.0,151.0,523.0,230.0,714.0,342.0,362.0,255.0,525.0,377.0,373.0
634.0,1685.0,344.0,899.0,788.0,958.0,1045.0,540.0,380.0,360.0,217.0,262.0,161.0,148.0,575.0,254.0,785.0,386.0,419.0,250.0,537.0,378.0,398.0
588.0,1572.0,354.0,972.0,845.0,984.0,1063.0,578.0,339.0,335.0,189.0,247.0,145.0,156.0,541.0,235.0,748.0,329.0,399.0,268.0,544.0,382.0,355.0
630.0,1576.0,354.0,923.0,826.0,1006.0,1068.0,591.0,386.0,348.0,198.0,277.0,150.0,140.0,497.0,226.0,700.0,342.0,370.0,242.0,549.0,360.0,390.0
687.0,1662.0,350.0,934.0,820.0,1083.0,1038.0,616.0,398.0,372.0,228.0,247.0,153.0,155.0,534.0,241.0,765.0,398.0,414.0,254.0,548.0,382.0,362.0
557.0,1487.0,358.0,940.0,874.0,945.0,993.0,555.0,363.0,341.0,204.0,240.0,147.0,128.0,506.0,231.0,665.0,364.0,359.0,238.0,548.0,316.0,369.0
675.0,1694.0,344.0,914.0,776.0,1010.0,1027.0,613.0,401.0,347.0,197.0,273.0,155.0,140.0,603.0,274.0,828.0,364.0,419.0,246.0,555.0,362.0,375.0
598.0,1610.0,335.0,880.0,724.0,977.0,1023.0,582.0,375.0,348.0,214.0,247.0,148.0,149.0,542.0,245.0,729.0,359.0,377.0,224.0,542.0,361.0,369.0
593.0,1701.0,348.0,882.0,743.0,938.0,1029.0,536.0,360.0,347.0,212.0,240.0,152.0,168.0,565.0,251.0,811.0,400.0,424.0,225.0,543.0,385.0,368.0
622.0,1653.0,353.0,921.0,676.0,968.0,1049.0,602.0,390.0,360.0,210.0,249.0,149.0,169.0,533.0,250.0,770.0,384.0,401.0,245.0,538.0,397.0,348.0
740.0,1605.0,349.0,1112.0,953.0,1065.0,1103.0,648.0,375.0,331.0,207.0,251.0,155.0,144.0,492.0,221.0,709.0,355.0,395.0,304.0,541.0,359.0,406.0
500.0,1530.0,332.0,882.0,750.0,872.0,1001.0,514.0,340.0,310.0,187.0,247.0,145.0,135.0,527.0,233.0,703.0,358.0,387.0,233.0,524.0,354.0,351.0
535.0,1601.0,356.0,853.0,745.0,940.0,996.0,552.0,339.0,343.0,195.0,248.0,153.0,141.0,521.0,236.0,767.0,350.0,405.0,215.0,538.0,361.0,362.0
687.0,1617.0,364.0,955.0,797.0,973.0,1055.0,637.0,390.0,366.0,207.0,275.0,160.0,143.0,539.0,245.0,786.0,352.0,417.0,270.0,558.0,361.0,398.0
605.0,1635.0,345.0,878.0,753.0,995.0,1019.0,608.0,353.0,327.0,190.0,230.0,142.0,143.0,560.0,264.0,794.0,353.0,433.0,245.0,535.0,366.0,358.0
516.0,1579.0,339.0,838.0,704.0,913.0,969.0,529.0,355.0,340.0,206.0,242.0,149.0,131.0,524.0,225.0,744.0,362.0,386.0,208.0,524.0,333.0,370.0
689.0,1627.0,363.0,1040.0,931.0,1009.0,1089.0,589.0,381.0,359.0,209.0,266.0,158.0,158.0,528.0,243.0,749.0,377.0,398.0,292.0,523.0,362.0,405.0
642.0,1585.0,348.0,899.0,866.0,1017.0,1033.0,636.0,403.0,362.0,206.0,253.0,144.0,144.0,507.0,226.0,726.0,343.0,404.0,248.0,533.0,358.0,375.0
554.0,1565.0,344.0,883.0,755.0,933.0,1005.0,555.0,363.0,333.0,199.0,250.0,147.0,151.0,519.0,233.0,735.0,378.0,394.0,233.0,535.0,365.0,367.0
514.0,1567.0,331.0,865.0,690.0,856.0,962.0,490.0,338.0,341.0,205.0,238.0,148.0,137.0,524.0,236.0,740.0,357.0,375.0,228.0,552.0,358.0,356.0
571.0,1683.0,380.0,873.0,736.0,898.0,1005.0,539.0,352.0,333.0,201.0,253.0,148.0,145.0,549.0,252.0,779.0,381.0,390.0,220.0,552.0,360.0,378.0
515.0,1572.0,347.0,784.0,691.0,921.0,957.0,554.0,360.0,332.0,184.0,248.0,144.0,134.0,534.0,244.0,771.0,360.0,394.0,215.0,542.0,349.0,355.0
805.0,1743.0,378.0,1003.0,865.0,1084.0,1115.0,645.0,424.0,396.0,233.0,283.0,171.0,164.0,588.0,258.0,821.0,373.0,434.0,261.0,567.0,394.0,428.0
674.0,1674.0,349.0,964.0,732.0,972.0,1077.0,588.0,368.0,368.0,220.0,275.0,160.0,148.0,558.0,260.0,805.0,354.0,409.0,256.0,560.0,381.0,402.0
584.0,1627.0,357.0,923.0,717.0,1012.0,1041.0,588.0,354.0,325.0,200.0,244.0,154.0,152.0,545.0,240.0,750.0,356.0,393.0,239.0,548.0,369.0,392.0
514.0,1605.0,310.0,803.0,640.0,903.0,1015.0,531.0,351.0,332.0,187.0,240.0,147.0,158.0,523.0,231.0,721.0,365.0,374.0,211.0,537.0,366.0,355.0
670.0,1658.0,347.0,899.0,820.0,1011.0,1063.0,637.0,407.0,358.0,204.0,258.0,158.0,153.0,575.0,257.0,808.0,363.0,426.0,244.0,560.0,378.0,375.0
691.0,1703.0,357.0,1009.0,823.0,985.0,1118.0,595.0,389.0,369.0,211.0,280.0,155.0,163.0,565.0,255.0,827.0,322.0,425.0,264.0,546.0,372.0,411.0
621.0,1640.0,348.0,963.0,818.0,1020.0,1071.0,580.0,359.0,334.0,193.0,257.0,152.0,155.0,544.0,237.0,738.0,406.0,397.0,258.0,555.0,383.0,380.0
493.0,1592.0,322.0,818.0,702.0,893.0,972.0,510.0,342.0,324.0,190.0,230.0,145.0,144.0,516.0,235.0,728.0,354.0,386.0,211.0,559.0,357.0,328.0
474.0,1512.0,327.0,820.0,705.0,878.0,924.0,492.0,333.0,316.0,197.0,240.0,145.0,130.0,521.0,250.0,736.0,325.0,384.0,210.0,534.0,341.0,332.0
538.0,1495.0,332.0,882.0,762.0,955.0,1019.0,567.0,368.0,354.0,199.0,237.0,138.0,137.0,492.0,220.0,677.0,335.0,360.0,223.0,531.0,348.0,348.0
720.0,1678.0,376.0,978.0,900.0,1007.0,1150.0,614.0,394.0,371.0,211.0,278.0,158.0,170.0,607.0,272.0,827.0,374.0,431.0,270.0,557.0,390.0,402.0
749.0,1708.0,353.0,1003.0,970.0,1052.0,1115.0,624.0,402.0,371.0,206.0,271.0,155.0,152.0,564.0,255.0,790.0,395.0,412.0,261.0,543.0,381.0,423.0
572.0,1595.0,337.0,840.0,768.0,964.0,1014.0,590.0,361.0,340.0,199.0,248.0,148.0,147.0,571.0,244.0,765.0,353.0,400.0,225.0,547.0,367.0,355.0
623.0,1677.0,345.0,917.0,789.0,979.0,1074.0,592.0,360.0,337.0,199.0,250.0,155.0,162.0,570.0,248.0,782.0,358.0,412.0,229.0,533.0,393.0,390.0
542.0,1559.0,314.0,872.0,770.0,960.0,978.0,545.0,364.0,334.0,197.0,241.0,146.0,145.0,497.0,218.0,721.0,335.0,379.0,250.0,592.0,338.0,353.0
567.0,1572.0,336.0,878.0,699.0,969.0,967.0,588.0,357.0,349.0,196.0,245.0,148.0,139.0,525.0,232.0,735.0,335.0,392.0,237.0,528.0,346.0,372.0
553.0,1627.0,343.0,828.0,753.0,907.0,984.0,549.0,372.0,324.0,192.0,243.0,146.0,148.0,571.0,249.0,772.0,358.0,412.0,200.0,537.0,357.0,354.0
623.0,1770.0,344.0,889.0,740.0,950.0,1030.0,543.0,374.0,354.0,214.0,240.0,154.0,150.0,595.0,255.0,840.0,395.0,453.0,222.0,548.0,379.0,375.0
676.0,1645.0,365.0,981.0,858.0,972.0,1088.0,584.0,388.0,371.0,210.0,272.0,157.0,147.0,535.0,246.0,755.0,374.0,403.0,265.0,538.0,362.0,409.0
623.0,1703.0,352.0,913.0,770.0,934.0,1041.0,557.0,370.0,333.0,201.0,275.0,157.0,158.0,608.0,275.0,857.0,355.0,450.0,247.0,570.0,371.0,383.0
496.0,1578.0,323.0,822.0,719.0,867.0,993.0,537.0,344.0,343.0,193.0,242.0,148.0,163.0,526.0,231.0,752.0,353.0,375.0,228.0,537.0,378.0,329.0
604.0,1514.0,319.0,1046.0,912.0,937.0,1040.0,568.0,365.0,359.0,202.0,253.0,150.0,127.0,505.0,232.0,714.0,372.0,369.0,288.0,541.0,338.0,368.0
747.0,1677.0,377.0,1060.0,995.0,1037.0,1137.0,605.0,374.0,315.0,188.0,265.0,153.0,146.0,584.0,263.0,768.0,364.0,408.0,271.0,559.0,389.0,442.0
554.0,1603.0,344.0,870.0,742.0,936.0,1010.0,551.0,364.0,352.0,204.0,250.0,149.0,134.0,556.0,240.0,748.0,393.0,396.0,220.0,555.0,354.0,358.0
524.0,1636.0,332.0,871.0,682.0,896.0,985.0,522.0,350.0,347.0,206.0,230.0,147.0,130.0,535.0,242.0,746.0,369.0,411.0,233.0,537.0,346.0,330.0
664.0,1644.0,368.0,931.0,791.0,1006.0,1068.0,571.0,380.0,369.0,212.0,260.0,153.0,148.0,535.0,233.0,778.0,358.0,407.0,251.0,557.0,364.0,388.0
588.0,1680.0,334.0,845.0,815.0,977.0,1006.0,603.0,355.0,329.0,199.0,250.0,147.0,140.0,560.0,250.0,809.0,366.0,414.0,218.0,549.0,356.0,368.0
628.0,1620.0,370.0,973.0,823.0,956.0,1061.0,566.0,385.0,356.0,202.0,253.0,152.0,136.0,548.0,247.0,793.0,353.0,425.0,262.0,550.0,361.0,363.0
598.0,1579.0,345.0,942.0,762.0,972.0,1003.0,577.0,387.0,360.0,207.0,245.0,148.0,157.0,512.0,236.0,737.0,347.0,396.0,257.0,566.0,362.0,348.0
731.0,1734.0,360.0,891.0,807.0,1024.0,1041.0,626.0,431.0,405.0,240.0,266.0,165.0,159.0,544.0,233.0,798.0,384.0,426.0,243.0,573.0,370.0,384.0
554.0,1545.0,315.0,831.0,737.0,940.0,968.0,575.0,379.0,361.0,202.0,248.0,145.0,138.0,534.0,242.0,770.0,330.0,406.0,214.0,522.0,346.0,338.0
608.0,1665.0,357.0,911.0,721.0,920.0,1028.0,547.0,369.0,334.0,206.0,263.0,155.0,151.0,583.0,270.0,817.0,388.0,435.0,243.0,524.0,332.0,366.0
644.0,1567.0,351.0,914.0,881.0,1002.0,1053.0,587.0,404.0,365.0,206.0,260.0,142.0,146.0,531.0,217.0,720.0,338.0,396.0,247.0,553.0,357.0,374.0
609.0,1612.0,349.0,911.0,739.0,951.0,1030.0,590.0,371.0,354.0,196.0,263.0,157.0,142.0,523.0,226.0,750.0,387.0,395.0,244.0,561.0,370.0,384.0
543.0,1513.0,329.0,838.0,839.0,955.0,1003.0,600.0,374.0,332.0,195.0,241.0,155.0,142.0,515.0,233.0,733.0,324.0,407.0,213.0,524.0,362.0,342.0
700.0,1657.0,358.0,963.0,786.0,1027.0,1072.0,632.0,399.0,375.0,210.0,262.0,153.0,151.0,568.0,257.0,795.0,366.0,405.0,255.0,564.0,377.0,382.0
563.0,1578.0,350.0,919.0,749.0,931.0,1014.0,562.0,362.0,322.0,190.0,248.0,149.0,142.0,527.0,228.0,719.0,357.0,390.0,248.0,556.0,364.0,377.0
546.0,1657.0,343.0,873.0,663.0,902.0,1008.0,545.0,351.0,340.0,201.0,242.0,150.0,153.0,560.0,254.0,797.0,366.0,419.0,216.0,561.0,366.0,337.0
574.0,1492.0,338.0,976.0,805.0,951.0,1032.0,587.0,365.0,348.0,193.0,248.0,143.0,155.0,507.0,233.0,687.0,326.0,376.0,267.0,526.0,361.0,363.0
957.0,1711.0,370.0,1146.0,1034.0,1127.0,1211.0,724.0,472.0,456.0,247.0,302.0,166.0,162.0,600.0,280.0,829.0,381.0,474.0,298.0,581.0,397.0,425.0
537.0,1565.0,350.0,842.0,802.0,909.0,948.0,562.0,355.0,343.0,198.0,240.0,145.0,134.0,521.0,240.0,744.0,416.0,381.0,233.0,533.0,350.0,353.0
544.0,1525.0,323.0,872.0,736.0,895.0,1017.0,563.0,368.0,340.0,185.0,257.0,146.0,135.0,516.0,236.0,728.0,326.0,391.0,226.0,555.0,349.0,339.0
671.0,1738.0,340.0,900.0,804.0,974.0,1026.0,594.0,393.0,366.0,213.0,269.0,152.0,150.0,591.0,272.0,852.0,362.0,447.0,241.0,539.0,369.0,360.0
712.0,1718.0,378.0,1018.0,980.0,1001.0,1112.0,597.0,392.0,353.0,201.0,259.0,159.0,159.0,582.0,262.0,830.0,376.0,426.0,252.0,554.0,384.0,409.0
596.0,1602.0,363.0,879.0,715.0,927.0,1019.0,557.0,357.0,372.0,216.0,252.0,153.0,140.0,492.0,219.0,702.0,379.0,376.0,246.0,558.0,354.0,388.0
647.0,1667.0,360.0,905.0,813.0,1002.0,990.0,615.0,407.0,357.0,204.0,253.0,147.0,136.0,501.0,233.0,769.0,362.0,403.0,234.0,554.0,357.0,353.0
580.0,1560.0,335.0,882.0,762.0,956.0,981.0,581.0,379.0,369.0,213.0,240.0,148.0,135.0,527.0,230.0,724.0,346.0,397.0,230.0,554.0,341.0,367.0
653.0,1598.0,325.0,942.0,810.0,1008.0,1052.0,627.0,396.0,378.0,213.0,277.0,149.0,119.0,528.0,236.0,745.0,364.0,404.0,245.0,520.0,354.0,391.0
594.0,1684.0,356.0,950.0,677.0,908.0,1037.0,546.0,347.0,356.0,191.0,265.0,147.0,145.0,576.0,252.0,795.0,380.0,426.0,259.0,551.0,365.0,341.0
534.0,1557.0,345.0,880.0,649.0,899.0,985.0,556.0,362.0,336.0,202.0,249.0,144.0,145.0,530.0,242.0,750.0,345.0,388.0,232.0,535.0,331.0,362.0
583.0,1656.0,348.0,860.0,735.0,897.0,1031.0,558.0,375.0,355.0,205.0,247.0,150.0,173.0,556.0,262.0,825.0,362.0,431.0,228.0,557.0,389.0,335.0
487.0,1521.0,334.0,830.0,663.0,848.0,960.0,537.0,363.0,342.0,193.0,236.0,140.0,145.0,493.0,217.0,720.0,330.0,369.0,211.0,545.0,364.0,333.0
548.0,1507.0,335.0,961.0,852.0,895.0,1048.0,538.0,333.0,298.0,184.0,237.0,140.0,155.0,485.0,217.0,678.0,350.0,357.0,260.0,519.0,364.0,371.0
465.0,1473.0,314.0,832.0,724.0,881.0,942.0,538.0,353.0,311.0,182.0,220.0,130.0,120.0,471.0,203.0,690.0,317.0,369.0,224.0,523.0,322.0,333.0
611.0,1651.0,347.0,918.0,754.0,949.0,1057.0,547.0,358.0,358.0,206.0,250.0,151.0,162.0,538.0,243.0,777.0,372.0,407.0,245.0,533.0,381.0,365.0
775.0,1685.0,353.0,1002.0,878.0,1074.0,1083.0,636.0,425.0,398.0,229.0,277.0,169.0,144.0,589.0,275.0,812.0,361.0,416.0,269.0,548.0,370.0,408.0
569.0,1586.0,338.0,921.0,766.0,918.0,1024.0,572.0,354.0,341.0,198.0,250.0,148.0,148.0,525.0,227.0,766.0,370.0,393.0,250.0,518.0,348.0,370.0
615.0,1625.0,346.0,944.0,773.0,978.0,1064.0,602.0,368.0,354.0,204.0,263.0,153.0,158.0,491.0,211.0,725.0,394.0,380.0,252.0,550.0,381.0,364.0
737.0,1763.0,370.0,1019.0,965.0,1029.0,1128.0,608.0,365.0,324.0,189.0,270.0,157.0,158.0,607.0,263.0,880.0,377.0,465.0,275.0,565.0,385.0,403.0
656.0,1574.0,350.0,969.0,985.0,1019.0,1077.0,614.0,355.0,337.0,185.0,255.0,141.0,145.0,496.0,227.0,716.0,382.0,364.0,282.0,545.0,342.0,366.0
646.0,1655.0,340.0,912.0,748.0,1038.0,1059.0,600.0,382.0,369.0,234.0,253.0,159.0,171.0,549.0,244.0,727.0,368.0,396.0,235.0,541.0,388.0,373.0
563.0,1585.0,339.0,868.0,760.0,980.0,1034.0,587.0,359.0,328.0,185.0,250.0,140.0,148.0,554.0,257.0,765.0,330.0,415.0,226.0,530.0,366.0,342.0
663.0,1674.0,342.0,906.0,861.0,987.0,1032.0,599.0,399.0,358.0,198.0,262.0,153.0,146.0,547.0,243.0,787.0,360.0,428.0,254.0,538.0,353.0,384.0
708.0,1703.0,361.0,953.0,854.0,1020.0,1089.0,610.0,408.0,359.0,210.0,270.0,158.0,157.0,579.0,263.0,802.0,379.0,422.0,248.0,558.0,395.0,392.0
644.0,1656.0,355.0,940.0,725.0,939.0,1057.0,569.0,382.0,386.0,219.0,260.0,150.0,170.0,568.0,251.0,808.0,361.0,434.0,265.0,556.0,385.0,375.0
539.0,1557.0,347.0,835.0,684.0,882.0,989.0,560.0,339.0,350.0,189.0,258.0,145.0,142.0,526.0,238.0,749.0,368.0,395.0,215.0,568.0,345.0,353.0
550.0,1568.0,337.0,817.0,758.0,922.0,983.0,552.0,379.0,355.0,210.0,260.0,152.0,151.0,510.0,233.0,726.0,343.0,376.0,222.0,536.0,365.0,369.0
567.0,1592.0,324.0,910.0,678.0,930.0,1038.0,564.0,360.0,355.0,210.0,251.0,146.0,164.0,517.0,233.0,765.0,335.0,389.0,251.0,542.0,371.0,345.0
539.0,1577.0,327.0,863.0,706.0,877.0,1038.0,555.0,351.0,352.0,196.0,255.0,143.0,147.0,515.0,231.0,750.0,358.0,374.0,231.0,525.0,364.0,374.0
520.0,1548.0,348.0,864.0,670.0,888.0,952.0,512.0,350.0,344.0,203.0,245.0,149.0,134.0,561.0,255.0,757.0,342.0,382.0,226.0,546.0,343.0,350.0
659.0,1751.0,357.0,919.0,743.0,979.0,1049.0,594.0,378.0,360.0,207.0,264.0,155.0,162.0,572.0,247.0,832.0,384.0,438.0,250.0,570.0,374.0,373.0
712.0,1628.0,352.0,946.0,832.0,1020.0,1076.0,643.0,418.0,401.0,220.0,275.0,158.0,157.0,518.0,222.0,751.0,358.0,394.0,242.0,557.0,376.0,384.0
619.0,1496.0,375.0,986.0,889.0,992.0,1060.0,568.0,346.0,358.0,207.0,249.0,152.0,121.0,473.0,218.0,699.0,322.0,413.0,258.0,510.0,332.0,398.0
516.0,1595.0,315.0,825.0,702.0,935.0,952.0,537.0,336.0,344.0,194.0,246.0,141.0,148.0,544.0,248.0,785.0,339.0,401.0,222.0,504.0,354.0,328.0
637.0,1606.0,342.0,987.0,813.0,995.0,1057.0,573.0,353.0,357.0,204.0,260.0,150.0,145.0,518.0,233.0,746.0,401.0,398.0,266.0,553.0,363.0,380.0
583.0,1720.0,346.0,864.0,692.0,880.0,997.0,531.0,355.0,334.0,204.0,250.0,157.0,142.0,586.0,257.0,820.0,370.0,407.0,222.0,554.0,365.0,384.0
705.0,1696.0,364.0,948.0,782.0,1043.0,1055.0,627.0,400.0,370.0,204.0,264.0,158.0,162.0,585.0,261.0,778.0,410.0,428.0,240.0,551.0,384.0,400.0
634.0,1662.0,350.0,915.0,793.0,999.0,1039.0,581.0,361.0,358.0,199.0,249.0,152.0,150.0,578.0,260.0,797.0,372.0,428.0,242.0,547.0,373.0,374.0
691.0,1777.0,360.0,941.0,850.0,990.0,1104.0,580.0,391.0,374.0,210.0,256.0,158.0,157.0,596.0,264.0,855.0,400.0,451.0,239.0,537.0,385.0,421.0
466.0,1520.0,332.0,842.0,655.0,864.0,957.0,512.0,323.0,310.0,180.0,245.0,135.0,133.0,506.0,220.0,695.0,342.0,361.0,224.0,527.0,332.0,358.0
591.0,1570.0,345.0,961.0,857.0,952.0,1028.0,536.0,349.0,331.0,188.0,245.0,147.0,138.0,501.0,230.0,699.0,373.0,373.0,262.0,537.0,358.0,360.0
649.0,1655.0,345.0,889.0,761.0,990.0,1012.0,606.0,388.0,353.0,214.0,276.0,155.0,146.0,583.0,264.0,836.0,359.0,440.0,230.0,533.0,372.0,366.0
569.0,1610.0,338.0,915.0,799.0,925.0,1022.0,531.0,350.0,328.0,200.0,248.0,155.0,152.0,552.0,245.0,756.0,386.0,396.0,228.0,552.0,360.0,365.0
548.0,1579.0,324.0,874.0,694.0,930.0,969.0,556.0,359.0,347.0,201.0,245.0,146.0,152.0,507.0,235.0,755.0,350.0,389.0,235.0,546.0,358.0,345.0
616.0,1633.0,350.0,908.0,786.0,963.0,1064.0,593.0,371.0,357.0,214.0,262.0,165.0,151.0,546.0,247.0,766.0,337.0,393.0,228.0,546.0,378.0,383.0
543.0,1605.0,342.0,820.0,719.0,950.0,972.0,546.0,362.0,323.0,193.0,244.0,153.0,136.0,557.0,257.0,792.0,348.0,424.0,205.0,527.0,345.0,350.0
543.0,1677.0,331.0,881.0,785.0,931.0,1007.0,517.0,343.0,314.0,190.0,229.0,148.0,144.0,552.0,243.0,813.0,395.0,434.0,225.0,545.0,367.0,362.0
496.0,1628.0,325.0,762.0,672.0,903.0,897.0,540.0,342.0,303.0,182.0,230.0,142.0,123.0,540.0,240.0,760.0,400.0,403.0,208.0,555.0,325.0,329.0
659.0,1564.0,348.0,958.0,855.0,971.0,1092.0,598.0,394.0,363.0,209.0,300.0,160.0,144.0,537.0,242.0,750.0,339.0,409.0,242.0,540.0,367.0,400.0
466.0,1606.0,359.0,818.0,672.0,816.0,971.0,471.0,310.0,310.0,190.0,242.0,147.0,150.0,544.0,267.0,819.0,345.0,403.0,215.0,523.0,356.0,328.0
530.0,1537.0,341.0,901.0,759.0,961.0,930.0,562.0,345.0,323.0,200.0,228.0,147.0,132.0,514.0,227.0,685.0,374.0,362.0,239.0,536.0,317.0,370.0
605.0,1593.0,350.0,872.0,799.0,966.0,1050.0,542.0,363.0,375.0,217.0,250.0,153.0,173.0,502.0,220.0,754.0,363.0,406.0,247.0,522.0,392.0,363.0
710.0,1646.0,363.0,970.0,858.0,1011.0,1084.0,611.0,399.0,349.0,201.0,253.0,154.0,160.0,575.0,260.0,796.0,370.0,446.0,251.0,545.0,382.0,402.0
625.0,1601.0,336.0,911.0,779.0,994.0,1007.0,600.0,374.0,358.0,203.0,255.0,150.0,141.0,548.0,245.0,776.0,324.0,421.0,231.0,534.0,351.0,389.0
560.0,1603.0,331.0,864.0,762.0,938.0,987.0,578.0,378.0,351.0,198.0,239.0,145.0,144.0,510.0,227.0,752.0,412.0,413.0,226.0,523.0,351.0,339.0
605.0,1710.0,340.0,853.0,719.0,974.0,1015.0,569.0,377.0,345.0,208.0,246.0,152.0,143.0,566.0,253.0,818.0,388.0,432.0,222.0,524.0,374.0,370.0
634.0,1670.0,356.0,884.0,698.0,972.0,1052.0,588.0,388.0,351.0,216.0,257.0,154.0,164.0,539.0,243.0,802.0,380.0,426.0,228.0,565.0,393.0,357.0
619.0,1628.0,349.0,951.0,797.0,912.0,1048.0,566.0,363.0,343.0,191.0,255.0,148.0,139.0,554.0,240.0,809.0,338.0,445.0,257.0,566.0,366.0,375.0
616.0,1671.0,361.0,942.0,805.0,939.0,1023.0,544.0,356.0,327.0,187.0,245.0,140.0,153.0,578.0,248.0,803.0,386.0,408.0,260.0,561.0,364.0,373.0
656.0,1606.0,335.0,872.0,800.0,960.0,1030.0,605.0,432.0,387.0,206.0,284.0,158.0,149.0,566.0,256.0,761.0,362.0,422.0,235.0,544.0,363.0,374.0
651.0,1578.0,328.0,923.0,779.0,1039.0,1025.0,645.0,413.0,386.0,221.0,252.0,146.0,153.0,534.0,240.0,754.0,369.0,419.0,251.0,536.0,366.0,352.0
485.0,1553.0,310.0,785.0,690.0,931.0,954.0,551.0,354.0,337.0,187.0,226.0,140.0,153.0,493.0,235.0,727.0,342.0,375.0,191.0,529.0,371.0,328.0
641.0,1640.0,348.0,910.0,771.0,985.0,1053.0,580.0,384.0,362.0,220.0,254.0,156.0,143.0,529.0,233.0,753.0,366.0,414.0,228.0,543.0,365.0,375.0
656.0,1653.0,363.0,961.0,863.0,954.0,1097.0,557.0,369.0,364.0,212.0,247.0,155.0,150.0,538.0,234.0,759.0,377.0,408.0,257.0,538.0,389.0,376.0
589.0,1596.0,340.0,903.0,765.0,980.0,1028.0,596.0,361.0,350.0,203.0,254.0,147.0,143.0,526.0,234.0,721.0,368.0,387.0,231.0,538.0,362.0,379.0
735.0,1691.0,362.0,971.0,858.0,1029.0,1115.0,605.0,413.0,372.0,209.0,270.0,164.0,148.0,561.0,260.0,803.0,355.0,424.0,258.0,538.0,384.0,381.0
811.0,1654.0,365.0,1036.0,1018.0,1103.0,1147.0,656.0,415.0,395.0,226.0,278.0,161.0,150.0,559.0,251.0,776.0,373.0,425.0,282.0,550.0,360.0,422.0
536.0,1583.0,332.0,834.0,647.0,922.0,1004.0,558.0,337.0,358.0,208.0,249.0,145.0,151.0,497.0,224.0,714.0,365.0,392.0,204.0,536.0,362.0,351.0
634.0,1708.0,344.0,923.0,728.0,946.0,1009.0,569.0,376.0,368.0,209.0,264.0,147.0,143.0,551.0,246.0,796.0,404.0,423.0,225.0,538.0,363.0,365.0
620.0,1629.0,363.0,906.0,857.0,946.0,1037.0,564.0,343.0,338.0,203.0,253.0,146.0,135.0,542.0,240.0,752.0,352.0,418.0,246.0,573.0,346.0,378.0
638.0,1650.0,355.0,925.0,797.0,992.0,1026.0,584.0,401.0,344.0,211.0,244.0,155.0,152.0,527.0,234.0,740.0,386.0,422.0,247.0,548.0,359.0,378.0
574.0,1573.0,328.0,836.0,757.0,979.0,1002.0,599.0,376.0,348.0,203.0,236.0,139.0,144.0,525.0,229.0,725.0,343.0,402.0,214.0,540.0,352.0,338.0
586.0,1583.0,330.0,901.0,835.0,930.0,1011.0,547.0,378.0,353.0,193.0,246.0,145.0,138.0,504.0,224.0,730.0,362.0,408.0,230.0,544.0,350.0,362.0
690.0,1642.0,320.0,935.0,824.0,1055.0,1028.0,633.0,401.0,375.0,214.0,260.0,154.0,160.0,570.0,255.0,822.0,349.0,435.0,244.0,558.0,387.0,373.0
585.0,1764.0,337.0,828.0,718.0,897.0,981.0,523.0,356.0,319.0,191.0,245.0,155.0,145.0,594.0,271.0,898.0,400.0,504.0,215.0,555.0,368.0,357.0
430.0,1530.0,320.0,711.0,670.0,851.0,908.0,483.0,321.0,323.0,180.0,214.0,136.0,155.0,516.0,234.0,722.0,319.0,379.0,170.0,526.0,360.0,311.0
550.0,1557.0,330.0,819.0,702.0,931.0,996.0,561.0,380.0,357.0,204.0,248.0,148.0,147.0,515.0,220.0,707.0,331.0,381.0,209.0,552.0,354.0,361.0
474.0,1483.0,319.0,829.0,718.0,900.0,950.0,552.0,350.0,331.0,188.0,239.0,132.0,140.0,480.0,203.0,670.0,330.0,373.0,222.0,528.0,340.0,322.0
642.0,1682.0,344.0,949.0,867.0,974.0,1064.0,551.0,368.0,338.0,195.0,252.0,152.0,164.0,540.0,240.0,761.0,392.0,413.0,241.0,556.0,381.0,377.0
422.0,1576.0,298.0,744.0,626.0,830.0,902.0,482.0,325.0,303.0,168.0,220.0,135.0,144.0,536.0,242.0,772.0,316.0,403.0,194.0,514.0,333.0,303.0
605.0,1646.0,340.0,900.0,742.0,986.0,1032.0,568.0,379.0,336.0,204.0,255.0,149.0,150.0,530.0,238.0,744.0,369.0,407.0,222.0,550.0,363.0,375.0
725.0,1772.0,358.0,927.0,735.0,1021.0,1066.0,596.0,390.0,389.0,234.0,279.0,158.0,159.0,570.0,252.0,820.0,405.0,436.0,232.0,574.0,394.0,377.0
647.0,1756.0,353.0,905.0,794.0,951.0,1064.0,563.0,378.0,352.0,208.0,250.0,158.0,159.0,609.0,263.0,848.0,422.0,451.0,217.0,562.0,391.0,367.0
706.0,1638.0,354.0,1012.0,905.0,1048.0,1141.0,612.0,392.0,384.0,209.0,253.0,143.0,160.0,562.0,255.0,774.0,382.0,413.0,271.0,559.0,393.0,399.0
635.0,1595.0,326.0,882.0,776.0,999.0,1024.0,613.0,408.0,360.0,196.0,256.0,148.0,138.0,548.0,248.0,777.0,369.0,439.0,241.0,536.0,356.0,375.0
638.0,1602.0,336.0,942.0,763.0,973.0,1058.0,596.0,381.0,360.0,200.0,255.0,152.0,162.0,539.0,234.0,751.0,366.0,405.0,250.0,553.0,374.0,378.0
830.0,1752.0,358.0,1050.0,935.0,1056.0,1140.0,643.0,434.0,400.0,230.0,286.0,159.0,152.0,609.0,267.0,861.0,380.0,471.0,293.0,538.0,373.0,415.0
818.0,1671.0,381.0,956.0,854.0,1103.0,1132.0,670.0,445.0,403.0,233.0,279.0,158.0,155.0,580.0,252.0,810.0,362.0,444.0,260.0,563.0,363.0,394.0
636.0,1687.0,370.0,930.0,777.0,890.0,1075.0,536.0,380.0,349.0,203.0,269.0,160.0,155.0,560.0,254.0,826.0,374.0,442.0,257.0,539.0,377.0,373.0
541.0,1550.0,346.0,829.0,784.0,911.0,1002.0,553.0,352.0,349.0,201.0,249.0,146.0,150.0,523.0,234.0,724.0,364.0,399.0,214.0,536.0,363.0,341.0
615.0,1697.0,370.0,886.0,714.0,955.0,1058.0,545.0,368.0,339.0,207.0,265.0,162.0,150.0,554.0,252.0,781.0,385.0,407.0,232.0,550.0,375.0,387.0
632.0,1731.0,333.0,878.0,731.0,930.0,1037.0,552.0,377.0,355.0,225.0,252.0,165.0,154.0,582.0,247.0,826.0,401.0,428.0,224.0,557.0,384.0,360.0
593.0,1582.0,352.0,889.0,744.0,969.0,1044.0,600.0,351.0,366.0,205.0,242.0,143.0,155.0,509.0,224.0,729.0,400.0,390.0,235.0,542.0,391.0,368.0
621.0,1657.0,336.0,926.0,762.0,994.0,1015.0,591.0,374.0,341.0,199.0,243.0,145.0,156.0,538.0,235.0,790.0,376.0,415.0,257.0,536.0,371.0,374.0
579.0,1580.0,352.0,885.0,771.0,950.0,990.0,577.0,367.0,353.0,213.0,258.0,148.0,135.0,511.0,231.0,721.0,381.0,385.0,212.0,543.0,347.0,365.0
576.0,1576.0,344.0,985.0,838.0,943.0,1004.0,548.0,334.0,309.0,185.0,243.0,142.0,163.0,534.0,241.0,779.0,335.0,418.0,271.0,545.0,372.0,357.0
711.0,1713.0,333.0,868.0,792.0,1016.0,1045.0,630.0,427.0,387.0,226.0,260.0,155.0,161.0,590.0,273.0,869.0,375.0,439.0,237.0,543.0,380.0,356.0
594.0,1768.0,352.0,888.0,804.0,942.0,1005.0,550.0,355.0,299.0,200.0,245.0,153.0,145.0,577.0,252.0,875.0,360.0,453.0,226.0,556.0,367.0,377.0
680.0,1637.0,355.0,948.0,827.0,1007.0,1055.0,589.0,394.0,388.0,223.0,268.0,157.0,154.0,531.0,245.0,767.0,374.0,400.0,259.0,567.0,385.0,388.0
590.0,1708.0,329.0,840.0,694.0,928.0,1004.0,557.0,374.0,351.0,205.0,255.0,158.0,157.0,588.0,245.0,808.0,390.0,423.0,197.0,546.0,374.0,372.0
597.0,1652.0,332.0,878.0,728.0,933.0,991.0,565.0,384.0,359.0,198.0,274.0,157.0,136.0,535.0,241.0,792.0,373.0,420.0,226.0,558.0,346.0,368.0
617.0,1712.0,356.0,888.0,708.0,952.0,1067.0,565.0,376.0,339.0,201.0,246.0,160.0,165.0,598.0,267.0,838.0,362.0,461.0,225.0,551.0,395.0,362.0
573.0,1567.0,326.0,894.0,771.0,957.0,1007.0,568.0,358.0,344.0,202.0,249.0,147.0,131.0,481.0,207.0,683.0,342.0,389.0,228.0,548.0,335.0,365.0
658.0,1706.0,353.0,919.0,780.0,979.0,1043.0,598.0,397.0,373.0,213.0,253.0,148.0,157.0,545.0,242.0,802.0,367.0,413.0,230.0,557.0,376.0,376.0
615.0,1592.0,338.0,924.0,883.0,987.0,1046.0,588.0,362.0,343.0,191.0,244.0,140.0,153.0,565.0,253.0,772.0,349.0,415.0,245.0,536.0,373.0,372.0
765.0,1763.0,366.0,960.0,899.0,1018.0,1096.0,663.0,413.0,368.0,221.0,282.0,165.0,150.0,618.0,265.0,850.0,371.0,441.0,260.0,567.0,379.0,385.0
620.0,1621.0,328.0,953.0,773.0,998.0,1034.0,591.0,372.0,344.0,210.0,264.0,153.0,145.0,515.0,231.0,731.0,355.0,400.0,250.0,537.0,339.0,385.0
734.0,1707.0,376.0,958.0,790.0,1077.0,1114.0,595.0,404.0,364.0,212.0,268.0,162.0,145.0,567.0,251.0,785.0,380.0,419.0,248.0,544.0,383.0,395.0
686.0,1689.0,340.0,932.0,847.0,1018.0,1078.0,643.0,399.0,360.0,213.0,264.0,157.0,155.0,557.0,252.0,789.0,350.0,447.0,229.0,551.0,380.0,379.0
603.0,1606.0,349.0,933.0,749.0,933.0,1049.0,567.0,367.0,361.0,211.0,261.0,156.0,150.0,540.0,235.0,757.0,364.0,416.0,238.0,549.0,370.0,385.0
845.0,1696.0,367.0,1034.0,951.0,1124.0,1121.0,686.0,465.0,418.0,239.0,290.0,166.0,156.0,578.0,252.0,797.0,375.0,450.0,281.0,536.0,376.0,409.0
508.0,1598.0,321.0,838.0,672.0,856.0,990.0,483.0,342.0,334.0,195.0,244.0,140.0,159.0,571.0,245.0,787.0,361.0,430.0,220.0,557.0,375.0,343.0
733.0,1731.0,333.0,961.0,874.0,1017.0,1061.0,634.0,423.0,371.0,217.0,264.0,156.0,138.0,602.0,269.0,834.0,354.0,443.0,256.0,544.0,379.0,382.0
591.0,1707.0,362.0,860.0,732.0,932.0,1021.0,540.0,340.0,315.0,186.0,251.0,149.0,141.0,562.0,254.0,825.0,368.0,438.0,227.0,567.0,374.0,376.0
756.0,1667.0,350.0,981.0,916.0,1048.0,1088.0,629.0,416.0,370.0,212.0,260.0,157.0,154.0,538.0,246.0,778.0,323.0,423.0,277.0,554.0,363.0,397.0
568.0,1485.0,327.0,857.0,833.0,973.0,972.0,603.0,368.0,347.0,199.0,256.0,145.0,139.0,487.0,212.0,674.0,343.0,371.0,235.0,545.0,348.0,365.0
636.0,1596.0,336.0,984.0,844.0,936.0,1060.0,549.0,375.0,360.0,200.0,260.0,155.0,164.0,540.0,233.0,757.0,382.0,403.0,275.0,535.0,357.0,375.0
654.0,1626.0,365.0,905.0,800.0,1025.0,1065.0,608.0,371.0,345.0,201.0,261.0,154.0,153.0,565.0,245.0,767.0,375.0,422.0,228.0,553.0,382.0,369.0
696.0,1641.0,355.0,984.0,896.0,1010.0,1075.0,630.0,370.0,350.0,195.0,254.0,147.0,129.0,565.0,250.0,801.0,335.0,448.0,260.0,566.0,357.0,395.0
579.0,1510.0,331.0,894.0,795.0,1026.0,999.0,617.0,379.0,362.0,207.0,238.0,141.0,130.0,510.0,230.0,716.0,335.0,413.0,239.0,517.0,312.0,367.0
767.0,1748.0,357.0,991.0,956.0,1036.0,1122.0,606.0,396.0,357.0,220.0,268.0,163.0,160.0,622.0,276.0,857.0,361.0,443.0,284.0,564.0,380.0,398.0
511.0,1546.0,318.0,839.0,752.0,904.0,967.0,531.0,354.0,333.0,198.0,241.0,150.0,163.0,535.0,243.0,722.0,355.0,401.0,230.0,553.0,374.0,324.0
603.0,1611.0,321.0,894.0,803.0,999.0,1008.0,581.0,372.0,346.0,204.0,247.0,153.0,151.0,542.0,232.0,740.0,383.0,390.0,225.0,542.0,355.0,375.0
600.0,1642.0,341.0,934.0,766.0,928.0,1051.0,565.0,370.0,348.0,202.0,255.0,157.0,162.0,569.0,265.0,817.0,386.0,422.0,218.0,538.0,389.0,357.0
694.0,1673.0,349.0,981.0,917.0,993.0,1117.0,622.0,393.0,363.0,201.0,258.0,157.0,179.0,557.0,252.0,817.0,376.0,438.0,252.0,558.0,387.0,380.0
414.0,1549.0,313.0,787.0,645.0,829.0,923.0,463.0,311.0,288.0,176.0,218.0,137.0,139.0,508.0,228.0,737.0,355.0,384.0,208.0,545.0,349.0,322.0
707.0,1707.0,341.0,949.0,709.0,1033.0,1081.0,629.0,416.0,380.0,235.0,275.0,160.0,158.0,563.0,238.0,776.0,394.0,410.0,242.0,562.0,378.0,387.0
470.0,1574.0,326.0,770.0,687.0,842.0,977.0,494.0,332.0,317.0,182.0,234.0,142.0,152.0,557.0,260.0,767.0,345.0,397.0,204.0,518.0,367.0,317.0
633.0,1556.0,346.0,925.0,794.0,972.0,1030.0,592.0,404.0,390.0,221.0,255.0,148.0,138.0,535.0,232.0,727.0,360.0,399.0,257.0,536.0,338.0,374.0
541.0,1489.0,328.0,862.0,820.0,937.0,1034.0,563.0,374.0,327.0,178.0,246.0,144.0,158.0,522.0,229.0,707.0,314.0,387.0,225.0,543.0,361.0,340.0
558.0,1606.0,314.0,861.0,735.0,926.0,977.0,564.0,368.0,351.0,199.0,232.0,144.0,148.0,511.0,222.0,750.0,385.0,389.0,216.0,542.0,352.0,368.0
481.0,1483.0,307.0,836.0,696.0,893.0,989.0,516.0,345.0,325.0,177.0,224.0,134.0,148.0,470.0,209.0,664.0,334.0,353.0,229.0,500.0,342.0,335.0
638.0,1585.0,337.0,923.0,800.0,956.0,1038.0,610.0,367.0,354.0,203.0,260.0,148.0,140.0,537.0,250.0,748.0,330.0,409.0,245.0,563.0,351.0,389.0
720.0,1610.0,349.0,967.0,950.0,1052.0,1093.0,629.0,379.0,373.0,203.0,267.0,158.0,158.0,541.0,245.0,783.0,413.0,445.0,270.0,567.0,369.0,377.0
686.0,1737.0,348.0,963.0,781.0,1002.0,1079.0,579.0,371.0,357.0,202.0,254.0,156.0,159.0,590.0,258.0,845.0,394.0,458.0,243.0,549.0,371.0,385.0
653.0,1564.0,340.0,916.0,774.0,1018.0,994.0,661.0,420.0,388.0,215.0,268.0,156.0,155.0,521.0,230.0,725.0,355.0,384.0,248.0,548.0,363.0,352.0
627.0,1495.0,351.0,1027.0,876.0,975.0,1116.0,584.0,371.0,371.0,191.0,255.0,143.0,158.0,487.0,213.0,670.0,327.0,384.0,268.0,520.0,376.0,375.0
720.0,1570.0,341.0,1030.0,1022.0,1057.0,1086.0,644.0,388.0,371.0,200.0,254.0,153.0,132.0,554.0,249.0,771.0,339.0,401.0,279.0,567.0,358.0,381.0
566.0,1756.0,337.0,829.0,724.0,893.0,997.0,504.0,353.0,317.0,190.0,252.0,151.0,169.0,586.0,266.0,860.0,418.0,467.0,223.0,552.0,381.0,364.0
755.0,1782.0,368.0,971.0,845.0,998.0,1092.0,621.0,415.0,374.0,218.0,268.0,168.0,162.0,611.0,287.0,912.0,384.0,487.0,256.0,556.0,375.0,378.0
426.0,1498.0,311.0,785.0,680.0,835.0,896.0,492.0,340.0,316.0,183.0,230.0,137.0,142.0,524.0,231.0,713.0,346.0,384.0,211.0,523.0,336.0,304.0
655.0,1682.0,320.0,950.0,731.0,1009.0,1002.0,607.0,390.0,355.0,203.0,245.0,155.0,145.0,528.0,228.0,779.0,366.0,423.0,262.0,532.0,351.0,355.0
579.0,1664.0,328.0,848.0,713.0,890.0,1040.0,531.0,370.0,350.0,200.0,252.0,153.0,176.0,578.0,269.0,838.0,373.0,434.0,220.0,553.0,388.0,363.0
617.0,1596.0,355.0,925.0,714.0,976.0,1029.0,580.0,368.0,358.0,195.0,270.0,153.0,138.0,531.0,247.0,752.0,369.0,409.0,245.0,563.0,359.0,369.0
570.0,1576.0,324.0,847.0,690.0,970.0,1013.0,579.0,373.0,344.0,189.0,250.0,145.0,150.0,539.0,245.0,768.0,345.0,414.0,222.0,551.0,369.0,374.0
683.0,1581.0,361.0,958.0,862.0,1052.0,1051.0,653.0,389.0,374.0,221.0,250.0,158.0,129.0,526.0,221.0,721.0,331.0,400.0,267.0,540.0,350.0,388.0
553.0,1613.0,338.0,879.0,781.0,910.0,997.0,533.0,342.0,321.0,193.0,242.0,152.0,149.0,511.0,238.0,780.0,337.0,399.0,240.0,539.0,360.0,355.0
604.0,1632.0,338.0,915.0,790.0,927.0,1037.0,565.0,375.0,348.0,195.0,257.0,157.0,165.0,576.0,264.0,815.0,346.0,448.0,254.0,559.0,378.0,358.0
629.0,1703.0,370.0,887.0,754.0,912.0,1027.0,542.0,359.0,376.0,211.0,262.0,160.0,152.0,523.0,234.0,794.0,403.0,407.0,216.0,545.0,383.0,359.0
638.0,1613.0,354.0,936.0,853.0,984.0,1080.0,582.0,379.0,359.0,204.0,264.0,153.0,146.0,512.0,225.0,729.0,381.0,401.0,246.0,550.0,376.0,383.0
689.0,1599.0,345.0,995.0,823.0,1005.0,1101.0,620.0,402.0,382.0,217.0,273.0,158.0,150.0,515.0,218.0,726.0,360.0,383.0,264.0,547.0,368.0,405.0
648.0,1588.0,343.0,950.0,787.0,996.0,1079.0,608.0,385.0,379.0,213.0,255.0,150.0,144.0,533.0,218.0,748.0,348.0,428.0,252.0,516.0,378.0,378.0
664.0,1623.0,345.0,1005.0,752.0,979.0,1058.0,586.0,390.0,373.0,224.0,250.0,157.0,145.0,560.0,250.0,779.0,390.0,420.0,268.0,558.0,348.0,380.0
563.0,1600.0,319.0,904.0,778.0,885.0,1034.0,545.0,349.0,339.0,210.0,247.0,145.0,150.0,523.0,228.0,775.0,361.0,392.0,223.0,526.0,358.0,346.0
616.0,1600.0,347.0,880.0,714.0,972.0,996.0,596.0,381.0,350.0,208.0,263.0,153.0,140.0,534.0,241.0,773.0,349.0,417.0,235.0,536.0,344.0,365.0
681.0,1635.0,349.0,970.0,928.0,1024.0,1105.0,603.0,365.0,335.0,191.0,272.0,152.0,142.0,559.0,255.0,832.0,321.0,446.0,260.0,558.0,364.0,384.0
650.0,1787.0,375.0,937.0,727.0,939.0,1091.0,552.0,370.0,368.0,211.0,254.0,155.0,142.0,598.0,257.0,888.0,390.0,470.0,233.0,553.0,386.0,392.0
659.0,1610.0,329.0,937.0,800.0,1016.0,1032.0,641.0,412.0,371.0,206.0,253.0,149.0,147.0,520.0,230.0,743.0,350.0,395.0,252.0,547.0,350.0,364.0
589.0,1534.0,332.0,918.0,825.0,944.0,1064.0,573.0,362.0,342.0,203.0,260.0,157.0,157.0,516.0,235.0,731.0,361.0,393.0,249.0,541.0,370.0,388.0
707.0,1793.0,334.0,904.0,862.0,977.0,1062.0,585.0,383.0,337.0,205.0,263.0,158.0,156.0,618.0,277.0,904.0,357.0,480.0,230.0,527.0,383.0,375.0
499.0,1515.0,326.0,845.0,707.0,874.0,957.0,548.0,363.0,355.0,209.0,238.0,144.0,146.0,500.0,225.0,722.0,321.0,362.0,223.0,534.0,342.0,316.0
738.0,1640.0,369.0,1069.0,925.0,1004.0,1147.0,632.0,392.0,356.0,198.0,266.0,161.0,154.0,564.0,245.0,765.0,364.0,409.0,289.0,569.0,375.0,415.0
654.0,1630.0,361.0,943.0,815.0,953.0,1060.0,581.0,390.0,343.0,205.0,264.0,158.0,144.0,605.0,266.0,796.0,334.0,399.0,259.0,554.0,369.0,398.0
541.0,1522.0,362.0,911.0,814.0,923.0,1031.0,563.0,347.0,333.0,181.0,240.0,143.0,140.0,516.0,242.0,752.0,325.0,378.0,235.0,521.0,354.0,359.0
580.0,1575.0,344.0,894.0,793.0,981.0,1056.0,561.0,362.0,342.0,192.0,252.0,143.0,151.0,500.0,220.0,730.0,374.0,394.0,236.0,533.0,366.0,371.0
514.0,1613.0,327.0,788.0,678.0,922.0,959.0,548.0,352.0,325.0,196.0,252.0,145.0,154.0,526.0,236.0,761.0,364.0,387.0,204.0,530.0,368.0,336.0
584.0,1543.0,344.0,925.0,825.0,988.0,1017.0,578.0,365.0,345.0,200.0,260.0,148.0,152.0,515.0,224.0,711.0,323.0,400.0,240.0,527.0,358.0,353.0
515.0,1617.0,328.0,841.0,709.0,884.0,945.0,527.0,338.0,331.0,194.0,235.0,147.0,133.0,526.0,233.0,739.0,382.0,389.0,218.0,549.0,349.0,350.0
654.0,1623.0,375.0,956.0,884.0,950.0,1070.0,593.0,356.0,329.0,194.0,255.0,147.0,148.0,568.0,247.0,797.0,319.0,422.0,262.0,571.0,370.0,386.0
617.0,1607.0,344.0,881.0,803.0,993.0,1009.0,600.0,386.0,362.0,215.0,253.0,152.0,138.0,539.0,231.0,770.0,348.0,416.0,230.0,548.0,358.0,367.0
526.0,1537.0,345.0,831.0,705.0,940.0,971.0,558.0,360.0,326.0,191.0,228.0,148.0,149.0,509.0,215.0,697.0,381.0,371.0,205.0,540.0,362.0,333.0
445.0,1545.0,315.0,795.0,657.0,833.0,943.0,501.0,323.0,333.0,185.0,228.0,140.0,140.0,500.0,218.0,700.0,380.0,367.0,187.0,520.0,341.0,341.0
664.0,1743.0,333.0,884.0,824.0,1013.0,1007.0,602.0,383.0,361.0,212.0,257.0,150.0,151.0,587.0,252.0,873.0,362.0,473.0,230.0,572.0,371.0,347.0
559.0,1612.0,343.0,850.0,698.0,918.0,1020.0,536.0,369.0,344.0,203.0,253.0,158.0,163.0,529.0,248.0,778.0,363.0,399.0,225.0,560.0,375.0,352.0
708.0,1706.0,348.0,914.0,846.0,1038.0,1038.0,650.0,395.0,376.0,209.0,257.0,149.0,143.0,596.0,267.0,850.0,361.0,451.0,254.0,558.0,363.0,361.0
565.0,1635.0,340.0,903.0,772.0,932.0,969.0,563.0,371.0,335.0,206.0,253.0,152.0,148.0,547.0,248.0,771.0,388.0,422.0,236.0,521.0,361.0,352.0
494.0,1563.0,316.0,811.0,650.0,929.0,963.0,525.0,345.0,350.0,192.0,225.0,138.0,157.0,534.0,245.0,739.0,345.0,403.0,213.0,534.0,371.0,298.0
544.0,1569.0,330.0,880.0,758.0,950.0,1002.0,569.0,362.0,345.0,204.0,248.0,144.0,137.0,520.0,226.0,721.0,344.0,378.0,230.0,523.0,352.0,345.0
513.0,1552.0,315.0,877.0,763.0,876.0,966.0,534.0,337.0,313.0,183.0,233.0,142.0,133.0,547.0,246.0,775.0,320.0,419.0,229.0,535.0,321.0,344.0
523.0,1598.0,329.0,859.0,665.0,859.0,1005.0,526.0,342.0,326.0,189.0,250.0,145.0,140.0,524.0,225.0,736.0,347.0,397.0,222.0,547.0,367.0,355.0
500.0,1528.0,328.0,811.0,701.0,868.0,947.0,517.0,345.0,319.0,177.0,238.0,145.0,136.0,517.0,231.0,719.0,328.0,382.0,211.0,553.0,349.0,335.0
827.0,1654.0,363.0,1011.0,970.0,1119.0,1136.0,726.0,443.0,391.0,215.0,265.0,155.0,154.0,561.0,236.0,777.0,369.0,416.0,268.0,549.0,393.0,410.0
683.0,1645.0,357.0,917.0,790.0,1007.0,1093.0,591.0,391.0,376.0,209.0,272.0,153.0,150.0,566.0,242.0,825.0,340.0,443.0,248.0,548.0,382.0,376.0
565.0,1578.0,332.0,910.0,787.0,943.0,1038.0,555.0,338.0,313.0,171.0,254.0,145.0,143.0,537.0,240.0,757.0,340.0,399.0,242.0,537.0,380.0,358.0
570.0,1658.0,338.0,882.0,745.0,908.0,1007.0,548.0,348.0,331.0,196.0,248.0,153.0,130.0,557.0,246.0,818.0,360.0,415.0,238.0,539.0,365.0,357.0
726.0,1538.0,380.0,1022.0,1016.0,1041.0,1103.0,649.0,425.0,382.0,228.0,278.0,163.0,142.0,514.0,214.0,698.0,347.0,391.0,278.0,547.0,378.0,407.0
532.0,1564.0,332.0,872.0,725.0,892.0,983.0,535.0,364.0,332.0,195.0,253.0,149.0,147.0,511.0,222.0,725.0,377.0,385.0,217.0,537.0,353.0,356.0
709.0,1624.0,358.0,973.0,817.0,977.0,1085.0,633.0,407.0,373.0,220.0,275.0,165.0,153.0,543.0,246.0,738.0,362.0,396.0,251.0,576.0,370.0,390.0
748.0,1740.0,358.0,963.0,824.0,1063.0,1081.0,633.0,416.0,391.0,216.0,257.0,155.0,162.0,573.0,241.0,796.0,410.0,441.0,250.0,552.0,383.0,380.0
608.0,1575.0,357.0,911.0,857.0,995.0,1018.0,566.0,366.0,334.0,199.0,244.0,148.0,139.0,516.0,234.0,753.0,351.0,396.0,238.0,551.0,345.0,350.0
536.0,1610.0,338.0,821.0,715.0,905.0,999.0,528.0,370.0,328.0,199.0,239.0,152.0,153.0,544.0,236.0,772.0,337.0,416.0,228.0,530.0,370.0,352.0
660.0,1642.0,352.0,931.0,831.0,1028.0,1072.0,612.0,396.0,363.0,224.0,262.0,160.0,158.0,549.0,232.0,756.0,402.0,391.0,240.0,538.0,376.0,378.0
728.0,1705.0,378.0,919.0,811.0,1028.0,1044.0,651.0,394.0,388.0,221.0,253.0,151.0,159.0,558.0,250.0,797.0,392.0,438.0,249.0,588.0,377.0,359.0
524.0,1561.0,318.0,914.0,743.0,941.0,978.0,565.0,343.0,324.0,193.0,226.0,137.0,135.0,516.0,224.0,734.0,342.0,392.0,245.0,510.0,333.0,351.0
585.0,1627.0,341.0,940.0,739.0,903.0,1045.0,546.0,339.0,332.0,205.0,260.0,153.0,147.0,554.0,236.0,786.0,353.0,427.0,247.0,541.0,374.0,378.0
558.0,1682.0,353.0,839.0,698.0,898.0,979.0,542.0,356.0,335.0,211.0,248.0,160.0,136.0,541.0,234.0,798.0,375.0,414.0,210.0,542.0,345.0,362.0
775.0,1770.0,360.0,904.0,843.0,1080.0,1081.0,665.0,415.0,381.0,218.0,260.0,168.0,159.0,634.0,287.0,885.0,413.0,455.0,228.0,542.0,390.0,403.0
649.0,1685.0,355.0,898.0,728.0,989.0,1073.0,585.0,378.0,352.0,203.0,257.0,154.0,141.0,566.0,248.0,802.0,363.0,428.0,225.0,548.0,378.0,388.0
687.0,1670.0,340.0,902.0,796.0,987.0,1049.0,620.0,396.0,373.0,218.0,248.0,152.0,139.0,556.0,248.0,797.0,356.0,425.0,236.0,561.0,357.0,360.0
609.0,1560.0,349.0,942.0,896.0,980.0,1022.0,595.0,348.0,371.0,199.0,262.0,150.0,145.0,531.0,234.0,732.0,358.0,414.0,251.0,543.0,366.0,369.0
624.0,1603.0,343.0,932.0,826.0,963.0,1057.0,581.0,359.0,340.0,211.0,251.0,152.0,150.0,527.0,232.0,747.0,363.0,398.0,238.0,553.0,372.0,389.0
607.0,1612.0,343.0,891.0,815.0,947.0,1032.0,586.0,368.0,359.0,198.0,260.0,152.0,145.0,524.0,233.0,730.0,371.0,399.0,245.0,552.0,360.0,370.0
671.0,1603.0,346.0,956.0,819.0,1012.0,985.0,609.0,386.0,390.0,225.0,260.0,154.0,130.0,507.0,224.0,691.0,406.0,395.0,243.0,557.0,367.0,381.0
749.0,1672.0,351.0,981.0,862.0,1052.0,1084.0,646.0,420.0,369.0,221.0,267.0,155.0,143.0,539.0,236.0,785.0,366.0,431.0,266.0,534.0,366.0,394.0
660.0,1673.0,342.0,926.0,751.0,975.0,1065.0,600.0,406.0,369.0,214.0,273.0,171.0,153.0,569.0,255.0,810.0,372.0,433.0,235.0,539.0,382.0,395.0
615.0,1746.0,371.0,884.0,698.0,908.0,1027.0,542.0,375.0,358.0,219.0,252.0,159.0,161.0,612.0,288.0,891.0,365.0,445.0,204.0,562.0,388.0,353.0
603.0,1570.0,358.0,924.0,841.0,956.0,1076.0,578.0,358.0,342.0,206.0,263.0,152.0,144.0,525.0,232.0,742.0,350.0,402.0,235.0,553.0,379.0,366.0
679.0,1668.0,333.0,916.0,975.0,1036.0,1046.0,641.0,379.0,352.0,187.0,243.0,145.0,147.0,548.0,234.0,793.0,344.0,446.0,247.0,550.0,373.0,373.0
515.0,1672.0,310.0,796.0,717.0,886.0,917.0,511.0,352.0,311.0,195.0,238.0,154.0,143.0,542.0,245.0,793.0,354.0,416.0,199.0,526.0,338.0,348.0
601.0,1623.0,326.0,926.0,721.0,934.0,1025.0,567.0,361.0,368.0,205.0,243.0,142.0,154.0,541.0,232.0,775.0,397.0,413.0,227.0,559.0,378.0,345.0
464.0,1573.0,326.0,811.0,755.0,859.0,939.0,483.0,326.0,314.0,195.0,227.0,147.0,150.0,525.0,232.0,757.0,355.0,407.0,213.0,507.0,352.0,343.0
663.0,1580.0,375.0,939.0,835.0,1020.0,1077.0,617.0,367.0,363.0,191.0,270.0,144.0,139.0,542.0,246.0,731.0,314.0,413.0,239.0,552.0,369.0,374.0
568.0,1656.0,364.0,820.0,735.0,918.0,976.0,543.0,369.0,380.0,221.0,253.0,157.0,136.0,544.0,238.0,781.0,314.0,395.0,213.0,546.0,349.0,360.0
524.0,1606.0,340.0,879.0,731.0,880.0,973.0,530.0,352.0,312.0,185.0,242.0,146.0,140.0,531.0,243.0,799.0,358.0,421.0,216.0,561.0,355.0,352.0
726.0,1637.0,381.0,1018.0,928.0,1041.0,1146.0,655.0,401.0,351.0,213.0,273.0,152.0,150.0,564.0,262.0,791.0,340.0,448.0,268.0,546.0,392.0,410.0
560.0,1566.0,329.0,883.0,789.0,943.0,1020.0,570.0,365.0,343.0,198.0,247.0,150.0,146.0,535.0,246.0,762.0,326.0,412.0,242.0,555.0,360.0,343.0
667.0,1685.0,334.0,882.0,718.0,960.0,1057.0,589.0,386.0,374.0,218.0,266.0,158.0,150.0,560.0,248.0,813.0,381.0,423.0,234.0,555.0,385.0,368.0
536.0,1492.0,298.0,839.0,789.0,942.0,921.0,567.0,386.0,338.0,197.0,240.0,144.0,132.0,509.0,232.0,723.0,321.0,378.0,221.0,534.0,338.0,331.0
545.0,1660.0,337.0,875.0,782.0,920.0,1023.0,542.0,331.0,318.0,185.0,237.0,148.0,159.0,513.0,233.0,761.0,391.0,403.0,232.0,528.0,363.0,355.0
779.0,1633.0,365.0,1076.0,1035.0,1039.0,1138.0,634.0,395.0,364.0,217.0,275.0,156.0,152.0,515.0,235.0,761.0,348.0,406.0,264.0,557.0,377.0,434.0
635.0,1593.0,355.0,937.0,793.0,954.0,1060.0,597.0,395.0,360.0,209.0,265.0,153.0,145.0,526.0,236.0,737.0,361.0,396.0,248.0,550.0,375.0,389.0
562.0,1538.0,333.0,852.0,806.0,975.0,983.0,590.0,388.0,335.0,202.0,253.0,143.0,142.0,527.0,238.0,739.0,347.0,401.0,223.0,520.0,340.0,333.0
784.0,1706.0,363.0,1024.0,945.0,1064.0,1079.0,655.0,404.0,355.0,211.0,271.0,165.0,146.0,571.0,257.0,829.0,348.0,453.0,270.0,558.0,368.0,403.0
513.0,1655.0,327.0,846.0,713.0,888.0,975.0,521.0,342.0,324.0,192.0,235.0,150.0,142.0,534.0,231.0,785.0,389.0,410.0,242.0,543.0,359.0,340.0
629.0,1733.0,346.0,919.0,730.0,976.0,1029.0,570.0,382.0,367.0,220.0,265.0,154.0,155.0,557.0,248.0,802.0,381.0,401.0,235.0,553.0,385.0,372.0
605.0,1629.0,358.0,894.0,731.0,933.0,1027.0,563.0,364.0,362.0,216.0,257.0,152.0,140.0,564.0,254.0,783.0,384.0,404.0,228.0,537.0,350.0,368.0
678.0,1628.0,341.0,1005.0,930.0,969.0,1059.0,568.0,385.0,350.0,220.0,260.0,153.0,152.0,517.0,236.0,735.0,366.0,387.0,266.0,557.0,385.0,372.0
573.0,1787.0,322.0,847.0,765.0,928.0,1018.0,546.0,351.0,313.0,191.0,235.0,147.0,170.0,587.0,261.0,880.0,391.0,443.0,206.0,511.0,390.0,369.0
589.0,1628.0,333.0,889.0,792.0,950.0,990.0,560.0,358.0,355.0,203.0,251.0,148.0,134.0,543.0,250.0,782.0,364.0,403.0,240.0,552.0,353.0,367.0
549.0,1654.0,325.0,884.0,745.0,919.0,984.0,530.0,357.0,315.0,197.0,235.0,146.0,139.0,538.0,228.0,773.0,396.0,396.0,231.0,531.0,349.0,353.0
693.0,1712.0,359.0,1015.0,898.0,977.0,1090.0,578.0,385.0,338.0,208.0,255.0,154.0,153.0,566.0,241.0,801.0,400.0,434.0,263.0,561.0,377.0,405.0
596.0,1695.0,352.0,831.0,702.0,938.0,1021.0,546.0,365.0,344.0,211.0,263.0,165.0,156.0,559.0,247.0,821.0,392.0,416.0,210.0,529.0,374.0,348.0
499.0,1605.0,326.0,818.0,678.0,892.0,955.0,489.0,326.0,345.0,200.0,250.0,149.0,153.0,525.0,220.0,742.0,404.0,394.0,208.0,546.0,355.0,345.0
683.0,1590.0,337.0,913.0,931.0,1037.0,1071.0,604.0,382.0,390.0,224.0,267.0,156.0,148.0,515.0,232.0,760.0,338.0,386.0,246.0,529.0,377.0,370.0
620.0,1692.0,340.0,914.0,722.0,927.0,1065.0,547.0,369.0,359.0,208.0,255.0,156.0,160.0,595.0,263.0,834.0,372.0,412.0,236.0,562.0,385.0,384.0
551.0,1610.0,329.0,847.0,713.0,929.0,978.0,575.0,346.0,334.0,191.0,234.0,149.0,160.0,544.0,249.0,774.0,368.0,410.0,229.0,529.0,380.0,333.0
550.0,1674.0,337.0,830.0,757.0,900.0,950.0,547.0,337.0,301.0,175.0,245.0,148.0,145.0,570.0,256.0,811.0,361.0,432.0,222.0,543.0,363.0,368.0
534.0,1559.0,339.0,848.0,659.0,882.0,980.0,528.0,353.0,340.0,208.0,253.0,147.0,149.0,514.0,230.0,729.0,361.0,367.0,225.0,547.0,344.0,352.0
641.0,1713.0,352.0,841.0,806.0,952.0,1060.0,564.0,393.0,376.0,218.0,265.0,156.0,146.0,579.0,253.0,812.0,420.0,415.0,209.0,542.0,359.0,394.0
643.0,1641.0,353.0,945.0,829.0,970.0,1068.0,566.0,365.0,353.0,197.0,253.0,151.0,155.0,561.0,257.0,797.0,347.0,391.0,238.0,544.0,378.0,371.0
496.0,1623.0,324.0,820.0,671.0,845.0,1002.0,480.0,339.0,307.0,183.0,245.0,148.0,145.0,571.0,254.0,815.0,368.0,428.0,222.0,534.0,374.0,355.0
628.0,1636.0,337.0,890.0,808.0,960.0,1010.0,606.0,380.0,354.0,201.0,265.0,142.0,135.0,550.0,252.0,792.0,371.0,425.0,238.0,532.0,356.0,359.0
683.0,1628.0,354.0,979.0,934.0,1016.0,1074.0,618.0,380.0,342.0,196.0,265.0,150.0,152.0,548.0,245.0,773.0,353.0,411.0,261.0,537.0,370.0,397.0
639.0,1553.0,351.0,910.0,792.0,981.0,1091.0,602.0,380.0,356.0,201.0,268.0,154.0,160.0,527.0,236.0,739.0,321.0,386.0,244.0,546.0,381.0,370.0
437.0,1563.0,319.0,818.0,640.0,796.0,961.0,468.0,312.0,302.0,173.0,218.0,133.0,149.0,530.0,231.0,747.0,358.0,387.0,215.0,535.0,354.0,345.0
667.0,1658.0,338.0,953.0,921.0,968.0,1043.0,567.0,348.0,370.0,198.0,250.0,152.0,149.0,556.0,245.0,794.0,370.0,412.0,260.0,546.0,370.0,375.0
577.0,1560.0,339.0,856.0,765.0,948.0,1037.0,574.0,364.0,354.0,203.0,263.0,144.0,157.0,529.0,247.0,732.0,334.0,398.0,222.0,546.0,387.0,339.0
556.0,1738.0,339.0,812.0,711.0,902.0,992.0,507.0,343.0,328.0,193.0,252.0,160.0,150.0,587.0,260.0,840.0,392.0,429.0,204.0,551.0,374.0,344.0
591.0,1590.0,328.0,832.0,658.0,907.0,1012.0,589.0,377.0,377.0,217.0,255.0,154.0,155.0,545.0,247.0,751.0,365.0,397.0,215.0,533.0,379.0,344.0
659.0,1600.0,364.0,1001.0,893.0,985.0,1094.0,624.0,353.0,329.0,185.0,270.0,148.0,148.0,518.0,237.0,776.0,365.0,424.0,258.0,557.0,383.0,375.0
812.0,1683.0,364.0,1050.0,1000.0,1088.0,1173.0,658.0,420.0,383.0,231.0,268.0,162.0,161.0,565.0,255.0,802.0,369.0,429.0,289.0,554.0,384.0,417.0
618.0,1625.0,342.0,888.0,766.0,939.0,1065.0,585.0,364.0,348.0,190.0,270.0,153.0,148.0,591.0,257.0,806.0,359.0,427.0,234.0,529.0,379.0,387.0
630.0,1623.0,346.0,928.0,833.0,979.0,1036.0,599.0,374.0,349.0,198.0,245.0,151.0,145.0,542.0,232.0,749.0,345.0,416.0,235.0,551.0,372.0,373.0
700.0,1580.0,341.0,941.0,910.0,1052.0,1064.0,641.0,399.0,359.0,214.0,257.0,147.0,150.0,515.0,222.0,721.0,409.0,382.0,259.0,532.0,361.0,387.0
667.0,1726.0,316.0,926.0,783.0,1014.0,1013.0,582.0,383.0,373.0,208.0,234.0,154.0,164.0,573.0,250.0,785.0,385.0,423.0,230.0,538.0,380.0,368.0
568.0,1593.0,345.0,852.0,737.0,911.0,982.0,569.0,373.0,351.0,195.0,254.0,147.0,141.0,509.0,235.0,750.0,372.0,389.0,212.0,554.0,349.0,342.0
654.0,1578.0,359.0,927.0,920.0,1035.0,1069.0,634.0,416.0,363.0,201.0,253.0,153.0,156.0,507.0,247.0,792.0,349.0,407.0,256.0,537.0,371.0,367.0
686.0,1717.0,340.0,956.0,834.0,1005.0,1072.0,599.0,378.0,364.0,204.0,266.0,153.0,160.0,582.0,257.0,848.0,395.0,433.0,257.0,533.0,386.0,370.0
643.0,1618.0,366.0,916.0,826.0,974.0,1092.0,602.0,400.0,362.0,210.0,266.0,152.0,158.0,564.0,245.0,762.0,378.0,396.0,236.0,563.0,393.0,365.0
616.0,1676.0,349.0,893.0,770.0,947.0,1059.0,564.0,354.0,333.0,198.0,252.0,148.0,157.0,563.0,251.0,832.0,366.0,418.0,224.0,542.0,384.0,367.0
638.0,1596.0,353.0,933.0,870.0,987.0,1063.0,605.0,384.0,344.0,189.0,255.0,155.0,155.0,530.0,244.0,761.0,320.0,389.0,266.0,539.0,366.0,358.0
664.0,1684.0,362.0,883.0,748.0,988.0,1025.0,599.0,384.0,355.0,207.0,282.0,161.0,164.0,554.0,251.0,799.0,357.0,402.0,239.0,555.0,367.0,389.0
607.0,1511.0,321.0,916.0,961.0,1011.0,1038.0,606.0,382.0,347.0,198.0,256.0,154.0,128.0,520.0,221.0,698.0,312.0,377.0,249.0,526.0,354.0,380.0
525.0,1605.0,328.0,902.0,736.0,898.0,964.0,535.0,331.0,305.0,187.0,242.0,145.0,152.0,515.0,219.0,742.0,381.0,369.0,236.0,533.0,356.0,350.0
687.0,1578.0,367.0,1023.0,785.0,1037.0,1112.0,624.0,385.0,374.0,212.0,263.0,158.0,164.0,510.0,222.0,717.0,379.0,379.0,288.0,547.0,384.0,364.0
785.0,1719.0,365.0,1002.0,920.0,1057.0,1101.0,674.0,420.0,384.0,221.0,264.0,164.0,162.0,627.0,284.0,836.0,369.0,433.0,268.0,542.0,390.0,394.0
551.0,1660.0,323.0,812.0,674.0,899.0,926.0,571.0,359.0,332.0,204.0,233.0,146.0,136.0,515.0,231.0,771.0,408.0,409.0,214.0,542.0,342.0,369.0
674.0,1624.0,348.0,831.0,740.0,1017.0,1044.0,653.0,406.0,395.0,223.0,247.0,154.0,152.0,530.0,240.0,782.0,358.0,400.0,216.0,556.0,386.0,350.0
668.0,1586.0,350.0,981.0,839.0,1008.0,1112.0,612.0,378.0,370.0,215.0,262.0,156.0,152.0,533.0,235.0,750.0,344.0,395.0,255.0,553.0,387.0,383.0
569.0,1572.0,324.0,866.0,700.0,950.0,1028.0,580.0,388.0,361.0,212.0,261.0,148.0,144.0,503.0,224.0,722.0,399.0,370.0,210.0,530.0,345.0,377.0
568.0,1683.0,321.0,839.0,695.0,908.0,1017.0,555.0,364.0,344.0,197.0,244.0,144.0,158.0,548.0,244.0,812.0,388.0,427.0,233.0,543.0,384.0,338.0
794.0,1763.0,390.0,993.0,887.0,1068.0,1134.0,659.0,425.0,377.0,215.0,290.0,160.0,167.0,578.0,264.0,822.0,383.0,421.0,267.0,595.0,405.0,388.0
623.0,1575.0,341.0,869.0,863.0,927.0,1045.0,572.0,400.0,342.0,210.0,248.0,147.0,153.0,564.0,251.0,779.0,372.0,382.0,235.0,560.0,386.0,364.0
650.0,1713.0,360.0,916.0,788.0,1000.0,1017.0,574.0,390.0,360.0,205.0,248.0,152.0,151.0,547.0,235.0,776.0,405.0,417.0,231.0,561.0,373.0,365.0
614.0,1602.0,350.0,899.0,822.0,949.0,1023.0,586.0,383.0,364.0,209.0,264.0,153.0,149.0,516.0,232.0,757.0,344.0,390.0,243.0,551.0,367.0,364.0
637.0,1772.0,357.0,918.0,839.0,936.0,1057.0,521.0,361.0,362.0,197.0,242.0,163.0,151.0,607.0,264.0,818.0,428.0,419.0,255.0,571.0,380.0,383.0
639.0,1616.0,364.0,950.0,836.0,978.0,1093.0,564.0,370.0,341.0,207.0,265.0,155.0,160.0,550.0,241.0,777.0,341.0,404.0,255.0,567.0,390.0,380.0
507.0,1510.0,338.0,826.0,724.0,972.0,1017.0,583.0,379.0,343.0,199.0,245.0,144.0,160.0,505.0,223.0,715.0,365.0,357.0,221.0,568.0,377.0,336.0
575.0,1671.0,340.0,850.0,717.0,950.0,1008.0,556.0,367.0,333.0,198.0,240.0,146.0,146.0,568.0,258.0,798.0,378.0,427.0,224.0,551.0,370.0,365.0
559.0,1570.0,328.0,883.0,811.0,942.0,1007.0,541.0,363.0,348.0,200.0,240.0,155.0,149.0,513.0,222.0,711.0,341.0,386.0,234.0,537.0,366.0,359.0
769.0,1667.0,372.0,1055.0,1051.0,1065.0,1091.0,644.0,391.0,355.0,208.0,259.0,156.0,150.0,536.0,236.0,761.0,395.0,411.0,294.0,549.0,368.0,394.0
737.0,1674.0,365.0,960.0,852.0,1040.0,1083.0,657.0,406.0,383.0,208.0,274.0,160.0,139.0,541.0,256.0,799.0,365.0,433.0,248.0,565.0,370.0,388.0
503.0,1494.0,331.0,859.0,733.0,881.0,979.0,530.0,334.0,334.0,188.0,249.0,140.0,128.0,480.0,207.0,678.0,334.0,350.0,234.0,551.0,344.0,355.0
770.0,1695.0,372.0,937.0,863.0,1126.0,1106.0,703.0,430.0,375.0,216.0,260.0,161.0,155.0,572.0,254.0,786.0,384.0,407.0,236.0,555.0,372.0,389.0
563.0,1552.0,354.0,898.0,738.0,932.0,1024.0,546.0,350.0,347.0,216.0,250.0,156.0,150.0,498.0,227.0,726.0,356.0,384.0,235.0,543.0,368.0,372.0
662.0,1699.0,358.0,914.0,840.0,998.0,1049.0,564.0,385.0,362.0,220.0,257.0,162.0,162.0,583.0,256.0,802.0,396.0,400.0,222.0,534.0,405.0,370.0
616.0,1562.0,335.0,911.0,910.0,979.0,956.0,594.0,368.0,351.0,199.0,255.0,144.0,130.0,496.0,222.0,695.0,341.0,376.0,248.0,542.0,342.0,380.0
637.0,1749.0,351.0,908.0,838.0,976.0,1035.0,538.0,381.0,331.0,210.0,238.0,157.0,136.0,608.0,260.0,816.0,415.0,422.0,228.0,537.0,377.0,383.0
522.0,1664.0,323.0,845.0,713.0,880.0,960.0,507.0,327.0,298.0,185.0,225.0,142.0,145.0,545.0,248.0,800.0,366.0,415.0,220.0,533.0,356.0,342.0
542.0,1585.0,333.0,845.0,793.0,926.0,981.0,542.0,368.0,326.0,200.0,239.0,148.0,143.0,508.0,223.0,735.0,347.0,383.0,229.0,525.0,353.0,361.0
516.0,1558.0,338.0,887.0,709.0,873.0,983.0,518.0,350.0,349.0,200.0,256.0,143.0,147.0,516.0,222.0,761.0,344.0,394.0,233.0,527.0,360.0,332.0
694.0,1674.0,364.0,959.0,774.0,960.0,1054.0,610.0,413.0,394.0,207.0,272.0,168.0,155.0,601.0,267.0,838.0,361.0,432.0,263.0,550.0,382.0,381.0
581.0,1549.0,341.0,899.0,743.0,936.0,997.0,568.0,377.0,358.0,204.0,251.0,148.0,140.0,476.0,217.0,715.0,366.0,369.0,240.0,556.0,345.0,354.0
598.0,1670.0,328.0,883.0,717.0,1001.0,992.0,593.0,375.0,336.0,201.0,235.0,149.0,153.0,540.0,232.0,781.0,373.0,393.0,239.0,541.0,362.0,348.0
739.0,1609.0,351.0,1009.0,885.0,1055.0,1097.0,649.0,401.0,385.0,232.0,280.0,160.0,143.0,541.0,225.0,749.0,366.0,386.0,272.0,554.0,367.0,425.0
745.0,1683.0,337.0,950.0,819.0,1059.0,1050.0,661.0,439.0,411.0,223.0,255.0,145.0,146.0,558.0,236.0,782.0,375.0,427.0,257.0,568.0,363.0,376.0
685.0,1655.0,355.0,933.0,842.0,1046.0,1093.0,613.0,399.0,359.0,210.0,257.0,156.0,157.0,532.0,233.0,765.0,396.0,388.0,245.0,527.0,395.0,393.0
615.0,1599.0,338.0,895.0,819.0,998.0,1044.0,599.0,374.0,350.0,195.0,253.0,144.0,146.0,521.0,222.0,721.0,385.0,382.0,235.0,541.0,373.0,355.0
617.0,1621.0,362.0,940.0,774.0,934.0,1044.0,580.0,361.0,367.0,212.0,254.0,157.0,149.0,552.0,240.0,783.0,356.0,413.0,239.0,541.0,401.0,380.0
737.0,1701.0,355.0,922.0,855.0,1058.0,1042.0,614.0,429.0,402.0,238.0,276.0,157.0,141.0,551.0,245.0,770.0,391.0,412.0,238.0,562.0,368.0,377.0
562.0,1590.0,336.0,872.0,763.0,937.0,961.0,566.0,373.0,342.0,195.0,240.0,147.0,145.0,536.0,240.0,747.0,341.0,367.0,232.0,558.0,350.0,355.0
601.0,1638.0,345.0,885.0,760.0,970.0,1022.0,592.0,386.0,361.0,213.0,246.0,147.0,150.0,531.0,234.0,755.0,385.0,384.0,220.0,548.0,370.0,356.0
585.0,1596.0,356.0,920.0,826.0,960.0,1011.0,550.0,372.0,353.0,203.0,240.0,141.0,137.0,538.0,245.0,719.0,347.0,364.0,248.0,555.0,366.0,374.0
590.0,1643.0,329.0,863.0,757.0,979.0,979.0,591.0,348.0,355.0,199.0,242.0,148.0,146.0,542.0,235.0,779.0,356.0,410.0,237.0,535.0,367.0,345.0
681.0,1678.0,364.0,960.0,883.0,1002.0,1099.0,571.0,373.0,360.0,206.0,289.0,161.0,151.0,557.0,250.0,820.0,367.0,400.0,261.0,566.0,379.0,390.0
586.0,1593.0,354.0,870.0,710.0,888.0,953.0,563.0,391.0,373.0,216.0,245.0,154.0,136.0,542.0,252.0,757.0,354.0,391.0,239.0,543.0,350.0,358.0
627.0,1677.0,338.0,882.0,780.0,1000.0,987.0,603.0,377.0,361.0,216.0,235.0,148.0,143.0,563.0,244.0,798.0,394.0,392.0,233.0,556.0,360.0,355.0
584.0,1545.0,347.0,1003.0,850.0,896.0,1089.0,529.0,345.0,330.0,198.0,241.0,150.0,160.0,485.0,215.0,694.0,369.0,361.0,275.0,542.0,379.0,371.0
608.0,1582.0,341.0,912.0,717.0,926.0,1041.0,570.0,402.0,349.0,199.0,273.0,155.0,152.0,550.0,251.0,762.0,363.0,394.0,258.0,563.0,372.0,373.0
594.0,1525.0,334.0,910.0,811.0,981.0,1013.0,593.0,380.0,352.0,215.0,262.0,152.0,145.0,486.0,217.0,666.0,326.0,357.0,260.0,563.0,355.0,361.0
609.0,1672.0,344.0,877.0,754.0,987.0,1028.0,586.0,360.0,339.0,198.0,253.0,151.0,145.0,553.0,247.0,785.0,384.0,396.0,233.0,551.0,378.0,365.0
557.0,1590.0,341.0,851.0,722.0,932.0,975.0,537.0,390.0,371.0,203.0,232.0,140.0,147.0,531.0,217.0,721.0,384.0,353.0,214.0,533.0,369.0,324.0
606.0,1620.0,326.0,885.0,798.0,982.0,1010.0,581.0,372.0,345.0,209.0,239.0,153.0,145.0,550.0,248.0,782.0,346.0,408.0,240.0,569.0,360.0,345.0
515.0,1711.0,322.0,842.0,735.0,882.0,972.0,461.0,322.0,309.0,186.0,230.0,151.0,148.0,576.0,257.0,807.0,408.0,412.0,216.0,538.0,369.0,368.0
703.0,1712.0,361.0,956.0,762.0,1002.0,1104.0,598.0,396.0,385.0,229.0,258.0,165.0,176.0,553.0,246.0,797.0,411.0,416.0,257.0,562.0,404.0,375.0
602.0,1592.0,357.0,856.0,801.0,950.0,1003.0,580.0,385.0,362.0,210.0,257.0,162.0,160.0,544.0,251.0,751.0,353.0,383.0,220.0,564.0,385.0,347.0
658.0,1734.0,348.0,951.0,844.0,954.0,1056.0,542.0,375.0,359.0,217.0,260.0,160.0,160.0,574.0,240.0,800.0,401.0,406.0,228.0,559.0,387.0,399.0
558.0,1681.0,344.0,794.0,671.0,932.0,983.0,546.0,363.0,342.0,202.0,238.0,146.0,163.0,563.0,246.0,810.0,402.0,420.0,220.0,540.0,383.0,329.0
648.0,1660.0,360.0,889.0,814.0,988.0,1065.0,596.0,399.0,367.0,199.0,268.0,153.0,163.0,577.0,261.0,822.0,347.0,416.0,237.0,541.0,382.0,367.0
731.0,1730.0,365.0,965.0,935.0,1067.0,1118.0,621.0,394.0,362.0,219.0,277.0,171.0,162.0,579.0,254.0,839.0,377.0,424.0,262.0,533.0,408.0,406.0
608.0,1593.0,315.0,909.0,743.0,984.0,1019.0,589.0,388.0,378.0,225.0,248.0,148.0,155.0,492.0,222.0,736.0,380.0,384.0,238.0,538.0,370.0,362.0
592.0,1652.0,329.0,874.0,755.0,913.0,1020.0,572.0,350.0,346.0,212.0,256.0,153.0,151.0,569.0,262.0,849.0,352.0,415.0,228.0,547.0,371.0,359.0
544.0,1585.0,329.0,838.0,745.0,932.0,1006.0,562.0,346.0,314.0,199.0,247.0,146.0,158.0,504.0,231.0,739.0,338.0,386.0,210.0,555.0,381.0,339.0
447.0,1575.0,317.0,787.0,610.0,833.0,913.0,481.0,340.0,318.0,205.0,230.0,144.0,137.0,519.0,226.0,758.0,369.0,383.0,182.0,523.0,339.0,318.0
576.0,1653.0,347.0,888.0,762.0,956.0,1018.0,564.0,372.0,332.0,201.0,247.0,148.0,143.0,556.0,252.0,796.0,347.0,394.0,224.0,549.0,368.0,373.0
541.0,1624.0,325.0,835.0,694.0,924.0,960.0,549.0,349.0,354.0,206.0,242.0,144.0,129.0,538.0,232.0,765.0,355.0,384.0,199.0,512.0,338.0,357.0
766.0,1689.0,379.0,1019.0,1001.0,1042.0,1139.0,661.0,443.0,399.0,223.0,293.0,163.0,161.0,586.0,263.0,810.0,390.0,432.0,268.0,560.0,398.0,388.0
455.0,1475.0,315.0,796.0,768.0,872.0,944.0,519.0,333.0,314.0,184.0,229.0,140.0,142.0,486.0,220.0,664.0,321.0,342.0,217.0,534.0,342.0,333.0
652.0,1598.0,361.0,910.0,817.0,1011.0,1031.0,612.0,391.0,349.0,207.0,260.0,161.0,140.0,542.0,245.0,749.0,351.0,393.0,231.0,557.0,367.0,378.0
605.0,1636.0,345.0,891.0,803.0,926.0,1018.0,575.0,368.0,343.0,210.0,265.0,156.0,147.0,576.0,264.0,814.0,349.0,422.0,233.0,576.0,379.0,367.0
630.0,1555.0,337.0,940.0,896.0,1022.0,1019.0,601.0,403.0,378.0,201.0,253.0,151.0,140.0,501.0,228.0,718.0,350.0,400.0,257.0,511.0,357.0,365.0
713.0,1595.0,361.0,1005.0,904.0,1063.0,1055.0,634.0,378.0,376.0,224.0,260.0,155.0,135.0,510.0,210.0,714.0,391.0,389.0,274.0,567.0,371.0,404.0
541.0,1648.0,346.0,852.0,751.0,882.0,1009.0,537.0,356.0,339.0,195.0,240.0,147.0,152.0,591.0,266.0,833.0,349.0,441.0,230.0,524.0,358.0,339.0
492.0,1648.0,327.0,806.0,691.0,913.0,973.0,499.0,336.0,315.0,202.0,221.0,142.0,162.0,538.0,238.0,765.0,370.0,403.0,204.0,554.0,385.0,332.0
576.0,1646.0,334.0,822.0,709.0,949.0,980.0,567.0,370.0,368.0,210.0,255.0,153.0,147.0,538.0,235.0,774.0,370.0,397.0,207.0,531.0,369.0,361.0
565.0,1554.0,339.0,848.0,754.0,954.0,1008.0,555.0,364.0,370.0,220.0,257.0,157.0,158.0,530.0,242.0,740.0,335.0,374.0,217.0,527.0,377.0,361.0
581.0,1676.0,339.0,873.0,713.0,944.0,1011.0,547.0,348.0,366.0,209.0,240.0,147.0,144.0,551.0,251.0,812.0,372.0,407.0,219.0,541.0,352.0,356.0
585.0,1682.0,353.0,894.0,703.0,929.0,997.0,563.0,354.0,358.0,215.0,240.0,150.0,156.0,534.0,235.0,786.0,391.0,389.0,241.0,577.0,378.0,357.0
636.0,1692.0,352.0,930.0,854.0,978.0,1034.0,579.0,364.0,361.0,206.0,240.0,144.0,144.0,574.0,252.0,815.0,370.0,417.0,245.0,551.0,382.0,381.0
622.0,1618.0,353.0,989.0,721.0,957.0,1080.0,569.0,367.0,350.0,200.0,256.0,146.0,142.0,515.0,218.0,727.0,384.0,383.0,266.0,571.0,380.0,381.0
671.0,1647.0,362.0,960.0,921.0,989.0,1111.0,586.0,378.0,361.0,207.0,257.0,153.0,166.0,541.0,230.0,761.0,369.0,383.0,236.0,569.0,413.0,394.0
640.0,1550.0,385.0,969.0,931.0,984.0,1038.0,590.0,373.0,331.0,195.0,256.0,147.0,136.0,515.0,238.0,744.0,355.0,396.0,257.0,564.0,346.0,375.0
527.0,1464.0,325.0,883.0,710.0,935.0,994.0,550.0,369.0,364.0,212.0,248.0,148.0,130.0,470.0,208.0,653.0,342.0,344.0,231.0,518.0,345.0,360.0
699.0,1684.0,333.0,947.0,805.0,1000.0,1111.0,618.0,401.0,382.0,214.0,266.0,156.0,157.0,548.0,239.0,780.0,400.0,421.0,258.0,530.0,384.0,387.0
561.0,1726.0,346.0,857.0,714.0,872.0,1018.0,526.0,347.0,330.0,198.0,248.0,152.0,164.0,599.0,263.0,885.0,375.0,441.0,232.0,558.0,393.0,353.0
575.0,1648.0,330.0,905.0,788.0,922.0,982.0,540.0,363.0,337.0,205.0,257.0,156.0,133.0,506.0,242.0,773.0,393.0,395.0,248.0,527.0,363.0,381.0
693.0,1734.0,363.0,943.0,801.0,968.0,1113.0,576.0,388.0,365.0,214.0,251.0,165.0,164.0,604.0,264.0,844.0,401.0,416.0,244.0,564.0,406.0,375.0
704.0,1675.0,324.0,962.0,886.0,1044.0,1049.0,637.0,403.0,372.0,208.0,253.0,156.0,153.0,590.0,271.0,832.0,365.0,439.0,265.0,547.0,373.0,368.0
670.0,1537.0,368.0,1026.0,926.0,1014.0,1119.0,622.0,375.0,341.0,192.0,255.0,154.0,139.0,511.0,220.0,700.0,355.0,367.0,282.0,579.0,360.0,415.0
576.0,1662.0,342.0,852.0,714.0,931.0,1013.0,547.0,348.0,335.0,201.0,238.0,151.0,160.0,540.0,236.0,773.0,399.0,408.0,219.0,548.0,379.0,348.0
633.0,1619.0,354.0,962.0,836.0,996.0,1068.0,588.0,356.0,347.0,198.0,249.0,152.0,143.0,531.0,229.0,751.0,370.0,381.0,250.0,541.0,377.0,390.0
622.0,1601.0,334.0,984.0,759.0,971.0,1074.0,562.0,364.0,338.0,206.0,245.0,162.0,145.0,558.0,248.0,783.0,349.0,394.0,263.0,555.0,361.0,365.0
756.0,1654.0,346.0,1033.0,953.0,1046.0,1121.0,630.0,403.0,398.0,219.0,260.0,154.0,154.0,543.0,234.0,768.0,378.0,408.0,287.0,545.0,389.0,375.0
763.0,1685.0,327.0,1031.0,908.0,1083.0,1143.0,617.0,420.0,371.0,219.0,251.0,155.0,152.0,530.0,242.0,760.0,385.0,397.0,271.0,557.0,393.0,381.0
760.0,1767.0,363.0,1014.0,857.0,1017.0,1113.0,630.0,401.0,370.0,222.0,266.0,168.0,176.0,603.0,282.0,866.0,350.0,453.0,270.0,583.0,415.0,384.0
621.0,1714.0,341.0,948.0,832.0,991.0,1048.0,567.0,354.0,322.0,198.0,232.0,141.0,149.0,577.0,252.0,807.0,387.0,427.0,238.0,541.0,375.0,363.0
627.0,1603.0,340.0,905.0,819.0,998.0,1022.0,587.0,386.0,344.0,216.0,259.0,151.0,129.0,543.0,244.0,770.0,386.0,393.0,239.0,560.0,347.0,376.0
655.0,1676.0,360.0,919.0,810.0,1017.0,1070.0,587.0,387.0,362.0,213.0,253.0,151.0,156.0,558.0,246.0,770.0,373.0,406.0,221.0,545.0,389.0,369.0
524.0,1565.0,319.0,882.0,771.0,901.0,990.0,524.0,353.0,319.0,194.0,243.0,143.0,150.0,517.0,222.0,752.0,325.0,402.0,233.0,547.0,349.0,336.0
522.0,1623.0,326.0,818.0,720.0,904.0,965.0,529.0,366.0,351.0,212.0,233.0,143.0,147.0,500.0,216.0,737.0,361.0,375.0,210.0,543.0,362.0,335.0
585.0,1583.0,340.0,875.0,796.0,960.0,1021.0,561.0,359.0,362.0,213.0,245.0,150.0,152.0,552.0,238.0,717.0,335.0,385.0,242.0,566.0,361.0,358.0
710.0,1618.0,348.0,975.0,924.0,1025.0,1047.0,638.0,406.0,361.0,199.0,241.0,154.0,159.0,545.0,240.0,741.0,365.0,389.0,268.0,550.0,392.0,376.0
571.0,1686.0,323.0,818.0,711.0,904.0,960.0,542.0,365.0,354.0,203.0,245.0,144.0,135.0,565.0,255.0,832.0,343.0,445.0,216.0,564.0,362.0,364.0
568.0,1695.0,328.0,860.0,729.0,920.0,1010.0,533.0,376.0,353.0,208.0,244.0,143.0,161.0,554.0,245.0,797.0,385.0,406.0,215.0,540.0,380.0,335.0
673.0,1636.0,374.0,949.0,780.0,982.0,1113.0,590.0,389.0,373.0,209.0,274.0,158.0,161.0,545.0,252.0,771.0,364.0,401.0,257.0,540.0,392.0,375.0
517.0,1632.0,341.0,813.0,632.0,844.0,941.0,512.0,347.0,343.0,207.0,237.0,154.0,127.0,579.0,261.0,801.0,349.0,406.0,222.0,545.0,335.0,353.0
682.0,1662.0,372.0,960.0,829.0,953.0,1073.0,579.0,379.0,377.0,221.0,266.0,163.0,167.0,582.0,266.0,831.0,380.0,429.0,254.0,561.0,393.0,378.0
671.0,1648.0,358.0,966.0,902.0,1007.0,1097.0,575.0,372.0,344.0,198.0,243.0,152.0,157.0,573.0,248.0,775.0,376.0,395.0,250.0,536.0,383.0,395.0
549.0,1585.0,341.0,842.0,732.0,913.0,973.0,560.0,383.0,357.0,214.0,251.0,152.0,147.0,527.0,232.0,755.0,369.0,389.0,227.0,528.0,363.0,344.0
736.0,1717.0,357.0,888.0,865.0,1082.0,1078.0,629.0,415.0,364.0,216.0,268.0,162.0,151.0,591.0,262.0,835.0,372.0,418.0,225.0,561.0,386.0,394.0
713.0,1653.0,365.0,948.0,848.0,1004.0,1114.0,639.0,408.0,401.0,215.0,267.0,157.0,145.0,556.0,240.0,753.0,390.0,405.0,240.0,587.0,388.0,398.0
703.0,1568.0,362.0,948.0,947.0,1082.0,1089.0,628.0,402.0,359.0,214.0,276.0,156.0,147.0,486.0,220.0,703.0,388.0,372.0,258.0,552.0,357.0,408.0
734.0,1678.0,358.0,960.0,825.0,1041.0,1088.0,632.0,422.0,388.0,238.0,282.0,164.0,153.0,573.0,263.0,798.0,330.0,415.0,257.0,571.0,382.0,405.0
625.0,1596.0,340.0,945.0,857.0,982.0,1048.0,577.0,373.0,354.0,202.0,237.0,144.0,150.0,526.0,228.0,715.0,342.0,383.0,254.0,543.0,375.0,384.0
466.0,1526.0,311.0,779.0,627.0,884.0,923.0,512.0,356.0,329.0,196.0,230.0,136.0,130.0,505.0,213.0,708.0,389.0,371.0,217.0,542.0,327.0,337.0
492.0,1507.0,315.0,843.0,737.0,897.0,969.0,540.0,346.0,335.0,185.0,236.0,136.0,153.0,501.0,222.0,719.0,348.0,379.0,226.0,538.0,355.0,337.0
591.0,1686.0,335.0,924.0,816.0,948.0,1013.0,543.0,341.0,337.0,202.0,242.0,151.0,143.0,544.0,242.0,839.0,363.0,429.0,235.0,544.0,362.0,378.0
555.0,1648.0,335.0,826.0,801.0,932.0,1009.0,507.0,348.0,327.0,198.0,245.0,150.0,170.0,521.0,235.0,747.0,416.0,386.0,218.0,543.0,382.0,351.0
624.0,1633.0,360.0,869.0,810.0,1019.0,964.0,592.0,381.0,342.0,186.0,260.0,146.0,134.0,561.0,242.0,777.0,377.0,389.0,238.0,558.0,367.0,349.0
657.0,1681.0,340.0,867.0,775.0,1005.0,1046.0,603.0,389.0,372.0,217.0,261.0,157.0,159.0,559.0,254.0,823.0,373.0,405.0,218.0,543.0,378.0,356.0
574.0,1624.0,345.0,846.0,780.0,926.0,992.0,555.0,357.0,322.0,188.0,257.0,148.0,149.0,567.0,253.0,791.0,344.0,405.0,223.0,534.0,365.0,361.0
810.0,1732.0,399.0,1099.0,925.0,1057.0,1127.0,614.0,396.0,389.0,229.0,273.0,170.0,136.0,578.0,256.0,786.0,411.0,418.0,279.0,568.0,369.0,450.0
558.0,1692.0,328.0,814.0,807.0,911.0,985.0,549.0,342.0,341.0,195.0,257.0,144.0,157.0,539.0,244.0,797.0,411.0,406.0,220.0,536.0,381.0,334.0
531.0,1607.0,337.0,833.0,709.0,912.0,970.0,527.0,349.0,339.0,199.0,248.0,150.0,148.0,511.0,225.0,735.0,379.0,392.0,225.0,515.0,350.0,351.0
659.0,1616.0,363.0,938.0,893.0,976.0,1054.0,620.0,390.0,339.0,197.0,260.0,151.0,138.0,551.0,244.0,801.0,330.0,409.0,250.0,572.0,364.0,377.0
561.0,1600.0,353.0,893.0,712.0,938.0,1006.0,565.0,373.0,354.0,208.0,259.0,148.0,150.0,485.0,216.0,712.0,386.0,368.0,235.0,556.0,373.0,356.0
571.0,1622.0,344.0,858.0,739.0,960.0,969.0,568.0,381.0,342.0,193.0,238.0,150.0,130.0,552.0,242.0,764.0,388.0,410.0,226.0,575.0,362.0,324.0
574.0,1557.0,335.0,845.0,881.0,923.0,971.0,573.0,366.0,357.0,202.0,255.0,152.0,141.0,537.0,242.0,757.0,328.0,401.0,227.0,549.0,351.0,348.0
510.0,1479.0,321.0,904.0,775.0,910.0,1004.0,534.0,372.0,334.0,197.0,248.0,148.0,142.0,499.0,228.0,707.0,346.0,375.0,242.0,524.0,353.0,343.0
616.0,1669.0,339.0,850.0,774.0,1028.0,1018.0,588.0,349.0,344.0,195.0,248.0,146.0,142.0,556.0,257.0,815.0,363.0,414.0,222.0,540.0,370.0,362.0
612.0,1622.0,336.0,889.0,760.0,986.0,1021.0,598.0,375.0,366.0,216.0,262.0,153.0,145.0,534.0,232.0,759.0,361.0,410.0,228.0,537.0,357.0,372.0
599.0,1691.0,362.0,820.0,790.0,926.0,998.0,567.0,379.0,339.0,201.0,255.0,154.0,140.0,560.0,259.0,845.0,369.0,436.0,216.0,562.0,361.0,370.0
715.0,1572.0,367.0,995.0,852.0,1000.0,1142.0,651.0,399.0,378.0,218.0,271.0,153.0,144.0,548.0,253.0,785.0,374.0,426.0,272.0,567.0,358.0,394.0
549.0,1611.0,328.0,885.0,708.0,935.0,990.0,555.0,360.0,345.0,208.0,250.0,154.0,153.0,535.0,237.0,773.0,378.0,402.0,223.0,531.0,364.0,354.0
578.0,1548.0,322.0,835.0,735.0,953.0,1000.0,607.0,393.0,357.0,200.0,247.0,145.0,135.0,517.0,229.0,720.0,332.0,399.0,222.0,528.0,352.0,358.0
675.0,1673.0,348.0,869.0,779.0,1009.0,1063.0,618.0,402.0,381.0,217.0,264.0,163.0,155.0,563.0,237.0,783.0,367.0,397.0,247.0,547.0,388.0,373.0
638.0,1686.0,367.0,918.0,748.0,952.0,1041.0,586.0,353.0,340.0,208.0,262.0,153.0,156.0,586.0,254.0,807.0,354.0,425.0,236.0,560.0,373.0,379.0
580.0,1648.0,334.0,829.0,804.0,927.0,971.0,552.0,372.0,355.0,204.0,263.0,157.0,132.0,558.0,253.0,816.0,345.0,411.0,230.0,551.0,349.0,360.0
581.0,1590.0,356.0,876.0,715.0,923.0,1019.0,574.0,375.0,353.0,208.0,244.0,145.0,143.0,535.0,246.0,758.0,344.0,392.0,248.0,546.0,371.0,355.0
508.0,1634.0,332.0,769.0,679.0,912.0,928.0,518.0,341.0,337.0,214.0,235.0,157.0,135.0,520.0,237.0,735.0,371.0,378.0,198.0,539.0,344.0,348.0
605.0,1669.0,358.0,842.0,724.0,927.0,1057.0,562.0,360.0,345.0,205.0,264.0,157.0,149.0,594.0,271.0,832.0,360.0,423.0,234.0,524.0,402.0,379.0
596.0,1675.0,325.0,884.0,731.0,959.0,992.0,561.0,370.0,355.0,209.0,231.0,155.0,155.0,556.0,248.0,818.0,384.0,408.0,227.0,543.0,380.0,347.0
593.0,1607.0,333.0,870.0,754.0,997.0,999.0,599.0,367.0,332.0,192.0,238.0,153.0,145.0,538.0,241.0,738.0,378.0,377.0,240.0,533.0,368.0,367.0
648.0,1645.0,327.0,922.0,791.0,952.0,1025.0,593.0,392.0,377.0,225.0,259.0,152.0,141.0,530.0,238.0,783.0,348.0,424.0,240.0,551.0,359.0,359.0
702.0,1662.0,369.0,1022.0,841.0,992.0,1108.0,615.0,375.0,367.0,208.0,269.0,154.0,150.0,595.0,267.0,804.0,343.0,424.0,293.0,546.0,378.0,388.0
661.0,1656.0,360.0,902.0,773.0,1031.0,1043.0,611.0,392.0,357.0,213.0,259.0,158.0,156.0,538.0,235.0,778.0,370.0,406.0,239.0,562.0,376.0,377.0
539.0,1620.0,341.0,879.0,702.0,934.0,1006.0,535.0,347.0,324.0,195.0,253.0,153.0,140.0,514.0,225.0,756.0,388.0,391.0,232.0,544.0,349.0,347.0
714.0,1692.0,353.0,974.0,862.0,1019.0,1123.0,609.0,373.0,349.0,204.0,264.0,150.0,143.0,584.0,269.0,845.0,341.0,424.0,264.0,533.0,368.0,404.0
722.0,1627.0,354.0,985.0,1000.0,1039.0,1047.0,619.0,393.0,369.0,209.0,262.0,148.0,151.0,523.0,229.0,750.0,403.0,386.0,287.0,544.0,361.0,393.0
686.0,1682.0,364.0,937.0,814.0,987.0,1067.0,607.0,387.0,375.0,217.0,267.0,158.0,163.0,552.0,262.0,818.0,429.0,425.0,254.0,545.0,387.0,372.0
571.0,1604.0,345.0,888.0,778.0,957.0,998.0,573.0,358.0,315.0,194.0,238.0,144.0,138.0,510.0,224.0,729.0,384.0,370.0,232.0,527.0,363.0,364.0
797.0,1741.0,369.0,996.0,923.0,1022.0,1111.0,667.0,417.0,358.0,207.0,274.0,158.0,155.0,629.0,271.0,876.0,355.0,472.0,275.0,564.0,387.0,413.0
647.0,1703.0,357.0,923.0,800.0,920.0,1064.0,566.0,377.0,358.0,210.0,272.0,164.0,152.0,601.0,274.0,843.0,370.0,458.0,246.0,561.0,377.0,393.0
655.0,1572.0,347.0,900.0,820.0,995.0,1047.0,649.0,429.0,373.0,204.0,262.0,154.0,157.0,512.0,232.0,712.0,355.0,379.0,243.0,546.0,378.0,396.0
579.0,1529.0,335.0,879.0,882.0,957.0,996.0,613.0,386.0,342.0,187.0,238.0,141.0,121.0,520.0,233.0,747.0,315.0,394.0,220.0,557.0,347.0,352.0
583.0,1578.0,341.0,891.0,857.0,949.0,993.0,553.0,369.0,330.0,195.0,237.0,142.0,152.0,500.0,222.0,717.0,392.0,376.0,240.0,532.0,360.0,365.0
547.0,1686.0,339.0,816.0,682.0,894.0,996.0,514.0,354.0,337.0,197.0,235.0,148.0,159.0,626.0,287.0,840.0,373.0,420.0,215.0,563.0,393.0,350.0
655.0,1678.0,361.0,869.0,653.0,974.0,1078.0,574.0,385.0,356.0,213.0,280.0,168.0,161.0,590.0,262.0,805.0,420.0,411.0,240.0,540.0,386.0,368.0
610.0,1678.0,332.0,891.0,778.0,945.0,1010.0,564.0,386.0,343.0,198.0,250.0,152.0,152.0,565.0,254.0,804.0,411.0,415.0,242.0,542.0,372.0,366.0
530.0,1559.0,328.0,872.0,727.0,898.0,981.0,515.0,358.0,335.0,186.0,231.0,143.0,149.0,515.0,228.0,723.0,370.0,348.0,232.0,520.0,363.0,325.0
602.0,1618.0,338.0,880.0,772.0,959.0,1020.0,564.0,381.0,323.0,189.0,257.0,153.0,138.0,551.0,251.0,807.0,370.0,403.0,238.0,555.0,346.0,370.0
535.0,1639.0,327.0,835.0,744.0,953.0,996.0,547.0,361.0,331.0,185.0,244.0,146.0,154.0,547.0,240.0,766.0,362.0,390.0,223.0,537.0,364.0,361.0
631.0,1649.0,349.0,891.0,747.0,957.0,1023.0,576.0,402.0,360.0,205.0,260.0,152.0,165.0,566.0,254.0,815.0,351.0,434.0,239.0,540.0,370.0,343.0
522.0,1662.0,332.0,794.0,640.0,875.0,938.0,517.0,344.0,334.0,195.0,247.0,156.0,156.0,535.0,236.0,792.0,389.0,395.0,225.0,533.0,359.0,344.0
795.0,1666.0,371.0,1069.0,961.0,1014.0,1141.0,605.0,393.0,395.0,221.0,266.0,163.0,155.0,557.0,244.0,776.0,380.0,390.0,302.0,539.0,388.0,398.0
840.0,1698.0,366.0,1034.0,974.0,1076.0,1162.0,657.0,439.0,402.0,233.0,312.0,174.0,153.0,572.0,266.0,824.0,365.0,417.0,288.0,556.0,398.0,420.0
712.0,1707.0,354.0,955.0,808.0,989.0,1093.0,598.0,390.0,393.0,231.0,278.0,163.0,146.0,563.0,252.0,826.0,414.0,440.0,261.0,539.0,370.0,385.0
550.0,1562.0,345.0,871.0,835.0,1003.0,946.0,585.0,357.0,341.0,179.0,223.0,135.0,127.0,511.0,230.0,722.0,369.0,375.0,226.0,542.0,335.0,357.0
502.0,1551.0,320.0,902.0,813.0,888.0,948.0,513.0,331.0,291.0,183.0,225.0,138.0,138.0,495.0,222.0,709.0,370.0,383.0,237.0,529.0,346.0,352.0
684.0,1652.0,343.0,921.0,832.0,1018.0,1026.0,624.0,402.0,384.0,213.0,255.0,153.0,150.0,553.0,240.0,763.0,389.0,412.0,247.0,554.0,368.0,368.0
723.0,1644.0,357.0,977.0,815.0,1136.0,1124.0,638.0,402.0,348.0,207.0,268.0,155.0,170.0,535.0,242.0,777.0,377.0,404.0,255.0,551.0,397.0,360.0
666.0,1565.0,363.0,968.0,856.0,960.0,1051.0,596.0,394.0,376.0,206.0,280.0,160.0,132.0,554.0,241.0,739.0,358.0,405.0,275.0,543.0,340.0,408.0
654.0,1684.0,347.0,913.0,814.0,980.0,1084.0,597.0,375.0,363.0,205.0,254.0,147.0,164.0,592.0,264.0,838.0,382.0,427.0,236.0,568.0,398.0,355.0
606.0,1591.0,337.0,875.0,733.0,953.0,990.0,609.0,397.0,362.0,226.0,252.0,147.0,147.0,531.0,244.0,759.0,325.0,398.0,228.0,537.0,378.0,350.0
599.0,1686.0,334.0,887.0,679.0,988.0,1040.0,602.0,369.0,317.0,188.0,248.0,144.0,159.0,558.0,248.0,773.0,401.0,405.0,237.0,538.0,395.0,343.0
759.0,1732.0,383.0,949.0,880.0,1028.0,1104.0,647.0,397.0,367.0,212.0,265.0,160.0,150.0,611.0,278.0,854.0,384.0,433.0,251.0,535.0,361.0,394.0
558.0,1600.0,354.0,873.0,766.0,938.0,997.0,536.0,367.0,333.0,198.0,242.0,149.0,138.0,529.0,229.0,734.0,356.0,378.0,234.0,535.0,360.0,357.0
665.0,1605.0,359.0,968.0,860.0,1011.0,1105.0,606.0,377.0,338.0,201.0,255.0,153.0,178.0,525.0,238.0,776.0,396.0,403.0,268.0,548.0,401.0,362.0
604.0,1607.0,329.0,875.0,789.0,974.0,1055.0,562.0,391.0,340.0,202.0,259.0,151.0,169.0,538.0,249.0,755.0,323.0,386.0,241.0,530.0,398.0,360.0
622.0,1679.0,355.0,893.0,728.0,940.0,1051.0,568.0,382.0,357.0,203.0,275.0,155.0,153.0,551.0,245.0,814.0,381.0,425.0,232.0,560.0,372.0,375.0
571.0,1602.0,345.0,898.0,729.0,927.0,983.0,572.0,365.0,354.0,212.0,240.0,153.0,144.0,527.0,232.0,719.0,403.0,379.0,235.0,543.0,354.0,379.0
640.0,1658.0,334.0,877.0,712.0,1024.0,1016.0,599.0,403.0,379.0,213.0,265.0,158.0,140.0,554.0,237.0,790.0,394.0,402.0,227.0,533.0,361.0,374.0
551.0,1620.0,339.0,863.0,728.0,893.0,982.0,531.0,353.0,358.0,202.0,252.0,146.0,150.0,501.0,237.0,758.0,376.0,385.0,236.0,566.0,370.0,357.0
859.0,1792.0,384.0,1045.0,965.0,1091.0,1159.0,660.0,428.0,400.0,228.0,279.0,163.0,153.0,587.0,260.0,866.0,415.0,430.0,269.0,573.0,389.0,436.0
634.0,1565.0,343.0,904.0,766.0,1000.0,1087.0,624.0,386.0,364.0,209.0,268.0,156.0,160.0,509.0,226.0,732.0,376.0,376.0,245.0,536.0,386.0,379.0
528.0,1606.0,343.0,836.0,716.0,884.0,988.0,543.0,335.0,322.0,192.0,248.0,148.0,157.0,532.0,247.0,770.0,355.0,389.0,206.0,535.0,354.0,361.0
686.0,1586.0,339.0,939.0,824.0,1067.0,1002.0,671.0,400.0,374.0,205.0,265.0,155.0,140.0,488.0,220.0,722.0,383.0,377.0,263.0,527.0,345.0,384.0
575.0,1618.0,345.0,831.0,682.0,903.0,1007.0,561.0,387.0,365.0,206.0,254.0,153.0,159.0,535.0,250.0,782.0,362.0,399.0,210.0,562.0,368.0,331.0
874.0,1870.0,366.0,931.0,943.0,1130.0,1100.0,713.0,435.0,397.0,224.0,277.0,169.0,141.0,623.0,278.0,898.0,477.0,458.0,240.0,560.0,386.0,412.0
663.0,1624.0,365.0,874.0,825.0,1018.0,1033.0,623.0,383.0,359.0,199.0,253.0,148.0,159.0,546.0,250.0,765.0,346.0,413.0,247.0,550.0,368.0,344.0
798.0,1684.0,400.0,1094.0,1021.0,1027.0,1138.0,615.0,389.0,365.0,200.0,274.0,156.0,155.0,570.0,267.0,825.0,369.0,419.0,290.0,552.0,402.0,400.0
649.0,1610.0,355.0,969.0,840.0,1005.0,1028.0,623.0,380.0,345.0,183.0,265.0,150.0,148.0,555.0,256.0,791.0,352.0,394.0,270.0,543.0,381.0,365.0
705.0,1569.0,345.0,926.0,1002.0,1069.0,1034.0,655.0,404.0,391.0,227.0,270.0,152.0,156.0,475.0,206.0,718.0,368.0,373.0,258.0,517.0,357.0,358.0
763.0,1667.0,374.0,979.0,939.0,1038.0,1069.0,628.0,423.0,385.0,225.0,276.0,160.0,156.0,559.0,252.0,781.0,335.0,407.0,252.0,588.0,392.0,406.0
500.0,1512.0,328.0,830.0,723.0,898.0,961.0,549.0,357.0,345.0,200.0,242.0,142.0,138.0,486.0,222.0,709.0,362.0,357.0,218.0,524.0,349.0,344.0
650.0,1569.0,365.0,945.0,921.0,945.0,1086.0,592.0,379.0,355.0,208.0,290.0,160.0,152.0,529.0,247.0,760.0,322.0,377.0,247.0,528.0,375.0,382.0
608.0,1600.0,347.0,883.0,823.0,928.0,976.0,584.0,370.0,379.0,216.0,256.0,152.0,138.0,541.0,245.0,775.0,366.0,427.0,241.0,557.0,355.0,363.0
634.0,1609.0,338.0,902.0,926.0,1041.0,1052.0,603.0,398.0,326.0,189.0,238.0,145.0,154.0,533.0,232.0,731.0,396.0,380.0,272.0,539.0,385.0,369.0
696.0,1577.0,348.0,921.0,878.0,1043.0,1043.0,658.0,418.0,365.0,188.0,270.0,152.0,129.0,578.0,247.0,771.0,323.0,403.0,257.0,531.0,353.0,380.0
527.0,1612.0,321.0,878.0,732.0,850.0,949.0,516.0,353.0,353.0,199.0,238.0,144.0,148.0,531.0,241.0,789.0,364.0,406.0,237.0,558.0,350.0,344.0
546.0,1538.0,337.0,883.0,750.0,915.0,979.0,540.0,368.0,354.0,218.0,262.0,148.0,140.0,505.0,220.0,717.0,372.0,362.0,250.0,552.0,348.0,362.0
592.0,1645.0,345.0,874.0,718.0,947.0,996.0,601.0,390.0,360.0,194.0,253.0,151.0,140.0,564.0,259.0,794.0,336.0,411.0,239.0,547.0,364.0,368.0
604.0,1660.0,334.0,895.0,768.0,931.0,1016.0,560.0,368.0,345.0,210.0,254.0,157.0,163.0,526.0,252.0,814.0,357.0,404.0,226.0,565.0,375.0,344.0
710.0,1589.0,345.0,941.0,895.0,1030.0,1079.0,671.0,439.0,385.0,215.0,275.0,154.0,163.0,515.0,238.0,740.0,352.0,399.0,262.0,538.0,367.0,389.0
644.0,1643.0,339.0,893.0,772.0,1007.0,1022.0,614.0,389.0,357.0,215.0,252.0,156.0,159.0,539.0,240.0,770.0,368.0,404.0,238.0,549.0,362.0,338.0
637.0,1620.0,343.0,891.0,754.0,978.0,1041.0,594.0,386.0,391.0,222.0,251.0,154.0,153.0,513.0,227.0,720.0,381.0,391.0,235.0,534.0,373.0,359.0
511.0,1611.0,330.0,891.0,773.0,876.0,994.0,502.0,327.0,307.0,192.0,237.0,145.0,169.0,544.0,241.0,769.0,387.0,399.0,233.0,525.0,378.0,351.0
743.0,1736.0,370.0,946.0,817.0,1051.0,1059.0,649.0,421.0,382.0,219.0,263.0,162.0,152.0,578.0,268.0,805.0,399.0,407.0,252.0,543.0,386.0,373.0
634.0,1679.0,334.0,883.0,749.0,962.0,1045.0,567.0,383.0,363.0,218.0,255.0,157.0,156.0,582.0,266.0,810.0,383.0,414.0,227.0,550.0,394.0,366.0
556.0,1608.0,323.0,842.0,670.0,956.0,942.0,548.0,391.0,355.0,214.0,237.0,146.0,143.0,535.0,237.0,758.0,369.0,384.0,213.0,533.0,352.0,355.0
830.0,1661.0,370.0,1030.0,1012.0,1152.0,1158.0,702.0,434.0,371.0,212.0,286.0,165.0,147.0,517.0,231.0,767.0,414.0,407.0,283.0,566.0,378.0,408.0
750.0,1559.0,379.0,1028.0,948.0,1034.0,1163.0,674.0,403.0,379.0,213.0,302.0,158.0,147.0,532.0,236.0,743.0,404.0,395.0,275.0,557.0,391.0,411.0
506.0,1540.0,309.0,849.0,695.0,862.0,1003.0,541.0,343.0,329.0,184.0,240.0,139.0,135.0,539.0,238.0,776.0,331.0,409.0,235.0,533.0,357.0,362.0
623.0,1574.0,320.0,930.0,833.0,1028.0,1034.0,618.0,374.0,343.0,202.0,247.0,147.0,147.0,523.0,230.0,727.0,389.0,373.0,239.0,537.0,360.0,367.0
596.0,1595.0,340.0,891.0,730.0,1001.0,989.0,596.0,391.0,362.0,208.0,245.0,142.0,137.0,555.0,258.0,764.0,351.0,378.0,224.0,549.0,358.0,347.0
548.0,1654.0,332.0,828.0,734.0,900.0,993.0,530.0,363.0,337.0,207.0,244.0,157.0,166.0,562.0,258.0,787.0,386.0,403.0,212.0,542.0,384.0,335.0
657.0,1650.0,360.0,999.0,890.0,959.0,1074.0,552.0,357.0,352.0,206.0,267.0,155.0,160.0,521.0,230.0,796.0,422.0,433.0,280.0,551.0,391.0,378.0
775.0,1644.0,361.0,1074.0,1020.0,1077.0,1102.0,641.0,419.0,380.0,212.0,279.0,165.0,157.0,516.0,238.0,739.0,418.0,380.0,296.0,535.0,367.0,415.0
632.0,1599.0,338.0,854.0,743.0,1027.0,1002.0,640.0,374.0,374.0,208.0,250.0,151.0,146.0,528.0,238.0,740.0,320.0,384.0,227.0,540.0,356.0,345.0
740.0,1640.0,352.0,952.0,850.0,1052.0,1078.0,640.0,421.0,375.0,214.0,290.0,168.0,137.0,577.0,255.0,801.0,358.0,426.0,256.0,558.0,366.0,412.0
683.0,1638.0,354.0,1003.0,858.0,1019.0,1107.0,627.0,390.0,360.0,212.0,275.0,158.0,154.0,526.0,237.0,761.0,389.0,404.0,270.0,559.0,380.0,381.0
460.0,1586.0,307.0,777.0,726.0,877.0,963.0,492.0,310.0,299.0,188.0,229.0,141.0,154.0,533.0,244.0,755.0,357.0,388.0,193.0,529.0,375.0,344.0
611.0,1655.0,355.0,908.0,764.0,922.0,1034.0,564.0,372.0,358.0,210.0,258.0,153.0,146.0,543.0,240.0,808.0,349.0,407.0,240.0,525.0,368.0,384.0
763.0,1646.0,379.0,1029.0,913.0,1071.0,1163.0,668.0,390.0,358.0,202.0,275.0,148.0,148.0,527.0,242.0,756.0,359.0,404.0,278.0,541.0,378.0,397.0
620.0,1668.0,354.0,910.0,862.0,982.0,1037.0,564.0,369.0,318.0,202.0,244.0,147.0,144.0,574.0,255.0,798.0,378.0,407.0,242.0,535.0,384.0,370.0
586.0,1632.0,361.0,862.0,792.0,930.0,973.0,585.0,367.0,339.0,190.0,253.0,142.0,145.0,544.0,250.0,783.0,342.0,410.0,237.0,540.0,355.0,340.0
589.0,1714.0,356.0,878.0,737.0,916.0,1034.0,566.0,334.0,324.0,198.0,255.0,152.0,141.0,613.0,280.0,880.0,350.0,449.0,254.0,554.0,389.0,387.0
581.0,1605.0,330.0,867.0,721.0,894.0,1006.0,560.0,362.0,370.0,202.0,264.0,157.0,145.0,544.0,247.0,795.0,330.0,397.0,236.0,527.0,356.0,378.0
765.0,1644.0,368.0,899.0,942.0,1032.0,1089.0,670.0,453.0,416.0,224.0,280.0,163.0,157.0,582.0,265.0,803.0,348.0,438.0,240.0,547.0,384.0,390.0
610.0,1582.0,357.0,947.0,876.0,966.0,1063.0,584.0,352.0,341.0,202.0,262.0,150.0,140.0,522.0,222.0,721.0,375.0,370.0,257.0,560.0,358.0,378.0
590.0,1612.0,346.0,901.0,785.0,947.0,1022.0,578.0,380.0,364.0,201.0,261.0,158.0,157.0,555.0,257.0,772.0,365.0,387.0,247.0,529.0,380.0,354.0
774.0,1778.0,390.0,909.0,818.0,1066.0,1100.0,631.0,429.0,403.0,238.0,276.0,163.0,159.0,621.0,279.0,919.0,362.0,479.0,242.0,570.0,403.0,388.0
526.0,1717.0,336.0,786.0,668.0,868.0,945.0,508.0,326.0,319.0,193.0,238.0,151.0,162.0,581.0,271.0,859.0,383.0,422.0,213.0,539.0,370.0,330.0
611.0,1565.0,334.0,895.0,838.0,1025.0,1003.0,622.0,379.0,344.0,210.0,246.0,146.0,146.0,508.0,235.0,721.0,352.0,357.0,230.0,534.0,354.0,364.0
619.0,1609.0,332.0,894.0,843.0,966.0,1014.0,575.0,372.0,369.0,212.0,250.0,155.0,138.0,558.0,238.0,773.0,358.0,397.0,233.0,549.0,360.0,368.0
587.0,1651.0,318.0,870.0,800.0,963.0,1019.0,566.0,377.0,347.0,203.0,234.0,146.0,144.0,520.0,221.0,780.0,364.0,419.0,234.0,511.0,355.0,364.0
641.0,1618.0,332.0,971.0,802.0,998.0,1031.0,590.0,368.0,347.0,208.0,249.0,148.0,137.0,501.0,225.0,742.0,370.0,379.0,271.0,532.0,367.0,381.0
634.0,1752.0,346.0,801.0,706.0,960.0,1013.0,556.0,387.0,354.0,213.0,265.0,164.0,155.0,636.0,287.0,869.0,401.0,455.0,225.0,550.0,382.0,366.0
653.0,1606.0,350.0,968.0,695.0,987.0,1023.0,598.0,396.0,395.0,216.0,264.0,152.0,163.0,575.0,260.0,775.0,340.0,401.0,276.0,531.0,387.0,384.0
528.0,1610.0,328.0,845.0,726.0,964.0,922.0,561.0,361.0,337.0,191.0,226.0,146.0,153.0,530.0,234.0,764.0,332.0,399.0,235.0,513.0,347.0,344.0
655.0,1702.0,350.0,962.0,834.0,957.0,1060.0,572.0,371.0,354.0,210.0,261.0,156.0,137.0,572.0,249.0,792.0,365.0,422.0,248.0,536.0,379.0,399.0
861.0,1712.0,368.0,1074.0,980.0,1100.0,1173.0,679.0,438.0,388.0,223.0,293.0,172.0,166.0,594.0,270.0,821.0,384.0,437.0,300.0,574.0,391.0,410.0
704.0,1706.0,355.0,978.0,929.0,996.0,1113.0,617.0,380.0,349.0,200.0,261.0,160.0,153.0,610.0,273.0,874.0,347.0,462.0,264.0,561.0,383.0,385.0
516.0,1570.0,333.0,834.0,765.0,902.0,970.0,525.0,348.0,321.0,193.0,239.0,149.0,140.0,530.0,237.0,752.0,350.0,380.0,214.0,542.0,349.0,353.0
726.0,1604.0,365.0,1028.0,971.0,1050.0,1115.0,653.0,412.0,355.0,206.0,277.0,160.0,130.0,538.0,242.0,773.0,344.0,407.0,286.0,541.0,352.0,405.0
750.0,1650.0,354.0,1017.0,947.0,998.0,1133.0,586.0,386.0,358.0,207.0,275.0,157.0,154.0,528.0,236.0,743.0,383.0,394.0,288.0,542.0,376.0,408.0
688.0,1643.0,357.0,955.0,824.0,1023.0,1122.0,620.0,377.0,353.0,204.0,284.0,155.0,144.0,538.0,246.0,782.0,378.0,394.0,247.0,559.0,384.0,404.0
620.0,1613.0,364.0,917.0,817.0,955.0,1026.0,575.0,364.0,358.0,203.0,269.0,153.0,136.0,561.0,258.0,798.0,339.0,404.0,248.0,541.0,345.0,379.0
753.0,1661.0,359.0,991.0,801.0,1040.0,1111.0,630.0,436.0,399.0,233.0,282.0,160.0,158.0,566.0,260.0,816.0,365.0,439.0,264.0,565.0,392.0,378.0
693.0,1607.0,353.0,962.0,933.0,1054.0,1084.0,629.0,421.0,382.0,217.0,269.0,150.0,145.0,511.0,223.0,752.0,357.0,395.0,249.0,541.0,362.0,403.0
603.0,1561.0,320.0,901.0,752.0,982.0,1019.0,622.0,399.0,374.0,206.0,251.0,145.0,128.0,485.0,223.0,698.0,354.0,365.0,238.0,521.0,347.0,344.0
603.0,1606.0,322.0,925.0,801.0,967.0,1043.0,580.0,361.0,327.0,185.0,242.0,145.0,153.0,520.0,233.0,726.0,363.0,357.0,244.0,537.0,372.0,382.0
520.0,1480.0,328.0,841.0,760.0,916.0,992.0,562.0,384.0,353.0,195.0,252.0,146.0,131.0,486.0,220.0,684.0,342.0,370.0,222.0,516.0,328.0,349.0
559.0,1648.0,342.0,855.0,675.0,927.0,1044.0,546.0,348.0,335.0,191.0,260.0,148.0,155.0,571.0,267.0,812.0,356.0,414.0,211.0,537.0,397.0,350.0
730.0,1626.0,373.0,999.0,892.0,1053.0,1099.0,634.0,387.0,357.0,205.0,271.0,155.0,149.0,555.0,257.0,773.0,326.0,388.0,270.0,574.0,368.0,400.0
654.0,1563.0,365.0,1014.0,878.0,973.0,1069.0,575.0,367.0,348.0,204.0,262.0,155.0,138.0,511.0,232.0,730.0,354.0,372.0,270.0,558.0,365.0,378.0
582.0,1633.0,317.0,816.0,763.0,961.0,1028.0,569.0,381.0,348.0,197.0,240.0,145.0,160.0,550.0,258.0,811.0,358.0,394.0,220.0,543.0,349.0,345.0
649.0,1685.0,362.0,872.0,779.0,993.0,1059.0,601.0,386.0,338.0,195.0,267.0,155.0,152.0,562.0,262.0,791.0,364.0,427.0,230.0,542.0,373.0,379.0
687.0,1721.0,367.0,917.0,803.0,1061.0,1035.0,592.0,379.0,375.0,213.0,266.0,159.0,173.0,549.0,242.0,794.0,390.0,394.0,236.0,553.0,396.0,383.0
556.0,1615.0,342.0,859.0,693.0,935.0,1004.0,556.0,350.0,319.0,190.0,236.0,149.0,160.0,558.0,250.0,785.0,369.0,386.0,232.0,540.0,385.0,353.0
603.0,1626.0,361.0,878.0,689.0,960.0,1028.0,583.0,372.0,335.0,203.0,268.0,147.0,141.0,548.0,257.0,789.0,353.0,407.0,226.0,540.0,360.0,375.0
532.0,1630.0,332.0,816.0,708.0,903.0,961.0,531.0,371.0,323.0,190.0,238.0,142.0,137.0,562.0,257.0,809.0,357.0,409.0,211.0,544.0,345.0,357.0
570.0,1599.0,338.0,893.0,787.0,979.0,1018.0,566.0,379.0,354.0,206.0,243.0,145.0,152.0,529.0,229.0,746.0,380.0,369.0,243.0,540.0,346.0,336.0
650.0,1657.0,356.0,883.0,778.0,966.0,991.0,596.0,392.0,375.0,210.0,259.0,152.0,140.0,572.0,272.0,828.0,369.0,419.0,241.0,544.0,345.0,362.0
597.0,1583.0,342.0,900.0,756.0,964.0,1041.0,569.0,394.0,353.0,205.0,258.0,146.0,143.0,527.0,233.0,733.0,389.0,381.0,240.0,577.0,381.0,366.0
560.0,1513.0,345.0,862.0,768.0,948.0,966.0,570.0,371.0,344.0,190.0,231.0,139.0,139.0,470.0,216.0,662.0,377.0,349.0,231.0,544.0,339.0,347.0
628.0,1598.0,346.0,915.0,779.0,957.0,1047.0,594.0,398.0,368.0,207.0,264.0,154.0,132.0,530.0,232.0,736.0,323.0,399.0,223.0,523.0,345.0,409.0
644.0,1617.0,345.0,914.0,816.0,1011.0,1008.0,607.0,371.0,381.0,208.0,245.0,152.0,145.0,565.0,252.0,753.0,337.0,393.0,236.0,557.0,363.0,394.0
646.0,1677.0,344.0,900.0,808.0,958.0,1008.0,590.0,397.0,340.0,195.0,262.0,149.0,148.0,579.0,265.0,855.0,410.0,428.0,240.0,532.0,348.0,379.0
513.0,1576.0,334.0,837.0,699.0,890.0,927.0,527.0,363.0,353.0,207.0,254.0,147.0,135.0,500.0,229.0,727.0,391.0,371.0,221.0,551.0,330.0,348.0
590.0,1705.0,343.0,921.0,738.0,913.0,1030.0,527.0,340.0,355.0,219.0,241.0,148.0,148.0,581.0,249.0,825.0,365.0,431.0,236.0,546.0,370.0,350.0
708.0,1732.0,363.0,968.0,787.0,1031.0,1081.0,598.0,397.0,351.0,213.0,275.0,163.0,142.0,585.0,256.0,835.0,412.0,443.0,257.0,552.0,379.0,399.0
628.0,1682.0,343.0,913.0,816.0,966.0,1049.0,565.0,370.0,358.0,200.0,261.0,152.0,160.0,547.0,242.0,790.0,380.0,406.0,244.0,565.0,376.0,376.0
691.0,1570.0,343.0,982.0,900.0,983.0,1101.0,598.0,398.0,369.0,203.0,264.0,155.0,130.0,564.0,268.0,774.0,341.0,404.0,270.0,542.0,369.0,391.0
635.0,1646.0,352.0,920.0,746.0,975.0,1071.0,580.0,383.0,370.0,215.0,270.0,155.0,157.0,548.0,239.0,774.0,363.0,396.0,242.0,565.0,385.0,386.0
783.0,1689.0,388.0,923.0,919.0,1021.0,1113.0,633.0,438.0,393.0,220.0,276.0,158.0,148.0,603.0,278.0,833.0,385.0,435.0,233.0,568.0,389.0,402.0
636.0,1621.0,349.0,948.0,803.0,984.0,1052.0,600.0,370.0,372.0,208.0,253.0,155.0,143.0,510.0,231.0,724.0,368.0,374.0,245.0,533.0,373.0,369.0
648.0,1572.0,355.0,1000.0,875.0,985.0,1096.0,590.0,393.0,394.0,220.0,252.0,162.0,148.0,548.0,243.0,760.0,364.0,381.0,257.0,534.0,383.0,384.0
507.0,1560.0,325.0,836.0,736.0,905.0,945.0,536.0,351.0,317.0,187.0,236.0,144.0,120.0,538.0,238.0,748.0,322.0,388.0,226.0,531.0,342.0,350.0
450.0,1579.0,319.0,752.0,670.0,890.0,930.0,502.0,328.0,306.0,193.0,223.0,146.0,154.0,523.0,233.0,725.0,383.0,382.0,188.0,530.0,357.0,312.0
621.0,1728.0,352.0,947.0,840.0,941.0,1070.0,568.0,348.0,308.0,185.0,254.0,150.0,155.0,567.0,250.0,794.0,399.0,417.0,238.0,536.0,387.0,374.0
618.0,1667.0,359.0,859.0,819.0,978.0,1042.0,605.0,378.0,342.0,198.0,260.0,151.0,155.0,548.0,244.0,788.0,432.0,398.0,229.0,560.0,388.0,352.0
556.0,1617.0,345.0,868.0,708.0,927.0,1014.0,546.0,363.0,320.0,194.0,256.0,154.0,149.0,587.0,257.0,802.0,357.0,408.0,231.0,544.0,382.0,369.0
478.0,1581.0,335.0,778.0,663.0,857.0,955.0,516.0,323.0,303.0,195.0,236.0,140.0,149.0,555.0,249.0,770.0,351.0,402.0,200.0,541.0,357.0,334.0
549.0,1701.0,338.0,838.0,689.0,890.0,983.0,555.0,347.0,353.0,213.0,222.0,147.0,160.0,561.0,249.0,796.0,433.0,411.0,209.0,546.0,391.0,345.0
554.0,1675.0,330.0,856.0,766.0,916.0,991.0,544.0,348.0,333.0,203.0,238.0,150.0,154.0,582.0,255.0,803.0,397.0,404.0,222.0,529.0,371.0,370.0
529.0,1567.0,341.0,815.0,802.0,932.0,950.0,554.0,343.0,328.0,187.0,233.0,139.0,142.0,523.0,238.0,770.0,335.0,396.0,220.0,546.0,326.0,353.0
473.0,1555.0,328.0,837.0,815.0,904.0,961.0,509.0,324.0,295.0,183.0,225.0,137.0,140.0,506.0,238.0,762.0,340.0,373.0,225.0,519.0,341.0,325.0
679.0,1616.0,350.0,932.0,805.0,1012.0,1026.0,608.0,426.0,379.0,219.0,273.0,161.0,139.0,551.0,233.0,756.0,360.0,399.0,263.0,546.0,354.0,389.0
578.0,1537.0,348.0,937.0,798.0,960.0,1005.0,567.0,387.0,360.0,202.0,244.0,146.0,130.0,530.0,232.0,708.0,381.0,378.0,251.0,550.0,334.0,366.0
527.0,1666.0,360.0,865.0,664.0,852.0,983.0,482.0,334.0,320.0,188.0,238.0,152.0,149.0,578.0,253.0,807.0,423.0,420.0,233.0,549.0,370.0,352.0
520.0,1602.0,340.0,855.0,731.0,909.0,995.0,531.0,336.0,322.0,183.0,240.0,140.0,150.0,551.0,246.0,778.0,354.0,413.0,222.0,536.0,365.0,334.0
750.0,1756.0,373.0,978.0,832.0,1018.0,1089.0,613.0,403.0,374.0,219.0,276.0,168.0,142.0,597.0,276.0,865.0,359.0,434.0,263.0,558.0,363.0,400.0
694.0,1676.0,357.0,984.0,862.0,1037.0,1076.0,623.0,381.0,360.0,203.0,263.0,156.0,140.0,555.0,251.0,791.0,387.0,404.0,260.0,549.0,370.0,408.0
676.0,1628.0,364.0,918.0,772.0,1021.0,1077.0,608.0,419.0,378.0,237.0,273.0,168.0,143.0,521.0,240.0,747.0,380.0,379.0,246.0,535.0,376.0,370.0
668.0,1700.0,352.0,905.0,873.0,972.0,1008.0,563.0,400.0,368.0,239.0,266.0,168.0,145.0,585.0,261.0,803.0,394.0,401.0,243.0,553.0,354.0,375.0
618.0,1578.0,355.0,935.0,828.0,998.0,1048.0,602.0,379.0,360.0,202.0,248.0,143.0,138.0,506.0,222.0,698.0,387.0,390.0,240.0,531.0,360.0,383.0
661.0,1657.0,360.0,915.0,931.0,963.0,1071.0,590.0,385.0,354.0,210.0,272.0,157.0,145.0,539.0,241.0,750.0,359.0,403.0,244.0,568.0,373.0,396.0
514.0,1584.0,335.0,847.0,747.0,873.0,966.0,527.0,358.0,334.0,203.0,247.0,149.0,135.0,562.0,247.0,755.0,357.0,395.0,208.0,539.0,342.0,350.0
553.0,1714.0,340.0,843.0,751.0,884.0,999.0,488.0,345.0,319.0,200.0,236.0,148.0,138.0,543.0,247.0,819.0,403.0,413.0,225.0,538.0,381.0,345.0
916.0,1738.0,389.0,1023.0,948.0,1167.0,1192.0,708.0,459.0,390.0,229.0,287.0,169.0,155.0,579.0,266.0,824.0,396.0,421.0,287.0,611.0,411.0,405.0
790.0,1579.0,363.0,1060.0,1031.0,1082.0,1114.0,690.0,417.0,392.0,220.0,280.0,158.0,130.0,537.0,237.0,725.0,363.0,388.0,291.0,525.0,349.0,420.0
652.0,1660.0,343.0,884.0,768.0,985.0,1032.0,619.0,391.0,359.0,207.0,255.0,156.0,137.0,561.0,252.0,783.0,375.0,415.0,248.0,538.0,366.0,374.0
579.0,1561.0,338.0,885.0,758.0,956.0,1001.0,585.0,376.0,340.0,193.0,248.0,141.0,129.0,526.0,229.0,731.0,350.0,398.0,228.0,551.0,352.0,337.0
743.0,1645.0,360.0,967.0,895.0,1047.0,1074.0,664.0,430.0,387.0,198.0,259.0,147.0,130.0,545.0,249.0,795.0,336.0,409.0,254.0,538.0,357.0,374.0
690.0,1685.0,355.0,881.0,730.0,1070.0,1065.0,647.0,402.0,374.0,220.0,269.0,158.0,145.0,534.0,232.0,752.0,356.0,391.0,238.0,552.0,370.0,399.0
667.0,1642.0,351.0,871.0,887.0,1018.0,1058.0,621.0,385.0,364.0,210.0,250.0,152.0,149.0,572.0,260.0,806.0,364.0,423.0,233.0,565.0,377.0,367.0
541.0,1642.0,339.0,825.0,738.0,920.0,976.0,551.0,372.0,335.0,194.0,236.0,150.0,139.0,583.0,268.0,845.0,373.0,426.0,222.0,532.0,353.0,344.0
439.0,1568.0,322.0,745.0,642.0,848.0,937.0,476.0,328.0,320.0,197.0,220.0,146.0,148.0,529.0,236.0,739.0,332.0,373.0,187.0,539.0,354.0,323.0
501.0,1587.0,322.0,843.0,664.0,905.0,938.0,527.0,343.0,337.0,199.0,238.0,142.0,130.0,563.0,262.0,800.0,347.0,413.0,223.0,529.0,340.0,328.0
726.0,1710.0,354.0,989.0,868.0,996.0,1091.0,611.0,405.0,366.0,225.0,277.0,162.0,149.0,588.0,251.0,811.0,404.0,420.0,252.0,555.0,386.0,410.0
634.0,1558.0,352.0,1000.0,914.0,976.0,1035.0,604.0,371.0,322.0,190.0,253.0,145.0,124.0,505.0,226.0,719.0,343.0,380.0,271.0,553.0,326.0,394.0
669.0,1700.0,355.0,902.0,773.0,986.0,1057.0,590.0,389.0,376.0,225.0,271.0,158.0,140.0,572.0,244.0,799.0,371.0,438.0,236.0,551.0,371.0,382.0
511.0,1555.0,334.0,800.0,675.0,893.0,917.0,545.0,348.0,341.0,187.0,250.0,139.0,114.0,509.0,223.0,752.0,309.0,406.0,210.0,558.0,321.0,343.0
627.0,1587.0,352.0,920.0,869.0,965.0,1053.0,606.0,400.0,364.0,211.0,264.0,151.0,134.0,488.0,212.0,728.0,362.0,391.0,249.0,538.0,348.0,370.0
511.0,1552.0,324.0,832.0,658.0,869.0,998.0,530.0,361.0,340.0,196.0,256.0,146.0,140.0,532.0,248.0,744.0,354.0,408.0,209.0,539.0,369.0,350.0
714.0,1776.0,358.0,867.0,800.0,1018.0,1033.0,629.0,395.0,352.0,200.0,266.0,157.0,141.0,606.0,270.0,891.0,368.0,456.0,242.0,555.0,321.0,392.0
655.0,1562.0,350.0,916.0,811.0,1032.0,1058.0,602.0,393.0,362.0,208.0,268.0,156.0,138.0,542.0,240.0,752.0,346.0,403.0,244.0,542.0,354.0,377.0
548.0,1673.0,343.0,833.0,717.0,893.0,971.0,518.0,348.0,308.0,185.0,245.0,154.0,145.0,561.0,260.0,827.0,360.0,427.0,211.0,553.0,356.0,348.0
652.0,1662.0,358.0,978.0,831.0,988.0,1092.0,570.0,351.0,350.0,205.0,268.0,156.0,142.0,546.0,237.0,773.0,410.0,409.0,260.0,551.0,380.0,392.0
611.0,1669.0,362.0,862.0,770.0,946.0,1008.0,550.0,353.0,330.0,204.0,254.0,159.0,131.0,617.0,278.0,844.0,350.0,428.0,246.0,550.0,356.0,390.0
766.0,1701.0,368.0,1019.0,936.0,1080.0,1158.0,655.0,371.0,390.0,210.0,255.0,157.0,151.0,559.0,250.0,794.0,405.0,416.0,270.0,562.0,388.0,393.0
608.0,1628.0,347.0,920.0,827.0,984.0,1058.0,575.0,370.0,334.0,204.0,255.0,155.0,166.0,531.0,232.0,738.0,387.0,391.0,238.0,544.0,384.0,364.0
572.0,1622.0,349.0,920.0,761.0,909.0,1018.0,532.0,338.0,341.0,208.0,254.0,160.0,142.0,541.0,234.0,764.0,363.0,393.0,244.0,526.0,362.0,367.0
524.0,1567.0,333.0,849.0,825.0,952.0,977.0,568.0,353.0,322.0,200.0,212.0,136.0,133.0,541.0,231.0,760.0,321.0,398.0,220.0,519.0,348.0,338.0
699.0,1711.0,356.0,940.0,815.0,1043.0,1104.0,614.0,397.0,369.0,228.0,251.0,153.0,144.0,564.0,245.0,791.0,384.0,409.0,235.0,561.0,385.0,392.0
644.0,1654.0,329.0,919.0,822.0,1030.0,986.0,611.0,391.0,350.0,208.0,248.0,144.0,117.0,564.0,234.0,781.0,384.0,402.0,248.0,540.0,327.0,384.0
627.0,1652.0,328.0,934.0,807.0,972.0,1034.0,571.0,388.0,345.0,217.0,249.0,144.0,137.0,570.0,251.0,807.0,353.0,421.0,258.0,542.0,367.0,382.0
567.0,1578.0,342.0,918.0,789.0,969.0,1011.0,559.0,340.0,342.0,209.0,242.0,148.0,120.0,531.0,221.0,723.0,332.0,395.0,248.0,537.0,339.0,370.0
818.0,1680.0,370.0,965.0,975.0,1151.0,1105.0,718.0,453.0,385.0,234.0,272.0,160.0,155.0,541.0,242.0,780.0,418.0,399.0,269.0,565.0,371.0,399.0
509.0,1597.0,351.0,830.0,728.0,848.0,963.0,511.0,345.0,328.0,201.0,237.0,144.0,142.0,520.0,235.0,786.0,333.0,403.0,218.0,532.0,354.0,344.0
572.0,1597.0,320.0,883.0,821.0,968.0,1015.0,570.0,349.0,348.0,196.0,240.0,143.0,135.0,544.0,242.0,756.0,355.0,384.0,222.0,546.0,338.0,355.0
617.0,1557.0,347.0,943.0,742.0,972.0,1078.0,575.0,375.0,349.0,207.0,258.0,154.0,142.0,522.0,223.0,739.0,356.0,385.0,247.0,542.0,360.0,387.0
601.0,1762.0,341.0,874.0,722.0,950.0,983.0,559.0,368.0,323.0,191.0,230.0,144.0,145.0,594.0,251.0,834.0,405.0,429.0,244.0,558.0,367.0,349.0
526.0,1667.0,340.0,831.0,746.0,906.0,952.0,506.0,350.0,313.0,189.0,228.0,151.0,144.0,575.0,249.0,807.0,358.0,419.0,233.0,555.0,355.0,348.0
504.0,1540.0,321.0,839.0,698.0,895.0,916.0,529.0,366.0,331.0,198.0,241.0,142.0,120.0,466.0,206.0,672.0,335.0,339.0,216.0,533.0,317.0,328.0
626.0,1618.0,337.0,918.0,742.0,976.0,1055.0,597.0,385.0,367.0,205.0,261.0,148.0,137.0,515.0,217.0,739.0,371.0,388.0,252.0,538.0,356.0,367.0
526.0,1589.0,315.0,856.0,770.0,954.0,966.0,532.0,334.0,326.0,185.0,224.0,135.0,130.0,520.0,240.0,742.0,350.0,392.0,218.0,542.0,328.0,340.0
553.0,1570.0,360.0,879.0,765.0,909.0,1016.0,543.0,352.0,333.0,181.0,237.0,142.0,139.0,571.0,261.0,768.0,333.0,395.0,234.0,571.0,353.0,369.0
708.0,1635.0,354.0,905.0,796.0,1061.0,1018.0,647.0,415.0,374.0,213.0,270.0,156.0,136.0,544.0,254.0,778.0,340.0,405.0,242.0,562.0,358.0,355.0
585.0,1592.0,353.0,917.0,783.0,954.0,1026.0,569.0,365.0,334.0,187.0,248.0,151.0,135.0,545.0,237.0,755.0,334.0,382.0,244.0,541.0,362.0,365.0
552.0,1595.0,335.0,855.0,730.0,960.0,972.0,546.0,368.0,349.0,201.0,229.0,139.0,131.0,540.0,226.0,748.0,327.0,372.0,220.0,552.0,343.0,339.0
518.0,1565.0,335.0,867.0,788.0,876.0,931.0,501.0,342.0,335.0,212.0,227.0,146.0,157.0,507.0,228.0,727.0,374.0,373.0,233.0,565.0,331.0,350.0
634.0,1652.0,339.0,864.0,796.0,1027.0,1003.0,606.0,395.0,354.0,203.0,257.0,151.0,145.0,560.0,248.0,783.0,352.0,422.0,238.0,552.0,367.0,382.0
631.0,1636.0,339.0,926.0,775.0,996.0,1018.0,576.0,377.0,366.0,212.0,242.0,146.0,136.0,567.0,240.0,765.0,378.0,400.0,250.0,542.0,348.0,388.0
548.0,1712.0,346.0,795.0,693.0,915.0,995.0,519.0,352.0,328.0,199.0,255.0,147.0,169.0,551.0,247.0,800.0,389.0,396.0,196.0,560.0,392.0,333.0
682.0,1740.0,345.0,904.0,767.0,1023.0,1031.0,614.0,392.0,365.0,202.0,277.0,152.0,147.0,624.0,265.0,862.0,354.0,443.0,247.0,539.0,358.0,363.0
545.0,1668.0,350.0,856.0,738.0,874.0,981.0,527.0,347.0,318.0,193.0,251.0,148.0,142.0,568.0,256.0,832.0,343.0,422.0,211.0,561.0,355.0,363.0
600.0,1578.0,323.0,891.0,725.0,1000.0,976.0,593.0,406.0,369.0,209.0,246.0,146.0,123.0,533.0,226.0,777.0,327.0,401.0,244.0,521.0,336.0,355.0
618.0,1593.0,361.0,1001.0,798.0,950.0,1062.0,576.0,367.0,359.0,197.0,263.0,145.0,130.0,537.0,238.0,759.0,398.0,396.0,263.0,542.0,363.0,359.0
544.0,1615.0,345.0,845.0,766.0,898.0,974.0,530.0,355.0,344.0,211.0,263.0,153.0,124.0,526.0,222.0,762.0,355.0,399.0,231.0,528.0,334.0,379.0
676.0,1652.0,363.0,931.0,782.0,1043.0,1055.0,628.0,390.0,364.0,210.0,278.0,148.0,150.0,565.0,257.0,800.0,351.0,420.0,237.0,562.0,367.0,380.0
632.0,1622.0,331.0,892.0,742.0,952.0,1028.0,583.0,397.0,373.0,215.0,269.0,154.0,133.0,539.0,240.0,766.0,369.0,393.0,235.0,566.0,360.0,364.0
750.0,1658.0,352.0,1011.0,927.0,1036.0,1117.0,660.0,416.0,369.0,216.0,282.0,157.0,142.0,596.0,268.0,819.0,328.0,432.0,253.0,540.0,360.0,423.0
583.0,1557.0,352.0,871.0,720.0,927.0,991.0,587.0,387.0,364.0,203.0,288.0,152.0,125.0,515.0,228.0,740.0,338.0,394.0,231.0,549.0,345.0,383.0
597.0,1595.0,352.0,919.0,725.0,942.0,985.0,583.0,370.0,331.0,197.0,250.0,151.0,125.0,540.0,250.0,760.0,398.0,399.0,250.0,560.0,342.0,363.0
672.0,1590.0,337.0,987.0,965.0,1005.0,1057.0,604.0,385.0,345.0,208.0,273.0,159.0,122.0,554.0,253.0,745.0,402.0,399.0,270.0,529.0,343.0,412.0
551.0,1589.0,345.0,855.0,751.0,902.0,1035.0,554.0,342.0,316.0,202.0,245.0,148.0,126.0,512.0,219.0,720.0,403.0,392.0,220.0,543.0,341.0,371.0
803.0,1620.0,385.0,1044.0,922.0,1078.0,1182.0,673.0,415.0,364.0,209.0,308.0,166.0,155.0,588.0,263.0,766.0,394.0,405.0,299.0,568.0,388.0,419.0
619.0,1580.0,355.0,967.0,816.0,984.0,1017.0,598.0,378.0,353.0,200.0,246.0,141.0,138.0,517.0,214.0,703.0,357.0,380.0,260.0,569.0,354.0,365.0
510.0,1568.0,340.0,831.0,690.0,879.0,971.0,517.0,355.0,355.0,212.0,247.0,147.0,144.0,521.0,247.0,737.0,316.0,379.0,224.0,541.0,373.0,349.0
587.0,1734.0,340.0,849.0,724.0,932.0,991.0,533.0,368.0,328.0,208.0,243.0,152.0,136.0,583.0,260.0,840.0,365.0,424.0,214.0,558.0,368.0,363.0
616.0,1674.0,349.0,874.0,756.0,949.0,1011.0,572.0,365.0,360.0,214.0,257.0,163.0,132.0,565.0,244.0,789.0,393.0,388.0,220.0,552.0,365.0,364.0
471.0,1603.0,325.0,801.0,646.0,844.0,930.0,521.0,320.0,317.0,179.0,239.0,136.0,140.0,548.0,236.0,782.0,359.0,394.0,194.0,532.0,351.0,327.0
622.0,1674.0,351.0,895.0,782.0,971.0,1035.0,565.0,365.0,370.0,207.0,254.0,152.0,135.0,556.0,239.0,782.0,359.0,406.0,221.0,554.0,348.0,385.0
654.0,1603.0,336.0,894.0,750.0,1035.0,1008.0,618.0,393.0,381.0,216.0,271.0,149.0,141.0,527.0,236.0,738.0,343.0,390.0,233.0,555.0,347.0,363.0
712.0,1686.0,358.0,965.0,778.0,1082.0,1078.0,651.0,393.0,353.0,200.0,250.0,153.0,133.0,577.0,247.0,782.0,368.0,412.0,248.0,581.0,347.0,388.0
493.0,1607.0,312.0,832.0,697.0,850.0,959.0,499.0,337.0,325.0,197.0,237.0,149.0,145.0,524.0,234.0,760.0,369.0,387.0,204.0,536.0,352.0,340.0
557.0,1623.0,346.0,876.0,769.0,890.0,1006.0,518.0,336.0,322.0,192.0,253.0,156.0,138.0,574.0,258.0,774.0,345.0,397.0,234.0,582.0,354.0,372.0
667.0,1632.0,365.0,893.0,851.0,992.0,1089.0,602.0,376.0,369.0,217.0,280.0,156.0,145.0,589.0,256.0,790.0,360.0,420.0,238.0,547.0,380.0,385.0
611.0,1617.0,328.0,951.0,795.0,970.0,1022.0,591.0,391.0,325.0,199.0,247.0,147.0,127.0,578.0,257.0,772.0,333.0,404.0,263.0,544.0,354.0,362.0
560.0,1706.0,339.0,803.0,782.0,908.0,956.0,535.0,363.0,359.0,201.0,234.0,143.0,129.0,568.0,245.0,814.0,392.0,433.0,190.0,544.0,354.0,365.0
641.0,1553.0,334.0,853.0,780.0,1014.0,1032.0,651.0,415.0,373.0,216.0,255.0,153.0,134.0,524.0,236.0,721.0,401.0,370.0,241.0,551.0,348.0,379.0
413.0,1493.0,311.0,808.0,694.0,812.0,912.0,464.0,305.0,301.0,185.0,218.0,138.0,124.0,486.0,216.0,707.0,339.0,364.0,208.0,536.0,312.0,329.0
620.0,1522.0,344.0,928.0,874.0,962.0,1090.0,618.0,380.0,362.0,199.0,259.0,148.0,143.0,506.0,233.0,731.0,318.0,405.0,246.0,546.0,352.0,374.0
516.0,1594.0,338.0,794.0,668.0,925.0,953.0,564.0,348.0,328.0,196.0,240.0,142.0,134.0,524.0,232.0,746.0,366.0,368.0,220.0,532.0,346.0,380.0
785.0,1636.0,343.0,1061.0,977.0,1107.0,1102.0,651.0,414.0,372.0,210.0,272.0,158.0,120.0,536.0,250.0,798.0,388.0,420.0,301.0,542.0,353.0,406.0
572.0,1733.0,338.0,841.0,746.0,908.0,1003.0,536.0,344.0,328.0,194.0,243.0,148.0,155.0,560.0,250.0,813.0,375.0,435.0,208.0,560.0,382.0,350.0
697.0,1623.0,361.0,965.0,892.0,1010.0,1072.0,598.0,388.0,342.0,202.0,267.0,159.0,131.0,537.0,245.0,766.0,347.0,420.0,268.0,555.0,335.0,393.0
580.0,1555.0,340.0,817.0,716.0,942.0,995.0,590.0,401.0,373.0,220.0,244.0,147.0,143.0,508.0,233.0,704.0,356.0,367.0,213.0,533.0,353.0,358.0
571.0,1687.0,341.0,864.0,704.0,930.0,965.0,534.0,348.0,322.0,198.0,236.0,148.0,132.0,606.0,265.0,833.0,370.0,419.0,230.0,558.0,348.0,360.0
705.0,1705.0,325.0,950.0,963.0,1029.0,1062.0,627.0,378.0,329.0,187.0,244.0,147.0,141.0,600.0,266.0,836.0,442.0,438.0,264.0,538.0,370.0,373.0
599.0,1573.0,313.0,857.0,864.0,1025.0,968.0,618.0,390.0,355.0,200.0,231.0,138.0,135.0,501.0,223.0,722.0,384.0,388.0,224.0,537.0,337.0,346.0
825.0,1738.0,361.0,1027.0,979.0,1113.0,1114.0,670.0,415.0,373.0,215.0,266.0,158.0,133.0,573.0,250.0,806.0,364.0,426.0,283.0,551.0,351.0,422.0
504.0,1536.0,324.0,813.0,700.0,872.0,967.0,538.0,367.0,348.0,195.0,255.0,142.0,130.0,520.0,232.0,728.0,329.0,390.0,215.0,531.0,343.0,348.0
627.0,1541.0,333.0,931.0,820.0,974.0,1045.0,604.0,397.0,363.0,203.0,253.0,146.0,135.0,499.0,216.0,706.0,329.0,378.0,250.0,548.0,355.0,356.0
648.0,1636.0,336.0,913.0,811.0,997.0,1041.0,624.0,402.0,346.0,202.0,260.0,162.0,140.0,578.0,262.0,812.0,370.0,421.0,244.0,529.0,376.0,374.0
773.0,1756.0,336.0,1013.0,970.0,1066.0,1123.0,634.0,409.0,361.0,202.0,255.0,148.0,167.0,572.0,259.0,835.0,363.0,442.0,269.0,565.0,390.0,365.0
695.0,1640.0,349.0,966.0,949.0,1053.0,1079.0,608.0,374.0,357.0,202.0,258.0,159.0,139.0,550.0,236.0,763.0,369.0,391.0,270.0,544.0,374.0,399.0
897.0,1730.0,388.0,1083.0,1027.0,1136.0,1129.0,688.0,451.0,426.0,230.0,280.0,163.0,129.0,528.0,245.0,799.0,437.0,412.0,293.0,569.0,372.0,394.0
528.0,1597.0,330.0,828.0,667.0,917.0,971.0,533.0,357.0,347.0,196.0,230.0,144.0,147.0,565.0,252.0,764.0,341.0,396.0,224.0,564.0,358.0,347.0
661.0,1701.0,340.0,955.0,791.0,986.0,1033.0,592.0,401.0,370.0,224.0,260.0,159.0,140.0,549.0,240.0,787.0,361.0,400.0,245.0,561.0,351.0,378.0
594.0,1597.0,326.0,931.0,833.0,948.0,1002.0,561.0,366.0,343.0,206.0,240.0,148.0,123.0,477.0,219.0,722.0,332.0,370.0,243.0,532.0,327.0,382.0
707.0,1728.0,355.0,934.0,850.0,1004.0,1067.0,603.0,388.0,379.0,215.0,270.0,152.0,139.0,594.0,257.0,823.0,380.0,430.0,248.0,560.0,360.0,397.0
532.0,1571.0,347.0,855.0,735.0,908.0,972.0,535.0,345.0,318.0,183.0,245.0,145.0,137.0,545.0,240.0,752.0,354.0,404.0,225.0,530.0,350.0,360.0
625.0,1633.0,343.0,899.0,804.0,970.0,1017.0,584.0,357.0,333.0,190.0,242.0,144.0,142.0,560.0,244.0,791.0,351.0,391.0,228.0,550.0,354.0,369.0
623.0,1665.0,366.0,905.0,723.0,957.0,1023.0,574.0,366.0,348.0,201.0,255.0,156.0,141.0,591.0,266.0,831.0,346.0,427.0,236.0,537.0,361.0,360.0
583.0,1643.0,356.0,934.0,783.0,951.0,1007.0,543.0,342.0,322.0,195.0,244.0,148.0,129.0,539.0,242.0,768.0,340.0,385.0,241.0,542.0,361.0,356.0
727.0,1631.0,354.0,999.0,933.0,1056.0,1064.0,649.0,388.0,314.0,185.0,261.0,148.0,133.0,523.0,233.0,791.0,417.0,416.0,280.0,557.0,311.0,413.0
477.0,1534.0,318.0,843.0,807.0,864.0,939.0,498.0,304.0,316.0,188.0,232.0,140.0,138.0,505.0,220.0,736.0,356.0,373.0,224.0,520.0,353.0,333.0
723.0,1731.0,372.0,962.0,845.0,1003.0,1099.0,591.0,398.0,370.0,234.0,256.0,162.0,145.0,600.0,264.0,840.0,385.0,429.0,255.0,547.0,371.0,403.0
518.0,1565.0,342.0,847.0,704.0,894.0,977.0,553.0,358.0,328.0,193.0,227.0,146.0,138.0,529.0,236.0,758.0,342.0,395.0,245.0,532.0,365.0,340.0
635.0,1658.0,337.0,887.0,903.0,1002.0,1003.0,594.0,376.0,342.0,221.0,244.0,157.0,141.0,538.0,233.0,784.0,381.0,397.0,248.0,534.0,343.0,365.0
644.0,1602.0,341.0,925.0,871.0,992.0,1061.0,604.0,395.0,368.0,207.0,255.0,150.0,145.0,517.0,223.0,751.0,387.0,388.0,259.0,557.0,365.0,367.0
659.0,1580.0,344.0,975.0,1045.0,1018.0,1055.0,588.0,384.0,347.0,193.0,267.0,151.0,148.0,529.0,223.0,739.0,362.0,400.0,273.0,530.0,356.0,371.0
548.0,1584.0,346.0,852.0,806.0,923.0,955.0,538.0,346.0,332.0,200.0,251.0,145.0,125.0,516.0,227.0,735.0,333.0,380.0,226.0,561.0,341.0,369.0
615.0,1752.0,356.0,875.0,722.0,948.0,995.0,540.0,384.0,366.0,219.0,243.0,152.0,146.0,570.0,253.0,820.0,421.0,431.0,224.0,528.0,357.0,370.0
846.0,1666.0,385.0,1159.0,1002.0,1073.0,1173.0,651.0,417.0,375.0,226.0,280.0,162.0,142.0,566.0,248.0,771.0,363.0,437.0,317.0,567.0,382.0,438.0
566.0,1613.0,337.0,911.0,798.0,942.0,1029.0,547.0,364.0,327.0,206.0,242.0,145.0,139.0,531.0,226.0,757.0,339.0,399.0,241.0,536.0,361.0,364.0
560.0,1575.0,347.0,875.0,797.0,914.0,998.0,544.0,370.0,343.0,199.0,248.0,157.0,144.0,534.0,242.0,714.0,340.0,378.0,229.0,536.0,361.0,382.0
560.0,1634.0,341.0,880.0,660.0,913.0,984.0,559.0,367.0,322.0,207.0,233.0,148.0,136.0,580.0,244.0,804.0,352.0,418.0,223.0,537.0,371.0,344.0
635.0,1628.0,367.0,887.0,773.0,1020.0,1026.0,596.0,431.0,374.0,218.0,262.0,148.0,147.0,580.0,270.0,786.0,337.0,398.0,242.0,554.0,363.0,372.0
687.0,1612.0,366.0,952.0,854.0,1010.0,1099.0,602.0,396.0,381.0,219.0,265.0,166.0,137.0,559.0,244.0,754.0,350.0,390.0,248.0,539.0,371.0,407.0
662.0,1784.0,336.0,925.0,820.0,962.0,1040.0,571.0,359.0,352.0,210.0,240.0,151.0,138.0,604.0,259.0,871.0,396.0,423.0,227.0,552.0,376.0,379.0
631.0,1598.0,335.0,870.0,677.0,963.0,986.0,613.0,424.0,415.0,231.0,258.0,152.0,120.0,509.0,221.0,698.0,369.0,355.0,226.0,541.0,335.0,360.0
602.0,1627.0,353.0,873.0,695.0,913.0,1045.0,566.0,381.0,353.0,198.0,250.0,146.0,142.0,550.0,244.0,777.0,351.0,410.0,239.0,577.0,358.0,358.0
774.0,1732.0,362.0,1060.0,911.0,1017.0,1139.0,614.0,413.0,382.0,214.0,270.0,162.0,154.0,573.0,245.0,825.0,395.0,437.0,283.0,556.0,400.0,414.0
627.0,1572.0,345.0,1000.0,849.0,943.0,1042.0,589.0,360.0,338.0,181.0,242.0,140.0,121.0,541.0,243.0,758.0,300.0,414.0,259.0,534.0,341.0,393.0
587.0,1569.0,330.0,890.0,734.0,932.0,1020.0,559.0,383.0,365.0,210.0,242.0,148.0,140.0,507.0,230.0,742.0,380.0,358.0,240.0,552.0,357.0,364.0
540.0,1548.0,338.0,825.0,731.0,906.0,973.0,555.0,353.0,344.0,195.0,234.0,138.0,137.0,535.0,242.0,759.0,370.0,395.0,227.0,568.0,348.0,338.0
623.0,1660.0,338.0,861.0,688.0,948.0,965.0,590.0,393.0,369.0,208.0,245.0,152.0,145.0,564.0,251.0,792.0,346.0,414.0,242.0,563.0,367.0,359.0
711.0,1627.0,339.0,956.0,796.0,1004.0,1054.0,663.0,422.0,369.0,218.0,262.0,152.0,145.0,524.0,232.0,806.0,345.0,406.0,255.0,551.0,375.0,415.0
613.0,1578.0,349.0,911.0,826.0,947.0,1023.0,593.0,393.0,359.0,194.0,253.0,153.0,130.0,541.0,229.0,729.0,359.0,387.0,252.0,557.0,366.0,371.0
748.0,1675.0,361.0,975.0,855.0,1045.0,1083.0,646.0,413.0,390.0,213.0,279.0,155.0,137.0,575.0,240.0,796.0,385.0,418.0,263.0,557.0,340.0,420.0
526.0,1521.0,338.0,849.0,716.0,865.0,974.0,529.0,361.0,351.0,199.0,244.0,143.0,133.0,509.0,217.0,692.0,343.0,360.0,224.0,544.0,333.0,349.0
547.0,1556.0,330.0,848.0,743.0,938.0,982.0,565.0,363.0,337.0,194.0,245.0,142.0,124.0,542.0,230.0,735.0,374.0,389.0,213.0,539.0,340.0,365.0
580.0,1637.0,348.0,884.0,755.0,912.0,1027.0,548.0,363.0,333.0,207.0,252.0,153.0,132.0,580.0,258.0,808.0,342.0,407.0,235.0,544.0,369.0,373.0
613.0,1610.0,324.0,900.0,746.0,953.0,1017.0,581.0,394.0,373.0,203.0,265.0,152.0,140.0,517.0,228.0,758.0,390.0,397.0,231.0,523.0,358.0,369.0
628.0,1699.0,365.0,923.0,797.0,942.0,1015.0,561.0,378.0,343.0,185.0,244.0,144.0,132.0,581.0,254.0,843.0,337.0,440.0,256.0,550.0,359.0,370.0
622.0,1703.0,361.0,886.0,680.0,972.0,996.0,597.0,384.0,367.0,202.0,257.0,151.0,146.0,579.0,266.0,864.0,350.0,440.0,238.0,548.0,360.0,360.0
449.0,1577.0,328.0,836.0,613.0,787.0,911.0,480.0,308.0,311.0,189.0,223.0,138.0,130.0,532.0,230.0,772.0,332.0,400.0,231.0,527.0,344.0,318.0
588.0,1594.0,335.0,872.0,816.0,987.0,939.0,572.0,378.0,338.0,204.0,241.0,147.0,127.0,512.0,221.0,741.0,381.0,376.0,235.0,547.0,334.0,356.0
785.0,1707.0,366.0,1005.0,829.0,1112.0,1096.0,653.0,394.0,378.0,216.0,266.0,152.0,141.0,612.0,272.0,838.0,337.0,422.0,286.0,560.0,379.0,380.0
619.0,1642.0,333.0,940.0,767.0,968.0,981.0,593.0,368.0,350.0,192.0,243.0,142.0,135.0,539.0,248.0,816.0,367.0,419.0,261.0,553.0,351.0,360.0
572.0,1575.0,328.0,828.0,701.0,938.0,983.0,573.0,370.0,362.0,198.0,243.0,144.0,135.0,510.0,226.0,707.0,362.0,366.0,207.0,547.0,354.0,364.0
672.0,1665.0,357.0,926.0,768.0,1009.0,1071.0,622.0,387.0,346.0,192.0,259.0,149.0,146.0,581.0,261.0,814.0,368.0,429.0,242.0,554.0,373.0,365.0
610.0,1647.0,359.0,886.0,677.0,912.0,1045.0,576.0,364.0,348.0,198.0,268.0,158.0,149.0,548.0,242.0,775.0,355.0,398.0,228.0,553.0,363.0,375.0
715.0,1670.0,383.0,1031.0,909.0,1019.0,1109.0,627.0,379.0,349.0,203.0,276.0,155.0,135.0,575.0,259.0,815.0,350.0,436.0,273.0,547.0,364.0,409.0
545.0,1564.0,323.0,853.0,716.0,907.0,953.0,550.0,341.0,328.0,190.0,241.0,148.0,113.0,537.0,241.0,767.0,343.0,397.0,227.0,534.0,319.0,361.0
634.0,1651.0,369.0,910.0,776.0,966.0,1085.0,581.0,378.0,342.0,208.0,265.0,159.0,156.0,602.0,262.0,838.0,354.0,438.0,245.0,558.0,385.0,381.0
682.0,1596.0,342.0,925.0,897.0,1000.0,1028.0,639.0,418.0,390.0,223.0,257.0,158.0,142.0,540.0,235.0,746.0,351.0,411.0,247.0,537.0,336.0,398.0
557.0,1666.0,333.0,883.0,772.0,901.0,1002.0,511.0,350.0,353.0,212.0,245.0,149.0,160.0,574.0,249.0,813.0,315.0,415.0,212.0,533.0,388.0,349.0
729.0,1767.0,361.0,960.0,869.0,1069.0,1099.0,607.0,397.0,366.0,213.0,258.0,159.0,146.0,596.0,250.0,865.0,435.0,438.0,247.0,547.0,385.0,398.0
689.0,1700.0,335.0,899.0,779.0,980.0,1061.0,608.0,401.0,363.0,210.0,280.0,154.0,138.0,611.0,268.0,850.0,335.0,437.0,250.0,537.0,329.0,398.0
672.0,1676.0,363.0,955.0,773.0,1015.0,1069.0,609.0,388.0,357.0,203.0,251.0,148.0,145.0,562.0,246.0,806.0,363.0,419.0,252.0,564.0,365.0,371.0
750.0,1673.0,372.0,993.0,813.0,1059.0,1128.0,672.0,411.0,350.0,192.0,276.0,157.0,139.0,570.0,256.0,777.0,366.0,425.0,267.0,551.0,363.0,397.0
591.0,1648.0,356.0,862.0,713.0,915.0,1030.0,564.0,368.0,349.0,191.0,275.0,148.0,149.0,562.0,262.0,804.0,376.0,404.0,220.0,564.0,373.0,358.0
593.0,1576.0,341.0,945.0,827.0,911.0,1060.0,550.0,369.0,325.0,200.0,245.0,148.0,126.0,554.0,233.0,777.0,343.0,406.0,260.0,555.0,346.0,369.0
608.0,1566.0,347.0,945.0,812.0,1020.0,1065.0,574.0,358.0,335.0,193.0,251.0,148.0,140.0,527.0,217.0,711.0,346.0,377.0,248.0,560.0,368.0,390.0
571.0,1549.0,353.0,896.0,734.0,926.0,1039.0,592.0,381.0,329.0,196.0,264.0,148.0,146.0,502.0,228.0,744.0,366.0,396.0,238.0,543.0,370.0,365.0
592.0,1603.0,345.0,943.0,835.0,937.0,1007.0,578.0,375.0,355.0,195.0,240.0,141.0,145.0,547.0,245.0,771.0,360.0,425.0,275.0,551.0,350.0,383.0
525.0,1624.0,354.0,827.0,663.0,867.0,976.0,529.0,332.0,341.0,200.0,245.0,150.0,141.0,549.0,245.0,771.0,346.0,402.0,218.0,560.0,377.0,336.0
642.0,1580.0,344.0,937.0,977.0,988.0,1022.0,603.0,420.0,346.0,186.0,262.0,145.0,130.0,559.0,238.0,740.0,349.0,398.0,240.0,539.0,343.0,369.0
612.0,1551.0,355.0,953.0,875.0,974.0,1067.0,593.0,375.0,345.0,204.0,251.0,147.0,141.0,512.0,222.0,721.0,300.0,379.0,262.0,554.0,348.0,370.0
721.0,1634.0,368.0,894.0,848.0,1036.0,1075.0,630.0,402.0,384.0,225.0,282.0,166.0,135.0,542.0,240.0,729.0,380.0,390.0,253.0,544.0,357.0,407.0
530.0,1460.0,335.0,883.0,764.0,928.0,968.0,562.0,365.0,342.0,206.0,259.0,143.0,136.0,456.0,201.0,667.0,340.0,368.0,235.0,559.0,342.0,339.0
620.0,1620.0,355.0,907.0,791.0,952.0,1048.0,555.0,377.0,356.0,202.0,260.0,149.0,128.0,540.0,228.0,760.0,349.0,418.0,246.0,540.0,350.0,385.0
746.0,1629.0,340.0,984.0,918.0,1069.0,1070.0,639.0,419.0,392.0,224.0,278.0,162.0,144.0,522.0,228.0,736.0,341.0,382.0,269.0,544.0,348.0,408.0
532.0,1537.0,332.0,848.0,702.0,878.0,950.0,554.0,380.0,363.0,188.0,262.0,140.0,123.0,516.0,221.0,717.0,322.0,389.0,230.0,527.0,307.0,355.0
722.0,1728.0,364.0,927.0,860.0,1046.0,1040.0,615.0,387.0,372.0,207.0,267.0,157.0,140.0,587.0,270.0,795.0,389.0,416.0,253.0,560.0,379.0,410.0
537.0,1550.0,337.0,840.0,775.0,901.0,975.0,541.0,360.0,353.0,210.0,250.0,148.0,143.0,512.0,230.0,730.0,331.0,386.0,208.0,549.0,352.0,345.0
567.0,1635.0,351.0,857.0,705.0,908.0,983.0,551.0,356.0,336.0,195.0,245.0,143.0,130.0,574.0,245.0,793.0,356.0,427.0,245.0,523.0,351.0,363.0
592.0,1608.0,352.0,862.0,763.0,1029.0,978.0,590.0,394.0,333.0,211.0,262.0,148.0,134.0,550.0,236.0,743.0,363.0,401.0,231.0,554.0,350.0,355.0
462.0,1477.0,330.0,797.0,653.0,867.0,950.0,528.0,341.0,332.0,203.0,231.0,136.0,120.0,490.0,208.0,675.0,350.0,356.0,205.0,521.0,321.0,329.0
629.0,1605.0,361.0,850.0,810.0,982.0,1050.0,627.0,391.0,330.0,196.0,257.0,152.0,126.0,567.0,258.0,787.0,307.0,418.0,218.0,542.0,367.0,378.0
813.0,1727.0,381.0,977.0,911.0,1070.0,1149.0,668.0,441.0,380.0,222.0,291.0,171.0,156.0,572.0,268.0,833.0,381.0,420.0,264.0,556.0,392.0,401.0
787.0,1610.0,356.0,1059.0,1108.0,1102.0,1131.0,665.0,392.0,339.0,196.0,263.0,145.0,134.0,541.0,225.0,762.0,376.0,406.0,277.0,562.0,343.0,435.0
796.0,1644.0,349.0,972.0,937.0,1101.0,1130.0,673.0,459.0,379.0,220.0,291.0,162.0,142.0,585.0,261.0,846.0,316.0,423.0,272.0,573.0,372.0,418.0
605.0,1638.0,359.0,825.0,705.0,977.0,976.0,590.0,407.0,348.0,195.0,251.0,150.0,131.0,543.0,250.0,793.0,365.0,409.0,218.0,523.0,356.0,353.0
609.0,1560.0,338.0,925.0,843.0,996.0,1028.0,599.0,401.0,371.0,208.0,259.0,148.0,127.0,533.0,237.0,726.0,341.0,385.0,245.0,538.0,344.0,375.0
625.0,1703.0,348.0,840.0,754.0,1016.0,1011.0,600.0,380.0,345.0,195.0,251.0,148.0,135.0,545.0,237.0,776.0,395.0,393.0,206.0,567.0,348.0,378.0
489.0,1623.0,347.0,765.0,648.0,828.0,972.0,488.0,318.0,312.0,193.0,238.0,147.0,150.0,582.0,257.0,826.0,344.0,433.0,210.0,541.0,368.0,337.0
522.0,1478.0,333.0,881.0,810.0,926.0,947.0,555.0,344.0,329.0,189.0,236.0,143.0,111.0,496.0,222.0,674.0,353.0,350.0,244.0,540.0,328.0,365.0
621.0,1627.0,347.0,890.0,778.0,973.0,1014.0,593.0,373.0,355.0,202.0,251.0,145.0,122.0,521.0,232.0,759.0,377.0,405.0,230.0,540.0,340.0,367.0
550.0,1580.0,334.0,918.0,798.0,912.0,1022.0,546.0,345.0,305.0,180.0,245.0,148.0,137.0,582.0,252.0,780.0,327.0,434.0,257.0,521.0,350.0,363.0
700.0,1626.0,373.0,919.0,817.0,1039.0,1051.0,646.0,406.0,357.0,226.0,262.0,158.0,131.0,559.0,255.0,780.0,334.0,406.0,258.0,544.0,361.0,382.0
636.0,1669.0,357.0,945.0,857.0,993.0,1048.0,592.0,374.0,332.0,202.0,246.0,152.0,135.0,561.0,242.0,787.0,376.0,413.0,251.0,546.0,357.0,395.0
701.0,1694.0,363.0,998.0,873.0,1050.0,1095.0,632.0,359.0,353.0,192.0,267.0,151.0,137.0,567.0,252.0,792.0,347.0,410.0,267.0,561.0,374.0,404.0
544.0,1554.0,354.0,874.0,749.0,917.0,1003.0,538.0,355.0,323.0,188.0,265.0,151.0,135.0,504.0,223.0,733.0,323.0,389.0,232.0,543.0,362.0,354.0
648.0,1710.0,351.0,888.0,733.0,945.0,1029.0,571.0,393.0,352.0,208.0,263.0,152.0,147.0,588.0,254.0,827.0,390.0,436.0,233.0,545.0,385.0,373.0
606.0,1578.0,336.0,898.0,747.0,962.0,1058.0,580.0,372.0,366.0,217.0,264.0,155.0,137.0,530.0,226.0,728.0,340.0,375.0,240.0,566.0,354.0,380.0
540.0,1518.0,340.0,850.0,805.0,896.0,979.0,536.0,364.0,324.0,189.0,243.0,146.0,135.0,533.0,234.0,722.0,320.0,381.0,228.0,545.0,340.0,377.0
694.0,1673.0,360.0,984.0,807.0,1023.0,1098.0,621.0,390.0,339.0,198.0,250.0,155.0,129.0,560.0,232.0,775.0,388.0,412.0,253.0,565.0,353.0,408.0
651.0,1603.0,362.0,901.0,747.0,1023.0,1012.0,596.0,387.0,379.0,219.0,271.0,154.0,137.0,514.0,223.0,705.0,393.0,359.0,238.0,532.0,353.0,382.0
525.0,1548.0,336.0,895.0,753.0,883.0,999.0,530.0,343.0,321.0,196.0,261.0,145.0,132.0,504.0,232.0,746.0,319.0,382.0,230.0,553.0,332.0,348.0
560.0,1592.0,331.0,858.0,765.0,945.0,991.0,545.0,363.0,346.0,202.0,234.0,145.0,145.0,534.0,232.0,745.0,354.0,393.0,232.0,543.0,366.0,352.0
465.0,1637.0,320.0,793.0,621.0,878.0,921.0,505.0,342.0,305.0,186.0,212.0,137.0,151.0,561.0,263.0,830.0,353.0,408.0,214.0,537.0,358.0,319.0
747.0,1693.0,365.0,998.0,908.0,1039.0,1078.0,638.0,416.0,375.0,206.0,268.0,154.0,123.0,570.0,244.0,824.0,380.0,423.0,266.0,547.0,339.0,404.0
626.0,1723.0,343.0,873.0,775.0,904.0,1004.0,528.0,368.0,369.0,217.0,251.0,150.0,140.0,581.0,252.0,847.0,362.0,429.0,238.0,547.0,367.0,358.0
584.0,1691.0,332.0,811.0,674.0,898.0,989.0,533.0,385.0,369.0,216.0,244.0,150.0,150.0,583.0,253.0,835.0,401.0,423.0,201.0,540.0,376.0,346.0
510.0,1598.0,330.0,800.0,665.0,899.0,948.0,518.0,358.0,340.0,194.0,246.0,142.0,143.0,520.0,227.0,745.0,358.0,403.0,215.0,533.0,345.0,348.0
568.0,1546.0,359.0,915.0,841.0,945.0,1013.0,539.0,368.0,328.0,193.0,248.0,148.0,136.0,529.0,230.0,682.0,350.0,355.0,251.0,560.0,352.0,382.0
634.0,1588.0,369.0,940.0,765.0,990.0,1061.0,620.0,405.0,348.0,203.0,274.0,150.0,141.0,542.0,244.0,765.0,318.0,407.0,246.0,545.0,364.0,394.0
718.0,1551.0,360.0,983.0,915.0,1024.0,1088.0,645.0,423.0,415.0,237.0,275.0,154.0,129.0,534.0,229.0,712.0,351.0,378.0,250.0,539.0,341.0,420.0
609.0,1592.0,348.0,844.0,693.0,954.0,1013.0,596.0,407.0,361.0,195.0,278.0,147.0,139.0,541.0,244.0,737.0,367.0,386.0,217.0,540.0,380.0,351.0
613.0,1556.0,337.0,888.0,825.0,968.0,1003.0,592.0,393.0,361.0,203.0,248.0,147.0,120.0,543.0,240.0,730.0,328.0,383.0,233.0,544.0,332.0,374.0
645.0,1642.0,329.0,926.0,857.0,1023.0,1051.0,594.0,387.0,360.0,199.0,232.0,146.0,152.0,564.0,246.0,748.0,411.0,381.0,245.0,520.0,378.0,362.0
585.0,1662.0,342.0,881.0,694.0,975.0,1010.0,556.0,376.0,328.0,192.0,250.0,148.0,141.0,569.0,254.0,825.0,356.0,432.0,252.0,561.0,370.0,353.0
930.0,1732.0,388.0,1075.0,963.0,1154.0,1159.0,712.0,455.0,403.0,231.0,313.0,174.0,126.0,613.0,271.0,815.0,374.0,403.0,307.0,568.0,381.0,456.0
611.0,1663.0,348.0,874.0,810.0,985.0,1036.0,578.0,391.0,343.0,197.0,244.0,149.0,152.0,539.0,250.0,771.0,390.0,392.0,223.0,541.0,372.0,352.0
692.0,1662.0,353.0,968.0,857.0,1031.0,1058.0,605.0,365.0,362.0,205.0,245.0,141.0,124.0,566.0,237.0,775.0,348.0,398.0,269.0,570.0,340.0,399.0
556.0,1607.0,340.0,914.0,784.0,937.0,992.0,533.0,361.0,323.0,192.0,240.0,148.0,144.0,536.0,235.0,742.0,350.0,376.0,247.0,541.0,362.0,373.0
665.0,1577.0,338.0,934.0,931.0,1005.0,1003.0,632.0,397.0,346.0,200.0,264.0,149.0,124.0,532.0,227.0,697.0,354.0,375.0,271.0,544.0,337.0,410.0
522.0,1581.0,324.0,810.0,676.0,961.0,929.0,550.0,365.0,342.0,196.0,243.0,148.0,141.0,488.0,210.0,692.0,391.0,348.0,207.0,519.0,339.0,346.0
571.0,1587.0,338.0,863.0,701.0,938.0,983.0,553.0,368.0,353.0,214.0,246.0,148.0,136.0,542.0,232.0,717.0,338.0,352.0,230.0,560.0,354.0,355.0
605.0,1580.0,336.0,879.0,810.0,1000.0,943.0,600.0,378.0,343.0,205.0,234.0,143.0,129.0,516.0,221.0,735.0,355.0,378.0,230.0,556.0,326.0,355.0
563.0,1588.0,335.0,898.0,724.0,923.0,1020.0,554.0,370.0,358.0,200.0,260.0,148.0,129.0,507.0,226.0,746.0,373.0,367.0,233.0,545.0,352.0,351.0
627.0,1615.0,347.0,965.0,800.0,998.0,1063.0,590.0,387.0,355.0,201.0,251.0,158.0,140.0,531.0,237.0,719.0,349.0,379.0,258.0,543.0,368.0,374.0
699.0,1634.0,345.0,906.0,954.0,1032.0,1038.0,637.0,411.0,363.0,204.0,255.0,148.0,142.0,541.0,245.0,773.0,362.0,393.0,247.0,553.0,360.0,386.0
677.0,1674.0,331.0,868.0,703.0,982.0,1025.0,611.0,433.0,411.0,227.0,265.0,162.0,133.0,553.0,253.0,784.0,356.0,403.0,227.0,553.0,349.0,374.0
626.0,1623.0,333.0,915.0,828.0,983.0,999.0,580.0,400.0,335.0,186.0,248.0,151.0,149.0,540.0,224.0,739.0,402.0,352.0,249.0,524.0,365.0,386.0
485.0,1603.0,323.0,797.0,691.0,842.0,948.0,485.0,335.0,307.0,186.0,245.0,143.0,139.0,535.0,240.0,764.0,336.0,404.0,228.0,527.0,331.0,342.0
710.0,1752.0,359.0,962.0,837.0,1029.0,1049.0,597.0,403.0,383.0,220.0,272.0,157.0,158.0,622.0,265.0,829.0,398.0,420.0,257.0,555.0,387.0,393.0
548.0,1576.0,337.0,902.0,648.0,873.0,955.0,541.0,361.0,355.0,199.0,252.0,146.0,130.0,527.0,224.0,770.0,346.0,391.0,243.0,546.0,342.0,345.0
590.0,1672.0,341.0,884.0,701.0,919.0,1003.0,577.0,375.0,345.0,201.0,255.0,155.0,119.0,550.0,238.0,773.0,386.0,404.0,226.0,537.0,345.0,366.0
680.0,1671.0,377.0,1083.0,841.0,974.0,1107.0,556.0,365.0,352.0,208.0,261.0,152.0,145.0,579.0,254.0,820.0,363.0,421.0,285.0,543.0,387.0,409.0
611.0,1640.0,364.0,881.0,723.0,944.0,1011.0,564.0,386.0,369.0,229.0,258.0,164.0,149.0,515.0,215.0,731.0,401.0,391.0,225.0,539.0,374.0,360.0
600.0,1691.0,349.0,883.0,753.0,965.0,1028.0,550.0,367.0,337.0,206.0,237.0,155.0,152.0,579.0,255.0,810.0,381.0,427.0,226.0,519.0,381.0,353.0
756.0,1664.0,376.0,967.0,861.0,1008.0,1095.0,594.0,401.0,376.0,218.0,280.0,161.0,125.0,555.0,242.0,771.0,383.0,396.0,263.0,561.0,354.0,412.0
642.0,1700.0,353.0,894.0,785.0,951.0,1029.0,560.0,372.0,361.0,198.0,267.0,151.0,125.0,571.0,251.0,806.0,403.0,409.0,242.0,535.0,362.0,401.0
716.0,1598.0,361.0,1078.0,929.0,1023.0,1093.0,621.0,368.0,354.0,213.0,269.0,157.0,129.0,540.0,238.0,743.0,320.0,405.0,290.0,524.0,347.0,405.0
416.0,1483.0,311.0,757.0,715.0,822.0,862.0,478.0,306.0,303.0,185.0,214.0,130.0,115.0,490.0,211.0,705.0,311.0,358.0,204.0,544.0,320.0,330.0
727.0,1523.0,352.0,1037.0,924.0,1017.0,1076.0,607.0,405.0,378.0,204.0,271.0,144.0,130.0,511.0,214.0,685.0,352.0,359.0,297.0,544.0,331.0,423.0
629.0,1642.0,349.0,947.0,778.0,953.0,1013.0,566.0,373.0,343.0,202.0,258.0,148.0,131.0,531.0,230.0,767.0,373.0,408.0,261.0,552.0,393.0,384.0
613.0,1618.0,347.0,907.0,782.0,950.0,1006.0,573.0,351.0,373.0,208.0,246.0,152.0,126.0,536.0,232.0,755.0,387.0,408.0,242.0,551.0,353.0,388.0
433.0,1533.0,345.0,809.0,680.0,815.0,925.0,468.0,303.0,291.0,182.0,242.0,140.0,138.0,494.0,217.0,707.0,355.0,375.0,201.0,518.0,354.0,339.0
448.0,1493.0,323.0,809.0,659.0,848.0,924.0,519.0,316.0,302.0,181.0,242.0,138.0,117.0,480.0,212.0,687.0,358.0,365.0,212.0,515.0,309.0,348.0
625.0,1612.0,332.0,890.0,721.0,1038.0,976.0,616.0,380.0,338.0,190.0,246.0,152.0,115.0,559.0,253.0,791.0,341.0,403.0,253.0,534.0,312.0,353.0
595.0,1580.0,341.0,859.0,757.0,927.0,1026.0,570.0,369.0,348.0,207.0,268.0,157.0,137.0,538.0,240.0,765.0,335.0,396.0,238.0,553.0,348.0,371.0
582.0,1634.0,349.0,901.0,770.0,906.0,1016.0,568.0,357.0,344.0,205.0,255.0,154.0,152.0,542.0,240.0,775.0,369.0,398.0,248.0,529.0,361.0,380.0
538.0,1637.0,329.0,851.0,689.0,886.0,997.0,519.0,338.0,323.0,195.0,252.0,151.0,158.0,573.0,257.0,802.0,356.0,406.0,224.0,562.0,370.0,352.0
635.0,1525.0,328.0,947.0,842.0,981.0,1037.0,607.0,393.0,360.0,199.0,263.0,143.0,130.0,509.0,220.0,737.0,344.0,388.0,262.0,528.0,336.0,358.0
518.0,1536.0,341.0,812.0,653.0,902.0,983.0,561.0,368.0,338.0,191.0,232.0,148.0,141.0,508.0,228.0,711.0,362.0,371.0,220.0,528.0,357.0,361.0
581.0,1597.0,338.0,865.0,688.0,939.0,996.0,564.0,387.0,363.0,210.0,256.0,152.0,130.0,515.0,232.0,757.0,349.0,382.0,225.0,560.0,348.0,373.0
587.0,1573.0,345.0,918.0,792.0,945.0,1014.0,554.0,365.0,349.0,198.0,248.0,150.0,140.0,511.0,226.0,775.0,358.0,409.0,246.0,545.0,363.0,358.0
579.0,1533.0,331.0,897.0,738.0,929.0,1006.0,565.0,381.0,368.0,205.0,242.0,140.0,132.0,515.0,224.0,715.0,345.0,383.0,232.0,546.0,335.0,360.0
536.0,1586.0,336.0,853.0,725.0,868.0,997.0,523.0,362.0,347.0,198.0,250.0,140.0,159.0,542.0,245.0,794.0,334.0,392.0,244.0,539.0,358.0,335.0
590.0,1609.0,348.0,892.0,770.0,920.0,992.0,561.0,368.0,386.0,215.0,248.0,147.0,147.0,515.0,220.0,726.0,408.0,386.0,238.0,544.0,365.0,358.0
503.0,1632.0,325.0,839.0,712.0,878.0,941.0,496.0,337.0,332.0,195.0,235.0,148.0,135.0,554.0,237.0,784.0,356.0,408.0,214.0,536.0,322.0,354.0
631.0,1607.0,340.0,862.0,738.0,963.0,1013.0,614.0,401.0,364.0,208.0,257.0,151.0,145.0,562.0,250.0,780.0,370.0,411.0,228.0,540.0,359.0,369.0
501.0,1569.0,328.0,841.0,712.0,879.0,912.0,523.0,342.0,325.0,198.0,233.0,144.0,118.0,509.0,223.0,745.0,351.0,394.0,220.0,525.0,301.0,358.0
499.0,1502.0,318.0,850.0,731.0,891.0,984.0,530.0,340.0,338.0,194.0,234.0,139.0,123.0,486.0,218.0,728.0,323.0,368.0,218.0,510.0,321.0,340.0
713.0,1655.0,361.0,989.0,875.0,998.0,988.0,609.0,415.0,396.0,213.0,250.0,148.0,129.0,559.0,245.0,807.0,370.0,410.0,275.0,548.0,347.0,374.0
550.0,1605.0,319.0,871.0,722.0,924.0,956.0,541.0,345.0,344.0,201.0,238.0,142.0,137.0,515.0,228.0,748.0,335.0,389.0,235.0,542.0,350.0,360.0
658.0,1718.0,346.0,929.0,832.0,979.0,1059.0,575.0,378.0,367.0,225.0,250.0,157.0,139.0,593.0,248.0,805.0,399.0,428.0,240.0,550.0,367.0,407.0
499.0,1592.0,322.0,847.0,663.0,874.0,962.0,523.0,350.0,321.0,196.0,236.0,147.0,121.0,555.0,243.0,774.0,368.0,393.0,215.0,526.0,341.0,364.0
676.0,1635.0,368.0,954.0,931.0,1012.0,1066.0,599.0,390.0,355.0,215.0,258.0,151.0,150.0,539.0,235.0,746.0,362.0,394.0,242.0,548.0,360.0,385.0
480.0,1549.0,318.0,796.0,729.0,844.0,892.0,508.0,360.0,334.0,198.0,228.0,143.0,127.0,524.0,235.0,723.0,335.0,371.0,211.0,537.0,312.0,327.0
513.0,1598.0,329.0,845.0,705.0,870.0,981.0,512.0,334.0,317.0,187.0,235.0,148.0,145.0,561.0,263.0,820.0,348.0,421.0,215.0,534.0,372.0,333.0
554.0,1715.0,331.0,830.0,690.0,937.0,961.0,550.0,363.0,322.0,197.0,221.0,141.0,144.0,569.0,246.0,815.0,411.0,420.0,218.0,539.0,358.0,349.0
653.0,1689.0,358.0,883.0,741.0,988.0,1033.0,604.0,380.0,365.0,210.0,245.0,149.0,151.0,588.0,266.0,829.0,364.0,457.0,240.0,560.0,372.0,383.0
598.0,1622.0,333.0,868.0,864.0,1002.0,983.0,569.0,362.0,337.0,211.0,243.0,146.0,149.0,546.0,236.0,756.0,385.0,385.0,233.0,546.0,360.0,369.0
622.0,1672.0,361.0,870.0,809.0,978.0,1037.0,576.0,365.0,325.0,196.0,255.0,153.0,148.0,603.0,285.0,835.0,348.0,425.0,246.0,564.0,366.0,353.0
718.0,1612.0,374.0,985.0,883.0,1024.0,1125.0,632.0,400.0,383.0,217.0,277.0,152.0,148.0,557.0,250.0,772.0,329.0,398.0,245.0,558.0,385.0,388.0
555.0,1530.0,313.0,802.0,734.0,951.0,959.0,595.0,407.0,359.0,203.0,253.0,146.0,138.0,525.0,228.0,718.0,333.0,391.0,216.0,533.0,323.0,337.0
587.0,1616.0,340.0,933.0,727.0,932.0,1032.0,557.0,364.0,338.0,193.0,255.0,146.0,148.0,556.0,245.0,778.0,355.0,404.0,245.0,562.0,366.0,362.0
493.0,1526.0,332.0,854.0,734.0,835.0,977.0,502.0,338.0,320.0,190.0,243.0,145.0,126.0,522.0,225.0,714.0,330.0,359.0,232.0,547.0,335.0,345.0
534.0,1508.0,318.0,883.0,694.0,947.0,1018.0,581.0,365.0,340.0,190.0,247.0,142.0,133.0,518.0,231.0,735.0,317.0,390.0,253.0,528.0,347.0,343.0
658.0,1642.0,368.0,962.0,811.0,948.0,1066.0,565.0,390.0,384.0,221.0,270.0,156.0,154.0,565.0,251.0,771.0,366.0,412.0,248.0,533.0,377.0,383.0
531.0,1634.0,351.0,845.0,755.0,886.0,961.0,528.0,346.0,328.0,197.0,241.0,146.0,146.0,552.0,264.0,844.0,351.0,435.0,227.0,535.0,361.0,347.0
637.0,1620.0,344.0,900.0,840.0,1044.0,1020.0,622.0,395.0,347.0,195.0,258.0,143.0,134.0,519.0,228.0,735.0,362.0,402.0,237.0,554.0,343.0,380.0
562.0,1673.0,340.0,827.0,718.0,918.0,957.0,534.0,364.0,354.0,199.0,248.0,144.0,143.0,560.0,247.0,816.0,368.0,408.0,226.0,570.0,344.0,342.0
620.0,1635.0,354.0,874.0,779.0,997.0,1006.0,592.0,393.0,372.0,209.0,261.0,153.0,150.0,561.0,255.0,752.0,383.0,399.0,223.0,532.0,367.0,378.0
583.0,1570.0,344.0,918.0,816.0,938.0,1011.0,559.0,373.0,338.0,196.0,263.0,151.0,130.0,527.0,225.0,729.0,354.0,372.0,245.0,552.0,336.0,393.0
493.0,1518.0,309.0,899.0,717.0,912.0,935.0,528.0,325.0,327.0,189.0,222.0,138.0,125.0,515.0,231.0,728.0,340.0,386.0,235.0,518.0,322.0,342.0
700.0,1660.0,375.0,943.0,896.0,1022.0,1078.0,613.0,394.0,382.0,223.0,279.0,159.0,140.0,572.0,253.0,807.0,355.0,414.0,254.0,578.0,384.0,404.0
686.0,1738.0,355.0,909.0,819.0,1038.0,1022.0,624.0,402.0,357.0,206.0,258.0,150.0,140.0,556.0,247.0,812.0,402.0,419.0,236.0,558.0,363.0,388.0
598.0,1653.0,339.0,861.0,735.0,918.0,1034.0,566.0,370.0,367.0,211.0,249.0,150.0,126.0,542.0,239.0,780.0,357.0,401.0,220.0,554.0,342.0,374.0
693.0,1688.0,351.0,888.0,741.0,1007.0,1041.0,632.0,401.0,370.0,212.0,271.0,151.0,154.0,585.0,260.0,816.0,388.0,421.0,240.0,551.0,390.0,369.0
523.0,1585.0,315.0,792.0,759.0,908.0,900.0,526.0,344.0,346.0,207.0,220.0,146.0,126.0,554.0,244.0,773.0,349.0,407.0,213.0,534.0,317.0,323.0
696.0,1585.0,374.0,973.0,813.0,1034.0,1106.0,662.0,395.0,356.0,207.0,275.0,152.0,144.0,514.0,223.0,735.0,351.0,378.0,251.0,563.0,371.0,402.0
510.0,1561.0,318.0,828.0,778.0,928.0,966.0,543.0,352.0,322.0,193.0,245.0,147.0,133.0,530.0,225.0,745.0,354.0,405.0,214.0,522.0,341.0,356.0
552.0,1535.0,357.0,851.0,730.0,903.0,993.0,568.0,387.0,368.0,190.0,232.0,139.0,130.0,511.0,222.0,721.0,350.0,366.0,214.0,558.0,344.0,357.0
712.0,1636.0,355.0,889.0,856.0,1036.0,1042.0,634.0,433.0,358.0,216.0,260.0,162.0,133.0,578.0,257.0,786.0,323.0,412.0,247.0,568.0,340.0,379.0
594.0,1630.0,352.0,908.0,763.0,948.0,1038.0,572.0,360.0,331.0,200.0,245.0,149.0,135.0,556.0,248.0,767.0,381.0,422.0,241.0,545.0,340.0,368.0
471.0,1559.0,315.0,803.0,657.0,850.0,924.0,484.0,324.0,313.0,201.0,216.0,142.0,147.0,514.0,227.0,726.0,355.0,365.0,212.0,530.0,358.0,334.0
521.0,1609.0,333.0,838.0,675.0,884.0,977.0,522.0,356.0,324.0,193.0,232.0,142.0,144.0,504.0,224.0,752.0,369.0,394.0,220.0,550.0,362.0,345.0
604.0,1583.0,344.0,902.0,735.0,953.0,1017.0,555.0,386.0,368.0,222.0,270.0,155.0,148.0,532.0,237.0,745.0,357.0,383.0,244.0,542.0,365.0,370.0
581.0,1612.0,346.0,857.0,701.0,906.0,1042.0,540.0,370.0,350.0,194.0,273.0,155.0,130.0,560.0,241.0,799.0,347.0,401.0,223.0,573.0,337.0,375.0
532.0,1582.0,351.0,858.0,750.0,898.0,989.0,519.0,353.0,329.0,188.0,255.0,152.0,130.0,539.0,254.0,770.0,331.0,387.0,240.0,541.0,340.0,371.0
665.0,1664.0,343.0,959.0,872.0,1005.0,1052.0,583.0,372.0,333.0,202.0,265.0,148.0,129.0,540.0,238.0,762.0,355.0,406.0,262.0,557.0,350.0,364.0
507.0,1500.0,321.0,863.0,671.0,911.0,985.0,558.0,354.0,337.0,190.0,230.0,142.0,136.0,503.0,221.0,697.0,351.0,380.0,221.0,517.0,335.0,329.0
624.0,1645.0,357.0,918.0,824.0,936.0,1015.0,582.0,353.0,348.0,206.0,260.0,149.0,127.0,547.0,243.0,778.0,362.0,395.0,252.0,537.0,331.0,384.0
683.0,1668.0,353.0,922.0,802.0,1020.0,1043.0,630.0,386.0,372.0,221.0,254.0,148.0,149.0,564.0,248.0,758.0,399.0,400.0,242.0,565.0,382.0,360.0
589.0,1654.0,343.0,871.0,733.0,928.0,1010.0,565.0,349.0,333.0,187.0,249.0,144.0,140.0,584.0,259.0,846.0,395.0,434.0,228.0,542.0,361.0,377.0
724.0,1637.0,350.0,995.0,860.0,1066.0,1041.0,647.0,392.0,367.0,202.0,267.0,156.0,132.0,571.0,251.0,748.0,328.0,400.0,285.0,543.0,355.0,407.0
650.0,1715.0,331.0,940.0,734.0,993.0,1018.0,599.0,377.0,362.0,200.0,256.0,157.0,155.0,599.0,253.0,792.0,402.0,425.0,237.0,537.0,363.0,392.0
480.0,1602.0,313.0,810.0,680.0,861.0,907.0,499.0,340.0,332.0,195.0,236.0,145.0,130.0,523.0,235.0,731.0,387.0,389.0,208.0,527.0,321.0,335.0
584.0,1694.0,350.0,878.0,744.0,933.0,946.0,537.0,372.0,351.0,214.0,236.0,155.0,131.0,567.0,251.0,805.0,372.0,414.0,241.0,524.0,357.0,355.0
594.0,1674.0,353.0,868.0,844.0,942.0,989.0,540.0,364.0,348.0,198.0,235.0,145.0,138.0,539.0,235.0,767.0,397.0,410.0,225.0,550.0,355.0,373.0
568.0,1548.0,344.0,898.0,747.0,918.0,989.0,547.0,393.0,368.0,225.0,264.0,162.0,129.0,519.0,227.0,703.0,376.0,370.0,245.0,562.0,347.0,362.0
515.0,1601.0,323.0,857.0,775.0,903.0,968.0,521.0,338.0,309.0,182.0,241.0,142.0,143.0,579.0,255.0,793.0,380.0,425.0,220.0,543.0,338.0,338.0
559.0,1661.0,336.0,870.0,695.0,899.0,1019.0,536.0,346.0,349.0,197.0,245.0,143.0,151.0,554.0,251.0,806.0,375.0,415.0,218.0,541.0,380.0,357.0
575.0,1693.0,346.0,853.0,734.0,930.0,1003.0,528.0,341.0,350.0,200.0,240.0,144.0,136.0,589.0,255.0,821.0,400.0,432.0,223.0,526.0,351.0,368.0
735.0,1643.0,374.0,913.0,815.0,1058.0,1094.0,648.0,403.0,392.0,228.0,272.0,163.0,165.0,556.0,242.0,771.0,363.0,409.0,236.0,562.0,395.0,403.0
561.0,1762.0,333.0,824.0,733.0,901.0,982.0,495.0,323.0,306.0,190.0,244.0,152.0,143.0,606.0,277.0,895.0,350.0,461.0,222.0,556.0,363.0,351.0
665.0,1682.0,353.0,966.0,806.0,969.0,1048.0,570.0,390.0,366.0,226.0,267.0,158.0,142.0,577.0,254.0,775.0,380.0,398.0,269.0,573.0,366.0,387.0
639.0,1705.0,335.0,848.0,788.0,1017.0,1011.0,581.0,377.0,356.0,209.0,257.0,152.0,159.0,559.0,235.0,808.0,383.0,419.0,228.0,549.0,368.0,375.0
600.0,1657.0,357.0,893.0,731.0,970.0,1028.0,581.0,363.0,339.0,198.0,248.0,149.0,137.0,546.0,241.0,772.0,387.0,397.0,236.0,520.0,354.0,374.0
600.0,1643.0,342.0,936.0,775.0,929.0,1062.0,536.0,357.0,339.0,193.0,255.0,148.0,138.0,532.0,236.0,757.0,342.0,408.0,250.0,537.0,359.0,370.0
625.0,1679.0,355.0,908.0,765.0,953.0,1041.0,569.0,382.0,348.0,203.0,258.0,159.0,145.0,555.0,243.0,790.0,365.0,421.0,248.0,538.0,361.0,383.0
655.0,1517.0,337.0,895.0,918.0,998.0,1055.0,628.0,412.0,378.0,209.0,244.0,145.0,138.0,508.0,211.0,700.0,390.0,365.0,235.0,537.0,352.0,383.0
639.0,1663.0,357.0,911.0,794.0,949.0,978.0,584.0,373.0,350.0,203.0,258.0,149.0,126.0,553.0,244.0,782.0,376.0,413.0,244.0,547.0,362.0,374.0
689.0,1745.0,365.0,903.0,775.0,984.0,1046.0,586.0,393.0,388.0,222.0,268.0,167.0,138.0,596.0,257.0,846.0,403.0,438.0,242.0,559.0,379.0,393.0
645.0,1674.0,338.0,877.0,724.0,960.0,1041.0,593.0,385.0,360.0,209.0,263.0,153.0,149.0,596.0,266.0,813.0,370.0,425.0,232.0,545.0,375.0,369.0
585.0,1602.0,320.0,866.0,691.0,924.0,987.0,575.0,348.0,357.0,201.0,250.0,145.0,147.0,546.0,247.0,790.0,349.0,419.0,239.0,525.0,332.0,375.0
577.0,1728.0,361.0,846.0,718.0,894.0,1000.0,516.0,342.0,330.0,203.0,252.0,152.0,149.0,586.0,272.0,841.0,382.0,449.0,226.0,544.0,369.0,360.0
531.0,1516.0,331.0,834.0,765.0,943.0,944.0,562.0,373.0,338.0,201.0,242.0,143.0,139.0,490.0,218.0,717.0,315.0,377.0,231.0,519.0,331.0,339.0
640.0,1637.0,352.0,880.0,815.0,965.0,1002.0,596.0,410.0,357.0,209.0,250.0,142.0,134.0,516.0,219.0,753.0,395.0,415.0,233.0,553.0,350.0,360.0
532.0,1564.0,338.0,831.0,674.0,874.0,964.0,522.0,373.0,368.0,217.0,245.0,151.0,143.0,502.0,213.0,700.0,337.0,356.0,233.0,550.0,341.0,355.0
542.0,1637.0,322.0,838.0,679.0,907.0,935.0,549.0,366.0,341.0,205.0,235.0,145.0,137.0,525.0,248.0,805.0,389.0,427.0,223.0,562.0,323.0,330.0
545.0,1623.0,343.0,871.0,726.0,929.0,990.0,537.0,372.0,349.0,193.0,240.0,143.0,130.0,566.0,244.0,806.0,324.0,406.0,233.0,545.0,339.0,348.0
610.0,1660.0,343.0,864.0,710.0,931.0,1017.0,562.0,388.0,374.0,222.0,248.0,155.0,145.0,568.0,248.0,786.0,372.0,414.0,231.0,529.0,372.0,381.0
701.0,1600.0,369.0,953.0,860.0,1050.0,1100.0,657.0,435.0,386.0,216.0,275.0,153.0,150.0,545.0,238.0,757.0,340.0,402.0,256.0,537.0,358.0,395.0
656.0,1673.0,366.0,911.0,734.0,962.0,1045.0,583.0,385.0,365.0,210.0,265.0,156.0,127.0,577.0,246.0,804.0,348.0,421.0,240.0,550.0,343.0,403.0
622.0,1657.0,353.0,851.0,731.0,943.0,1035.0,561.0,380.0,368.0,221.0,260.0,157.0,146.0,584.0,258.0,805.0,385.0,405.0,229.0,539.0,359.0,372.0
596.0,1545.0,348.0,924.0,820.0,964.0,1067.0,573.0,379.0,365.0,210.0,259.0,147.0,147.0,517.0,223.0,711.0,368.0,380.0,226.0,533.0,355.0,380.0
573.0,1540.0,346.0,897.0,804.0,952.0,997.0,537.0,362.0,339.0,211.0,248.0,152.0,144.0,502.0,223.0,678.0,363.0,352.0,259.0,533.0,357.0,370.0
677.0,1600.0,361.0,955.0,828.0,1004.0,1101.0,620.0,395.0,387.0,225.0,279.0,158.0,130.0,540.0,237.0,738.0,350.0,390.0,250.0,548.0,347.0,420.0
592.0,1541.0,363.0,978.0,837.0,962.0,1046.0,548.0,362.0,339.0,204.0,264.0,154.0,126.0,538.0,233.0,707.0,340.0,361.0,254.0,551.0,335.0,401.0
573.0,1592.0,346.0,895.0,789.0,923.0,1004.0,561.0,341.0,333.0,194.0,244.0,145.0,122.0,523.0,221.0,757.0,335.0,400.0,240.0,570.0,328.0,383.0
570.0,1554.0,350.0,899.0,754.0,912.0,1033.0,552.0,362.0,357.0,214.0,252.0,151.0,133.0,503.0,221.0,717.0,380.0,380.0,220.0,521.0,345.0,380.0
662.0,1633.0,364.0,939.0,742.0,1005.0,1036.0,603.0,412.0,377.0,215.0,247.0,154.0,142.0,530.0,228.0,744.0,355.0,394.0,245.0,544.0,374.0,387.0
684.0,1659.0,347.0,912.0,791.0,1026.0,1033.0,617.0,405.0,379.0,211.0,247.0,151.0,133.0,595.0,263.0,813.0,349.0,416.0,256.0,560.0,351.0,363.0
515.0,1548.0,324.0,846.0,679.0,884.0,950.0,547.0,361.0,352.0,200.0,237.0,138.0,141.0,507.0,235.0,723.0,332.0,369.0,222.0,571.0,349.0,331.0
717.0,1708.0,347.0,966.0,841.0,1048.0,1066.0,625.0,403.0,354.0,201.0,247.0,145.0,133.0,584.0,255.0,819.0,366.0,425.0,266.0,561.0,344.0,375.0
636.0,1600.0,327.0,915.0,836.0,1028.0,1026.0,596.0,390.0,348.0,210.0,251.0,154.0,138.0,551.0,241.0,755.0,390.0,390.0,255.0,559.0,343.0,388.0
767.0,1746.0,367.0,1004.0,853.0,1039.0,1097.0,645.0,400.0,374.0,207.0,261.0,162.0,153.0,598.0,263.0,844.0,390.0,437.0,289.0,574.0,384.0,414.0
611.0,1646.0,340.0,910.0,771.0,953.0,1003.0,571.0,387.0,358.0,203.0,250.0,155.0,143.0,539.0,225.0,753.0,407.0,396.0,258.0,552.0,347.0,365.0
636.0,1655.0,365.0,897.0,865.0,967.0,1047.0,578.0,362.0,329.0,189.0,269.0,152.0,131.0,577.0,258.0,809.0,352.0,418.0,245.0,555.0,350.0,397.0
570.0,1610.0,347.0,884.0,790.0,949.0,993.0,534.0,391.0,333.0,201.0,250.0,142.0,141.0,516.0,220.0,739.0,375.0,386.0,240.0,523.0,334.0,354.0
682.0,1643.0,363.0,915.0,776.0,997.0,1070.0,618.0,391.0,380.0,215.0,267.0,155.0,152.0,555.0,232.0,775.0,359.0,404.0,248.0,566.0,381.0,380.0
565.0,1554.0,345.0,840.0,709.0,920.0,1034.0,570.0,381.0,340.0,193.0,252.0,150.0,137.0,546.0,250.0,735.0,341.0,394.0,237.0,549.0,357.0,375.0
667.0,1700.0,327.0,929.0,792.0,1009.0,1061.0,601.0,379.0,374.0,220.0,250.0,148.0,151.0,570.0,235.0,809.0,383.0,428.0,263.0,553.0,366.0,381.0
923.0,1746.0,397.0,1142.0,1099.0,1104.0,1132.0,694.0,399.0,370.0,206.0,265.0,159.0,143.0,553.0,247.0,792.0,407.0,426.0,321.0,587.0,389.0,437.0
605.0,1660.0,348.0,875.0,763.0,942.0,1030.0,573.0,354.0,359.0,193.0,237.0,143.0,140.0,565.0,240.0,801.0,368.0,418.0,234.0,538.0,367.0,356.0
519.0,1582.0,350.0,855.0,723.0,893.0,985.0,540.0,341.0,314.0,193.0,239.0,140.0,140.0,545.0,236.0,752.0,352.0,388.0,241.0,547.0,326.0,375.0
540.0,1552.0,327.0,860.0,819.0,950.0,983.0,553.0,363.0,331.0,196.0,248.0,145.0,129.0,524.0,224.0,733.0,350.0,380.0,230.0,537.0,338.0,362.0
585.0,1658.0,351.0,905.0,788.0,944.0,1012.0,545.0,357.0,327.0,205.0,235.0,148.0,134.0,564.0,248.0,800.0,378.0,413.0,244.0,547.0,362.0,377.0
521.0,1553.0,327.0,875.0,682.0,914.0,1004.0,530.0,339.0,318.0,173.0,247.0,143.0,148.0,560.0,256.0,764.0,347.0,405.0,215.0,544.0,366.0,341.0
418.0,1562.0,300.0,827.0,675.0,815.0,902.0,454.0,311.0,290.0,196.0,210.0,144.0,141.0,534.0,234.0,744.0,362.0,371.0,222.0,518.0,340.0,318.0
677.0,1629.0,369.0,936.0,840.0,977.0,1077.0,608.0,403.0,365.0,211.0,251.0,148.0,157.0,601.0,263.0,798.0,368.0,426.0,233.0,557.0,391.0,375.0
616.0,1691.0,349.0,890.0,823.0,990.0,1010.0,598.0,388.0,323.0,188.0,244.0,142.0,130.0,593.0,264.0,840.0,372.0,451.0,226.0,547.0,358.0,372.0
463.0,1546.0,308.0,830.0,755.0,872.0,956.0,494.0,325.0,305.0,191.0,211.0,138.0,144.0,527.0,233.0,746.0,384.0,393.0,210.0,510.0,355.0,344.0
546.0,1584.0,318.0,861.0,761.0,900.0,963.0,532.0,355.0,316.0,186.0,246.0,148.0,147.0,537.0,245.0,765.0,363.0,394.0,239.0,528.0,347.0,373.0
571.0,1612.0,336.0,880.0,753.0,928.0,972.0,547.0,362.0,342.0,187.0,236.0,148.0,145.0,546.0,242.0,788.0,343.0,414.0,240.0,551.0,335.0,353.0
496.0,1586.0,330.0,860.0,636.0,891.0,936.0,496.0,342.0,322.0,202.0,223.0,142.0,143.0,540.0,233.0,725.0,400.0,377.0,217.0,552.0,353.0,325.0
597.0,1596.0,336.0,852.0,721.0,967.0,1002.0,598.0,375.0,360.0,206.0,250.0,150.0,147.0,540.0,237.0,758.0,368.0,397.0,220.0,557.0,359.0,373.0
716.0,1716.0,349.0,924.0,774.0,1039.0,1052.0,625.0,424.0,375.0,222.0,278.0,156.0,152.0,577.0,255.0,811.0,382.0,427.0,266.0,565.0,372.0,402.0
523.0,1611.0,328.0,828.0,668.0,867.0,959.0,529.0,356.0,330.0,197.0,238.0,141.0,138.0,530.0,235.0,772.0,351.0,395.0,222.0,558.0,347.0,344.0
562.0,1653.0,354.0,814.0,697.0,930.0,1023.0,547.0,337.0,354.0,205.0,249.0,147.0,144.0,545.0,230.0,737.0,386.0,398.0,196.0,535.0,370.0,350.0
591.0,1508.0,348.0,879.0,785.0,955.0,1004.0,586.0,395.0,376.0,214.0,256.0,153.0,124.0,502.0,216.0,700.0,329.0,374.0,235.0,527.0,346.0,388.0
609.0,1722.0,350.0,852.0,711.0,965.0,1009.0,576.0,400.0,342.0,203.0,250.0,154.0,150.0,550.0,233.0,788.0,357.0,403.0,220.0,525.0,372.0,365.0
573.0,1612.0,351.0,894.0,753.0,935.0,1063.0,543.0,359.0,338.0,195.0,260.0,150.0,160.0,552.0,246.0,787.0,360.0,422.0,246.0,541.0,370.0,355.0
555.0,1570.0,356.0,882.0,698.0,908.0,993.0,562.0,369.0,327.0,197.0,251.0,143.0,135.0,504.0,230.0,731.0,347.0,384.0,241.0,537.0,343.0,356.0
645.0,1740.0,350.0,883.0,741.0,976.0,994.0,586.0,380.0,350.0,223.0,250.0,155.0,144.0,581.0,245.0,802.0,399.0,424.0,230.0,544.0,360.0,374.0
684.0,1674.0,350.0,957.0,761.0,982.0,1053.0,599.0,402.0,372.0,217.0,256.0,157.0,150.0,551.0,249.0,794.0,370.0,424.0,269.0,553.0,365.0,388.0
600.0,1664.0,349.0,912.0,820.0,954.0,1045.0,546.0,351.0,327.0,199.0,252.0,154.0,152.0,585.0,259.0,840.0,361.0,450.0,238.0,563.0,374.0,385.0
604.0,1632.0,347.0,913.0,718.0,938.0,1045.0,540.0,370.0,352.0,212.0,261.0,158.0,156.0,584.0,267.0,787.0,358.0,400.0,246.0,528.0,377.0,384.0
561.0,1584.0,328.0,812.0,703.0,921.0,971.0,554.0,403.0,362.0,202.0,254.0,152.0,125.0,520.0,228.0,763.0,346.0,402.0,206.0,570.0,337.0,367.0
560.0,1672.0,332.0,848.0,770.0,952.0,991.0,555.0,380.0,328.0,187.0,235.0,145.0,149.0,564.0,241.0,807.0,332.0,413.0,225.0,517.0,345.0,360.0
676.0,1663.0,347.0,923.0,765.0,1010.0,1069.0,596.0,378.0,374.0,222.0,259.0,162.0,158.0,537.0,234.0,754.0,380.0,390.0,250.0,553.0,379.0,410.0
507.0,1584.0,328.0,811.0,662.0,896.0,947.0,526.0,344.0,345.0,200.0,255.0,142.0,138.0,478.0,203.0,736.0,357.0,384.0,208.0,540.0,342.0,349.0
471.0,1625.0,316.0,815.0,699.0,865.0,962.0,478.0,318.0,299.0,191.0,219.0,145.0,143.0,546.0,240.0,766.0,358.0,385.0,204.0,553.0,345.0,349.0
552.0,1618.0,350.0,861.0,710.0,934.0,973.0,573.0,374.0,322.0,178.0,243.0,137.0,145.0,551.0,250.0,775.0,369.0,399.0,229.0,537.0,358.0,349.0
616.0,1703.0,340.0,875.0,744.0,976.0,1000.0,582.0,386.0,349.0,212.0,249.0,156.0,147.0,553.0,239.0,816.0,379.0,435.0,218.0,561.0,354.0,354.0
820.0,1706.0,373.0,992.0,961.0,1083.0,1137.0,677.0,438.0,395.0,202.0,294.0,154.0,142.0,588.0,268.0,832.0,341.0,424.0,264.0,563.0,389.0,432.0
720.0,1722.0,357.0,987.0,796.0,1043.0,1019.0,647.0,395.0,372.0,210.0,260.0,155.0,138.0,591.0,282.0,860.0,368.0,453.0,290.0,563.0,358.0,390.0
839.0,1734.0,379.0,1060.0,1051.0,1070.0,1134.0,654.0,402.0,358.0,204.0,270.0,158.0,148.0,613.0,274.0,835.0,374.0,428.0,290.0,556.0,384.0,441.0
718.0,1692.0,350.0,920.0,934.0,1021.0,1071.0,621.0,407.0,363.0,215.0,262.0,155.0,147.0,573.0,248.0,817.0,359.0,413.0,248.0,548.0,361.0,398.0
608.0,1676.0,350.0,843.0,842.0,987.0,1022.0,554.0,374.0,339.0,204.0,233.0,148.0,149.0,548.0,241.0,784.0,397.0,421.0,217.0,545.0,390.0,371.0
714.0,1644.0,337.0,998.0,897.0,1020.0,1057.0,675.0,433.0,411.0,204.0,255.0,147.0,141.0,576.0,252.0,805.0,357.0,423.0,266.0,543.0,366.0,380.0
530.0,1603.0,333.0,816.0,671.0,939.0,978.0,553.0,343.0,327.0,197.0,238.0,145.0,135.0,511.0,219.0,742.0,356.0,384.0,209.0,523.0,361.0,345.0
545.0,1530.0,334.0,874.0,809.0,921.0,999.0,575.0,366.0,334.0,185.0,263.0,142.0,123.0,516.0,228.0,740.0,311.0,391.0,231.0,543.0,337.0,353.0
665.0,1648.0,362.0,984.0,940.0,1008.0,1036.0,595.0,370.0,341.0,199.0,262.0,154.0,140.0,553.0,248.0,756.0,403.0,405.0,278.0,542.0,359.0,390.0
552.0,1573.0,316.0,858.0,854.0,919.0,967.0,554.0,351.0,340.0,198.0,237.0,140.0,135.0,501.0,221.0,725.0,341.0,392.0,238.0,525.0,337.0,355.0
556.0,1634.0,340.0,865.0,685.0,899.0,996.0,554.0,363.0,341.0,195.0,241.0,139.0,154.0,556.0,250.0,813.0,336.0,414.0,223.0,524.0,377.0,340.0
618.0,1596.0,342.0,900.0,764.0,991.0,1009.0,613.0,382.0,357.0,211.0,251.0,149.0,145.0,533.0,229.0,737.0,363.0,396.0,251.0,553.0,341.0,387.0
770.0,1632.0,362.0,997.0,932.0,1070.0,1127.0,679.0,430.0,386.0,219.0,262.0,154.0,142.0,570.0,255.0,753.0,380.0,407.0,278.0,527.0,364.0,390.0
537.0,1594.0,333.0,863.0,710.0,961.0,986.0,557.0,366.0,332.0,200.0,231.0,149.0,142.0,535.0,229.0,744.0,382.0,384.0,217.0,544.0,361.0,361.0
539.0,1562.0,299.0,898.0,751.0,908.0,985.0,557.0,353.0,320.0,192.0,233.0,145.0,142.0,537.0,236.0,752.0,390.0,384.0,255.0,539.0,344.0,374.0
622.0,1553.0,325.0,865.0,784.0,1008.0,993.0,611.0,415.0,384.0,215.0,248.0,150.0,121.0,531.0,235.0,718.0,346.0,376.0,250.0,547.0,334.0,360.0
568.0,1646.0,346.0,885.0,725.0,921.0,1018.0,522.0,361.0,325.0,195.0,237.0,148.0,154.0,555.0,250.0,786.0,398.0,413.0,237.0,532.0,379.0,344.0
642.0,1678.0,355.0,886.0,820.0,1015.0,1038.0,599.0,382.0,352.0,208.0,250.0,151.0,165.0,572.0,254.0,797.0,402.0,423.0,235.0,561.0,383.0,368.0
488.0,1501.0,328.0,808.0,652.0,896.0,955.0,505.0,332.0,329.0,200.0,246.0,148.0,140.0,494.0,222.0,688.0,378.0,355.0,206.0,527.0,351.0,337.0
566.0,1605.0,340.0,824.0,718.0,934.0,1016.0,562.0,379.0,354.0,193.0,240.0,140.0,159.0,566.0,241.0,761.0,350.0,406.0,211.0,555.0,368.0,347.0
775.0,1712.0,365.0,969.0,813.0,1041.0,1107.0,643.0,427.0,400.0,236.0,277.0,161.0,153.0,584.0,263.0,803.0,386.0,419.0,248.0,581.0,362.0,372.0
670.0,1615.0,343.0,936.0,872.0,1019.0,1022.0,617.0,390.0,358.0,205.0,249.0,152.0,143.0,545.0,247.0,760.0,366.0,396.0,256.0,556.0,370.0,389.0
779.0,1775.0,360.0,956.0,834.0,1048.0,1095.0,632.0,407.0,376.0,215.0,269.0,158.0,165.0,594.0,260.0,854.0,374.0,441.0,275.0,542.0,396.0,390.0
561.0,1607.0,325.0,868.0,746.0,928.0,1004.0,556.0,366.0,363.0,217.0,255.0,155.0,133.0,528.0,240.0,748.0,390.0,390.0,210.0,539.0,359.0,365.0
544.0,1580.0,336.0,845.0,710.0,884.0,983.0,551.0,365.0,342.0,214.0,247.0,148.0,132.0,501.0,223.0,711.0,363.0,384.0,221.0,542.0,335.0,388.0
540.0,1623.0,342.0,876.0,720.0,888.0,983.0,531.0,339.0,324.0,188.0,252.0,151.0,132.0,574.0,259.0,802.0,362.0,390.0,218.0,583.0,331.0,369.0
528.0,1630.0,326.0,804.0,700.0,888.0,947.0,547.0,360.0,325.0,198.0,241.0,138.0,124.0,515.0,223.0,796.0,338.0,406.0,216.0,530.0,322.0,348.0
558.0,1538.0,328.0,806.0,718.0,960.0,989.0,598.0,391.0,365.0,195.0,244.0,145.0,153.0,508.0,230.0,716.0,288.0,373.0,224.0,545.0,347.0,328.0
695.0,1592.0,362.0,959.0,765.0,1054.0,1078.0,661.0,407.0,398.0,229.0,275.0,155.0,150.0,555.0,240.0,770.0,321.0,404.0,258.0,549.0,377.0,368.0
723.0,1668.0,358.0,981.0,785.0,1022.0,1101.0,633.0,400.0,380.0,211.0,254.0,158.0,156.0,553.0,241.0,764.0,394.0,419.0,280.0,569.0,384.0,392.0
689.0,1614.0,348.0,1050.0,913.0,1005.0,1102.0,608.0,374.0,345.0,206.0,270.0,156.0,141.0,545.0,233.0,757.0,360.0,407.0,286.0,543.0,356.0,415.0
683.0,1717.0,348.0,953.0,702.0,978.0,1079.0,578.0,398.0,384.0,222.0,279.0,160.0,153.0,574.0,256.0,806.0,375.0,397.0,255.0,553.0,385.0,414.0
595.0,1565.0,344.0,962.0,878.0,952.0,1069.0,571.0,369.0,313.0,192.0,268.0,152.0,163.0,560.0,260.0,748.0,418.0,402.0,241.0,553.0,376.0,372.0
688.0,1678.0,348.0,964.0,837.0,1022.0,1079.0,584.0,373.0,361.0,216.0,262.0,157.0,155.0,541.0,245.0,772.0,361.0,400.0,246.0,553.0,373.0,385.0
565.0,1561.0,329.0,833.0,767.0,995.0,970.0,568.0,368.0,338.0,198.0,241.0,146.0,133.0,506.0,221.0,711.0,366.0,376.0,215.0,530.0,331.0,355.0
649.0,1826.0,357.0,901.0,778.0,948.0,1047.0,549.0,364.0,338.0,210.0,253.0,160.0,149.0,654.0,306.0,948.0,384.0,491.0,243.0,559.0,362.0,377.0
588.0,1648.0,354.0,846.0,725.0,945.0,993.0,553.0,364.0,330.0,198.0,255.0,150.0,150.0,564.0,250.0,799.0,390.0,400.0,224.0,564.0,371.0,373.0
801.0,1737.0,366.0,1078.0,930.0,1063.0,1147.0,636.0,390.0,354.0,208.0,283.0,158.0,140.0,578.0,251.0,800.0,399.0,434.0,288.0,547.0,346.0,437.0
599.0,1654.0,314.0,844.0,767.0,998.0,1010.0,585.0,372.0,335.0,211.0,241.0,148.0,141.0,533.0,233.0,756.0,388.0,388.0,233.0,538.0,346.0,347.0
591.0,1676.0,368.0,874.0,690.0,915.0,998.0,538.0,353.0,345.0,200.0,258.0,160.0,145.0,555.0,250.0,793.0,399.0,409.0,233.0,586.0,345.0,372.0
676.0,1653.0,355.0,944.0,778.0,1017.0,1028.0,627.0,403.0,367.0,220.0,253.0,152.0,153.0,557.0,253.0,799.0,321.0,428.0,260.0,550.0,358.0,374.0
562.0,1664.0,344.0,794.0,732.0,952.0,955.0,531.0,360.0,355.0,212.0,238.0,150.0,138.0,543.0,226.0,773.0,383.0,396.0,207.0,538.0,343.0,362.0
518.0,1560.0,349.0,855.0,741.0,897.0,938.0,558.0,369.0,321.0,195.0,230.0,143.0,121.0,512.0,229.0,744.0,317.0,413.0,240.0,522.0,319.0,340.0
514.0,1553.0,318.0,907.0,745.0,910.0,998.0,523.0,325.0,329.0,184.0,232.0,136.0,144.0,505.0,227.0,703.0,357.0,374.0,237.0,528.0,359.0,358.0
597.0,1703.0,331.0,916.0,739.0,1006.0,1008.0,569.0,370.0,334.0,208.0,228.0,152.0,153.0,592.0,264.0,813.0,411.0,412.0,236.0,542.0,382.0,360.0
516.0,1607.0,332.0,878.0,696.0,895.0,948.0,511.0,341.0,328.0,188.0,231.0,145.0,138.0,529.0,234.0,774.0,369.0,401.0,225.0,553.0,342.0,337.0
642.0,1730.0,332.0,855.0,701.0,932.0,1012.0,574.0,377.0,377.0,216.0,246.0,152.0,153.0,617.0,277.0,855.0,398.0,436.0,222.0,547.0,366.0,360.0
756.0,1752.0,363.0,995.0,897.0,1038.0,1087.0,623.0,403.0,357.0,203.0,261.0,157.0,137.0,623.0,267.0,846.0,362.0,440.0,276.0,558.0,351.0,415.0
581.0,1655.0,351.0,923.0,745.0,928.0,1011.0,538.0,353.0,340.0,190.0,248.0,148.0,140.0,538.0,246.0,797.0,382.0,405.0,244.0,545.0,365.0,383.0
473.0,1609.0,329.0,786.0,650.0,849.0,959.0,478.0,319.0,303.0,176.0,234.0,143.0,154.0,548.0,244.0,789.0,387.0,413.0,205.0,541.0,371.0,352.0
657.0,1570.0,325.0,978.0,989.0,1041.0,1031.0,638.0,352.0,340.0,202.0,224.0,136.0,120.0,538.0,240.0,789.0,321.0,405.0,263.0,548.0,315.0,360.0
580.0,1601.0,349.0,947.0,837.0,915.0,1033.0,538.0,350.0,334.0,194.0,255.0,146.0,142.0,559.0,242.0,781.0,369.0,388.0,257.0,542.0,356.0,383.0
589.0,1587.0,347.0,851.0,693.0,948.0,1023.0,588.0,374.0,349.0,212.0,255.0,150.0,151.0,554.0,238.0,760.0,348.0,386.0,227.0,559.0,373.0,379.0
610.0,1687.0,339.0,880.0,780.0,992.0,1053.0,598.0,368.0,322.0,185.0,249.0,145.0,145.0,575.0,262.0,838.0,364.0,451.0,237.0,522.0,370.0,357.0
563.0,1625.0,336.0,838.0,773.0,923.0,969.0,536.0,377.0,328.0,198.0,237.0,150.0,132.0,550.0,255.0,795.0,344.0,407.0,220.0,557.0,345.0,364.0
583.0,1626.0,325.0,855.0,702.0,926.0,965.0,559.0,380.0,348.0,204.0,248.0,148.0,149.0,544.0,252.0,800.0,357.0,417.0,228.0,554.0,352.0,365.0
651.0,1617.0,341.0,994.0,868.0,1001.0,1103.0,604.0,359.0,325.0,196.0,257.0,160.0,152.0,565.0,257.0,786.0,378.0,412.0,275.0,568.0,372.0,381.0
679.0,1594.0,344.0,941.0,869.0,1008.0,1054.0,600.0,388.0,359.0,212.0,257.0,155.0,134.0,575.0,251.0,765.0,330.0,378.0,274.0,549.0,350.0,402.0
676.0,1690.0,344.0,927.0,869.0,1062.0,1056.0,575.0,368.0,358.0,207.0,251.0,154.0,138.0,572.0,250.0,784.0,350.0,406.0,242.0,542.0,365.0,385.0
721.0,1630.0,356.0,893.0,954.0,1055.0,1037.0,659.0,423.0,374.0,203.0,270.0,152.0,145.0,594.0,260.0,810.0,410.0,430.0,245.0,549.0,357.0,398.0
647.0,1610.0,367.0,969.0,858.0,967.0,1085.0,584.0,379.0,339.0,194.0,255.0,147.0,140.0,524.0,227.0,738.0,354.0,409.0,264.0,531.0,356.0,383.0
605.0,1568.0,347.0,919.0,778.0,954.0,1011.0,600.0,377.0,352.0,202.0,257.0,151.0,140.0,536.0,255.0,771.0,328.0,398.0,253.0,543.0,364.0,361.0
575.0,1741.0,334.0,837.0,665.0,930.0,938.0,535.0,367.0,354.0,205.0,243.0,152.0,124.0,584.0,250.0,838.0,382.0,431.0,218.0,553.0,327.0,368.0
464.0,1448.0,315.0,837.0,755.0,893.0,929.0,560.0,331.0,314.0,181.0,233.0,135.0,127.0,480.0,209.0,672.0,283.0,362.0,223.0,508.0,313.0,338.0
626.0,1613.0,346.0,964.0,871.0,970.0,1064.0,562.0,361.0,334.0,199.0,246.0,146.0,151.0,553.0,242.0,749.0,329.0,382.0,260.0,546.0,371.0,378.0
604.0,1606.0,355.0,916.0,755.0,977.0,1013.0,561.0,363.0,339.0,207.0,244.0,151.0,140.0,531.0,246.0,754.0,368.0,415.0,235.0,533.0,342.0,363.0
648.0,1684.0,342.0,903.0,840.0,958.0,1043.0,589.0,382.0,348.0,205.0,240.0,152.0,148.0,561.0,252.0,809.0,393.0,424.0,257.0,539.0,361.0,362.0
492.0,1582.0,337.0,859.0,699.0,835.0,982.0,495.0,331.0,318.0,201.0,235.0,145.0,137.0,549.0,243.0,776.0,373.0,389.0,228.0,548.0,361.0,349.0
835.0,1642.0,363.0,1007.0,919.0,1139.0,1103.0,707.0,450.0,431.0,233.0,290.0,156.0,141.0,530.0,222.0,751.0,366.0,404.0,271.0,532.0,353.0,400.0
508.0,1576.0,323.0,893.0,683.0,920.0,971.0,521.0,346.0,323.0,204.0,235.0,146.0,152.0,521.0,233.0,711.0,360.0,368.0,234.0,535.0,352.0,341.0
535.0,1652.0,343.0,852.0,693.0,882.0,981.0,507.0,330.0,305.0,196.0,244.0,145.0,148.0,558.0,253.0,780.0,382.0,390.0,236.0,564.0,358.0,367.0
659.0,1558.0,365.0,957.0,892.0,1000.0,1051.0,617.0,398.0,355.0,204.0,270.0,152.0,142.0,492.0,217.0,703.0,364.0,391.0,242.0,551.0,342.0,388.0
602.0,1588.0,347.0,934.0,853.0,993.0,1011.0,588.0,372.0,338.0,198.0,234.0,145.0,145.0,533.0,230.0,731.0,368.0,390.0,233.0,557.0,361.0,361.0
676.0,1621.0,363.0,1025.0,935.0,1013.0,1107.0,554.0,384.0,353.0,203.0,261.0,154.0,137.0,527.0,236.0,743.0,366.0,375.0,283.0,566.0,345.0,395.0
509.0,1550.0,341.0,859.0,758.0,883.0,1010.0,500.0,325.0,300.0,184.0,222.0,146.0,145.0,509.0,225.0,722.0,349.0,385.0,235.0,538.0,357.0,365.0
564.0,1563.0,341.0,848.0,754.0,911.0,963.0,554.0,368.0,365.0,212.0,238.0,146.0,151.0,530.0,233.0,743.0,357.0,378.0,230.0,563.0,368.0,332.0
680.0,1653.0,372.0,1027.0,863.0,980.0,1076.0,566.0,362.0,336.0,195.0,256.0,156.0,139.0,565.0,245.0,762.0,372.0,395.0,273.0,560.0,363.0,400.0
650.0,1617.0,343.0,963.0,786.0,1005.0,1039.0,600.0,387.0,353.0,213.0,265.0,152.0,128.0,537.0,238.0,738.0,370.0,371.0,258.0,558.0,345.0,394.0
499.0,1606.0,328.0,875.0,720.0,866.0,973.0,487.0,342.0,324.0,193.0,231.0,138.0,150.0,547.0,244.0,752.0,380.0,376.0,227.0,551.0,373.0,376.0
642.0,1710.0,357.0,891.0,786.0,973.0,1052.0,575.0,392.0,366.0,220.0,266.0,161.0,150.0,546.0,242.0,794.0,397.0,396.0,228.0,550.0,381.0,383.0
539.0,1607.0,323.0,825.0,710.0,912.0,1000.0,544.0,351.0,345.0,199.0,240.0,145.0,154.0,539.0,244.0,767.0,376.0,377.0,226.0,537.0,358.0,328.0
558.0,1640.0,337.0,843.0,720.0,907.0,1025.0,535.0,341.0,328.0,199.0,240.0,148.0,156.0,541.0,225.0,765.0,398.0,395.0,218.0,551.0,368.0,349.0
690.0,1711.0,345.0,950.0,763.0,1007.0,1080.0,638.0,409.0,371.0,200.0,255.0,148.0,143.0,581.0,268.0,836.0,372.0,437.0,255.0,556.0,374.0,370.0
617.0,1638.0,332.0,849.0,826.0,993.0,1018.0,576.0,354.0,345.0,205.0,240.0,144.0,148.0,536.0,237.0,759.0,403.0,382.0,255.0,533.0,369.0,367.0
512.0,1597.0,341.0,882.0,636.0,871.0,1002.0,522.0,334.0,325.0,191.0,247.0,136.0,156.0,546.0,248.0,762.0,377.0,383.0,232.0,557.0,371.0,324.0
578.0,1662.0,335.0,853.0,691.0,927.0,987.0,561.0,375.0,364.0,210.0,250.0,142.0,142.0,548.0,245.0,787.0,372.0,423.0,222.0,530.0,362.0,353.0
573.0,1590.0,331.0,865.0,733.0,988.0,993.0,580.0,366.0,358.0,205.0,238.0,150.0,158.0,541.0,244.0,744.0,396.0,391.0,244.0,541.0,366.0,345.0
658.0,1522.0,372.0,985.0,863.0,1010.0,1066.0,608.0,403.0,368.0,207.0,285.0,160.0,138.0,544.0,247.0,744.0,334.0,377.0,275.0,534.0,364.0,403.0
547.0,1632.0,340.0,814.0,702.0,943.0,972.0,529.0,343.0,350.0,207.0,244.0,150.0,146.0,566.0,240.0,756.0,359.0,404.0,195.0,550.0,364.0,363.0
676.0,1697.0,339.0,897.0,771.0,1049.0,1038.0,607.0,426.0,380.0,223.0,256.0,155.0,146.0,564.0,252.0,804.0,345.0,404.0,246.0,541.0,373.0,363.0
677.0,1552.0,355.0,995.0,941.0,1025.0,1068.0,623.0,407.0,355.0,217.0,248.0,149.0,130.0,525.0,227.0,713.0,334.0,376.0,280.0,539.0,333.0,388.0
566.0,1537.0,343.0,843.0,741.0,898.0,1024.0,560.0,399.0,365.0,213.0,257.0,150.0,142.0,552.0,245.0,705.0,315.0,351.0,230.0,542.0,356.0,365.0
812.0,1739.0,373.0,1045.0,955.0,1061.0,1140.0,635.0,425.0,395.0,238.0,282.0,163.0,145.0,605.0,261.0,825.0,368.0,425.0,282.0,542.0,377.0,416.0
608.0,1593.0,348.0,891.0,843.0,962.0,997.0,579.0,392.0,358.0,198.0,253.0,147.0,153.0,548.0,236.0,722.0,330.0,357.0,241.0,566.0,357.0,370.0
576.0,1631.0,347.0,880.0,772.0,944.0,996.0,528.0,360.0,359.0,217.0,262.0,157.0,140.0,518.0,230.0,741.0,386.0,373.0,231.0,540.0,355.0,376.0
517.0,1688.0,320.0,830.0,688.0,879.0,950.0,510.0,341.0,334.0,197.0,228.0,146.0,154.0,557.0,246.0,785.0,384.0,406.0,217.0,537.0,351.0,356.0
639.0,1752.0,360.0,924.0,817.0,983.0,1045.0,542.0,362.0,325.0,207.0,253.0,155.0,143.0,586.0,255.0,781.0,393.0,412.0,248.0,574.0,378.0,389.0
672.0,1652.0,334.0,888.0,834.0,1028.0,1048.0,611.0,407.0,376.0,221.0,262.0,160.0,144.0,570.0,255.0,765.0,369.0,399.0,236.0,533.0,366.0,392.0
578.0,1569.0,318.0,838.0,862.0,999.0,924.0,580.0,418.0,363.0,228.0,234.0,140.0,134.0,535.0,237.0,762.0,335.0,381.0,225.0,535.0,322.0,342.0
590.0,1667.0,340.0,930.0,815.0,943.0,1052.0,555.0,367.0,332.0,201.0,224.0,141.0,166.0,551.0,243.0,788.0,367.0,409.0,239.0,505.0,378.0,350.0
764.0,1731.0,356.0,1038.0,930.0,1066.0,1100.0,626.0,376.0,365.0,207.0,262.0,149.0,144.0,570.0,246.0,798.0,377.0,434.0,279.0,544.0,380.0,405.0
710.0,1611.0,360.0,948.0,925.0,1046.0,1060.0,657.0,400.0,353.0,190.0,250.0,145.0,145.0,537.0,247.0,809.0,352.0,419.0,268.0,550.0,358.0,370.0
524.0,1532.0,332.0,859.0,743.0,915.0,1006.0,531.0,356.0,322.0,195.0,245.0,143.0,134.0,515.0,237.0,732.0,322.0,369.0,213.0,503.0,330.0,359.0
553.0,1626.0,337.0,904.0,791.0,931.0,1002.0,537.0,366.0,346.0,213.0,242.0,150.0,139.0,534.0,236.0,760.0,342.0,407.0,227.0,527.0,346.0,356.0
575.0,1646.0,357.0,831.0,738.0,945.0,1008.0,564.0,354.0,333.0,193.0,251.0,151.0,139.0,578.0,260.0,794.0,360.0,399.0,206.0,539.0,350.0,375.0
806.0,1772.0,359.0,1007.0,925.0,1024.0,1123.0,652.0,430.0,386.0,226.0,274.0,156.0,138.0,632.0,280.0,881.0,355.0,461.0,275.0,555.0,372.0,422.0
571.0,1585.0,348.0,882.0,804.0,939.0,1010.0,533.0,349.0,337.0,208.0,238.0,147.0,142.0,545.0,242.0,751.0,337.0,386.0,238.0,542.0,350.0,356.0
674.0,1635.0,347.0,930.0,855.0,985.0,1045.0,595.0,374.0,364.0,207.0,250.0,150.0,134.0,567.0,248.0,792.0,334.0,422.0,244.0,572.0,340.0,381.0
743.0,1652.0,365.0,1027.0,942.0,1027.0,1048.0,593.0,423.0,389.0,229.0,275.0,160.0,144.0,506.0,227.0,735.0,346.0,390.0,292.0,555.0,349.0,398.0
669.0,1690.0,342.0,868.0,797.0,1021.0,1014.0,619.0,410.0,388.0,236.0,249.0,152.0,149.0,544.0,246.0,788.0,374.0,407.0,222.0,545.0,372.0,362.0
550.0,1578.0,333.0,864.0,666.0,918.0,977.0,549.0,378.0,358.0,216.0,251.0,155.0,149.0,506.0,225.0,741.0,359.0,399.0,235.0,541.0,348.0,350.0
585.0,1713.0,322.0,786.0,780.0,963.0,949.0,580.0,372.0,348.0,196.0,234.0,147.0,134.0,582.0,248.0,822.0,384.0,426.0,204.0,554.0,345.0,340.0
626.0,1603.0,348.0,933.0,912.0,944.0,993.0,568.0,383.0,350.0,217.0,250.0,152.0,136.0,522.0,235.0,737.0,350.0,362.0,245.0,552.0,361.0,355.0
609.0,1646.0,374.0,906.0,868.0,945.0,1017.0,560.0,375.0,366.0,230.0,244.0,160.0,151.0,554.0,234.0,761.0,371.0,402.0,240.0,530.0,366.0,365.0
496.0,1557.0,334.0,825.0,671.0,855.0,929.0,503.0,360.0,330.0,193.0,229.0,141.0,144.0,520.0,224.0,711.0,344.0,353.0,229.0,549.0,343.0,330.0
604.0,1617.0,324.0,903.0,785.0,1008.0,1018.0,595.0,385.0,358.0,197.0,244.0,147.0,141.0,518.0,225.0,746.0,335.0,406.0,250.0,528.0,354.0,355.0
641.0,1580.0,346.0,961.0,827.0,990.0,1070.0,584.0,387.0,371.0,217.0,259.0,149.0,143.0,519.0,228.0,742.0,371.0,376.0,261.0,552.0,346.0,395.0
580.0,1524.0,337.0,909.0,848.0,938.0,1023.0,579.0,373.0,350.0,215.0,252.0,152.0,147.0,528.0,228.0,718.0,342.0,388.0,252.0,539.0,350.0,360.0
552.0,1653.0,332.0,838.0,753.0,935.0,983.0,540.0,351.0,340.0,200.0,244.0,147.0,134.0,569.0,245.0,753.0,388.0,406.0,215.0,526.0,358.0,362.0
713.0,1593.0,360.0,985.0,1018.0,1020.0,1086.0,624.0,394.0,352.0,202.0,256.0,153.0,144.0,543.0,248.0,764.0,324.0,400.0,265.0,550.0,353.0,391.0
671.0,1596.0,348.0,975.0,782.0,1037.0,1081.0,608.0,407.0,369.0,221.0,262.0,162.0,128.0,520.0,226.0,717.0,328.0,392.0,261.0,552.0,342.0,400.0
493.0,1545.0,316.0,807.0,680.0,902.0,925.0,538.0,353.0,340.0,208.0,248.0,142.0,142.0,507.0,222.0,715.0,331.0,365.0,215.0,530.0,339.0,337.0
967.0,1742.0,384.0,1083.0,1085.0,1145.0,1179.0,694.0,461.0,406.0,222.0,300.0,162.0,150.0,576.0,250.0,814.0,370.0,429.0,303.0,568.0,380.0,452.0
555.0,1586.0,340.0,865.0,760.0,954.0,1001.0,564.0,375.0,330.0,204.0,242.0,152.0,143.0,505.0,216.0,730.0,374.0,371.0,233.0,542.0,360.0,366.0
576.0,1640.0,332.0,865.0,741.0,944.0,992.0,527.0,373.0,353.0,215.0,251.0,151.0,150.0,537.0,240.0,745.0,378.0,391.0,230.0,530.0,353.0,348.0
501.0,1487.0,327.0,810.0,726.0,911.0,959.0,535.0,350.0,336.0,201.0,231.0,135.0,142.0,484.0,202.0,663.0,330.0,352.0,205.0,549.0,356.0,360.0
666.0,1627.0,327.0,882.0,775.0,1010.0,1000.0,631.0,440.0,380.0,224.0,248.0,146.0,156.0,512.0,231.0,747.0,399.0,401.0,246.0,546.0,370.0,367.0
829.0,1640.0,335.0,971.0,1025.0,1130.0,1015.0,695.0,490.0,418.0,235.0,263.0,153.0,131.0,510.0,235.0,765.0,329.0,400.0,259.0,560.0,349.0,389.0
658.0,1605.0,336.0,957.0,787.0,1002.0,1019.0,609.0,417.0,383.0,221.0,248.0,147.0,141.0,515.0,223.0,747.0,370.0,391.0,250.0,553.0,351.0,375.0
610.0,1613.0,374.0,877.0,756.0,979.0,1016.0,601.0,388.0,348.0,201.0,240.0,148.0,146.0,555.0,255.0,790.0,327.0,412.0,241.0,572.0,368.0,353.0
515.0,1588.0,312.0,862.0,726.0,907.0,960.0,516.0,358.0,319.0,189.0,238.0,145.0,145.0,526.0,233.0,739.0,368.0,384.0,226.0,548.0,356.0,338.0
625.0,1702.0,350.0,878.0,763.0,983.0,1023.0,588.0,382.0,360.0,208.0,255.0,148.0,135.0,570.0,247.0,807.0,374.0,425.0,235.0,554.0,355.0,388.0
710.0,1622.0,345.0,951.0,825.0,1008.0,1081.0,619.0,399.0,378.0,223.0,277.0,163.0,160.0,544.0,244.0,737.0,367.0,371.0,253.0,549.0,377.0,415.0
497.0,1703.0,328.0,799.0,719.0,905.0,982.0,487.0,345.0,315.0,188.0,235.0,147.0,152.0,592.0,267.0,801.0,376.0,394.0,205.0,554.0,387.0,329.0
630.0,1570.0,344.0,901.0,827.0,973.0,1022.0,594.0,384.0,371.0,225.0,245.0,152.0,149.0,515.0,225.0,702.0,330.0,363.0,251.0,552.0,360.0,357.0
590.0,1623.0,345.0,866.0,855.0,962.0,1016.0,586.0,377.0,323.0,195.0,258.0,152.0,154.0,532.0,246.0,788.0,344.0,414.0,240.0,545.0,360.0,359.0
457.0,1572.0,315.0,787.0,677.0,860.0,913.0,502.0,325.0,303.0,185.0,230.0,138.0,131.0,534.0,233.0,769.0,344.0,379.0,206.0,540.0,323.0,337.0
786.0,1687.0,343.0,1019.0,991.0,1084.0,1061.0,675.0,449.0,390.0,243.0,257.0,156.0,153.0,541.0,242.0,785.0,356.0,411.0,275.0,562.0,368.0,380.0
733.0,1692.0,349.0,958.0,793.0,1131.0,1088.0,655.0,392.0,366.0,205.0,248.0,150.0,160.0,585.0,242.0,759.0,384.0,399.0,258.0,550.0,386.0,407.0
622.0,1636.0,330.0,863.0,837.0,981.0,1013.0,608.0,388.0,352.0,205.0,253.0,152.0,151.0,556.0,253.0,810.0,338.0,408.0,248.0,543.0,356.0,355.0
654.0,1717.0,336.0,827.0,713.0,1044.0,981.0,628.0,395.0,362.0,199.0,255.0,154.0,151.0,571.0,255.0,838.0,369.0,418.0,223.0,545.0,367.0,353.0
680.0,1655.0,353.0,942.0,813.0,967.0,1071.0,582.0,375.0,373.0,210.0,267.0,160.0,145.0,573.0,245.0,783.0,353.0,390.0,254.0,552.0,369.0,393.0
683.0,1688.0,343.0,929.0,756.0,1040.0,1048.0,595.0,422.0,388.0,206.0,264.0,152.0,143.0,567.0,242.0,770.0,362.0,383.0,253.0,531.0,361.0,385.0
504.0,1645.0,328.0,793.0,664.0,870.0,964.0,490.0,325.0,294.0,190.0,228.0,145.0,140.0,568.0,260.0,810.0,367.0,408.0,211.0,567.0,361.0,321.0
614.0,1616.0,356.0,948.0,857.0,949.0,1015.0,553.0,355.0,330.0,198.0,242.0,150.0,136.0,515.0,226.0,755.0,348.0,403.0,263.0,517.0,358.0,398.0
530.0,1641.0,327.0,829.0,746.0,890.0,951.0,527.0,335.0,312.0,188.0,246.0,143.0,121.0,556.0,238.0,804.0,347.0,418.0,219.0,566.0,339.0,365.0
679.0,1633.0,337.0,908.0,750.0,1034.0,1035.0,653.0,413.0,376.0,210.0,258.0,150.0,147.0,559.0,254.0,778.0,342.0,417.0,241.0,556.0,358.0,362.0
644.0,1591.0,333.0,913.0,843.0,1021.0,1028.0,632.0,398.0,379.0,210.0,251.0,148.0,138.0,545.0,233.0,733.0,366.0,385.0,230.0,514.0,350.0,367.0
636.0,1673.0,357.0,820.0,749.0,967.0,1054.0,582.0,391.0,365.0,214.0,255.0,152.0,180.0,567.0,258.0,792.0,377.0,403.0,229.0,563.0,401.0,355.0
485.0,1633.0,318.0,783.0,716.0,867.0,905.0,516.0,327.0,297.0,181.0,222.0,141.0,128.0,532.0,245.0,798.0,359.0,396.0,199.0,529.0,320.0,346.0
668.0,1686.0,331.0,906.0,767.0,1023.0,1018.0,606.0,394.0,359.0,216.0,260.0,157.0,136.0,554.0,242.0,781.0,362.0,412.0,244.0,539.0,360.0,394.0
677.0,1609.0,330.0,940.0,834.0,984.0,1052.0,640.0,396.0,373.0,207.0,262.0,154.0,146.0,534.0,247.0,745.0,356.0,375.0,250.0,586.0,362.0,368.0
530.0,1567.0,327.0,836.0,734.0,938.0,991.0,556.0,367.0,323.0,193.0,245.0,157.0,147.0,548.0,250.0,736.0,374.0,368.0,213.0,515.0,351.0,352.0
647.0,1571.0,352.0,892.0,856.0,983.0,1013.0,613.0,427.0,366.0,202.0,253.0,145.0,138.0,516.0,231.0,737.0,373.0,393.0,244.0,545.0,359.0,359.0
642.0,1630.0,356.0,901.0,769.0,982.0,1020.0,611.0,390.0,366.0,214.0,260.0,155.0,140.0,527.0,227.0,747.0,342.0,393.0,247.0,530.0,347.0,381.0
639.0,1581.0,357.0,896.0,822.0,985.0,1042.0,607.0,397.0,365.0,214.0,259.0,155.0,141.0,522.0,245.0,738.0,347.0,394.0,232.0,535.0,358.0,390.0
455.0,1673.0,319.0,769.0,734.0,842.0,913.0,456.0,310.0,312.0,186.0,212.0,138.0,147.0,557.0,236.0,830.0,385.0,426.0,197.0,537.0,350.0,339.0
590.0,1647.0,349.0,937.0,712.0,934.0,1017.0,540.0,348.0,338.0,200.0,253.0,150.0,147.0,552.0,251.0,751.0,405.0,401.0,246.0,538.0,339.0,380.0
585.0,1618.0,325.0,855.0,792.0,943.0,970.0,577.0,381.0,364.0,218.0,235.0,142.0,134.0,527.0,237.0,747.0,355.0,368.0,238.0,555.0,331.0,363.0
537.0,1551.0,335.0,853.0,717.0,951.0,1001.0,578.0,351.0,318.0,192.0,239.0,142.0,132.0,508.0,223.0,703.0,340.0,366.0,220.0,539.0,354.0,378.0
631.0,1608.0,354.0,942.0,892.0,982.0,1072.0,558.0,380.0,361.0,200.0,262.0,148.0,140.0,544.0,239.0,748.0,363.0,398.0,241.0,551.0,365.0,398.0
735.0,1680.0,383.0,1002.0,958.0,1031.0,1075.0,602.0,392.0,379.0,215.0,274.0,156.0,135.0,564.0,242.0,787.0,362.0,405.0,259.0,563.0,360.0,428.0
807.0,1620.0,378.0,1011.0,971.0,1055.0,1113.0,676.0,453.0,395.0,226.0,295.0,164.0,146.0,512.0,223.0,684.0,372.0,368.0,284.0,555.0,342.0,418.0
537.0,1634.0,328.0,870.0,690.0,918.0,984.0,528.0,335.0,313.0,193.0,245.0,150.0,144.0,545.0,239.0,749.0,385.0,370.0,234.0,521.0,358.0,358.0
737.0,1662.0,385.0,979.0,1000.0,1044.0,1111.0,617.0,393.0,360.0,210.0,269.0,157.0,146.0,584.0,261.0,770.0,338.0,407.0,255.0,565.0,375.0,400.0
430.0,1428.0,309.0,780.0,635.0,857.0,921.0,508.0,333.0,312.0,185.0,230.0,141.0,124.0,466.0,202.0,638.0,363.0,334.0,224.0,508.0,319.0,334.0
627.0,1636.0,370.0,913.0,796.0,975.0,1067.0,585.0,371.0,340.0,201.0,261.0,157.0,142.0,533.0,243.0,774.0,357.0,398.0,244.0,543.0,359.0,398.0
715.0,1623.0,356.0,894.0,943.0,1019.0,1096.0,610.0,413.0,380.0,215.0,299.0,162.0,142.0,534.0,236.0,723.0,350.0,389.0,235.0,554.0,361.0,393.0
610.0,1593.0,352.0,941.0,807.0,978.0,994.0,589.0,397.0,338.0,200.0,247.0,145.0,137.0,536.0,235.0,746.0,352.0,390.0,252.0,557.0,350.0,355.0
513.0,1568.0,340.0,840.0,725.0,904.0,985.0,539.0,339.0,323.0,191.0,243.0,154.0,143.0,533.0,235.0,773.0,334.0,390.0,216.0,550.0,351.0,349.0
642.0,1634.0,353.0,952.0,821.0,1011.0,1032.0,596.0,378.0,370.0,206.0,260.0,156.0,141.0,553.0,245.0,767.0,361.0,393.0,245.0,560.0,353.0,368.0
596.0,1649.0,337.0,920.0,726.0,959.0,1004.0,572.0,386.0,344.0,206.0,249.0,148.0,144.0,546.0,242.0,775.0,335.0,410.0,255.0,542.0,357.0,384.0
715.0,1578.0,347.0,1030.0,943.0,1039.0,1127.0,647.0,402.0,350.0,212.0,245.0,152.0,145.0,564.0,230.0,769.0,323.0,406.0,285.0,548.0,365.0,398.0
626.0,1671.0,341.0,990.0,824.0,980.0,1029.0,563.0,365.0,347.0,199.0,233.0,150.0,157.0,555.0,247.0,779.0,350.0,408.0,268.0,553.0,377.0,370.0
732.0,1675.0,356.0,888.0,894.0,1124.0,1061.0,652.0,425.0,368.0,218.0,260.0,159.0,136.0,551.0,245.0,783.0,319.0,419.0,230.0,552.0,376.0,395.0
744.0,1682.0,348.0,998.0,786.0,1042.0,1107.0,645.0,433.0,387.0,215.0,262.0,148.0,139.0,552.0,238.0,778.0,354.0,435.0,264.0,516.0,353.0,397.0
619.0,1658.0,334.0,901.0,770.0,941.0,1041.0,561.0,378.0,349.0,201.0,256.0,155.0,146.0,559.0,247.0,779.0,370.0,406.0,234.0,539.0,372.0,368.0
651.0,1602.0,338.0,955.0,868.0,1001.0,1040.0,590.0,380.0,337.0,213.0,260.0,162.0,138.0,535.0,233.0,779.0,341.0,416.0,254.0,512.0,336.0,394.0
710.0,1646.0,357.0,962.0,835.0,1005.0,1055.0,642.0,412.0,375.0,206.0,259.0,157.0,136.0,551.0,232.0,757.0,363.0,395.0,265.0,566.0,363.0,394.0
716.0,1653.0,361.0,948.0,859.0,1046.0,1092.0,625.0,405.0,397.0,215.0,273.0,160.0,143.0,537.0,232.0,721.0,366.0,383.0,242.0,554.0,373.0,407.0
695.0,1604.0,352.0,961.0,887.0,993.0,1095.0,631.0,418.0,396.0,210.0,269.0,153.0,142.0,555.0,248.0,773.0,334.0,403.0,255.0,548.0,357.0,373.0
579.0,1596.0,352.0,937.0,811.0,936.0,1012.0,570.0,363.0,350.0,200.0,252.0,143.0,132.0,517.0,224.0,765.0,372.0,395.0,251.0,540.0,340.0,359.0
705.0,1643.0,339.0,892.0,795.0,1047.0,1072.0,633.0,393.0,401.0,213.0,272.0,163.0,144.0,544.0,236.0,774.0,350.0,396.0,247.0,548.0,346.0,383.0
595.0,1653.0,351.0,849.0,748.0,917.0,1049.0,573.0,364.0,342.0,197.0,263.0,150.0,159.0,562.0,255.0,784.0,353.0,408.0,225.0,541.0,382.0,373.0
476.0,1556.0,336.0,821.0,775.0,886.0,937.0,503.0,322.0,298.0,181.0,230.0,142.0,125.0,526.0,227.0,755.0,333.0,397.0,220.0,522.0,307.0,360.0
607.0,1628.0,328.0,927.0,743.0,924.0,986.0,570.0,365.0,339.0,202.0,232.0,151.0,134.0,524.0,234.0,763.0,362.0,405.0,251.0,543.0,323.0,370.0
524.0,1494.0,332.0,846.0,645.0,915.0,1013.0,563.0,360.0,342.0,198.0,258.0,145.0,137.0,521.0,235.0,738.0,304.0,380.0,215.0,549.0,364.0,365.0
729.0,1719.0,358.0,949.0,899.0,999.0,1098.0,620.0,388.0,344.0,204.0,264.0,154.0,152.0,646.0,288.0,891.0,353.0,462.0,261.0,554.0,388.0,410.0
478.0,1527.0,349.0,788.0,689.0,883.0,951.0,517.0,331.0,306.0,184.0,226.0,142.0,135.0,533.0,223.0,726.0,356.0,381.0,203.0,539.0,337.0,350.0
603.0,1643.0,336.0,901.0,688.0,938.0,970.0,575.0,385.0,375.0,208.0,247.0,153.0,144.0,533.0,238.0,783.0,386.0,407.0,253.0,542.0,348.0,377.0
521.0,1574.0,356.0,850.0,693.0,890.0,981.0,528.0,355.0,322.0,197.0,230.0,148.0,150.0,507.0,237.0,755.0,340.0,387.0,222.0,551.0,362.0,352.0
635.0,1665.0,361.0,904.0,863.0,977.0,1035.0,584.0,393.0,352.0,208.0,246.0,150.0,138.0,555.0,242.0,802.0,380.0,407.0,247.0,551.0,379.0,379.0
595.0,1640.0,340.0,913.0,755.0,921.0,1002.0,540.0,353.0,348.0,212.0,258.0,156.0,138.0,536.0,231.0,785.0,345.0,414.0,244.0,548.0,359.0,369.0
510.0,1598.0,350.0,800.0,680.0,914.0,958.0,529.0,331.0,325.0,210.0,235.0,148.0,137.0,524.0,228.0,772.0,354.0,398.0,223.0,516.0,347.0,339.0
580.0,1609.0,348.0,900.0,730.0,924.0,1056.0,561.0,370.0,350.0,214.0,255.0,154.0,147.0,539.0,233.0,770.0,350.0,401.0,231.0,549.0,365.0,384.0
537.0,1578.0,335.0,845.0,649.0,921.0,952.0,549.0,384.0,353.0,201.0,236.0,142.0,133.0,525.0,224.0,775.0,354.0,403.0,222.0,532.0,330.0,348.0
564.0,1566.0,338.0,870.0,795.0,931.0,990.0,577.0,368.0,334.0,209.0,233.0,148.0,146.0,540.0,240.0,710.0,320.0,360.0,230.0,555.0,337.0,345.0
595.0,1654.0,341.0,869.0,690.0,945.0,1010.0,600.0,393.0,342.0,206.0,249.0,154.0,170.0,539.0,240.0,775.0,375.0,403.0,217.0,531.0,386.0,352.0
603.0,1703.0,348.0,835.0,785.0,951.0,1026.0,570.0,367.0,321.0,195.0,252.0,156.0,157.0,616.0,277.0,879.0,343.0,437.0,233.0,523.0,389.0,364.0
633.0,1620.0,342.0,876.0,747.0,962.0,1034.0,615.0,388.0,393.0,217.0,263.0,155.0,168.0,550.0,236.0,764.0,370.0,380.0,228.0,535.0,380.0,368.0
778.0,1721.0,367.0,941.0,843.0,1053.0,1069.0,682.0,438.0,412.0,224.0,277.0,161.0,153.0,594.0,261.0,832.0,354.0,437.0,253.0,555.0,377.0,405.0
583.0,1683.0,343.0,778.0,692.0,946.0,948.0,547.0,391.0,343.0,215.0,255.0,158.0,132.0,577.0,260.0,832.0,362.0,416.0,223.0,545.0,338.0,350.0
691.0,1635.0,365.0,897.0,778.0,1000.0,1079.0,635.0,394.0,411.0,227.0,255.0,160.0,172.0,564.0,260.0,794.0,355.0,405.0,242.0,571.0,390.0,358.0
669.0,1671.0,342.0,846.0,776.0,975.0,1000.0,609.0,414.0,364.0,220.0,258.0,161.0,125.0,564.0,256.0,799.0,345.0,422.0,210.0,551.0,346.0,376.0
633.0,1673.0,343.0,894.0,801.0,987.0,1034.0,581.0,397.0,339.0,205.0,250.0,155.0,150.0,585.0,262.0,838.0,334.0,440.0,244.0,554.0,383.0,374.0
654.0,1691.0,341.0,901.0,885.0,972.0,1032.0,577.0,370.0,345.0,200.0,258.0,160.0,149.0,557.0,260.0,844.0,337.0,437.0,246.0,541.0,355.0,395.0
540.0,1551.0,324.0,834.0,736.0,934.0,923.0,549.0,355.0,342.0,202.0,222.0,137.0,123.0,524.0,222.0,739.0,355.0,373.0,215.0,529.0,328.0,341.0
653.0,1713.0,342.0,919.0,807.0,961.0,1035.0,587.0,375.0,360.0,213.0,263.0,155.0,154.0,596.0,270.0,838.0,363.0,423.0,235.0,557.0,363.0,356.0
521.0,1643.0,314.0,893.0,680.0,890.0,943.0,524.0,344.0,320.0,190.0,248.0,148.0,146.0,556.0,250.0,814.0,362.0,414.0,233.0,526.0,341.0,337.0
576.0,1583.0,359.0,900.0,792.0,955.0,1026.0,544.0,358.0,337.0,198.0,252.0,150.0,159.0,516.0,219.0,743.0,358.0,390.0,238.0,539.0,361.0,364.0
613.0,1588.0,356.0,904.0,815.0,977.0,1023.0,597.0,399.0,373.0,203.0,256.0,150.0,139.0,491.0,218.0,701.0,339.0,388.0,227.0,559.0,338.0,376.0
706.0,1637.0,332.0,902.0,868.0,1017.0,1015.0,636.0,432.0,368.0,215.0,260.0,154.0,129.0,596.0,256.0,803.0,353.0,419.0,252.0,543.0,313.0,394.0
608.0,1560.0,351.0,903.0,831.0,1020.0,1047.0,627.0,386.0,332.0,191.0,257.0,147.0,141.0,522.0,231.0,732.0,339.0,387.0,227.0,536.0,345.0,381.0
689.0,1657.0,352.0,871.0,794.0,976.0,1049.0,602.0,414.0,395.0,215.0,267.0,154.0,151.0,543.0,247.0,828.0,351.0,427.0,235.0,540.0,362.0,368.0
473.0,1548.0,318.0,798.0,655.0,866.0,898.0,544.0,350.0,316.0,191.0,228.0,140.0,134.0,531.0,238.0,755.0,349.0,379.0,210.0,516.0,329.0,324.0
621.0,1700.0,334.0,875.0,858.0,975.0,1002.0,584.0,382.0,357.0,209.0,240.0,165.0,158.0,577.0,244.0,828.0,402.0,423.0,220.0,547.0,363.0,379.0
489.0,1578.0,333.0,799.0,690.0,900.0,914.0,532.0,338.0,327.0,189.0,226.0,143.0,144.0,505.0,221.0,716.0,396.0,370.0,224.0,534.0,347.0,334.0
641.0,1652.0,355.0,909.0,749.0,964.0,987.0,590.0,385.0,345.0,198.0,264.0,165.0,122.0,573.0,266.0,863.0,342.0,414.0,241.0,544.0,343.0,371.0
597.0,1534.0,341.0,913.0,773.0,926.0,1007.0,565.0,366.0,348.0,209.0,263.0,152.0,139.0,537.0,236.0,730.0,320.0,377.0,248.0,539.0,349.0,372.0
620.0,1623.0,328.0,861.0,703.0,978.0,1011.0,594.0,392.0,361.0,214.0,258.0,152.0,145.0,543.0,250.0,784.0,364.0,400.0,228.0,540.0,341.0,372.0
654.0,1684.0,357.0,818.0,794.0,997.0,1002.0,618.0,385.0,352.0,202.0,242.0,148.0,160.0,588.0,267.0,869.0,339.0,441.0,215.0,557.0,382.0,369.0
480.0,1666.0,322.0,799.0,628.0,843.0,969.0,492.0,305.0,304.0,182.0,236.0,153.0,153.0,593.0,268.0,838.0,339.0,408.0,204.0,524.0,348.0,351.0
638.0,1648.0,345.0,891.0,789.0,981.0,1011.0,585.0,392.0,341.0,220.0,247.0,154.0,142.0,596.0,265.0,828.0,360.0,432.0,252.0,531.0,369.0,370.0
745.0,1682.0,355.0,909.0,923.0,1029.0,1054.0,640.0,438.0,382.0,210.0,280.0,158.0,137.0,603.0,277.0,838.0,346.0,437.0,266.0,563.0,360.0,408.0
658.0,1605.0,338.0,934.0,799.0,1007.0,1048.0,631.0,396.0,350.0,199.0,260.0,152.0,148.0,554.0,252.0,775.0,338.0,411.0,241.0,528.0,355.0,373.0
631.0,1667.0,360.0,898.0,731.0,992.0,1078.0,577.0,382.0,350.0,196.0,260.0,148.0,152.0,593.0,262.0,794.0,355.0,403.0,235.0,558.0,363.0,370.0
693.0,1652.0,338.0,962.0,929.0,990.0,1021.0,642.0,389.0,359.0,201.0,250.0,148.0,119.0,576.0,251.0,784.0,300.0,426.0,268.0,555.0,312.0,405.0
629.0,1693.0,340.0,885.0,702.0,921.0,1011.0,566.0,365.0,382.0,217.0,254.0,156.0,160.0,572.0,260.0,810.0,373.0,395.0,238.0,558.0,365.0,374.0
723.0,1631.0,372.0,1009.0,859.0,1000.0,1103.0,645.0,418.0,388.0,205.0,265.0,152.0,144.0,569.0,249.0,805.0,398.0,448.0,265.0,556.0,372.0,392.0
556.0,1583.0,347.0,825.0,699.0,928.0,977.0,570.0,388.0,370.0,217.0,248.0,147.0,153.0,517.0,230.0,736.0,383.0,370.0,208.0,555.0,367.0,336.0
508.0,1655.0,327.0,797.0,705.0,852.0,945.0,480.0,336.0,324.0,195.0,249.0,150.0,155.0,578.0,263.0,814.0,357.0,400.0,205.0,539.0,369.0,345.0
671.0,1623.0,349.0,977.0,769.0,954.0,1049.0,588.0,400.0,395.0,211.0,264.0,153.0,154.0,564.0,239.0,813.0,354.0,426.0,255.0,565.0,368.0,385.0
616.0,1571.0,327.0,903.0,720.0,978.0,997.0,597.0,395.0,382.0,218.0,247.0,149.0,136.0,502.0,217.0,715.0,361.0,379.0,225.0,536.0,342.0,349.0
613.0,1528.0,323.0,913.0,843.0,1001.0,988.0,605.0,381.0,332.0,192.0,259.0,147.0,119.0,506.0,225.0,691.0,312.0,361.0,250.0,526.0,323.0,368.0
683.0,1704.0,352.0,912.0,825.0,1025.0,1061.0,610.0,392.0,344.0,200.0,266.0,162.0,156.0,574.0,256.0,819.0,365.0,407.0,236.0,543.0,370.0,382.0
514.0,1670.0,313.0,823.0,663.0,844.0,965.0,496.0,336.0,335.0,204.0,228.0,153.0,151.0,540.0,240.0,782.0,366.0,388.0,213.0,549.0,370.0,335.0
785.0,1693.0,389.0,995.0,953.0,1060.0,1116.0,654.0,419.0,368.0,209.0,282.0,166.0,136.0,603.0,267.0,808.0,330.0,423.0,266.0,568.0,367.0,424.0
631.0,1585.0,362.0,942.0,803.0,997.0,1036.0,596.0,401.0,365.0,218.0,265.0,155.0,144.0,565.0,243.0,744.0,395.0,379.0,251.0,556.0,366.0,382.0
530.0,1659.0,335.0,822.0,741.0,874.0,970.0,507.0,327.0,318.0,194.0,232.0,147.0,148.0,576.0,258.0,866.0,322.0,439.0,209.0,536.0,343.0,343.0
523.0,1563.0,340.0,846.0,743.0,893.0,975.0,516.0,340.0,306.0,189.0,235.0,147.0,144.0,535.0,242.0,756.0,327.0,396.0,214.0,561.0,340.0,352.0
635.0,1665.0,357.0,850.0,749.0,988.0,1012.0,581.0,386.0,374.0,207.0,258.0,158.0,135.0,550.0,244.0,793.0,376.0,413.0,228.0,543.0,355.0,361.0
680.0,1650.0,349.0,1001.0,747.0,984.0,1079.0,604.0,392.0,375.0,204.0,267.0,161.0,145.0,548.0,239.0,773.0,365.0,390.0,265.0,547.0,358.0,392.0
530.0,1570.0,315.0,833.0,737.0,868.0,968.0,549.0,343.0,326.0,197.0,243.0,142.0,138.0,543.0,247.0,780.0,332.0,397.0,230.0,533.0,347.0,348.0
613.0,1635.0,353.0,891.0,755.0,976.0,1050.0,590.0,383.0,342.0,185.0,244.0,150.0,171.0,544.0,245.0,772.0,360.0,402.0,225.0,550.0,383.0,351.0
600.0,1493.0,329.0,953.0,875.0,1000.0,989.0,580.0,366.0,351.0,213.0,240.0,145.0,151.0,471.0,197.0,669.0,357.0,349.0,272.0,523.0,350.0,363.0
699.0,1637.0,375.0,1014.0,881.0,1017.0,1105.0,603.0,367.0,366.0,215.0,255.0,160.0,143.0,552.0,242.0,763.0,355.0,410.0,267.0,555.0,356.0,403.0
625.0,1652.0,357.0,871.0,714.0,930.0,1028.0,573.0,372.0,369.0,215.0,266.0,152.0,159.0,564.0,250.0,811.0,375.0,401.0,233.0,572.0,386.0,370.0
586.0,1660.0,345.0,864.0,725.0,911.0,992.0,541.0,371.0,365.0,216.0,264.0,161.0,150.0,557.0,241.0,787.0,390.0,386.0,226.0,559.0,372.0,362.0
586.0,1626.0,342.0,905.0,739.0,916.0,1046.0,546.0,343.0,333.0,192.0,256.0,151.0,152.0,544.0,242.0,782.0,343.0,385.0,242.0,565.0,363.0,376.0
483.0,1578.0,337.0,828.0,710.0,846.0,962.0,502.0,336.0,316.0,191.0,237.0,140.0,143.0,540.0,246.0,762.0,350.0,374.0,218.0,544.0,342.0,330.0
660.0,1543.0,370.0,890.0,776.0,1006.0,1073.0,632.0,425.0,376.0,209.0,267.0,154.0,150.0,531.0,240.0,703.0,317.0,388.0,245.0,547.0,368.0,374.0
613.0,1608.0,364.0,853.0,811.0,990.0,990.0,602.0,370.0,340.0,198.0,252.0,148.0,130.0,557.0,248.0,778.0,342.0,413.0,233.0,541.0,342.0,369.0
546.0,1592.0,355.0,871.0,715.0,914.0,999.0,528.0,370.0,332.0,198.0,245.0,152.0,144.0,532.0,235.0,750.0,370.0,378.0,224.0,531.0,351.0,364.0
717.0,1688.0,357.0,952.0,821.0,1035.0,1068.0,618.0,404.0,370.0,223.0,267.0,154.0,158.0,586.0,262.0,816.0,357.0,424.0,254.0,549.0,360.0,396.0
632.0,1586.0,333.0,928.0,919.0,1014.0,1056.0,603.0,363.0,342.0,197.0,255.0,157.0,128.0,539.0,242.0,757.0,331.0,393.0,244.0,531.0,353.0,380.0
678.0,1667.0,342.0,891.0,830.0,1060.0,1041.0,628.0,376.0,363.0,202.0,260.0,148.0,139.0,560.0,244.0,781.0,324.0,388.0,233.0,527.0,360.0,395.0
718.0,1682.0,351.0,929.0,821.0,1064.0,1065.0,607.0,410.0,372.0,213.0,255.0,152.0,155.0,575.0,247.0,797.0,366.0,439.0,261.0,558.0,360.0,385.0
591.0,1681.0,344.0,841.0,769.0,931.0,1019.0,545.0,377.0,315.0,202.0,244.0,154.0,152.0,569.0,249.0,792.0,398.0,413.0,212.0,540.0,366.0,387.0
631.0,1637.0,333.0,882.0,772.0,1017.0,1022.0,592.0,381.0,358.0,208.0,249.0,156.0,150.0,572.0,253.0,816.0,350.0,428.0,229.0,533.0,365.0,373.0
713.0,1590.0,358.0,949.0,897.0,1039.0,1065.0,656.0,408.0,407.0,232.0,266.0,152.0,136.0,517.0,226.0,739.0,365.0,395.0,257.0,542.0,357.0,385.0
645.0,1652.0,364.0,959.0,748.0,937.0,1085.0,556.0,364.0,358.0,211.0,260.0,148.0,150.0,586.0,255.0,811.0,355.0,415.0,265.0,540.0,364.0,394.0
680.0,1663.0,356.0,948.0,813.0,1015.0,1057.0,604.0,399.0,371.0,215.0,266.0,155.0,150.0,585.0,260.0,792.0,387.0,426.0,253.0,575.0,369.0,363.0
701.0,1595.0,361.0,1022.0,915.0,994.0,1099.0,608.0,403.0,369.0,205.0,280.0,157.0,155.0,576.0,256.0,802.0,406.0,405.0,275.0,548.0,392.0,385.0
946.0,1676.0,394.0,1129.0,1058.0,1125.0,1261.0,690.0,472.0,409.0,232.0,325.0,174.0,141.0,553.0,236.0,784.0,386.0,395.0,305.0,556.0,378.0,449.0
524.0,1496.0,326.0,864.0,735.0,937.0,980.0,556.0,354.0,339.0,192.0,253.0,141.0,145.0,482.0,225.0,711.0,328.0,365.0,242.0,534.0,347.0,360.0
628.0,1568.0,347.0,930.0,790.0,1002.0,1020.0,600.0,364.0,362.0,201.0,262.0,148.0,136.0,564.0,250.0,743.0,322.0,398.0,251.0,554.0,353.0,379.0
664.0,1718.0,344.0,894.0,725.0,1014.0,1019.0,627.0,402.0,363.0,203.0,240.0,148.0,146.0,568.0,257.0,849.0,361.0,427.0,237.0,534.0,366.0,376.0
486.0,1625.0,337.0,801.0,678.0,882.0,922.0,498.0,346.0,334.0,195.0,222.0,143.0,148.0,530.0,230.0,788.0,371.0,397.0,205.0,528.0,357.0,333.0
652.0,1671.0,350.0,910.0,805.0,1013.0,1011.0,616.0,373.0,357.0,198.0,250.0,155.0,143.0,574.0,258.0,785.0,384.0,407.0,254.0,544.0,355.0,383.0
572.0,1605.0,337.0,865.0,746.0,955.0,982.0,567.0,375.0,333.0,194.0,233.0,144.0,149.0,563.0,252.0,790.0,350.0,407.0,218.0,547.0,364.0,354.0
728.0,1695.0,384.0,993.0,847.0,1068.0,1093.0,624.0,403.0,362.0,217.0,263.0,165.0,150.0,570.0,255.0,824.0,358.0,415.0,272.0,568.0,381.0,393.0
659.0,1575.0,320.0,924.0,833.0,1029.0,1029.0,644.0,400.0,364.0,195.0,247.0,139.0,153.0,544.0,241.0,752.0,342.0,402.0,252.0,570.0,348.0,361.0
731.0,1632.0,347.0,968.0,826.0,981.0,1040.0,634.0,429.0,406.0,243.0,286.0,167.0,135.0,561.0,262.0,810.0,345.0,424.0,255.0,525.0,334.0,403.0
795.0,1664.0,384.0,1064.0,927.0,1062.0,1154.0,636.0,407.0,372.0,217.0,280.0,161.0,139.0,593.0,257.0,845.0,364.0,405.0,286.0,570.0,360.0,431.0
575.0,1568.0,326.0,952.0,818.0,919.0,1011.0,551.0,348.0,323.0,196.0,251.0,150.0,153.0,519.0,230.0,729.0,362.0,381.0,252.0,528.0,354.0,345.0
689.0,1627.0,377.0,991.0,880.0,970.0,1155.0,610.0,368.0,362.0,210.0,274.0,156.0,160.0,515.0,223.0,748.0,363.0,356.0,276.0,568.0,377.0,395.0
589.0,1532.0,340.0,867.0,830.0,976.0,1054.0,574.0,368.0,343.0,199.0,256.0,151.0,141.0,503.0,225.0,709.0,352.0,374.0,230.0,541.0,351.0,372.0
582.0,1660.0,333.0,915.0,748.0,896.0,1031.0,552.0,357.0,340.0,188.0,244.0,147.0,137.0,570.0,250.0,823.0,334.0,418.0,248.0,526.0,353.0,382.0
559.0,1546.0,341.0,920.0,874.0,931.0,1021.0,540.0,335.0,313.0,172.0,215.0,136.0,145.0,517.0,225.0,701.0,332.0,348.0,229.0,540.0,336.0,349.0
580.0,1624.0,340.0,839.0,707.0,939.0,990.0,567.0,363.0,360.0,202.0,236.0,146.0,151.0,573.0,250.0,778.0,335.0,402.0,212.0,550.0,355.0,353.0
603.0,1695.0,344.0,881.0,717.0,913.0,1008.0,539.0,373.0,364.0,208.0,248.0,158.0,159.0,568.0,244.0,817.0,375.0,402.0,243.0,533.0,361.0,368.0
630.0,1764.0,353.0,925.0,748.0,932.0,1057.0,554.0,356.0,354.0,211.0,262.0,164.0,158.0,570.0,250.0,851.0,391.0,429.0,244.0,552.0,390.0,380.0
625.0,1646.0,349.0,921.0,795.0,950.0,1048.0,575.0,384.0,340.0,187.0,257.0,155.0,155.0,590.0,271.0,842.0,362.0,418.0,252.0,557.0,379.0,372.0
680.0,1669.0,339.0,900.0,758.0,1011.0,1022.0,618.0,419.0,406.0,205.0,260.0,150.0,146.0,592.0,256.0,793.0,375.0,410.0,233.0,565.0,355.0,384.0
549.0,1690.0,339.0,863.0,755.0,883.0,1033.0,498.0,349.0,318.0,202.0,250.0,158.0,154.0,587.0,272.0,832.0,355.0,428.0,225.0,563.0,375.0,360.0
659.0,1610.0,342.0,949.0,817.0,1005.0,1007.0,587.0,409.0,356.0,205.0,264.0,156.0,138.0,524.0,228.0,730.0,382.0,363.0,256.0,545.0,360.0,378.0
676.0,1650.0,359.0,994.0,852.0,991.0,1038.0,603.0,387.0,362.0,209.0,273.0,156.0,132.0,534.0,229.0,756.0,381.0,397.0,263.0,550.0,348.0,385.0
795.0,1648.0,355.0,1052.0,905.0,1100.0,1118.0,699.0,420.0,370.0,196.0,254.0,156.0,171.0,584.0,254.0,808.0,350.0,420.0,289.0,568.0,398.0,385.0
728.0,1683.0,380.0,960.0,831.0,1011.0,1064.0,618.0,415.0,387.0,225.0,285.0,164.0,141.0,552.0,240.0,772.0,372.0,406.0,252.0,562.0,349.0,410.0
752.0,1721.0,372.0,958.0,802.0,991.0,1078.0,637.0,412.0,403.0,228.0,263.0,153.0,154.0,603.0,262.0,861.0,351.0,440.0,272.0,560.0,387.0,390.0
467.0,1559.0,315.0,814.0,682.0,884.0,923.0,501.0,315.0,306.0,187.0,220.0,146.0,136.0,528.0,233.0,734.0,347.0,373.0,212.0,529.0,310.0,332.0
554.0,1597.0,349.0,855.0,752.0,944.0,1000.0,544.0,370.0,336.0,217.0,250.0,150.0,152.0,512.0,224.0,738.0,372.0,378.0,222.0,532.0,362.0,367.0
615.0,1758.0,348.0,855.0,718.0,886.0,1024.0,517.0,355.0,354.0,214.0,256.0,159.0,145.0,620.0,274.0,888.0,384.0,467.0,230.0,541.0,377.0,367.0
525.0,1576.0,333.0,829.0,688.0,885.0,985.0,503.0,341.0,353.0,194.0,270.0,153.0,150.0,549.0,255.0,759.0,365.0,391.0,225.0,533.0,368.0,365.0
559.0,1636.0,344.0,873.0,702.0,888.0,1002.0,530.0,350.0,333.0,193.0,250.0,162.0,128.0,543.0,235.0,787.0,375.0,403.0,227.0,526.0,342.0,389.0
596.0,1578.0,342.0,925.0,884.0,970.0,1013.0,578.0,359.0,343.0,195.0,238.0,138.0,139.0,545.0,233.0,742.0,337.0,402.0,252.0,539.0,350.0,352.0
774.0,1736.0,360.0,978.0,903.0,1077.0,1131.0,651.0,417.0,352.0,210.0,250.0,155.0,144.0,603.0,273.0,873.0,334.0,456.0,261.0,564.0,370.0,400.0
632.0,1620.0,367.0,1000.0,821.0,951.0,1027.0,557.0,314.0,295.0,183.0,251.0,150.0,149.0,591.0,256.0,788.0,367.0,398.0,278.0,564.0,369.0,392.0
593.0,1658.0,362.0,860.0,745.0,942.0,996.0,562.0,361.0,358.0,210.0,245.0,152.0,140.0,548.0,240.0,790.0,370.0,400.0,224.0,542.0,363.0,367.0
566.0,1625.0,350.0,923.0,713.0,888.0,1032.0,509.0,336.0,342.0,194.0,254.0,149.0,145.0,574.0,257.0,805.0,336.0,402.0,246.0,543.0,356.0,369.0
605.0,1613.0,336.0,873.0,743.0,983.0,1036.0,584.0,393.0,359.0,200.0,240.0,148.0,143.0,539.0,236.0,781.0,363.0,392.0,241.0,544.0,366.0,355.0
761.0,1658.0,368.0,935.0,918.0,1047.0,1105.0,657.0,419.0,413.0,225.0,287.0,158.0,135.0,568.0,253.0,800.0,342.0,436.0,247.0,560.0,357.0,400.0
664.0,1675.0,348.0,883.0,715.0,966.0,1051.0,593.0,376.0,378.0,212.0,257.0,150.0,148.0,569.0,255.0,812.0,349.0,421.0,238.0,565.0,377.0,374.0
541.0,1538.0,344.0,843.0,758.0,900.0,987.0,543.0,351.0,330.0,194.0,255.0,152.0,140.0,556.0,245.0,755.0,310.0,383.0,233.0,545.0,338.0,364.0
640.0,1645.0,352.0,910.0,855.0,965.0,996.0,601.0,411.0,355.0,212.0,268.0,158.0,136.0,591.0,263.0,803.0,366.0,419.0,238.0,542.0,345.0,377.0
596.0,1628.0,328.0,920.0,805.0,987.0,995.0,583.0,350.0,318.0,194.0,245.0,148.0,134.0,530.0,227.0,753.0,357.0,410.0,245.0,523.0,340.0,370.0
662.0,1718.0,357.0,902.0,774.0,1012.0,1040.0,592.0,380.0,334.0,203.0,224.0,154.0,150.0,621.0,270.0,843.0,372.0,436.0,237.0,560.0,374.0,350.0
656.0,1630.0,338.0,877.0,743.0,1027.0,1026.0,620.0,397.0,357.0,208.0,277.0,157.0,151.0,579.0,263.0,792.0,330.0,396.0,242.0,544.0,364.0,383.0
636.0,1586.0,343.0,944.0,758.0,989.0,1044.0,625.0,398.0,344.0,195.0,262.0,150.0,142.0,545.0,244.0,753.0,297.0,389.0,255.0,543.0,341.0,390.0
674.0,1663.0,346.0,891.0,818.0,1005.0,1054.0,610.0,400.0,372.0,220.0,262.0,159.0,163.0,591.0,252.0,802.0,341.0,418.0,225.0,549.0,391.0,372.0
560.0,1555.0,326.0,890.0,705.0,960.0,990.0,575.0,367.0,335.0,197.0,247.0,156.0,133.0,525.0,237.0,753.0,324.0,377.0,225.0,553.0,334.0,353.0
491.0,1593.0,327.0,826.0,660.0,887.0,935.0,518.0,342.0,297.0,198.0,228.0,145.0,149.0,553.0,234.0,778.0,375.0,404.0,216.0,519.0,343.0,330.0
618.0,1588.0,357.0,905.0,735.0,955.0,1051.0,581.0,369.0,318.0,200.0,267.0,152.0,149.0,548.0,250.0,780.0,332.0,357.0,230.0,541.0,360.0,382.0
825.0,1724.0,373.0,1079.0,1001.0,1111.0,1172.0,682.0,403.0,372.0,220.0,280.0,166.0,156.0,601.0,266.0,814.0,354.0,444.0,300.0,559.0,377.0,403.0
739.0,1637.0,373.0,988.0,914.0,1054.0,1169.0,651.0,402.0,344.0,215.0,270.0,161.0,158.0,574.0,240.0,781.0,335.0,405.0,245.0,543.0,384.0,411.0
574.0,1655.0,338.0,855.0,729.0,952.0,996.0,557.0,373.0,365.0,206.0,242.0,148.0,145.0,548.0,233.0,749.0,353.0,390.0,225.0,531.0,345.0,352.0
750.0,1606.0,367.0,1039.0,851.0,1065.0,1077.0,683.0,435.0,388.0,222.0,279.0,162.0,133.0,552.0,246.0,743.0,358.0,387.0,295.0,536.0,321.0,399.0
600.0,1587.0,351.0,910.0,752.0,952.0,1029.0,572.0,383.0,355.0,193.0,254.0,149.0,146.0,581.0,256.0,766.0,340.0,388.0,231.0,572.0,336.0,373.0
681.0,1640.0,346.0,942.0,812.0,1000.0,1052.0,607.0,388.0,354.0,209.0,260.0,165.0,135.0,543.0,246.0,785.0,338.0,397.0,262.0,553.0,367.0,390.0
946.0,1750.0,364.0,1043.0,1015.0,1189.0,1129.0,738.0,476.0,419.0,248.0,307.0,172.0,140.0,578.0,267.0,853.0,350.0,453.0,295.0,597.0,377.0,414.0
640.0,1661.0,360.0,837.0,778.0,1009.0,1040.0,591.0,384.0,370.0,220.0,269.0,160.0,146.0,555.0,230.0,756.0,365.0,370.0,220.0,532.0,380.0,389.0
704.0,1656.0,333.0,952.0,772.0,1012.0,1058.0,610.0,413.0,385.0,210.0,261.0,155.0,157.0,533.0,231.0,771.0,382.0,362.0,266.0,568.0,360.0,385.0
640.0,1600.0,350.0,877.0,733.0,1030.0,1007.0,623.0,401.0,375.0,206.0,260.0,155.0,143.0,551.0,251.0,772.0,332.0,414.0,244.0,537.0,346.0,382.0
543.0,1608.0,330.0,863.0,708.0,925.0,1032.0,535.0,354.0,325.0,193.0,240.0,142.0,151.0,540.0,244.0,736.0,382.0,374.0,225.0,536.0,351.0,358.0
538.0,1554.0,344.0,858.0,708.0,940.0,967.0,541.0,363.0,353.0,205.0,235.0,151.0,144.0,519.0,228.0,711.0,358.0,367.0,232.0,525.0,358.0,370.0
688.0,1585.0,350.0,933.0,855.0,984.0,1052.0,638.0,425.0,370.0,215.0,275.0,154.0,135.0,556.0,250.0,759.0,335.0,401.0,257.0,545.0,338.0,388.0
547.0,1706.0,347.0,838.0,697.0,879.0,1027.0,503.0,336.0,334.0,203.0,231.0,155.0,152.0,610.0,265.0,851.0,366.0,416.0,221.0,538.0,384.0,339.0
655.0,1589.0,338.0,965.0,861.0,993.0,1045.0,612.0,384.0,347.0,215.0,262.0,155.0,146.0,526.0,222.0,723.0,385.0,389.0,262.0,544.0,355.0,392.0
789.0,1641.0,390.0,963.0,929.0,1096.0,1126.0,687.0,423.0,368.0,203.0,271.0,156.0,130.0,596.0,260.0,798.0,339.0,393.0,270.0,565.0,366.0,419.0
506.0,1662.0,328.0,806.0,665.0,870.0,934.0,516.0,337.0,303.0,197.0,238.0,148.0,153.0,557.0,250.0,822.0,355.0,423.0,208.0,551.0,370.0,343.0
694.0,1696.0,348.0,935.0,728.0,983.0,1035.0,611.0,396.0,383.0,216.0,280.0,158.0,148.0,593.0,273.0,832.0,371.0,423.0,243.0,588.0,373.0,378.0
531.0,1585.0,328.0,828.0,738.0,892.0,943.0,522.0,351.0,303.0,190.0,245.0,144.0,142.0,502.0,222.0,732.0,344.0,374.0,225.0,533.0,342.0,369.0
525.0,1604.0,323.0,808.0,746.0,923.0,981.0,543.0,358.0,335.0,206.0,237.0,146.0,157.0,534.0,232.0,766.0,351.0,402.0,208.0,546.0,362.0,358.0
570.0,1534.0,352.0,882.0,698.0,967.0,1041.0,581.0,343.0,335.0,195.0,245.0,144.0,140.0,527.0,233.0,718.0,334.0,374.0,238.0,538.0,360.0,368.0
558.0,1621.0,338.0,838.0,788.0,942.0,1009.0,556.0,354.0,338.0,192.0,242.0,141.0,148.0,543.0,234.0,766.0,324.0,393.0,226.0,543.0,352.0,345.0
695.0,1675.0,344.0,966.0,853.0,1024.0,1072.0,628.0,383.0,330.0,195.0,248.0,152.0,120.0,578.0,247.0,790.0,358.0,421.0,264.0,537.0,340.0,414.0
593.0,1592.0,323.0,893.0,853.0,938.0,1034.0,575.0,368.0,345.0,195.0,247.0,148.0,134.0,533.0,238.0,790.0,325.0,402.0,234.0,526.0,329.0,388.0
535.0,1682.0,349.0,818.0,733.0,896.0,969.0,511.0,332.0,314.0,182.0,224.0,146.0,142.0,573.0,253.0,809.0,382.0,405.0,221.0,549.0,355.0,372.0
645.0,1590.0,350.0,906.0,797.0,994.0,1054.0,615.0,431.0,360.0,202.0,263.0,153.0,151.0,564.0,252.0,742.0,333.0,391.0,230.0,560.0,366.0,373.0
622.0,1568.0,360.0,900.0,831.0,1017.0,1040.0,586.0,386.0,333.0,195.0,257.0,150.0,144.0,539.0,230.0,753.0,319.0,391.0,250.0,554.0,361.0,379.0
582.0,1621.0,340.0,836.0,807.0,958.0,984.0,564.0,377.0,358.0,207.0,250.0,150.0,154.0,589.0,258.0,812.0,314.0,420.0,220.0,524.0,369.0,353.0
642.0,1548.0,342.0,880.0,785.0,1028.0,1015.0,650.0,415.0,382.0,203.0,250.0,148.0,155.0,530.0,236.0,739.0,323.0,370.0,236.0,531.0,358.0,354.0
846.0,1811.0,385.0,955.0,881.0,1077.0,1082.0,669.0,435.0,414.0,234.0,278.0,168.0,135.0,577.0,247.0,853.0,407.0,460.0,252.0,571.0,381.0,416.0
65.7,156.0,36.8,92.2,85.0,101.1,106.2,62.2,40.4,36.0,20.4,26.5,15.2,14.8,51.3,23.5,75.9,40.6,39.7,24.5,54.8,37.3,12.214817518248177
53.4,166.5,34.5,83.9,70.8,89.3,101.4,52.4,33.4,35.0,20.7,24.7,15.5,14.2,57.5,25.9,83.5,42.2,40.9,20.6,53.5,37.2,10.92950191570881
66.3,171.1,36.9,87.4,72.7,98.7,104.9,57.7,40.1,38.4,23.3,26.2,16.2,16.4,56.8,25.8,82.1,41.9,41.3,22.3,58.8,39.7,10.506271777003482
78.2,166.0,38.6,100.8,92.3,101.2,112.1,67.9,40.2,37.2,21.4,30.9,17.3,15.7,53.6,25.0,80.4,45.1,38.8,28.5,59.3,38.4,14.689070631970258
88.6,157.2,35.8,108.9,116.3,128.1,115.1,76.6,47.9,43.3,21.4,26.0,15.2,15.6,55.9,24.2,72.6,45.2,35.9,29.0,52.2,37.8,15.281704918032789
83.7,170.7,37.9,103.1,96.8,108.5,109.4,67.4,42.3,39.6,22.8,29.7,15.9,13.6,59.2,27.1,86.4,46.6,42.7,30.1,57.0,35.6,13.457263157894738
73.2,164.4,36.5,98.8,96.4,104.9,107.2,65.0,37.4,37.3,22.3,26.7,15.4,14.1,52.5,23.8,77.8,45.6,41.1,27.1,58.2,35.8,15.10431654676259
76.0,167.1,38.6,96.8,91.4,109.5,106.6,67.5,39.1,37.3,20.5,28.0,15.5,13.6,57.4,25.0,80.3,44.5,40.2,25.0,55.1,36.5,12.906666666666666
54.5,152.1,34.0,83.1,75.5,96.5,99.4,59.2,34.0,34.5,19.3,24.6,14.3,14.4,52.7,23.0,75.3,38.7,36.1,21.4,56.2,35.5,11.267796610169492
68.4,159.0,36.2,101.0,94.4,104.5,98.5,60.4,38.6,36.7,20.8,25.3,15.1,12.5,49.0,23.3,75.0,44.5,39.1,27.3,52.8,32.3,13.801027397260276
99.0,170.7,42.2,106.5,93.5,124.8,117.4,74.0,46.0,45.3,24.5,32.9,18.0,16.1,57.3,27.0,81.0,42.7,41.3,29.4,61.4,40.6,14.056565656565656
74.2,166.8,40.5,103.4,94.2,101.4,111.0,60.0,37.8,35.8,22.0,26.7,16.0,14.6,60.0,27.2,82.2,43.2,42.5,25.9,59.8,38.7,13.605263157894736
78.1,165.4,38.6,106.3,99.5,104.9,114.5,62.3,38.6,37.5,20.6,27.7,15.9,14.0,57.0,24.2,78.1,43.0,40.0,27.9,54.0,38.4,13.911744966442953
71.8,166.6,39.2,93.7,84.8,101.2,115.1,60.6,38.5,37.3,22.0,28.6,16.7,16.6,56.5,25.4,80.1,43.0,40.2,24.0,55.3,41.8,12.535972696245732
70.9,159.9,37.9,98.9,92.9,100.0,111.6,63.9,37.7,37.5,19.4,27.7,15.0,14.2,54.8,24.9,77.2,46.4,38.2,26.7,58.6,36.5,14.128571428571428
67.2,167.3,36.9,94.0,83.5,100.7,101.3,61.9,38.8,36.2,22.3,25.8,16.2,13.3,54.0,24.6,78.6,46.2,38.8,24.6,57.2,36.7,11.211636363636362
62.0,164.7,37.0,83.5,77.2,96.9,105.5,56.4,37.7,37.7,21.8,26.4,16.2,14.9,53.8,24.5,76.5,45.8,38.5,21.4,56.8,37.1,10.824074074074073
59.5,167.8,33.9,89.7,80.5,94.1,96.7,56.9,36.9,33.8,19.7,25.0,14.9,13.2,54.0,24.5,83.3,42.8,40.3,24.6,56.8,36.5,12.200574712643675
74.1,167.9,36.4,97.9,86.8,101.1,112.8,64.7,40.3,38.2,21.1,27.6,15.5,14.8,59.3,26.4,83.5,41.1,40.9,25.1,59.2,39.3,13.22972972972973
60.5,161.5,36.1,85.3,79.2,102.1,101.1,61.5,39.0,37.9,20.9,24.8,15.0,14.1,51.7,23.2,73.3,43.5,37.8,20.6,53.2,35.9,11.404925925925925
80.0,151.7,38.2,109.0,113.7,110.7,111.9,69.5,38.6,41.3,21.7,29.0,16.0,13.3,50.0,22.5,66.4,47.8,33.4,30.9,56.0,34.2,15.35909090909091
74.7,167.4,37.2,94.1,88.1,105.0,109.5,67.7,42.7,40.6,21.8,27.2,15.5,15.4,58.5,26.5,83.9,42.6,41.5,24.1,55.4,38.8,12.78710801393728
49.1,162.3,33.8,85.7,70.2,86.7,91.9,49.2,32.9,32.6,20.1,24.6,14.6,13.2,54.7,23.6,77.0,42.5,39.3,20.9,53.6,33.0,11.23934426229508
70.3,166.8,36.8,97.3,95.4,103.8,106.4,61.4,37.5,35.3,21.2,26.7,15.2,14.2,53.0,24.1,80.0,46.8,40.5,25.7,57.2,37.2,12.1625
71.5,164.4,36.0,97.5,79.6,98.1,106.6,60.3,40.2,39.6,21.3,28.5,15.1,14.3,58.4,27.0,83.1,43.7,38.1,26.8,57.6,38.3,13.60054347826087
70.8,157.9,38.4,102.6,100.0,106.9,108.7,63.0,35.7,34.4,19.5,26.7,15.8,15.6,53.2,23.9,77.4,44.2,37.0,26.6,56.2,37.0,15.250408163265304
48.8,144.6,33.4,83.2,74.2,91.7,95.4,52.9,37.7,34.3,20.5,24.5,14.5,12.8,41.0,16.9,61.0,40.0,30.8,20.3,54.4,33.8,11.541654135338346
69.1,162.0,35.8,92.1,91.2,99.7,101.7,64.3,42.5,40.0,23.1,25.3,15.5,14.6,53.5,24.5,77.4,45.0,37.1,23.6,55.0,37.3,12.135529411764704
73.0,168.4,36.0,103.2,91.3,104.2,107.7,63.9,41.5,37.1,21.5,26.7,16.0,14.7,55.2,25.0,82.2,42.0,39.7,25.6,54.7,38.6,11.995324675324676
61.0,161.9,37.5,90.4,82.1,96.0,102.1,56.5,36.9,35.3,20.7,26.6,15.4,14.2,56.9,25.0,80.2,41.3,40.6,23.1,52.5,37.0,11.755437262357416
65.8,159.2,36.6,95.1,93.0,105.6,104.2,61.1,37.8,36.8,21.3,24.5,15.3,14.0,53.2,24.4,75.5,39.9,37.1,23.7,54.5,36.3,12.993516483516483
70.9,165.5,36.2,95.0,90.1,103.5,101.0,62.5,40.2,34.9,21.7,26.6,16.0,11.8,53.3,23.1,78.9,45.6,39.5,24.9,55.0,32.9,13.536630036630038
72.8,172.3,37.0,96.5,93.5,103.4,105.2,60.1,39.9,37.0,23.4,25.6,16.0,14.5,56.4,25.8,83.9,43.4,42.5,25.5,57.3,37.0,13.149823943661971
84.6,167.7,38.8,111.5,107.7,115.4,113.0,70.2,40.9,37.8,20.7,28.0,15.0,14.6,55.2,24.3,80.9,48.1,37.2,29.5,56.4,37.0,15.22121710526316
94.5,165.4,39.1,117.0,111.2,118.4,111.5,73.5,47.6,41.6,23.0,27.7,15.6,13.3,53.5,23.6,76.4,48.5,37.0,32.3,57.7,34.8,15.45
62.7,163.4,34.1,89.5,81.2,99.1,103.9,62.1,38.6,34.8,20.7,26.1,14.7,14.4,56.9,25.4,80.1,41.2,40.1,23.1,53.8,36.5,12.641058394160584
57.8,168.3,35.3,94.4,86.9,93.3,102.0,54.6,32.9,32.5,19.1,23.9,14.1,15.0,60.7,27.4,88.2,41.5,44.0,23.6,55.3,35.6,12.66764705882353
52.4,155.2,36.8,83.3,71.2,90.0,98.2,54.1,34.0,32.0,18.8,25.1,14.8,14.0,53.7,24.5,76.2,43.7,38.1,20.0,57.7,33.4,12.047520661157026
73.2,161.7,37.8,102.5,105.7,105.2,109.8,61.6,37.8,38.5,22.6,25.4,15.9,13.1,53.5,23.6,79.2,46.9,38.7,26.7,53.3,36.0,13.746655518394649
79.1,158.8,39.4,98.2,96.4,108.6,105.0,72.7,44.1,42.1,24.0,30.2,16.9,11.7,48.7,22.3,73.1,44.7,36.2,26.8,55.0,34.7,13.654817518248176
89.4,164.1,39.1,106.0,113.4,117.5,113.3,72.0,44.5,40.3,23.3,30.8,16.6,14.9,51.3,23.1,74.4,51.7,39.0,30.2,58.2,37.3,14.283687943262413
68.9,168.5,35.5,99.1,86.9,97.9,103.6,58.0,37.9,38.0,22.1,25.2,15.4,13.8,54.9,25.4,81.2,44.4,39.0,26.6,55.9,36.8,12.808843537414967
75.8,165.6,38.3,99.4,94.2,102.1,106.1,63.7,44.0,41.8,24.2,29.1,16.1,14.5,52.2,23.5,77.5,47.2,37.6,28.0,55.3,37.1,12.553851851851851
73.1,160.3,39.4,107.1,101.9,104.1,109.2,61.4,40.4,38.9,21.6,28.4,16.5,14.3,52.5,23.9,74.6,47.9,34.0,29.0,56.0,36.0,13.698837209302326
74.8,160.8,36.9,94.5,86.5,113.6,107.1,68.6,43.4,39.3,21.4,28.4,16.0,14.4,52.9,24.0,74.3,43.2,37.5,23.2,55.5,37.5,12.67846975088968
80.6,166.4,41.6,109.4,97.5,104.6,112.2,64.5,40.5,39.3,21.8,29.0,16.2,14.9,53.3,24.4,79.5,43.1,35.0,30.3,56.5,39.5,16.523958333333333
71.4,161.9,37.0,93.2,81.4,103.0,110.8,65.2,42.3,41.0,21.2,27.7,16.1,15.8,56.4,24.3,80.7,39.8,38.4,23.8,55.7,39.1,12.547420494699647
71.2,162.0,37.7,101.3,94.7,105.3,112.1,64.6,38.1,35.9,20.0,26.7,15.8,17.2,57.0,26.0,80.8,45.0,42.1,25.2,56.5,40.3,13.896750902527078
65.7,172.0,37.3,91.0,79.4,100.9,103.2,59.8,39.5,36.2,21.7,26.7,16.0,14.9,58.5,26.6,86.9,42.2,42.2,23.0,56.0,37.9,13.284671532846716
47.7,158.2,35.0,79.3,67.9,88.0,95.4,49.3,36.1,33.0,19.9,24.6,14.9,13.2,50.7,22.5,77.4,41.3,37.7,18.9,54.1,34.0,11.114015151515153
69.6,172.0,35.7,95.4,89.0,105.0,108.4,63.7,38.6,36.7,21.5,24.8,15.2,15.2,58.0,24.6,82.3,47.0,40.6,26.7,56.8,37.9,12.884280442804428
119.6,172.0,40.2,116.1,133.4,130.6,114.6,87.0,53.5,48.2,23.8,31.1,16.7,15.7,54.4,24.7,80.4,53.2,40.1,30.0,58.0,34.9,15.616006389776356
88.7,170.1,38.5,113.5,107.6,116.0,113.0,67.4,41.4,40.4,24.2,28.8,16.5,13.6,60.4,25.4,83.7,45.1,41.6,30.3,55.3,37.6,15.047903225806454
75.4,162.7,37.5,109.5,100.7,107.5,108.2,61.4,39.4,36.8,21.1,27.2,15.4,13.9,51.7,23.2,73.7,47.6,37.1,29.6,56.5,35.5,14.252950819672131
67.8,153.6,35.4,101.4,89.7,104.4,109.2,62.3,36.1,38.8,21.8,26.8,15.6,15.7,49.5,22.3,69.4,44.2,35.4,25.9,55.7,37.3,14.844123711340206
60.7,154.6,35.0,94.6,83.2,100.6,107.7,59.8,36.7,35.6,22.0,24.3,14.8,16.0,50.5,22.6,72.3,41.1,33.3,23.8,55.5,38.2,12.162857142857144
57.2,165.4,33.8,81.4,76.6,98.1,97.0,58.3,37.6,35.9,21.3,23.7,14.5,15.1,54.6,25.2,80.3,40.6,41.5,20.8,55.2,35.6,10.8109375
68.9,160.5,35.4,94.0,87.8,102.8,109.6,64.5,41.0,39.4,22.1,26.8,14.7,15.4,53.0,23.8,77.4,43.8,38.3,24.2,58.0,38.1,13.146376811594203
71.2,163.0,36.3,98.8,94.3,105.5,107.2,64.9,39.5,39.5,21.7,27.1,15.2,13.8,56.0,23.8,79.4,42.7,40.3,27.6,54.5,35.6,14.0089552238806
60.4,161.2,36.5,90.4,82.5,97.9,102.4,59.3,38.6,36.3,20.9,25.2,15.0,14.2,53.2,22.8,76.6,41.9,36.9,22.7,57.0,37.1,12.669442379182154
69.7,175.7,35.6,87.6,81.2,98.5,103.8,62.6,39.4,35.5,19.5,26.6,15.5,14.4,60.5,27.4,93.4,43.0,44.8,22.3,55.5,36.7,11.690977443609022
85.4,167.0,37.6,109.0,106.2,116.7,110.5,71.7,39.7,36.0,20.5,27.7,15.2,14.3,58.5,27.0,82.5,45.0,41.6,28.7,57.4,36.8,15.005666666666666
61.7,163.2,35.1,94.3,91.4,105.1,92.6,61.0,36.2,31.6,19.3,23.7,14.2,14.3,52.1,23.4,77.0,42.8,36.3,25.7,56.5,35.3,12.164349442379182
79.0,163.5,39.2,113.2,98.7,106.6,110.5,64.9,41.7,40.9,23.3,28.4,16.5,14.3,54.6,23.9,76.7,42.2,39.8,29.6,54.8,38.8,13.968589743589742
67.2,168.2,37.9,97.7,86.8,100.7,105.0,61.5,39.4,36.0,19.8,25.1,15.2,15.7,55.0,24.8,77.4,43.5,37.4,25.9,55.3,38.5,13.972536764705882
69.5,166.1,36.8,97.7,83.9,105.0,102.1,62.0,40.3,37.2,23.5,26.6,15.5,13.8,56.0,24.4,77.7,39.3,40.8,24.5,57.3,36.0,13.846690647482015
66.9,159.6,36.2,100.6,81.4,97.4,103.5,61.4,41.3,37.6,21.4,27.0,15.6,13.8,54.2,23.8,75.4,40.1,37.1,26.2,56.3,34.9,12.30334494773519
57.4,159.6,33.9,93.6,80.4,98.9,103.3,57.3,35.0,32.6,19.5,24.5,14.6,15.1,51.9,23.6,75.8,41.0,38.3,24.8,55.4,38.5,13.27418181818182
81.5,166.5,39.4,106.5,92.5,108.8,115.4,69.3,41.8,41.2,23.0,30.2,16.4,15.5,57.5,25.4,77.5,43.0,38.5,26.4,56.1,39.4,13.824519230769232
61.8,161.7,34.2,89.0,80.5,99.3,102.1,60.8,37.4,37.8,21.6,24.9,14.9,17.2,53.5,24.1,77.6,41.3,38.2,23.0,55.2,37.4,11.69810606060606
64.5,155.5,35.7,90.0,81.1,104.2,105.7,63.9,40.9,39.4,22.4,26.0,14.9,15.0,53.5,24.8,77.1,36.1,37.9,24.6,55.4,35.9,13.117408906882591
55.7,157.8,33.8,86.2,75.7,96.9,95.4,57.3,38.9,36.3,20.7,25.1,14.5,14.0,50.0,21.3,72.9,41.9,36.0,21.4,53.7,34.1,11.77284046692607
61.4,158.1,34.9,89.6,83.9,96.7,99.0,59.5,39.0,36.7,22.2,23.8,14.9,14.1,53.4,23.7,71.8,45.2,36.9,23.8,56.4,36.0,12.070641509433964
66.8,169.8,36.4,94.3,82.1,105.1,103.7,62.6,38.0,36.2,20.8,25.2,15.0,15.7,55.7,25.1,76.2,44.0,41.2,23.9,54.5,38.0,12.8125
73.0,155.4,37.7,109.2,100.1,102.8,108.4,63.5,41.6,37.6,21.5,28.0,15.5,14.2,51.1,22.7,70.5,43.9,38.3,28.9,54.9,36.0,12.96521739130435
73.7,175.6,37.2,92.0,86.0,104.5,104.6,63.2,41.0,40.5,22.3,27.2,15.0,14.4,57.3,26.2,83.5,44.5,42.5,24.1,57.5,38.7,12.766666666666666
69.3,156.6,40.3,107.1,92.2,101.6,109.4,61.3,39.2,35.4,19.7,26.2,15.2,13.3,52.0,23.7,71.4,43.4,35.5,29.7,56.0,35.4,14.134285714285712
75.7,165.1,37.5,100.1,101.2,105.7,105.5,67.7,44.3,39.3,20.8,27.9,15.3,14.4,56.2,26.4,81.6,44.6,40.1,26.0,59.9,37.2,12.606450511945392
74.0,158.5,37.6,112.6,98.1,104.9,112.0,63.2,41.0,37.7,20.0,28.9,15.3,14.9,51.9,23.1,72.3,42.7,36.9,28.1,55.0,37.9,14.774267515923563
68.2,165.7,36.0,98.2,87.0,103.0,102.5,61.3,39.5,36.7,21.2,26.3,16.1,14.1,55.7,24.8,80.8,40.4,40.7,26.7,56.4,36.6,13.152418772563175
86.7,171.9,37.9,106.9,93.1,120.0,115.5,68.6,41.1,39.9,23.7,27.4,16.7,17.1,58.9,26.1,80.8,40.8,37.4,27.5,58.0,41.0,13.019871794871795
88.2,182.2,39.2,106.1,89.5,116.5,113.7,69.4,41.4,41.6,24.3,29.5,16.4,17.3,59.9,27.2,88.8,44.8,45.8,27.0,56.5,41.6,14.517174603174604
78.6,164.9,37.4,103.1,92.5,114.1,108.2,72.4,41.6,36.2,20.6,28.3,15.3,13.8,58.0,26.2,78.5,42.0,39.4,25.8,54.5,38.0,14.862956204379564
62.2,168.7,34.7,92.4,75.1,98.5,107.7,58.4,37.3,36.2,22.3,25.0,15.9,15.8,54.9,24.5,77.3,39.9,40.7,25.7,55.0,36.4,13.214943396226412
78.2,169.8,39.0,99.9,101.9,111.5,107.2,66.7,40.6,38.7,21.2,27.5,15.4,14.8,56.3,25.4,82.8,47.6,40.7,26.6,55.2,38.2,13.58071174377224
60.8,153.0,35.0,86.5,78.4,106.0,97.4,64.6,41.1,36.4,19.5,28.2,14.5,12.9,52.7,24.2,73.3,38.5,36.6,23.5,57.5,33.7,12.43669527896996
67.4,158.1,37.2,99.8,91.7,102.3,106.7,61.6,40.0,36.8,22.8,27.2,15.2,12.8,51.2,22.8,71.2,40.6,36.1,27.0,53.8,35.9,13.217658862876254
68.6,160.9,36.7,93.0,86.5,103.2,108.4,64.7,41.5,39.1,21.2,27.4,15.5,15.6,55.5,26.0,77.3,41.2,37.5,24.4,56.0,37.0,13.485
67.0,164.4,38.8,93.4,84.7,101.5,103.9,59.7,40.2,36.8,21.3,26.6,15.8,14.5,56.7,26.8,79.8,42.2,41.8,24.4,55.2,37.6,11.76021897810219
63.5,154.8,34.3,85.6,78.5,101.1,101.0,64.4,44.0,39.3,24.5,27.4,15.4,15.5,53.5,25.3,76.0,39.7,38.2,21.3,55.3,36.8,11.920330578512395
77.3,160.6,38.8,97.9,100.4,108.4,106.2,68.2,42.3,41.8,23.7,28.7,16.0,13.3,53.3,23.7,73.2,47.6,38.6,27.0,57.4,36.1,15.046887159533076
55.5,164.2,33.7,85.2,75.9,94.5,98.2,54.3,36.6,35.4,19.6,25.5,15.2,13.4,55.7,24.8,76.3,42.5,42.4,21.6,53.6,36.1,11.251603053435115
72.7,162.2,38.0,101.4,95.5,110.4,104.8,64.9,40.0,37.1,21.7,27.6,15.5,15.3,53.4,23.9,71.4,42.1,40.3,25.2,54.0,36.0,13.332222222222224
59.3,166.9,37.7,84.1,69.4,94.7,103.0,59.2,37.3,37.5,21.3,24.7,15.1,15.1,57.1,25.4,79.4,42.5,40.9,22.4,58.5,36.6,12.21965811965812
99.8,174.5,40.1,105.7,106.8,120.5,114.2,79.1,51.3,45.3,24.0,29.4,16.7,16.3,60.2,27.3,84.5,44.5,41.5,29.7,55.0,40.4,13.762281879194628
58.1,149.5,35.4,98.6,94.8,99.9,101.5,59.3,36.7,33.0,19.0,24.6,14.4,13.6,48.9,22.6,68.3,42.8,35.7,27.1,53.0,35.6,13.110942028985509
64.2,149.3,36.7,95.1,91.2,104.5,103.0,62.4,40.0,37.0,20.7,26.5,14.7,14.5,49.0,22.4,69.1,40.4,34.1,26.6,53.1,35.0,15.145555555555555
75.8,164.1,39.0,106.8,98.9,102.7,110.8,61.2,39.2,39.4,23.3,27.5,16.0,14.7,54.1,24.2,79.0,41.5,39.4,28.2,55.6,37.3,13.835454545454544
68.3,160.7,37.5,94.5,88.7,105.1,103.1,64.8,43.0,39.0,22.5,26.3,15.4,14.0,53.2,23.9,72.1,44.6,35.6,23.8,54.0,37.9,12.870967741935482
47.1,156.0,34.6,82.6,69.8,87.1,94.5,50.8,32.2,32.0,20.3,23.7,14.5,13.2,51.2,23.5,72.9,41.2,39.0,20.0,54.3,35.0,11.809477911646583
66.5,162.5,36.0,97.8,82.2,97.5,104.5,61.9,38.2,37.0,22.0,26.1,15.4,13.7,53.6,24.7,76.4,42.9,37.4,24.5,55.0,35.4,12.88581081081081
68.5,167.0,36.3,97.8,88.5,102.7,104.7,63.9,38.2,36.4,19.6,23.8,14.7,14.6,55.5,24.1,76.6,47.1,41.8,24.8,55.2,37.3,13.857879858657244
57.9,161.6,35.3,87.0,76.4,94.7,101.4,54.1,36.5,35.4,22.0,25.6,15.6,14.7,52.0,23.5,75.0,40.9,37.9,22.7,55.8,37.2,12.061363636363636
64.7,158.2,37.4,108.0,94.3,96.6,108.0,53.0,34.8,35.2,21.0,26.1,15.7,13.7,51.1,22.6,72.5,39.9,36.5,28.6,54.9,37.7,14.304635761589404
59.1,173.0,35.7,92.1,80.9,95.1,103.6,54.2,36.0,32.5,19.7,24.4,14.6,17.0,59.3,27.4,84.7,43.4,43.3,24.1,57.3,40.1,11.427222222222222
45.0,150.1,32.6,84.6,73.9,87.4,95.5,49.7,33.0,30.4,18.7,22.5,13.6,14.5,47.9,21.2,70.9,38.3,35.6,22.5,52.1,35.5,12.65415254237288
57.2,151.5,34.4,95.9,82.6,96.0,99.0,54.6,37.2,36.1,21.0,27.4,15.5,12.8,48.0,21.3,67.4,43.7,35.1,24.7,53.2,33.9,13.50501872659176
72.1,157.6,38.7,102.2,96.2,103.0,111.8,63.2,39.6,38.3,22.2,28.5,16.0,15.1,53.8,23.3,73.8,42.4,36.8,27.2,56.6,38.7,14.486936026936029
67.6,162.8,35.3,87.8,84.9,102.9,101.3,64.5,41.7,36.4,20.2,25.9,15.2,15.8,54.1,24.5,79.0,43.0,41.9,24.4,58.8,37.4,11.811190476190475
71.1,158.6,35.9,102.9,95.1,104.8,106.7,61.4,37.7,36.5,20.7,25.9,15.2,14.3,51.5,22.4,71.6,42.1,36.8,27.7,58.0,36.1,14.759014598540144
79.1,173.7,38.2,93.6,88.9,108.3,105.3,66.7,42.6,43.8,26.0,28.3,16.3,16.5,54.9,24.2,82.9,45.3,39.7,23.9,57.7,39.8,12.304719101123595
53.6,157.6,32.8,83.4,79.0,97.4,97.2,56.0,36.4,35.3,22.0,23.8,15.2,13.6,50.5,23.3,73.4,40.4,37.1,20.6,54.6,34.8,11.570513833992097
63.9,162.6,36.0,93.1,81.1,96.6,103.8,59.6,38.6,37.8,20.7,25.7,15.2,13.6,54.8,25.9,79.0,40.7,39.8,24.5,54.9,36.9,13.275370370370371
62.8,160.4,38.8,98.1,83.1,99.1,108.2,58.2,37.3,34.8,19.0,24.7,14.3,15.3,52.9,24.1,78.2,40.5,37.8,27.0,57.2,38.0,14.262765957446808
78.8,167.3,36.9,103.7,95.8,106.9,106.9,62.1,42.2,42.3,22.8,25.3,15.3,14.6,54.7,24.7,78.4,44.5,40.4,27.8,57.5,36.7,14.18505016722408
59.8,164.2,35.9,98.1,76.1,95.5,97.0,57.0,38.0,35.8,22.7,25.1,14.9,12.5,53.8,23.6,77.4,41.9,38.6,24.4,55.2,35.3,12.425999999999998
75.2,153.8,37.6,105.2,107.0,107.9,110.7,67.5,40.6,39.6,21.4,27.3,15.4,13.5,50.9,23.2,72.4,45.5,36.8,27.8,58.3,37.7,13.9786301369863
68.6,157.4,39.1,102.8,92.3,100.5,107.9,60.5,36.2,36.0,20.9,27.6,15.1,13.7,52.7,24.5,73.3,45.3,39.2,25.6,56.0,36.7,13.637441077441077
66.8,163.7,37.6,94.6,94.9,105.5,99.9,60.5,39.3,36.0,20.3,27.7,15.3,14.0,54.7,24.6,77.8,46.0,40.4,25.1,56.0,35.3,12.447368421052634
61.3,162.0,35.6,93.0,85.8,97.6,104.6,58.9,35.1,35.7,20.3,26.0,15.0,14.8,53.8,24.1,75.3,43.7,40.8,24.2,55.2,36.1,11.928260869565218
74.2,173.3,35.1,93.7,85.9,104.1,106.0,60.0,39.7,39.3,24.3,26.6,16.5,14.7,57.2,26.7,82.4,43.5,41.0,24.6,57.6,38.0,12.768274647887324
52.2,152.6,34.8,81.0,72.1,87.6,97.9,53.1,36.5,34.8,21.4,26.0,15.2,13.6,50.6,23.1,71.4,41.5,35.2,21.5,57.8,35.2,11.060240963855422
76.7,173.2,40.4,99.1,90.8,106.9,105.3,65.6,42.2,39.0,21.3,29.0,15.7,13.8,57.5,25.9,82.0,44.7,41.0,27.5,57.3,37.1,13.405527272727271
66.1,162.4,39.1,98.5,88.0,103.0,107.8,58.6,35.7,34.5,20.4,24.7,15.3,15.2,56.3,25.3,75.5,41.4,35.2,26.5,56.0,37.8,13.85677966101695
50.5,150.7,35.2,84.4,75.9,90.2,95.2,54.2,34.8,34.2,19.3,26.5,15.0,13.5,48.1,21.5,69.4,38.6,40.0,21.3,52.8,34.2,11.90520325203252
63.7,156.0,38.2,96.5,91.9,103.3,98.3,61.8,38.0,37.3,21.1,26.0,14.6,12.9,51.2,23.4,73.2,42.0,35.9,25.6,54.3,34.7,12.11456834532374
66.6,164.0,36.5,98.5,90.8,98.0,104.3,60.7,36.4,37.3,21.6,27.7,15.2,13.9,54.1,24.6,80.6,42.2,41.8,25.4,59.8,36.9,14.410185185185185
61.0,167.5,35.5,86.2,73.1,96.5,101.1,57.2,37.6,36.2,22.1,26.2,15.4,15.8,55.6,25.8,80.6,42.7,38.7,21.7,56.6,36.5,11.21598455598456
58.1,152.6,35.2,86.3,82.0,97.5,98.9,59.7,39.3,36.2,22.0,24.5,15.3,13.1,51.5,23.2,69.6,37.7,37.0,22.6,55.0,35.0,10.96593984962406
60.9,162.3,36.1,87.0,82.1,93.2,101.7,60.1,39.4,36.3,21.2,26.1,15.1,15.4,54.3,24.4,77.0,44.5,39.6,21.0,57.5,37.0,11.711538461538462
57.5,158.4,33.7,81.5,74.0,105.4,97.1,63.4,37.8,37.2,20.1,25.0,13.9,13.9,51.2,23.2,73.8,38.9,35.1,19.9,56.8,35.4,11.505882352941178
79.7,167.1,38.3,105.7,102.4,110.0,106.6,66.4,41.6,39.8,22.4,27.6,15.8,15.2,55.4,24.1,76.8,44.9,38.4,29.7,56.3,38.4,14.598426573426574
74.5,155.2,37.1,113.7,93.2,109.0,104.4,66.5,40.7,36.9,20.4,27.6,15.8,13.1,51.4,22.0,69.9,43.3,39.0,31.7,54.2,33.8,17.349777777777778
61.4,163.3,36.8,87.4,82.7,98.1,97.7,58.3,40.2,36.8,20.8,26.2,15.1,12.7,53.1,24.3,73.8,41.6,38.7,23.2,56.7,35.9,11.462846153846154
67.7,153.0,36.0,100.4,89.6,106.1,104.2,63.4,39.7,38.4,21.7,26.0,15.9,13.4,49.2,23.0,71.5,36.7,37.0,28.2,56.5,35.6,11.19568345323741
50.8,160.6,32.9,84.4,73.8,96.8,95.6,54.9,37.7,32.0,20.5,22.1,14.2,15.3,53.1,24.5,75.4,42.0,39.4,21.2,55.2,37.2,11.892727272727273
63.3,161.7,37.0,95.0,83.2,103.3,100.7,61.2,39.3,35.3,21.8,25.4,14.8,13.3,52.6,24.5,76.3,42.6,36.2,25.0,55.0,35.7,14.1751968503937
71.1,164.5,37.5,101.3,85.1,104.2,105.9,65.7,40.0,39.3,24.0,26.3,15.8,14.4,52.3,24.1,74.8,43.5,38.9,28.4,56.3,36.4,13.279964664310953
72.7,168.1,36.4,96.0,85.9,104.9,107.2,65.8,41.3,39.1,22.0,26.5,15.8,14.5,55.5,26.9,80.8,40.8,42.7,24.5,62.0,38.7,12.778156996587033
67.9,165.5,35.9,99.2,90.6,105.0,98.7,57.8,37.7,37.1,22.1,26.1,16.2,14.6,54.2,24.6,78.2,43.7,41.4,26.5,54.3,36.4,12.877283018867924
83.3,162.6,39.3,106.9,102.8,113.6,107.5,70.2,44.3,40.6,23.0,29.0,15.9,14.2,54.2,24.2,76.3,45.7,36.2,28.7,60.0,36.5,14.676101694915252
62.2,163.5,36.7,83.8,78.6,99.0,99.8,59.7,41.4,38.0,23.5,24.0,15.2,13.4,53.6,24.4,80.0,38.1,39.2,21.3,57.5,35.0,12.826530612244898
61.6,157.2,37.9,96.2,85.3,96.6,103.8,59.4,36.5,33.8,20.1,28.1,15.2,13.3,53.2,24.5,73.7,42.2,36.8,23.9,58.3,35.9,13.846969696969698
57.3,160.8,35.5,89.9,74.5,95.0,100.4,57.0,37.0,36.2,22.4,24.3,15.5,14.0,55.3,24.1,74.2,40.0,37.3,24.0,56.0,37.2,12.2525
50.7,166.2,34.9,82.8,73.7,92.5,95.3,52.7,35.4,32.4,21.1,24.4,14.2,13.4,54.0,23.9,79.5,41.2,38.6,19.9,53.4,35.6,11.296744186046514
61.1,158.2,36.6,94.0,80.2,99.8,102.7,59.4,39.0,35.5,21.0,24.9,15.4,14.4,52.0,24.1,74.5,40.6,39.7,24.6,59.6,38.8,13.642801556420231
86.6,170.1,39.6,115.6,104.5,111.4,121.3,69.0,41.2,35.6,22.0,27.9,16.2,17.3,55.6,26.8,85.2,45.4,39.5,29.8,58.1,40.5,17.132899022801304
52.3,160.2,34.9,88.6,76.3,92.5,97.6,52.5,34.1,31.6,19.1,23.3,14.4,14.3,53.5,24.1,74.2,44.2,36.4,22.1,53.8,36.6,12.701640625
67.6,154.9,38.5,99.1,95.5,109.0,105.4,63.5,37.4,35.0,20.0,25.8,15.6,14.0,52.7,24.4,70.5,45.5,35.6,27.9,57.3,36.9,14.218695652173912
54.9,156.1,34.1,89.9,71.9,92.0,97.4,57.0,35.1,33.3,18.8,25.8,15.3,13.6,53.5,25.2,75.5,39.2,36.3,22.9,55.5,33.5,11.687
57.1,167.7,34.6,88.9,74.6,93.5,101.0,54.6,36.3,33.8,19.8,25.4,15.3,14.5,59.0,27.7,82.5,37.9,39.3,22.2,58.4,36.9,11.610074626865671
64.4,159.4,36.0,90.7,87.4,103.5,101.4,64.2,41.3,37.7,21.7,26.9,15.2,13.8,51.7,24.3,75.4,44.0,40.7,22.9,54.4,35.1,12.17568093385214
64.9,162.8,37.0,94.0,77.2,101.8,102.5,63.4,37.4,35.7,21.6,26.4,15.0,12.9,51.1,22.7,75.6,39.0,37.1,24.1,54.0,34.9,13.63358778625954
59.2,154.9,36.9,94.9,80.2,97.2,99.7,56.9,36.7,36.4,21.3,24.5,14.6,13.4,53.5,22.5,72.5,42.8,36.1,23.2,56.0,34.8,13.595602836879433
56.3,155.9,35.0,86.6,71.9,97.4,97.9,56.5,37.6,36.5,22.3,25.0,15.1,14.7,51.8,22.3,70.7,39.1,35.2,23.7,55.0,36.2,14.384406779661017
58.0,161.9,37.2,90.7,86.2,95.5,100.1,53.2,36.0,33.3,20.0,24.6,15.2,14.7,52.7,22.8,73.4,45.9,38.2,24.2,57.0,36.6,12.8087786259542
81.0,169.0,41.4,98.3,104.4,108.8,104.7,66.1,43.3,38.5,21.3,29.0,15.4,13.3,57.8,26.2,80.0,49.7,39.8,27.7,56.1,37.1,14.053828125
64.9,169.8,35.9,89.5,81.7,100.1,100.8,59.6,40.0,40.5,23.1,25.6,14.7,14.8,57.4,26.0,80.5,45.5,41.2,21.6,54.3,37.7,12.130036630036631
65.4,170.5,37.2,89.2,81.7,99.7,102.8,57.8,37.8,35.0,22.0,27.0,16.7,15.0,58.0,25.8,79.8,42.6,40.7,23.4,57.7,37.0,13.765432098765434
57.0,162.5,34.9,87.5,81.6,95.5,96.1,57.6,36.4,33.6,21.7,24.0,14.5,13.0,56.0,25.1,79.5,40.2,41.7,23.0,54.3,33.8,13.619246861924688
80.5,166.6,37.9,101.2,93.9,113.9,105.8,69.7,40.4,38.3,22.6,26.5,15.3,13.9,53.5,24.1,77.1,40.6,37.3,27.2,56.2,37.1,13.399303135888502
67.1,155.9,35.5,102.6,86.3,103.5,99.8,64.1,41.3,39.3,22.1,26.5,14.4,13.2,49.8,21.8,73.2,39.6,37.0,27.1,53.1,34.2,14.231612903225804
67.3,159.5,35.7,97.7,91.5,106.4,100.3,64.7,38.9,36.4,21.0,24.6,14.5,14.4,54.5,24.0,74.5,43.4,38.4,25.5,55.5,36.1,12.368014981273408
55.0,163.4,34.0,81.2,76.4,93.2,101.0,56.2,34.4,33.8,18.7,23.0,14.0,14.3,52.0,23.5,79.9,40.1,40.3,19.8,55.0,37.0,11.867692307692309
70.8,164.3,35.8,91.3,89.9,106.8,104.9,68.4,40.4,37.4,20.5,24.9,15.0,13.5,57.0,26.3,81.4,42.7,39.3,22.4,57.5,36.4,14.40665399239544
53.8,166.7,34.5,94.3,78.2,93.3,95.6,53.9,33.3,31.1,19.5,23.4,14.7,13.0,55.5,24.8,78.2,41.8,36.1,25.8,54.8,35.2,12.573333333333332
77.1,166.1,36.8,103.2,89.7,105.1,112.2,66.9,40.5,40.8,23.1,29.5,16.3,14.9,57.5,26.6,78.3,44.5,40.5,27.1,58.7,38.2,16.200882352941175
60.2,156.0,34.9,87.8,81.7,100.8,96.8,60.8,39.5,35.4,20.1,25.5,15.0,13.3,54.6,24.9,77.6,41.2,37.8,22.6,54.8,35.0,12.848780487804875
71.9,161.0,37.0,97.1,90.0,106.2,108.9,66.9,41.7,38.1,19.8,26.6,15.4,15.8,57.6,26.7,74.6,42.2,37.8,24.3,57.2,40.0,13.007735849056605
61.7,161.0,38.4,90.6,83.0,100.9,99.8,62.7,39.0,35.0,20.5,25.0,15.2,14.3,50.6,23.6,76.6,41.4,39.9,22.7,55.4,36.3,13.127755102040815
76.1,168.2,38.3,102.4,94.7,106.2,110.7,64.5,42.9,41.6,22.2,29.6,16.3,16.4,56.8,25.8,78.1,43.0,39.6,27.0,53.6,40.3,13.884745762711864
73.9,160.4,39.9,102.8,95.8,105.0,109.4,63.8,38.3,34.7,19.6,27.1,15.7,15.2,54.8,24.4,75.4,46.0,39.8,27.7,56.7,38.5,15.292862190812722
56.0,154.0,33.9,88.1,76.7,98.1,97.3,56.1,37.7,35.3,20.2,27.1,14.0,14.5,49.2,22.4,72.1,40.8,33.3,22.9,54.1,34.7,11.931653543307087
64.7,163.8,35.2,91.9,77.7,94.8,99.0,60.2,40.3,40.1,21.8,25.6,15.2,14.3,54.0,23.7,79.5,41.1,38.3,24.4,54.4,36.3,11.758858267716535
72.4,165.6,36.7,91.8,89.6,108.1,103.7,67.8,42.2,40.0,23.7,27.2,15.9,15.3,51.9,23.7,74.0,44.5,39.7,23.8,54.7,37.4,13.065168539325844
70.8,159.7,41.6,111.8,96.8,99.2,110.7,59.7,38.1,37.1,20.7,27.2,15.3,13.8,50.9,23.4,77.1,41.6,37.5,29.9,52.8,37.4,16.176848874598072
95.3,174.9,41.2,113.0,99.7,110.1,115.4,68.8,48.6,41.7,25.4,32.3,17.9,15.8,59.3,28.2,88.0,47.0,43.5,29.7,55.8,40.5,14.75690789473684
74.8,166.1,38.1,100.2,87.9,105.8,105.6,66.3,42.2,39.3,21.0,28.8,16.2,13.9,56.7,25.1,77.5,42.7,41.1,24.8,59.0,36.3,14.510444444444444
70.0,152.6,34.8,103.9,100.0,103.0,103.2,68.2,38.3,37.3,19.9,28.0,15.3,13.3,54.1,23.6,74.9,40.0,37.4,27.1,54.2,34.9,14.02286713286713
65.5,158.3,33.8,93.4,93.1,107.8,98.7,62.3,38.4,36.5,21.6,25.2,15.3,14.5,52.7,23.7,73.3,43.7,37.6,23.4,54.4,36.3,12.419856630824372
49.9,153.3,34.8,84.4,74.8,91.6,92.9,52.7,37.4,33.0,19.2,23.0,14.2,13.6,50.0,23.6,72.2,41.0,33.6,20.6,58.5,34.6,11.95075630252101
55.3,157.5,33.8,82.1,73.4,94.0,98.0,58.2,36.2,34.7,19.7,26.0,14.9,14.9,53.7,24.6,77.3,39.3,38.9,21.3,53.7,36.5,11.22591836734694
92.4,177.6,41.1,107.2,102.1,117.1,111.6,72.5,42.6,39.8,23.1,29.2,16.5,15.2,56.8,25.6,82.5,45.1,41.2,27.3,57.2,39.5,13.551698113207546
71.6,171.3,37.4,108.4,87.4,101.6,107.1,60.2,37.4,37.2,22.0,26.7,15.2,14.8,58.5,25.4,80.6,41.7,41.9,28.5,53.3,38.6,14.061678321678324
67.6,165.3,36.8,91.8,80.3,99.2,103.6,62.0,42.7,38.4,21.8,27.1,15.9,15.4,52.0,25.7,74.8,47.1,38.9,23.8,59.8,38.8,12.943448275862067
64.1,151.6,36.4,103.2,93.5,101.7,104.0,59.2,36.2,34.2,20.1,27.0,15.4,13.1,50.1,22.1,70.9,41.2,35.0,26.4,52.3,34.3,14.682061855670105
66.6,165.8,38.1,97.1,81.0,98.3,107.2,60.6,40.5,37.4,23.3,27.4,16.2,15.9,57.3,26.0,82.0,41.3,39.3,25.0,59.5,39.3,15.21110266159696
66.3,161.7,38.5,102.2,88.2,102.1,102.9,60.7,39.2,36.9,22.3,27.1,15.3,13.5,50.9,23.2,74.9,43.5,36.8,26.6,55.3,35.4,13.70072463768116
76.3,168.7,39.0,98.7,92.0,108.4,100.2,69.9,41.7,39.4,22.6,27.8,16.2,13.5,57.3,26.4,82.9,46.2,40.3,25.2,55.6,36.2,10.998
71.7,160.3,37.7,103.6,108.5,109.9,102.5,67.5,39.3,32.8,21.5,26.0,14.1,15.0,55.7,25.9,77.9,46.0,37.3,27.0,54.2,36.8,14.794393939393938
64.3,153.9,35.9,99.0,92.3,100.3,99.5,59.9,39.6,34.8,20.6,25.8,15.2,13.2,51.0,22.9,69.2,41.9,35.7,27.0,54.5,34.4,13.175999999999998
59.1,160.3,36.6,96.5,84.0,97.3,102.7,57.7,37.2,35.1,20.3,25.1,15.1,14.5,53.4,23.3,75.6,39.9,39.9,25.5,56.3,37.2,14.072916666666666
52.9,162.0,35.0,81.7,78.3,92.0,97.6,55.0,36.0,33.3,20.3,24.4,15.1,14.0,53.5,24.2,75.8,44.4,40.1,21.0,54.6,35.9,11.50336
69.4,161.7,38.0,99.3,92.4,107.6,101.7,64.2,39.2,36.7,22.1,26.8,15.1,14.0,54.5,24.5,76.5,41.8,38.6,25.7,55.7,37.6,12.952173913043476
69.9,160.0,35.9,103.1,97.2,104.0,102.9,64.8,39.0,34.9,21.3,25.3,15.5,14.6,51.2,23.6,73.8,42.2,37.7,27.0,53.3,36.6,12.744833948339483
59.2,157.2,35.4,87.7,77.4,98.1,102.7,56.6,39.1,37.1,21.4,25.6,15.4,15.4,53.0,24.2,76.9,39.4,34.5,22.7,55.1,36.9,12.19887218045113
54.0,163.2,34.8,81.8,70.8,92.6,97.7,57.0,36.4,36.5,20.6,24.0,15.6,14.4,51.5,23.2,77.4,42.2,39.2,19.7,56.3,35.7,10.87420634920635
70.1,169.0,37.8,94.5,87.9,109.2,103.9,68.5,40.7,37.0,21.4,26.3,16.0,14.3,56.1,24.3,78.0,42.4,39.3,25.3,55.2,37.7,13.550943396226415
68.1,168.2,37.9,91.6,83.0,101.0,106.6,63.8,38.5,37.8,22.5,26.0,15.7,14.5,56.2,25.8,77.6,41.1,37.7,23.0,59.1,38.8,13.688150943396227
86.4,165.7,37.2,105.0,98.0,115.0,109.8,71.1,46.0,44.4,25.6,30.8,17.0,14.4,56.6,24.4,78.0,41.7,38.6,28.5,54.2,37.2,15.698019801980198
67.2,167.2,34.6,88.1,88.3,101.0,107.8,63.8,38.0,35.5,20.4,24.7,15.1,14.7,55.4,24.4,80.8,43.6,38.9,22.2,55.7,38.9,11.264214285714283
55.9,162.1,35.0,91.2,75.4,93.3,100.6,55.2,35.5,35.2,19.8,23.9,14.2,14.1,50.5,23.0,74.5,39.7,37.8,24.5,56.0,37.5,11.35007299270073
56.6,162.3,34.5,85.4,76.7,95.6,94.2,54.0,36.6,35.0,19.6,23.4,14.7,13.3,50.5,22.6,73.6,43.3,38.6,22.6,56.5,35.0,10.508203125
58.5,163.3,35.4,88.7,86.8,95.8,99.6,53.8,35.8,33.6,22.0,23.8,15.4,14.0,52.6,23.7,76.7,42.2,36.3,22.4,56.7,37.5,11.71509433962264
62.8,152.6,35.0,100.5,93.8,97.9,104.7,62.1,37.3,36.2,19.4,27.5,15.4,14.9,50.5,23.6,72.7,43.3,37.0,26.3,55.7,35.9,14.779411764705884
46.7,157.0,35.2,82.5,68.2,83.6,91.7,49.9,32.9,35.0,21.0,23.7,14.0,12.9,51.2,23.2,75.3,39.3,36.3,21.5,55.6,34.5,11.0
59.9,161.6,33.0,87.4,76.2,97.8,99.7,57.2,38.7,36.9,22.4,26.8,15.2,14.3,53.7,25.1,77.6,38.3,37.8,20.7,55.7,35.5,12.309859154929578
64.2,169.0,37.3,97.2,80.2,102.0,104.7,59.8,37.0,35.5,20.8,24.4,15.4,13.8,55.7,25.2,80.5,40.6,39.0,26.2,56.5,37.7,13.092985074626863
81.3,163.7,38.1,102.6,106.0,114.4,105.7,69.7,43.8,42.1,23.5,28.1,15.4,13.5,54.4,24.6,74.8,47.0,36.5,27.2,57.5,36.7,12.927600000000002
71.9,171.8,35.5,97.9,92.2,106.0,102.1,62.5,39.9,34.8,21.1,26.6,15.8,14.4,58.3,27.5,83.3,41.7,41.9,25.6,58.0,35.3,13.07824427480916
54.8,158.8,35.0,87.3,78.3,97.4,94.7,62.0,37.6,35.4,22.3,23.9,14.5,13.9,52.1,23.3,73.2,42.1,35.3,22.9,54.6,35.6,12.123036437246965
48.5,152.0,32.3,84.4,70.7,87.7,97.7,52.1,35.7,32.0,19.0,23.1,14.5,14.9,48.7,21.3,70.0,37.4,35.7,20.9,52.1,35.4,11.454285714285716
65.8,161.8,36.5,92.1,79.5,106.1,104.1,62.8,40.5,35.7,21.3,25.0,15.6,15.7,55.2,25.8,78.5,38.8,38.7,24.2,59.0,37.9,14.0717843866171
75.3,163.1,39.8,100.0,86.2,105.9,108.2,67.9,44.6,40.6,23.3,28.4,15.8,14.4,54.8,25.3,76.0,42.8,40.5,25.2,56.6,38.4,13.835125448028672
63.6,164.2,36.2,93.8,92.9,97.4,102.6,60.7,36.6,36.0,20.9,24.6,15.1,13.1,55.9,25.6,80.7,42.5,38.0,23.5,57.3,35.6,12.985
75.2,171.9,38.8,95.2,85.8,105.6,110.5,66.1,39.3,37.6,20.7,28.2,15.9,15.1,59.3,27.4,85.9,41.2,43.1,25.5,59.2,39.8,12.578772563176894
75.5,171.5,37.9,93.1,78.4,106.7,110.0,66.4,43.8,39.8,23.6,28.1,16.5,15.7,58.3,28.0,85.3,41.0,42.9,24.4,62.0,40.4,14.134615384615389
46.9,165.3,34.6,81.4,63.2,83.2,97.6,47.8,33.5,29.4,19.0,22.6,14.4,16.0,55.2,26.2,84.0,39.6,40.8,19.8,55.9,38.3,12.142166666666666
53.7,159.0,36.4,91.3,80.9,95.1,96.5,54.1,35.6,32.2,19.3,24.3,14.4,12.3,52.9,23.9,75.1,40.8,36.8,23.3,55.4,33.9,12.788713235294116
75.8,175.1,37.5,95.0,91.2,107.1,107.1,64.9,38.9,38.7,22.2,28.0,16.9,14.7,60.1,27.3,85.0,45.0,40.5,24.5,54.8,38.6,12.666666666666666
67.9,158.3,38.1,95.0,94.1,107.9,104.0,66.3,38.2,35.6,20.1,25.5,15.0,13.4,56.6,25.8,78.0,41.0,36.4,24.1,60.5,34.8,13.09848484848485
68.4,162.7,37.4,91.5,85.4,105.5,103.8,68.2,39.3,37.2,20.0,26.6,15.1,14.2,56.5,26.1,78.5,40.6,39.4,23.9,54.3,34.5,13.591004184100418
67.7,158.6,37.6,92.3,88.5,100.4,112.1,62.6,40.1,37.2,22.5,28.1,16.3,15.8,54.0,25.2,76.8,38.5,39.8,24.2,57.3,39.8,13.878442028985509
61.7,167.5,35.2,90.9,78.3,95.7,99.2,56.7,37.5,35.2,21.0,25.5,15.8,13.5,54.2,24.3,76.3,42.3,39.2,22.8,56.0,34.0,12.932926829268292
71.7,160.6,38.7,98.6,92.7,104.5,104.2,62.6,39.6,37.5,21.0,24.6,15.6,13.3,50.0,22.9,71.6,44.0,37.8,26.6,55.1,35.8,14.230183150183148
64.2,168.0,37.8,87.0,78.5,99.1,105.2,62.6,39.3,36.3,21.3,26.8,15.0,14.5,55.9,25.1,83.1,41.8,39.3,22.5,59.8,38.3,12.254474708171209
74.0,177.3,37.9,94.2,85.8,103.1,104.2,62.4,40.9,38.7,22.7,26.3,16.2,13.8,61.6,28.6,87.1,43.6,45.2,26.0,57.0,37.3,12.15483870967742
79.2,168.0,37.6,110.5,95.8,101.5,116.4,62.5,39.5,35.8,23.1,28.7,17.2,14.9,56.5,27.1,83.6,42.6,40.6,30.1,58.2,37.8,16.48135593220339
58.1,164.5,37.5,83.8,70.7,94.6,99.6,58.5,36.6,34.7,21.7,24.7,14.9,14.8,55.8,25.8,78.7,40.1,39.3,21.5,60.0,37.9,11.16188524590164
72.7,155.8,40.0,108.6,100.4,103.7,107.7,63.0,40.5,38.0,23.3,27.2,16.1,14.3,51.2,23.8,70.4,40.8,34.6,29.3,56.8,37.8,15.21903114186851
70.4,166.5,38.1,98.5,90.5,105.5,100.2,63.5,39.7,38.3,22.7,26.6,15.7,11.7,54.5,24.0,78.5,43.4,37.5,25.6,55.0,34.0,11.631740614334472
65.3,160.1,35.5,96.0,98.9,100.2,100.7,61.5,38.1,36.9,20.9,27.0,14.7,13.2,54.1,24.1,78.9,41.4,35.8,24.2,53.7,35.6,13.7910447761194
72.5,165.8,37.9,96.4,90.6,106.6,106.8,66.4,42.0,38.9,21.4,26.4,15.4,14.8,57.3,24.9,77.5,43.2,41.2,25.7,53.7,38.5,14.58732075471698
72.1,162.3,37.7,101.5,85.4,106.5,106.5,65.3,40.2,39.4,23.0,28.1,15.3,14.1,52.6,23.9,74.4,40.2,37.1,26.7,55.7,37.6,12.284870848708488
56.1,166.1,36.0,86.2,73.8,93.2,97.3,54.4,34.6,33.3,21.4,23.9,15.1,14.0,54.5,24.4,77.8,42.3,40.3,23.9,55.8,36.1,13.62516129032258
58.3,156.3,35.0,86.1,78.4,91.9,101.5,57.3,37.5,37.0,21.4,26.1,15.7,13.5,51.0,23.4,73.7,39.0,36.5,20.9,54.6,36.0,12.021509433962262
67.7,163.0,37.6,92.7,87.1,98.9,104.4,61.5,38.9,38.8,22.4,27.1,16.0,13.7,55.2,25.6,76.1,43.0,36.6,24.5,56.4,37.0,12.843549618320612
57.6,152.8,36.1,90.6,81.1,96.5,99.7,59.5,33.4,32.4,19.9,24.2,14.6,12.5,50.5,23.4,69.4,42.0,35.1,23.2,55.3,34.3,13.743849056603771
55.9,165.3,34.0,84.7,72.8,92.3,99.1,57.0,36.3,34.3,21.2,24.6,15.1,14.3,52.9,24.1,77.2,41.6,38.3,21.3,57.1,37.0,12.40488188976378
46.8,151.2,33.5,84.1,76.3,86.7,93.3,49.1,33.7,29.8,17.0,23.7,14.3,12.5,53.2,23.8,74.1,39.1,36.4,22.7,52.0,33.4,13.260580912863071
56.7,162.9,35.4,85.5,79.3,95.0,99.5,55.6,38.1,34.4,20.7,24.8,15.7,14.6,53.2,24.1,76.2,39.9,36.5,21.0,55.3,36.8,12.6420233463035
82.0,167.5,36.6,107.2,100.1,109.3,113.6,70.1,42.8,41.4,22.4,27.3,15.8,15.8,56.0,25.4,79.5,46.7,38.9,30.1,55.4,38.5,16.932296819787986
66.4,149.8,37.4,98.8,92.2,105.4,105.8,64.5,40.2,39.8,22.0,27.1,15.1,13.9,49.9,22.2,64.2,41.1,33.4,25.7,57.5,36.1,14.04190476190476
62.6,153.8,36.7,98.4,82.9,101.9,105.6,59.5,41.0,36.5,20.6,26.0,15.4,15.2,49.5,24.3,73.1,40.5,40.0,25.6,58.5,38.0,14.136338028169012
65.3,156.7,35.2,93.8,85.0,105.7,107.0,63.3,39.3,36.8,22.0,26.1,15.3,13.9,50.8,23.0,71.6,40.2,35.4,23.6,52.1,37.0,13.322318840579708
53.9,159.0,36.8,86.6,73.1,91.7,96.5,54.5,35.1,33.5,21.2,24.0,14.6,13.0,54.4,23.8,74.8,35.8,36.8,22.5,56.8,35.8,12.675725806451611
75.0,157.3,35.7,106.3,99.6,104.2,107.9,61.8,41.2,39.7,23.3,27.7,16.0,13.5,52.2,23.7,73.4,40.7,35.5,29.2,56.1,36.1,13.379137931034482
70.4,159.5,35.0,94.9,87.1,109.1,106.0,67.1,41.3,37.6,22.7,25.7,16.0,14.5,51.5,24.0,75.0,38.0,39.2,25.4,56.0,36.6,13.576934306569346
67.5,161.0,37.2,98.2,103.6,100.8,102.3,61.2,37.2,35.6,22.5,25.0,15.2,12.5,52.5,23.8,76.6,44.0,36.3,27.4,55.5,34.2,14.320833333333333
64.0,156.5,35.6,93.5,83.5,102.1,103.1,64.8,38.7,35.0,20.0,25.8,15.1,14.0,53.1,22.8,74.7,37.6,37.4,23.8,54.5,36.3,13.328000000000005
47.0,152.3,32.8,84.5,66.5,88.4,93.5,53.0,36.6,32.7,18.7,24.2,14.4,14.0,48.5,22.6,69.2,37.1,33.0,21.8,53.5,33.7,12.21344537815126
50.2,157.0,33.8,83.6,67.1,92.0,95.6,52.5,35.3,31.5,18.6,25.1,15.1,14.9,51.0,23.0,75.5,39.4,34.4,21.7,53.1,35.9,12.287758620689656
59.7,155.6,36.2,94.9,76.9,97.7,101.5,57.9,37.8,35.8,21.2,26.8,15.1,14.5,51.5,23.3,73.2,38.4,36.5,25.7,54.5,36.6,12.481413043478264
64.6,159.9,36.0,95.4,85.0,96.4,104.1,61.5,37.8,37.4,23.2,26.0,15.7,14.9,52.3,23.3,73.4,43.6,35.3,25.7,55.7,37.5,13.613258426966292
72.6,161.1,38.3,94.0,93.6,105.1,107.0,65.9,40.4,38.3,21.9,27.8,16.2,14.1,53.9,24.4,78.5,43.5,37.0,25.5,59.8,36.1,13.319434628975268
63.1,168.1,39.0,91.5,75.8,96.5,104.9,59.5,38.9,40.3,23.7,25.8,16.2,14.5,54.5,24.2,75.4,41.8,38.6,22.6,56.2,38.0,12.944767441860469
63.1,158.5,36.1,92.5,88.8,101.4,106.8,62.5,40.2,35.7,20.7,24.3,15.1,15.9,52.3,24.7,76.9,42.6,36.7,24.5,57.4,39.0,13.540874524714829
66.0,161.4,35.6,103.2,94.1,102.2,105.2,60.6,39.0,35.6,21.8,26.6,16.2,14.1,52.5,23.7,77.6,40.8,36.3,25.4,54.8,36.4,13.408979591836736
78.9,167.4,37.7,98.8,81.2,115.9,106.6,71.5,42.0,41.1,22.8,26.7,16.3,14.4,60.0,27.1,82.8,41.1,41.8,24.9,57.4,37.8,13.4368
53.1,165.3,34.1,83.8,70.4,91.0,94.7,54.4,35.7,35.4,20.7,24.2,14.8,13.9,56.8,25.8,84.3,36.5,41.1,22.6,55.7,36.8,10.977107438016528
70.8,159.3,38.1,99.2,102.7,105.7,100.3,63.8,39.4,35.3,20.6,25.5,14.9,11.9,51.7,23.7,74.6,45.2,37.8,27.1,56.8,34.6,13.957209302325584
62.5,159.2,35.1,96.9,88.5,96.9,100.7,59.9,40.0,36.5,21.2,26.6,15.6,15.2,54.5,24.6,78.2,42.2,39.0,25.5,55.4,36.9,12.589370078740156
68.0,161.7,36.0,95.7,87.2,102.1,103.6,61.6,39.8,35.8,21.4,27.3,15.5,13.8,51.5,23.3,74.7,41.4,40.3,26.4,57.7,36.6,13.81125
73.4,158.9,35.3,109.3,104.1,112.6,102.2,61.9,38.8,35.3,20.5,26.1,14.8,13.0,51.5,22.6,75.8,41.9,39.4,28.4,55.8,33.7,14.813026315789475
68.8,159.7,37.8,99.7,85.9,102.3,108.9,64.4,37.6,36.9,21.8,28.4,16.0,14.3,52.4,24.6,77.0,37.8,37.5,26.3,55.5,37.7,14.06877777777778
84.0,169.8,38.6,109.0,102.2,111.5,107.5,65.6,42.2,39.1,22.5,27.5,15.6,12.6,53.8,23.8,77.2,47.0,39.4,28.3,55.5,36.2,13.598019801980197
64.7,161.9,36.4,92.3,79.0,101.3,102.6,61.4,39.4,37.8,23.1,25.5,16.1,14.0,51.3,23.7,73.4,40.6,38.1,23.9,55.4,37.9,11.698095238095238
56.1,166.3,36.3,84.4,71.1,91.4,104.4,52.5,37.3,33.9,19.7,26.2,15.7,15.5,53.3,25.3,78.3,42.3,38.0,20.8,62.0,39.3,12.432769230769232
73.5,160.6,36.7,101.1,94.1,107.7,101.3,66.5,41.5,39.7,22.8,28.5,15.8,13.6,51.7,24.1,75.7,44.0,38.4,26.4,55.4,35.9,13.759819494584836
73.3,160.9,36.8,99.7,107.6,110.8,104.7,62.5,38.0,35.4,20.4,26.7,14.7,13.8,52.2,23.7,75.7,44.8,38.5,25.3,54.0,36.5,13.965070921985816
60.5,169.6,35.7,94.3,79.7,98.3,99.8,56.2,35.0,35.6,21.0,25.2,14.9,13.8,55.4,24.9,81.5,42.7,43.8,25.5,56.6,36.5,12.90421052631579
72.2,172.3,38.2,93.4,90.4,106.3,101.9,63.9,40.3,38.0,23.0,27.4,15.9,14.2,53.1,24.3,81.5,46.2,39.3,23.1,56.4,35.8,12.58171821305842
90.8,174.8,40.0,103.1,97.9,113.5,112.4,72.4,43.9,42.3,23.3,30.6,16.3,16.2,56.0,25.4,83.0,46.8,42.6,29.2,60.0,39.7,16.121814671814672
76.0,169.5,34.9,98.5,88.8,111.4,101.5,66.3,42.2,40.2,23.6,25.7,15.2,13.5,53.2,24.0,79.6,42.3,43.1,25.3,55.6,36.3,13.803873239436616
60.6,164.8,36.8,93.5,76.9,96.9,103.4,57.4,37.7,34.2,19.7,26.8,16.3,14.7,54.5,24.5,75.7,43.0,37.8,23.6,54.7,38.4,13.98984962406015
57.3,157.9,35.0,87.2,80.7,98.5,100.0,56.5,36.5,36.9,22.4,24.5,15.1,14.2,50.2,22.5,71.4,42.0,37.1,22.6,53.9,37.4,12.222295081967214
60.2,158.7,37.6,99.6,83.9,97.8,103.5,58.5,36.5,35.1,21.2,26.6,15.0,13.3,51.4,23.4,76.1,39.4,38.5,26.1,55.4,36.9,13.549823321554772
66.9,160.4,38.7,99.4,97.5,106.3,101.3,59.3,37.4,37.1,19.8,25.9,15.4,13.4,54.4,23.6,75.7,41.5,39.4,26.2,56.1,35.9,14.324182509505704
82.9,160.3,42.4,113.1,112.7,113.1,112.5,66.0,39.1,36.6,19.3,28.7,15.3,12.7,56.5,24.6,77.4,50.1,40.4,30.4,56.0,37.1,15.5701
76.5,171.2,36.1,96.6,93.0,111.5,103.7,67.5,41.5,40.4,23.4,29.2,16.7,13.7,55.8,25.8,81.0,46.4,41.9,25.3,56.9,37.2,13.836315789473684
67.1,162.8,40.8,90.8,90.7,100.6,106.4,61.3,37.2,34.2,21.0,26.3,15.2,14.6,52.6,24.3,77.2,45.7,38.9,22.9,58.7,36.6,11.36732824427481
58.9,152.0,36.5,98.5,91.9,100.4,103.9,60.3,34.7,33.9,20.0,26.3,14.7,15.2,48.8,23.0,68.8,41.7,37.1,25.2,52.8,37.3,16.147540983606557
61.5,164.0,33.9,89.6,83.9,100.7,100.7,61.2,39.2,37.3,21.0,26.2,15.5,14.4,55.0,24.1,79.5,42.7,38.6,22.3,54.0,37.2,12.651385767790265
52.9,161.6,33.3,86.4,69.7,93.4,95.3,54.6,35.7,32.8,20.7,23.5,15.8,13.7,53.2,23.8,77.4,40.7,38.5,22.5,56.4,35.6,12.144578313253012
84.7,168.4,38.3,109.5,108.8,115.8,113.9,67.4,42.7,39.1,21.8,29.6,15.2,14.4,56.8,26.3,82.5,45.3,40.1,29.4,57.0,37.8,14.900316455696204
59.6,164.9,37.3,89.0,80.5,97.1,97.3,57.5,37.4,36.5,21.7,24.5,14.9,13.2,54.7,24.6,78.5,43.2,40.8,21.3,58.2,36.2,10.639080459770115
66.6,167.7,36.8,96.5,84.4,101.8,102.7,61.2,39.1,35.7,21.2,25.1,15.8,13.0,56.2,25.4,80.6,40.6,40.2,26.6,56.6,34.6,13.4572265625
67.6,165.3,37.4,95.8,91.5,101.1,104.0,58.6,41.7,36.7,21.2,27.7,15.5,13.9,53.6,24.1,78.3,44.4,43.8,25.7,56.8,36.8,11.223284671532848
65.8,163.8,36.8,92.6,86.2,104.6,97.4,64.1,40.3,37.3,20.7,24.9,15.0,12.7,53.3,24.5,79.0,45.0,40.7,25.0,56.9,35.1,13.212885375494071
59.6,164.6,35.5,87.8,83.5,103.5,97.8,60.5,38.1,34.5,21.1,25.3,15.4,12.3,51.1,23.4,77.3,44.4,41.2,20.6,52.5,34.7,13.324941176470588
73.5,161.9,36.9,95.1,100.0,107.9,103.0,63.9,39.3,38.2,22.7,28.1,15.6,13.6,52.0,23.8,75.6,45.3,39.1,26.2,57.5,35.4,12.408959107806693
55.6,153.0,36.0,85.8,78.9,99.7,100.5,61.4,36.1,35.3,19.0,25.6,14.8,14.2,50.0,23.5,73.4,42.2,37.8,21.2,55.5,35.8,12.5125
56.1,160.3,35.0,87.0,77.7,97.5,99.6,59.0,36.2,33.5,20.0,25.6,14.6,13.0,53.7,24.0,78.3,39.5,38.3,25.0,56.0,35.1,11.791735537190082
56.0,168.0,35.4,87.5,79.6,92.5,99.6,55.1,35.2,34.2,19.8,24.6,15.3,15.9,57.7,25.8,85.0,43.6,42.5,21.8,58.6,37.5,11.944444444444446
87.1,160.2,39.6,113.9,101.7,114.2,112.9,70.1,42.4,43.1,22.9,28.5,16.2,13.9,52.0,24.2,73.4,41.5,39.2,31.4,55.5,38.7,14.984850498338869
73.6,144.7,37.1,106.4,107.4,115.2,109.3,73.2,40.1,37.2,20.8,26.7,15.2,13.9,46.0,20.4,63.9,42.7,35.5,27.0,53.8,35.9,15.921167883211677
61.3,162.7,35.8,92.3,68.8,92.1,101.8,60.5,36.5,38.6,21.9,25.6,15.3,13.9,53.5,26.2,79.3,41.8,39.5,24.7,57.7,37.0,13.493008474576271
50.5,159.4,34.6,86.1,71.3,92.1,98.2,51.5,35.3,32.4,20.3,24.3,15.3,14.9,53.6,24.1,75.9,39.8,36.0,21.8,55.1,37.5,11.921538461538464
82.3,168.8,39.2,105.7,103.5,109.2,112.5,64.6,41.9,39.2,22.0,28.0,16.8,14.8,54.9,24.8,78.7,47.2,39.8,28.2,59.0,39.4,14.662760942760944
56.1,154.7,37.4,89.6,82.7,94.2,102.0,56.0,36.4,32.0,19.4,26.2,14.7,14.4,50.2,22.0,70.9,40.5,37.5,23.7,54.7,36.9,13.634782608695652
75.4,162.1,40.7,99.1,95.0,108.2,111.7,64.6,39.0,37.5,21.7,28.5,15.7,13.7,54.0,23.8,75.1,44.1,38.4,28.6,57.8,37.7,15.38375451263538
59.3,162.5,33.4,90.4,80.5,100.6,101.1,56.4,36.2,35.0,20.0,24.5,15.6,14.9,55.1,24.7,76.8,42.2,37.9,24.8,55.7,38.0,12.73818181818182
69.5,159.7,39.0,98.1,89.6,102.0,99.8,59.9,41.1,41.2,23.1,28.4,14.6,12.2,54.0,23.2,77.6,44.5,41.4,26.0,52.7,35.8,13.635521235521235
82.0,160.2,37.2,104.6,90.5,111.8,106.3,72.4,43.4,43.1,23.8,30.2,15.9,13.8,53.9,25.2,76.8,41.0,38.4,28.1,58.6,37.0,14.42886524822695
58.3,161.4,35.0,95.2,83.3,94.3,100.5,57.8,35.1,34.0,20.6,24.8,14.7,13.3,54.2,24.1,80.3,38.9,37.6,26.1,57.0,36.8,13.437846153846156
92.0,174.3,40.2,106.7,105.5,120.6,112.5,71.6,46.6,39.6,22.7,28.0,16.7,13.7,54.2,23.1,78.3,44.2,42.5,27.7,56.7,38.8,15.001386138613862
84.1,160.3,41.1,110.5,107.1,114.6,114.3,69.1,40.7,40.1,23.3,29.4,16.3,14.4,49.2,22.6,72.1,45.5,36.6,29.5,59.3,39.4,14.406484641638226
84.2,157.6,38.3,119.6,111.1,117.6,113.0,66.8,42.1,40.1,23.7,26.6,15.3,13.6,49.5,22.5,70.6,46.4,38.4,32.3,60.9,36.2,15.907961165048544
66.0,161.9,37.9,99.9,87.1,102.2,104.8,61.0,38.8,37.8,23.3,24.6,15.6,14.0,53.8,24.4,75.8,42.3,37.7,26.5,55.5,39.4,13.232037735849056
89.6,175.4,38.8,105.2,96.9,115.1,116.7,71.1,44.7,40.4,22.4,28.1,16.8,17.2,56.6,27.0,83.5,48.0,43.5,27.5,60.0,41.1,15.978831615120276
84.2,170.9,38.4,101.4,94.2,107.9,111.9,70.0,43.9,39.3,22.0,29.3,16.3,15.2,57.5,26.4,83.3,45.8,42.2,26.7,60.9,38.6,15.001123595505618
84.5,178.9,37.8,104.8,96.4,111.7,105.5,70.0,42.2,37.9,21.3,27.2,16.0,13.7,66.2,29.7,90.4,40.4,46.3,27.2,60.7,37.2,14.919999999999998
59.6,158.7,35.0,89.6,88.7,100.5,99.1,58.5,38.1,35.6,19.8,26.2,15.2,14.1,52.7,23.9,72.6,40.4,37.7,22.1,58.3,37.0,12.306926070038909
68.8,168.7,36.6,94.3,83.8,103.7,103.9,60.5,40.7,36.3,21.3,26.4,15.2,13.4,54.2,23.8,79.5,41.7,40.3,23.4,56.4,37.3,11.525555555555556
69.0,166.5,34.8,89.9,82.6,108.1,105.2,65.8,42.4,37.6,22.1,26.3,15.1,13.7,55.3,24.5,80.4,41.0,41.6,23.4,54.8,37.7,14.225140562248995
74.8,157.3,39.8,99.6,95.0,108.7,108.5,66.5,42.6,39.6,23.4,28.4,15.9,12.4,53.8,24.0,75.5,41.3,38.8,25.9,59.0,36.9,13.98088888888889
69.9,165.4,36.7,91.1,81.9,103.8,101.8,62.2,43.1,39.8,24.8,26.5,15.8,13.2,52.3,23.6,74.5,42.4,38.3,24.7,57.4,37.2,13.174461538461538
69.1,158.2,38.8,100.5,92.0,99.9,104.7,61.2,39.3,37.3,21.7,28.0,15.8,14.0,52.2,23.2,72.4,41.5,38.9,26.6,55.7,36.8,15.03777777777778
56.6,157.5,37.8,87.3,74.4,97.7,98.3,60.8,35.6,32.7,20.4,23.9,14.6,13.1,53.0,23.5,72.4,39.4,37.8,21.5,53.5,35.9,12.48173553719008
69.9,160.0,35.5,97.6,88.0,102.6,104.7,65.3,40.2,37.5,20.7,27.1,15.4,14.1,54.3,25.3,75.6,41.1,38.2,25.6,56.8,37.1,13.937841726618704
46.8,158.4,34.6,83.4,74.0,86.8,93.7,49.8,32.3,30.7,19.5,23.4,13.9,12.9,54.9,24.0,75.0,45.4,39.4,21.3,54.4,34.1,12.00556451612903
70.1,153.5,36.5,98.6,82.9,112.1,103.0,68.6,43.3,40.7,22.0,25.7,14.6,13.4,48.7,22.2,68.4,36.8,38.1,25.6,58.4,35.5,12.891166077738514
83.2,159.3,38.0,106.2,102.9,110.0,104.9,70.5,50.2,41.8,24.6,29.6,16.3,13.3,53.2,24.2,72.5,43.9,35.8,29.8,56.0,36.8,13.924825174825177
78.9,158.3,37.0,100.4,97.3,110.4,104.5,75.1,45.4,43.2,23.8,30.3,16.0,13.2,51.4,25.2,72.3,46.8,38.4,27.4,58.1,36.5,13.90153846153846
59.2,160.8,36.5,89.6,84.5,95.5,100.5,57.2,37.3,35.7,20.3,24.9,15.5,13.2,53.4,24.4,72.2,41.8,37.7,22.3,55.2,37.0,12.218181818181815
58.3,166.3,34.0,86.1,82.8,96.1,101.3,57.0,36.7,32.6,19.9,23.4,15.3,15.3,54.5,24.1,79.8,44.4,41.5,19.7,55.2,38.1,11.542391304347824
74.6,160.9,37.0,95.1,102.0,111.3,108.4,70.1,43.3,40.0,22.4,27.2,14.5,14.7,54.4,24.9,73.9,46.7,35.3,25.6,59.3,37.8,14.393513513513517
42.8,151.3,32.7,77.2,67.5,87.1,85.2,51.1,33.7,31.3,18.8,22.5,13.9,11.4,50.8,22.6,74.0,36.7,35.9,19.3,54.2,31.1,9.785915492957749
85.3,170.4,37.1,103.4,100.7,114.0,108.8,72.8,44.9,43.0,22.7,28.2,16.1,14.5,58.3,26.2,81.3,41.0,40.3,25.6,56.4,38.1,12.586275862068968
66.4,170.8,35.0,89.9,85.8,99.7,98.7,60.2,39.1,36.7,21.6,26.0,16.2,14.2,55.5,24.8,81.2,47.9,41.5,23.4,56.1,34.8,14.398921161825726
57.7,150.6,34.6,95.5,80.4,97.3,97.6,63.1,39.9,38.3,22.7,25.2,14.6,11.5,49.1,22.1,71.0,40.8,36.0,24.3,52.8,33.8,12.875101214574896
56.5,158.3,36.4,86.7,81.1,94.4,95.2,56.5,37.1,35.0,21.8,24.7,14.6,11.7,51.8,23.2,73.3,39.5,38.7,22.1,56.4,33.7,12.88114285714286
71.4,173.1,41.2,97.1,86.4,103.0,104.0,62.3,38.7,38.2,22.4,27.1,15.7,13.1,58.0,24.8,79.9,45.6,40.0,23.5,57.8,38.6,14.21425855513308
76.2,166.9,37.1,96.6,87.1,103.6,101.8,67.4,45.2,41.2,23.4,28.2,16.4,13.2,57.2,26.4,85.2,40.1,43.2,24.9,58.4,33.6,12.075
55.6,164.0,35.0,80.0,82.4,93.3,101.7,54.3,37.3,36.2,21.5,24.9,15.2,14.7,54.3,24.4,78.7,46.2,39.8,19.2,55.0,38.1,11.844961240310075
56.1,161.3,37.9,81.2,72.4,90.9,99.2,55.4,35.5,35.7,20.3,25.1,14.9,12.5,54.0,24.8,76.7,41.5,40.1,19.7,56.1,35.5,11.361451612903227
64.1,164.0,35.7,94.6,84.9,98.8,105.9,58.8,37.0,38.0,21.8,27.0,15.9,14.7,53.1,24.6,78.7,43.6,39.9,23.9,58.3,38.7,13.00307116104869
76.6,158.1,41.5,100.8,91.8,105.0,107.0,67.4,43.2,42.4,23.5,29.2,16.8,12.7,52.4,24.5,73.0,44.2,38.0,27.5,61.1,36.3,15.267153284671531
70.2,166.4,37.6,97.1,82.9,98.7,104.7,60.8,40.7,36.9,21.5,27.5,16.1,13.7,56.3,26.7,83.5,43.4,43.1,25.3,57.3,37.4,13.50471264367816
56.1,156.2,36.0,91.8,79.9,96.6,94.9,55.6,40.4,35.4,20.7,25.7,15.1,12.2,49.8,21.9,71.3,43.8,35.8,24.4,53.3,31.8,13.193927125506072
81.2,172.2,38.7,98.7,101.7,110.1,107.7,68.2,41.7,41.7,24.8,27.7,15.8,13.4,57.9,25.4,84.6,46.2,42.7,26.1,56.4,37.8,12.526046511627907
72.5,156.4,38.6,96.9,90.0,107.3,104.8,68.3,43.2,40.8,24.0,27.5,15.6,13.5,48.3,22.6,69.8,43.8,36.4,24.8,56.4,34.7,13.244117647058824
68.6,158.9,36.0,97.9,91.7,103.9,103.9,67.7,43.0,39.9,23.8,26.4,16.0,13.2,52.8,23.7,75.9,44.2,37.0,24.1,55.8,37.6,12.326824817518249
92.4,178.9,39.8,101.7,97.0,116.5,111.3,77.5,46.1,42.6,24.2,28.9,17.0,15.3,63.0,27.5,85.0,44.2,42.3,24.3,55.8,40.5,13.022970297029705
66.2,160.8,39.8,105.8,88.4,94.4,105.7,56.7,35.3,36.5,20.1,25.9,15.3,12.6,55.4,24.8,74.8,43.4,37.1,26.1,55.1,36.2,14.26
56.2,159.5,35.1,88.7,79.6,97.3,97.0,57.9,36.4,32.5,19.7,24.5,15.1,14.5,54.8,25.3,76.4,41.5,39.1,22.8,57.3,35.7,12.019755102040817
56.4,159.0,33.7,85.9,78.5,93.8,95.9,56.5,38.5,37.0,21.1,25.6,15.3,14.2,54.6,25.1,76.1,39.6,39.1,20.6,55.5,34.9,12.0796875
65.3,157.5,38.6,98.0,87.0,98.5,103.8,57.5,40.4,37.1,21.6,25.7,15.5,13.6,49.9,21.0,68.5,42.6,36.4,24.5,56.2,37.6,12.565853658536586
67.9,153.9,35.7,103.7,90.5,108.3,96.4,66.5,39.3,37.6,21.0,24.9,14.0,12.6,51.4,23.8,73.7,41.1,40.0,28.0,59.0,32.8,14.956730769230768
77.7,165.4,39.0,98.4,95.8,110.0,109.2,67.2,38.4,35.4,19.7,27.8,14.8,13.1,59.4,26.2,78.1,43.5,44.2,29.0,60.5,36.7,14.336179775280897
63.2,161.6,36.8,95.9,85.5,102.1,100.1,60.5,36.0,35.1,20.8,26.3,15.3,12.8,55.0,24.6,76.6,42.9,39.4,25.0,57.1,35.5,13.028645418326692
69.7,164.6,35.8,98.8,86.9,101.0,108.2,62.8,38.2,36.6,21.3,28.3,15.6,14.5,57.0,26.7,82.2,39.7,42.0,25.2,56.3,38.4,14.82
68.1,154.8,36.6,90.0,87.5,106.4,100.7,64.7,41.6,39.3,22.5,25.4,15.4,13.7,53.3,24.0,75.8,43.9,38.9,23.3,55.8,35.9,13.68
57.0,161.7,35.8,82.7,72.2,98.5,99.8,60.8,39.6,36.6,22.0,23.9,15.0,13.7,53.2,24.5,75.3,41.8,37.8,19.8,57.3,36.4,10.370846774193549
74.2,152.7,38.5,108.9,103.4,108.9,109.3,64.2,38.5,35.8,21.1,28.4,15.7,14.3,50.0,22.8,69.4,40.2,36.2,29.5,56.6,37.8,14.396949152542373
58.9,165.3,34.6,89.5,75.7,90.8,99.8,56.4,39.4,34.6,21.0,27.3,16.2,13.6,58.2,26.8,79.5,43.4,41.1,22.6,55.9,35.9,13.215234375
75.0,160.6,38.0,102.4,99.5,103.5,109.2,63.6,38.6,39.3,21.8,28.6,15.9,12.9,55.0,24.2,76.7,45.5,41.5,27.2,57.4,37.3,14.088590604026844
74.4,170.0,36.5,94.8,81.2,102.9,107.5,65.1,41.8,40.7,22.8,29.2,16.7,14.3,59.0,28.8,84.5,42.5,42.1,23.6,61.0,38.2,14.185401459854017
81.5,167.2,40.7,113.1,95.4,111.9,108.2,65.4,40.9,37.8,22.4,28.3,16.3,13.2,58.4,26.8,79.5,41.7,38.3,30.0,54.5,36.0,15.258915254237287
76.5,172.8,38.0,98.8,92.8,103.9,108.9,64.7,40.6,37.2,22.8,27.8,16.8,13.9,57.5,26.1,84.7,45.4,40.4,25.4,58.0,39.2,14.239857651245549
82.7,167.7,38.9,109.8,104.9,108.2,111.6,68.9,39.0,35.5,22.0,29.2,16.1,14.4,60.0,28.3,83.2,47.3,38.9,27.9,61.4,37.4,14.5668
79.3,179.0,39.9,103.3,95.8,106.4,106.4,65.6,39.2,37.7,23.4,26.6,16.3,14.0,55.8,26.0,85.5,46.9,42.8,26.5,58.4,39.0,13.068489932885909
73.5,164.3,38.6,96.0,91.2,108.4,101.8,66.8,42.8,39.5,21.0,27.2,15.1,13.5,51.0,23.1,75.6,44.3,39.0,24.7,56.3,37.5,12.929889298892988
62.0,158.4,35.7,95.5,82.2,98.9,100.2,61.3,39.9,35.0,20.5,27.0,15.4,12.4,54.1,23.8,76.8,40.4,38.3,23.7,56.6,35.4,13.203598484848484
65.9,158.3,39.1,102.3,93.5,100.4,100.0,59.9,39.9,35.2,20.8,25.8,16.4,12.7,52.5,23.8,75.2,43.9,37.2,26.3,57.3,36.8,13.117212543554007
70.5,164.0,38.3,100.0,95.7,103.7,109.6,63.5,41.1,37.7,21.5,29.2,15.1,15.5,54.1,24.2,78.5,42.6,42.5,26.4,53.3,38.7,12.773722627737229
49.3,156.2,33.5,86.6,70.7,91.1,95.8,53.0,36.7,33.0,20.4,23.7,14.2,12.9,54.1,24.1,74.6,38.9,37.8,22.8,51.7,35.6,12.039512195121947
64.3,165.0,35.6,88.1,77.1,100.1,100.3,62.4,41.4,39.7,22.7,25.8,14.8,14.6,57.1,26.0,80.5,40.3,41.0,22.6,58.6,37.5,11.482696629213482
65.4,165.6,36.8,95.0,80.6,100.9,103.0,60.8,40.2,36.2,21.8,26.6,16.3,12.9,52.6,23.7,77.0,41.3,38.8,25.0,57.0,37.3,13.320652173913045
65.5,162.4,36.7,102.0,100.2,99.8,102.0,58.6,37.3,35.1,21.3,25.5,15.1,13.5,52.0,23.8,75.2,47.8,36.5,25.9,55.5,35.3,15.695202952029518
85.6,163.1,39.5,115.9,104.4,113.8,110.5,68.8,43.7,40.2,23.4,28.2,16.3,14.1,52.1,24.7,72.1,45.9,37.7,30.6,56.8,39.5,15.705016286644952
63.2,171.5,37.6,86.6,81.5,97.5,102.5,58.0,35.9,36.0,21.1,25.4,15.6,15.1,60.5,27.5,85.0,43.5,43.6,21.4,55.5,39.1,11.84189393939394
64.8,160.7,36.0,90.8,75.2,104.8,105.2,64.2,40.3,38.6,22.5,25.4,15.5,15.0,54.7,23.9,75.9,39.6,37.1,23.4,55.3,37.2,12.359847908745248
60.4,160.0,36.4,88.3,83.1,94.1,101.3,56.2,37.6,36.8,21.2,25.6,15.0,13.7,52.9,23.6,74.4,40.0,38.9,21.7,56.7,37.1,12.618992537313437
70.2,157.1,38.2,99.3,88.0,109.9,103.9,64.1,43.4,40.0,23.5,27.5,15.5,12.4,50.2,21.7,71.6,42.9,36.4,25.4,55.7,35.8,14.339350180505416
65.9,160.3,37.0,92.0,81.7,106.2,102.3,65.4,42.3,38.4,22.7,27.1,15.5,13.4,53.5,23.6,75.7,40.8,37.4,23.2,55.7,36.3,12.087591240875913
77.1,159.9,38.0,112.2,93.8,107.5,104.1,68.2,42.2,39.1,20.7,27.2,15.2,13.3,52.8,23.9,75.3,42.0,36.3,29.6,57.6,34.9,14.106173633440514
52.4,160.2,33.5,82.9,79.7,96.4,96.2,58.1,35.7,34.1,19.3,25.2,14.2,12.9,51.5,22.0,75.9,43.9,38.9,19.0,56.0,35.3,11.86673387096774
68.5,164.2,35.8,92.5,77.3,103.6,100.6,65.2,42.2,37.2,22.3,27.9,15.8,13.6,56.2,27.8,82.5,41.0,41.7,25.1,57.2,35.2,12.675925925925927
101.7,171.5,40.5,109.6,110.3,123.7,114.4,80.8,50.4,44.9,23.7,29.9,16.2,13.8,57.0,25.4,79.5,49.2,43.0,30.5,56.6,38.8,14.481573770491805
48.7,163.4,35.8,86.2,67.9,88.3,93.1,52.6,35.2,31.7,21.7,23.4,14.7,13.3,52.4,23.2,75.1,42.0,38.9,24.8,54.0,34.9,12.33489539748954
82.4,165.7,39.3,105.9,105.5,118.4,104.8,68.5,43.8,39.6,22.6,29.1,16.2,14.8,54.2,24.0,78.4,47.3,41.3,28.1,54.6,37.1,16.108160919540232
72.4,162.6,35.7,108.6,85.6,100.0,99.6,63.0,39.8,38.4,23.9,28.1,16.3,12.1,55.5,24.8,75.6,43.2,38.0,28.1,53.3,33.2,13.918050541516246
61.7,153.6,38.5,96.8,86.8,96.7,105.0,57.7,38.3,33.8,22.4,27.4,15.3,14.6,52.2,24.9,73.9,43.0,34.5,24.7,60.1,37.4,13.372740740740742
69.6,169.8,36.1,90.8,81.8,106.8,98.1,65.5,42.4,39.4,22.7,25.6,15.7,12.7,53.7,23.5,79.7,43.0,40.2,20.8,57.2,35.4,11.955871886120995
75.3,165.2,37.2,95.6,84.6,104.7,106.8,65.3,40.6,43.3,25.0,28.7,16.4,15.3,54.7,24.8,75.9,45.4,40.5,25.3,58.0,37.9,12.215555555555554
78.5,161.1,37.5,104.3,103.2,114.8,105.1,67.0,40.5,39.1,23.0,28.2,16.4,13.3,54.6,24.1,75.0,43.2,40.9,27.6,56.2,36.5,13.740546075085325
81.2,176.4,39.2,100.3,91.1,112.8,107.8,68.9,42.7,39.7,23.2,28.1,16.3,13.3,60.1,26.0,84.9,42.7,42.2,24.9,57.3,38.6,13.326573426573429
48.5,158.6,35.4,82.5,65.0,91.2,94.6,51.9,34.4,33.3,20.3,23.1,14.7,14.0,51.2,23.2,73.7,41.2,38.2,19.9,55.3,37.2,11.04382470119522
59.5,159.2,36.7,89.9,80.4,99.1,97.0,59.9,38.5,37.2,21.7,25.8,15.0,13.5,51.7,23.1,75.7,40.7,38.1,21.8,54.4,35.5,11.185232558139536
74.0,178.2,37.1,95.8,88.0,103.4,105.4,61.1,40.9,37.5,23.8,25.7,16.5,14.6,61.2,26.6,87.7,45.5,45.1,25.2,57.7,38.1,14.015185185185183
79.9,170.8,39.2,102.8,97.0,106.3,108.4,65.8,46.1,40.9,25.7,27.3,16.6,13.6,56.6,25.5,83.8,47.2,40.4,27.1,60.5,38.0,11.912297297297297
64.5,165.0,36.9,95.7,84.1,98.6,102.0,59.3,39.0,37.1,21.8,26.7,16.5,14.0,53.5,24.0,78.0,43.4,38.6,24.5,56.0,36.9,12.444505494505496
72.5,161.2,38.7,100.7,94.9,110.1,105.8,68.0,38.6,37.8,22.7,27.1,16.1,12.5,53.8,24.1,77.0,41.1,37.4,26.1,56.2,37.0,14.262846975088967
60.0,166.0,37.3,84.2,76.6,96.0,101.2,57.6,38.2,36.8,21.4,25.4,15.5,14.2,54.7,23.9,78.7,45.1,40.7,20.8,56.6,37.2,12.56523076923077
63.0,162.9,37.0,88.4,81.1,99.4,101.1,63.6,40.3,39.2,23.9,26.8,15.2,12.9,53.9,24.0,75.9,42.2,38.1,22.4,56.6,36.2,12.81109375
76.2,163.0,39.1,99.2,97.8,104.7,110.2,64.4,41.0,37.5,23.9,26.8,16.4,14.5,54.0,23.9,73.5,43.3,37.1,25.9,57.5,38.6,13.679490445859877
69.6,174.3,37.5,91.3,73.8,102.4,101.6,61.0,41.2,40.6,24.6,28.0,16.8,13.3,56.1,24.6,82.6,43.7,41.9,24.5,54.7,36.3,12.519166666666663
81.8,168.8,39.8,115.2,100.1,106.7,112.2,63.9,40.0,38.9,21.3,27.5,16.9,13.7,55.9,26.0,78.7,45.3,39.1,29.6,57.9,38.2,15.866503067484665
50.8,158.0,36.5,83.6,70.5,88.8,97.8,54.6,34.4,33.5,20.3,23.5,15.0,14.0,53.5,24.3,75.5,41.9,38.8,20.2,55.7,36.6,11.40304
66.5,161.0,36.4,95.7,90.1,98.5,103.2,59.4,38.0,36.4,22.6,27.3,15.6,13.4,53.7,23.6,76.3,41.7,38.6,24.3,54.1,36.1,12.666176470588235
40.0,155.6,30.2,75.7,62.0,83.2,88.1,48.3,32.7,28.8,19.0,21.4,13.4,12.8,51.4,23.4,72.8,40.3,37.2,18.4,53.5,33.1,9.995021645021646
73.6,158.5,37.9,98.5,100.0,108.1,106.2,68.6,41.1,41.2,22.5,28.3,15.7,13.5,51.3,23.8,75.3,43.2,36.5,26.1,57.2,36.6,14.313857677902622
77.0,168.5,37.8,103.6,95.2,103.4,111.0,61.7,40.6,37.9,22.8,26.8,16.0,14.6,54.0,23.7,79.0,44.4,39.3,26.6,57.0,37.4,14.952577319587627
63.0,159.2,38.2,94.3,82.3,99.9,104.6,61.5,38.6,35.6,22.3,26.9,15.8,13.4,51.1,21.6,71.5,40.3,34.3,24.3,56.1,35.8,12.493029197080292
76.1,169.8,36.6,96.0,91.9,107.6,106.0,65.1,45.7,41.5,25.3,28.1,16.7,14.7,54.2,24.5,79.7,43.3,42.7,25.3,55.7,37.4,13.104182509505703
69.0,164.8,38.1,87.5,88.6,105.1,102.9,65.1,40.3,39.7,22.5,27.0,16.1,13.4,56.1,23.8,78.2,42.6,37.9,22.8,54.0,36.5,11.540354330708665
57.3,157.5,36.5,87.9,79.1,95.0,100.1,56.0,39.8,36.7,24.1,25.6,16.2,12.8,50.5,24.2,73.8,42.2,35.6,21.6,56.6,35.2,10.9875
61.7,160.2,36.5,93.5,79.4,98.3,101.1,57.4,38.5,34.8,23.3,26.1,16.0,12.0,49.3,22.1,76.7,39.5,35.6,23.3,57.1,36.2,12.251724137931037
66.3,166.9,39.2,88.6,82.2,102.5,101.6,61.8,40.1,38.8,23.5,26.6,16.4,13.4,55.7,25.3,81.3,42.6,39.4,22.7,55.3,37.0,13.218548387096774
85.0,163.7,40.9,101.8,99.6,112.8,110.4,71.4,47.9,44.8,27.1,31.5,18.2,12.5,53.5,23.5,72.6,47.0,35.1,27.4,55.3,37.5,14.034926470588236
60.1,169.0,34.0,92.9,79.8,96.2,100.1,57.8,38.0,36.0,22.8,24.8,15.4,15.2,54.5,25.4,83.3,40.9,39.6,24.4,54.5,36.9,12.743531598513012
65.5,166.4,36.3,93.5,79.5,103.9,99.8,62.0,43.0,38.5,22.1,25.0,15.5,13.2,55.5,23.7,77.8,42.3,37.4,24.8,55.2,36.2,12.243207547169812
71.6,171.0,37.0,93.2,94.0,105.0,103.6,64.3,41.7,36.0,22.5,27.2,16.5,13.8,57.0,26.8,83.0,46.3,40.0,23.1,55.2,36.9,12.075182481751824
61.1,159.6,35.9,90.6,71.6,97.3,99.2,61.4,40.5,38.2,20.9,25.8,15.3,13.3,53.6,25.5,78.5,36.2,37.9,23.4,56.5,36.1,12.587175572519085
100.0,165.6,38.6,115.0,116.4,125.0,110.0,78.2,53.3,47.1,27.4,31.5,16.9,14.0,57.7,27.4,78.4,46.0,37.8,31.0,57.5,38.5,17.031141868512112
79.1,158.6,35.9,99.1,87.0,114.7,109.3,71.3,45.4,41.1,21.8,28.5,15.6,13.8,55.8,24.2,74.9,39.5,38.6,26.7,56.4,37.6,12.597457627118642
67.6,165.3,41.0,100.0,88.6,104.1,105.3,60.2,37.1,35.3,20.9,27.5,15.8,13.3,54.0,24.7,77.4,43.7,37.9,26.8,57.8,36.8,13.378839590443686
74.0,166.1,36.5,104.5,83.1,104.6,102.9,64.3,43.7,38.7,21.8,27.5,15.7,12.6,52.0,23.4,72.8,39.7,37.8,27.5,62.1,35.4,12.00337837837838
50.1,149.5,34.2,86.2,74.9,90.4,93.7,55.2,37.4,34.4,20.1,25.0,15.0,13.0,48.0,21.9,71.3,39.9,33.9,24.5,54.0,33.6,11.902092050209204
58.7,163.3,36.2,90.0,81.1,97.0,102.4,57.6,39.2,34.4,20.0,25.9,15.0,15.3,53.0,24.9,77.6,43.0,40.5,24.2,53.7,38.9,11.585820895522389
69.6,165.2,36.5,97.6,85.0,107.0,107.2,64.0,42.1,37.9,22.4,26.7,15.7,14.6,52.2,22.2,78.0,42.8,39.8,25.7,54.5,37.8,13.988158844765342
59.9,159.6,36.3,89.9,77.9,103.0,102.5,63.0,40.0,36.6,20.2,25.3,15.2,12.8,52.5,22.2,76.2,40.8,39.8,23.0,55.7,35.7,11.6
80.9,171.5,36.9,100.3,100.9,107.6,111.5,64.0,43.5,39.5,23.4,27.4,17.1,16.3,57.6,26.4,81.8,45.9,40.4,26.5,57.7,40.0,13.760456140350875
78.8,172.4,39.5,99.5,93.9,108.0,114.5,64.0,41.1,40.4,24.2,27.6,16.5,15.0,56.6,25.8,82.8,42.4,41.3,26.0,57.1,39.9,14.66315789473684
79.7,174.1,39.3,95.5,90.7,113.7,111.1,68.6,44.4,40.4,23.5,27.0,16.5,14.7,58.7,25.7,85.5,42.9,39.7,24.8,55.9,39.7,13.363250883392226
74.6,170.7,37.7,91.0,85.1,110.5,109.2,65.2,43.6,40.9,24.2,26.9,16.2,14.7,56.6,25.2,79.5,44.2,36.6,23.5,56.6,40.3,12.872363636363636
74.0,168.4,37.7,94.5,91.7,110.0,101.2,65.7,43.2,42.1,23.1,27.1,16.6,13.5,54.3,26.0,76.8,43.4,38.2,24.6,56.4,35.2,13.962857142857144
56.9,158.6,36.7,89.2,78.0,93.6,98.2,57.8,37.2,35.6,21.7,24.8,15.2,12.8,51.5,23.4,75.7,41.0,35.3,23.2,56.0,35.3,11.927906976744186
82.9,161.1,39.0,106.6,104.6,111.4,111.4,66.4,44.2,40.3,22.3,30.9,16.5,13.7,52.3,23.2,73.8,45.4,32.4,29.1,58.8,38.3,15.806206896551725
77.0,165.8,39.2,104.0,93.9,103.8,108.0,63.6,43.7,41.5,23.0,28.7,17.0,13.2,54.4,22.7,78.3,45.0,38.1,27.1,55.8,36.1,13.327152317880795
75.1,167.3,38.0,98.0,90.9,110.8,107.6,67.1,39.2,37.6,21.6,26.1,15.8,14.0,55.5,24.3,78.7,40.7,45.0,23.8,55.8,38.3,11.691228070175438
88.9,177.0,38.9,110.0,107.6,117.1,111.0,64.1,44.4,41.7,24.6,27.7,16.5,13.5,59.0,25.8,84.0,49.5,40.8,29.1,56.2,37.7,15.287539936102238
66.1,157.4,35.4,87.2,79.9,104.0,101.3,63.2,44.5,40.2,23.2,27.1,16.2,14.1,51.1,22.7,72.3,42.3,37.2,23.2,53.3,36.4,11.030149253731343
84.2,171.5,41.0,105.9,100.9,115.1,110.4,67.7,44.0,39.3,24.8,28.4,17.5,14.7,56.3,25.5,82.1,44.0,37.8,28.4,56.6,40.4,14.259801980198024
55.8,152.5,36.5,85.2,86.5,98.6,97.9,58.3,38.3,33.8,20.3,24.9,15.2,12.3,49.5,22.2,68.7,42.0,35.7,21.4,54.8,34.3,11.842471042471043
98.3,165.0,40.1,114.2,115.4,119.5,115.2,72.7,49.4,46.9,27.2,28.4,17.0,15.5,54.2,24.9,77.6,50.2,37.3,32.5,55.1,39.2,16.234313725490196
53.5,153.7,34.5,87.0,81.4,95.5,90.4,54.6,38.4,36.2,20.7,23.0,15.0,11.8,50.5,22.6,71.9,40.4,34.5,24.1,54.9,33.3,11.78125
58.1,156.8,34.0,88.0,80.1,97.3,97.8,57.9,38.1,35.9,21.4,25.7,14.7,12.6,53.5,23.6,75.7,41.4,37.9,23.1,54.6,35.3,11.90588235294118
68.4,156.9,37.4,89.2,83.0,100.4,107.2,63.0,43.3,39.9,23.4,28.4,16.0,15.3,52.7,23.4,72.0,40.5,39.3,24.0,60.0,37.9,13.328339768339768
72.5,171.1,37.4,95.7,80.7,103.6,106.5,63.0,43.3,40.5,25.4,27.9,16.9,14.7,55.4,24.4,80.6,44.2,37.1,24.0,56.9,39.0,13.310387323943662
75.7,163.9,37.9,107.0,107.3,106.0,111.1,64.7,40.7,35.8,21.7,25.6,15.3,13.5,52.0,23.4,76.0,46.2,35.9,26.9,57.3,37.5,14.301980198019802
73.3,163.8,37.2,96.2,94.6,107.5,101.5,65.2,42.7,43.0,23.1,26.8,15.6,13.3,51.7,23.7,77.3,44.4,40.0,26.0,56.0,36.7,12.549398496240602
70.4,175.6,40.2,93.0,84.5,105.3,102.8,62.0,40.9,36.0,21.3,27.1,16.1,12.5,57.0,26.2,81.8,48.2,40.6,23.4,59.0,38.3,12.51923076923077
59.0,161.8,36.8,89.5,74.8,96.6,103.5,57.0,37.8,35.5,22.0,24.8,15.0,13.9,53.9,23.5,78.7,40.8,37.1,23.6,56.8,38.1,13.198638132295722
83.5,174.5,42.3,105.0,100.3,111.4,112.0,69.1,42.2,39.5,23.5,28.5,17.2,14.5,57.5,24.8,84.3,46.1,41.4,27.5,58.5,40.1,13.964285714285715
63.5,156.9,36.2,92.5,81.4,104.3,102.5,65.5,41.0,37.4,21.6,27.1,15.3,13.7,49.6,21.5,69.1,40.1,34.4,23.8,54.6,35.5,13.76908396946565
54.6,166.8,35.8,89.5,78.2,92.5,100.4,54.0,34.6,33.2,19.7,23.3,14.7,13.6,55.7,25.0,81.8,39.3,42.8,22.6,54.4,35.8,13.90324427480916
61.0,161.9,36.3,89.5,78.0,99.0,105.0,57.4,37.8,35.8,22.7,25.6,15.7,14.2,52.6,23.0,74.6,44.0,38.9,22.6,56.3,38.2,12.53
82.0,165.7,40.3,110.1,101.6,110.3,108.2,68.4,42.5,40.3,26.3,28.4,16.4,13.5,52.6,23.2,76.6,43.4,36.8,29.3,59.4,38.7,13.6524
68.5,162.8,37.9,91.0,84.7,101.7,107.0,62.0,41.4,38.8,21.2,27.5,16.6,15.1,54.0,24.4,76.6,44.7,37.8,23.7,56.2,38.6,12.44218181818182
57.4,166.0,36.5,90.3,80.3,94.5,99.0,57.0,35.9,34.8,21.1,26.0,15.8,13.2,56.1,24.8,83.2,41.0,40.9,23.5,58.0,35.5,11.923783783783785
61.6,168.3,36.5,87.8,73.3,95.3,102.0,56.0,38.9,36.5,22.5,26.0,16.4,13.2,55.9,25.0,78.2,42.6,39.9,22.6,57.9,37.3,10.63730769230769
67.8,167.2,37.8,84.6,86.6,101.7,103.3,61.3,40.8,38.0,21.9,26.4,15.7,13.4,54.6,24.5,82.3,42.7,40.1,20.0,57.8,38.0,12.017045454545457
55.8,162.3,34.7,83.6,74.5,93.7,95.0,55.5,37.8,37.7,21.3,24.8,14.6,12.6,54.1,23.6,77.5,41.2,40.4,22.9,54.8,34.4,11.146666666666665
58.8,167.2,35.5,87.0,70.5,91.7,104.3,56.5,39.3,37.1,22.0,26.1,16.5,15.0,52.8,23.5,79.5,42.3,39.1,22.2,54.6,39.0,12.748846153846152
59.1,161.9,34.4,86.9,78.4,98.4,97.6,58.3,37.2,36.6,21.8,24.6,15.4,13.1,54.6,26.1,77.5,39.9,40.1,24.5,55.1,36.1,10.523046875
51.1,155.8,33.5,79.4,71.2,94.8,95.6,57.2,36.2,34.7,20.4,24.1,14.8,13.5,50.5,22.6,70.7,41.0,36.7,20.1,54.4,34.7,11.704382470119524
59.1,164.9,35.1,84.5,74.2,95.1,101.7,58.3,40.2,38.2,23.8,24.7,16.0,14.4,52.8,24.4,77.3,43.3,39.3,20.5,54.5,37.0,12.273384030418253
67.1,173.0,39.2,88.0,80.5,102.2,102.5,58.5,39.4,37.4,23.9,25.9,16.9,14.7,57.0,24.6,83.6,43.3,41.3,22.7,56.2,38.7,12.423529411764708
52.2,152.7,34.1,84.3,73.0,91.7,97.1,54.4,38.3,37.8,21.5,25.3,15.2,12.5,50.3,22.8,69.3,41.3,36.9,20.3,56.4,34.3,10.656792452830189
56.5,167.0,36.4,83.8,76.1,94.0,103.7,56.2,38.0,34.7,20.9,25.0,15.4,14.5,55.9,23.8,79.2,44.0,40.8,21.3,53.9,38.7,11.80515873015873
77.4,158.3,39.5,107.7,100.0,108.4,111.1,67.1,42.2,40.8,23.4,30.2,16.7,14.8,52.5,23.8,73.4,44.7,37.6,28.3,55.0,38.3,15.428304498269895
73.0,164.3,37.6,96.3,88.5,103.8,105.7,63.5,41.2,42.0,24.0,27.2,16.7,13.0,52.7,23.7,77.6,42.3,38.8,25.8,56.4,36.4,12.817630662020909
66.9,171.7,38.2,101.2,80.0,102.0,107.2,58.2,39.5,37.3,21.4,26.2,16.2,12.5,60.2,27.0,83.7,41.9,41.1,27.4,56.4,36.2,12.960701754385962
71.8,162.3,36.1,100.0,94.5,109.8,108.5,66.7,41.7,36.8,21.2,26.2,15.0,15.0,54.8,25.0,79.8,40.2,41.9,25.5,57.0,38.8,12.459016393442624
59.4,163.0,37.2,86.0,81.0,96.4,101.8,58.0,37.2,36.4,21.3,25.9,15.6,12.2,55.2,24.5,74.7,41.9,38.3,22.2,56.8,36.4,11.538078291814948
68.0,171.0,37.8,92.5,80.8,99.5,107.7,58.3,40.2,38.4,22.7,27.1,16.1,14.5,60.2,25.9,80.2,44.4,40.4,23.5,56.3,38.6,13.46643109540636
77.9,173.0,38.2,100.2,96.1,110.2,111.0,66.4,43.3,36.6,23.4,26.6,16.0,13.4,56.7,25.5,81.5,46.0,40.9,26.7,56.5,38.5,13.71157894736842
69.5,172.5,38.3,96.0,77.2,104.4,104.2,61.0,42.6,41.5,24.7,26.2,16.4,13.5,54.0,24.6,81.4,45.4,39.1,25.5,58.1,37.6,12.906666666666666
75.5,168.0,37.6,95.7,92.8,107.5,106.8,66.5,42.9,41.9,24.6,26.6,16.4,13.7,56.5,25.6,81.3,45.0,39.6,24.4,55.5,37.2,14.337725631768953
64.5,168.2,35.6,92.2,88.9,101.1,101.2,59.8,39.6,36.0,22.6,25.2,15.9,13.5,56.0,25.4,82.6,46.2,41.7,25.1,56.7,35.6,12.943461538461538
84.3,168.0,37.4,115.7,105.0,104.5,113.2,61.5,43.3,40.2,24.7,29.4,17.1,14.0,53.0,23.2,78.6,48.0,38.1,32.2,58.0,38.5,13.86182108626198
68.8,182.9,36.2,91.5,77.7,99.7,105.2,56.6,39.4,38.1,21.9,27.0,17.0,15.0,62.2,27.7,91.7,44.7,43.6,24.3,54.0,39.4,11.833082706766916
64.3,167.5,40.3,88.5,86.6,101.2,104.2,58.6,40.1,35.9,21.5,25.6,15.5,13.8,55.3,24.3,81.5,44.7,39.9,21.8,58.1,38.7,11.852678571428571
68.9,172.7,40.0,104.0,84.2,100.6,110.2,58.8,39.0,35.8,22.1,26.2,16.4,13.8,55.5,24.9,82.5,43.6,44.9,26.1,58.3,39.9,12.957928802589
65.1,161.5,36.6,100.3,84.2,95.6,103.5,55.6,37.9,36.0,20.7,26.7,16.1,12.4,54.2,23.6,76.5,42.6,39.2,24.8,55.3,35.3,13.974
46.0,149.7,35.5,83.7,69.0,85.0,96.5,49.0,31.9,32.6,19.6,25.4,14.9,12.8,49.0,21.7,69.2,37.1,37.8,20.3,55.9,34.0,11.320344827586208
61.0,161.3,35.4,87.1,75.0,103.7,97.5,61.2,39.1,35.9,21.8,25.2,15.1,12.9,50.2,22.3,73.8,42.7,34.5,23.5,56.2,33.9,12.366049382716051
92.5,177.1,38.5,111.5,95.0,113.7,111.7,71.4,46.5,44.0,24.0,31.5,16.8,13.9,56.8,25.6,83.7,46.3,40.8,30.4,58.0,40.1,14.164495114006511
66.6,158.8,37.1,92.4,82.9,101.0,101.4,61.6,40.2,40.4,24.4,26.2,16.7,12.2,53.0,23.5,73.5,42.0,35.9,24.4,56.1,35.7,12.472243346007604
82.1,173.6,38.9,99.7,99.5,107.5,108.4,66.2,42.3,40.2,25.4,27.9,17.4,14.1,60.5,27.7,87.7,44.8,42.8,25.0,56.0,39.6,13.214474576271186
59.1,166.4,34.6,87.0,76.7,101.4,95.6,58.9,38.8,35.0,21.5,23.6,14.8,12.1,54.5,24.2,79.5,41.6,40.0,23.4,56.7,34.6,12.997165991902836
72.2,158.4,39.0,102.5,89.8,108.6,107.5,64.4,42.3,37.9,22.8,27.8,15.7,13.2,53.8,24.7,74.5,42.4,38.2,27.0,56.1,37.6,14.805555555555554
77.0,171.2,37.0,100.6,94.0,109.7,107.6,66.5,40.7,36.8,21.1,26.2,15.3,14.5,61.0,28.9,87.0,46.4,40.8,27.1,58.8,37.7,12.603471698113209
61.7,165.8,38.7,87.6,78.7,97.8,103.5,58.3,36.7,38.7,22.0,26.2,15.2,14.1,55.3,24.4,79.0,40.9,38.5,20.5,57.0,37.5,11.96076923076923
68.5,164.6,35.7,93.3,81.2,105.6,104.4,66.2,39.6,36.3,20.7,26.1,15.4,13.5,57.1,26.1,82.5,41.0,38.8,24.4,54.7,37.0,12.970975609756096
68.9,172.3,37.9,96.6,82.0,102.6,106.0,60.8,38.3,35.4,22.5,26.2,17.2,14.0,55.2,23.6,81.7,44.0,42.6,25.1,60.0,39.1,11.5575
58.7,157.8,37.3,90.0,81.3,100.2,98.8,61.2,35.7,32.2,19.7,24.9,14.9,12.0,51.5,24.0,75.7,40.1,39.7,22.5,59.2,35.0,11.204819277108433
74.2,167.1,37.9,104.0,84.5,105.9,107.0,66.2,40.2,39.4,20.9,27.5,14.9,13.5,56.0,24.8,82.4,43.9,41.6,27.3,56.0,37.1,12.805693950177936
82.0,158.0,39.4,104.5,101.1,113.6,107.8,71.5,41.3,37.8,20.7,28.9,15.4,12.6,52.3,24.1,77.2,45.5,39.9,27.4,58.1,37.5,14.339285714285714
55.7,158.4,36.0,92.5,75.8,96.7,100.1,57.8,37.3,34.0,20.0,24.6,14.7,14.2,52.0,22.1,74.8,43.0,36.5,23.4,52.8,37.1,12.991573033707866
64.8,167.0,38.1,97.5,81.4,92.8,105.0,54.4,37.5,37.1,21.6,28.3,16.3,11.9,54.0,23.7,79.0,43.0,39.3,24.9,55.2,36.6,11.522727272727272
56.6,158.5,36.5,91.0,77.0,94.6,98.5,58.0,37.7,34.0,20.1,23.7,15.0,13.0,52.8,25.0,77.7,39.7,39.0,22.1,58.0,35.3,12.874031007751938
58.4,163.8,37.6,95.2,80.9,94.4,102.5,56.2,36.4,33.7,20.1,25.1,15.9,14.2,51.2,23.7,77.4,45.1,35.4,23.9,53.7,37.6,13.342424242424244
59.9,158.9,37.0,90.7,81.7,101.3,99.0,62.0,37.5,35.5,19.8,24.1,14.0,13.5,55.5,25.8,76.7,43.0,45.5,25.0,60.4,34.7,12.117813765182186
78.5,165.9,38.0,108.9,93.8,106.0,105.0,63.0,43.0,40.8,23.7,27.4,16.0,13.7,54.8,24.1,77.8,44.7,37.7,30.7,56.0,38.0,14.249288135593218
65.4,155.0,37.1,94.3,84.5,101.5,98.5,64.3,41.7,36.4,23.0,27.9,16.0,12.5,50.9,24.5,75.7,42.0,40.0,24.2,59.0,35.5,13.087262357414447
83.8,173.0,40.5,104.7,99.5,106.8,106.9,65.2,42.0,37.9,23.7,30.5,15.8,14.0,58.0,27.2,85.6,48.9,44.0,29.7,56.6,37.0,13.998351648351647
64.4,150.0,39.0,102.7,90.7,107.4,99.0,63.8,37.0,34.3,19.9,23.4,14.3,11.5,48.7,21.5,69.3,39.2,39.3,28.3,52.8,33.0,14.393560606060609
80.9,161.5,39.8,103.8,98.3,106.2,114.3,68.0,43.9,38.9,22.2,28.2,16.3,14.7,56.0,26.1,80.0,45.4,40.7,26.6,57.6,39.6,14.448351648351649
67.7,164.5,38.1,90.6,80.1,104.2,102.6,61.7,44.7,41.4,23.5,26.8,16.0,12.6,53.0,24.6,76.6,40.0,40.1,23.6,60.9,37.2,11.041875
84.7,172.7,40.3,109.5,102.9,109.6,110.5,67.8,42.3,40.3,22.8,27.5,17.2,14.1,55.9,26.4,86.8,49.7,41.8,27.7,57.0,39.2,16.461993243243242
78.1,166.7,37.2,103.2,105.2,109.6,106.0,72.2,44.0,40.8,24.7,27.2,15.5,13.5,61.1,27.3,83.7,48.0,40.2,27.9,59.5,37.6,14.175824175824175
55.2,151.9,36.2,98.1,84.8,90.1,99.0,54.2,37.2,32.7,20.4,24.0,14.5,12.5,50.0,24.1,69.5,44.1,36.4,24.9,55.8,36.2,12.607922535211268
83.2,170.0,42.5,111.3,95.5,105.4,114.9,63.0,40.3,38.8,21.2,27.6,16.1,14.2,56.8,25.4,81.5,48.0,41.8,30.2,60.8,40.0,16.88689655172414
69.4,162.8,38.5,86.0,80.7,106.9,105.6,63.6,41.4,39.9,24.0,25.5,15.8,14.5,51.0,23.4,78.3,42.7,37.9,23.3,58.0,38.4,12.64505928853755
78.6,160.0,38.5,106.8,85.5,110.2,109.0,69.0,44.2,39.8,23.3,27.6,15.7,12.7,54.0,24.3,73.9,45.2,37.2,29.5,55.5,39.4,13.06993006993007
85.1,174.7,39.7,102.5,96.9,108.2,109.5,67.7,44.7,38.3,21.0,28.4,16.0,15.0,55.0,27.0,86.0,47.9,41.1,27.0,58.9,38.9,14.385964912280702
67.8,158.3,37.3,92.5,90.0,106.1,100.4,64.8,40.5,37.3,21.7,26.7,15.4,13.5,52.0,23.5,74.2,42.6,36.3,25.1,55.2,35.2,13.288246268656716
64.5,166.2,37.2,92.7,80.0,99.0,99.5,58.5,39.5,39.3,21.6,25.2,15.0,14.0,54.0,23.8,78.7,43.9,38.5,23.6,58.7,36.0,11.807794676806084
61.8,169.7,36.0,87.3,72.0,95.2,101.1,60.7,38.4,34.9,20.1,25.4,15.2,14.0,56.0,26.2,84.2,44.2,42.5,23.8,62.5,36.3,12.316182572614109
84.3,173.2,39.5,94.8,94.2,105.1,104.2,70.0,44.7,41.4,23.5,28.5,16.2,14.3,57.7,26.1,83.0,48.0,41.0,25.3,60.9,36.9,13.693333333333332
79.3,164.7,40.9,98.2,101.5,110.6,115.2,68.4,44.7,40.6,25.2,28.2,15.9,15.8,54.5,24.4,78.7,46.0,39.8,25.3,57.8,40.4,14.60940350877193
72.7,158.9,36.6,102.9,101.9,103.5,106.5,66.4,40.5,35.6,21.1,27.1,14.4,14.1,55.6,24.7,79.0,43.2,41.5,29.0,60.5,37.0,14.823908045977012
64.5,154.5,36.4,96.5,82.9,102.9,105.1,65.3,39.7,36.5,22.2,26.5,14.9,14.6,51.0,23.6,74.2,37.9,37.9,24.3,54.4,37.4,13.604323308270676
75.5,165.9,38.9,102.8,93.7,105.3,110.6,63.9,40.7,38.4,23.3,25.9,15.0,15.0,59.0,26.5,83.6,45.1,41.4,27.0,55.3,40.4,13.617164179104478
55.5,152.2,34.5,89.1,88.5,95.0,98.5,58.1,35.6,35.6,21.1,24.0,14.8,14.0,48.5,21.5,70.5,42.0,36.1,21.9,54.0,36.8,13.08345724907063
77.9,165.1,37.9,99.7,81.6,108.5,108.7,67.7,42.3,39.0,21.3,27.0,14.9,13.4,57.2,25.2,81.3,42.3,42.1,27.7,59.4,37.6,14.880597014925376
76.3,176.7,35.7,101.6,92.2,105.9,104.0,64.1,44.7,40.4,25.2,27.2,15.6,14.5,57.2,25.4,86.2,45.7,43.3,25.3,56.4,37.8,14.805650557620815
78.5,160.8,36.0,100.8,96.5,111.6,101.7,70.3,44.4,41.7,24.7,27.2,15.4,12.8,54.0,23.1,76.8,42.2,40.2,28.5,54.4,35.3,14.979442231075698
71.7,160.5,37.3,99.7,93.1,108.6,104.7,67.7,39.4,36.5,21.1,27.5,15.2,13.0,57.6,24.5,78.9,41.2,42.0,27.6,57.2,36.9,15.045636363636362
67.4,173.4,37.6,90.2,89.5,100.3,103.6,61.5,38.8,34.4,20.4,25.6,15.3,14.3,58.6,25.6,82.8,47.5,40.7,24.2,56.2,37.2,12.22175572519084
73.0,166.1,36.1,97.2,82.9,110.5,98.3,69.1,46.7,39.9,22.2,27.2,16.4,13.3,53.3,24.4,75.5,44.1,40.1,27.0,55.6,34.7,11.950819672131146
75.4,158.9,37.8,96.0,98.0,113.7,103.3,73.3,42.5,39.0,20.8,26.4,15.4,13.2,54.2,24.1,76.8,42.7,39.1,25.8,55.5,35.5,14.62153846153846
77.6,174.1,37.0,91.2,80.0,107.6,105.0,65.5,43.7,42.4,24.6,28.6,16.9,13.9,53.2,24.8,82.7,42.9,40.8,24.0,56.8,36.9,13.295824175824174
81.0,167.0,38.6,107.9,101.2,108.5,108.7,67.7,41.6,37.3,20.8,26.8,15.1,14.0,55.6,25.2,79.9,44.2,41.1,29.0,58.8,37.0,14.362364864864864
66.7,168.0,36.0,86.5,80.1,103.0,99.1,61.5,39.6,38.7,24.4,26.1,15.4,14.2,54.2,23.9,81.0,43.0,40.0,22.6,55.5,36.9,11.422007722007724
79.1,173.6,41.2,95.7,91.5,113.0,107.6,67.6,41.8,38.8,22.6,26.9,15.5,14.9,55.5,24.5,79.0,44.9,40.1,23.5,56.6,39.2,13.291666666666666
76.3,168.2,37.3,99.0,93.7,105.8,107.2,66.3,42.2,40.3,21.5,27.5,15.1,14.5,58.0,28.9,84.5,43.0,41.5,27.8,56.5,38.7,13.284926470588236
65.0,171.4,37.5,93.6,81.1,99.7,107.7,60.1,40.7,38.8,22.0,26.8,15.6,15.3,55.5,24.7,79.8,44.7,40.4,23.4,55.8,39.6,13.012682926829267
51.3,154.6,34.9,85.6,69.1,88.8,93.5,51.5,39.5,36.7,23.3,24.4,15.5,12.6,50.0,21.8,69.5,41.9,35.6,22.4,53.3,34.2,13.157729257641922
59.1,163.4,36.3,91.7,81.3,95.3,99.5,56.8,35.8,35.8,21.9,23.6,14.5,13.8,56.1,25.3,80.2,43.6,39.0,24.2,55.5,36.3,13.519407114624505
65.8,156.8,36.0,93.0,89.0,103.2,101.6,63.7,43.4,38.7,24.7,27.4,14.7,12.5,52.4,23.9,74.2,40.6,36.8,24.0,55.5,35.4,12.778625954198471
50.4,153.6,33.0,87.6,78.2,91.5,93.0,56.5,33.3,31.3,17.8,22.4,13.4,12.1,49.5,22.5,73.5,39.0,41.2,22.5,56.0,33.7,12.067717842323653
68.5,158.4,37.2,96.2,92.7,102.8,103.7,64.3,39.5,38.3,22.3,26.5,15.1,14.9,53.9,24.1,76.7,41.2,38.4,24.2,56.4,37.1,14.32389705882353
62.9,164.6,37.7,88.2,87.4,98.1,102.8,62.3,37.1,35.1,21.3,25.6,15.1,13.8,55.8,25.7,81.0,42.5,41.3,23.6,54.7,37.0,12.439362549800796
56.8,166.4,36.7,89.1,76.5,93.5,94.0,56.8,35.8,35.9,20.7,24.0,14.5,11.5,53.5,23.8,77.5,44.0,39.6,21.7,58.0,35.1,11.575984251968505
66.1,165.8,36.6,90.2,80.0,96.5,105.0,61.3,37.9,37.9,22.1,27.4,15.7,14.5,51.9,22.6,79.5,43.1,38.7,22.6,55.8,37.9,12.634632352941177
68.3,173.8,36.5,91.0,73.4,100.3,106.0,59.7,39.4,36.6,21.4,26.2,16.4,15.5,58.0,25.1,84.0,43.5,37.6,22.7,57.9,39.5,12.190566037735849
79.1,174.5,38.2,92.3,77.5,106.5,108.0,67.7,47.4,41.9,23.2,27.6,16.2,14.4,58.2,26.9,86.7,44.4,41.8,23.4,61.7,39.4,12.40809523809524
90.7,159.5,38.0,107.2,106.1,122.0,110.9,80.3,51.2,45.3,23.3,30.6,16.3,13.9,53.4,23.8,76.2,43.7,37.8,27.1,57.0,38.1,15.00042402826855
78.3,162.5,38.1,98.7,92.6,109.7,102.5,70.5,46.8,42.3,26.1,28.1,15.8,14.3,54.5,24.2,78.1,43.2,38.1,25.4,55.7,38.1,12.121052631578948
70.9,162.3,37.7,96.7,86.5,105.7,103.9,64.5,44.0,41.2,22.7,27.1,15.9,12.6,55.9,25.2,76.0,41.3,40.3,25.1,56.0,36.4,11.328722627737228
50.9,151.8,33.9,84.1,75.2,91.5,93.9,54.0,38.1,36.7,21.6,23.7,14.4,12.7,47.5,22.0,69.5,42.0,34.2,19.5,56.0,34.4,11.356569343065694
62.3,152.5,37.1,100.8,87.7,99.0,101.0,61.9,34.7,35.4,19.9,24.4,14.5,12.7,49.3,21.7,70.6,42.7,35.7,25.8,55.5,35.6,12.652137931034485
66.4,155.7,34.9,91.9,90.0,105.3,97.0,64.8,43.7,38.7,24.0,25.4,14.9,12.1,52.9,24.1,75.0,44.0,36.6,24.1,57.2,34.6,12.157976653696496
92.1,173.0,41.5,109.3,105.4,111.3,117.0,67.5,44.9,43.0,23.3,30.2,16.5,14.3,59.6,27.9,86.3,46.0,41.0,30.5,55.5,38.0,16.733224755700327
67.1,160.1,35.0,98.3,90.3,103.5,100.5,63.2,41.7,36.5,20.8,25.6,15.0,13.5,54.2,24.0,74.2,44.0,38.3,25.7,56.5,35.9,13.095328719723184
54.7,159.7,34.2,83.9,72.8,93.8,97.5,54.9,38.0,34.8,21.7,24.5,14.3,12.9,52.7,23.8,78.8,41.0,39.1,20.5,54.9,35.4,12.089527559055115
78.4,174.3,40.3,102.7,94.7,103.4,107.0,64.6,39.9,37.2,22.7,27.8,16.6,15.0,56.9,25.4,81.2,50.2,39.9,26.3,59.5,39.6,13.749638157894736
59.0,168.3,35.5,92.5,75.4,96.0,99.1,55.7,36.0,35.6,20.1,23.7,15.0,14.0,56.5,25.0,79.3,42.0,40.8,22.1,55.6,37.0,12.287822878228784
76.3,175.2,37.6,101.5,92.1,100.5,108.2,59.4,40.9,41.3,24.4,26.7,16.2,15.2,58.5,26.6,86.5,45.0,42.8,27.2,57.4,39.1,13.19158249158249
70.9,161.8,36.1,96.7,85.1,107.5,98.5,66.0,42.6,38.3,21.8,25.1,14.2,13.4,52.7,23.4,74.3,40.9,36.9,25.4,57.5,35.1,13.34680608365019
70.3,162.0,35.6,101.8,85.1,104.0,99.0,62.7,41.3,36.7,23.2,26.8,16.0,12.3,52.6,23.8,76.9,42.7,38.3,28.3,56.6,34.8,13.735514705882355
58.1,164.9,35.2,86.2,79.0,94.9,100.5,57.7,35.6,36.2,21.2,24.0,14.3,13.5,55.0,23.7,79.9,43.8,38.6,22.5,54.1,37.7,12.45859375
59.3,170.9,37.5,84.6,76.4,92.2,103.7,56.5,37.0,36.0,21.0,23.8,14.6,15.0,58.5,25.9,83.5,44.0,41.2,21.4,55.8,40.3,11.228727272727271
75.3,158.7,37.7,104.4,99.2,105.9,99.6,63.9,44.0,38.8,20.1,26.4,14.6,13.3,49.9,21.1,72.2,44.4,35.4,28.5,55.8,34.8,14.233079584775089
66.2,163.2,35.7,91.7,81.6,95.5,102.5,60.9,40.6,37.5,20.4,27.1,14.7,14.0,53.7,24.1,77.0,43.5,37.7,23.9,57.1,37.4,13.104888059701494
68.3,152.7,34.7,105.7,96.5,102.7,100.6,62.1,38.8,37.3,22.4,26.7,14.6,12.5,50.0,22.5,69.8,44.6,34.4,29.0,54.6,34.0,14.538661710037175
75.8,166.0,40.2,103.4,97.5,102.1,105.1,64.8,42.6,39.5,23.7,27.7,16.9,13.8,51.3,23.7,77.3,47.1,40.1,27.3,57.2,36.8,13.216267605633805
61.3,163.2,35.1,86.4,73.4,98.0,102.6,60.7,41.1,36.3,20.8,24.7,15.2,15.0,56.0,25.2,79.5,43.1,40.6,22.4,55.4,38.4,13.447470817120625
73.0,174.2,36.2,94.2,82.0,103.4,107.2,62.2,40.4,39.2,23.6,26.2,16.3,14.8,56.8,25.4,82.8,48.6,42.6,24.8,55.4,38.3,12.14425087108014
70.0,170.9,35.7,88.5,84.8,103.1,98.7,65.5,41.6,42.4,23.2,27.4,15.9,13.9,54.8,23.8,81.0,45.5,38.7,22.9,56.5,35.0,11.977443609022554
75.1,161.9,38.7,104.8,92.5,103.3,105.3,64.0,39.9,37.7,20.8,27.8,15.4,13.0,52.2,22.9,74.0,43.1,38.0,27.4,55.1,36.7,13.869570957095709
73.8,167.5,36.9,99.6,92.7,100.9,105.7,60.5,40.4,38.5,22.2,27.7,16.4,13.7,55.1,24.2,79.2,46.6,39.4,27.8,54.4,38.2,14.15179856115108
64.2,163.4,35.9,98.8,83.7,100.4,95.1,62.1,40.0,38.2,21.7,25.7,15.1,12.5,53.1,23.2,77.8,43.5,38.2,25.6,57.0,33.4,13.459169811320754
59.5,167.9,36.4,89.2,80.2,98.0,100.7,57.9,36.3,35.3,22.4,24.0,15.0,13.5,55.1,24.3,80.8,42.8,40.7,23.0,55.6,37.6,12.24058394160584
56.9,161.4,34.7,84.8,84.6,94.5,97.9,56.2,37.1,35.5,21.9,24.0,14.7,13.7,54.0,23.8,76.4,44.4,37.7,20.5,53.0,36.6,12.25625
59.6,168.4,34.2,86.1,77.8,98.3,101.1,58.0,36.8,34.3,20.3,25.8,15.4,14.7,57.6,24.8,82.7,44.4,37.7,22.1,54.4,37.3,12.586506024096384
63.1,159.7,36.4,93.7,85.3,96.8,103.5,60.6,39.3,34.9,20.2,27.7,15.0,13.5,51.3,24.0,77.9,45.5,39.0,24.9,56.6,37.5,11.53503787878788
58.9,161.0,35.1,85.5,73.0,95.7,98.4,58.0,36.9,39.3,21.0,23.9,14.2,13.5,50.0,22.7,77.7,40.2,36.8,24.5,53.8,35.1,12.41701244813278
74.6,168.8,37.1,94.3,88.6,110.0,109.1,67.1,42.0,37.7,23.9,26.3,15.3,15.3,57.0,25.2,84.9,44.5,41.6,25.5,60.2,40.1,13.54308510638298
86.4,172.5,39.0,99.7,92.9,115.7,109.5,72.5,44.0,38.6,21.7,27.9,15.6,15.6,59.5,26.7,86.5,45.3,41.9,24.7,58.0,38.9,13.595454545454544
60.8,160.9,38.2,93.6,90.0,94.6,101.0,57.5,36.7,33.8,20.6,24.3,14.6,14.0,53.5,23.3,79.5,44.3,36.5,25.3,55.1,38.7,14.271330798479088
50.4,158.5,35.0,81.0,75.9,90.6,89.9,50.9,36.7,34.3,21.7,22.5,14.9,14.1,50.7,23.1,74.8,43.2,35.6,21.5,55.0,35.5,11.25
54.9,156.2,32.7,88.7,81.6,95.6,93.6,55.5,37.3,35.7,20.8,23.5,14.7,12.8,50.7,23.0,76.1,40.8,36.9,23.6,54.6,34.8,11.873228346456695
53.0,154.7,34.6,89.7,77.0,91.6,94.1,51.6,35.8,33.2,19.7,24.3,14.3,12.7,49.3,21.3,70.5,42.6,33.9,22.5,56.7,34.4,11.971634241245136
69.2,161.1,37.0,96.1,89.5,103.6,103.8,64.2,41.6,38.1,22.1,26.7,15.4,12.7,52.0,22.8,75.8,43.5,38.0,24.8,54.4,36.6,13.468560606060606
71.3,174.0,36.5,100.4,88.0,99.1,105.7,58.2,38.2,38.0,21.2,25.8,15.1,15.7,56.5,24.7,87.0,43.7,42.6,25.4,56.8,39.4,13.653010380622836
70.5,155.5,37.5,97.2,90.4,107.9,102.0,66.0,41.4,40.3,22.7,26.5,15.5,13.1,46.6,21.0,71.8,40.7,35.7,25.8,55.0,35.5,13.578320610687024
69.9,165.0,34.2,97.1,93.8,102.3,101.2,60.1,39.0,35.6,23.0,26.9,15.2,13.7,54.4,24.5,81.3,46.6,40.5,26.4,56.4,37.0,13.101360294117647
65.9,158.3,38.1,91.3,90.6,103.0,102.9,61.6,39.8,38.3,21.2,25.4,15.1,12.8,50.0,22.7,70.8,44.1,33.3,23.8,56.5,37.5,12.230111940298508
63.2,164.7,36.9,85.8,75.0,100.5,99.9,59.3,42.3,37.2,22.2,26.9,15.6,12.9,53.4,23.2,77.2,40.8,36.4,23.4,53.4,35.9,11.579512195121952
69.6,153.2,36.0,94.6,84.5,106.1,103.5,66.9,45.3,38.7,22.3,28.6,15.0,13.7,53.5,24.7,76.9,41.2,37.4,25.7,60.0,35.2,13.314074074074076
59.3,161.9,36.2,92.0,81.1,97.2,99.0,55.6,38.4,33.4,21.3,25.5,14.8,12.0,56.8,25.5,79.7,42.3,37.8,24.4,55.6,36.1,12.21875
69.5,170.4,36.7,90.2,88.8,100.8,103.2,60.4,40.4,39.8,22.9,28.0,15.2,13.7,53.0,23.4,80.9,43.3,39.4,24.4,57.5,36.9,12.885714285714286
79.7,168.9,35.2,97.0,77.4,105.6,106.1,67.1,48.8,45.4,26.4,29.2,16.2,14.0,55.1,25.3,83.4,41.1,40.5,26.5,56.4,36.0,13.75095785440613
61.9,165.7,38.3,91.1,84.6,100.4,100.0,60.3,38.7,34.8,24.8,24.5,15.6,13.4,55.5,25.0,80.2,45.5,38.3,25.4,55.6,38.0,11.876740740740743
67.7,164.7,35.7,92.6,86.1,100.5,100.9,62.5,43.1,36.7,21.3,26.4,15.1,14.4,57.7,25.4,84.0,38.4,41.0,25.1,60.5,36.0,13.315736434108526
54.4,167.0,33.0,89.2,72.4,87.9,97.7,54.1,34.0,32.3,21.3,23.3,15.0,14.7,59.5,26.7,84.2,43.3,41.5,22.5,56.0,37.5,12.71796875
64.6,149.6,37.4,97.1,92.8,100.2,103.0,64.2,39.3,36.2,22.7,26.4,14.5,11.2,52.0,23.0,75.0,42.0,34.5,25.8,57.7,33.2,14.248773946360153
88.2,171.7,38.8,111.7,102.6,110.1,112.0,65.1,39.9,36.0,21.8,29.3,16.6,16.0,60.6,28.1,82.4,45.3,41.8,30.8,55.0,41.2,14.418790849673204
63.4,153.1,36.6,94.3,91.5,104.3,100.1,62.6,40.1,35.5,20.8,24.6,14.5,12.7,50.6,21.8,71.9,41.8,36.8,24.8,55.6,35.4,14.005296296296295
76.5,166.6,36.5,98.1,98.7,109.2,103.5,65.0,41.7,38.7,21.0,27.8,15.3,14.2,56.3,25.2,83.1,45.3,41.1,26.5,56.6,37.4,13.056474820143883
65.4,157.4,35.3,89.2,91.5,104.5,102.7,65.4,40.7,36.4,21.2,25.0,14.4,13.7,51.0,23.1,74.3,45.6,36.1,22.7,55.5,36.4,13.234036363636363
83.7,166.3,38.4,100.0,88.8,110.5,107.5,66.9,47.4,42.0,24.7,30.0,16.8,15.3,56.6,24.6,80.3,47.4,36.1,27.7,63.5,39.7,14.264150943396226
65.2,161.7,36.7,97.5,86.3,98.2,100.5,61.9,38.3,35.1,21.6,26.0,16.0,14.0,55.5,25.1,78.0,39.9,39.6,26.7,55.4,38.2,12.988138686131387
62.4,158.5,35.9,100.5,85.7,96.6,101.5,61.5,37.8,33.6,19.6,24.1,14.5,13.5,55.5,24.2,77.6,43.0,35.9,26.7,57.5,36.5,14.959923664122137
99.4,164.7,41.1,119.5,103.7,121.7,112.0,78.0,50.3,44.4,24.4,30.5,16.6,12.0,56.5,24.4,81.2,44.9,39.6,32.3,58.4,36.4,15.55621301775148
74.8,164.3,37.8,101.6,95.0,107.5,110.0,66.3,39.3,36.8,21.0,26.0,15.6,14.1,55.5,24.4,80.4,42.4,37.9,27.0,61.4,39.5,13.82190812720848
64.9,167.7,37.5,90.1,87.7,99.9,106.3,59.6,38.8,35.6,20.2,25.6,15.6,15.2,57.5,26.9,83.5,44.2,40.5,23.8,60.0,39.5,12.648653846153843
54.2,167.0,35.0,88.9,66.5,91.9,99.0,51.4,35.9,32.8,20.3,23.5,15.3,14.2,57.9,25.5,82.6,41.5,39.7,22.2,53.5,36.8,12.622442748091604
81.4,165.1,38.6,98.3,88.5,116.5,107.9,71.9,43.5,42.3,24.2,27.9,16.5,14.0,54.1,25.3,76.0,42.5,37.0,27.5,53.4,37.7,13.479015151515153
56.3,152.5,35.0,88.3,81.2,96.9,97.8,57.5,38.4,34.5,21.8,25.2,15.3,12.0,49.0,21.4,70.0,41.9,35.1,23.0,53.7,34.4,13.08794466403162
96.7,171.5,40.0,115.2,109.6,119.7,116.0,75.7,44.8,41.7,24.7,28.9,16.5,14.5,57.8,26.0,78.7,47.0,36.6,32.4,57.1,40.4,17.377627118644067
83.7,160.2,39.6,114.8,100.6,103.5,110.5,68.0,46.8,40.2,23.1,30.9,17.2,13.5,53.0,24.0,75.3,45.5,33.9,31.3,56.4,36.8,15.705537459283386
50.2,157.0,35.2,85.5,68.5,87.3,96.4,52.0,36.3,35.6,21.2,24.5,14.4,12.9,50.5,23.1,76.2,40.3,34.0,22.5,56.5,35.3,12.405882352941177
65.7,166.2,37.5,90.1,94.4,100.1,106.0,60.5,38.1,35.5,20.7,25.7,15.8,13.6,56.5,25.1,80.8,44.6,40.0,21.8,58.2,38.4,12.7727969348659
70.7,156.1,35.7,98.3,97.3,106.3,99.3,66.6,41.7,39.1,22.6,26.6,15.3,12.8,52.7,23.4,73.6,44.4,36.9,26.7,56.3,33.6,13.76922794117647
66.9,154.3,35.3,96.8,97.5,108.0,96.8,63.1,41.1,37.7,23.4,27.5,15.8,12.4,51.5,22.3,74.2,42.2,37.5,25.6,56.0,32.1,12.081526717557251
59.7,156.2,35.2,92.3,85.3,98.1,101.7,58.5,37.3,36.6,21.1,25.8,14.6,12.9,53.9,24.4,76.6,39.8,36.8,23.7,56.2,35.3,12.249479553903344
72.0,162.7,36.6,89.7,88.5,107.2,102.4,64.7,43.4,41.2,27.5,29.2,16.4,13.1,53.4,25.0,76.0,43.6,38.6,23.9,55.0,36.8,11.97064056939502
75.0,167.8,38.0,94.0,81.6,105.7,110.5,64.2,43.8,40.0,23.4,29.0,16.8,15.6,53.5,23.8,78.3,43.0,37.8,25.2,57.2,40.3,14.2
67.3,160.8,33.5,99.0,98.2,107.6,103.4,64.5,38.4,35.4,22.0,24.6,15.1,12.4,53.5,23.7,78.7,41.9,41.1,26.3,53.4,36.3,12.935540069686413
78.4,167.2,38.2,90.6,85.6,113.2,98.0,70.8,48.1,43.3,24.7,27.4,16.6,13.0,55.4,25.0,82.6,44.0,38.0,22.9,55.7,35.2,11.282899628252787
51.6,166.1,35.6,76.9,71.0,89.8,95.6,50.6,35.5,34.2,19.8,24.3,15.5,13.5,54.1,23.8,78.1,41.3,35.5,18.8,55.8,36.8,9.313784860557767
63.0,157.4,37.2,101.0,89.0,101.1,103.9,58.3,38.8,35.4,20.4,25.5,15.2,14.1,53.5,23.7,73.7,39.4,39.5,24.2,56.0,37.7,13.766438356164382
79.3,167.0,37.0,104.6,99.0,106.2,107.5,65.3,41.2,37.2,21.7,27.9,16.2,14.0,58.2,27.8,80.8,45.0,38.3,28.7,54.7,38.0,15.326007326007325
56.4,158.5,36.2,89.5,79.3,100.1,101.0,57.0,36.9,32.3,21.1,25.6,14.5,13.9,50.5,22.6,71.4,44.3,34.8,23.3,54.3,37.2,13.126666666666663
68.7,157.4,38.5,99.7,96.2,104.9,97.5,63.4,40.3,36.5,21.7,26.6,15.8,11.0,51.0,22.8,69.8,40.5,33.5,24.3,55.6,33.6,12.03860544217687
59.0,161.7,35.9,84.6,72.7,96.9,98.9,59.5,36.9,36.3,20.7,24.8,14.7,12.9,55.5,25.0,80.3,38.0,38.9,21.2,60.7,35.1,10.658267716535434
60.3,159.2,38.2,90.4,77.0,99.4,104.0,58.7,40.1,36.3,20.2,25.5,15.5,14.0,54.0,25.5,78.8,41.7,36.3,23.7,60.0,38.9,13.686055776892433
69.9,170.5,39.2,99.1,93.0,102.0,103.0,59.8,38.3,35.9,21.9,25.1,15.5,13.6,56.0,24.8,80.3,43.2,39.0,26.0,57.3,37.0,12.975683453237412
57.3,162.0,34.9,87.8,84.9,94.7,96.8,55.7,34.7,33.7,19.7,23.1,14.3,12.5,52.8,23.7,79.6,42.8,35.8,23.5,54.9,33.7,11.56730158730159
65.4,157.9,36.0,95.7,88.2,100.3,99.8,64.7,39.6,37.2,19.2,24.6,14.3,12.0,53.0,24.6,79.0,40.1,36.5,25.1,60.0,35.5,13.986923076923077
60.3,166.1,34.5,87.6,74.9,95.8,96.7,57.9,39.0,34.6,21.9,25.6,15.7,13.0,53.5,23.3,81.2,38.5,37.7,23.0,53.1,35.7,11.77344
77.1,159.5,40.5,95.5,93.5,107.4,109.1,66.8,47.0,40.2,23.4,28.9,16.0,13.9,52.5,23.6,77.8,42.5,36.7,23.9,57.0,39.0,12.87457337883959
76.7,164.6,38.7,106.2,90.3,103.8,108.5,67.0,40.6,38.8,21.5,27.8,16.2,13.5,52.5,24.1,76.2,44.8,35.1,29.2,54.4,37.8,13.702027972027972
66.7,152.2,36.4,93.2,89.0,103.8,101.4,67.4,42.3,36.5,19.6,25.8,14.9,12.0,51.5,23.3,72.5,43.2,35.3,23.6,55.4,35.6,11.302978723404255
78.3,176.0,37.4,92.8,90.0,107.9,107.8,63.5,41.3,39.2,22.5,28.3,16.5,14.5,58.5,25.9,87.5,46.4,41.3,23.5,57.9,39.4,13.3632
51.8,150.5,33.3,85.0,75.2,89.7,97.0,55.3,37.0,36.3,20.1,23.7,14.2,13.5,47.5,21.0,72.1,37.7,32.5,21.8,54.0,34.9,11.333333333333332
66.3,170.8,36.2,83.8,80.3,99.4,97.7,60.3,42.2,39.5,23.1,26.5,16.1,13.0,58.0,25.9,86.1,44.0,39.1,21.9,53.7,36.2,11.488709677419354
65.5,165.9,39.3,93.8,86.1,96.3,110.3,58.9,36.8,35.0,19.3,28.2,15.0,14.5,61.0,27.2,83.9,42.1,38.7,23.7,59.8,40.2,11.765853658536583
69.0,161.3,38.8,100.4,90.6,99.2,106.4,60.5,36.7,35.9,20.7,28.0,16.2,13.5,54.5,24.2,79.7,43.7,38.0,28.1,56.2,36.3,15.095857142857142
68.0,166.6,36.0,90.5,87.0,98.8,104.0,61.4,39.0,34.7,21.6,26.5,15.1,14.2,58.1,26.0,81.6,41.7,39.9,24.3,58.5,37.6,11.863295880149812
60.9,156.5,35.1,91.8,86.0,101.4,100.0,62.8,38.4,34.8,20.8,24.6,14.6,14.2,53.0,23.6,76.7,38.6,36.6,23.5,55.3,34.2,11.667709923664123
64.6,157.8,34.3,85.9,78.5,103.7,98.8,64.5,42.0,37.8,21.5,25.8,15.3,12.0,53.1,24.2,79.5,41.2,39.5,21.9,59.7,35.4,11.803053435114505
54.0,148.0,33.3,88.0,77.0,93.0,96.0,58.3,35.8,36.8,21.9,24.7,14.9,12.5,51.4,23.3,73.3,38.2,35.9,22.2,51.1,34.5,13.01666666666667
53.0,163.6,35.2,82.9,75.6,93.3,95.9,54.3,36.3,34.3,20.9,23.7,14.8,14.5,55.0,24.6,79.9,40.3,37.7,20.7,54.3,37.5,11.020436507936507
78.9,160.8,38.7,94.5,90.1,106.3,111.9,67.9,44.6,41.6,25.5,27.6,15.6,15.0,54.5,25.5,80.3,41.2,35.4,25.0,57.1,40.7,13.29406779661017
43.1,155.2,33.2,82.5,65.8,80.1,94.3,44.8,32.0,32.6,18.2,22.8,13.9,13.8,53.5,23.7,78.7,37.3,37.5,22.0,52.2,35.1,11.022540983606556
74.6,155.9,37.7,98.5,87.3,108.9,108.0,67.7,44.2,41.3,23.2,30.3,17.6,13.9,51.8,24.1,75.1,35.7,36.1,26.0,57.6,37.4,14.632246376811594
71.2,159.5,35.5,99.8,103.3,109.0,96.5,66.7,41.7,38.0,23.0,26.3,15.2,12.9,52.6,24.0,76.7,48.2,36.7,26.0,55.4,35.2,12.970397111913355
72.7,167.4,38.8,101.6,86.3,105.2,110.8,63.7,38.3,36.0,22.0,27.9,15.9,13.9,56.8,24.9,79.9,41.2,36.5,27.3,55.6,39.1,14.257866666666668
61.3,166.1,37.6,84.5,76.1,97.4,101.7,56.7,38.4,37.2,23.0,26.6,16.0,13.2,54.2,23.4,80.2,40.4,38.9,20.4,56.4,37.6,11.5375
57.4,155.0,35.8,87.8,79.2,91.7,99.3,56.5,37.2,31.7,19.6,27.0,15.7,13.1,56.9,25.8,80.0,39.9,35.7,23.9,54.6,36.1,12.41434426229508
65.5,159.7,37.0,90.2,83.2,101.3,102.8,63.0,40.7,38.7,22.1,25.6,14.2,12.6,51.6,24.2,76.8,41.2,36.3,23.9,57.0,35.2,12.725891472868218
57.7,154.3,34.6,88.4,75.3,94.6,102.2,57.4,38.9,36.8,21.8,26.4,15.7,14.4,52.6,23.5,72.9,37.4,36.8,23.4,54.8,37.1,11.949723320158103
58.5,163.6,34.9,83.7,76.0,93.0,102.7,59.8,37.3,35.4,20.8,25.3,15.5,14.0,56.0,26.1,82.3,41.5,37.6,22.8,56.7,37.6,12.850207468879669
62.7,156.3,37.3,92.3,91.3,101.2,98.2,60.4,38.7,36.3,22.5,28.6,15.4,11.5,49.5,22.2,72.2,44.0,35.8,24.0,53.5,31.6,13.476501901140685
53.5,150.6,37.5,90.5,77.9,93.4,103.6,55.6,34.2,34.1,19.4,25.5,14.5,14.7,50.2,22.3,71.8,39.6,32.5,23.5,55.4,37.6,13.266477272727272
65.2,168.9,36.2,85.1,80.3,96.9,104.5,57.1,40.4,38.1,23.3,27.7,15.8,14.0,54.4,24.6,83.2,42.8,40.6,21.8,56.6,37.8,10.746204379562045
70.2,160.0,35.0,99.2,87.8,104.7,104.0,64.4,39.9,38.7,22.6,26.4,16.0,13.7,51.7,23.7,75.6,40.8,34.8,24.2,55.7,37.0,12.932013201320132
93.1,182.7,39.5,102.1,108.0,113.6,113.1,71.6,45.2,42.2,23.0,30.3,16.6,13.2,61.5,26.4,91.8,51.3,44.3,26.7,56.6,38.0,14.89655737704918
53.2,159.4,35.7,82.4,74.2,93.7,99.0,57.4,35.4,33.0,17.7,24.0,14.1,12.9,54.5,24.7,82.9,40.3,39.3,21.5,55.7,35.0,11.125738396624472
73.5,176.8,38.2,97.4,81.7,101.4,115.6,62.4,40.5,37.3,21.2,27.6,16.3,16.1,57.3,27.6,89.8,41.2,40.1,24.9,55.7,42.2,13.905131578947367
55.7,165.8,36.3,78.3,75.9,89.7,96.0,53.0,39.1,38.6,22.0,24.5,14.7,13.6,53.7,23.2,81.8,42.7,40.1,19.2,53.3,36.0,9.92406976744186
65.5,162.9,36.9,94.5,86.5,98.1,100.8,58.2,38.7,36.7,23.3,26.2,15.0,12.9,53.0,23.2,76.9,43.5,38.5,24.6,55.0,36.5,12.379151291512915
69.1,167.2,35.7,97.5,85.5,102.7,101.7,63.3,41.8,39.2,22.7,26.1,15.3,13.8,55.2,24.0,80.6,42.5,41.0,22.8,57.0,36.2,12.088682432432432
96.5,178.3,42.3,101.3,96.7,113.4,113.6,70.7,47.2,43.7,24.3,29.6,17.4,14.7,63.2,28.7,91.0,45.3,44.0,27.1,58.0,39.1,14.028956834532377
70.2,157.1,37.2,97.0,99.2,101.1,107.5,61.7,39.4,37.5,22.2,26.6,15.6,13.2,50.0,23.8,76.5,45.4,35.0,25.8,57.4,35.9,12.320701754385963
52.3,152.5,33.0,83.8,73.6,87.5,99.3,54.2,37.7,35.4,21.3,24.9,14.9,14.7,48.9,23.3,75.3,35.6,34.1,21.2,54.3,36.4,9.928112449799196
66.0,159.5,36.9,92.3,87.6,99.9,103.3,60.2,40.5,35.6,23.1,27.7,15.5,13.9,55.7,24.1,81.2,44.0,38.1,24.8,59.7,36.8,13.24304347826087
81.4,170.8,38.9,100.9,94.7,108.2,110.2,67.0,45.3,43.6,25.7,28.4,16.5,13.6,56.5,24.9,85.5,45.7,41.7,27.5,56.4,37.6,14.242563176895308
95.2,181.8,40.0,102.9,100.0,114.5,114.8,71.0,46.1,45.2,26.0,29.7,17.4,15.9,60.7,25.9,89.1,47.2,40.4,28.4,59.5,41.1,13.790721649484537
65.8,168.8,37.5,83.2,80.2,95.6,103.9,57.2,39.7,36.9,22.9,27.3,15.8,14.8,58.5,26.6,84.4,44.8,43.0,21.0,60.9,36.8,10.48062015503876
50.3,156.8,35.3,78.2,69.5,93.6,92.9,57.2,35.3,32.7,20.0,24.6,14.5,13.9,50.5,23.2,76.0,39.9,34.8,19.9,53.0,33.7,11.609427312775331
54.7,155.5,33.8,88.5,80.7,94.3,97.5,58.2,37.9,35.1,21.2,24.3,15.0,12.2,51.6,23.0,74.4,39.1,37.2,23.4,54.0,34.8,10.28215767634855
68.8,164.5,37.2,98.8,91.8,103.4,105.8,63.3,41.5,36.9,22.5,25.2,15.3,13.5,54.6,24.0,76.3,47.0,37.9,26.3,54.7,39.4,14.099217081850536
60.4,163.1,35.0,83.3,75.0,95.8,96.8,55.6,39.7,39.0,22.5,25.1,15.5,14.0,56.4,25.4,83.8,40.0,40.0,22.8,50.8,35.6,12.075
66.9,156.3,35.7,91.9,88.1,100.5,100.1,63.1,42.2,39.4,22.7,28.5,14.9,12.7,48.5,21.9,74.3,45.7,35.8,26.3,54.9,34.1,13.128571428571428
59.9,156.6,34.4,92.6,80.6,100.0,98.2,61.0,36.7,36.9,21.8,25.1,15.4,12.7,54.2,24.0,76.4,38.6,37.7,23.4,55.7,34.4,11.905714285714286
61.6,158.5,34.6,87.0,87.5,101.4,100.2,62.3,38.1,35.4,19.3,25.0,14.5,12.2,57.8,25.7,81.3,38.2,36.5,22.5,57.5,34.8,13.228278688524592
54.8,151.8,37.5,87.2,79.8,95.2,94.2,57.5,37.4,34.8,20.3,24.2,14.3,10.7,49.6,22.9,73.2,37.4,33.6,23.3,54.7,33.0,11.697560975609756
60.4,159.0,35.4,83.8,71.6,93.8,100.4,58.5,40.1,37.0,21.1,26.6,15.9,13.4,55.2,25.2,80.5,36.7,38.6,21.6,56.6,35.7,11.731999999999998
51.9,146.2,36.8,84.5,82.9,92.0,94.9,56.7,37.5,35.0,20.7,25.5,14.6,11.8,47.1,21.1,69.5,41.7,33.8,21.9,52.4,32.2,12.355179282868525
64.0,159.9,37.1,93.0,94.3,100.7,103.7,59.6,37.4,33.3,19.3,26.0,15.4,13.7,53.0,22.8,74.2,45.4,35.6,24.9,55.8,36.1,12.770149253731343
66.9,166.5,36.7,84.5,83.4,105.8,97.6,62.5,44.3,36.9,21.8,27.3,15.7,12.5,52.5,23.1,82.0,41.1,39.4,21.6,54.3,34.2,12.773255813953488
79.1,171.2,38.9,100.7,95.8,106.3,110.6,64.9,41.4,38.3,21.4,26.0,15.3,14.4,59.0,26.5,82.8,47.4,37.4,28.3,56.2,39.1,13.521554770318025
59.8,163.4,36.8,90.8,79.6,95.8,102.3,59.2,38.9,34.3,20.5,24.6,14.6,14.1,52.9,23.3,82.8,41.5,38.5,23.2,55.4,36.4,12.800751879699249
73.6,162.8,39.5,97.5,86.5,103.0,109.1,62.2,39.9,39.4,22.7,27.3,16.2,13.5,53.9,24.9,79.8,40.9,37.9,25.4,60.5,38.3,14.642857142857142
82.5,162.5,36.4,108.0,105.2,107.7,112.5,67.7,43.4,39.2,21.6,28.4,16.1,12.7,55.5,25.9,81.1,45.7,38.0,29.0,56.4,36.5,15.461052631578948
75.6,171.8,39.0,99.6,88.1,108.3,112.3,62.5,44.2,37.4,20.5,26.0,15.9,15.3,55.5,25.0,80.9,43.2,37.9,26.5,57.8,41.8,14.556923076923075
59.5,160.4,34.5,77.3,76.7,94.6,94.5,59.5,42.1,40.8,22.5,25.6,14.9,14.7,53.5,24.4,78.3,41.9,33.5,18.7,54.4,36.5,10.57094017094017
86.3,174.8,36.2,99.6,97.8,117.1,104.1,71.6,45.3,42.1,23.2,27.3,16.0,13.5,57.0,25.2,84.1,44.5,40.3,26.0,60.1,37.2,13.444240282685511
68.6,165.0,37.5,93.5,93.6,98.3,106.7,57.5,39.2,39.1,21.3,26.6,16.1,15.3,54.9,24.5,79.0,44.5,38.8,25.6,56.0,39.9,13.7328125
76.3,167.9,39.2,96.5,97.0,106.3,110.8,65.7,42.7,40.6,25.2,27.0,16.4,14.1,53.8,22.4,78.7,48.9,37.5,26.1,56.0,39.3,14.585496183206107
72.5,163.5,35.1,99.5,90.4,105.2,104.4,64.5,41.1,37.6,23.0,27.7,16.0,13.1,54.5,23.6,80.2,40.9,40.5,25.3,55.4,36.8,12.176573426573428
63.9,167.3,37.0,86.2,78.3,97.9,105.0,58.0,38.8,36.4,21.7,26.9,15.8,14.7,58.0,26.9,82.3,43.0,38.0,23.1,56.4,38.7,11.78515625
55.9,164.3,34.4,85.6,77.2,92.7,98.0,55.5,37.5,34.0,21.3,23.0,14.6,13.6,54.0,24.5,80.2,41.5,39.4,21.4,55.7,37.4,11.77
76.4,169.1,37.5,96.4,96.0,104.4,104.6,68.2,43.0,37.8,20.7,26.2,14.9,14.0,56.5,25.6,83.9,45.0,38.9,25.6,55.8,36.5,13.638814814814811
69.9,167.2,38.9,96.9,87.1,100.1,104.7,60.5,41.3,38.9,22.8,28.4,15.5,13.6,56.0,25.0,82.8,41.3,40.0,25.5,57.8,37.9,13.508364312267656
63.0,163.8,36.1,83.9,82.5,101.0,103.4,61.2,40.2,36.6,22.0,25.6,15.2,13.5,53.0,24.7,79.2,44.9,38.9,21.5,54.8,38.0,11.739738805970148
60.6,167.6,37.5,80.3,73.4,95.4,102.1,57.8,38.4,35.9,21.2,27.8,15.4,12.9,55.5,24.5,81.8,43.7,37.2,19.8,56.0,36.6,11.342375
68.0,165.5,37.3,91.8,85.2,101.7,103.0,63.1,41.2,39.6,22.7,27.5,15.9,13.5,54.9,24.0,81.1,42.5,38.4,23.9,55.9,37.7,12.438549618320613
65.4,167.5,36.5,91.4,81.3,102.9,98.2,60.7,39.2,37.2,21.5,23.9,15.1,12.5,54.7,23.9,79.8,44.5,36.5,24.3,58.2,34.9,12.27969465648855
53.8,150.8,34.2,82.0,76.5,96.0,97.4,56.3,37.5,35.7,19.7,24.9,14.6,13.0,50.0,24.2,72.9,38.5,35.1,21.7,54.9,34.8,11.526104417670684
73.1,167.9,37.0,100.6,95.5,105.8,103.1,61.6,38.8,36.4,21.1,25.6,15.7,12.4,56.2,24.3,77.8,46.0,38.5,26.4,54.2,33.8,12.929225352112676
76.6,169.2,37.0,97.0,88.2,109.9,109.9,65.9,41.4,39.3,21.7,27.2,15.0,15.7,56.4,25.3,80.6,44.4,38.8,24.6,56.0,40.8,12.757966101694915
57.7,163.1,34.0,88.2,80.0,93.5,94.8,55.2,39.4,35.7,22.5,24.7,15.5,13.0,52.5,23.5,78.3,45.0,38.2,22.9,56.7,33.3,11.146535433070866
59.8,153.3,36.2,90.9,82.7,98.4,98.1,59.6,38.8,36.3,20.6,26.4,15.1,12.5,49.6,22.7,72.3,40.4,32.3,24.2,55.8,34.9,11.802906976744186
68.6,156.3,35.0,99.6,88.7,106.4,103.0,64.1,39.4,38.8,21.4,26.4,15.4,13.0,50.0,22.0,76.3,40.7,37.6,25.7,55.5,35.9,14.474244604316548
70.8,165.5,36.5,90.8,83.0,104.9,108.0,64.0,42.7,38.4,22.5,27.6,16.1,12.7,56.6,24.9,77.5,39.2,37.5,23.6,56.6,37.5,11.840586080586082
48.8,149.6,34.5,78.6,69.7,88.0,90.8,52.4,33.0,34.7,20.1,22.1,14.0,13.2,45.5,20.5,66.5,39.7,33.3,19.8,54.8,33.2,10.6126582278481
76.6,177.7,37.4,93.5,85.7,105.2,106.7,64.4,42.3,38.8,23.2,28.4,16.5,13.2,58.0,26.0,87.5,44.8,40.3,23.8,54.9,38.8,11.77671755725191
58.3,154.6,37.3,89.7,78.8,94.8,102.3,60.5,37.1,35.1,19.9,26.3,14.5,14.0,52.1,24.0,75.0,41.2,34.7,24.1,58.4,35.2,12.735185185185188
68.5,168.5,37.2,90.6,93.6,103.9,101.1,60.6,41.2,37.5,22.7,26.1,15.7,14.0,57.0,24.7,82.5,42.0,40.5,24.0,55.5,36.6,12.124907063197028
58.5,160.8,36.3,85.0,76.8,97.5,100.5,56.6,39.1,36.6,20.0,26.0,15.1,13.8,53.7,24.1,76.3,40.3,36.9,20.9,56.0,37.4,11.17142857142857
71.9,163.2,37.7,92.9,83.3,104.4,108.5,65.3,42.5,39.9,22.5,28.8,16.2,14.6,56.2,25.6,81.5,44.6,36.7,25.0,56.7,37.8,12.92218045112782
64.9,169.0,38.4,89.2,80.2,99.3,107.8,60.0,39.5,36.0,21.1,26.8,15.6,14.9,57.0,25.3,85.4,41.5,39.4,20.9,57.5,39.3,13.134945054945057
58.3,165.5,36.1,79.8,74.2,92.6,101.1,55.7,37.2,37.0,22.3,26.7,15.5,13.7,55.6,23.7,81.7,40.1,36.4,19.2,55.4,37.2,11.435905511811022
64.8,157.4,34.2,93.3,85.0,102.7,99.5,60.4,40.5,39.8,20.5,26.0,15.5,13.7,54.0,23.9,77.0,38.8,39.0,25.0,54.1,36.4,13.354705882352942
56.4,165.9,35.5,84.1,75.8,92.3,100.1,53.8,38.5,37.1,22.7,26.3,15.3,13.4,54.8,24.6,80.9,41.3,37.2,20.2,55.5,35.2,12.040885608856088
47.8,154.1,34.6,81.2,70.6,87.0,96.2,51.3,34.3,33.4,19.0,23.5,14.5,13.2,49.0,21.5,70.8,39.8,33.1,19.8,56.0,35.1,10.804297520661155
59.1,167.5,35.5,84.3,77.5,95.1,102.2,57.5,37.0,34.9,19.8,25.7,15.7,14.0,58.3,26.5,85.3,39.5,38.3,21.0,56.5,39.1,13.3475
66.5,165.2,37.0,93.6,91.2,103.8,105.1,60.1,40.8,37.2,21.1,24.4,14.7,13.7,54.5,24.1,77.9,46.7,39.5,23.9,56.3,38.3,13.489411764705885
64.9,159.3,37.0,94.5,88.6,104.2,102.1,62.0,39.5,36.8,20.7,25.8,14.9,13.4,53.9,23.5,76.3,41.6,37.3,24.7,54.4,35.9,12.748909090909091
51.2,156.5,34.9,78.4,75.5,90.5,94.0,53.9,35.4,35.2,21.1,23.8,14.7,12.0,50.5,22.2,73.5,40.2,34.3,18.3,55.3,35.3,9.952
49.6,153.0,34.6,80.4,76.5,87.2,91.5,52.2,35.5,34.3,19.8,22.7,14.2,12.7,49.5,22.5,71.6,42.0,35.1,20.0,53.4,34.6,10.524463519313306
74.4,160.0,38.0,93.2,89.7,102.6,108.3,66.3,45.5,39.5,22.2,27.3,15.4,14.1,52.4,24.0,76.4,38.6,35.5,26.7,56.5,39.0,15.616335877862596
68.0,161.5,37.2,92.7,86.8,98.4,102.0,59.4,40.7,38.0,23.4,26.2,16.4,13.5,53.5,26.1,79.8,43.9,38.2,24.2,59.5,36.7,12.688973384030415
50.6,155.7,35.3,78.3,79.0,90.0,98.5,52.8,35.6,33.5,19.0,24.5,14.6,13.5,53.1,24.6,77.5,41.0,38.2,19.2,56.5,35.2,11.23983870967742
59.1,167.9,37.5,84.6,78.5,93.8,100.8,54.1,36.0,34.0,21.3,24.3,15.0,13.3,56.6,24.6,80.2,43.4,37.3,20.9,56.8,36.5,11.083255813953487
71.2,166.2,38.4,90.9,86.4,104.5,103.0,63.3,43.2,38.8,22.7,27.2,16.1,13.4,54.9,24.9,80.2,45.0,38.2,23.8,55.9,36.8,12.286483516483518
84.4,169.6,39.2,112.1,96.7,112.1,110.5,66.5,40.5,37.8,21.2,28.0,16.6,13.9,55.5,23.5,81.1,43.4,40.7,32.2,56.9,37.1,15.73333333333333
54.7,165.7,34.9,89.2,76.0,93.9,98.8,54.8,34.0,33.9,19.0,23.2,15.1,14.9,59.0,27.8,83.5,40.6,40.4,22.5,56.1,38.4,11.656818181818185
48.7,149.5,34.4,81.4,72.6,90.3,96.5,55.4,37.7,36.4,20.8,24.5,14.7,13.0,47.5,21.3,68.4,42.2,32.6,19.3,55.5,35.6,11.171902834008096
61.2,164.4,34.0,93.9,84.2,98.9,99.5,57.9,37.4,35.5,21.2,24.3,15.0,13.7,55.5,24.3,79.2,43.8,38.8,25.3,55.4,36.6,13.160501930501932
72.2,165.2,36.2,93.3,86.5,103.5,104.5,64.0,45.2,40.3,22.0,27.0,16.7,12.9,55.0,23.7,79.3,42.6,37.1,23.0,56.1,35.3,13.09720754716981
56.7,156.6,34.8,89.4,88.8,95.9,96.4,57.5,37.2,34.7,19.8,24.3,14.2,12.5,52.5,22.9,77.8,42.9,36.0,22.5,55.7,32.2,12.22265625
68.8,165.3,37.4,95.7,81.9,100.2,107.7,61.7,43.1,38.2,21.8,28.0,16.5,14.1,55.1,25.4,81.6,45.6,37.9,23.6,58.1,38.7,12.67667910447761
54.2,160.4,32.1,78.7,73.9,94.5,94.0,55.8,40.4,37.0,20.7,23.0,14.6,12.5,51.1,22.3,74.7,42.3,36.2,19.0,54.8,34.6,10.450327868852458
61.1,159.4,36.1,85.3,80.5,98.0,100.6,60.3,42.1,37.4,21.4,26.3,15.9,13.1,51.5,22.8,76.3,39.7,34.6,22.0,54.5,36.4,11.908549019607843
67.2,162.7,41.0,98.9,88.0,103.8,102.9,58.8,38.7,35.0,20.3,24.0,14.7,13.2,53.1,23.6,76.1,43.2,35.7,25.6,56.6,36.5,12.927883959044369
74.9,172.9,38.0,92.7,81.0,102.9,105.5,63.1,44.2,40.6,23.0,28.5,16.2,13.2,57.1,26.5,85.5,41.0,39.1,24.0,60.6,37.4,12.723529411764703
58.5,160.2,34.9,88.3,80.3,92.8,98.7,54.3,40.0,36.2,20.7,23.9,14.9,13.9,52.7,23.0,77.3,45.1,37.2,21.7,53.7,36.9,12.376184738955825
60.5,161.5,34.0,93.0,78.7,97.7,102.2,57.5,37.7,35.7,19.5,25.6,14.9,13.4,54.1,24.1,78.3,40.4,39.8,25.2,55.0,35.8,13.055769230769233
60.1,164.5,34.9,86.2,78.7,98.6,100.7,57.7,38.8,36.9,22.7,25.1,15.1,13.7,52.8,23.2,76.5,43.3,37.4,20.6,54.5,37.2,10.994566037735847
62.1,162.3,35.5,87.7,82.1,94.8,95.5,57.8,42.0,40.5,22.4,25.6,15.2,12.8,53.0,23.2,75.9,44.6,36.0,23.2,54.4,33.3,12.227053941908714
60.9,159.5,36.4,83.0,72.3,92.2,101.3,57.7,40.6,37.3,21.7,27.0,15.3,12.2,52.0,24.3,78.5,39.6,38.4,22.1,55.8,35.5,12.45
47.0,148.0,34.7,79.8,62.8,83.3,93.2,52.0,36.4,32.8,20.0,24.9,14.4,12.0,47.6,21.8,68.5,36.1,31.7,19.7,58.5,33.9,11.446721311475413
78.6,169.6,36.0,95.5,95.1,108.5,104.3,66.5,47.8,41.0,21.9,27.3,16.0,14.4,56.7,26.4,83.1,42.8,44.0,25.1,59.8,37.6,10.838754325259517
72.5,168.0,36.4,95.8,85.7,106.6,106.5,64.8,39.8,39.1,21.5,28.6,15.7,14.1,55.1,24.4,85.3,43.0,41.4,24.5,56.6,38.4,14.40628787878788
51.6,159.0,33.6,78.7,72.6,89.4,94.7,53.6,37.3,33.3,19.5,24.0,14.6,12.8,54.2,23.6,77.5,38.8,37.7,19.7,55.4,35.3,10.94206140350877
50.1,152.9,36.0,80.2,70.0,87.0,92.7,54.3,37.8,37.5,20.6,24.3,14.4,12.4,48.0,21.6,70.7,39.5,35.7,20.5,56.0,34.9,10.413064516129031
62.6,155.1,35.3,91.7,86.0,98.0,98.3,59.7,38.6,35.7,19.7,25.7,14.7,12.2,51.0,24.5,76.5,40.4,37.8,24.7,53.4,34.2,10.989444444444445
78.7,170.9,37.3,94.2,83.2,107.2,105.8,68.7,45.5,41.0,22.2,26.6,16.3,13.2,58.5,26.7,86.7,43.9,39.2,26.0,58.4,38.0,13.634210526315789
57.2,158.9,36.4,94.7,81.8,92.7,100.6,53.0,36.4,34.2,20.0,24.7,14.8,12.5,51.5,22.4,73.7,43.2,39.3,24.8,55.1,33.9,14.987644628099172
67.0,161.6,37.7,90.2,81.3,105.8,102.4,65.6,37.7,34.8,19.4,24.4,14.4,13.3,57.1,25.5,82.1,39.6,41.8,23.4,59.8,37.4,13.842938775510202
53.5,164.3,34.9,82.5,70.5,92.5,93.0,55.5,37.1,33.7,20.0,24.1,15.2,12.0,51.0,21.5,77.5,42.1,33.8,20.9,54.5,36.0,10.272373540856032
63.8,158.7,33.7,84.4,76.8,103.7,99.5,64.7,40.8,36.9,20.5,25.8,15.0,13.3,53.7,24.4,79.4,38.6,37.5,20.7,57.6,35.0,11.675333333333333
75.2,169.1,38.6,88.8,77.9,104.3,104.3,66.9,46.7,42.7,23.4,27.9,16.1,13.6,58.6,25.5,82.3,42.8,42.0,23.3,57.8,35.1,14.125569620253165
51.9,155.8,36.8,82.4,69.9,89.4,99.2,53.2,34.6,33.8,20.0,24.3,14.6,14.1,50.4,23.6,75.3,41.4,38.0,20.8,56.7,36.4,12.045762711864407
60.2,161.1,36.3,84.3,76.8,96.1,99.0,58.5,38.7,37.3,20.4,24.7,14.9,13.5,56.3,25.0,80.6,38.6,37.3,21.2,61.1,35.9,11.455282258064518
70.1,172.4,37.9,91.5,89.8,101.1,106.1,59.9,40.7,39.2,21.1,27.3,15.7,14.0,59.0,25.0,86.7,44.2,45.7,23.7,56.8,39.2,12.49589552238806
78.2,162.3,38.2,95.8,90.0,106.3,106.6,66.4,46.3,40.8,25.5,30.2,16.9,13.8,52.9,23.6,76.7,43.3,36.7,24.2,57.2,38.3,13.474028776978418
61.1,168.6,35.6,88.0,79.1,90.3,102.1,56.2,39.5,35.4,23.0,25.5,16.2,14.7,53.9,23.8,80.5,44.1,42.5,22.1,56.4,37.6,12.63938223938224
63.1,158.7,37.9,101.1,89.5,97.3,105.1,57.8,35.9,33.0,18.7,24.4,15.0,13.4,52.9,22.4,74.0,44.4,37.9,26.5,54.3,35.1,13.819424460431652
54.0,154.6,35.5,80.3,71.0,90.3,96.0,55.2,40.4,37.0,19.9,25.7,14.6,12.4,53.1,23.5,71.2,41.8,34.8,18.4,57.0,32.9,9.910039682539685
61.9,168.2,37.6,91.4,82.7,94.1,103.3,55.8,35.6,32.5,20.4,25.3,15.5,12.5,56.2,24.1,85.6,41.9,45.3,25.3,59.9,35.4,12.894605809128633
57.7,151.9,36.3,84.8,81.2,98.5,98.1,58.5,40.7,36.7,20.9,24.9,14.4,13.2,49.5,22.2,71.7,40.6,33.7,21.1,55.3,34.9,11.607604562737643
67.3,163.1,38.3,86.7,80.8,100.2,102.9,62.9,44.1,38.7,22.5,28.6,15.4,12.1,55.4,25.1,82.8,41.7,38.0,21.7,54.5,35.4,11.99407114624506
60.8,152.5,38.4,90.9,78.9,102.7,98.8,60.9,40.8,38.3,22.7,25.0,14.7,12.2,51.1,23.2,75.3,36.9,34.5,22.9,53.3,35.9,12.437093023255814
90.5,165.7,39.5,111.0,109.2,115.8,107.2,71.9,48.2,43.8,24.2,28.5,16.7,13.5,54.0,23.4,78.9,45.5,36.5,29.6,56.5,37.2,16.496896551724138
68.2,165.3,36.7,97.5,81.5,99.5,102.5,62.3,38.5,36.3,20.6,26.8,15.7,15.2,54.6,25.3,81.6,40.9,39.0,26.7,56.0,35.7,13.583015267175574
68.3,144.7,35.2,101.8,93.7,103.6,97.1,65.0,41.7,39.9,21.6,27.8,15.0,12.0,45.9,20.2,67.8,40.4,32.8,27.3,54.0,35.0,12.566520146520148
77.8,161.5,39.0,106.8,104.0,105.6,109.2,64.2,39.8,35.6,20.7,29.2,15.8,13.5,54.2,24.6,80.8,45.5,38.9,27.1,58.2,38.3,14.04290657439446
64.8,173.2,35.2,95.8,85.4,100.9,99.1,57.3,39.0,35.7,21.2,25.8,15.6,12.5,57.0,24.5,85.5,44.5,41.2,25.8,55.5,36.5,12.62305882352941
108.2,173.3,40.8,121.2,107.6,126.5,115.9,79.2,51.2,45.6,23.5,30.3,17.2,13.2,59.2,25.2,84.6,47.3,40.3,33.2,56.9,37.9,16.880000000000003
87.5,176.0,36.0,100.4,103.1,116.5,103.3,72.8,45.6,38.8,22.6,28.7,16.3,13.6,59.4,26.3,85.7,46.7,40.6,25.7,54.4,33.9,14.056
78.8,166.9,41.0,105.2,93.0,107.8,112.5,64.1,43.4,39.3,23.1,28.4,16.6,14.9,56.4,24.7,80.3,40.9,39.4,25.3,58.9,40.6,15.317972972972973
84.4,160.2,37.0,107.3,97.6,112.4,108.5,73.1,52.2,43.3,22.0,30.5,15.7,12.6,56.7,25.6,80.6,42.7,37.0,28.3,55.2,36.3,16.387636363636364
66.7,161.1,37.3,91.0,91.6,99.8,101.4,59.0,41.7,37.6,21.1,26.8,14.7,12.7,53.3,23.8,75.7,43.8,38.2,23.4,55.6,36.3,12.985393258426967
74.9,160.7,36.1,105.7,92.7,103.0,108.0,63.1,41.4,39.5,21.2,28.7,16.0,14.9,56.6,24.3,82.6,40.0,39.9,28.5,59.5,37.7,14.715830388692575
82.7,158.2,37.3,104.3,103.2,115.8,104.7,71.6,45.0,41.4,21.7,27.8,15.8,12.5,52.4,23.2,74.3,39.8,36.6,28.3,54.5,35.2,15.450410447761191
69.5,163.6,35.7,90.2,92.5,105.7,103.1,66.4,42.3,37.8,21.0,26.5,15.2,12.8,53.4,23.9,79.8,43.1,38.1,23.6,57.4,37.1,13.044307692307692
69.7,170.2,37.3,90.9,88.9,102.7,103.3,59.0,38.1,38.3,23.2,28.8,17.0,14.4,56.0,25.5,82.9,44.0,42.2,23.9,56.1,36.6,12.380037313432837
52.8,159.1,37.0,78.3,70.8,88.7,100.4,54.0,35.3,34.6,19.6,25.4,15.5,12.0,55.5,25.5,77.5,38.8,38.5,18.1,56.3,35.7,10.606374501992033
78.5,172.4,39.6,103.6,92.5,106.2,103.9,64.2,42.5,38.4,22.4,27.8,16.4,13.0,55.1,25.2,81.9,45.3,42.3,26.7,55.7,35.7,12.432
66.9,165.7,39.2,96.5,83.3,103.0,106.0,59.9,37.7,37.3,21.3,26.2,16.6,13.3,59.4,27.3,82.0,39.2,39.6,24.9,57.1,37.6,14.215192307692307
55.6,159.1,36.4,83.0,82.7,92.9,98.7,55.0,38.8,35.7,20.7,25.6,16.0,13.0,52.0,22.1,74.5,45.5,35.6,21.4,55.1,36.9,12.063953488372093
84.0,163.0,36.9,107.7,104.2,116.0,108.0,69.2,45.8,42.0,21.3,27.3,15.7,11.6,55.1,23.2,76.4,43.1,38.6,28.7,55.5,33.8,15.328089887640449
83.1,173.0,41.4,94.5,96.1,106.1,105.6,65.0,48.4,45.2,26.7,30.5,17.0,12.5,55.4,24.1,82.7,47.0,37.6,24.8,55.8,37.2,12.496153846153844
73.5,169.5,38.2,94.3,86.6,106.4,102.1,66.5,44.4,38.3,21.8,26.3,15.7,12.5,55.2,25.1,83.7,43.0,39.8,24.2,61.1,35.8,12.997153558052435
76.3,159.8,37.4,94.8,91.1,111.0,105.8,70.2,43.9,39.7,22.1,28.2,15.7,14.3,56.1,24.8,78.8,42.1,37.9,24.6,57.5,37.5,13.830895522388058
63.7,160.6,37.5,95.3,87.5,100.6,101.3,59.2,38.3,35.3,20.3,26.0,15.7,12.8,52.7,23.5,75.2,43.0,35.9,25.3,56.3,34.9,13.285315985130111
70.0,164.4,37.6,97.5,90.6,101.6,100.5,62.9,41.3,37.6,20.8,26.5,15.7,12.5,54.1,24.9,81.4,40.5,38.7,26.0,58.1,36.7,14.9296875
62.6,157.5,36.2,92.3,83.5,103.7,99.4,61.1,41.0,37.1,20.9,25.8,15.5,12.4,50.0,22.2,73.7,41.7,34.1,23.2,56.8,34.8,12.564030418250953
60.7,164.2,36.6,88.1,78.7,96.0,98.6,58.5,40.6,35.5,20.8,25.1,15.4,12.3,54.7,24.2,79.0,39.6,38.5,23.0,56.3,35.2,11.75850806451613
70.5,161.5,37.0,98.6,94.3,103.1,106.0,63.5,39.5,36.1,19.8,28.1,15.9,12.0,59.5,27.0,81.4,41.0,38.8,25.9,55.7,36.3,11.789130434782608
68.9,157.0,36.6,98.8,91.3,111.0,99.3,64.6,41.5,39.0,20.6,27.3,15.0,12.5,52.0,23.8,75.6,43.2,36.9,27.9,55.8,34.6,16.480504201680674
63.3,160.7,34.0,89.6,77.8,97.4,102.5,60.1,40.8,38.8,22.7,26.8,15.0,14.5,51.5,22.6,78.9,39.1,39.6,22.6,55.6,34.9,12.233846153846155
56.4,162.6,34.6,82.3,72.2,91.6,97.4,52.9,38.1,37.4,21.3,25.5,15.4,13.3,56.5,26.1,82.3,40.5,39.5,22.0,58.5,34.5,11.33759336099585
72.9,172.9,35.3,93.5,84.3,100.9,106.0,59.0,40.9,38.9,22.6,28.4,17.0,15.5,58.0,25.5,83.8,43.0,39.5,24.0,58.4,39.6,11.781684981684982
61.8,150.1,35.5,93.2,78.2,97.0,97.7,62.6,40.3,37.3,21.3,25.5,14.8,11.4,50.0,21.7,74.5,35.3,35.2,25.3,58.2,33.3,13.512128514056226
61.8,165.7,37.0,88.3,79.1,94.7,101.2,58.9,38.1,35.9,20.6,26.2,15.0,12.2,54.8,24.4,81.9,40.6,39.8,22.1,57.0,34.8,11.225736434108528
54.6,161.4,35.2,81.3,76.1,91.1,98.1,55.2,35.8,33.0,20.9,23.0,15.4,12.9,55.3,25.3,82.9,40.7,39.5,22.5,54.8,36.6,11.614285714285716
68.6,166.0,36.6,95.4,85.3,101.5,106.2,60.5,41.4,36.7,21.8,26.0,15.8,14.0,56.5,26.2,82.9,41.0,38.7,24.5,58.2,38.5,13.398876404494382
64.1,167.5,37.4,88.4,72.5,92.7,102.1,58.1,42.0,37.1,21.8,26.9,15.8,13.1,53.5,25.1,82.1,39.3,39.8,23.1,57.5,37.5,13.383266932270915
63.5,163.8,36.7,86.5,77.9,97.0,104.6,59.0,39.1,37.3,21.0,27.4,15.8,13.4,59.7,26.4,84.0,39.7,40.9,23.3,56.0,38.2,12.34717741935484
63.4,158.4,34.2,86.9,83.4,101.0,99.3,65.4,42.7,35.5,20.4,26.1,15.5,12.5,52.6,23.9,81.8,38.0,38.7,23.3,54.7,33.4,12.166
68.4,168.0,36.9,92.7,80.0,102.1,106.2,62.5,43.0,37.4,22.3,26.6,15.1,15.0,55.0,25.0,81.1,44.5,38.4,23.0,57.6,38.6,12.541764705882354
68.0,166.7,34.2,89.6,83.5,96.5,105.9,60.8,42.6,40.1,22.8,27.7,15.3,14.5,57.4,25.4,82.2,45.2,39.7,21.8,55.3,37.4,12.74311111111111
75.1,175.8,37.8,94.6,82.5,105.3,107.2,63.5,43.5,38.4,23.7,27.7,17.2,14.2,57.8,25.7,85.9,45.1,41.2,24.4,57.0,36.7,11.7304
85.1,168.8,38.7,95.0,96.2,113.9,110.5,70.0,47.7,42.3,24.1,28.5,17.0,13.9,57.9,25.6,84.8,42.2,37.9,26.5,58.7,39.0,14.74626865671642
58.2,163.6,36.9,89.5,82.3,96.5,99.3,56.7,37.4,33.3,21.6,25.0,15.4,12.1,56.8,23.4,77.5,40.9,36.7,23.0,55.8,35.5,11.67825278810409
70.9,160.7,36.3,91.0,84.6,103.6,105.0,64.0,45.4,40.2,21.8,28.0,15.5,14.1,52.4,25.5,76.9,39.0,36.9,24.1,58.2,37.5,12.85114503816794
66.4,159.4,38.2,87.6,95.9,106.2,96.8,61.6,42.8,38.0,22.0,26.6,14.5,12.8,52.8,23.6,77.8,44.5,34.8,23.2,52.8,34.5,12.09402985074627
75.7,169.4,39.3,96.2,90.7,102.5,105.0,61.7,45.4,40.8,23.8,27.4,16.6,13.6,55.4,24.0,79.4,45.1,36.4,27.0,56.6,36.9,13.468
63.2,160.6,35.6,91.0,80.7,99.3,103.9,60.4,39.4,36.2,20.8,26.9,15.6,13.6,54.9,25.7,79.4,40.1,38.2,24.4,57.8,36.8,13.473643410852713
67.4,168.7,36.2,86.3,85.3,98.7,98.3,59.9,39.7,36.9,22.7,25.6,16.1,14.0,58.7,27.9,83.8,43.3,39.3,22.3,60.0,36.7,11.657459677419356
60.2,157.4,34.2,89.6,75.3,97.8,106.2,60.7,37.7,35.9,20.7,26.4,15.1,13.2,54.4,23.8,79.9,36.2,36.9,22.7,56.6,38.4,13.098152610441767
61.6,160.3,36.3,89.8,83.9,96.5,98.8,55.3,40.0,35.7,21.7,26.0,16.3,12.8,55.5,24.8,78.3,40.6,36.6,24.0,55.7,35.8,12.757301587301589
58.4,155.9,36.3,92.1,76.2,92.2,99.8,59.3,38.5,36.3,20.6,27.0,15.1,12.9,52.4,22.4,78.1,38.5,35.8,24.5,55.2,35.6,12.781224489795918
71.7,165.9,37.0,91.4,86.1,104.2,106.7,62.0,40.7,38.8,21.5,27.8,15.5,14.3,54.3,24.1,78.7,42.8,36.1,22.4,57.7,38.8,12.934584837545126
60.6,161.4,35.8,92.0,84.5,96.0,97.3,57.0,38.9,34.4,20.3,25.9,15.5,14.8,52.8,24.2,77.4,41.9,34.9,25.7,53.6,33.8,12.50625
64.8,163.0,37.9,86.9,81.8,99.4,103.2,60.0,41.2,40.2,22.6,26.3,16.0,12.8,56.1,25.4,79.0,41.9,37.6,21.9,54.7,37.8,12.679961089494164
47.8,143.5,34.2,86.0,76.0,88.5,93.5,53.7,36.7,34.4,19.7,23.5,14.6,11.2,44.4,19.4,65.3,39.8,31.1,22.2,54.0,32.2,12.43801652892562
75.1,167.2,37.2,95.1,88.5,103.7,105.5,63.0,41.0,38.9,23.0,28.6,16.5,14.4,55.2,25.1,82.3,43.5,41.4,26.1,59.3,37.8,12.800532319391635
73.9,170.8,38.2,93.6,87.2,102.0,105.8,62.5,40.7,38.0,21.3,29.0,16.7,12.9,58.9,25.9,88.0,39.9,42.3,24.5,62.0,37.5,13.410327272727272
68.6,167.6,38.5,101.7,88.7,99.1,104.4,54.4,38.5,38.2,21.7,26.3,16.0,12.8,54.6,23.4,77.8,45.7,38.9,26.3,57.5,37.1,15.095540069686413
62.0,160.9,36.8,84.4,78.8,101.8,99.9,60.6,39.5,36.3,22.2,25.7,15.4,12.9,52.5,22.8,76.8,41.4,37.5,20.2,57.6,36.1,12.871
74.0,159.0,37.8,100.0,93.7,105.5,101.4,63.8,43.7,43.7,24.4,27.3,15.8,12.5,52.5,22.4,75.3,45.2,37.1,27.3,56.2,35.2,13.297101449275363
59.8,162.9,37.7,83.2,79.8,94.6,101.7,55.2,39.4,35.5,21.7,25.9,15.7,14.3,55.3,23.7,80.9,40.3,38.8,20.7,57.1,36.2,11.4244776119403
64.5,159.8,36.4,88.8,82.6,98.7,102.3,61.0,39.8,37.4,21.7,26.3,15.8,13.0,55.4,24.9,78.1,39.4,35.2,24.6,56.3,36.1,11.91219512195122
56.3,156.0,34.5,89.5,76.1,93.9,96.3,55.8,38.6,35.5,20.5,24.3,14.5,12.6,55.6,25.3,80.4,38.6,39.0,23.4,58.8,34.0,13.104008438818568
68.6,168.8,37.3,91.9,82.2,95.9,103.6,59.8,40.7,38.8,21.2,28.0,15.6,13.6,56.5,25.7,83.7,47.2,39.1,23.5,54.8,37.6,12.311793893129773
69.6,174.5,40.1,90.6,80.3,97.0,109.8,59.1,38.7,35.4,20.5,27.0,16.3,16.0,58.1,26.5,87.0,43.7,43.5,24.9,58.4,39.7,13.094264150943394
63.1,167.3,36.5,86.5,79.1,95.5,101.5,58.8,36.5,34.9,20.3,27.2,16.5,13.2,57.0,25.1,85.1,39.9,40.0,23.3,56.3,36.0,13.55755102040816
72.9,166.2,39.3,95.0,84.6,103.5,108.0,64.1,40.6,36.5,21.7,29.7,16.2,14.5,55.5,24.0,80.6,42.0,38.6,25.8,57.1,39.1,14.742592592592592
54.8,157.6,38.1,90.6,76.2,88.9,101.6,51.7,35.2,34.1,19.0,24.7,14.9,13.6,51.4,22.3,73.0,42.8,32.9,24.8,55.5,37.1,12.921639344262298
65.0,172.0,36.0,90.8,86.0,95.4,101.4,58.5,37.4,35.9,19.7,25.6,15.8,13.0,57.6,24.9,85.3,44.0,40.8,24.2,54.0,35.8,12.21103448275862
70.0,170.1,35.0,90.6,86.7,103.3,104.9,59.5,41.0,38.1,22.5,26.5,15.8,14.7,57.0,25.7,83.2,41.9,38.0,22.8,56.4,38.8,12.034415094339622
58.0,162.0,34.8,81.5,79.3,93.0,98.6,54.0,35.9,36.4,19.8,25.1,14.6,13.5,54.7,23.5,78.0,41.6,39.2,21.7,57.0,35.5,11.713562753036436
73.8,167.0,37.9,95.2,92.8,104.4,108.0,62.8,41.1,37.3,22.7,26.4,16.0,14.1,55.4,23.9,79.6,42.2,36.8,24.1,56.7,38.5,13.056944444444444
47.8,163.0,34.0,77.5,67.2,85.3,93.2,47.6,33.3,33.0,19.5,22.9,14.4,12.0,54.6,23.6,78.7,39.5,39.6,19.8,55.8,36.0,12.624434389140273
58.3,163.6,34.9,81.5,78.5,95.8,96.7,57.1,37.5,34.6,21.6,24.4,15.2,13.2,53.8,23.4,79.7,41.0,38.8,20.0,54.2,35.2,11.101968503937009
84.9,171.4,37.5,95.6,91.6,117.7,103.0,72.8,49.3,45.5,25.4,30.0,16.9,11.5,56.0,24.8,83.5,45.8,37.1,24.4,59.1,36.7,12.301470588235295
73.2,170.2,33.6,92.7,85.4,102.7,104.8,65.5,43.4,40.7,23.3,25.7,15.3,13.7,57.1,24.5,85.3,42.0,40.3,24.3,57.4,37.5,12.780330882352942
60.9,159.0,34.2,85.5,77.8,98.1,98.5,61.4,43.1,38.0,20.7,25.6,15.0,11.9,52.3,22.7,78.0,40.5,37.8,22.7,55.1,35.7,11.935102040816329
65.4,164.3,35.3,90.0,77.1,103.1,103.0,59.8,40.7,38.9,22.7,25.9,15.2,14.0,54.1,23.8,79.5,43.5,36.0,22.6,55.8,35.5,12.163043478260873
83.2,176.9,41.8,94.6,89.7,110.1,112.3,65.8,43.7,40.5,22.5,27.8,16.4,13.7,59.9,26.2,86.8,44.2,39.4,23.1,57.7,39.6,14.368797250859108
59.1,154.9,36.2,88.2,82.2,97.0,102.7,58.1,39.8,35.7,20.4,25.7,15.7,14.2,50.9,22.3,74.5,41.3,35.9,22.1,54.3,37.1,12.159926470588236
69.5,153.3,38.4,97.3,93.5,98.5,112.9,59.9,44.8,40.7,22.9,29.3,16.5,15.2,49.9,22.5,69.8,40.0,33.8,25.6,56.0,39.6,14.521842105263158
60.9,159.2,36.9,84.8,82.8,96.4,98.9,58.5,39.6,37.2,20.7,25.6,15.3,12.5,54.7,24.7,76.8,40.2,36.0,22.3,57.3,34.4,11.793613445378153
65.0,160.9,36.4,90.3,84.1,97.5,104.9,58.8,40.6,36.7,21.2,26.3,15.8,14.2,54.5,24.0,77.8,43.5,35.1,23.4,56.7,37.8,13.741304347826087
55.0,156.9,34.4,81.5,75.4,93.3,98.5,55.2,36.4,35.1,21.8,24.6,15.3,13.3,51.4,22.5,73.9,39.3,35.4,20.2,57.7,35.9,11.248347107438017
65.9,158.6,37.8,88.3,86.5,101.7,103.2,63.8,40.5,38.2,21.8,26.5,15.5,12.9,51.0,21.5,75.5,41.4,35.2,23.1,55.9,37.8,12.387410071942444
70.1,157.4,37.8,90.2,82.7,105.9,106.3,62.9,44.7,39.5,21.8,27.5,15.8,13.5,51.4,22.4,75.7,40.5,33.8,24.3,55.3,36.4,12.10952755905512
68.9,161.7,38.6,93.0,88.7,101.2,105.0,61.2,39.7,37.6,22.2,27.4,15.0,12.9,52.7,22.1,74.7,42.0,36.7,25.3,56.9,36.2,13.680434782608696
60.7,158.9,35.6,86.6,83.6,97.2,102.6,59.5,37.5,36.3,21.5,26.2,15.5,14.0,55.5,24.2,79.2,43.3,38.2,21.5,60.8,36.8,11.59057034220532
73.6,167.9,38.6,93.1,91.7,104.0,102.1,64.8,41.8,38.0,22.5,27.6,16.2,11.1,57.2,26.4,86.4,41.8,39.9,23.5,57.4,35.7,11.792666666666666
56.4,170.0,37.9,82.6,73.9,91.5,100.3,53.0,34.2,33.8,19.2,25.6,14.5,14.2,56.1,24.1,83.2,41.4,41.1,20.7,51.9,37.3,12.323387096774193
56.6,162.3,37.1,84.7,77.9,93.1,99.2,53.6,37.0,33.8,21.5,25.0,15.7,14.3,51.6,21.8,75.4,42.5,37.6,21.5,57.9,38.4,11.154830188679243
68.1,167.7,37.0,85.7,77.5,98.1,104.8,59.0,41.0,38.6,21.5,28.6,15.9,13.1,56.6,24.7,82.1,40.6,39.5,22.1,60.7,38.1,11.97775590551181
66.0,159.8,35.9,92.0,86.0,101.8,104.9,63.0,39.7,36.6,21.0,25.1,15.0,14.0,54.9,24.7,76.9,40.2,37.8,23.6,56.4,36.8,13.075590551181104
53.6,162.5,35.7,78.4,70.0,89.8,98.2,49.8,37.0,35.2,20.3,25.9,16.0,14.0,57.4,26.1,80.7,40.0,38.4,18.3,55.0,37.6,10.584
64.7,168.5,36.9,84.0,81.2,96.3,104.2,58.7,38.8,36.1,21.3,27.0,16.6,14.1,57.6,25.9,86.1,43.0,40.9,21.6,57.5,36.8,12.857142857142856
77.6,168.5,37.6,102.5,90.8,105.9,108.8,64.9,42.7,38.7,22.4,26.6,16.5,15.2,54.8,25.7,78.7,43.6,37.5,27.8,55.8,38.3,12.943430656934304
56.3,162.3,36.9,79.4,73.3,89.8,100.6,56.2,35.2,34.3,21.7,24.8,15.0,14.0,54.2,24.0,82.3,43.4,40.1,19.0,55.5,37.8,10.53456692913386
67.5,167.4,36.4,94.5,90.4,99.4,105.4,57.9,37.4,35.5,21.9,26.8,16.1,13.5,57.1,24.8,82.8,41.2,40.5,24.9,53.4,36.8,12.34360465116279
60.4,165.3,35.5,89.0,81.4,95.9,97.6,57.3,40.7,36.7,21.3,26.7,15.0,12.8,54.1,23.2,80.1,42.0,37.5,23.2,55.0,36.7,10.99203187250996
54.2,158.7,36.3,95.7,87.2,96.5,96.5,54.8,35.4,31.3,18.5,23.7,14.1,12.1,50.6,22.8,74.1,43.7,36.9,24.3,52.6,34.3,12.784351145038167
66.4,159.5,39.3,100.8,98.0,107.1,103.3,62.8,39.2,36.0,20.3,26.4,15.0,13.5,51.5,22.5,76.5,44.0,38.4,26.9,55.7,35.9,12.927881040892194
74.4,156.3,37.1,99.8,104.6,109.6,102.1,68.5,43.4,38.1,22.7,27.5,15.3,12.4,50.8,24.1,72.3,45.2,37.4,25.7,54.6,35.2,13.82942857142857
62.1,167.4,38.6,90.9,84.1,98.0,105.5,55.7,35.7,34.8,21.4,25.8,15.4,13.3,56.4,25.8,79.6,42.3,38.6,24.1,54.8,37.5,12.88017667844523
58.5,143.9,35.5,98.2,82.4,97.7,97.5,60.8,39.7,37.7,21.8,24.5,13.7,12.8,46.2,20.2,61.7,40.2,32.7,26.1,53.5,33.7,12.45820895522388
81.0,171.8,40.0,101.8,95.5,107.4,107.7,65.4,41.8,39.3,21.9,28.9,16.1,12.8,58.9,26.5,82.2,45.8,40.8,27.0,56.2,35.8,13.608680555555557
51.1,158.9,35.6,79.6,71.7,93.0,97.8,52.2,34.5,32.5,19.4,25.1,14.9,13.9,54.0,23.9,71.0,42.7,36.7,18.8,54.6,35.9,11.213492063492064
71.7,164.5,39.6,111.2,96.4,103.0,112.4,60.8,38.0,37.6,21.6,27.3,15.4,14.4,53.3,24.3,78.3,44.0,39.5,29.1,55.1,39.0,15.204197530864198
60.7,167.7,37.5,91.3,75.8,100.5,105.5,58.0,38.4,35.8,21.2,24.7,15.0,14.2,56.5,25.0,81.3,43.7,40.6,22.9,55.4,38.4,13.712625482625484
59.1,155.2,34.9,88.4,82.9,103.0,93.2,60.1,40.0,36.0,21.2,25.0,14.4,11.9,50.0,23.5,72.3,36.4,36.1,23.7,52.4,32.7,11.659055118110237
63.6,152.3,39.0,107.3,99.9,100.5,103.5,57.5,36.2,36.0,19.7,24.9,15.2,13.6,50.3,22.6,73.0,42.7,36.4,28.5,55.4,36.0,15.06101818181818
71.5,161.2,38.2,101.2,94.1,108.8,106.3,68.3,40.3,36.9,19.7,27.8,15.6,12.8,56.6,25.3,77.8,44.3,40.6,27.4,56.2,33.8,14.321444043321298
57.4,164.2,38.0,91.7,77.6,94.6,98.9,55.9,34.4,33.9,19.6,24.2,15.7,12.9,55.9,25.3,82.1,37.7,40.6,23.9,56.0,35.5,12.131517509727626
71.6,173.2,38.0,97.9,82.2,100.3,102.8,61.5,42.3,37.8,23.0,26.7,16.7,12.4,59.2,25.7,85.1,43.2,42.6,26.2,55.7,35.9,13.611375464684016
54.0,160.0,35.2,87.7,75.2,93.1,97.5,56.8,35.2,33.7,19.5,23.8,14.9,13.4,53.3,22.7,76.9,39.6,34.5,22.8,54.5,36.4,12.206408163265309
42.6,140.9,34.1,82.4,71.6,81.5,92.5,49.3,33.6,35.4,21.1,23.4,14.0,12.0,45.0,20.0,64.0,38.4,30.4,20.4,54.4,33.7,11.972649572649573
58.5,162.0,34.9,88.9,75.9,92.6,98.9,54.5,36.8,36.4,21.2,26.0,15.6,12.9,55.5,24.5,78.9,42.3,40.7,23.0,56.6,35.1,10.377431906614785
82.8,174.6,38.6,96.0,89.8,111.2,112.2,68.6,44.4,39.2,22.4,29.1,16.6,15.5,60.0,27.3,89.9,46.5,42.0,24.3,55.0,41.1,13.36537102473498
74.0,168.8,37.4,98.3,85.2,105.5,105.2,64.6,43.6,40.9,21.1,27.2,16.5,13.5,59.8,27.6,91.1,39.5,41.7,26.3,61.9,36.7,13.231254752851708
76.5,160.6,39.1,97.6,92.0,105.4,106.9,66.8,46.7,43.2,24.1,30.7,16.8,13.4,50.0,21.9,74.2,43.9,37.0,25.2,54.9,36.9,14.218705035971222
85.2,165.8,38.3,102.9,104.7,113.0,107.8,69.3,43.7,44.5,25.2,31.3,17.7,13.3,54.1,25.4,79.5,43.5,35.4,27.3,56.3,37.6,14.303829787234042
67.1,159.0,35.6,91.5,90.4,106.6,98.5,65.1,40.4,37.0,21.9,27.8,15.9,12.7,54.6,23.1,75.1,44.7,38.2,24.5,53.4,34.8,12.383734939759035
76.0,178.1,37.7,92.2,87.5,106.0,106.2,65.1,43.7,38.9,22.7,28.3,16.2,13.9,56.5,24.2,85.0,47.5,40.7,23.6,54.5,39.0,12.445371024734982
69.5,169.0,38.4,99.2,85.0,106.2,102.5,64.0,43.3,38.6,21.9,26.7,16.2,13.0,57.7,24.7,80.7,45.0,36.6,24.9,57.4,34.6,13.61203007518797
75.4,165.4,38.5,101.5,98.7,107.9,108.3,65.6,44.1,39.5,22.3,27.7,16.1,14.8,56.0,24.9,83.0,44.8,36.7,26.8,54.4,39.3,13.889473684210524
66.3,158.3,37.2,94.5,87.0,107.9,104.7,62.9,40.7,38.5,23.0,28.1,15.9,13.4,51.6,23.1,73.5,40.6,35.0,24.3,55.9,37.8,10.814620938628158
48.0,152.3,33.1,84.3,74.3,91.2,96.5,52.9,35.9,32.3,19.3,23.2,14.5,12.7,50.4,22.3,75.0,39.2,35.4,21.1,52.8,35.0,12.407056451612902
83.0,168.5,37.9,109.6,91.0,110.0,108.7,67.7,44.7,41.5,22.1,28.5,16.0,14.5,57.6,25.4,82.2,44.5,39.5,29.5,55.2,38.6,13.887671232876713
75.6,167.2,35.4,97.4,96.4,109.5,104.2,65.3,42.0,38.5,22.5,27.2,15.8,14.5,56.9,25.9,87.7,43.5,40.7,25.7,57.3,37.3,12.812114695340505
78.4,164.1,39.1,103.2,93.4,104.6,110.7,62.6,41.3,39.6,22.7,28.6,17.0,13.9,54.4,25.5,81.0,43.2,36.9,28.4,57.2,38.8,15.369428571428577
59.4,164.4,35.2,88.2,78.0,98.5,102.7,58.5,38.0,36.3,20.4,25.0,14.8,14.7,54.0,23.3,78.8,40.5,37.9,21.7,55.5,39.0,12.743726235741445
76.6,159.7,37.2,101.3,95.1,110.4,105.9,66.9,41.5,40.2,21.3,27.4,15.6,12.9,57.1,25.5,79.7,43.7,38.3,26.6,55.9,36.0,14.675971731448763
67.8,173.2,35.8,89.9,79.5,96.9,107.4,59.4,39.4,35.8,21.4,27.9,16.4,15.4,57.9,26.6,87.7,41.5,41.2,23.7,57.1,38.9,13.189961389961391
51.7,152.9,36.4,84.7,81.5,90.7,94.7,50.4,35.2,34.4,19.7,25.9,14.2,12.3,51.2,23.1,72.0,39.9,35.4,21.9,55.3,33.9,10.969344262295085
66.2,162.0,36.9,95.3,84.8,101.5,102.2,60.0,40.2,36.9,21.6,26.0,15.5,14.0,54.2,23.2,77.1,43.8,39.1,26.5,53.4,38.7,12.42112359550562
66.5,164.3,37.5,99.3,79.7,96.6,103.3,57.1,38.4,35.3,21.2,26.4,15.6,12.6,54.4,23.3,78.6,39.5,38.0,26.6,55.6,33.9,14.14934065934066
61.3,155.6,36.4,89.7,92.7,96.1,98.0,59.3,39.8,36.6,20.2,25.2,14.7,12.9,50.5,22.1,74.2,45.0,34.9,23.1,55.0,35.4,12.80916
72.9,163.0,36.1,101.5,98.6,108.6,106.6,64.5,40.9,38.5,21.7,27.7,16.4,15.5,55.8,24.6,80.6,44.7,38.1,28.0,53.4,38.0,14.099272727272728
70.1,161.4,35.5,92.4,88.4,110.3,98.7,63.2,41.0,36.8,21.5,26.2,15.0,13.8,54.0,24.3,74.3,41.5,37.4,25.1,57.0,36.2,13.275862068965518
42.6,146.4,32.2,73.7,67.3,87.2,89.5,51.7,33.6,33.3,19.1,22.3,13.9,12.4,46.0,19.9,66.7,37.0,30.7,17.1,54.5,32.7,10.617796610169492
72.9,174.9,38.7,96.2,81.0,103.9,111.2,60.4,38.3,37.2,21.4,26.1,16.2,15.6,57.8,25.8,85.4,43.4,40.8,24.4,57.4,39.8,14.57358208955224
76.1,161.8,39.0,99.8,93.3,107.6,103.5,66.3,43.5,40.9,25.0,26.9,15.9,13.0,54.0,23.5,76.8,47.1,36.2,26.7,55.2,35.7,14.489481481481482
71.9,163.1,36.0,93.7,99.5,107.7,102.2,67.2,41.8,38.3,19.6,28.7,14.6,13.7,54.5,24.5,81.5,44.4,38.1,23.9,56.1,36.4,14.362213114754098
79.4,170.4,38.5,100.4,96.6,110.0,110.0,67.2,42.7,38.9,22.7,29.0,16.9,15.4,56.9,24.5,81.7,49.2,38.8,27.2,53.6,39.0,14.557999999999998
70.5,166.9,38.8,92.4,87.4,103.6,104.5,59.7,42.0,37.2,22.1,26.2,16.1,12.6,53.1,22.6,78.9,44.8,35.0,24.3,57.4,38.0,12.573
72.7,158.6,39.2,102.3,101.3,104.4,105.0,63.2,42.2,39.3,21.1,27.3,15.6,13.1,52.3,22.9,76.8,47.0,35.0,27.9,55.7,36.1,13.4292
60.9,160.2,36.5,88.7,73.5,99.8,100.7,60.6,39.6,35.7,21.8,24.7,16.1,14.2,52.6,23.9,79.1,37.6,35.7,22.6,53.5,37.5,11.363574297188752
80.0,162.0,40.7,95.0,107.2,113.0,107.6,69.3,42.7,39.4,21.1,29.2,15.6,11.9,52.6,22.3,76.2,46.9,35.5,26.0,55.5,37.4,13.58679245283019
62.5,157.5,35.0,91.7,83.4,104.6,100.0,60.9,42.2,36.8,22.0,26.2,15.2,12.0,50.9,22.1,79.0,39.8,35.3,23.6,57.2,35.7,13.29294573643411
76.8,151.3,37.4,105.2,106.5,116.7,103.7,69.7,45.0,40.4,23.3,27.3,14.8,12.8,49.6,22.0,71.0,43.9,33.2,28.4,56.9,36.2,15.78
57.8,157.3,35.2,86.8,81.8,97.3,100.0,59.3,37.0,35.3,20.0,26.9,15.3,12.9,51.0,23.1,78.0,40.5,38.6,21.8,53.7,35.4,12.622166666666669
63.9,164.9,36.4,86.1,82.8,99.0,102.8,58.7,40.4,36.8,21.0,27.0,15.5,14.7,54.5,24.1,82.4,41.7,38.8,21.5,55.5,37.2,13.071862348178138
74.9,165.7,38.8,98.0,94.5,104.0,107.5,64.9,41.0,37.8,22.1,27.4,16.3,13.8,56.5,25.4,78.7,45.4,35.5,25.0,59.4,37.8,13.590243902439024
65.0,153.8,39.0,94.5,90.0,100.2,106.6,60.4,38.9,38.0,21.7,25.6,15.1,14.1,52.7,24.1,75.6,41.1,33.3,25.8,56.4,38.0,13.434514925373133
63.3,168.4,34.7,85.7,83.1,103.3,99.3,61.6,40.2,34.4,19.5,25.5,14.8,12.6,57.5,24.9,86.3,40.5,40.0,22.5,58.0,33.8,10.819624999999998
52.6,155.0,36.5,88.5,82.2,93.2,97.8,55.4,32.2,32.5,19.7,24.5,14.4,13.4,52.4,23.9,75.0,40.4,32.1,22.7,54.1,33.4,11.936344537815128
76.6,163.0,36.2,99.4,102.1,111.7,107.0,67.1,42.6,39.2,21.1,27.1,15.4,13.2,53.3,23.9,78.2,44.5,37.4,25.7,54.5,36.5,15.544468085106384
93.4,169.3,39.5,120.2,115.7,114.8,117.0,71.4,46.9,41.2,23.1,29.0,15.3,14.0,59.4,24.6,91.2,46.0,40.5,31.4,56.2,40.0,17.11456953642384
66.7,155.7,39.0,98.2,86.1,104.2,105.5,63.5,40.9,36.2,20.4,26.9,14.9,13.2,53.5,24.0,76.3,42.5,36.0,25.3,56.7,37.0,13.220565371024737
62.2,162.7,36.0,88.2,76.5,97.1,100.0,60.3,40.8,37.3,23.5,26.5,15.4,13.0,50.5,22.0,75.3,42.8,32.7,22.2,55.4,36.9,12.773793103448275
94.2,166.6,43.1,120.8,108.5,107.8,116.3,67.2,43.8,40.3,22.4,31.1,17.4,13.6,58.5,26.5,82.7,47.8,39.6,32.1,60.0,39.1,17.035897435897436
64.1,159.9,37.9,93.0,88.0,99.5,102.9,57.9,41.3,37.0,21.6,28.6,15.2,12.6,53.7,23.1,77.4,42.5,34.1,22.8,57.7,38.0,13.32755905511811
69.2,154.7,35.9,98.5,101.2,107.4,100.0,65.9,41.0,35.3,19.1,26.0,14.7,11.7,52.7,22.5,76.0,44.9,37.8,26.3,57.6,33.1,13.08320610687023
64.6,163.6,38.2,92.2,83.1,100.6,99.0,60.5,40.2,37.2,22.1,26.8,15.7,13.2,54.6,24.5,78.3,43.9,34.2,24.9,56.3,36.9,12.293333333333331
52.5,154.7,37.0,88.9,79.7,91.6,94.6,53.6,38.2,36.8,21.0,24.6,15.0,13.3,48.9,22.3,75.0,43.3,32.8,22.4,53.4,34.7,11.771343873517784
49.0,162.9,34.6,79.2,76.2,91.8,88.4,49.5,33.8,29.8,18.4,22.6,14.7,12.7,51.2,22.9,80.7,43.9,40.0,22.6,52.3,31.2,11.638309859154928
74.9,156.0,38.7,99.7,92.2,110.8,106.3,69.6,43.1,39.0,20.2,27.5,14.9,13.1,50.1,22.4,74.7,49.0,35.1,27.3,60.2,35.4,13.20652985074627
85.2,175.1,39.7,105.1,103.5,109.2,104.7,65.4,44.7,39.6,23.8,27.7,16.9,12.9,60.3,26.4,87.2,46.5,41.8,28.0,57.0,36.0,13.496654676258991
77.2,162.5,38.0,90.8,101.2,108.3,102.8,68.8,46.6,40.7,23.3,28.7,16.1,13.2,54.5,25.6,77.5,46.5,38.8,23.2,56.5,36.4,12.388217054263569
64.3,157.3,34.8,96.4,86.4,98.6,107.2,61.7,38.4,34.6,19.8,27.6,14.8,14.0,52.2,24.2,76.4,38.8,34.7,25.3,59.0,36.5,13.878599221789884
72.2,159.9,38.7,98.0,96.2,107.9,98.7,68.6,41.9,37.8,20.4,25.8,15.9,11.7,52.4,22.2,79.0,41.6,37.6,26.9,54.0,31.1,14.424719101123596
69.3,154.7,37.2,97.2,91.4,98.3,105.0,59.9,41.7,38.7,21.4,27.3,15.2,12.3,50.7,21.2,71.2,41.5,33.0,26.0,56.9,36.1,13.81263157894737
73.7,173.5,39.1,92.1,86.2,109.4,105.4,63.6,42.7,36.3,21.8,26.6,16.1,13.5,57.7,26.4,82.1,43.1,37.3,23.1,55.0,39.0,11.385055350553504
72.5,167.0,38.2,100.3,95.7,104.5,104.7,62.5,41.2,37.2,21.6,26.1,15.0,12.9,57.6,23.9,80.1,44.0,39.2,26.8,55.7,37.8,13.49490909090909
81.6,167.8,39.6,103.5,89.7,114.7,111.1,69.6,45.0,40.6,22.3,30.3,15.9,13.9,55.4,25.7,78.5,39.9,36.5,26.0,55.7,38.4,14.838709677419354
57.0,160.4,35.0,86.3,81.2,96.4,96.0,58.1,39.5,33.5,21.0,26.1,15.5,13.9,53.6,23.7,76.2,43.0,38.5,21.8,55.5,36.1,11.909399999999998
66.0,163.1,38.0,93.9,86.5,99.8,98.0,56.7,41.8,37.4,23.1,25.7,16.4,12.0,54.5,23.5,79.1,44.4,35.4,25.4,55.7,33.3,13.160227272727273
80.4,168.4,36.5,98.0,105.4,119.0,107.2,71.6,42.4,35.5,20.5,26.7,15.1,14.1,54.4,24.9,86.0,46.0,41.3,24.1,61.8,37.2,15.184615384615388
85.2,171.5,37.2,103.0,97.3,116.3,103.5,67.4,45.5,42.8,23.9,27.3,15.3,12.9,58.6,23.9,81.7,46.9,38.5,26.8,58.3,36.3,14.100344827586207
66.2,163.5,36.3,103.5,94.7,96.6,101.3,53.6,36.1,35.2,20.3,26.2,15.2,13.0,52.5,23.3,80.0,44.6,39.4,26.3,55.5,35.6,13.934098939929328
70.6,166.6,38.4,93.3,90.2,104.1,106.0,62.9,40.9,36.1,20.8,28.6,15.9,13.0,55.6,26.7,82.2,45.3,35.7,25.2,56.5,36.7,14.013151750972764
57.7,170.5,36.7,86.0,78.2,90.9,98.9,53.3,38.5,33.7,20.0,26.2,16.1,13.6,58.2,27.1,86.8,42.9,41.7,21.6,53.8,36.9,12.172307692307694
52.6,162.9,37.4,87.3,75.5,90.5,101.8,53.5,32.2,29.7,18.5,23.9,14.2,13.3,56.8,26.8,83.5,39.4,41.8,21.4,56.2,37.4,13.93925925925926
80.8,171.8,40.2,97.6,99.0,109.8,105.7,69.5,42.0,37.2,19.9,27.1,15.7,12.5,55.5,25.5,83.3,47.8,40.9,25.4,60.9,37.5,15.2256
83.4,162.6,39.4,100.3,97.2,112.6,111.3,71.2,43.6,41.3,21.8,28.0,16.3,14.1,58.1,25.8,77.7,41.5,38.6,25.6,56.5,38.6,15.044999999999998
75.0,161.6,39.4,95.1,92.2,106.9,109.7,68.3,43.8,38.2,21.3,27.9,16.0,13.8,53.7,24.3,79.3,44.6,36.4,24.6,57.6,38.8,13.28653429602888
61.9,160.2,35.8,92.4,89.5,103.1,96.7,60.2,36.5,32.6,19.0,24.8,14.3,11.8,53.5,22.6,73.3,42.4,36.9,25.1,52.6,33.5,11.430222222222222
67.5,166.7,35.0,96.6,88.5,103.4,99.0,63.1,42.5,37.8,23.6,27.0,15.6,12.8,56.5,24.8,80.7,46.4,36.6,25.4,53.6,35.8,14.18247191011236
70.2,164.5,38.5,102.2,91.0,102.3,105.8,61.3,40.5,37.8,22.5,27.0,15.3,12.8,56.4,24.4,80.0,43.6,38.3,28.1,57.6,36.3,14.70503597122302
65.9,167.0,37.6,94.7,82.7,100.0,107.2,59.0,37.8,35.5,21.5,27.5,15.9,14.0,57.5,25.9,81.8,42.2,35.3,25.6,54.5,37.2,13.322813688212928
71.2,162.1,35.2,94.1,84.0,108.5,101.8,64.3,41.8,39.3,21.6,26.5,15.6,13.9,54.8,24.6,78.3,41.5,36.3,25.6,59.2,36.1,14.209477911646587
102.8,172.1,38.4,106.6,103.2,119.6,114.1,77.6,50.6,45.3,24.5,32.6,17.0,13.3,57.8,26.4,84.2,42.7,42.3,28.1,57.0,38.0,14.59489932885906
75.9,160.6,39.3,109.1,90.3,106.1,104.6,64.0,43.5,37.6,22.2,30.8,17.2,13.0,53.8,23.3,76.2,42.5,33.7,29.4,52.7,35.6,13.942610169491529
65.9,156.7,36.4,95.3,87.5,100.5,106.7,57.8,41.5,38.7,21.4,25.8,15.4,13.6,52.6,23.6,73.2,41.0,34.4,24.2,58.0,38.7,13.416347517730497
64.4,172.0,36.9,90.4,79.0,97.9,103.6,57.6,41.5,38.7,21.4,25.0,15.4,13.1,56.0,24.8,82.6,44.3,38.2,23.3,58.0,37.4,14.081538461538464
68.9,163.9,36.8,90.0,87.5,106.3,100.7,65.8,43.7,39.7,22.5,26.2,16.0,14.4,52.7,23.7,75.3,43.2,34.3,22.6,57.0,36.6,13.216535433070868
86.3,173.0,37.7,101.3,98.3,111.0,105.9,71.1,47.5,41.3,24.5,30.0,16.7,13.4,58.5,26.4,85.3,42.0,39.4,24.7,55.8,37.1,15.555430711610487
94.9,168.2,42.0,114.7,113.9,116.8,114.5,70.7,48.5,44.0,23.2,31.8,17.2,13.9,54.1,25.0,82.4,46.5,37.7,30.4,55.4,36.7,17.634149659863944
63.0,172.0,37.7,87.4,79.2,99.5,103.7,60.4,36.5,34.6,19.6,26.6,14.9,14.4,55.4,23.4,82.5,45.9,39.0,22.4,56.0,35.5,13.263035019455254
106.9,178.3,44.8,121.4,113.3,118.1,120.7,73.0,47.5,44.4,24.4,32.0,17.6,14.8,60.1,27.2,88.0,48.3,41.6,31.8,61.0,41.9,16.126804733727813
63.9,164.1,35.9,89.3,88.1,99.1,99.8,58.3,41.5,37.0,22.0,25.7,15.5,13.3,54.4,24.9,78.7,41.8,38.3,21.9,58.4,36.2,11.639101123595506
68.3,156.8,36.5,90.2,90.7,110.1,98.5,68.0,43.5,37.7,23.3,27.6,15.5,12.0,49.4,21.2,71.8,43.4,35.8,22.7,55.8,33.8,13.16147859922179
63.0,164.0,36.4,94.0,85.0,99.4,104.9,59.1,38.5,33.4,20.1,25.6,15.4,13.6,58.5,26.7,84.9,39.5,40.0,23.2,56.4,37.8,13.79150579150579
71.8,155.6,37.7,98.9,94.5,105.4,108.6,65.1,41.4,38.6,24.7,27.7,16.2,13.7,52.2,23.6,74.9,41.6,34.7,25.3,60.5,35.4,15.464363636363638
87.4,164.7,38.4,103.3,106.9,116.0,110.5,71.8,51.0,41.7,23.3,29.6,16.7,13.6,55.0,25.9,83.0,45.4,38.1,27.2,53.5,37.6,15.336076923076922
75.2,163.0,39.9,99.5,92.0,111.1,107.9,64.1,39.5,37.4,21.7,27.3,16.2,14.3,54.5,24.5,77.3,42.8,37.1,26.1,55.0,38.4,14.79553903345725
85.2,158.7,41.3,115.4,109.5,115.7,109.2,68.0,41.5,36.9,22.1,30.5,15.7,12.8,54.5,23.6,77.4,42.0,36.0,31.3,56.8,36.3,16.752896551724138
82.7,162.7,39.5,117.2,103.9,109.8,112.5,66.8,41.5,37.0,21.7,27.3,16.2,13.3,54.0,24.4,75.5,47.2,37.9,30.6,63.0,36.1,16.96
55.9,163.8,35.3,87.0,76.5,93.6,98.1,53.2,35.8,34.1,20.0,25.0,14.6,12.0,54.2,23.0,80.9,39.4,36.0,21.2,57.4,35.9,11.681978798586572
82.1,164.4,39.4,111.0,104.2,107.8,111.8,65.1,44.3,39.0,22.1,28.0,16.1,14.5,55.3,24.7,82.9,45.3,37.3,29.1,57.0,38.8,14.470297029702971
66.3,160.3,38.2,98.2,88.0,99.0,103.4,57.7,40.5,37.5,22.5,24.9,16.6,14.3,53.2,23.6,74.0,41.2,35.1,26.5,55.4,36.3,14.002592592592592
63.8,171.3,38.3,89.7,81.1,97.8,102.2,56.7,38.7,37.8,22.4,26.0,16.1,12.8,55.4,26.1,83.8,46.4,37.4,22.5,55.6,35.5,11.624044943820223
79.9,172.1,37.7,96.6,98.7,111.4,108.9,66.9,44.4,39.4,21.7,27.0,16.1,14.9,59.1,26.9,86.7,47.0,38.0,25.5,56.0,40.2,12.976119402985072
58.9,157.3,36.6,83.8,79.3,99.9,97.6,60.2,39.5,36.8,21.2,25.4,14.7,12.0,52.3,21.9,72.1,41.4,35.7,21.9,55.6,35.0,13.238991596638655
76.1,161.9,37.2,99.6,91.8,110.2,108.0,67.3,46.5,41.0,21.2,28.4,16.2,14.0,53.0,24.8,77.3,43.4,36.3,28.5,59.6,38.1,13.0561797752809
67.2,152.4,33.6,100.6,104.0,106.0,99.9,63.7,42.4,36.7,20.4,25.0,14.8,12.4,51.2,22.4,71.2,46.2,34.9,26.7,56.4,34.5,13.647286821705428
54.1,160.5,36.1,88.2,80.3,90.1,103.2,49.9,34.5,31.0,19.0,24.9,15.4,13.9,52.0,23.2,74.8,43.4,37.7,21.3,54.6,35.1,12.072765957446808
69.7,161.7,38.1,103.5,83.8,98.3,108.0,57.8,41.4,38.8,24.5,28.1,16.4,13.4,54.6,24.6,77.1,40.8,36.1,29.1,61.4,36.5,13.56206896551724
61.6,160.1,34.9,89.5,87.8,98.8,100.2,60.2,39.5,35.8,21.2,25.7,15.4,13.3,54.4,23.9,80.8,42.6,37.2,23.9,59.2,35.8,12.84758064516129
85.2,170.3,38.4,105.3,104.0,114.8,112.2,68.7,44.0,36.5,22.7,29.5,16.7,13.9,57.5,26.2,88.9,42.0,42.0,29.4,58.6,38.3,14.625
58.2,157.4,36.2,88.2,78.5,95.7,98.3,58.9,40.9,34.8,19.7,26.6,14.6,12.2,52.0,22.6,75.6,40.0,35.1,22.7,55.9,36.0,12.306976744186048
74.2,159.6,39.4,103.6,94.3,102.7,113.1,62.1,39.5,35.7,20.3,27.8,16.6,13.7,53.7,24.4,78.7,43.9,34.5,27.9,60.8,38.0,15.730441176470588
60.9,160.2,35.4,87.6,80.0,96.6,105.0,57.1,39.5,36.4,21.1,25.2,15.6,14.1,56.2,25.5,78.3,41.6,38.3,21.9,58.6,37.4,12.0407722007722
69.0,159.9,37.4,96.4,91.6,102.6,102.5,61.3,41.0,37.7,21.2,26.9,15.8,14.6,52.1,23.9,77.5,44.5,35.1,23.7,55.0,37.0,13.978
67.5,163.2,34.8,93.5,96.1,101.3,104.7,58.7,39.3,38.0,22.7,26.1,16.2,14.0,52.4,23.6,76.0,46.1,36.2,25.1,55.6,37.4,14.18871595330739
88.6,166.0,38.0,109.8,106.5,115.9,108.0,69.0,47.4,41.5,22.7,30.8,17.9,13.9,53.9,23.7,76.3,47.6,38.0,29.0,58.0,36.2,14.238580645161292
65.2,156.8,37.6,92.4,84.7,104.6,103.6,62.8,41.5,35.5,20.8,27.3,16.2,13.0,53.1,23.9,75.9,40.5,34.5,23.7,56.0,36.1,14.876756756756755
82.6,163.9,39.2,103.2,102.0,115.8,109.1,70.0,44.4,38.8,20.7,29.0,16.5,14.3,57.2,25.1,79.6,42.5,35.7,26.2,59.5,38.3,14.3663309352518
55.6,159.1,35.4,92.3,79.0,90.4,99.6,52.7,34.3,32.3,19.7,24.5,14.7,13.0,55.5,24.9,78.3,38.9,39.6,23.7,56.0,35.7,13.6647265625
71.9,162.8,36.0,93.4,88.7,108.0,102.0,66.7,46.8,38.7,21.0,27.9,15.0,12.6,55.5,24.9,79.0,46.4,35.5,23.1,59.8,35.4,13.128514056224898
82.2,161.5,38.8,107.7,97.5,108.8,110.6,66.4,42.6,40.6,22.6,29.1,16.4,13.0,56.1,26.2,77.5,46.7,35.5,28.3,57.8,35.2,16.41524163568773
96.5,168.0,45.5,109.8,110.0,120.5,114.5,73.0,48.0,44.4,24.4,32.2,17.3,12.6,56.6,26.8,84.5,47.0,38.2,29.2,58.1,38.0,17.46125
62.4,159.0,35.6,90.7,89.6,98.2,97.8,61.2,39.7,36.9,20.9,26.6,15.1,11.5,53.4,24.5,82.5,43.0,40.0,24.0,58.6,33.6,13.063786008230457
43.5,156.3,33.2,72.6,66.0,85.4,89.8,49.3,33.4,32.3,18.6,22.1,14.2,13.1,54.0,24.1,77.9,38.2,37.7,18.5,54.4,35.5,9.412300884955751
75.3,164.1,39.2,109.0,102.1,102.2,105.4,59.4,41.5,38.2,21.5,28.7,16.8,13.0,55.6,24.4,78.0,48.0,35.8,28.5,56.7,34.7,15.550170648464164
55.3,171.0,36.6,83.6,79.0,90.0,94.1,50.0,34.5,33.3,19.8,24.3,14.8,13.4,57.1,24.8,83.4,41.6,40.2,20.2,54.4,36.4,11.297297297297298
57.8,156.6,36.5,90.1,81.6,98.9,101.0,57.3,38.4,34.9,19.1,25.0,14.7,12.5,50.4,22.5,75.0,42.3,33.7,22.8,55.5,35.6,13.04648
71.3,157.3,39.0,102.3,96.6,104.8,108.1,62.0,41.1,36.9,22.1,27.9,16.2,13.1,55.5,25.0,78.4,41.4,33.8,25.6,56.2,38.7,13.864835164835164
77.6,166.9,38.2,98.0,96.6,108.3,107.3,64.7,42.7,41.6,24.3,26.9,16.0,13.6,54.0,23.3,83.3,41.5,38.8,25.0,56.2,34.8,12.442320819112629
65.5,160.7,39.1,97.6,80.9,98.5,106.3,59.4,39.4,38.2,22.7,26.5,15.6,13.5,53.8,23.7,74.5,38.5,34.9,24.6,54.1,38.2,13.972949640287773
57.8,163.3,39.1,92.2,78.7,89.0,102.6,53.0,33.7,34.5,21.2,26.0,16.1,13.8,55.0,24.4,81.6,42.4,38.2,22.6,58.3,38.6,11.854285714285716
84.3,169.9,39.7,112.6,90.7,108.9,111.0,64.5,46.2,39.9,22.7,29.2,16.4,13.9,57.0,26.7,84.3,42.3,38.2,30.1,59.9,37.5,14.90871080139373
67.0,163.8,38.0,89.2,87.7,100.2,101.5,60.6,40.6,37.7,24.2,27.5,16.1,13.4,53.2,23.9,78.3,41.6,37.2,23.5,56.6,37.4,12.956045627376426
76.4,163.4,37.1,100.0,87.8,110.2,103.7,64.8,41.3,39.7,23.5,26.7,15.8,13.1,57.0,25.5,82.4,37.9,35.7,26.4,58.7,34.8,13.38403041825095
66.3,166.0,36.9,86.4,73.4,98.2,101.9,58.2,40.7,38.0,22.0,27.7,15.7,13.1,56.3,26.2,83.0,38.6,36.5,22.5,57.5,35.9,12.669723320158102
67.1,160.4,38.0,88.0,86.1,101.0,102.2,63.5,42.6,37.0,21.3,27.7,16.5,14.6,54.0,26.0,80.3,41.5,37.7,23.9,56.7,36.0,11.733333333333333
70.6,169.3,38.0,98.0,88.5,96.1,106.7,55.5,40.5,37.7,24.0,25.6,15.8,14.3,55.5,24.3,80.3,43.7,38.4,25.3,56.6,38.9,13.318791946308725
63.6,159.5,34.9,93.6,82.0,98.5,95.5,57.6,39.5,38.7,21.8,24.0,14.8,12.5,51.5,23.5,77.3,40.4,36.3,25.0,54.1,34.3,14.43906976744186
64.6,169.4,37.0,88.2,79.6,96.2,101.2,58.7,39.4,38.1,22.0,26.4,16.0,13.4,56.0,25.3,83.5,41.5,38.9,22.5,54.4,36.6,13.593176470588237
65.8,162.6,38.7,93.4,83.5,97.5,100.4,58.6,40.2,35.0,21.5,25.7,15.8,12.5,50.9,23.4,77.0,41.8,37.5,22.6,55.0,37.4,12.083216783216782
78.9,161.3,39.0,102.1,92.2,109.2,106.0,68.2,45.3,43.2,23.2,28.0,16.7,12.8,54.5,24.3,75.9,42.2,38.2,26.8,59.7,35.4,13.659795221843003
58.5,161.4,36.7,88.7,76.9,96.3,97.4,56.9,38.3,36.0,20.1,25.0,15.0,12.6,52.0,23.2,78.7,42.2,38.9,22.8,56.1,36.5,13.160772357723577
58.9,163.0,36.7,90.0,81.2,95.9,100.4,54.9,36.0,34.8,19.7,24.4,14.7,13.8,56.0,24.3,79.5,41.2,40.0,22.6,55.6,36.2,12.732558139534884
78.5,171.6,39.2,103.5,97.3,106.3,107.9,62.7,40.0,38.3,23.6,27.1,16.5,13.6,57.4,24.5,83.9,44.2,39.9,27.4,57.4,39.7,15.2015625
67.6,151.0,38.6,101.3,95.2,102.1,105.2,60.1,38.0,38.8,20.6,25.6,14.7,12.6,51.3,23.2,72.5,39.1,34.9,27.2,57.8,35.0,14.681159420289855
86.2,163.9,39.0,110.0,111.3,111.0,106.6,64.5,44.7,39.2,23.8,30.8,16.8,13.0,54.0,23.5,78.7,49.2,38.0,29.1,58.4,36.5,14.982078853046591
60.5,157.6,33.5,98.1,90.7,95.2,99.7,54.3,36.1,34.5,20.6,24.6,14.6,13.3,51.0,21.7,74.7,42.4,37.8,25.8,56.6,35.3,13.879333333333332
95.0,167.7,41.0,109.5,106.8,115.6,110.9,72.6,50.7,42.7,22.0,31.9,16.0,13.3,57.4,25.8,84.4,41.1,40.5,28.5,55.8,36.0,17.03333333333333
64.9,166.9,39.9,98.5,84.3,95.5,105.0,57.2,37.0,36.3,20.6,27.0,16.5,13.0,57.0,26.2,84.1,41.5,39.9,24.8,60.6,36.8,13.817361111111111
61.6,159.2,36.2,88.4,75.5,99.9,98.5,62.2,38.5,35.8,20.9,25.7,14.5,12.2,54.5,23.7,80.3,39.7,38.5,21.3,57.7,34.3,13.641975308641976
71.5,160.6,40.8,103.0,91.0,102.5,105.3,63.0,41.3,37.6,21.0,27.2,15.1,12.6,55.7,23.3,76.3,42.0,35.3,26.3,57.2,36.6,14.441608391608389
76.5,159.7,35.9,101.2,94.3,110.2,104.7,67.7,44.4,38.6,21.7,28.3,15.5,12.7,54.0,23.2,77.1,41.1,36.6,25.1,56.8,35.8,13.994944237918215
65.2,161.0,36.4,89.0,81.9,104.5,102.7,61.0,40.5,37.2,21.7,26.4,15.5,13.9,54.0,23.5,77.9,43.1,39.7,22.1,54.5,36.1,12.127099236641223
77.3,181.1,39.5,87.8,90.5,110.4,107.9,66.7,39.5,36.5,21.7,25.5,15.5,15.1,61.9,27.9,91.3,45.7,47.4,22.1,61.0,41.3,13.442248062015503
73.4,163.9,37.4,102.8,101.8,108.7,102.0,61.5,39.2,35.7,20.1,26.5,15.7,12.0,55.3,23.7,78.8,45.6,37.8,26.5,56.7,35.4,15.618385964912282
54.9,163.5,36.5,82.5,75.7,92.8,99.6,53.8,36.4,32.3,19.5,22.7,14.2,13.8,53.6,24.1,78.3,41.2,35.9,19.4,57.5,37.2,11.15277777777778
80.2,175.1,39.5,104.1,89.3,109.2,109.5,63.3,40.5,38.7,23.6,26.2,15.7,14.5,59.5,25.3,83.5,42.8,40.6,26.9,57.9,37.6,15.234146341463417
69.5,162.6,36.2,102.3,84.9,104.1,104.7,60.9,41.1,38.7,22.7,25.3,15.0,13.7,55.0,24.5,78.0,41.6,36.5,26.5,55.8,36.5,14.852444444444444
64.7,168.8,38.0,94.9,76.8,99.0,103.0,57.6,39.3,37.9,21.0,26.5,15.7,13.7,56.1,23.6,79.6,41.4,37.6,23.8,54.2,37.8,12.931428571428572
65.7,158.8,36.8,91.4,85.0,105.1,99.8,64.3,41.4,38.7,22.7,25.5,15.3,12.4,51.5,23.1,74.5,38.2,37.8,23.6,55.0,34.6,13.1672030651341
87.1,163.5,39.2,111.1,109.0,113.9,111.1,68.8,42.8,40.7,21.8,28.0,16.1,13.8,54.9,22.7,76.1,46.2,37.8,29.1,55.5,37.5,16.991764705882353
58.0,162.4,35.2,85.5,83.5,97.6,96.1,59.6,37.7,32.8,20.0,23.2,14.0,11.8,55.4,25.0,82.6,42.1,40.4,21.4,56.5,35.9,10.811157024793388
79.6,163.4,39.3,101.5,94.6,110.7,104.1,67.5,44.8,38.6,22.5,28.2,15.6,12.3,53.1,23.2,78.7,43.7,38.3,28.2,56.1,36.3,16.026315789473685
76.1,174.9,39.3,92.9,85.2,106.6,107.6,63.2,43.7,39.9,23.0,27.2,16.3,13.6,61.1,27.0,88.4,44.3,42.4,23.8,57.2,37.9,14.055873605947957
57.6,164.6,36.8,92.5,74.1,93.9,97.0,55.5,37.2,34.8,18.8,24.7,15.1,12.2,56.0,25.0,79.3,44.0,39.2,24.7,56.5,31.6,12.681451612903224
87.0,160.0,39.6,112.9,106.0,113.8,106.7,66.7,47.4,42.2,25.2,30.2,17.2,13.1,57.5,23.7,78.0,39.6,38.2,29.0,58.8,35.6,14.717321428571427
76.6,160.0,39.7,100.8,101.7,106.0,103.3,64.8,43.1,37.5,20.0,29.2,15.5,12.2,55.3,26.4,82.3,42.0,39.8,27.3,57.6,35.1,15.313846153846152
54.8,151.7,36.1,84.5,78.2,100.2,94.0,60.1,40.5,35.8,22.3,23.8,14.5,11.6,51.8,23.2,73.6,38.4,35.5,20.7,54.0,33.1,11.61440329218107
82.6,165.9,39.9,103.9,103.0,111.5,102.0,67.3,44.6,42.1,23.0,29.0,16.9,13.0,58.4,26.0,81.0,42.5,39.6,26.2,55.5,32.7,15.061472868217056
65.1,171.8,37.3,90.2,85.3,100.7,102.0,58.1,37.6,34.9,20.5,26.2,15.9,12.6,57.5,25.0,80.6,42.5,39.7,21.7,56.5,36.8,12.329496402877696
57.0,153.3,37.0,94.8,88.1,96.5,97.5,57.2,38.0,33.8,19.2,24.8,14.7,11.0,51.6,23.2,73.8,39.7,36.1,24.5,53.9,33.7,12.665587044534414
71.9,159.2,38.1,105.1,94.8,104.3,108.2,63.7,42.3,36.6,22.3,25.8,15.4,14.8,52.5,21.6,74.1,44.7,34.9,26.6,52.8,38.6,15.340912280701756
72.6,163.6,39.8,100.3,84.6,104.4,108.1,64.1,43.0,40.1,21.8,27.0,15.5,13.8,53.4,23.9,79.7,40.0,35.9,26.5,58.1,39.0,16.26486486486487
71.6,164.8,36.1,88.2,87.5,102.6,103.2,65.6,45.5,38.9,21.8,28.6,16.6,14.2,55.6,25.1,81.3,40.2,37.2,20.8,54.5,36.0,11.578378378378378
83.2,166.9,37.8,105.6,98.2,109.1,107.4,67.3,42.9,41.2,22.9,27.2,16.4,13.8,57.0,25.1,80.1,44.0,36.7,28.9,57.3,35.6,13.92166089965398
60.4,165.5,36.9,96.5,79.1,95.4,102.2,55.3,35.5,34.8,19.9,24.9,14.6,13.5,59.0,24.5,81.8,41.6,38.5,24.0,54.8,36.6,13.190647482014388
76.4,177.0,39.8,93.2,84.4,102.3,110.0,61.9,41.7,39.0,23.3,29.5,16.9,14.1,59.5,27.6,88.0,43.0,40.9,24.6,56.1,38.7,13.141870503597122
93.4,175.2,39.0,105.1,102.8,118.1,112.2,72.7,49.7,44.4,24.4,31.7,16.4,13.7,60.5,27.9,88.0,48.1,40.5,28.9,56.8,39.8,14.113428571428567
57.3,174.1,35.0,85.0,76.8,96.1,97.9,53.2,36.3,31.8,21.0,23.9,15.6,14.3,57.5,25.4,85.0,41.8,43.0,20.9,55.4,36.6,11.563953488372093
58.2,160.8,33.9,83.0,77.5,99.3,93.6,60.2,39.4,35.5,21.8,24.7,14.4,12.1,51.4,23.8,77.2,38.8,38.2,20.0,56.8,33.2,11.600772200772202
55.3,163.6,36.4,88.9,71.8,89.0,100.9,50.8,34.6,36.3,21.1,25.0,16.3,13.8,54.6,23.1,77.0,42.4,38.5,22.0,55.6,37.9,12.439108527131784
69.8,155.5,37.3,100.5,87.1,102.1,105.2,60.8,43.1,39.6,22.2,27.0,15.5,13.3,49.7,22.1,73.1,40.5,34.6,26.9,55.8,36.7,15.14889705882353
64.0,157.3,35.0,92.5,84.0,106.3,95.5,63.1,40.9,36.1,20.3,25.6,14.6,11.6,52.5,22.6,75.2,40.1,34.7,23.3,53.7,33.8,12.369186046511626
59.0,162.3,36.8,84.4,71.9,95.1,98.1,55.4,38.2,39.0,22.2,24.9,15.2,13.5,52.9,22.5,74.5,42.9,36.9,20.9,55.0,35.6,12.787878787878787
60.4,153.4,33.5,90.0,81.1,97.6,96.9,61.1,43.0,37.5,20.0,24.9,13.9,12.5,52.9,23.9,77.0,40.2,35.5,21.6,56.6,34.2,12.919354838709676
66.6,154.3,37.5,95.4,92.0,107.0,104.2,64.1,39.1,35.2,20.0,25.1,14.4,14.3,49.6,21.9,71.8,41.7,37.1,25.1,57.2,36.5,13.882835820895522
67.0,174.4,36.8,92.5,81.2,99.8,99.8,57.0,38.7,36.0,21.6,25.4,16.2,13.0,55.2,24.6,85.4,42.8,42.4,24.1,58.0,36.1,12.872623574144487
63.3,162.3,35.7,90.2,81.4,103.3,94.2,61.5,39.5,36.7,21.8,26.2,15.2,12.7,52.2,23.3,77.6,41.4,36.7,23.5,57.3,34.3,12.358110236220472
61.8,158.7,37.5,94.7,81.8,100.8,99.7,58.6,38.2,38.4,22.4,26.7,15.3,14.0,51.5,22.5,72.3,42.6,34.2,24.0,54.3,35.9,14.081784386617098
64.5,156.3,39.8,94.4,84.4,103.6,98.6,62.8,39.4,36.0,21.0,26.1,14.7,12.0,50.5,23.0,74.8,42.0,37.0,25.8,53.8,34.4,13.0272
58.2,165.5,36.2,89.9,78.7,93.0,98.1,54.7,33.8,33.4,19.2,23.7,14.2,13.9,55.6,24.3,82.0,40.4,39.9,24.7,55.3,36.3,12.322200772200771
79.6,161.2,36.5,103.3,94.8,118.2,96.0,72.3,47.2,41.7,22.8,27.0,15.0,12.1,56.8,25.1,79.9,40.0,37.3,27.3,56.2,35.1,14.068843283582089
60.9,163.6,36.1,90.0,83.4,99.5,97.7,58.8,38.2,36.9,20.7,25.3,15.2,13.8,55.0,23.5,76.6,43.6,37.8,22.4,55.6,36.5,13.255230125523012
82.3,170.9,37.5,99.6,97.2,112.7,108.9,67.8,43.0,38.7,21.8,27.3,16.0,15.4,60.1,25.1,84.1,44.7,40.8,25.6,57.0,41.0,13.695
56.7,154.7,33.7,90.6,76.3,92.5,95.4,57.6,39.4,34.3,20.8,25.4,14.7,12.0,53.2,23.3,76.9,38.7,38.2,22.6,56.8,33.8,13.267782426778243
51.0,165.7,34.5,89.6,71.0,89.4,93.3,48.7,31.2,32.6,20.6,21.7,14.4,12.5,54.5,22.5,79.9,41.9,39.4,23.4,54.6,34.6,13.098152610441767
60.1,169.5,35.6,87.6,80.5,94.5,97.4,56.2,36.9,35.8,20.5,24.7,14.8,13.0,57.0,24.6,85.0,40.5,39.5,21.7,55.7,36.2,11.969770992366412
71.6,172.0,36.7,95.5,84.3,104.6,100.5,64.6,42.1,38.8,20.2,24.3,15.0,13.5,60.5,27.4,90.7,41.0,41.7,25.4,58.7,33.8,13.295098039215684
68.1,158.7,37.3,91.2,86.6,104.0,99.5,63.8,45.7,41.2,24.8,27.4,15.3,13.7,54.4,23.5,74.5,42.5,36.1,23.8,54.9,34.3,13.68
94.0,167.6,43.8,116.0,98.1,114.2,113.4,73.7,43.9,41.0,22.8,34.2,17.3,12.6,58.9,26.4,82.0,42.6,41.0,30.7,58.1,38.8,15.84950495049505
68.6,172.6,37.0,84.4,84.0,103.3,100.4,60.7,42.7,37.4,23.2,25.2,15.2,13.3,57.0,25.0,83.9,44.3,40.2,20.9,57.6,36.8,12.92170542635659
67.1,161.6,38.1,94.8,86.6,104.2,101.1,61.2,40.6,38.8,21.7,25.7,15.8,12.5,54.7,23.2,75.0,41.0,38.3,23.1,52.4,34.9,12.661868512110727
68.9,174.7,39.4,92.8,74.5,98.4,106.8,58.2,39.7,36.7,21.3,27.8,16.2,14.0,59.0,25.7,87.3,41.1,42.3,23.2,59.2,40.0,13.14952029520295
78.6,170.5,37.5,104.2,93.0,101.6,104.2,62.7,42.0,41.4,22.2,27.3,15.8,14.3,59.0,25.2,84.4,45.3,39.0,29.3,55.2,37.2,14.805395683453236
70.4,168.5,38.3,90.6,82.4,101.5,103.5,60.6,39.8,38.3,21.2,28.3,15.5,14.3,58.2,27.3,83.5,41.0,42.6,23.7,56.6,37.7,14.034117647058824
50.4,159.4,32.5,77.6,66.9,88.7,91.5,54.1,37.0,34.5,20.1,23.2,15.1,12.0,52.5,24.4,77.7,41.0,38.9,19.1,55.4,31.8,10.993333333333336
59.8,168.7,36.5,87.2,76.9,94.4,102.4,55.4,36.2,34.1,19.8,24.8,15.0,14.0,57.9,25.3,81.2,44.7,41.1,20.2,54.3,38.9,13.000727272727271
76.0,170.0,37.8,100.5,87.7,102.2,110.5,63.3,40.8,39.3,21.2,27.9,16.1,14.9,60.2,26.0,86.5,42.5,42.3,26.6,53.1,37.3,14.383152173913045
78.0,165.8,38.1,105.5,97.0,107.2,109.0,66.3,41.6,38.3,21.4,27.2,15.2,13.5,57.0,25.5,81.1,43.1,39.8,27.2,55.9,36.3,14.12627118644068
71.2,156.2,35.2,100.6,88.0,110.1,104.7,66.4,42.6,37.4,20.7,27.2,15.4,13.7,50.4,22.2,75.5,39.2,38.3,26.0,56.3,36.1,16.141044776119404
66.5,165.8,37.0,95.3,87.0,99.7,104.0,57.2,39.6,35.8,21.2,24.9,15.0,13.3,54.4,24.6,79.9,44.8,42.0,24.6,56.0,37.2,13.301590106007064
73.5,168.8,36.7,93.5,90.0,108.0,105.1,67.2,38.3,37.4,20.0,26.7,15.8,13.6,56.3,23.3,80.3,43.5,38.8,24.0,56.1,34.8,12.05482142857143
54.4,152.4,36.1,89.5,75.2,93.7,97.2,55.3,35.5,32.8,20.1,25.2,14.7,12.0,50.1,21.9,70.6,38.6,35.1,22.2,55.7,34.6,11.087313432835822
67.8,161.1,36.4,99.2,80.5,100.8,106.5,61.7,41.8,38.9,22.3,26.4,16.2,14.3,54.1,24.6,78.7,41.7,36.3,25.9,55.5,38.8,13.462857142857144
64.8,162.7,39.6,90.0,84.2,99.4,98.2,60.6,39.4,36.0,21.3,25.1,14.7,11.5,56.3,25.9,82.5,40.5,40.7,23.2,58.7,32.2,13.070539419087137
66.3,161.4,34.8,95.3,91.7,100.1,98.8,59.5,38.9,37.2,22.0,26.2,16.2,12.3,54.3,23.4,77.1,42.9,39.2,25.7,53.9,34.0,12.212518518518518
77.9,159.8,39.7,97.1,85.3,114.2,111.3,71.3,47.4,39.4,22.8,28.6,16.5,15.2,56.4,25.7,76.8,40.7,37.4,25.0,55.0,40.3,14.040592334494775
70.2,164.3,38.0,99.0,95.3,101.9,99.8,62.0,40.4,38.1,20.7,27.7,15.7,13.0,53.4,23.4,80.3,42.2,38.3,27.2,55.3,33.0,12.429197080291972
59.2,161.1,36.0,87.3,81.6,96.2,100.5,56.9,38.0,35.2,20.8,26.2,15.0,12.8,54.0,24.8,81.2,38.4,37.4,23.0,53.9,36.6,11.685826771653543
56.3,152.0,35.4,85.2,77.8,98.5,96.5,59.5,39.6,35.8,21.3,25.1,15.0,11.6,50.5,21.8,71.1,42.0,36.1,21.9,53.3,33.9,13.43402489626556
92.7,169.7,39.9,103.9,96.3,114.3,110.6,70.1,49.8,43.4,23.7,30.1,18.2,13.2,58.0,26.5,81.1,45.0,39.0,29.6,55.9,36.7,15.640860215053763
80.1,164.0,39.2,99.2,93.1,106.8,108.1,67.4,46.8,40.2,23.9,29.0,16.7,13.2,54.0,26.2,82.0,42.5,40.6,27.3,56.1,37.2,13.51044776119403
77.2,167.2,37.2,97.0,88.9,110.4,106.5,69.5,43.7,39.8,22.2,27.7,16.1,14.0,54.1,23.8,79.5,41.3,38.6,24.1,56.7,37.4,12.944482758620689
70.4,166.2,38.4,93.6,80.5,100.8,105.7,61.3,38.9,36.7,21.3,27.2,16.2,13.9,57.6,26.7,84.5,37.5,41.4,23.9,56.3,37.8,13.062089552238806
59.0,160.1,36.4,88.2,77.6,96.7,99.0,57.5,37.3,35.2,20.8,24.5,14.7,12.6,55.6,24.0,79.7,40.5,37.9,21.8,54.8,35.2,12.314716981132074
64.0,158.0,36.3,97.8,79.5,100.7,98.7,58.2,39.9,36.8,21.2,26.7,15.0,12.5,53.3,22.7,74.9,39.9,35.9,27.0,54.2,31.7,15.362575107296134
84.2,167.6,39.7,99.7,93.6,111.2,106.8,71.3,47.7,41.4,23.3,30.9,16.5,13.0,55.3,24.9,79.9,43.2,39.9,26.0,55.5,35.4,12.4625
54.6,153.6,34.7,82.2,70.2,95.7,96.8,56.4,39.6,37.0,22.2,25.6,14.9,13.5,52.0,22.8,72.3,38.8,32.1,20.3,55.4,34.8,12.951680672268909
71.5,156.1,33.3,93.2,91.8,115.6,96.7,72.6,42.5,37.8,22.3,25.3,14.8,12.4,52.5,25.2,77.0,39.5,38.1,24.0,55.6,33.2,13.927245283018868
57.5,147.5,32.8,90.3,82.8,101.2,95.0,61.9,39.3,37.4,21.2,23.9,14.0,12.8,49.5,22.0,71.5,41.2,36.4,24.3,54.4,34.3,12.290833333333335
52.2,153.2,33.5,79.8,69.8,90.7,97.0,54.9,35.9,36.4,20.6,23.3,14.6,13.5,51.5,24.3,76.2,35.7,37.2,21.3,57.2,36.0,13.073617021276595
72.5,164.6,37.5,95.7,83.9,107.2,105.4,63.3,41.8,40.1,24.4,24.6,15.0,13.9,57.0,25.1,83.0,41.6,38.3,26.5,55.0,37.8,15.392053231939164
51.7,165.7,37.3,85.4,77.4,91.3,97.1,52.2,34.3,31.8,18.8,22.2,14.4,14.0,55.0,24.4,80.8,45.2,37.9,19.9,55.0,37.2,12.891178707224332
63.1,164.8,38.9,89.6,82.8,99.4,98.3,56.2,38.8,36.8,21.1,25.9,15.2,11.5,54.4,25.1,81.1,42.9,38.3,22.6,56.0,37.0,10.184748201438849
53.7,158.6,34.5,80.4,72.2,91.2,93.5,55.8,37.7,35.7,20.4,23.0,14.0,12.6,53.2,22.9,81.7,42.2,38.2,20.2,55.0,33.4,10.523902439024388
59.7,160.9,36.0,90.0,80.5,96.3,101.3,55.1,36.7,35.3,22.5,25.3,15.4,13.8,53.1,22.6,77.3,43.9,38.2,22.8,54.1,37.1,11.086956521739127
60.7,156.2,39.2,94.4,82.1,95.7,99.8,57.1,36.6,35.4,20.3,26.5,15.1,12.6,55.3,24.4,75.4,39.1,35.0,25.0,55.4,35.8,12.80367816091954
57.7,150.7,35.2,87.5,79.7,97.2,98.0,59.6,45.3,39.4,22.0,26.2,15.3,12.2,48.5,21.0,72.2,40.7,33.4,22.4,54.5,34.6,12.270114942528735
49.9,146.8,35.8,88.1,76.4,91.1,95.4,55.6,35.1,34.4,19.9,24.1,14.1,12.1,49.0,21.9,69.7,38.0,33.8,23.3,53.4,34.5,12.149274193548388
68.7,163.6,37.7,92.6,84.7,101.1,101.3,63.5,40.8,39.5,23.5,27.1,16.0,13.3,51.7,23.1,77.3,43.9,37.7,24.5,55.4,36.7,13.180291970802918
68.0,158.5,37.0,102.1,86.3,99.5,105.7,61.7,40.4,37.0,21.1,26.5,15.7,13.2,52.7,23.2,75.4,40.8,37.4,27.5,54.7,36.1,13.180802675585284
63.2,160.7,37.0,91.9,86.8,100.7,99.7,58.5,36.1,35.2,21.3,25.2,15.2,13.8,53.3,22.4,76.4,42.6,38.4,23.5,59.6,36.1,13.4399209486166
77.6,165.7,36.3,98.9,90.7,105.1,102.2,63.1,39.7,38.5,20.0,27.4,15.7,13.2,54.7,24.1,78.2,43.0,37.8,26.5,55.7,36.0,13.62543165467626
63.8,160.6,38.0,96.1,88.3,104.6,98.8,59.9,34.6,34.7,19.8,24.4,14.9,12.5,54.5,23.4,79.8,44.9,37.6,27.6,56.8,34.3,12.55037313432836
78.3,170.5,37.7,99.4,94.6,109.8,101.5,65.7,42.0,39.7,22.2,25.9,15.9,13.7,57.1,23.8,83.3,43.5,41.5,26.8,55.3,35.1,12.995759717314488
60.2,160.5,37.5,83.6,73.5,98.2,100.6,56.4,37.7,35.3,21.4,28.0,15.0,13.5,55.5,24.9,80.8,39.7,38.7,20.8,56.0,36.0,10.838260869565218
77.1,166.6,37.6,94.4,95.2,110.2,103.2,69.7,42.5,40.2,21.3,26.5,15.9,13.6,55.5,25.3,81.5,46.4,40.4,24.3,58.4,37.0,13.06550724637681
61.7,163.5,37.0,89.6,83.3,95.4,101.5,58.4,38.8,35.7,20.9,24.6,14.8,14.0,54.0,22.9,79.8,43.2,36.6,22.7,55.3,37.7,11.500383141762452
46.2,149.8,34.9,84.1,73.7,86.4,92.8,48.8,36.0,33.0,20.4,23.2,14.2,12.5,49.6,22.6,71.0,42.5,34.3,20.8,54.3,34.4,11.16901185770751
59.1,161.9,35.8,86.3,71.5,100.3,94.3,59.0,39.7,37.4,23.4,25.4,15.4,12.0,51.8,23.1,78.5,40.5,37.1,22.6,55.3,34.6,10.61065573770492
57.4,155.9,35.5,87.0,80.8,95.9,94.7,58.3,38.0,35.4,21.4,24.2,14.5,12.4,50.3,21.5,74.7,39.6,35.8,22.5,55.5,34.2,12.166666666666668
62.1,163.9,35.0,90.2,75.8,94.9,97.5,57.3,40.5,38.9,22.0,24.8,15.2,13.2,54.0,23.8,80.8,40.3,38.4,24.5,57.2,33.9,12.135341365461848
61.8,157.4,38.0,91.4,88.3,97.7,98.7,59.4,39.0,35.0,21.4,26.0,15.0,10.8,53.4,24.4,74.3,44.3,35.5,25.5,55.6,34.3,13.206083650190116
51.8,153.0,36.1,82.4,78.9,92.0,94.6,55.4,36.2,33.8,19.6,23.5,14.0,12.7,49.5,20.8,73.6,39.4,35.7,20.5,54.6,35.1,11.159685039370078
63.1,155.2,37.5,88.1,81.2,102.2,98.5,63.0,40.3,39.2,21.6,25.6,14.9,13.4,53.7,22.0,74.9,40.4,38.0,22.5,56.0,36.0,12.52671875
65.3,157.2,37.0,92.9,83.8,100.8,102.9,60.6,39.6,35.8,21.6,25.0,15.4,12.5,53.0,22.0,75.5,41.6,36.7,25.1,56.0,36.5,12.014628975265015
64.6,167.0,36.3,90.0,77.0,96.4,106.4,57.8,39.4,38.3,20.3,24.8,15.0,14.0,59.0,27.0,84.6,41.3,41.1,22.8,57.7,38.6,13.948339483394836
56.9,157.4,33.8,80.7,70.7,92.8,97.2,57.4,39.5,37.7,20.7,26.1,15.2,13.5,53.3,23.1,76.9,40.9,39.5,21.7,59.0,35.8,10.782323651452282
66.1,163.6,37.0,95.0,79.8,100.8,101.3,61.4,39.8,38.0,22.7,26.4,15.2,14.0,57.6,25.1,82.9,41.1,38.4,24.6,59.0,37.7,13.890151515151516
59.8,157.5,36.1,89.2,85.6,99.4,99.1,56.8,37.2,35.1,21.3,26.4,15.2,12.5,51.0,22.9,73.2,44.2,37.8,21.1,53.7,35.8,11.848955223880598
53.3,167.6,35.3,85.2,71.6,94.4,91.8,54.2,36.1,32.7,19.5,23.9,14.6,12.6,57.4,24.6,82.0,41.4,41.8,21.2,56.3,35.3,11.326190476190474
75.5,170.5,39.5,107.1,94.0,101.1,110.1,58.3,39.1,37.1,22.0,27.7,16.7,14.8,60.6,26.8,84.3,46.4,40.8,30.1,56.4,39.8,15.13057046979866
70.2,160.3,39.4,98.7,90.7,103.4,104.8,62.6,40.5,38.9,22.5,27.8,15.8,13.9,52.5,23.2,80.0,40.8,38.1,27.0,56.4,37.9,12.450848056537104
65.5,159.3,36.9,96.1,83.2,103.2,102.2,61.6,39.0,35.7,21.2,24.7,15.0,12.7,55.3,24.3,75.6,44.0,37.1,26.7,57.7,33.9,12.862053231939164
64.4,161.1,38.6,91.2,83.6,96.5,105.9,58.9,38.8,35.4,19.6,25.8,15.9,13.7,56.5,25.3,81.8,39.2,39.3,24.4,58.8,37.8,12.8793893129771
68.0,167.3,38.1,94.7,84.0,102.6,99.8,60.2,40.7,36.4,22.0,25.1,16.0,12.9,56.3,24.4,80.3,43.0,39.3,24.3,55.8,35.7,10.148737201365188
71.5,168.9,37.7,89.3,79.0,104.0,108.0,61.6,40.2,39.8,21.7,27.6,16.6,13.5,57.6,26.4,84.5,41.0,39.7,23.2,55.4,38.9,12.266483516483518
49.9,152.9,36.0,83.7,73.3,91.8,97.0,54.5,36.3,35.9,19.2,23.5,14.3,13.0,50.8,22.5,71.2,42.5,36.3,20.0,53.7,36.6,10.815168539325844
52.3,160.2,33.4,88.2,70.0,89.9,94.8,51.3,35.4,33.7,19.8,24.5,14.8,13.9,54.4,23.8,77.7,40.1,38.1,22.0,53.9,32.1,11.967529411764705
74.0,176.4,37.8,105.7,80.5,100.6,103.4,58.1,39.0,37.5,20.8,27.1,15.7,13.1,56.5,24.3,84.7,45.5,41.4,28.6,57.0,36.3,16.026714801444044
75.0,164.8,38.6,95.6,93.7,110.2,102.1,67.6,45.3,41.5,22.0,27.9,15.9,13.0,58.6,25.9,82.3,42.1,39.7,24.5,52.4,36.9,12.850579710144928
60.4,158.7,37.2,97.6,86.7,97.6,98.0,57.6,34.4,32.2,18.8,25.7,15.1,13.1,53.0,24.4,78.6,43.2,38.3,24.8,53.7,34.9,14.564923076923076
43.0,149.2,32.8,80.8,64.1,82.2,90.6,47.4,33.1,31.8,19.8,21.8,13.7,14.6,51.4,23.0,74.0,37.0,31.8,20.5,57.3,34.3,11.446666666666667
75.0,156.7,40.7,108.2,95.1,106.3,107.8,63.2,40.9,36.5,20.9,27.0,15.7,13.4,52.0,22.1,72.4,42.6,36.3,26.1,58.0,37.5,13.68411764705882
71.6,156.3,37.8,100.2,84.5,110.3,110.1,65.6,44.4,37.2,21.8,27.0,15.6,14.8,56.7,24.4,79.6,36.1,35.2,26.7,56.6,39.1,14.441637010676155
72.3,166.3,37.6,96.6,87.6,101.9,105.4,61.8,41.9,35.9,20.4,27.2,15.3,13.2,57.0,25.4,81.6,42.5,41.6,24.3,56.7,37.6,14.472044609665428
76.5,161.7,39.2,103.0,95.1,108.1,108.5,66.2,44.4,40.3,22.4,26.4,15.5,14.3,53.6,23.5,74.9,44.1,34.3,27.6,57.1,38.6,13.666013071895424
66.0,168.3,35.5,90.4,79.0,96.9,107.0,57.8,40.7,37.3,21.2,26.0,15.0,15.9,61.9,27.0,85.3,41.3,38.0,24.4,56.3,40.6,12.621886792452829
60.0,163.6,36.0,91.4,75.2,97.9,98.7,58.8,37.4,36.7,20.5,24.1,14.5,14.0,54.0,23.8,80.5,41.3,39.0,23.3,55.6,36.6,12.823283582089552
69.5,162.8,35.9,93.3,80.7,100.8,105.6,61.9,41.4,43.0,23.8,27.2,14.8,12.7,56.0,23.4,80.6,41.3,38.4,23.4,56.9,37.0,12.034347826086954
63.7,153.6,36.2,91.7,85.2,98.4,101.0,61.3,38.4,37.3,21.7,25.7,15.6,12.0,53.2,22.1,75.2,38.4,36.9,25.0,54.4,34.8,12.805249999999996
60.2,153.0,37.1,87.4,88.0,98.9,102.3,58.5,38.1,35.7,20.8,24.9,15.4,12.5,53.3,22.9,72.0,42.1,34.5,21.9,58.8,37.6,12.05984496124031
81.5,167.8,39.0,102.2,91.3,110.5,107.1,67.0,43.7,40.5,24.5,28.1,16.4,13.4,60.5,26.1,84.0,41.4,38.7,27.6,56.5,37.5,14.35148936170213
77.3,168.2,38.6,95.6,88.5,105.4,107.4,63.0,43.3,37.8,22.7,28.3,17.0,13.9,60.1,27.1,85.1,44.1,40.4,25.6,58.0,37.0,13.583320463320462
53.7,158.5,36.1,85.0,74.2,90.0,99.4,52.3,35.2,32.7,20.3,25.3,15.6,12.6,54.6,24.5,80.4,40.8,36.9,21.0,52.0,35.5,13.22983870967742
67.2,158.8,35.0,91.2,82.6,100.2,102.2,63.4,42.2,40.7,23.8,26.4,14.5,13.5,56.5,23.4,79.7,41.2,37.1,23.9,56.6,35.0,12.54
69.8,171.8,37.6,89.5,82.0,99.3,108.2,61.2,38.3,35.2,22.9,26.1,16.0,14.7,60.0,26.5,87.6,43.1,41.5,22.4,58.8,39.8,12.867735849056604
80.9,165.5,39.0,102.1,101.0,117.6,106.8,68.1,43.7,37.0,22.6,28.2,15.7,12.3,57.8,23.2,79.0,46.4,39.3,25.3,54.5,34.4,14.925163636363637
72.2,170.5,36.5,89.3,82.0,105.3,104.3,64.7,41.4,38.8,21.2,24.7,15.0,12.1,57.7,25.2,85.4,45.0,40.6,23.6,56.3,39.0,11.472116788321168
63.0,160.8,37.0,97.6,79.2,96.5,100.9,54.1,37.7,39.4,21.7,27.5,15.8,12.4,54.3,23.9,77.5,42.5,39.9,25.1,54.9,34.8,13.686436781609194
65.4,160.7,36.6,88.6,76.6,98.9,103.9,59.2,42.3,39.3,22.1,27.2,15.3,13.9,59.4,25.6,82.9,39.1,41.1,22.5,58.5,36.5,12.608461538461537
48.4,149.0,35.2,84.7,72.8,90.0,91.6,51.8,35.7,32.8,21.6,24.3,15.2,11.7,48.8,21.1,70.0,39.8,32.7,22.9,53.5,32.7,12.139190283400811
65.3,156.3,37.5,95.6,89.5,98.7,102.3,61.0,39.5,36.5,20.7,24.6,14.7,12.9,53.0,23.5,77.3,42.0,36.8,26.0,55.8,35.7,12.558523985239852
66.9,167.7,36.5,82.4,81.1,106.4,99.1,63.2,42.6,38.4,21.6,24.6,14.8,13.4,56.8,24.9,84.6,41.5,38.9,20.9,57.1,34.7,10.648615384615384
66.8,161.5,37.8,94.5,85.6,102.5,103.7,62.5,39.4,36.7,21.1,26.7,15.4,12.6,56.9,24.5,77.7,40.9,37.9,24.6,56.3,36.4,13.575559701492535
67.2,157.0,36.1,90.7,77.2,107.6,103.1,64.3,41.0,40.7,22.2,26.9,15.7,13.1,54.7,24.4,78.9,36.0,35.9,25.0,59.2,36.8,12.17113970588235
59.7,156.3,34.5,88.7,82.6,103.4,98.0,62.3,39.0,35.4,20.5,23.8,14.4,12.8,52.8,22.5,73.3,38.3,36.2,22.9,53.7,35.3,12.54615969581749
65.8,162.7,37.1,92.9,84.4,98.3,102.3,61.5,39.0,37.7,22.6,26.8,15.2,12.7,56.4,23.2,78.2,42.8,38.5,24.0,55.8,35.9,13.07746153846154
65.7,174.3,39.0,86.3,75.6,99.0,103.3,58.7,38.0,35.1,20.3,26.1,15.0,14.0,58.2,26.0,88.7,43.0,45.4,22.5,60.0,38.8,11.137584905660376
68.1,163.5,36.0,91.7,89.3,105.0,101.7,60.4,40.8,37.4,21.3,25.5,16.0,14.3,54.7,23.2,78.6,41.5,38.6,23.5,57.8,36.4,13.002238805970151
89.4,169.9,40.3,107.0,105.9,119.3,110.6,70.4,45.3,40.5,22.5,29.4,16.7,13.3,60.6,26.6,84.2,46.5,41.7,28.8,58.0,36.9,14.0327868852459
64.3,150.3,38.1,88.3,78.1,103.5,102.9,65.4,42.7,39.3,22.7,27.5,15.0,13.5,51.1,23.2,72.8,37.4,37.0,22.8,57.0,36.0,13.01633466135458
85.7,163.7,40.5,110.3,93.2,111.6,108.6,67.1,44.7,43.5,25.8,30.2,17.4,15.1,53.5,22.5,77.0,44.6,38.0,30.2,56.6,37.8,15.762343234323431
56.0,154.4,36.7,85.4,74.6,93.5,97.6,57.6,39.5,34.7,20.7,24.8,15.4,11.5,51.5,23.4,75.4,40.5,36.2,21.9,56.3,34.5,11.76264150943396
61.3,149.3,35.9,90.8,80.1,96.2,104.4,60.3,41.3,38.4,23.1,27.2,15.4,12.0,52.0,21.5,72.0,39.7,33.4,24.1,56.4,36.1,13.517593984962406
66.2,164.5,38.0,91.3,92.8,101.0,104.1,58.4,37.8,35.3,21.8,25.2,15.8,12.5,56.6,24.1,79.9,45.5,36.2,22.8,55.7,38.4,11.212280701754386
71.9,170.7,38.4,92.3,80.6,102.5,104.6,60.3,42.9,42.5,25.7,28.8,18.0,14.2,59.1,25.5,84.2,43.8,36.9,24.9,53.4,39.4,12.50952380952381
58.6,161.1,35.4,88.9,74.9,96.7,99.9,57.9,37.1,36.9,19.6,24.0,14.0,13.6,52.2,22.3,78.4,41.4,35.8,24.7,55.6,35.6,14.332857142857142
57.6,154.3,37.8,84.5,76.7,92.6,103.4,55.3,39.0,37.7,22.2,28.2,15.4,12.7,51.2,22.4,75.0,42.0,34.2,20.9,56.2,36.5,11.001568627450984
56.0,160.4,34.9,87.4,74.8,93.2,98.0,55.5,38.0,34.4,20.7,24.4,14.2,13.0,53.5,22.2,77.6,41.9,37.0,22.7,57.0,35.9,11.844555984555983
61.6,158.8,36.3,85.1,79.8,99.0,96.2,59.3,40.9,39.9,22.0,25.9,14.9,11.7,54.0,23.3,77.8,43.0,38.6,23.9,55.6,33.7,11.864564315352698
53.3,154.3,36.2,81.1,72.2,91.2,94.7,54.9,38.4,37.0,24.7,26.5,16.2,12.7,50.8,23.3,74.2,39.2,35.5,21.8,56.8,33.7,12.183348416289594
67.8,163.0,37.0,99.8,88.8,103.4,100.6,62.7,38.5,36.5,21.3,25.6,15.2,13.0,54.0,23.4,80.3,41.6,37.5,26.7,53.7,35.4,14.634850746268658
77.6,167.4,40.8,97.4,78.4,100.0,113.4,58.2,40.6,37.8,23.7,27.5,16.2,16.4,53.8,24.7,81.0,42.3,38.9,25.2,58.8,39.9,13.417346938775513
65.8,156.0,35.0,93.5,77.8,101.2,106.5,62.1,42.4,38.4,22.7,25.4,14.5,14.2,54.0,23.1,72.6,40.3,35.3,24.0,57.8,36.1,14.76315789473684
66.6,162.0,37.9,100.1,93.0,99.7,98.4,59.1,39.0,37.0,21.7,26.0,15.4,11.3,55.0,23.4,77.8,44.0,34.9,27.7,56.5,34.9,12.144485294117649
54.9,161.3,35.7,79.0,74.0,95.7,95.7,58.4,38.4,35.0,21.7,25.2,15.4,13.7,53.7,24.6,77.8,41.6,36.0,19.2,54.1,36.3,10.575806451612902
53.9,154.1,34.2,85.4,81.8,92.7,99.8,52.9,36.7,35.0,21.3,23.4,14.7,13.4,50.8,21.9,74.2,41.9,33.4,22.9,55.2,36.3,10.356343283582088
81.4,159.5,39.3,105.6,102.6,115.3,108.5,70.4,45.0,39.9,22.5,29.9,14.7,13.0,54.7,24.0,77.0,44.3,36.9,28.0,57.7,36.8,15.00431654676259
61.1,160.0,36.5,92.3,79.6,95.0,100.8,57.4,38.6,36.3,23.8,25.9,15.5,11.6,54.7,24.4,79.4,43.6,37.8,25.8,56.4,33.5,10.50429104477612
77.7,169.0,39.5,94.2,86.5,107.8,104.4,66.2,43.4,42.7,23.8,26.7,15.8,13.2,57.6,25.7,82.6,41.8,38.7,25.2,57.5,36.6,12.692210526315788
72.5,161.2,37.7,93.0,89.2,104.6,100.1,63.9,43.0,41.1,25.5,27.8,16.1,13.0,53.0,23.5,79.1,44.4,37.5,27.1,57.0,33.0,12.662307692307692
66.4,155.9,39.2,94.5,89.1,99.5,101.9,62.4,40.4,37.2,21.7,27.1,15.8,12.0,51.8,21.9,73.9,44.7,33.3,24.8,53.7,34.5,12.95509090909091
80.6,167.8,37.7,103.7,98.5,111.0,107.4,64.5,41.9,39.9,24.4,27.2,16.5,14.0,59.1,25.2,81.3,45.0,39.3,27.2,56.7,37.6,13.87155844155844
52.2,160.8,34.0,83.6,76.7,94.9,91.2,53.3,35.7,33.8,20.1,24.8,15.1,13.8,53.6,23.8,78.5,41.3,37.3,21.6,54.7,33.0,10.699423868312758
47.8,155.9,35.0,79.0,69.8,88.1,93.2,51.0,34.4,33.3,21.6,23.0,15.4,12.2,51.1,22.7,71.9,43.2,34.7,20.1,55.3,34.7,10.8625
84.5,168.3,39.7,104.0,103.1,111.3,107.5,70.8,44.5,41.6,22.0,27.3,15.5,13.4,56.0,24.3,85.8,43.5,38.9,27.5,57.2,37.6,13.79935275080906
68.5,158.6,37.8,98.5,86.9,106.0,108.1,60.8,39.7,37.4,22.5,25.1,14.8,13.7,54.4,24.1,76.9,41.8,37.2,24.8,56.8,38.3,13.133333333333333
64.6,164.6,37.0,93.2,85.3,98.3,99.0,58.2,38.0,37.7,23.5,27.0,16.0,13.3,55.1,24.2,81.1,43.4,39.1,24.8,55.4,34.9,12.048669201520912
67.9,165.6,38.2,90.8,78.8,101.9,104.8,60.7,41.5,37.6,22.0,25.8,16.3,14.0,53.6,23.9,81.1,40.5,38.2,24.5,59.7,36.7,12.71906614785992
50.9,151.5,37.7,82.0,75.5,90.1,94.2,54.5,35.3,35.0,20.8,24.6,15.2,12.4,50.2,21.9,72.9,40.3,33.6,20.5,57.7,34.3,11.48
74.5,175.4,39.6,95.3,86.8,101.8,108.5,60.7,40.1,38.9,22.7,27.1,16.4,13.6,59.2,26.1,86.3,45.2,38.9,23.8,55.7,40.0,11.655156794425086
67.0,169.9,37.7,93.4,77.3,102.8,103.0,59.2,41.7,39.2,23.0,26.9,15.7,15.0,56.8,24.7,82.8,46.6,38.8,23.5,59.3,38.1,12.960942028985508
57.3,157.3,36.1,96.9,84.7,94.0,92.7,53.5,35.7,32.7,19.5,24.0,15.0,11.4,54.6,23.2,75.0,41.2,38.3,26.2,56.7,33.6,13.337566539923955
59.7,165.7,35.5,84.1,79.9,98.2,94.9,56.6,38.5,36.3,21.5,24.2,15.0,12.0,56.5,24.8,82.0,42.4,42.4,21.5,53.8,32.2,11.680555555555554
66.5,165.5,35.4,99.8,89.5,97.3,99.0,57.0,39.8,38.3,22.9,24.3,16.0,12.5,57.2,23.8,80.8,44.3,37.3,24.2,56.8,33.4,12.12847222222222
50.5,150.2,33.8,82.6,74.0,89.6,93.5,53.2,35.8,34.7,20.2,23.8,14.6,12.7,50.0,22.0,72.7,37.4,34.8,21.2,53.6,33.5,11.125714285714285
74.9,165.3,39.1,95.3,92.7,107.4,101.1,63.4,41.5,39.3,22.3,28.6,15.9,11.7,54.0,23.1,77.3,46.5,38.7,25.0,56.8,35.0,13.753522727272728
75.6,163.3,39.9,100.1,90.5,104.6,106.5,64.9,44.7,39.2,24.9,29.2,16.5,13.9,53.7,22.7,76.5,44.0,37.0,27.1,55.8,37.1,14.640960854092526
63.4,158.5,36.8,95.6,83.7,95.3,103.1,59.9,37.4,36.6,21.1,26.8,15.0,13.4,56.8,24.4,78.7,41.3,38.1,25.3,53.0,36.4,12.199701492537312
76.8,163.2,40.0,97.5,89.6,112.3,105.4,67.3,43.3,41.3,23.7,27.8,16.8,12.3,56.2,24.7,75.1,43.0,37.0,25.2,56.5,35.3,12.146464646464649
80.4,161.6,39.9,101.9,96.8,112.2,111.1,68.3,43.5,40.3,23.0,30.1,17.0,12.8,56.0,24.2,77.3,43.0,37.5,28.3,55.5,37.6,13.389590443686007
76.2,167.0,38.5,97.1,94.1,109.1,105.6,65.2,41.8,40.0,22.2,26.0,15.7,14.8,55.5,24.1,81.5,45.0,37.5,24.7,54.7,36.8,13.093275261324044
52.6,163.2,36.2,89.0,69.8,91.9,96.5,51.7,35.6,33.2,19.0,23.5,14.0,11.7,52.7,22.1,76.6,42.1,36.4,22.4,55.6,35.4,12.556589147286823
65.3,164.8,34.7,83.4,78.5,98.3,105.5,61.7,42.3,37.7,21.7,24.1,14.9,14.5,59.0,25.2,85.5,40.6,36.2,21.5,61.1,39.3,12.0
72.6,157.6,38.0,104.6,92.8,103.0,102.7,62.5,41.2,37.3,20.7,27.9,15.2,12.4,57.7,25.7,80.1,43.9,36.8,27.9,57.4,34.6,13.339233449477351
55.7,160.6,36.4,92.0,78.3,91.5,97.0,53.8,35.3,34.2,20.1,22.1,13.9,12.9,54.0,22.7,76.2,43.2,37.4,23.5,54.7,36.0,12.7578125
59.9,165.2,35.6,86.9,77.2,98.1,100.3,57.3,37.4,35.9,22.7,25.4,15.4,13.0,55.0,24.9,79.3,43.0,36.5,21.5,55.2,37.0,11.882916666666668
75.9,162.5,37.0,100.3,97.0,107.1,104.0,63.6,41.8,39.3,22.7,25.8,14.5,13.5,53.5,24.6,80.0,44.6,38.1,27.2,56.7,37.0,12.871833333333331
60.7,159.8,37.6,95.5,88.0,96.0,98.4,58.6,38.1,35.3,20.2,26.2,15.3,12.2,51.0,22.0,77.8,44.0,37.6,25.6,52.7,33.5,13.436627906976744
66.9,161.8,36.2,106.8,94.6,106.4,99.4,61.5,36.8,33.8,19.7,25.2,14.6,12.1,56.2,24.2,76.5,39.6,37.3,28.7,55.1,35.2,13.948612099644128
69.7,167.4,39.1,98.8,91.5,101.4,102.4,58.7,36.8,37.4,21.3,25.0,16.5,12.5,56.1,24.6,80.4,40.9,39.8,26.7,54.7,36.2,13.492043010752688
61.4,156.3,35.9,91.2,85.5,102.5,103.5,59.7,38.1,35.3,20.5,23.5,14.7,14.1,50.9,23.5,72.0,40.6,34.5,23.3,55.7,36.7,11.958041958041958
74.2,172.8,38.5,102.7,88.1,109.8,107.5,62.9,42.0,36.0,21.6,26.9,16.5,14.7,56.6,26.4,82.1,40.6,40.9,25.9,57.2,39.3,13.486227758007118
67.1,159.0,36.7,99.5,85.5,105.5,103.9,63.1,40.6,37.2,20.9,25.8,15.0,13.5,52.5,22.7,75.3,41.7,38.6,26.0,54.8,36.5,14.443548387096774
57.7,163.6,37.6,83.4,82.5,97.4,104.3,58.2,35.7,35.8,19.6,24.7,14.9,14.1,55.3,23.8,80.2,39.7,39.2,18.7,55.6,38.2,10.563999999999998
80.3,165.5,40.7,97.2,93.9,106.1,112.1,66.2,46.8,41.1,21.7,29.8,16.0,14.9,55.0,25.1,80.3,42.0,38.6,25.5,57.4,37.5,13.676210526315788
63.4,170.7,35.1,92.8,83.7,100.3,103.9,57.7,36.7,35.7,20.6,27.2,15.9,14.4,55.6,24.3,81.0,45.1,39.1,23.2,56.0,37.5,11.492669039145907
68.1,167.6,38.8,89.1,82.2,106.2,99.6,63.2,42.9,38.9,22.6,26.7,15.5,13.9,54.7,24.7,81.4,42.4,38.0,23.2,56.2,36.6,11.301286764705882
73.4,163.3,38.6,99.8,89.5,108.3,105.5,63.9,42.8,39.4,24.0,26.3,16.0,13.7,55.5,23.7,74.9,41.6,34.6,26.8,58.0,36.7,14.06902777777778
67.2,160.7,38.2,98.3,80.3,103.2,105.0,61.8,43.1,38.4,22.0,26.8,15.2,13.9,53.2,22.9,76.3,38.9,33.4,24.8,56.7,37.6,13.139433333333336
66.2,161.8,34.9,91.9,91.1,103.6,100.0,59.9,40.8,37.7,21.4,25.2,14.7,13.2,51.2,22.5,73.9,44.0,36.9,24.7,54.8,33.8,12.21551440329218
70.3,170.8,36.2,91.6,82.2,108.6,106.3,63.7,41.7,37.8,21.7,26.8,16.2,13.5,53.5,23.8,80.1,44.1,36.3,23.0,55.2,37.7,12.782985074626865
70.9,173.5,38.5,92.0,79.0,102.2,107.2,60.8,40.0,38.7,23.6,25.8,16.4,13.4,55.6,24.5,82.7,41.5,38.3,23.9,57.6,37.5,13.09608540925267
58.6,171.5,37.9,85.5,70.0,91.5,102.5,53.0,35.5,34.6,19.7,25.0,15.2,13.5,58.5,26.5,85.0,41.5,40.0,23.6,57.5,37.8,11.75625
49.3,157.0,34.2,92.3,72.7,89.8,95.0,51.6,34.5,32.7,19.7,23.5,14.4,13.5,52.0,22.9,73.7,41.2,35.1,23.4,52.3,35.1,11.9553937007874
73.3,164.2,37.6,98.8,84.9,104.5,102.5,64.5,44.4,41.4,22.7,28.7,15.2,13.0,53.2,23.8,76.9,39.6,37.9,25.7,56.5,36.4,14.062773722627735
99.6,178.8,40.9,109.8,117.4,117.0,109.3,72.8,47.6,43.9,22.7,28.2,17.2,14.2,58.1,25.3,82.6,51.5,39.5,29.7,58.2,37.5,14.020065146579803
64.8,160.0,36.4,91.3,83.7,103.5,101.8,61.9,39.8,35.1,22.6,26.4,14.9,12.2,54.2,24.7,78.5,40.6,38.2,24.0,54.6,34.6,13.766889763779528
72.9,167.5,35.7,93.6,83.5,103.3,104.5,64.6,43.8,40.7,22.6,27.8,15.0,14.5,56.0,24.0,77.5,43.7,37.1,26.0,54.7,36.6,14.65811320754717
90.2,163.4,43.2,109.3,111.4,116.5,110.8,70.2,47.7,41.3,22.3,31.6,16.7,14.9,53.5,23.0,77.6,50.6,39.3,29.1,53.1,36.3,16.63089928057554
75.4,157.6,36.7,103.7,96.0,107.8,101.7,64.7,45.5,43.3,22.9,27.1,15.4,12.6,52.2,22.2,73.4,45.3,37.6,27.0,53.9,34.3,12.774117647058825
65.4,159.9,36.1,90.3,81.4,98.8,106.9,62.9,43.2,37.8,22.0,26.6,15.8,15.4,54.1,24.1,77.8,42.6,36.2,23.2,56.0,38.8,12.72409090909091
70.8,159.8,37.7,88.3,82.4,105.4,102.9,67.2,44.9,43.2,23.6,28.3,16.1,13.0,51.2,23.3,76.1,39.9,34.9,22.8,56.9,36.2,12.08315789473684
64.7,154.8,37.7,98.6,88.9,101.6,101.0,60.0,38.9,36.2,20.2,26.0,14.9,12.9,50.0,21.8,72.8,39.3,36.2,26.8,55.4,34.8,13.253840579710149
63.1,160.7,36.8,92.0,79.0,99.3,103.1,59.3,40.7,36.7,22.2,27.4,15.5,13.5,54.2,25.8,78.7,43.1,37.9,24.2,58.7,36.7,13.322962962962963
66.6,168.6,37.8,90.4,77.5,102.7,99.6,62.8,41.3,37.8,21.7,27.7,15.1,12.9,56.5,24.5,80.4,46.0,37.5,23.9,56.9,35.1,12.397714285714285
66.7,164.0,37.3,86.5,82.7,100.3,98.8,61.7,41.8,40.7,23.7,25.5,15.2,11.9,52.6,22.7,74.7,45.0,35.4,22.0,57.5,35.5,10.93131868131868
49.7,156.3,33.5,86.4,70.7,90.3,94.0,53.0,36.6,34.4,22.3,22.8,13.8,12.7,53.1,22.2,74.1,41.9,34.6,22.0,54.2,34.3,10.315437262357412
55.8,159.1,34.4,84.8,78.8,95.3,95.6,57.9,38.0,34.0,20.3,25.1,14.0,12.0,52.5,22.9,75.1,42.7,35.4,21.8,55.5,35.1,10.67601593625498
92.1,167.8,39.7,109.7,98.2,116.0,110.1,70.1,46.6,42.2,22.0,30.5,16.6,14.3,59.5,26.2,83.9,43.5,40.4,30.5,56.3,35.4,15.949556313993176
69.5,167.0,35.5,93.7,80.4,104.4,102.4,64.2,41.5,39.4,23.6,25.3,15.4,14.4,54.5,23.8,80.6,45.1,36.3,24.3,58.7,36.6,12.941083916083915
56.3,152.9,36.7,94.7,84.7,91.4,99.0,53.8,35.7,34.4,20.4,24.2,14.8,11.4,51.4,22.3,71.8,40.6,34.1,25.4,57.7,34.8,13.94672727272727
60.3,161.6,36.7,86.0,75.7,97.0,99.9,57.8,39.4,35.7,21.8,27.3,16.2,13.8,53.5,23.2,77.8,43.4,36.9,22.2,52.7,35.7,12.163346613545816
64.7,162.0,36.6,95.9,86.0,102.2,103.0,60.2,40.6,38.8,21.7,24.7,15.5,15.7,53.7,23.0,78.5,44.8,35.3,25.1,54.4,39.7,12.76289962825279
64.2,151.0,36.8,94.5,82.7,104.1,100.5,63.2,43.6,39.4,22.7,26.3,14.5,13.6,49.1,21.9,70.9,38.0,30.7,23.8,55.5,35.2,14.06679389312977
70.1,162.6,36.9,102.2,85.2,106.9,104.4,64.7,41.1,39.1,23.9,25.8,15.3,13.6,51.0,22.5,76.1,40.5,36.7,26.1,57.1,37.2,14.0
58.3,160.0,36.0,85.9,81.5,98.5,97.4,58.6,38.2,37.0,20.2,25.4,15.2,13.4,53.7,23.9,76.0,44.0,33.8,21.5,55.4,36.1,11.476518218623482
84.3,167.9,40.2,107.6,96.6,110.8,111.0,67.0,42.7,42.0,25.0,28.6,17.1,14.6,56.8,23.9,78.2,45.4,36.9,28.8,58.5,39.2,14.111475409836064
69.6,160.0,37.0,105.5,92.8,106.8,101.7,63.5,40.0,36.5,21.5,27.3,15.7,13.5,54.0,23.7,73.6,43.5,35.8,27.6,55.7,36.1,14.909201388888889
73.5,161.8,38.4,107.2,90.6,106.2,106.0,62.1,41.7,38.0,20.8,27.9,15.6,12.2,54.4,24.4,78.7,42.5,36.0,29.0,57.8,35.2,14.627959866220737
47.0,162.9,36.8,86.3,72.9,85.9,93.8,49.5,32.7,30.8,18.3,23.6,14.6,12.2,52.4,22.7,78.9,42.4,37.2,22.3,52.7,35.0,12.0955905511811
60.8,165.1,36.9,90.1,77.5,97.3,99.2,58.4,39.3,36.4,20.7,24.5,14.9,13.5,56.6,23.9,78.6,43.3,35.7,24.0,57.3,37.5,11.897374517374518
51.5,159.6,34.0,79.1,74.2,93.3,91.7,55.2,38.2,33.3,19.7,23.4,14.3,14.5,56.0,25.0,79.6,38.0,37.1,19.7,56.3,35.2,10.648076923076925
71.7,165.4,39.0,98.3,88.2,107.0,104.0,65.1,39.7,37.4,21.7,26.4,15.0,11.7,56.6,24.5,81.6,41.7,38.4,25.2,59.1,36.6,11.98780487804878
88.9,177.6,43.3,103.5,99.5,116.7,116.1,70.8,43.2,37.8,21.2,28.9,16.1,14.6,62.5,27.6,89.7,44.6,38.8,28.3,59.4,40.4,12.712861736334403
53.2,154.6,35.5,84.5,70.5,95.6,94.5,55.5,37.7,34.1,20.6,24.7,14.5,12.5,48.3,20.4,74.2,40.3,35.4,21.0,53.8,35.0,11.892592592592594
74.7,167.6,36.5,99.0,87.6,99.9,106.5,59.8,44.4,40.0,24.1,25.1,15.4,14.0,57.0,23.9,81.3,43.6,41.3,26.1,56.7,37.5,12.979264214046822
62.2,158.5,37.5,92.4,77.5,101.8,99.2,61.9,42.2,37.4,23.1,25.7,14.8,13.4,51.2,21.5,74.0,37.5,33.4,23.5,54.1,35.7,12.285393258426966
57.4,159.4,36.6,89.9,73.3,92.4,101.5,53.8,36.5,34.8,20.9,25.7,15.6,12.8,51.7,22.4,72.9,38.5,34.1,23.1,54.8,35.7,12.552075471698114
56.5,162.9,35.9,87.0,78.1,95.0,100.4,54.1,37.4,35.3,21.0,23.4,15.0,15.1,53.2,23.3,75.5,43.7,35.1,21.1,55.1,38.2,10.818819188191885
64.6,158.1,36.4,97.2,84.0,101.7,102.4,60.9,42.0,38.3,23.0,26.4,15.3,13.2,53.0,22.7,76.9,38.8,35.1,24.0,57.7,36.5,14.368695652173912
52.9,161.4,37.0,85.5,75.1,90.2,92.4,53.1,32.3,34.0,19.5,26.2,14.0,10.8,53.7,21.7,77.3,41.3,36.9,22.5,53.3,33.3,11.076923076923077
64.8,155.9,38.7,94.7,83.4,101.2,103.4,63.0,41.3,37.7,20.8,26.0,15.2,13.1,51.4,21.9,72.6,39.0,35.6,25.0,54.9,36.6,12.810445205479454
75.1,169.7,37.3,96.7,87.8,105.4,109.5,63.3,41.4,38.0,21.8,26.3,15.7,14.9,57.0,26.2,83.1,41.8,38.6,25.8,59.7,37.7,13.565827338129496
74.0,167.4,36.9,102.6,87.9,103.1,110.8,62.8,39.4,38.7,23.7,27.9,17.1,13.7,57.3,24.1,78.9,44.4,36.2,27.1,57.7,38.7,13.759271523178809
75.8,169.2,38.5,101.8,97.4,103.9,108.7,61.8,39.3,38.8,21.7,27.5,15.4,14.6,59.8,24.6,80.5,47.0,37.1,28.1,56.2,37.8,13.309662162162164
55.4,161.5,34.8,84.9,76.0,90.3,94.0,54.3,38.2,36.7,21.8,24.4,14.5,12.8,53.2,23.5,75.3,44.0,36.0,21.3,53.9,34.4,11.612758620689656
85.2,176.2,40.7,104.5,96.4,107.5,110.0,65.6,41.7,39.2,21.2,28.9,16.0,14.5,60.7,27.5,87.4,44.8,39.0,27.4,59.5,35.0,14.80700325732899
81.4,157.3,39.8,98.6,102.5,115.5,106.1,73.9,43.3,42.2,22.2,27.7,15.0,13.0,52.0,23.4,73.5,43.7,37.0,27.0,56.9,35.5,14.489605734767023
82.4,167.4,39.3,106.4,96.6,110.2,111.0,69.2,46.4,40.7,23.3,28.2,16.2,13.7,57.0,24.2,78.0,48.7,37.9,26.8,54.4,38.2,13.813966101694913
50.3,153.1,34.5,87.4,76.1,93.0,94.3,54.2,35.5,32.0,18.8,24.8,14.3,12.1,49.8,22.9,73.5,38.9,35.6,24.2,52.3,34.3,11.87926530612245
60.7,150.5,35.6,96.4,90.5,99.8,97.3,60.1,40.7,37.2,20.7,23.9,14.0,13.1,52.3,22.4,70.4,43.0,32.6,26.2,55.3,35.4,13.517343173431737
69.2,170.0,38.2,85.8,85.1,100.7,105.5,61.8,39.9,37.4,21.9,26.1,16.0,14.3,57.4,26.0,84.2,46.2,39.4,22.5,59.0,39.0,11.974285714285712
64.0,153.9,34.7,99.2,90.3,98.1,98.0,59.1,40.5,37.7,22.0,24.8,14.9,12.3,50.5,21.7,72.5,40.3,35.3,26.7,55.5,34.5,13.495406360424028
65.0,162.0,37.3,88.5,82.0,98.9,100.1,59.6,40.9,37.5,22.5,28.1,16.1,13.8,56.3,23.9,76.4,44.0,36.9,23.0,55.5,37.1,12.074163568773235
58.0,171.2,36.5,82.8,71.9,93.5,99.9,54.5,36.6,34.4,20.7,24.6,15.5,13.0,56.2,24.4,80.4,43.0,39.6,20.4,54.5,36.8,11.305384615384616
60.1,155.4,38.1,92.7,81.0,101.0,99.9,60.3,38.8,37.4,22.7,24.2,15.0,13.7,52.8,23.3,73.0,40.0,34.6,23.8,55.4,37.6,12.312277992277991
60.1,159.8,38.3,82.1,72.8,98.5,98.4,59.0,41.4,36.4,20.5,25.8,15.0,11.4,52.0,23.5,76.4,41.8,35.4,21.5,63.4,35.1,12.027818930041152
66.4,161.2,37.6,96.8,84.5,100.2,102.9,60.7,40.0,38.8,22.7,26.3,15.4,12.7,53.5,23.1,78.7,42.0,38.0,25.3,55.8,32.3,13.51862068965517
70.3,170.7,35.5,85.7,80.6,105.3,101.0,63.6,42.4,38.7,23.2,25.0,15.5,15.1,57.5,25.8,86.7,45.4,37.0,21.0,58.5,37.8,11.751287878787878
61.6,161.1,37.0,92.2,76.4,98.0,99.6,63.0,39.9,38.2,22.0,23.8,14.7,13.8,50.5,21.5,77.5,39.6,35.9,24.2,56.2,35.2,12.06735294117647
65.4,159.9,37.4,96.7,85.4,97.5,100.0,58.5,35.2,36.2,20.2,25.3,14.9,12.7,51.7,20.9,72.1,47.4,36.2,24.0,55.8,35.4,13.729419795221844
58.9,156.9,35.5,84.8,74.7,96.4,99.5,58.3,39.3,34.2,21.0,25.5,15.4,12.2,53.8,23.9,77.0,37.9,35.4,23.3,58.3,35.0,12.538521400778212
52.4,166.3,35.6,86.4,65.6,90.2,96.0,53.3,35.2,34.4,19.2,22.4,14.0,13.6,53.7,21.8,78.3,42.0,40.2,21.6,52.1,37.1,11.564824902723736
70.6,166.6,37.5,96.2,88.6,101.6,103.5,62.3,40.2,40.0,22.9,25.5,15.5,13.6,55.5,23.2,78.6,45.4,38.0,25.3,55.9,36.6,12.32455516014235
67.6,165.9,38.2,83.7,80.1,99.8,101.2,62.1,41.7,38.5,23.4,27.7,15.5,13.4,54.2,23.9,79.4,43.5,40.1,21.1,58.7,37.9,11.75216326530612
62.3,154.3,36.2,96.5,89.5,96.6,98.9,57.7,36.7,35.8,20.2,24.8,14.8,12.3,54.0,22.8,73.0,42.5,34.5,25.3,58.1,34.5,12.61119133574007
62.8,157.1,37.0,93.1,91.6,99.8,102.8,58.5,39.4,36.2,22.4,25.2,15.0,12.3,52.5,22.6,75.3,43.3,35.1,24.0,53.7,35.3,13.203272727272727
50.3,161.8,37.3,79.5,68.1,90.8,94.1,51.2,35.5,36.5,20.7,23.5,14.4,12.7,52.2,22.8,77.3,41.3,37.9,20.2,54.3,34.0,12.667219917012446
59.9,161.0,36.0,91.0,79.0,99.6,99.6,59.4,37.0,35.8,20.4,23.4,14.5,12.8,54.6,22.1,75.7,42.5,37.1,25.3,52.6,35.2,13.278210116731517
50.8,151.2,34.0,78.6,68.0,92.2,98.8,58.6,38.4,36.1,23.2,23.4,13.8,14.5,49.5,21.1,74.5,36.4,36.0,18.5,55.5,36.9,11.260653061224492
52.0,155.5,37.5,78.5,72.5,88.4,96.8,53.7,37.2,32.9,19.9,26.2,15.0,11.1,52.7,24.1,74.2,43.5,35.9,20.2,55.0,35.0,9.89636752136752
83.1,172.9,41.6,105.0,94.2,105.5,111.4,64.3,42.9,39.9,23.2,29.2,16.8,13.5,56.6,24.2,80.9,47.3,39.0,27.3,57.2,38.7,14.093959731543626
62.2,159.3,38.7,96.4,83.8,95.0,102.7,58.5,37.2,36.2,20.5,25.7,15.8,12.7,54.0,23.2,76.4,41.0,39.6,26.1,52.5,36.3,11.370256410256411
70.6,160.9,38.2,97.3,88.3,102.7,105.4,60.5,39.3,39.5,22.5,26.8,15.6,13.1,55.6,24.4,77.0,40.4,35.5,24.7,58.7,36.9,13.20960264900662
66.7,164.8,38.0,91.7,90.7,103.2,103.4,61.3,39.0,36.7,21.6,26.4,16.1,13.0,56.0,24.0,81.2,42.0,37.7,25.0,55.6,36.7,11.638846153846153
73.0,163.1,36.9,95.3,87.8,104.5,103.1,62.9,42.4,40.4,20.4,27.0,15.3,13.2,54.7,23.6,78.4,42.6,36.1,25.3,57.8,36.8,12.49339222614841
84.2,171.2,38.5,103.2,98.0,112.9,111.5,67.1,43.8,41.7,24.4,27.8,16.8,14.5,58.2,23.8,80.1,45.6,39.1,25.8,58.3,39.2,14.109639344262296
54.9,154.1,36.0,79.9,79.4,95.5,96.9,57.8,38.6,35.6,21.2,24.9,15.3,13.9,50.5,21.9,74.3,38.7,36.8,20.8,51.8,33.6,12.58
60.9,166.3,36.6,86.4,75.4,98.1,103.7,60.1,37.4,37.4,21.4,26.3,15.4,14.3,57.1,25.7,83.4,41.8,37.9,21.2,56.7,38.2,12.659340659340655
67.0,161.4,37.2,99.0,84.4,98.6,105.6,58.2,40.0,37.9,21.0,26.5,15.1,12.5,57.0,24.2,77.3,41.3,37.6,26.5,57.4,36.9,12.956375838926174
71.1,159.8,39.7,100.6,86.0,101.3,102.4,60.2,39.8,41.0,23.7,26.3,15.5,12.5,55.2,23.5,77.5,44.6,37.0,26.7,57.4,34.6,14.67083333333333
65.5,161.7,36.9,95.1,86.5,100.6,99.3,58.7,38.7,36.8,20.6,24.3,14.6,12.2,53.7,21.2,74.9,41.8,37.4,24.1,55.0,33.4,12.906428571428572
77.1,165.8,38.6,99.9,90.0,105.3,112.1,63.8,44.4,39.7,21.3,27.0,15.3,14.2,55.5,23.8,77.8,48.1,36.8,26.6,56.1,38.3,15.092805755395682
66.8,164.2,37.0,93.5,76.9,100.2,103.7,61.7,40.2,38.2,22.9,26.7,15.4,13.1,58.0,25.1,78.3,42.0,39.3,25.2,58.7,36.6,13.204198473282442
70.7,169.8,37.8,90.5,86.3,106.6,103.2,64.8,40.4,39.0,24.4,24.8,15.3,14.1,55.7,24.0,82.2,43.2,38.3,23.3,57.4,38.3,12.874905660377356
75.7,164.8,38.7,104.5,93.6,102.7,107.9,62.7,42.3,40.3,25.0,27.5,16.5,13.4,54.0,23.1,80.2,43.9,37.5,28.0,57.5,37.7,14.504180602006688
85.7,175.6,38.2,99.0,86.6,111.6,111.4,69.5,47.7,45.1,24.7,29.3,17.0,14.1,57.1,23.8,86.4,43.5,40.3,24.7,56.8,37.2,14.766101694915257
67.8,165.1,40.6,92.2,84.2,101.8,99.0,60.2,41.1,39.7,24.7,26.4,15.2,13.0,57.5,25.1,80.9,41.0,39.1,24.6,57.0,35.6,11.951851851851853
63.0,163.4,36.2,89.3,81.9,99.8,101.1,60.8,37.4,37.0,21.8,25.9,15.4,13.0,53.8,23.9,77.4,42.8,37.4,22.6,57.7,36.1,12.78985347985348
74.5,170.9,38.8,88.2,79.4,102.5,108.4,64.8,43.5,39.9,22.4,28.7,16.5,13.2,59.2,25.5,84.7,42.2,41.2,22.4,61.0,37.5,11.62202166064982
56.4,168.6,36.3,82.8,74.6,91.8,105.7,52.1,35.9,33.4,20.7,25.2,14.9,15.5,57.4,25.9,86.0,39.8,41.1,20.4,56.6,40.1,12.111529411764703
72.1,164.5,35.9,100.9,87.8,104.0,101.8,60.5,39.2,38.8,22.2,26.8,15.7,12.5,54.7,23.4,75.7,45.4,37.8,27.2,55.0,36.9,10.559302325581395
64.6,156.5,36.5,92.5,83.5,98.0,103.8,60.6,40.7,37.7,22.1,26.4,15.4,13.0,55.4,24.4,77.7,40.0,36.8,24.5,55.0,36.3,12.300179211469532
44.4,153.7,33.7,80.5,69.0,85.3,94.1,48.6,33.4,30.4,18.1,21.8,13.4,11.8,53.6,22.7,74.7,40.0,35.6,19.9,54.4,32.9,11.30096153846154
59.1,151.1,36.5,91.8,80.0,98.2,100.1,58.0,40.0,35.8,22.4,25.1,15.0,12.3,48.6,20.8,68.4,41.1,35.4,25.7,53.8,34.5,11.381707317073168
69.6,164.9,37.6,94.1,84.8,103.4,101.9,63.5,43.4,37.2,23.6,27.4,16.6,12.2,54.0,23.6,82.1,41.2,39.1,24.3,55.0,35.7,12.660727272727271
44.5,145.8,34.4,80.8,69.4,87.6,93.4,51.0,36.0,32.8,21.3,22.5,14.0,12.5,47.6,21.2,68.6,38.3,33.4,19.9,54.4,35.0,10.728630705394192
72.6,175.9,38.4,89.3,76.5,99.7,107.5,61.6,43.3,40.3,23.3,26.6,15.5,14.5,61.1,27.0,87.1,44.5,39.2,22.3,56.6,39.4,12.119285714285716
70.7,155.8,36.4,90.4,88.5,109.0,103.1,67.5,45.7,42.6,25.7,27.3,15.6,12.1,49.7,22.0,72.3,42.0,34.6,23.8,54.7,35.5,13.173531598513012
64.3,168.8,38.1,93.7,79.7,98.0,104.0,56.9,37.4,36.2,22.4,26.5,15.9,13.1,55.2,24.3,79.1,42.1,38.9,25.4,57.8,37.5,12.651191335740071
65.4,158.1,33.7,86.9,83.1,101.9,103.2,61.2,39.4,39.4,22.7,26.0,15.3,13.3,58.5,24.7,78.2,40.0,38.7,24.6,56.4,35.9,13.000787401574804
62.6,158.3,36.3,90.2,84.0,97.5,104.9,58.3,37.7,35.0,20.7,25.9,14.9,14.4,54.5,22.4,75.9,45.5,37.8,22.7,55.5,38.2,13.032699619771863
73.6,164.3,38.0,92.6,87.1,105.9,110.2,67.9,41.1,37.7,23.0,27.3,15.9,15.5,56.5,24.7,77.5,41.6,37.9,24.9,60.7,39.8,13.298936170212766
85.3,175.2,41.0,103.1,95.5,110.9,112.2,66.5,43.3,40.0,23.7,28.0,16.5,13.8,61.0,26.4,84.6,44.4,40.3,26.8,58.2,39.4,13.65031152647975
75.0,160.0,37.2,94.8,93.6,118.8,101.7,70.4,44.2,39.1,24.2,26.2,15.1,12.1,51.5,21.2,74.9,40.6,37.0,24.5,53.8,35.6,13.005054151624549
79.7,161.8,40.6,108.6,90.5,109.4,108.0,66.4,42.3,39.4,24.0,29.5,16.7,12.7,57.5,25.2,75.0,40.5,38.8,29.7,56.4,35.9,17.661992882562277
83.7,171.0,37.7,105.3,100.5,105.2,112.1,67.4,42.4,42.5,24.7,28.5,16.3,15.9,58.4,25.7,84.1,44.4,39.0,27.8,55.8,40.4,14.34375
59.0,158.5,35.8,83.8,75.6,95.2,98.5,57.8,40.4,36.6,21.4,25.6,15.1,13.4,54.1,24.5,77.7,39.5,38.0,21.8,56.4,36.1,10.78356589147287
51.2,159.5,36.8,84.0,71.9,88.7,100.6,51.6,37.0,34.4,21.0,22.9,14.6,13.9,54.6,23.2,77.9,41.4,35.6,22.1,52.5,37.0,12.97560975609756
62.1,161.4,37.2,94.5,79.4,98.7,102.4,59.9,38.1,35.6,21.7,26.4,15.0,13.2,55.0,24.1,77.5,40.6,37.3,26.0,56.0,36.2,12.124528301886793
81.0,166.3,36.8,105.8,96.7,107.4,104.7,62.8,44.0,39.8,23.4,26.5,15.3,13.5,56.5,22.7,78.1,44.5,39.2,29.7,57.7,34.8,14.201342281879196
61.4,161.7,36.9,91.5,84.6,97.2,98.4,56.8,39.2,39.4,23.8,25.9,15.4,11.2,54.0,24.7,76.5,42.8,37.4,23.2,54.4,35.9,11.101102941176473
54.4,159.6,35.2,85.3,73.8,95.2,97.8,59.2,39.5,35.3,21.5,24.6,14.8,13.2,55.1,25.5,80.1,36.0,36.8,21.6,59.5,35.3,10.778217054263568
60.3,160.2,34.4,87.5,79.0,96.0,97.3,59.7,38.9,35.5,20.0,25.9,15.9,13.1,57.0,24.6,79.8,40.8,39.7,21.2,56.4,33.3,12.1337890625
79.2,169.4,39.0,102.1,92.6,106.4,109.9,66.8,45.0,39.5,22.7,30.0,16.5,13.6,56.7,25.0,80.8,45.6,38.7,27.9,56.2,37.3,14.411949458483756
61.8,151.0,36.5,101.5,85.3,101.4,97.6,60.7,36.1,36.5,20.3,25.9,14.2,11.9,47.6,21.7,73.4,39.7,35.3,27.7,52.4,33.3,13.295070422535211
60.3,153.4,36.2,99.5,88.6,95.4,103.6,56.0,37.5,35.8,20.5,24.4,14.3,14.0,49.5,22.5,70.5,42.5,33.7,25.6,54.2,36.1,14.151111111111112
88.5,163.4,42.6,112.7,97.0,110.2,112.9,67.7,44.1,41.5,23.7,27.5,17.0,14.4,54.8,24.3,76.6,45.7,38.5,29.6,57.0,39.9,16.31184210526316
84.2,167.9,39.5,103.8,100.0,114.6,107.0,69.8,46.7,40.8,23.1,28.6,17.0,14.3,55.1,23.8,77.2,44.0,38.0,25.7,55.5,37.9,13.861898734177217
79.8,161.8,39.3,101.1,95.6,118.9,103.0,72.4,48.8,41.4,21.5,25.7,15.0,12.5,52.0,21.1,74.1,41.7,39.0,27.3,54.3,35.5,14.801330935251798
63.4,165.8,36.9,90.8,84.0,97.5,96.4,59.1,39.6,36.8,21.2,24.0,15.8,12.1,54.0,23.4,77.2,45.5,36.7,23.5,55.5,35.3,12.36641791044776
56.1,164.3,34.4,87.0,74.9,91.4,97.0,54.7,38.3,36.3,20.3,25.4,15.0,14.1,56.0,24.7,82.2,41.8,37.2,22.4,52.7,33.6,11.818867924528302
77.4,165.2,38.0,99.2,90.5,114.0,108.1,69.2,42.6,38.5,21.0,29.4,15.3,12.6,58.5,26.1,79.7,43.6,38.5,26.0,58.3,35.2,12.677545126353792
73.0,161.5,35.5,98.8,84.7,107.8,102.0,66.1,46.3,40.3,23.1,27.6,15.8,13.2,53.6,23.7,76.2,44.0,37.6,26.7,55.2,35.2,13.657647058823528
85.0,167.4,40.0,102.2,93.3,113.3,104.4,70.2,47.7,43.5,23.7,29.4,16.6,12.3,55.9,24.9,82.4,41.7,38.1,27.5,57.9,36.0,14.190359712230215
64.3,152.7,37.7,99.5,88.3,98.0,103.0,59.1,40.7,37.1,20.3,26.0,14.6,12.7,50.9,22.2,72.2,40.5,36.0,26.0,54.6,34.6,12.717781690140844
50.5,151.8,35.1,87.7,71.0,90.8,99.3,54.0,35.1,34.0,19.7,26.2,14.5,12.0,50.6,22.8,71.6,39.6,36.3,22.7,53.1,34.9,11.739370078740157
72.9,165.3,36.8,84.0,82.5,111.6,103.8,69.8,44.3,40.5,22.8,27.1,15.8,14.3,57.0,23.2,78.4,42.0,37.7,21.3,55.4,37.5,11.69411764705882
83.5,165.9,41.8,103.5,86.6,110.5,112.7,67.3,47.8,43.4,24.7,29.6,16.9,13.3,53.7,25.4,78.7,39.5,36.7,25.6,59.5,38.8,15.724736842105264
46.3,157.0,33.7,80.7,66.8,91.8,88.8,54.4,34.3,31.8,18.7,22.6,14.0,11.6,51.5,22.4,72.7,40.9,34.1,22.0,51.8,32.5,10.13116883116883
80.2,157.0,42.9,106.3,112.1,101.5,105.7,66.2,41.4,41.7,21.9,28.7,16.4,12.0,51.6,22.8,74.1,46.7,36.9,28.5,57.2,35.8,14.073050314465409
95.1,165.3,42.7,115.3,112.1,115.0,117.5,72.6,45.0,42.5,24.2,30.4,17.0,14.2,54.4,23.0,73.0,43.2,34.2,30.8,55.7,39.4,14.776954022988503
58.2,171.2,35.0,81.5,68.0,94.5,102.3,56.0,35.0,33.6,20.2,23.5,14.6,15.0,56.5,24.2,86.4,41.0,40.4,20.4,54.7,38.7,11.96626984126984
70.3,151.9,37.5,99.9,86.3,103.5,100.6,65.7,44.8,38.8,20.5,26.3,14.8,11.6,49.8,22.3,69.9,41.5,36.7,26.6,55.4,32.8,13.11636690647482
101.9,170.2,42.0,114.5,112.7,123.2,118.6,75.5,46.3,42.8,23.4,31.7,17.8,13.0,59.3,26.5,85.2,46.3,41.9,33.3,55.7,39.7,16.52181208053691
64.5,162.7,36.9,91.5,80.1,98.5,99.4,61.5,42.2,40.0,22.4,26.9,15.4,12.6,49.0,22.3,74.7,40.7,35.7,24.2,55.4,34.9,12.154981549815496
72.1,151.6,37.8,106.5,94.2,108.6,104.3,68.1,43.2,39.7,21.2,28.2,15.0,12.4,53.0,23.4,74.1,36.6,35.6,28.5,57.7,35.7,13.063489208633092
66.1,158.3,37.1,103.2,90.0,97.4,103.6,59.8,37.3,35.0,18.8,27.2,15.0,11.7,52.7,24.3,76.0,41.3,38.6,26.8,55.4,33.2,12.81103448275862
58.9,164.7,38.1,89.6,77.5,98.4,98.0,59.8,35.0,34.3,19.3,24.8,14.3,13.4,59.1,26.6,83.9,39.5,39.9,23.5,57.0,34.6,12.003018867924528
52.8,159.4,34.1,83.7,70.2,92.9,93.1,55.2,37.7,35.9,20.3,24.3,15.0,12.2,53.5,22.6,75.1,40.6,34.2,20.5,53.1,33.1,11.98125
62.3,161.7,35.8,91.3,78.3,98.2,100.7,59.7,40.2,37.3,20.4,24.2,15.7,12.6,55.0,25.0,78.8,43.0,38.2,23.4,58.8,35.4,12.266259541984732
89.6,167.4,44.0,118.8,103.2,105.6,115.4,65.7,46.5,39.4,22.5,29.0,18.2,12.8,57.0,24.3,82.2,44.4,38.6,33.7,61.0,38.3,17.877669902912622
83.3,160.5,40.4,103.0,98.1,113.0,108.2,69.1,44.8,44.2,23.2,30.4,16.2,14.0,56.2,24.3,76.1,44.5,35.5,29.0,55.7,36.3,14.077854671280278
91.6,164.9,40.7,113.9,109.0,110.0,109.3,67.2,49.3,42.8,23.2,30.1,17.0,13.9,56.1,24.8,78.7,50.0,41.7,32.7,58.8,36.9,16.531319444444442
67.7,160.3,35.7,86.9,78.0,109.4,104.7,65.9,42.2,37.3,21.1,25.2,15.3,14.9,59.1,25.2,78.3,38.8,36.1,21.9,55.1,36.6,12.811360294117648
53.5,162.0,33.4,77.3,72.6,95.7,91.0,54.8,38.0,35.5,22.0,24.1,14.9,13.9,53.0,22.8,78.0,41.5,35.9,18.8,54.7,35.7,10.33698039215686
71.2,158.4,38.7,105.2,90.8,100.4,105.1,60.4,40.3,36.2,20.7,28.5,15.5,12.8,55.5,23.9,76.2,41.4,39.7,27.9,55.6,35.5,15.18271062271062
52.7,157.9,35.0,86.0,72.5,91.8,93.9,55.0,39.0,34.9,19.7,24.0,13.9,13.1,53.0,24.2,78.7,40.2,37.0,22.5,56.8,33.5,11.825
72.1,160.8,37.7,104.5,93.3,107.0,106.7,66.4,39.9,36.2,20.7,25.4,14.3,13.4,52.2,21.1,75.4,43.9,37.4,26.4,54.1,37.4,13.39259927797834
58.9,165.6,38.2,93.2,78.1,93.5,97.5,55.6,38.0,33.6,20.7,25.0,15.6,12.5,53.7,22.4,78.0,44.0,38.8,24.9,55.5,35.0,12.217228464419478
73.1,163.9,36.0,95.3,86.7,110.1,97.2,68.5,43.8,39.9,22.9,28.1,15.3,12.2,56.0,24.4,78.0,39.0,37.1,24.9,57.6,34.4,13.305346153846154
62.0,163.0,37.2,85.4,77.1,98.6,98.5,59.1,40.3,38.1,21.4,26.2,15.2,11.7,55.0,23.0,76.6,43.0,34.7,22.5,56.4,35.5,11.755465587044537
69.5,161.5,37.5,103.3,99.1,103.1,101.0,60.1,40.5,34.4,21.3,25.2,15.4,13.0,56.1,22.8,74.7,45.0,35.5,27.1,55.0,34.1,12.713846153846154
62.0,158.4,37.7,93.9,85.0,92.3,98.0,54.1,39.1,36.7,21.0,23.7,14.7,12.5,49.7,20.0,69.0,45.7,34.1,24.6,55.4,34.0,13.022627737226278
66.9,166.4,36.8,95.4,81.4,98.9,104.2,60.8,37.8,36.3,21.0,27.7,15.5,12.1,56.9,25.4,82.1,42.0,39.9,25.9,58.9,35.7,14.076
54.3,154.5,36.0,89.3,83.0,90.1,96.1,51.4,34.3,34.2,19.3,23.3,13.7,12.0,50.5,21.0,70.9,43.2,33.9,23.9,54.0,34.6,12.444618473895584
64.8,168.8,37.7,86.7,86.2,102.5,97.2,61.3,36.7,33.3,19.3,22.5,15.2,12.8,55.7,24.0,80.5,43.2,40.3,24.8,56.1,34.0,12.225062761506276
62.5,167.3,36.6,84.2,70.1,97.3,99.4,58.6,39.8,37.5,20.8,25.0,15.3,15.3,55.4,23.1,81.6,42.9,39.5,22.3,55.7,38.2,10.734661354581672
64.3,164.7,34.4,86.6,80.7,107.9,98.2,66.1,38.7,34.9,19.5,23.5,14.4,13.2,53.5,22.6,78.0,48.6,38.2,23.0,54.7,35.3,12.390988142292487
73.6,163.7,36.0,95.7,95.7,111.1,103.3,69.4,42.7,39.8,23.3,26.2,15.8,14.6,53.6,23.8,75.2,46.0,37.3,24.5,54.6,38.1,13.0590625
82.4,178.7,37.8,103.6,92.2,111.8,108.3,67.0,43.2,40.0,22.5,25.5,16.2,14.3,59.2,26.3,88.3,44.2,39.3,28.4,57.0,37.0,12.734883720930233
70.1,150.3,37.2,99.2,89.5,110.3,98.5,68.1,45.2,39.5,22.5,29.1,16.4,11.6,53.1,24.6,71.7,39.5,32.9,26.1,58.0,33.3,13.888
69.9,156.2,39.1,104.0,94.0,102.1,100.4,60.0,40.4,38.7,22.7,27.9,15.8,11.1,51.7,23.0,73.3,44.9,36.9,28.5,54.8,34.8,14.857142857142858
75.4,155.8,40.1,102.1,91.2,108.8,101.4,65.0,46.7,42.8,23.9,27.3,15.8,13.0,49.8,21.9,71.9,39.7,34.7,26.6,60.2,33.3,13.956115107913666
64.7,157.6,36.7,94.6,81.8,102.6,104.2,62.0,41.3,37.1,20.3,27.1,15.8,12.6,54.4,24.1,75.4,37.2,36.6,24.2,59.4,36.6,12.79288256227758
66.6,162.8,37.6,96.1,83.0,105.0,102.4,63.2,41.6,36.2,20.4,27.2,15.3,12.0,53.0,23.4,78.3,40.4,39.2,25.2,56.1,34.5,12.99970909090909
83.1,174.8,40.7,110.0,94.4,111.7,107.1,64.4,44.2,38.2,21.2,28.7,16.5,13.5,57.8,24.5,80.6,46.3,39.8,28.8,57.4,36.5,15.7679180887372
63.2,157.2,37.9,99.4,84.0,97.2,100.0,58.2,39.4,36.7,22.2,26.0,15.5,12.7,50.5,22.5,74.2,38.3,34.0,26.2,56.8,34.6,13.740588235294116
74.6,174.3,37.3,93.7,82.4,107.0,105.3,64.2,41.2,40.5,22.7,28.1,16.1,14.0,58.1,25.3,83.8,45.8,37.5,24.2,56.8,38.3,11.949198606271777
58.9,156.1,36.2,92.0,90.4,100.0,100.4,56.9,36.2,33.3,20.0,24.5,14.4,13.0,53.1,23.2,75.3,40.2,35.1,23.5,54.7,33.2,14.111553784860558
64.3,162.3,38.0,92.5,82.5,98.9,102.6,57.9,39.8,37.9,21.3,25.0,15.1,13.0,54.6,23.0,77.4,40.7,38.4,23.5,55.7,38.5,10.763636363636362
70.5,164.9,37.0,96.5,90.8,104.7,105.5,63.9,41.0,35.3,21.7,26.7,15.8,12.5,56.8,25.2,82.9,43.8,38.5,26.2,60.1,36.2,13.661372549019609
76.0,166.1,39.6,107.4,90.1,107.3,109.4,66.9,40.3,39.3,21.2,26.7,15.5,13.3,57.5,25.5,80.0,44.0,37.1,28.0,56.7,36.1,15.717073170731709
68.0,166.8,34.4,97.6,84.7,101.0,100.3,61.7,41.3,37.9,22.7,25.0,15.4,13.5,55.1,23.9,84.3,42.4,38.7,27.0,58.6,34.9,14.113381294964029
69.5,172.2,38.9,94.1,84.2,107.4,104.8,61.9,41.5,38.8,21.0,25.5,14.9,13.2,57.5,25.4,82.9,42.1,37.5,23.5,55.1,38.8,11.721799307958475
86.8,167.4,40.0,104.5,107.7,111.3,111.0,68.6,43.3,39.6,21.9,26.9,15.5,13.7,57.0,26.8,81.7,50.0,38.3,26.1,59.3,39.0,14.903523489932883
65.3,166.3,37.3,90.2,77.0,100.3,106.0,59.7,40.6,38.0,21.3,25.2,15.6,13.9,57.3,24.1,81.2,41.5,37.3,24.5,55.0,37.7,13.776000000000002
80.4,154.3,38.0,100.1,85.6,116.4,102.8,73.9,51.7,45.8,23.2,29.1,15.9,11.4,52.5,23.3,71.9,41.0,35.9,26.8,59.8,32.9,13.569111111111113
67.3,156.1,37.8,93.5,76.3,104.2,103.7,64.3,41.5,38.7,20.3,26.5,15.0,14.4,54.2,23.9,76.3,39.4,33.1,25.5,58.0,38.3,12.620722433460076
51.6,158.7,36.8,80.2,68.2,88.5,98.0,51.8,36.0,33.0,20.2,24.1,14.5,14.1,53.5,23.5,79.4,39.8,37.1,20.7,58.8,34.0,10.900653061224492
52.6,149.5,37.7,92.8,84.1,87.8,96.6,51.8,34.5,32.6,19.5,22.3,13.8,12.0,51.5,22.2,70.1,42.6,32.4,24.5,53.5,33.6,14.144237918215612
91.4,164.5,39.9,112.9,110.6,117.8,108.7,72.8,44.7,39.3,23.0,27.9,17.0,13.0,55.4,22.7,78.0,48.4,39.4,31.0,56.2,34.8,14.855263157894736
91.9,165.3,38.9,106.1,104.5,119.4,103.5,72.6,47.7,45.3,24.9,27.1,15.0,12.3,57.5,24.3,77.1,48.0,36.8,29.7,55.4,33.5,14.30358361774744
75.7,168.5,40.2,100.5,99.3,105.3,103.0,64.1,39.7,39.3,22.4,27.0,15.4,13.3,56.7,22.8,80.5,46.9,38.5,26.2,54.9,37.9,13.065
71.7,156.9,42.0,104.8,101.7,108.0,109.5,60.7,37.7,34.7,20.6,26.4,15.2,13.0,53.0,22.5,76.2,44.7,39.7,26.5,56.5,37.5,14.075080906148866
73.8,165.6,36.7,91.5,85.1,103.2,107.7,67.3,44.2,39.8,21.9,28.2,16.2,13.2,55.5,24.2,82.1,42.7,39.0,24.3,58.0,36.0,11.592170818505338
76.9,167.2,39.0,92.0,86.0,110.2,105.0,67.8,48.0,40.4,21.9,29.7,15.7,13.4,55.6,23.5,77.9,43.5,37.7,23.7,55.9,36.0,13.175714285714289
69.2,162.2,39.4,93.2,78.5,101.5,108.0,63.7,43.3,36.9,22.0,27.1,15.7,13.7,55.0,23.3,78.7,39.3,36.9,24.8,59.8,39.1,12.652980132450333
60.9,166.4,36.8,89.4,76.5,95.1,102.5,54.0,37.2,37.1,21.5,24.5,15.0,14.0,57.5,25.6,77.4,44.5,35.2,24.2,56.2,37.8,12.059352517985612
59.6,163.6,36.0,85.4,73.7,95.4,100.0,56.9,39.0,37.4,20.6,24.3,15.0,14.0,53.3,21.4,77.0,42.8,37.4,23.0,55.2,36.2,12.324772727272729
74.0,166.6,41.1,104.5,95.3,102.9,107.6,58.6,38.7,35.4,19.5,27.7,15.8,13.3,60.5,25.5,84.1,46.0,43.7,28.1,54.8,37.7,14.427238805970152
80.4,155.8,37.2,105.6,97.3,113.4,105.3,71.7,48.0,42.2,23.0,28.2,14.8,14.0,52.6,22.9,74.4,42.0,36.8,28.1,55.7,36.7,14.019310344827588
93.4,167.4,39.0,109.3,95.8,113.5,112.1,68.2,51.9,48.0,26.3,30.0,15.7,14.0,57.0,24.3,84.5,44.7,40.4,29.3,56.5,37.8,15.294539249146757
56.8,153.4,33.0,95.2,81.2,102.8,95.5,60.0,35.3,33.5,20.0,23.3,14.0,13.0,51.6,22.5,73.3,37.3,34.3,26.0,53.4,33.1,13.154909090909092
62.6,163.0,35.3,84.7,92.3,107.1,96.0,63.2,39.8,34.6,19.2,24.8,15.3,13.9,55.5,24.5,81.1,46.3,37.7,23.5,55.2,34.0,12.162051282051282
73.8,167.1,38.0,100.5,87.8,107.0,104.5,67.9,43.8,36.9,19.8,24.8,14.5,13.2,58.4,25.0,80.6,42.3,38.3,24.1,55.3,36.6,14.225704225352112
80.8,178.9,38.5,96.8,81.6,110.2,107.8,62.6,43.8,39.5,23.9,26.4,16.2,12.8,56.6,24.5,85.5,42.6,40.7,27.4,52.5,37.3,11.834794520547945
62.4,155.3,36.2,85.2,83.1,103.2,100.8,62.5,43.3,40.4,21.0,26.4,15.6,13.2,54.7,24.3,74.7,39.5,34.6,21.7,55.3,38.3,11.072684824902725
77.5,167.3,36.4,101.0,90.3,115.9,102.1,71.6,44.0,40.7,22.3,27.6,16.5,12.9,55.0,23.7,76.5,45.6,34.4,27.3,55.7,36.5,13.772727272727272
63.1,159.8,35.6,90.2,82.4,104.3,101.4,60.5,40.4,38.3,23.1,25.3,15.4,12.3,53.5,24.0,76.8,41.0,36.1,23.5,54.9,37.0,10.071802120141342
87.5,179.8,42.1,99.0,97.2,107.0,117.2,66.2,46.0,39.0,23.3,28.0,16.5,17.5,60.4,26.1,90.7,47.6,41.3,26.7,59.0,42.1,13.926000000000002
65.0,164.1,37.0,88.8,80.0,96.0,103.5,59.5,40.8,37.1,22.8,25.9,15.5,13.7,55.9,23.9,80.4,43.2,37.0,22.1,58.3,37.8,12.63941605839416
65.0,171.8,37.3,84.8,77.2,96.5,105.5,57.2,39.8,36.7,21.5,24.6,14.7,15.0,59.7,26.0,82.0,44.4,40.8,21.3,57.9,39.6,12.597101449275362
63.8,156.8,38.5,100.1,92.5,99.0,106.7,57.3,37.4,36.2,20.1,25.5,15.0,14.5,53.7,22.6,76.7,43.5,37.5,26.8,55.3,37.4,14.17523489932886
64.2,165.2,35.2,92.3,84.0,99.1,100.0,62.1,37.8,35.1,19.8,25.7,14.2,11.5,58.5,25.8,81.9,40.3,39.1,24.8,55.7,33.6,12.749610894941634
69.8,167.6,37.8,95.4,82.9,103.7,105.9,61.2,42.7,38.5,22.7,26.4,16.3,13.0,55.0,24.0,81.8,41.0,36.8,25.5,55.8,37.4,12.951875
83.1,159.5,38.2,108.3,96.8,110.7,110.5,70.9,49.4,42.9,22.2,28.5,16.3,14.0,55.0,23.8,74.4,41.8,37.0,29.4,55.7,36.7,16.205474452554746
96.2,169.7,39.2,105.3,109.5,126.6,106.9,80.6,49.8,42.4,22.3,30.9,16.0,12.6,56.0,25.1,80.4,50.0,39.9,30.0,60.3,34.4,15.494714828897338
93.0,170.3,42.2,116.7,105.0,118.1,109.5,71.5,44.3,41.3,22.7,30.5,16.5,14.0,59.5,26.7,82.5,46.0,38.4,30.0,58.8,38.2,15.63627450980392
48.9,156.7,35.3,82.6,69.6,88.2,95.2,50.8,34.2,32.6,19.3,24.5,14.9,13.1,51.3,23.6,75.6,39.9,36.3,20.8,59.3,35.1,11.144444444444446
53.6,155.4,36.2,81.8,76.0,92.6,99.1,54.9,36.7,35.3,21.5,24.5,14.6,12.1,53.0,23.1,76.2,40.0,36.5,21.3,57.7,35.0,11.171906614785993
62.9,164.5,37.2,93.0,73.6,98.7,105.0,59.1,38.1,34.3,20.6,24.8,15.5,15.0,54.8,23.9,82.1,39.0,38.8,23.8,58.0,38.8,12.666666666666668
51.0,162.5,36.4,81.8,65.1,87.4,101.4,51.8,34.6,32.7,19.9,23.5,14.7,13.6,53.3,22.4,76.1,37.5,35.4,19.5,59.0,39.0,11.085637065637066
65.4,156.0,39.6,96.6,83.7,103.5,98.4,62.7,41.0,35.8,20.0,26.7,14.7,11.4,53.5,23.4,75.5,38.5,36.3,25.0,56.7,33.0,13.049473684210527
58.8,150.1,35.4,94.6,79.8,100.3,96.7,59.7,39.1,34.7,19.9,24.2,14.0,11.8,51.7,22.7,74.4,35.8,36.7,24.0,58.8,34.0,13.544999999999998
65.0,161.7,36.0,93.1,88.0,99.0,105.3,59.8,40.7,37.2,21.6,26.3,15.1,13.8,57.0,25.6,77.5,42.9,35.7,22.6,57.1,36.5,12.79311188811189
67.9,166.0,38.4,91.3,79.0,101.0,104.0,61.2,41.8,39.3,22.0,25.4,15.7,13.7,52.5,22.8,80.7,40.4,38.2,22.8,59.9,36.5,12.577040816326534
71.9,163.5,37.2,105.3,104.5,104.2,101.7,60.0,37.5,34.7,20.3,25.1,14.7,12.5,55.8,23.4,78.0,45.7,37.3,28.2,56.9,33.6,14.348978873239435
92.0,162.1,40.9,98.4,103.3,117.4,112.5,75.7,52.5,44.5,24.2,30.1,16.5,13.8,56.2,24.5,77.3,43.1,40.1,28.0,60.2,38.4,15.452167300380228
61.8,159.6,36.7,92.0,75.7,99.6,101.2,60.2,40.8,41.3,21.3,25.4,15.0,14.0,52.6,22.0,73.4,39.4,36.2,23.3,56.5,36.5,12.529850746268655
71.2,164.9,37.7,95.1,88.5,107.7,103.5,63.1,41.4,38.0,20.8,25.9,16.3,13.2,52.8,23.3,75.9,42.8,37.6,24.8,56.0,37.2,12.858591549295776
64.3,159.0,37.9,92.1,89.3,105.0,102.8,62.0,39.5,36.8,21.3,26.3,15.0,13.2,52.8,23.0,76.5,42.2,36.9,24.1,54.9,36.0,12.692226148409892
79.3,163.0,39.0,93.5,96.8,111.2,105.6,69.0,46.6,42.3,23.6,30.2,15.4,12.0,56.4,25.3,78.5,43.4,39.4,24.0,60.6,37.1,12.74065934065934
57.5,150.5,35.5,90.3,93.0,100.5,96.5,60.7,36.6,35.9,19.6,24.7,14.2,12.3,49.0,20.4,70.8,40.8,33.3,23.4,51.6,33.8,12.560526315789472
68.6,159.0,37.3,97.9,83.7,105.1,103.2,64.8,43.3,39.3,21.4,28.2,15.5,12.5,52.6,22.3,75.4,40.0,35.2,24.0,55.2,36.5,13.053333333333333
68.8,161.3,39.7,88.2,84.0,101.9,105.8,63.5,43.4,38.3,21.3,26.3,15.3,12.8,55.5,25.4,80.4,41.5,36.1,23.0,56.5,35.9,12.484191176470588
77.8,162.0,38.1,98.1,90.0,106.4,104.2,66.9,47.9,38.7,22.0,28.0,15.8,13.5,51.3,24.2,77.2,43.4,39.3,27.5,55.0,35.9,13.531034482758622
76.5,168.7,39.0,105.3,95.5,109.7,106.6,63.8,40.8,38.3,21.6,27.2,15.8,14.0,56.0,23.4,78.4,44.0,40.5,28.0,54.2,39.2,15.11908783783784
59.0,161.3,36.0,88.7,79.6,96.4,97.9,57.5,37.3,35.7,21.6,24.0,16.0,12.9,54.6,22.6,76.2,40.0,37.4,21.7,57.7,36.1,11.33388888888889
62.6,164.8,36.2,96.4,83.3,97.5,98.3,59.7,38.7,34.8,20.2,24.5,15.0,13.6,53.5,23.9,79.2,42.5,38.7,25.3,55.4,37.0,13.45283582089552
90.8,182.0,38.8,101.6,89.1,114.7,109.1,74.3,48.0,41.1,22.7,28.4,16.5,15.5,63.6,28.6,93.0,43.8,42.3,27.8,59.1,39.8,13.870307167235495
50.0,161.3,33.9,86.3,65.6,86.6,99.7,49.6,33.8,32.6,19.8,24.0,14.7,14.3,56.2,25.6,81.7,38.0,39.6,21.5,54.9,36.5,11.909399999999998
68.8,171.9,37.2,97.8,80.8,100.8,101.4,58.8,41.4,37.9,22.2,27.3,15.6,13.5,55.5,24.0,83.6,44.0,38.3,25.5,56.8,36.1,13.464718309859157
56.7,154.3,36.0,92.6,80.3,99.5,91.6,61.5,38.6,35.0,20.3,23.7,14.7,11.6,49.5,21.2,72.3,42.2,34.7,24.0,53.3,33.5,12.309920634920632
62.2,167.4,38.4,91.3,80.7,97.9,104.1,58.4,36.5,34.3,21.0,23.8,15.7,14.8,55.0,23.0,83.2,43.5,41.2,23.7,57.0,38.4,13.089605734767025
70.7,166.2,36.9,98.1,86.5,99.3,105.5,61.1,40.0,38.2,22.0,26.3,16.0,14.5,61.5,27.6,83.7,41.0,37.3,26.8,59.2,37.7,12.69125874125874
68.5,161.2,37.8,94.5,87.6,102.4,103.0,63.9,41.6,38.5,21.5,25.9,15.3,12.5,56.5,23.1,78.7,36.2,39.5,24.5,55.7,35.5,13.88645038167939
57.1,160.5,35.5,83.6,72.3,93.6,95.6,56.2,38.2,37.8,23.3,26.0,16.1,12.5,53.6,23.7,78.1,40.4,38.0,21.0,54.0,35.5,12.397094017094018
84.6,156.0,40.3,111.2,105.6,118.1,111.4,70.0,47.1,41.7,24.3,28.3,15.6,13.7,50.5,22.4,70.0,42.0,35.7,29.6,57.1,36.5,15.129251700680271
61.8,166.4,36.4,81.4,71.1,100.1,98.6,60.6,39.8,37.1,21.2,25.2,15.3,13.2,55.8,26.5,83.8,38.4,38.8,21.4,60.3,35.9,11.24562248995984
67.2,166.2,37.8,94.3,78.0,97.7,104.9,59.2,40.8,37.4,21.5,29.4,15.9,14.0,53.8,25.0,79.4,43.7,37.4,23.3,57.5,36.3,11.703900709219855
69.2,162.0,37.5,92.4,77.8,105.5,104.0,66.7,43.4,39.2,23.6,27.2,15.4,14.0,52.8,22.2,76.3,37.2,37.3,25.0,54.2,36.2,13.078153846153848
46.9,156.7,37.2,76.4,63.7,88.0,93.4,49.6,34.2,33.1,19.6,22.8,14.4,12.1,51.2,23.7,73.7,37.3,36.5,18.8,55.7,35.8,11.205333333333332
67.4,168.9,37.9,87.3,79.0,99.4,110.2,57.7,39.2,37.7,23.5,26.2,16.7,15.0,57.5,25.5,82.7,41.8,42.1,21.9,58.9,37.9,12.058949416342411
52.9,157.6,35.4,84.5,71.8,90.5,93.5,55.7,36.6,36.0,20.0,24.6,14.5,11.8,55.5,24.1,80.4,37.6,38.1,22.1,56.8,31.9,12.212890625
64.4,159.6,37.3,86.1,84.0,98.1,101.8,63.0,42.9,37.7,21.9,24.8,15.6,13.2,53.2,23.2,75.7,40.0,38.2,21.3,55.6,35.8,11.639444444444443
81.9,168.4,39.0,102.3,102.6,108.3,106.1,65.9,43.8,40.5,23.0,28.9,16.2,12.5,55.1,24.0,78.9,48.1,37.1,27.9,57.8,37.2,13.688028169014084
68.3,170.2,37.2,90.8,81.7,101.4,104.4,59.5,39.7,37.4,23.0,26.7,16.0,13.4,55.0,23.8,81.1,43.0,40.5,22.5,56.5,35.9,12.464059040590408
58.2,174.5,37.3,85.2,68.9,93.2,98.8,54.7,37.0,35.1,20.5,25.7,15.4,12.5,57.0,24.1,84.3,42.4,41.4,21.8,55.5,35.2,11.05648854961832
53.2,159.9,34.7,86.1,76.4,94.9,94.8,52.7,36.7,36.2,21.5,24.9,15.3,12.9,52.0,23.7,79.9,39.3,37.9,22.2,54.0,35.2,11.437638376383765
70.3,162.8,36.7,98.5,85.8,103.8,105.2,60.6,40.2,37.9,22.1,25.5,15.0,14.8,54.0,23.2,75.3,41.5,37.1,25.2,56.1,38.1,13.592293906810037
80.7,165.1,39.5,103.7,85.5,115.0,106.5,70.3,45.3,41.2,24.8,26.8,15.9,13.1,52.1,22.2,76.5,43.6,38.8,27.9,54.8,36.3,14.839827586206898
56.9,159.2,37.7,88.6,82.5,97.0,95.5,54.2,34.3,33.9,19.4,24.7,15.1,11.5,52.2,22.3,73.9,41.7,36.8,22.6,53.3,33.9,11.834657039711193
50.4,158.7,35.7,89.7,78.7,91.2,95.3,52.2,34.8,31.4,19.9,22.6,14.2,12.2,53.7,23.1,74.5,40.2,38.4,22.6,55.0,33.5,11.298091603053436
74.3,162.8,37.7,95.5,94.1,103.5,105.8,63.7,44.7,39.4,22.8,28.1,16.4,13.7,53.0,23.3,78.0,43.4,39.8,25.2,58.1,39.2,11.748561151079135
64.8,162.7,35.7,91.8,84.0,102.6,98.3,65.4,40.5,36.3,21.0,24.8,14.9,12.8,53.5,22.9,77.5,43.8,38.3,24.9,55.4,35.3,12.55078125
65.2,161.7,37.7,94.9,84.6,96.0,105.8,58.0,39.3,38.3,21.7,25.3,15.5,14.6,54.1,22.9,76.9,42.8,37.4,25.1,55.9,38.0,13.48578947368421
54.8,158.2,33.9,83.0,79.0,95.7,96.9,57.4,36.3,34.6,19.9,23.3,14.4,14.0,54.0,24.2,79.0,40.6,38.8,21.0,56.5,35.3,11.5421875
56.1,153.7,33.9,89.7,77.6,93.6,96.7,59.7,37.6,33.5,19.3,24.5,14.6,11.7,51.6,22.1,76.2,39.2,37.8,24.5,56.2,34.0,12.839411764705885
66.3,162.9,38.9,91.6,82.3,99.6,105.4,59.0,37.5,36.3,20.3,26.0,15.3,14.5,58.0,24.6,79.3,41.7,39.9,23.5,59.8,38.3,12.87080291970803
57.7,164.0,35.9,90.0,72.5,97.1,97.1,58.2,37.4,33.5,20.2,24.7,14.5,12.9,53.8,24.1,81.4,39.4,40.2,23.4,55.4,35.1,12.326848249027236
79.0,167.5,37.9,93.4,90.8,115.0,104.3,69.7,45.2,38.3,21.7,26.7,16.0,12.4,58.7,25.8,82.7,42.5,38.5,23.6,58.8,35.8,13.843214285714287
67.1,159.2,39.3,99.6,90.8,101.9,106.0,61.7,39.3,34.7,20.3,27.9,15.1,13.2,55.4,23.9,79.9,40.4,37.6,26.0,57.5,36.4,12.503741007194243
69.1,163.3,38.1,102.0,94.2,98.0,106.1,61.0,38.3,37.8,21.2,26.4,15.0,13.1,54.1,24.2,81.1,43.9,37.9,28.3,55.7,37.0,13.0314381270903
77.3,173.3,39.0,91.9,86.3,112.6,106.5,65.7,43.5,38.8,22.2,27.1,16.0,14.3,59.5,26.5,87.7,42.3,40.0,25.0,58.3,38.2,14.098714859437752
62.2,161.0,38.8,89.3,73.3,94.5,104.2,58.0,39.5,36.2,21.0,26.1,15.9,13.2,54.0,24.1,78.3,41.6,38.3,25.6,54.3,37.7,13.854362139917695
62.0,156.6,35.6,94.3,85.2,96.4,102.8,60.6,38.3,33.2,19.1,25.5,14.9,13.1,53.3,24.5,77.3,39.9,37.6,24.1,58.5,36.5,12.255595667870036
69.1,163.9,36.9,99.0,89.8,98.7,101.5,59.2,41.3,39.7,23.6,27.8,16.3,12.5,53.6,22.3,80.4,40.8,41.1,26.7,56.0,35.2,13.468197879858655
62.6,158.0,34.7,88.5,87.9,105.6,100.1,61.8,39.6,35.7,19.3,24.2,14.3,12.6,56.2,24.6,76.3,43.5,39.5,23.9,57.8,33.2,12.970992366412212
58.7,155.7,36.4,87.3,75.1,94.0,99.6,57.3,40.6,38.5,21.3,26.5,15.4,13.4,52.5,24.1,75.9,37.5,38.1,23.5,57.4,35.8,10.9125
69.4,168.3,38.0,91.3,86.4,103.0,102.7,61.8,40.0,36.0,22.3,27.1,15.4,13.6,55.5,24.4,80.5,44.1,38.4,23.7,58.5,37.2,13.264339622641506
64.7,159.7,37.4,93.0,77.9,103.4,102.0,60.6,41.6,37.7,21.4,25.5,14.8,12.5,54.7,23.7,75.3,39.5,36.0,24.3,56.7,35.0,13.378947368421052
62.1,159.8,37.9,88.3,88.4,99.9,95.4,60.1,38.3,38.2,22.5,25.7,15.1,11.0,53.5,23.6,77.1,42.6,36.8,23.9,56.7,33.7,11.749596774193549
69.8,161.3,36.2,95.6,94.0,107.7,103.1,66.0,43.3,37.2,21.2,26.8,15.2,13.2,52.5,23.4,78.7,41.6,39.0,25.5,54.1,36.8,13.956204379562044
65.6,164.9,37.2,83.5,76.9,101.3,98.1,61.3,42.0,40.3,25.6,26.7,16.7,12.8,53.2,23.0,78.7,42.1,35.2,22.2,55.3,34.8,10.163857677902625
60.2,167.2,38.0,84.7,75.7,98.6,99.1,57.6,39.7,35.4,21.6,26.0,15.8,14.0,55.5,24.6,83.3,43.8,38.4,23.0,53.5,37.0,11.810756972111555
74.3,171.3,40.1,89.1,78.4,108.4,102.5,67.2,46.8,39.3,23.0,27.1,16.0,12.9,57.5,26.1,82.8,41.1,39.0,24.5,61.9,37.4,12.515603112840465
74.4,164.1,38.0,103.2,99.1,106.9,106.2,64.7,38.5,38.2,22.0,27.2,15.4,12.9,58.1,23.8,78.1,44.8,38.6,26.0,52.6,37.1,15.088551724137933
63.3,161.2,35.3,92.8,78.8,98.9,101.3,61.2,39.0,36.0,21.4,25.6,14.8,13.9,53.3,24.1,75.6,40.0,37.4,24.6,55.3,37.1,13.974588235294116
62.1,159.6,37.3,89.2,80.7,97.0,99.3,58.8,39.5,36.7,20.8,25.8,14.7,13.3,53.9,23.4,75.2,39.8,37.4,22.7,55.8,35.0,12.7231007751938
46.7,144.2,34.3,82.1,72.0,90.1,90.1,53.0,34.2,32.6,18.8,24.1,13.8,11.1,46.0,19.4,68.3,38.6,33.2,21.5,51.7,28.3,10.536166666666668
63.9,155.5,36.8,97.8,84.9,100.1,103.6,59.4,38.0,37.7,22.1,25.3,15.5,13.7,53.1,23.9,73.2,41.3,35.1,26.5,55.5,38.0,12.693191489361702
57.9,149.7,35.8,91.5,85.8,101.1,95.9,61.1,37.0,35.0,19.5,25.6,14.0,11.3,49.6,21.5,72.3,38.7,34.2,23.1,54.5,34.0,12.11943396226415
70.8,161.2,38.2,97.3,88.9,105.8,100.8,63.8,41.3,36.6,21.2,26.6,15.2,11.8,54.0,24.1,74.2,45.0,36.1,25.5,55.0,34.6,14.268246268656716
69.8,169.0,38.0,91.1,75.7,103.3,101.3,62.7,42.3,39.9,21.1,25.2,14.7,12.2,57.0,24.4,82.9,40.5,39.4,25.2,56.9,35.9,12.409685039370078
65.4,163.4,35.1,98.1,82.8,105.4,101.1,63.4,38.7,35.0,20.4,25.4,15.2,13.4,54.9,23.4,76.4,42.0,37.3,26.8,54.8,36.2,13.583076923076923
54.2,150.9,34.2,90.0,82.0,91.5,97.3,57.3,36.1,34.6,20.3,25.7,15.4,13.8,50.0,22.6,72.9,39.6,34.6,24.5,53.6,34.3,12.012096774193548
59.3,158.2,33.7,86.2,73.9,104.7,99.4,62.3,37.4,34.5,19.6,25.2,13.9,13.0,55.0,24.2,75.4,37.5,36.6,22.6,54.4,35.5,14.047407407407404
49.7,146.5,32.5,90.9,78.9,90.2,96.3,53.1,34.0,33.5,19.0,24.1,14.4,12.5,48.3,21.8,67.1,35.3,32.8,22.6,53.0,33.9,12.5835447761194
52.6,154.5,35.5,91.3,73.3,89.4,95.5,53.6,35.0,34.3,20.3,24.9,14.5,12.2,53.0,21.6,73.4,38.2,36.3,23.9,58.0,33.0,12.45
48.0,147.5,33.9,82.5,74.0,90.3,90.2,54.5,35.8,34.5,20.6,23.8,14.5,12.5,47.2,21.7,69.9,39.5,31.3,22.1,53.8,32.1,10.091201716738198
55.7,163.3,35.7,95.1,80.8,92.6,102.5,51.6,33.8,32.0,18.8,25.0,15.2,13.2,55.0,23.4,81.3,40.3,39.4,24.4,53.5,37.5,13.497010309278352
72.4,163.1,38.5,97.6,96.7,109.0,108.5,66.7,38.5,36.2,19.6,26.0,14.3,13.5,54.8,24.4,79.9,41.7,39.2,26.4,55.5,35.2,13.95267605633803
66.1,162.6,35.8,94.5,90.9,103.3,102.0,60.4,41.2,34.4,20.5,25.1,15.4,11.8,53.4,22.7,77.4,43.6,36.6,25.1,54.2,35.2,12.668478260869566
79.4,153.3,39.9,105.7,96.2,111.5,116.7,70.2,44.0,40.0,23.5,26.8,15.7,15.0,50.7,22.0,73.6,37.5,36.5,27.9,57.8,38.7,14.428888888888888
57.2,155.3,35.7,90.4,83.4,96.3,95.5,58.3,35.7,35.4,20.6,24.7,14.3,12.0,50.5,22.2,74.1,39.2,35.3,24.3,57.5,31.3,13.135673469387758
78.5,175.2,37.4,94.6,94.8,105.8,110.8,63.8,41.7,37.5,21.9,26.1,15.3,15.3,59.5,25.2,87.0,45.0,41.5,24.4,58.2,40.4,12.332343234323432
67.6,161.8,36.5,97.6,84.8,102.7,102.0,61.6,40.3,37.5,21.6,26.3,15.8,12.3,53.6,24.0,76.8,41.3,36.7,26.6,57.0,35.6,13.641818181818184
53.0,163.4,33.5,88.7,72.1,90.2,96.1,52.7,35.3,34.9,21.6,25.1,14.2,13.1,52.7,22.8,77.3,41.4,38.9,23.1,53.7,36.1,13.149688715953308
77.7,168.9,38.7,99.1,86.5,111.6,99.7,69.0,47.0,41.1,22.4,26.0,14.8,13.6,54.1,23.3,78.9,42.0,38.6,26.8,55.3,35.8,13.801927272727273
52.4,153.4,32.0,87.7,79.3,97.3,93.7,56.6,34.4,32.9,19.0,21.8,13.5,12.6,52.1,21.9,72.9,41.0,35.7,23.1,53.2,33.3,13.10130612244898
60.1,162.9,36.3,90.0,73.1,96.8,104.0,58.6,38.8,35.5,21.3,26.0,15.2,15.1,54.0,24.9,78.7,38.3,37.4,22.3,53.1,37.8,12.53932584269663
55.9,162.8,36.6,89.3,75.0,89.9,98.1,51.3,35.1,34.9,19.4,25.1,14.6,13.0,52.7,22.5,77.7,44.9,37.3,23.2,55.4,36.0,13.807153846153849
53.0,160.3,32.4,84.5,74.4,92.8,97.0,53.6,37.2,35.5,21.0,24.2,15.0,13.5,54.2,24.2,76.2,42.5,38.3,21.4,55.3,36.6,11.702719665271966
57.8,154.7,34.0,88.0,78.0,99.7,97.0,59.7,40.3,37.3,21.2,25.8,14.2,11.6,50.1,21.7,72.4,38.0,34.8,22.8,56.8,33.5,10.864615384615384
64.4,158.5,35.0,101.0,86.0,104.5,98.0,62.0,37.7,37.0,20.8,25.5,14.5,12.7,52.5,22.3,76.4,41.7,38.0,27.7,54.6,34.2,14.375912408759124
69.3,163.8,36.5,101.6,90.0,107.1,103.2,63.6,37.7,36.0,19.4,26.3,14.5,14.0,56.1,23.7,82.1,41.0,38.2,28.2,52.5,36.0,15.294234875444838
84.9,175.4,40.7,103.3,95.5,114.3,113.7,66.7,42.0,40.2,23.9,28.1,16.5,14.4,61.1,25.9,85.8,45.5,40.0,28.0,55.5,38.4,16.140625
60.7,162.3,37.5,89.5,75.3,95.4,99.4,56.1,39.4,35.9,21.2,24.8,15.3,12.5,51.5,22.3,74.3,41.0,37.1,23.8,57.5,36.4,11.688432835820898
62.3,161.4,35.7,91.9,82.5,97.1,99.0,58.3,40.0,36.8,21.4,25.6,15.0,13.0,54.2,23.3,78.3,41.2,38.0,23.1,55.3,36.2,12.547232472324724
60.1,167.6,37.3,87.0,77.4,94.5,101.1,53.5,36.0,36.4,21.2,25.0,15.4,12.0,54.4,24.6,80.5,45.9,39.5,21.9,58.9,37.3,11.1203007518797
51.6,156.0,35.1,82.5,67.9,87.7,96.3,52.5,35.5,34.7,20.2,25.3,15.2,13.2,51.9,24.1,75.9,41.7,35.8,21.1,56.4,34.6,11.734913793103448
50.5,163.7,33.0,79.2,71.6,93.0,92.9,51.2,36.3,33.7,20.7,24.6,14.9,12.6,54.0,23.6,79.9,38.6,37.9,21.1,52.7,34.6,10.64873949579832
53.2,154.2,34.5,89.2,69.9,95.7,92.9,57.8,38.0,34.7,21.2,23.5,14.2,12.8,50.6,21.3,73.3,38.0,35.7,23.3,53.2,31.7,12.824738955823292
56.6,153.6,34.2,90.4,81.4,97.8,100.4,60.3,37.1,34.7,20.3,25.0,14.9,14.2,51.3,23.2,69.8,40.2,34.7,23.4,53.7,36.6,12.914285714285716
73.2,161.3,39.0,94.5,85.3,103.0,106.4,65.1,41.7,40.6,21.5,27.2,16.2,14.0,57.1,25.8,77.3,41.9,36.4,25.0,59.5,38.9,13.928171641791044
57.6,159.5,36.5,90.8,78.3,93.9,96.9,57.2,37.6,35.1,20.7,24.3,15.2,13.0,54.0,24.1,77.8,43.4,35.9,24.5,55.0,35.5,13.424310344827584
80.7,165.9,36.3,100.5,86.0,117.8,110.0,75.7,43.9,38.6,19.6,27.8,15.3,15.1,53.2,23.9,80.5,38.0,40.0,27.1,59.2,38.3,13.535977859778598
62.2,156.4,36.5,89.5,75.0,103.7,97.7,61.5,39.7,39.3,21.9,26.2,15.2,13.2,52.8,22.6,74.8,40.5,34.0,22.2,54.5,34.0,11.989622641509431
72.6,168.6,36.6,101.4,96.0,103.9,103.8,59.4,36.5,34.6,20.3,26.2,15.2,14.4,54.4,24.4,80.8,43.5,39.7,27.8,55.2,36.5,14.27111111111111
71.1,167.8,34.7,97.8,87.3,103.7,101.2,61.5,39.1,38.9,21.7,27.2,15.3,14.2,54.0,24.2,79.3,43.8,37.9,26.6,56.0,37.0,12.92627906976744
57.2,157.3,36.4,97.5,92.3,93.7,102.1,55.4,34.7,33.5,18.0,22.8,14.3,13.5,53.1,22.9,76.2,43.3,36.0,26.9,53.5,35.0,15.34362549800797
62.3,158.9,37.5,88.9,79.1,98.0,98.0,60.1,39.7,37.2,22.0,26.9,15.4,12.1,52.0,23.4,75.3,40.7,38.3,23.1,54.4,34.7,12.023639846743295
60.2,162.1,36.5,88.4,77.1,97.0,102.4,55.4,39.0,37.7,22.3,26.3,15.4,14.7,51.6,23.9,77.8,42.7,36.4,22.4,54.1,37.9,12.343854545454546
80.5,167.9,40.7,113.5,98.3,109.8,107.2,63.9,41.5,37.1,20.6,27.0,15.1,13.1,57.9,23.8,83.2,41.4,38.9,29.9,56.2,37.5,15.381206896551722
56.1,159.8,34.1,91.4,78.7,94.2,93.8,54.8,38.0,35.7,19.4,24.0,14.6,13.2,53.1,22.6,75.5,44.0,35.4,25.2,54.2,34.3,14.087685950413226
52.0,171.3,34.1,76.6,65.7,92.3,95.2,53.7,33.3,31.1,19.2,23.6,14.7,13.6,56.6,26.2,86.9,37.5,40.5,18.7,54.2,37.2,10.56008230452675
57.8,155.0,36.3,88.0,78.1,95.5,99.0,59.4,36.6,34.8,19.2,25.6,14.2,13.8,52.0,22.2,74.2,38.4,34.3,23.7,56.5,34.3,13.055737704918034
58.0,158.3,36.3,83.4,74.0,97.1,101.5,58.6,39.1,35.9,21.2,24.7,14.8,13.7,53.9,23.2,80.2,39.1,37.4,20.1,57.8,38.1,11.781412639405206
61.2,154.0,34.6,83.4,81.9,105.7,94.6,64.9,44.6,38.6,21.1,26.3,14.7,11.6,50.0,21.2,73.9,38.9,33.5,22.0,54.2,32.9,11.36325
58.5,154.1,37.4,93.6,80.5,96.3,96.5,56.3,37.0,37.3,20.3,26.1,15.6,12.6,48.5,19.9,69.8,42.7,35.9,24.6,55.7,33.9,12.835588235294116
87.5,162.2,38.5,105.2,101.0,118.1,105.0,69.6,48.8,44.6,24.8,29.0,16.4,13.3,53.2,22.7,74.8,44.2,36.0,28.8,57.7,36.1,14.949473684210528
77.3,179.3,38.7,101.5,90.5,105.4,107.0,62.2,39.6,36.4,22.1,28.1,17.3,13.0,57.8,24.4,87.8,44.5,40.1,25.7,57.0,36.1,13.11904761904762
75.5,171.3,39.0,102.6,92.0,106.1,107.6,66.2,39.9,39.2,21.5,27.1,15.5,13.3,60.8,28.4,84.6,41.0,39.2,25.9,56.4,38.3,13.399253731343284
67.8,160.3,35.6,104.3,92.4,103.2,101.3,60.9,40.4,35.9,20.4,25.0,14.6,13.1,52.8,22.2,74.5,41.8,33.7,28.7,55.0,36.3,13.562820512820512
88.8,171.1,42.1,106.2,100.3,111.7,109.7,71.5,43.2,36.8,21.9,27.9,16.3,14.4,59.0,26.1,83.1,44.0,40.3,29.3,60.0,38.3,13.669306930693068
66.5,164.1,36.9,92.1,78.0,98.0,104.4,61.8,41.5,39.9,22.6,25.5,15.3,13.7,53.0,23.4,79.7,41.8,36.9,22.5,55.7,36.7,12.420528169014084
58.0,149.4,33.9,96.3,100.3,101.5,96.1,58.3,35.4,33.3,18.2,22.0,13.8,13.0,51.1,22.1,74.9,40.7,39.8,25.7,53.6,35.0,14.85558139534884
66.5,167.2,36.6,102.9,86.3,98.5,104.3,57.3,36.5,33.9,20.1,26.7,15.8,12.7,57.8,23.9,80.7,43.0,39.0,29.0,56.2,37.3,14.956840148698884
64.9,161.6,38.6,88.4,85.6,103.0,101.9,59.9,39.1,35.4,22.0,27.1,16.0,12.5,56.4,24.0,75.5,41.5,34.7,22.4,58.2,37.7,11.17142857142857
67.3,158.5,36.4,98.3,90.2,102.2,102.8,61.2,39.6,37.0,21.2,25.9,15.3,13.3,55.7,23.3,75.4,41.2,35.9,25.8,52.7,36.5,12.988375451263536
74.4,161.2,42.0,106.5,101.0,107.5,104.9,64.8,37.5,36.4,20.5,27.2,15.1,12.6,54.1,23.2,77.7,45.4,37.6,29.8,55.3,33.7,15.433157894736842
57.6,166.3,33.5,86.9,75.9,98.2,95.4,54.5,37.5,36.0,20.2,25.7,14.7,14.5,54.1,23.1,81.7,43.1,39.9,21.7,54.8,36.2,11.85
73.5,165.6,38.4,100.4,89.3,109.3,103.5,64.8,42.0,40.0,22.5,27.1,15.9,14.0,54.2,22.9,74.9,42.9,36.7,25.5,54.7,37.4,13.773285198555955
63.6,159.8,40.3,94.0,84.4,103.9,98.1,62.0,37.5,34.6,19.8,26.8,15.2,12.1,51.5,23.2,77.4,42.2,37.8,23.6,53.5,34.2,12.59179104477612
43.2,154.5,35.1,77.0,66.5,85.1,92.1,48.1,31.5,30.2,17.9,23.1,13.5,12.6,51.4,24.0,76.4,39.6,37.4,18.9,56.0,34.2,10.380971659919028
74.7,163.4,36.2,107.2,93.0,108.3,105.5,65.2,41.6,39.4,22.8,26.0,15.4,13.9,52.6,23.5,76.4,43.7,37.6,28.7,54.7,36.3,15.717580071174376
66.9,170.4,38.0,97.1,80.7,99.1,107.3,61.0,36.1,34.2,20.5,27.5,15.3,14.0,59.0,26.3,85.4,43.2,41.0,26.3,57.3,39.2,14.025555555555552
82.6,166.4,37.6,110.0,95.7,111.1,106.0,64.2,42.6,40.8,23.8,27.0,15.8,13.0,56.6,23.8,80.0,43.5,36.2,28.0,57.0,37.5,13.253012048192772
57.8,152.2,34.0,87.3,86.8,101.5,96.6,61.2,39.0,34.3,19.6,24.5,14.2,12.6,51.0,21.9,72.8,40.5,34.7,22.8,54.3,35.6,11.663562753036436
63.7,164.6,36.3,90.7,78.2,101.3,100.3,61.4,38.0,37.2,21.4,25.1,15.0,13.6,54.0,23.7,80.5,43.2,37.8,23.8,56.0,37.2,11.64258181818182
75.8,155.7,39.0,101.9,96.6,106.0,107.6,63.8,39.9,40.8,23.3,28.0,15.3,12.5,51.5,22.6,72.4,40.7,36.6,26.9,54.3,35.8,13.863945578231291
59.4,162.5,35.9,95.0,77.8,102.4,97.8,58.8,37.2,35.0,20.7,24.4,14.6,13.1,55.8,23.3,75.4,42.8,35.8,25.7,54.9,35.7,12.58108108108108
87.2,167.1,38.1,114.3,98.0,112.0,107.7,68.9,45.2,42.7,22.9,30.0,17.0,11.8,60.7,26.1,81.3,42.7,40.3,31.0,55.0,35.1,16.41332179930796
69.3,153.5,37.0,97.0,85.0,108.3,104.1,65.7,44.2,39.9,21.7,26.7,15.0,13.3,53.5,22.9,73.6,39.6,32.1,25.9,56.0,36.5,15.331086142322098
50.0,159.1,34.6,90.3,67.0,88.6,95.4,51.6,33.2,34.7,21.0,23.7,14.9,14.0,52.0,22.4,74.5,41.9,35.0,22.3,53.8,36.6,12.37983870967742
56.7,156.7,35.4,91.6,74.5,96.1,100.0,56.0,39.3,36.9,21.7,24.9,14.5,12.6,50.4,22.4,70.8,39.4,35.6,24.0,53.8,35.0,10.745384615384618
58.9,154.0,35.6,86.8,82.6,102.6,101.2,61.1,40.0,35.3,20.2,26.4,14.6,12.7,53.0,23.2,75.2,36.2,34.7,22.1,51.7,36.2,12.87148288973384
64.0,157.3,36.2,98.7,86.0,97.2,99.7,60.5,36.4,33.9,19.8,25.6,15.0,12.2,51.5,22.1,75.1,40.0,36.4,27.8,54.2,34.1,13.208921933085502
68.3,163.7,38.0,94.2,79.7,102.9,102.7,64.1,41.8,36.5,21.0,28.6,15.7,13.0,56.0,24.6,81.1,39.4,39.2,23.4,57.3,36.1,12.73879003558719
56.6,160.4,36.1,90.8,70.6,94.3,93.6,55.2,37.3,36.4,21.1,24.8,15.4,12.1,49.8,21.1,74.1,39.9,35.9,24.3,54.5,34.4,11.621044776119405
63.2,174.0,38.2,88.1,73.0,94.5,103.0,54.4,36.9,36.1,21.4,26.9,15.8,12.9,59.1,27.9,87.5,42.5,41.1,23.3,55.0,36.5,13.533659574468086
59.1,156.3,36.8,88.2,74.3,93.9,101.8,60.2,39.6,37.9,21.1,25.9,14.8,14.1,54.6,23.2,77.0,37.0,37.7,22.6,55.4,34.5,13.44512195121951
76.0,177.3,38.7,90.7,80.5,108.1,106.8,65.0,42.5,40.5,23.0,26.2,16.0,14.1,59.5,26.8,84.8,44.1,39.6,25.3,55.5,40.2,13.006037735849056
66.4,167.2,35.8,96.6,91.2,100.2,104.4,60.8,36.9,34.6,21.4,25.8,14.8,14.5,56.3,24.2,82.9,43.7,38.8,26.6,54.2,37.5,14.807027027027027
65.8,156.4,35.5,93.1,85.3,104.4,106.1,64.0,43.1,36.7,21.5,26.6,15.3,13.0,48.7,21.7,70.3,41.0,32.1,24.3,54.6,34.3,11.9793006993007
71.0,160.0,34.7,96.8,84.7,108.1,104.5,65.6,43.7,39.8,23.4,27.9,15.8,14.7,54.5,22.0,78.5,40.7,37.5,24.5,53.0,37.3,14.828164794007492
55.1,158.6,35.3,83.0,72.6,94.7,98.9,58.8,38.0,35.9,20.2,24.4,14.8,14.3,51.2,22.3,75.0,40.2,37.1,20.4,55.2,37.1,12.10702479338843
59.3,156.6,33.8,88.3,79.5,98.4,99.6,58.7,42.9,35.2,22.4,24.6,14.2,13.1,53.7,22.4,76.5,40.4,35.5,21.7,54.9,35.4,11.31876447876448
66.1,168.3,36.4,95.9,83.7,97.1,103.1,58.8,37.8,39.3,22.3,25.5,14.6,12.3,58.5,24.3,80.6,42.6,37.9,25.3,53.4,35.9,12.078754325259515
65.8,161.3,37.3,91.0,81.6,105.7,97.6,63.3,42.2,40.7,22.1,26.2,15.2,13.2,52.5,22.6,74.3,41.1,34.7,23.8,53.9,35.4,12.34758364312268
63.4,157.2,39.1,94.0,81.4,102.3,100.2,58.7,37.9,35.8,21.5,26.8,15.8,12.1,51.1,22.7,72.6,38.2,33.4,24.7,57.6,35.8,12.358565737051793
48.0,158.4,35.1,86.9,69.3,87.1,93.3,49.4,33.2,31.8,19.3,23.6,14.6,12.0,51.2,22.6,75.3,39.4,36.0,23.0,53.7,35.0,11.44873015873016
66.0,170.6,37.4,90.0,79.8,100.5,102.9,58.6,38.5,37.5,21.2,25.6,15.7,13.4,56.0,23.8,82.0,41.4,37.3,22.8,56.1,38.5,12.857142857142858
60.1,162.0,36.8,88.7,80.7,97.8,100.2,58.6,37.1,34.0,19.7,25.2,14.9,14.1,51.9,23.9,74.2,45.5,34.1,23.2,55.3,37.5,12.67142857142857
54.6,164.0,35.0,80.7,77.8,94.3,97.7,57.1,34.2,29.7,18.7,24.1,14.2,13.4,58.3,25.8,84.7,44.6,37.8,20.8,56.5,36.2,12.019873417721518
116.6,171.1,43.8,126.6,130.5,126.1,122.5,78.8,47.2,42.7,23.0,31.4,17.7,13.9,58.6,26.5,85.1,50.9,39.7,33.4,57.5,38.1,18.010357142857146
79.3,164.1,41.2,104.2,91.9,108.0,111.9,67.8,42.0,39.3,22.4,28.3,16.3,14.4,54.5,24.8,81.9,44.0,38.1,27.2,60.2,38.3,15.064119850187268
45.4,156.7,32.6,79.1,61.1,85.3,91.6,47.8,34.7,32.7,18.8,24.7,14.6,12.8,50.2,22.2,72.3,41.0,33.3,19.5,53.8,34.3,10.525403225806452
49.9,162.9,35.6,81.4,69.8,86.7,99.2,50.6,32.5,31.0,18.8,23.5,14.7,14.0,57.0,26.4,83.1,41.8,39.8,20.8,60.5,37.6,12.968813559322037
35.8,147.9,32.6,69.5,61.5,79.8,87.1,46.5,30.2,28.2,17.3,20.0,12.4,12.8,47.8,21.3,69.8,36.5,32.6,17.0,53.8,34.2,9.698409090909092
70.0,166.3,38.4,91.2,85.9,103.7,104.5,63.8,41.3,37.6,21.9,26.6,15.3,14.5,57.8,25.9,81.3,48.5,37.8,23.9,57.7,38.6,13.048615384615385
77.0,174.9,36.4,93.4,88.7,108.9,103.5,67.4,43.5,38.9,21.5,27.9,15.8,13.2,63.9,29.4,94.7,45.0,43.1,24.1,60.5,37.3,13.353574297188754
64.9,159.2,38.2,98.4,91.1,99.8,104.0,56.5,37.5,35.7,21.0,26.5,15.2,13.1,50.6,21.8,73.5,43.7,35.7,26.0,54.4,36.5,14.888988764044944
55.0,159.1,36.4,88.7,73.3,93.2,98.4,53.6,36.1,35.8,21.3,23.9,15.1,13.0,52.9,23.2,75.4,40.4,34.8,22.6,55.8,37.2,12.302452107279697
87.5,171.0,37.2,108.1,97.9,109.5,111.5,66.5,46.5,40.0,23.3,30.5,17.0,14.5,60.4,29.0,86.9,40.5,41.7,28.7,56.3,38.9,14.177049180327868
76.8,168.4,38.6,101.2,96.8,105.7,108.9,61.1,44.6,38.8,21.7,30.1,16.0,14.0,60.0,27.2,84.3,46.8,41.0,26.6,57.1,38.8,13.252380952380951
76.3,162.5,37.1,101.8,94.1,109.0,111.3,65.6,41.0,39.5,22.2,28.4,16.0,14.2,56.3,25.7,81.8,42.0,39.4,26.8,57.0,38.0,15.144098939929329
65.0,166.6,36.3,93.5,73.2,98.5,103.5,58.6,39.0,37.2,21.3,27.0,15.9,13.0,56.1,24.6,79.5,39.0,37.7,24.8,54.6,38.3,12.612410071942447
55.5,157.6,35.3,89.6,76.0,93.3,98.7,55.0,34.9,32.9,20.0,25.3,14.8,13.3,51.8,22.9,74.0,41.2,37.8,23.7,53.9,35.5,12.11392
75.5,168.5,36.3,103.6,90.5,108.2,100.0,64.1,42.0,39.2,23.0,26.0,15.4,12.8,56.8,23.9,81.7,47.8,37.3,28.2,55.5,35.8,14.166515151515153
54.8,162.9,35.7,85.0,71.5,96.4,99.3,55.7,35.8,34.8,19.5,22.7,14.5,14.7,55.0,24.9,76.6,43.3,37.0,21.5,53.0,38.2,12.40725806451613
70.5,163.7,35.8,92.6,87.8,105.1,102.1,65.1,44.7,38.6,21.2,27.7,15.0,12.3,54.5,23.3,80.7,42.3,37.1,24.1,56.8,33.8,12.18779411764706
54.8,159.7,34.0,88.8,78.8,94.2,94.0,57.3,34.3,34.3,21.0,23.1,14.5,13.0,50.0,22.0,72.6,42.5,37.6,23.5,52.3,34.9,13.406381322957197
76.3,167.6,38.9,96.7,90.3,106.3,110.6,64.3,39.7,40.6,22.8,26.8,15.9,14.1,55.4,24.6,82.7,42.0,38.6,25.7,57.0,39.4,14.122374100719426
78.4,167.2,38.5,102.6,87.0,103.6,107.1,65.6,44.3,41.2,22.7,29.4,16.0,13.7,58.3,26.0,85.1,39.0,41.7,27.2,57.0,36.6,13.135640138408306
69.8,170.7,36.7,92.0,84.8,106.5,101.0,64.5,40.8,38.4,20.8,25.4,15.3,13.9,57.0,25.0,83.0,44.8,40.7,23.2,55.0,38.2,12.927881040892194
65.0,164.9,35.8,87.9,82.5,102.7,97.3,62.9,41.2,39.1,23.3,27.8,16.1,13.5,55.3,23.4,79.4,42.3,36.7,22.5,55.2,35.6,12.730344827586206
79.4,161.5,36.4,97.2,95.5,118.1,104.5,71.2,41.3,41.5,24.6,27.5,16.3,13.2,52.5,22.7,74.4,45.0,35.4,25.3,56.8,35.4,14.909163346613544
89.7,162.9,41.0,115.7,110.5,113.0,108.9,69.4,47.4,39.4,23.1,27.7,16.3,14.0,57.5,24.4,78.3,44.9,35.7,32.6,56.3,37.2,16.36913183279743
52.5,161.5,35.3,85.0,78.5,92.8,98.1,51.8,33.7,31.0,19.2,23.1,14.4,13.8,54.6,23.7,75.5,45.0,36.7,21.8,53.8,38.2,14.525316455696204
77.2,153.7,36.6,97.6,97.2,113.4,108.3,70.2,45.1,39.6,22.0,28.4,16.1,13.7,50.0,22.4,74.7,40.2,38.4,25.6,54.6,36.4,14.105693430656933
65.7,166.3,38.0,89.9,79.3,98.9,103.0,60.3,41.2,37.5,22.4,25.6,15.3,12.8,53.7,22.8,78.1,42.0,39.0,22.9,55.3,38.5,12.4396511627907
53.7,158.2,35.7,88.8,79.8,94.2,97.4,57.2,37.2,31.7,18.8,22.8,14.2,12.5,52.6,22.5,77.7,40.7,36.5,23.3,54.0,36.0,13.66153846153846
66.7,149.9,35.3,101.0,95.5,106.7,98.0,62.7,41.5,39.7,22.0,25.7,14.4,12.7,45.5,20.0,68.0,43.0,33.5,28.1,55.9,34.2,13.86746031746032
83.3,177.1,41.0,101.0,92.0,111.2,108.5,68.5,42.4,37.9,22.2,26.5,15.9,14.1,60.3,25.9,85.1,45.6,38.5,27.1,55.6,39.3,13.557966101694916
59.9,154.5,36.9,96.7,85.5,96.1,100.0,56.3,34.6,33.5,19.5,25.0,14.9,13.4,52.4,22.3,73.6,40.8,35.1,25.1,55.0,36.8,12.779434628975268
64.9,160.3,36.3,97.5,91.4,99.4,100.3,60.4,36.6,36.1,20.2,26.0,15.4,13.0,52.2,24.3,75.5,42.1,37.7,24.6,54.4,35.3,13.522988505747126
78.8,158.0,37.1,106.6,93.8,110.5,105.6,67.5,43.0,41.6,22.5,30.1,15.2,12.5,53.1,23.6,74.8,40.9,36.7,29.1,53.8,35.4,12.98333333333333
75.2,160.8,37.2,106.2,96.0,101.6,102.1,64.0,42.1,43.0,21.5,26.8,14.8,12.4,53.0,23.6,76.4,40.6,36.1,28.7,55.2,34.2,14.448979591836736
64.3,156.1,35.1,94.1,90.0,100.0,102.7,63.1,40.4,34.3,19.3,24.8,14.3,13.0,54.0,22.8,73.8,40.5,35.6,24.3,54.3,35.4,12.684542124542125
61.3,164.2,36.0,88.0,78.0,96.5,97.0,58.0,40.0,38.7,21.7,26.2,15.4,12.5,54.5,23.2,77.3,41.3,36.4,22.3,57.4,35.7,10.878228782287822
84.7,160.0,41.5,102.7,93.5,116.5,110.8,74.5,49.0,42.5,23.9,29.4,16.9,14.2,53.3,22.3,74.0,43.8,35.3,28.2,58.5,37.7,14.021771217712176
68.7,159.1,36.4,95.3,89.0,107.7,104.2,64.2,41.3,37.5,21.0,26.7,15.0,14.2,54.5,23.6,76.5,41.5,35.5,25.6,57.7,37.2,13.979805447470818
69.7,169.7,39.2,99.7,82.1,98.8,106.5,59.8,38.3,37.9,22.6,25.6,16.2,14.1,55.5,23.0,80.9,45.2,40.0,25.5,57.7,38.4,13.85900709219858
60.2,169.1,34.8,87.0,79.3,96.5,102.6,55.5,35.3,33.5,19.6,23.4,14.8,15.0,54.5,23.6,79.4,43.7,37.3,20.7,55.7,39.2,12.11307692307692
63.1,156.3,36.0,95.6,77.5,106.8,102.5,63.5,37.9,35.9,21.8,26.1,15.4,14.0,51.2,22.3,72.6,39.1,36.5,26.0,50.7,36.7,12.57703422053232
95.2,159.8,38.8,115.2,103.4,121.0,108.4,75.8,51.0,45.3,22.5,29.6,15.7,13.1,52.6,23.0,73.7,44.5,38.2,31.4,56.3,36.7,16.3584
51.3,163.1,36.3,79.5,66.4,91.4,94.3,52.0,35.0,33.2,20.7,24.8,15.1,12.7,54.5,23.2,79.7,40.6,38.2,19.8,54.3,32.4,10.497683397683398
69.4,164.8,36.8,93.7,90.7,105.0,104.8,60.6,37.8,37.4,21.7,27.8,15.4,13.1,53.1,24.4,78.9,44.9,37.1,23.0,57.7,36.8,12.947636363636365
50.9,149.6,35.9,82.6,76.8,90.0,96.6,54.8,37.0,35.0,19.6,25.5,15.4,13.8,51.1,22.7,72.0,40.2,32.8,21.6,54.7,34.9,11.84388429752066
52.0,152.2,33.9,87.8,67.2,91.5,93.6,55.0,36.4,34.2,20.3,24.5,15.0,12.0,51.8,22.2,72.3,34.5,35.5,23.6,55.0,33.2,12.707894736842109
88.9,176.9,41.3,104.7,96.5,111.5,113.0,69.5,42.3,38.9,20.3,30.9,16.8,14.5,59.6,27.1,89.2,46.8,41.5,28.4,58.0,39.9,15.321951219512195
78.5,176.1,39.2,90.0,78.4,106.9,105.0,66.4,44.5,37.5,21.7,28.3,16.6,14.3,60.4,27.5,87.0,42.5,40.4,24.2,58.9,39.0,13.295454545454543
67.8,161.8,37.5,97.6,90.3,107.2,101.4,64.5,40.1,35.5,20.2,26.1,15.9,13.7,52.5,22.8,78.5,41.0,37.4,27.1,54.8,38.0,13.154782608695651
64.4,161.2,37.0,91.2,84.1,100.7,101.5,58.4,37.9,35.1,21.1,25.9,15.6,14.3,54.7,23.7,77.7,42.3,37.8,22.5,56.0,37.6,12.598762886597935
65.7,165.3,39.5,94.0,87.0,99.9,101.3,57.1,38.6,37.7,21.1,26.1,15.0,12.9,55.0,22.8,80.3,41.5,36.7,24.3,55.4,37.8,13.086925795053002
66.1,159.8,36.0,95.5,85.2,106.3,95.7,65.1,40.9,36.5,20.5,24.4,14.5,12.2,52.7,23.2,77.3,43.9,35.4,25.6,57.3,34.0,13.708870967741936
92.5,177.0,40.5,113.0,99.3,114.5,106.5,69.1,43.0,41.3,23.7,27.5,16.2,12.6,60.4,24.9,83.0,46.4,40.5,30.0,55.5,36.7,15.509803921568627
61.1,156.6,36.7,100.1,86.6,98.1,97.6,58.8,39.2,35.0,19.0,25.4,14.6,12.0,50.6,21.6,72.9,42.2,37.0,26.4,50.2,35.4,15.513505976095615
61.1,166.8,38.8,96.1,75.7,97.5,99.5,53.9,35.2,36.3,21.1,25.4,15.4,12.6,55.0,23.3,80.3,41.4,38.8,26.6,56.8,35.4,13.836954887218049
79.7,161.4,39.1,97.3,90.7,114.3,106.6,71.2,47.7,44.5,24.7,28.7,16.1,12.7,57.4,26.5,82.6,44.6,37.7,25.8,57.1,37.8,13.54034965034965
68.2,167.3,39.9,102.1,85.3,96.7,106.2,58.3,39.3,34.3,20.8,26.3,16.0,13.6,57.3,23.5,79.5,44.5,37.7,27.3,58.2,39.3,13.523178807947025
48.9,158.8,35.7,84.0,77.9,87.5,95.0,51.4,32.9,30.5,18.2,22.8,13.3,13.0,54.2,24.3,75.8,44.1,37.0,22.5,52.9,35.5,12.85344827586207
66.9,153.4,37.4,105.3,92.6,99.2,101.5,61.5,41.0,35.9,21.0,26.4,15.5,13.7,52.5,23.8,75.6,41.5,38.4,29.1,55.8,35.7,15.53073359073359
61.7,149.0,35.7,88.8,82.5,102.3,103.5,63.4,42.5,36.2,20.5,26.0,15.5,14.3,49.5,22.3,71.3,41.5,34.0,22.4,56.1,36.2,13.625587044534411
70.6,161.1,37.6,95.5,93.8,105.6,103.2,65.0,43.0,37.3,21.1,28.4,15.5,13.8,52.1,23.8,76.3,46.1,36.1,24.3,57.9,37.3,13.57836363636364
61.1,159.9,39.3,90.9,75.5,94.9,103.2,58.6,36.6,38.6,21.0,25.8,14.9,11.8,54.5,24.7,77.3,41.5,33.9,23.0,56.9,36.7,13.861379310344828
66.2,164.5,37.7,100.1,86.7,99.6,104.4,56.3,37.8,35.2,22.3,27.3,15.8,13.6,52.7,22.7,76.7,43.5,36.8,27.3,57.5,38.2,12.547256944444444
53.2,157.1,34.1,91.0,78.4,92.5,94.8,55.5,32.9,33.3,18.3,24.3,14.8,11.0,51.1,21.2,73.1,41.7,36.5,23.5,52.5,32.9,12.697674418604652
61.6,165.7,36.4,93.3,75.3,95.8,100.9,57.0,36.8,35.6,20.5,25.8,15.6,13.6,55.6,24.3,80.2,40.6,37.5,25.3,55.1,36.6,13.211564885496182
73.7,164.1,37.8,97.4,91.4,109.4,103.7,67.4,41.6,38.2,22.5,27.0,16.7,13.1,57.0,25.2,77.3,42.2,36.4,24.4,55.0,36.1,12.963309352517983
65.7,171.0,36.0,94.7,82.6,103.9,92.4,59.5,37.7,34.4,22.2,24.8,15.8,11.6,56.0,26.1,80.4,43.0,40.0,25.3,54.1,32.3,12.112790697674418
67.1,167.4,35.4,98.6,87.5,104.0,105.0,61.0,36.9,36.8,21.0,25.5,15.4,14.5,55.5,23.9,80.4,41.9,40.5,23.8,53.7,40.0,13.865625
83.1,156.1,41.2,118.0,109.5,112.9,106.6,68.1,43.4,37.5,21.5,27.4,15.9,12.3,50.5,22.0,72.0,45.4,37.5,32.5,55.2,36.2,17.218367346938777
86.6,166.4,37.2,110.0,107.6,117.9,105.0,69.5,45.3,38.9,21.0,28.9,15.6,13.5,54.1,23.4,78.3,45.3,39.3,29.0,56.3,35.9,16.48014440433213
105.4,174.3,40.7,110.1,108.7,127.5,111.3,77.9,51.3,45.0,23.8,30.8,17.1,13.1,58.4,24.9,83.4,49.6,38.4,30.8,56.0,36.0,13.66758620689655
92.0,168.1,42.2,108.0,101.1,117.0,117.5,74.2,45.5,40.5,22.5,30.3,17.2,14.2,54.3,24.6,81.1,42.8,40.2,28.6,59.5,40.4,15.748494983277592
61.7,149.8,37.2,91.3,93.1,103.2,98.9,64.7,41.3,37.2,18.9,27.5,13.9,11.3,51.0,21.6,74.1,40.0,35.8,23.0,52.8,33.2,13.227716535433071
77.2,159.5,39.9,102.6,88.8,110.5,106.8,67.8,44.5,38.5,21.0,28.6,15.6,13.4,54.5,23.5,75.7,42.4,37.6,28.3,56.3,36.7,15.930981818181817
77.7,177.1,37.3,104.7,97.1,108.3,100.3,64.9,41.7,36.4,21.2,24.9,16.0,13.5,57.0,25.1,85.3,45.8,40.6,27.2,55.3,36.4,13.461428571428574
80.2,158.5,39.0,111.3,101.5,110.5,109.3,67.9,41.5,37.3,21.3,28.8,16.3,14.7,55.0,24.8,77.8,41.0,37.8,29.6,58.0,38.9,15.8417
95.3,181.9,40.9,108.0,99.5,122.3,117.9,75.0,46.7,39.0,21.7,29.1,15.7,14.1,64.0,27.8,89.6,47.7,41.5,29.2,56.0,41.3,18.04
87.0,168.3,36.1,109.4,106.7,118.5,106.6,73.5,44.7,38.6,22.0,27.5,15.7,13.7,54.6,22.1,79.5,47.8,39.5,29.8,55.3,34.7,15.294046822742477
73.0,168.6,38.5,97.4,85.3,106.6,102.4,62.4,40.4,37.5,20.5,26.0,16.2,12.8,59.0,25.3,80.7,40.5,37.4,26.3,56.0,35.5,13.914285714285716
87.7,170.3,40.4,109.6,93.7,114.2,105.4,70.9,45.0,41.4,23.7,29.3,16.4,13.6,55.0,26.7,79.3,42.0,39.4,28.6,58.1,35.7,14.80561403508772
82.3,170.7,41.5,97.6,96.7,112.2,109.2,68.9,45.7,38.1,22.9,27.2,17.0,14.0,58.2,26.4,81.3,47.0,38.6,25.4,58.0,39.9,13.492771929824562
83.1,167.8,38.4,107.8,111.2,107.8,108.7,63.6,40.5,37.8,21.0,28.0,15.9,15.7,56.6,25.2,84.7,49.5,42.3,30.0,57.7,39.3,13.216575342465754
59.9,164.6,37.2,88.6,70.0,96.1,97.5,56.8,36.0,33.9,20.2,26.1,15.3,12.8,56.6,26.3,80.4,40.2,35.8,23.0,55.8,35.5,13.88864864864865
72.5,167.6,38.0,96.2,90.7,107.4,103.5,63.9,41.4,36.9,22.1,28.2,15.9,14.1,57.4,26.1,82.0,42.2,36.3,23.8,58.3,37.6,12.861904761904762
63.0,170.3,36.0,87.2,81.0,100.6,99.8,63.6,35.6,32.8,19.4,24.4,15.0,13.5,59.0,26.4,88.4,42.5,40.5,22.8,55.8,37.0,11.626666666666663
62.3,160.9,36.6,90.1,90.0,102.5,97.1,61.9,38.0,33.9,19.6,26.8,15.3,12.0,53.6,24.5,80.3,43.6,41.0,25.1,55.9,33.9,13.25
82.1,163.6,39.7,110.0,93.5,113.2,109.9,71.1,45.2,40.8,21.4,28.0,15.4,13.2,53.6,24.0,79.7,40.4,38.9,28.6,59.2,37.6,16.5
62.4,162.5,37.4,91.0,85.8,98.2,100.9,58.5,38.5,34.4,20.2,26.3,15.0,12.5,55.9,24.9,77.3,45.6,38.0,24.5,55.7,36.2,13.193172690763054
56.7,161.5,36.5,88.3,79.0,99.8,96.0,59.1,37.7,34.0,19.2,25.2,15.1,13.2,52.2,24.5,78.4,42.4,37.9,22.7,55.9,36.9,12.0570281124498
67.5,160.3,38.3,106.0,96.0,104.9,103.4,60.0,37.8,36.0,20.5,25.7,15.8,13.5,52.4,24.5,75.5,45.0,37.8,27.2,57.7,37.1,14.133333333333333
62.3,164.1,36.5,84.6,77.8,99.3,97.5,61.5,39.4,34.3,19.2,25.5,15.5,13.5,56.7,25.4,82.4,39.8,39.5,22.7,57.3,35.4,12.03658536585366
64.4,169.7,36.4,92.0,79.1,95.6,106.0,56.0,39.0,35.4,20.5,27.0,16.3,14.6,61.0,27.0,84.6,41.0,41.3,23.8,56.5,39.7,11.286597938144329
62.6,157.1,35.7,92.6,83.8,100.5,95.0,59.6,38.2,36.7,18.9,24.0,14.9,11.2,50.6,23.2,74.1,40.4,37.5,26.2,53.0,34.0,14.784206008583691
71.3,154.8,36.7,94.6,84.5,109.7,101.2,70.3,43.0,40.3,21.7,28.0,15.1,11.8,53.0,22.4,75.3,38.7,35.5,25.2,55.2,34.5,13.158646616541352
63.0,163.3,37.9,89.9,79.9,99.2,99.5,59.9,38.0,34.8,20.5,24.7,15.3,12.7,54.3,23.3,79.3,42.9,39.2,22.5,53.4,36.7,12.701780303030302
82.0,166.7,39.3,103.2,92.2,110.2,111.7,66.5,40.7,39.9,23.8,27.5,16.0,14.2,54.8,24.4,77.7,45.2,37.0,28.2,55.0,39.2,14.875986622073578
76.2,158.4,38.0,104.3,95.6,106.9,105.5,65.7,43.3,41.3,22.9,25.5,15.2,12.0,53.0,23.3,78.0,39.7,38.2,27.4,54.7,36.2,14.63148409893993
69.7,164.2,36.9,92.9,84.3,106.8,102.7,64.4,40.2,37.6,21.2,25.6,15.8,13.3,57.3,24.8,79.6,42.0,37.9,23.9,56.2,37.7,13.828625954198476
91.0,173.6,40.5,109.8,106.4,120.6,110.8,70.6,44.1,40.3,23.9,28.2,17.2,13.5,61.0,26.0,87.5,45.2,40.7,29.9,55.6,39.3,15.03302013422819
80.1,167.1,38.3,96.5,95.7,114.3,100.8,68.6,43.0,40.7,24.0,26.1,16.3,12.0,55.5,23.6,80.4,43.7,37.6,25.0,54.7,36.5,12.61660777385159
68.3,159.5,37.5,91.2,82.0,106.0,107.3,64.1,39.3,37.7,20.9,26.1,14.5,14.5,52.0,22.8,79.3,40.0,35.2,23.0,58.0,39.2,14.224477611940298
76.9,171.6,39.5,96.4,87.5,107.1,106.4,64.2,41.8,40.8,22.4,27.2,15.6,14.3,58.0,24.2,83.3,44.0,40.0,24.7,57.5,38.7,13.943571428571428
60.1,157.4,37.3,87.9,76.8,97.1,98.5,60.3,38.9,37.3,21.6,25.5,15.4,12.7,49.7,22.2,73.7,40.0,34.8,23.0,57.5,35.0,11.874792452830189
82.1,161.0,39.4,105.4,107.3,113.4,103.9,67.3,42.0,40.9,22.8,29.5,16.4,11.4,54.3,23.8,75.3,46.2,36.8,27.6,57.1,34.5,14.078700361010831
84.2,164.3,35.8,94.7,91.3,116.0,102.2,70.1,47.3,46.0,21.9,27.6,15.7,13.5,55.1,24.2,79.9,49.2,39.8,27.7,53.7,35.7,13.662252964426878
79.1,169.7,39.4,99.2,95.9,108.3,109.6,66.8,40.5,38.1,23.0,28.0,16.0,13.1,56.0,23.4,79.9,45.7,39.0,27.7,56.0,38.4,14.222222222222223
57.5,150.1,33.9,94.1,84.0,98.0,95.6,58.0,37.7,32.5,20.0,23.7,14.8,13.0,48.5,22.6,68.6,41.5,34.7,24.3,54.0,34.2,12.348300395256915
56.8,163.2,35.7,88.4,78.7,93.5,96.0,54.8,35.5,34.4,20.5,26.7,15.5,12.5,54.2,24.1,79.2,40.2,38.0,22.2,53.5,34.0,12.437674418604653
72.0,165.4,41.1,101.5,89.3,103.6,105.6,62.0,38.4,36.4,21.0,26.1,16.2,14.0,59.0,26.0,82.1,43.0,38.0,27.5,55.8,39.0,14.195804195804197
52.1,157.1,35.4,78.7,70.6,95.1,94.4,57.9,36.0,35.6,19.9,23.2,13.9,13.2,50.1,21.5,74.7,43.0,35.3,20.6,53.8,36.1,11.888016877637131
68.9,159.6,38.0,103.1,85.0,99.3,101.0,60.3,37.0,38.1,21.0,26.0,14.8,12.3,55.6,24.6,80.3,39.5,36.5,27.9,56.0,35.6,12.752787456445995
65.2,158.9,36.9,88.1,79.6,101.6,96.4,62.9,41.0,38.4,23.0,27.8,16.4,12.0,49.8,23.5,74.8,41.6,33.8,22.9,57.6,34.5,11.703321033210331
82.7,165.0,38.9,113.1,101.0,110.0,102.1,67.0,41.0,40.5,22.5,29.0,16.2,12.0,52.6,24.1,78.8,45.1,38.5,30.1,54.2,35.4,14.775967741935483
66.2,161.1,36.9,92.7,91.0,100.8,100.5,56.4,37.2,38.7,23.2,26.0,14.8,13.3,53.5,23.4,77.4,46.0,40.5,25.3,53.1,37.7,13.247672727272723
71.5,163.2,36.4,97.1,101.3,109.0,98.7,61.3,39.6,34.9,20.2,27.0,15.7,12.3,55.2,24.7,80.5,45.5,41.6,25.8,55.8,35.1,13.247214285714284
97.3,172.9,39.5,122.0,104.6,119.4,110.6,74.8,46.3,42.6,22.5,27.5,15.6,13.2,56.2,23.5,82.4,47.8,41.7,32.8,54.0,37.1,15.874698795180723
45.0,153.3,34.4,80.0,65.0,85.0,93.7,51.4,33.9,31.5,17.9,22.9,13.8,12.8,53.0,23.2,76.6,37.7,38.0,20.0,52.0,35.5,12.968036529680363
50.4,161.1,32.9,79.3,72.0,88.4,93.6,52.2,35.8,33.5,20.2,22.9,14.3,13.7,52.1,22.3,75.8,40.9,36.3,20.0,54.0,35.5,11.068958333333333
57.7,165.0,35.0,84.8,74.7,94.8,95.8,57.8,36.0,33.8,19.5,23.8,14.7,14.3,57.0,24.6,81.5,42.2,40.1,22.5,56.5,37.0,12.866206896551722
56.2,147.3,35.2,93.2,86.7,94.9,100.0,57.3,37.0,33.6,19.4,24.0,14.8,12.3,51.5,22.9,71.4,38.7,36.0,23.8,56.2,33.2,14.860629921259845
72.8,170.0,39.4,94.1,81.0,101.6,108.5,63.0,40.8,37.1,22.2,27.9,15.8,15.2,57.0,25.7,85.7,39.7,42.1,25.0,59.5,39.8,13.77509505703422
72.2,169.2,38.8,94.0,80.7,109.1,104.5,63.8,41.7,38.9,23.8,27.3,16.2,15.3,55.8,25.2,83.6,40.2,38.6,23.3,58.8,39.9,12.929122807017546
56.0,161.1,37.0,82.6,73.8,94.7,95.1,54.3,37.0,35.3,20.7,24.7,15.5,12.7,54.5,24.5,79.7,42.8,37.4,20.8,57.3,35.3,12.088669527896997
82.4,173.4,37.0,99.0,92.0,110.6,109.0,68.2,43.6,40.8,23.0,27.3,16.3,15.4,58.3,24.7,82.6,43.5,40.7,26.6,58.1,38.6,14.24460431654676
82.5,169.2,39.3,104.7,91.8,109.6,110.3,66.6,43.9,41.1,23.8,27.8,16.4,14.5,59.2,26.7,87.3,43.5,40.9,27.9,61.0,39.4,14.331276595744685
99.5,164.7,40.4,107.1,109.3,125.7,112.7,78.2,54.0,45.2,24.2,31.6,17.0,15.8,57.0,27.5,80.7,46.0,39.4,30.1,56.8,39.8,15.487122302158271
98.8,159.9,45.0,122.2,114.0,121.0,107.3,72.0,49.4,42.9,23.6,33.3,18.0,12.7,53.1,22.6,77.8,50.0,39.8,33.9,55.7,35.9,15.905396825396826
81.5,161.4,38.8,110.2,101.7,107.4,105.7,67.5,44.4,37.5,22.9,28.2,16.3,13.2,52.8,24.3,74.3,43.0,36.6,29.3,58.4,36.0,17.214
72.3,154.9,36.6,95.0,94.5,114.0,101.4,69.8,43.2,38.0,20.8,28.4,15.5,13.0,54.6,24.6,76.5,39.8,35.0,24.6,54.3,32.3,13.624031007751938
73.6,163.4,37.6,95.7,86.8,108.5,108.0,65.9,42.0,39.3,21.7,27.7,16.3,15.3,53.5,23.1,76.9,43.4,38.6,24.4,56.8,40.5,14.964000000000002
69.8,176.0,39.3,95.1,80.5,102.2,103.0,59.1,38.0,39.5,22.5,26.5,15.7,13.2,59.0,25.4,86.7,44.6,38.5,23.5,54.7,37.1,13.51421052631579
76.6,168.3,39.9,102.6,94.4,104.8,108.5,61.8,38.8,38.8,22.7,26.2,15.6,13.5,57.0,24.7,78.4,42.0,38.4,26.0,56.0,38.4,13.702280130293158
65.1,161.8,35.6,90.0,81.4,106.6,101.0,64.6,39.2,36.9,20.3,25.9,14.4,13.6,54.6,22.8,78.1,39.6,36.9,23.8,54.7,36.6,12.778625954198471
51.8,156.5,34.0,80.0,73.5,91.7,93.3,55.3,37.6,32.4,20.6,24.3,15.4,13.2,54.7,24.7,74.4,42.0,36.5,20.6,53.9,33.4,10.32258064516129
54.9,159.2,36.4,86.8,81.4,93.1,96.6,54.3,33.7,34.0,19.6,26.0,14.7,12.5,52.5,22.9,77.6,42.3,37.5,21.6,56.0,34.9,12.492392156862746
57.6,163.6,37.6,86.2,78.7,94.5,101.3,54.5,36.6,33.5,20.5,25.0,15.8,14.3,55.1,25.1,79.4,40.7,38.9,22.2,54.6,39.3,12.035471698113206
58.3,153.8,35.9,91.4,80.8,95.6,99.6,60.2,38.5,35.8,21.7,25.1,15.1,13.3,48.3,20.9,73.6,38.8,37.6,23.4,54.8,35.4,13.05714285714286
67.0,164.8,37.0,88.3,82.2,103.6,96.2,64.7,40.9,39.2,21.8,27.0,15.3,12.7,53.5,23.5,80.0,44.0,37.4,24.2,55.0,35.2,12.593606557377049
63.1,164.5,38.1,93.6,80.1,101.4,100.1,61.9,35.5,35.3,19.0,25.4,15.5,12.3,56.0,24.3,79.5,42.2,38.1,24.1,53.8,35.9,12.578656126482212
62.7,162.3,38.1,88.0,84.2,98.5,101.8,56.6,35.2,37.7,22.2,28.1,15.7,13.5,54.5,23.6,76.4,44.2,36.0,22.3,57.5,37.1,13.116981132075471
67.6,161.1,37.2,94.1,84.4,101.5,101.8,61.7,40.8,39.0,23.7,27.4,16.5,13.3,55.6,24.1,79.4,41.3,36.4,23.8,54.8,37.0,13.261067615658362
53.4,160.2,35.0,87.2,74.7,95.8,95.0,54.9,36.7,31.5,20.5,25.1,15.3,13.6,51.9,24.0,75.2,39.3,36.3,21.4,54.3,35.3,11.455686274509803
74.8,167.0,38.1,100.8,87.3,111.9,104.3,66.6,41.2,38.3,21.8,27.2,16.4,14.1,56.2,24.3,78.6,45.0,36.8,26.3,55.7,38.3,13.47536842105263
64.4,164.3,37.8,91.5,75.7,96.4,97.3,60.2,40.6,36.8,21.7,25.4,16.0,13.5,51.6,21.9,80.2,42.1,39.0,24.8,56.7,35.2,12.944767441860469
67.7,162.8,39.2,97.9,85.4,100.2,104.5,59.8,42.0,38.3,21.1,28.8,15.8,13.1,51.0,22.0,77.6,42.4,36.2,24.9,54.3,36.2,14.193680297397773
62.0,157.5,35.7,90.4,77.8,99.8,101.6,59.3,39.6,38.0,22.0,26.5,15.9,13.0,53.6,23.4,76.0,39.8,36.1,23.9,53.5,36.5,12.342435424354244
53.6,161.3,35.2,83.4,71.3,95.4,95.6,53.9,34.3,34.3,20.4,24.8,15.1,14.0,55.1,23.9,77.0,41.5,35.2,19.1,55.0,36.2,11.637209302325582
59.9,159.8,35.9,86.8,77.1,100.8,97.1,61.5,38.8,37.0,22.0,26.0,15.3,12.0,51.5,23.2,75.9,39.7,35.0,22.0,56.5,35.8,11.845647058823529
64.4,161.0,35.0,89.8,85.7,98.8,100.8,61.2,38.4,36.4,21.0,25.6,15.3,13.8,52.8,23.5,77.3,46.1,38.3,22.7,55.7,36.9,12.24239700374532
53.6,159.7,35.2,82.2,73.9,95.5,93.0,57.8,36.0,35.2,20.5,25.2,14.4,12.5,53.5,23.8,79.3,41.8,36.8,20.5,53.4,33.3,12.008347826086956
88.2,159.0,44.4,108.6,97.2,115.3,113.3,72.8,45.6,41.7,22.5,31.2,16.9,14.0,52.2,22.1,75.8,43.0,36.4,30.6,57.4,38.0,17.16701030927835
64.6,168.8,38.8,93.0,84.0,98.9,103.1,58.1,37.2,33.2,19.0,24.4,15.6,14.0,59.0,27.5,86.4,43.0,40.2,24.7,57.3,38.6,12.976744186046512
66.2,150.2,40.6,93.6,87.8,99.9,111.1,62.8,38.3,37.1,20.8,29.5,16.3,13.6,53.2,23.5,73.4,39.0,36.2,24.3,57.1,38.3,14.666197183098593
69.8,159.3,38.5,91.5,78.8,107.2,106.2,66.4,40.0,37.0,22.5,27.9,16.5,15.1,55.0,24.3,77.3,39.5,37.4,23.1,59.0,38.3,13.476744186046512
67.7,160.7,37.0,103.6,89.5,105.6,103.5,64.1,38.4,36.3,19.3,26.4,14.5,12.5,53.3,22.4,76.8,39.9,36.5,27.3,53.5,35.5,15.802753623188403
58.6,162.5,34.9,88.1,74.0,93.5,98.5,52.6,37.2,36.0,20.0,25.8,14.8,13.4,52.8,22.3,75.5,41.7,34.9,22.9,54.3,34.1,12.198461538461538
52.6,152.5,35.4,88.6,76.7,90.7,95.4,54.6,34.9,34.0,20.8,23.4,14.7,13.0,49.5,21.8,70.3,39.1,35.8,22.5,56.7,34.2,12.438745098039217
56.4,156.3,36.5,89.4,79.7,93.9,93.5,56.8,37.5,36.8,21.0,23.3,15.2,13.7,52.5,23.3,74.4,40.2,36.4,22.9,53.4,33.7,12.537370517928286
76.5,173.4,37.4,92.3,84.0,112.6,100.8,69.4,42.6,40.7,21.6,26.6,15.6,13.2,57.0,25.5,84.3,42.7,39.0,23.5,57.2,37.6,13.740113636363636
87.1,173.4,39.5,99.6,94.7,109.3,109.4,70.6,43.2,40.1,22.3,29.0,16.6,15.0,62.4,27.7,88.0,44.0,40.6,26.8,55.6,39.5,13.823487544483983
68.2,172.8,38.1,92.0,81.2,100.8,101.4,59.5,39.8,37.5,20.2,24.5,15.5,14.7,57.6,25.2,81.9,43.5,39.7,23.2,55.4,38.3,12.915384615384614
62.9,166.1,37.8,89.3,85.6,102.1,97.4,60.7,39.2,35.6,20.1,27.0,14.5,12.7,57.0,25.0,80.4,43.4,36.8,23.7,53.1,35.5,11.9801646090535
56.8,170.3,35.0,87.2,73.3,96.9,97.0,55.7,34.8,33.3,21.7,25.1,15.1,13.8,54.5,23.4,81.2,45.3,40.4,22.1,54.5,38.0,12.306451612903228
68.0,170.2,38.6,97.1,85.7,102.0,100.8,59.6,38.8,36.6,21.4,26.3,15.2,12.0,58.0,24.4,82.3,43.5,39.1,26.0,57.0,32.9,12.093040293040294
66.9,177.2,38.0,91.1,78.2,99.0,102.6,57.8,37.7,36.3,21.3,24.5,15.7,13.7,60.0,26.6,84.7,45.6,42.7,24.0,57.5,39.5,14.9816796875
71.2,162.6,38.0,92.8,91.8,108.5,101.9,65.9,42.2,41.9,21.2,26.4,15.2,13.0,53.0,23.3,76.8,44.1,35.4,24.6,55.1,37.3,12.16115523465704
78.1,166.1,36.2,99.9,87.5,111.0,102.7,67.3,41.2,38.5,22.0,26.0,16.3,13.1,55.6,25.0,76.8,44.4,35.9,27.9,54.1,36.6,13.93953488372093
67.5,154.9,36.6,96.6,83.5,102.1,99.9,64.0,39.0,38.0,19.3,27.1,13.7,13.1,53.2,23.3,76.8,39.5,36.6,27.3,55.4,35.3,14.748395061728392
66.3,163.4,38.5,93.8,79.5,101.9,99.0,62.5,40.5,36.9,21.5,26.6,15.4,13.5,55.5,24.4,80.6,44.1,38.3,25.0,55.9,36.6,13.866086956521738
79.3,166.1,40.6,101.6,96.7,107.7,105.1,64.2,41.8,37.3,21.6,30.0,16.5,11.8,53.0,23.5,78.1,46.2,38.1,27.3,57.5,36.6,12.62405315614618
60.4,156.4,37.6,94.6,90.2,96.2,97.2,60.3,37.6,34.8,21.2,26.0,14.8,12.5,48.9,22.9,77.9,41.7,36.5,25.2,53.5,34.7,13.462307692307691
73.2,166.4,38.0,107.5,90.2,105.9,105.5,62.4,39.6,36.0,20.5,24.8,15.5,13.0,56.0,24.0,78.4,42.8,37.3,29.7,55.5,34.9,15.472321428571428
71.2,155.3,38.8,104.4,98.6,104.3,98.6,61.5,40.7,36.2,21.5,26.9,15.9,11.7,48.5,20.8,67.7,47.4,36.0,28.1,54.5,34.4,15.317080291970802
72.2,170.0,37.3,90.9,84.0,108.5,105.0,67.2,40.7,37.9,21.3,26.2,16.2,14.7,60.4,26.7,85.0,44.0,39.1,24.2,55.4,38.3,13.9986
61.0,154.2,38.7,92.6,82.7,98.8,99.5,58.0,38.3,34.8,19.2,26.3,15.6,12.6,53.5,24.5,77.0,41.4,38.2,25.3,60.0,35.8,14.02560669456067
81.7,174.3,38.8,98.7,97.5,112.8,109.5,68.2,41.5,36.3,21.0,29.0,16.4,13.7,60.1,27.0,85.7,44.8,41.2,24.9,57.2,38.2,14.14581227436823
79.9,162.3,37.0,98.0,90.5,110.6,109.7,70.3,46.3,44.5,21.6,28.7,15.4,15.1,55.4,25.6,82.4,41.0,40.6,24.5,56.2,39.6,14.22027972027972
60.2,159.0,35.2,84.5,77.0,100.7,99.9,62.1,41.0,34.8,19.7,26.2,15.3,14.0,54.5,25.0,79.9,38.1,37.8,20.9,55.1,35.9,12.386546184738958
58.4,160.4,36.4,88.2,73.7,97.3,101.0,58.0,36.9,36.3,20.8,27.2,14.9,13.0,51.6,23.4,75.1,41.1,33.2,22.3,52.8,38.0,11.066920152091251
60.1,162.7,37.0,87.2,75.2,98.1,99.0,57.6,37.5,34.1,20.5,24.1,14.7,13.8,56.5,25.4,82.0,39.3,40.8,22.1,57.3,36.0,12.715219123505976
83.4,171.8,39.9,101.4,91.8,109.2,113.8,66.8,42.3,39.8,20.8,29.8,15.8,15.0,60.2,26.3,84.2,47.0,41.3,25.0,60.1,40.0,14.571818181818182
97.3,170.5,40.4,117.3,95.7,117.9,112.6,71.5,45.7,41.0,23.9,31.7,17.1,15.0,56.0,25.5,84.4,42.5,40.2,32.4,59.6,38.2,15.603113207547173
55.7,156.1,34.4,85.7,68.6,92.9,96.0,57.2,39.7,36.5,20.1,24.4,15.1,13.7,49.0,22.4,71.4,41.0,33.5,21.5,54.8,35.3,12.363833992094865
55.3,166.1,36.2,80.3,78.2,89.7,97.2,52.5,35.5,32.1,18.6,25.8,15.3,14.7,60.2,27.1,87.2,45.1,43.3,19.8,55.5,37.6,11.896296296296295
52.6,162.0,36.1,84.1,70.0,87.0,95.9,52.0,34.8,35.8,19.7,25.6,14.6,13.9,53.5,24.1,81.9,39.2,39.5,20.3,57.7,35.7,11.091929133858269
61.4,166.0,34.5,85.7,69.0,98.3,96.6,60.2,40.8,37.0,22.2,24.6,15.4,12.9,57.0,26.0,87.1,37.0,38.7,22.1,57.5,35.3,13.033541666666665
89.4,169.7,39.0,108.3,103.4,114.0,109.0,70.0,42.7,41.3,22.7,25.8,15.7,16.0,60.3,28.7,84.7,49.4,40.4,30.3,58.0,37.7,16.109139784946233
89.3,169.9,40.8,106.6,99.0,114.4,113.1,70.1,46.7,40.2,22.5,31.2,16.4,13.7,57.9,26.5,82.9,45.0,38.2,29.2,55.0,39.8,15.12318339100346
70.2,174.0,39.3,90.1,80.0,106.1,103.1,62.1,38.8,36.9,22.6,27.2,15.6,12.4,56.0,24.1,83.4,44.8,38.2,22.2,54.9,38.7,12.334723247232471
73.8,170.1,36.5,103.0,87.9,105.8,103.0,62.8,39.4,38.4,22.2,27.1,15.5,12.8,56.2,24.1,82.5,44.5,39.7,27.0,56.3,36.3,14.63882783882784
60.1,170.7,35.4,90.0,72.7,92.6,100.4,54.5,37.0,33.5,20.0,26.0,15.6,13.6,58.3,25.0,83.8,40.5,41.8,22.3,59.7,37.3,10.99624060150376
78.2,156.0,39.7,99.8,99.1,114.8,103.0,70.2,46.8,40.9,21.6,28.7,15.9,12.8,51.3,22.3,72.4,44.3,33.5,26.8,54.1,35.3,13.225244755244756
44.2,148.3,34.2,78.0,64.7,87.1,91.0,51.2,33.3,30.2,18.2,23.2,13.4,11.7,49.5,21.7,70.5,36.6,33.1,20.0,51.6,33.0,11.123478260869565
47.6,158.7,35.5,80.2,67.8,87.4,94.7,48.9,32.9,33.2,21.0,23.5,14.3,14.5,54.0,24.4,79.0,41.0,36.6,20.3,52.8,36.8,11.228
64.2,157.9,36.6,90.7,84.6,103.3,102.7,64.9,39.3,35.8,19.3,26.7,14.5,12.7,55.0,24.2,77.8,40.1,38.5,23.6,57.3,35.6,13.081730769230768
73.7,165.9,37.0,94.0,85.0,105.5,102.5,64.3,44.0,41.8,22.3,25.7,15.3,14.5,55.6,24.7,76.9,44.4,37.0,25.3,56.3,36.3,13.89402390438247
77.6,168.4,37.7,97.2,85.1,113.2,107.2,71.2,42.1,38.5,21.1,27.8,15.3,13.8,56.5,26.9,84.1,44.2,40.0,25.1,56.9,37.7,14.651999999999996
62.0,159.3,37.9,90.0,77.0,101.9,103.1,59.0,38.2,38.5,22.0,26.9,16.2,13.1,54.0,23.0,73.8,40.0,35.9,24.3,54.6,37.6,13.535433070866144
64.6,158.9,37.4,95.3,84.3,98.6,105.0,60.7,39.0,37.5,21.5,27.5,15.7,14.6,56.6,23.4,79.9,39.0,35.9,24.3,55.9,36.8,12.27708185053381
69.7,168.3,38.2,94.5,85.6,103.5,104.2,61.3,40.8,37.9,22.1,28.2,16.1,14.0,50.7,22.9,77.6,44.1,36.7,23.7,53.9,38.0,13.2890625
72.4,170.4,40.0,95.3,79.5,105.0,106.2,60.0,39.5,37.0,22.1,28.6,16.2,14.0,58.1,24.4,81.0,38.1,39.1,24.6,57.5,38.1,12.605283687943263
69.7,173.6,39.0,102.2,88.3,97.5,104.5,56.3,37.6,36.6,19.8,25.4,16.0,13.8,56.5,24.6,84.5,46.0,40.8,25.9,55.2,37.9,14.80857142857143
62.0,163.3,37.8,92.7,76.8,98.6,104.0,57.8,38.5,36.0,21.0,26.3,16.0,15.8,55.5,25.5,80.1,40.5,38.6,22.5,58.0,40.1,13.467735849056604
88.4,172.4,38.0,101.3,85.7,116.9,107.2,68.5,47.2,44.3,23.2,27.5,17.0,14.5,60.6,28.0,86.1,43.1,41.9,26.2,58.5,38.6,15.537744360902256
71.2,148.7,38.2,100.1,98.2,110.4,101.0,70.1,45.9,37.8,20.2,27.2,15.3,12.0,50.5,21.0,69.5,41.5,32.7,26.1,53.5,34.6,14.14
68.4,156.0,41.2,101.8,91.5,96.0,102.0,55.9,38.9,40.1,21.0,27.7,16.8,12.2,52.2,22.3,70.9,43.1,35.8,27.7,55.8,35.7,14.412134831460673
62.3,156.1,37.3,97.8,92.0,100.0,95.6,59.3,37.4,34.9,20.2,25.1,15.1,12.3,52.0,22.7,75.8,42.5,36.4,25.9,56.1,34.0,13.878970588235296
61.4,161.8,38.8,93.0,81.6,101.0,97.3,58.9,37.6,33.7,19.3,25.0,14.6,12.7,55.7,24.0,76.7,41.5,36.5,23.0,58.0,34.7,12.329545454545457
55.1,160.4,36.0,93.0,66.7,94.3,95.7,54.9,36.7,37.3,21.0,24.2,14.4,13.2,50.6,22.0,75.1,40.2,35.2,23.9,54.0,35.2,13.479775280898874
112.1,165.8,45.0,114.1,119.8,134.1,115.2,86.8,60.0,46.1,21.7,30.0,16.3,13.2,56.0,25.6,81.6,46.8,40.7,32.0,58.0,38.6,15.815841584158417
74.9,165.8,39.5,97.0,88.2,110.5,105.9,65.8,42.3,40.2,21.8,27.3,15.9,14.8,54.0,22.9,76.5,44.4,37.1,24.5,56.8,37.9,13.908088235294116
70.9,159.1,35.1,95.6,87.0,108.1,98.5,66.7,42.0,38.5,21.9,26.7,15.6,13.0,54.0,23.1,75.7,43.5,35.9,25.6,55.0,34.8,13.145
58.8,163.8,35.4,87.2,78.0,96.9,95.8,53.9,36.5,34.7,21.0,24.6,15.3,12.8,54.5,22.9,78.5,42.8,38.0,23.5,56.5,35.4,11.823728813559322
87.6,175.1,39.4,100.3,101.6,115.2,109.3,70.6,42.8,36.4,21.2,28.7,16.7,13.1,61.5,27.8,85.3,45.5,40.7,27.3,59.0,36.8,13.515602836879433
59.7,158.7,35.0,85.7,75.3,99.8,96.7,59.0,38.8,35.6,20.6,25.9,15.4,13.0,51.6,23.7,75.3,43.3,36.9,21.2,53.8,35.4,11.945057915057916
68.0,154.0,37.1,104.4,93.7,101.9,105.0,63.1,41.1,37.4,20.8,27.8,15.4,13.2,52.0,22.9,72.6,40.5,32.6,27.5,54.7,36.7,13.746619217081848
70.7,157.6,35.9,100.9,94.6,107.3,101.0,68.3,44.5,38.0,21.8,26.4,14.8,13.1,49.1,22.3,72.0,46.0,35.4,25.8,54.6,35.7,14.206137184115525
68.6,173.7,37.2,92.0,74.5,103.4,102.2,59.7,40.3,38.6,23.3,26.9,16.0,14.8,58.5,25.8,83.7,43.0,39.2,23.8,56.3,39.9,13.022058823529411
62.4,157.3,36.4,90.1,82.6,99.9,101.6,61.2,37.2,37.4,20.3,26.4,15.5,14.7,53.6,23.7,75.3,39.7,35.9,23.6,55.0,38.4,12.083178294573642
61.0,162.2,35.8,90.3,80.5,95.3,100.7,58.6,36.0,35.2,20.2,25.3,15.2,14.6,53.2,22.6,77.9,45.5,35.0,24.2,54.3,38.1,12.803731343283582
58.2,158.8,36.0,89.1,77.3,96.3,98.0,58.7,37.1,35.9,20.1,25.3,14.3,13.0,50.2,21.3,76.8,38.0,37.3,23.8,53.0,36.5,12.153103448275862
48.9,154.8,34.5,84.3,62.4,86.3,94.8,50.4,32.2,33.5,19.8,23.8,14.0,13.0,49.0,21.2,71.9,35.7,36.2,21.3,55.3,35.5,10.852052238805973
69.6,166.2,37.5,93.8,86.5,102.9,103.0,62.8,40.4,39.5,22.5,25.7,15.7,13.0,53.5,22.9,77.1,43.8,37.3,24.0,55.5,38.7,12.766281588447653
79.5,171.8,38.4,97.6,89.5,107.6,105.6,64.7,41.5,41.1,24.1,27.7,17.0,14.0,56.9,26.2,85.7,42.5,41.0,26.0,57.0,37.8,13.589444444444444
60.0,151.9,34.8,88.5,80.5,104.2,100.0,62.4,39.7,36.4,20.5,24.9,15.3,13.2,51.5,23.1,68.8,41.0,34.9,22.1,54.7,36.5,12.59423076923077
64.0,157.3,35.7,95.0,82.6,98.6,100.3,60.1,40.4,39.4,21.5,27.0,15.4,13.2,53.0,24.5,75.9,41.7,35.5,24.9,54.2,35.2,14.267399267399266
71.2,156.6,36.6,93.2,88.3,108.5,97.3,66.8,43.5,41.7,21.3,27.0,14.9,13.2,52.2,23.4,73.5,41.8,34.7,24.0,53.8,34.4,13.68875
47.5,152.9,33.1,82.0,69.6,87.1,90.6,53.3,33.6,31.5,18.4,23.8,13.5,12.5,51.5,23.8,74.0,40.5,36.4,21.3,52.3,33.9,11.044897959183672
73.5,158.5,38.5,90.9,82.0,110.1,100.6,69.1,43.3,43.6,22.4,27.5,14.8,14.2,51.0,21.7,72.5,40.1,37.0,25.2,55.0,36.7,13.1733984375
54.6,161.1,35.2,89.3,73.0,86.9,99.9,50.5,36.2,35.9,21.5,26.7,15.7,14.1,51.2,22.5,76.5,42.8,36.7,21.9,54.6,37.7,11.612271062271065
56.2,161.0,36.0,92.5,77.0,94.0,94.8,56.8,34.6,34.5,19.1,24.2,14.7,13.5,52.5,23.2,76.5,40.5,37.7,24.0,55.6,35.4,13.109962406015038
58.2,154.1,36.1,94.7,83.0,96.6,100.0,58.3,36.9,35.1,21.5,25.6,15.8,13.2,50.0,22.0,70.8,41.2,33.3,23.8,55.7,35.8,14.34324817518248
81.2,176.6,36.8,99.9,87.0,109.4,112.4,67.9,40.8,38.1,22.3,27.9,16.1,16.4,60.1,27.0,86.5,40.0,40.6,27.0,54.8,42.0,15.366297709923662
51.8,162.6,35.4,83.8,73.8,90.0,96.8,51.2,34.2,33.5,18.9,24.5,14.6,14.7,54.2,23.2,79.0,40.5,38.9,18.8,54.0,37.5,11.63888888888889
52.3,164.4,35.8,85.2,70.6,89.6,94.2,52.5,33.3,33.9,19.2,23.5,14.2,12.3,52.8,23.9,78.8,43.5,39.2,20.6,56.0,33.3,9.674725274725274
75.6,167.9,37.3,102.3,86.5,102.3,106.0,63.5,43.7,38.5,22.1,28.3,16.1,15.0,54.6,25.5,80.2,46.0,38.5,25.8,59.5,38.3,14.560948905109488
67.4,174.3,37.9,91.2,81.2,104.5,101.1,62.3,39.5,34.4,20.2,24.9,15.8,14.3,56.3,24.4,85.8,46.0,41.3,23.6,55.0,36.7,12.72256227758007
55.2,165.8,35.8,82.5,67.0,94.2,97.0,53.0,36.0,34.3,22.4,25.0,15.2,13.5,54.5,23.3,79.5,42.0,35.6,20.8,54.0,36.4,12.779411764705882
69.0,161.0,38.2,103.1,90.0,101.5,105.0,58.7,38.2,37.9,22.1,28.3,16.2,14.2,53.8,23.4,74.6,43.3,36.8,27.1,54.8,36.9,14.264014336917564
63.6,167.5,37.0,89.3,84.0,100.1,93.4,58.7,38.4,34.7,21.8,25.2,15.4,13.8,53.3,23.4,80.4,46.3,37.2,24.6,58.6,35.5,12.1043359375
64.1,163.7,36.4,95.1,78.4,103.7,98.8,60.7,40.8,36.6,21.4,26.0,15.2,13.2,54.5,23.7,79.7,42.9,39.5,24.1,53.0,36.6,11.650627306273062
70.1,162.8,37.8,93.4,93.3,106.2,105.5,63.9,38.1,38.0,21.5,25.6,15.4,14.0,53.0,23.4,76.7,47.1,37.9,25.3,55.0,37.8,14.253815261044178
79.3,164.5,40.3,100.4,97.8,109.6,106.0,67.0,42.9,41.9,22.8,27.3,16.7,13.1,52.6,23.2,75.3,44.0,38.0,28.5,55.6,36.2,15.421151079136692
66.0,159.5,35.8,95.7,88.3,104.1,100.1,63.6,42.2,35.6,20.4,27.0,15.2,12.5,52.0,23.5,76.1,42.8,34.9,25.7,54.2,35.6,11.915953307392996
93.1,173.1,41.3,111.7,103.2,117.0,108.1,73.2,46.1,41.2,24.2,30.3,16.9,14.0,57.5,25.1,80.7,47.5,35.9,31.3,57.0,36.8,15.085257731958762
66.1,156.7,39.0,96.0,91.2,103.2,101.0,61.7,39.8,36.9,20.8,25.8,15.0,13.3,54.0,25.6,75.9,45.2,33.3,27.0,53.9,35.9,13.7910447761194
51.0,162.8,34.7,78.0,67.2,92.5,94.9,53.0,35.5,33.3,18.8,22.8,14.0,14.5,55.9,25.4,78.9,40.0,38.8,20.2,55.3,36.0,11.39741379310345
68.6,168.8,37.6,91.6,87.7,103.0,103.0,62.3,39.0,36.3,22.5,26.8,16.0,13.0,55.6,24.0,81.7,44.6,38.3,24.7,54.6,38.1,13.379775280898878
83.9,170.6,38.4,106.3,93.2,116.0,101.5,69.1,43.7,40.8,19.9,28.2,15.1,11.5,57.7,25.6,82.8,49.0,40.3,27.3,53.3,33.0,14.085689045936396
65.2,154.3,36.0,89.3,84.0,102.8,104.1,63.6,42.0,38.2,20.7,28.6,15.0,13.1,53.9,23.7,74.6,40.8,36.7,21.2,57.5,37.2,12.706719367588931
92.0,166.5,40.0,110.2,103.2,117.8,110.4,70.5,45.8,39.3,21.1,28.3,16.2,14.3,56.6,25.1,80.5,47.3,35.7,30.9,55.6,37.1,16.242020905923347
66.7,169.0,36.8,90.0,78.3,103.5,101.8,63.1,38.8,37.2,22.5,26.0,16.2,14.1,54.5,24.4,79.3,44.2,34.1,24.0,56.6,38.2,12.784090909090908
46.4,147.1,32.6,82.3,66.8,87.5,91.0,54.0,34.9,33.9,19.8,23.6,13.7,13.6,46.5,19.8,69.1,37.5,30.8,21.1,53.1,33.2,11.413621399176956
62.7,161.6,36.6,94.3,88.2,100.8,96.2,58.9,38.1,35.9,21.6,25.4,15.2,13.0,54.3,23.7,77.4,43.8,34.9,25.1,54.2,34.2,13.790909090909093
59.3,175.3,36.8,90.1,72.7,92.6,97.0,53.9,35.8,32.8,19.7,24.2,15.3,14.7,60.2,25.8,88.0,41.5,40.6,25.1,56.5,36.3,11.752173913043478
50.8,162.6,34.5,79.5,69.8,91.9,93.0,53.7,34.4,34.2,20.4,22.1,14.8,14.2,52.5,22.6,78.2,43.8,36.0,19.7,55.2,37.0,10.726190476190478
72.7,169.8,37.8,94.4,86.6,104.2,101.5,60.3,44.9,42.8,23.2,26.6,16.0,15.1,54.5,24.3,80.4,46.2,38.2,23.7,56.5,38.7,12.363582089552237
58.3,154.5,36.5,97.0,77.7,93.2,99.1,54.7,37.7,33.8,20.5,25.5,15.3,12.5,52.5,22.5,69.8,42.0,34.7,25.6,55.8,35.1,13.898507462686569
66.9,175.9,37.3,94.2,78.5,102.3,101.5,60.3,38.4,36.1,21.7,26.2,16.3,14.3,55.4,23.6,82.3,44.2,39.8,24.7,55.8,37.7,13.230337078651688
84.2,173.2,37.2,104.1,105.5,113.2,105.5,68.3,44.0,43.0,22.0,27.8,15.7,15.5,59.0,26.1,85.7,52.4,37.8,28.2,55.3,36.9,15.4068
60.1,158.7,35.9,88.4,83.0,97.8,102.5,60.0,36.6,34.5,19.2,26.0,15.4,16.0,54.0,22.5,76.7,44.7,38.2,22.3,55.5,38.7,12.038910505836578
60.9,160.5,35.2,92.0,77.3,99.3,99.8,58.6,36.1,33.7,19.9,24.4,15.3,14.6,54.0,23.0,76.6,41.0,37.8,25.2,53.6,37.0,13.57560975609756
68.7,153.0,38.0,94.3,87.2,103.2,99.0,63.8,41.6,39.1,22.2,27.0,15.1,12.6,48.5,21.5,70.9,39.7,33.4,25.6,56.0,35.0,14.288969465648853
54.9,159.8,36.3,88.7,71.5,95.8,96.0,54.9,34.9,34.3,19.7,23.2,13.6,13.4,52.6,23.9,75.7,39.8,37.3,22.6,55.5,31.7,13.22132075471698
45.2,152.4,33.7,82.6,67.4,89.5,85.8,52.4,34.2,33.0,20.0,22.2,14.0,11.2,48.7,22.7,74.5,39.0,33.2,22.0,50.0,29.6,10.599115044247789
83.5,168.3,41.8,105.5,106.6,109.5,111.3,64.3,43.0,38.9,22.6,28.3,16.3,14.0,54.0,25.6,78.0,48.6,36.5,28.3,57.2,38.2,14.915517241379307
64.1,157.7,36.3,90.1,82.2,95.6,99.3,59.8,41.1,38.8,22.0,26.3,15.4,12.7,55.0,23.8,77.8,39.0,35.4,23.6,57.2,35.8,12.895353159851302
58.8,158.3,35.7,90.6,74.9,99.1,95.5,57.4,36.5,35.1,21.0,24.7,15.4,14.5,51.1,22.2,73.1,43.0,32.8,23.2,55.5,37.7,12.780456273764257
56.3,158.2,35.2,87.8,75.0,93.8,98.5,56.9,36.2,34.4,20.6,26.2,16.0,13.4,50.0,21.9,73.7,43.0,35.5,24.0,54.3,36.3,13.296460905349797
70.2,156.9,36.6,101.6,89.5,101.1,101.9,62.1,41.6,38.8,21.4,30.3,16.0,13.2,52.6,22.1,73.4,39.7,35.4,26.7,56.7,36.8,12.917714285714286
77.9,165.1,41.3,101.5,87.6,107.1,109.2,67.5,43.0,40.5,21.8,29.1,16.8,15.4,59.7,26.4,82.4,44.5,39.8,26.3,58.6,39.4,15.353249097472922
62.6,146.3,39.0,99.8,90.2,93.8,99.8,59.5,41.7,39.8,22.6,26.5,15.9,12.1,49.5,22.3,68.9,41.2,31.7,27.0,58.2,34.5,14.7628679245283
99.2,165.9,39.5,119.8,111.3,120.0,109.5,75.5,48.2,42.2,25.4,30.7,18.3,13.5,53.2,23.3,78.5,47.5,35.9,34.2,57.4,37.0,16.708947368421054
62.6,159.6,37.6,88.3,78.4,101.9,100.2,59.2,40.0,37.0,20.4,29.1,15.1,11.8,53.0,22.9,76.5,38.8,34.5,22.8,55.7,34.0,13.29819277108434
71.3,160.0,36.7,105.0,90.3,105.9,104.8,63.2,40.4,37.3,22.0,27.0,15.3,14.2,52.8,23.7,72.6,42.0,35.0,29.0,53.8,37.8,15.369565217391306
52.8,155.7,35.9,87.2,71.5,97.0,95.5,55.1,36.5,32.8,18.3,24.3,14.6,14.3,52.5,24.7,74.0,41.0,35.2,22.6,53.8,35.8,11.329133858267715
55.2,156.5,33.5,89.6,78.3,92.5,97.6,54.2,35.3,35.7,20.0,24.6,14.9,12.8,53.9,24.6,77.0,39.1,36.8,24.5,55.4,35.1,13.00992
62.2,152.5,37.7,96.2,82.7,94.7,100.0,59.8,38.8,36.2,21.2,28.2,16.3,13.2,51.5,22.7,72.8,38.0,33.6,25.1,51.9,32.0,11.714391143911438
61.2,161.3,35.5,86.3,86.0,96.5,101.0,57.6,38.1,35.1,21.5,24.2,15.6,14.7,56.0,26.1,81.0,42.2,38.2,22.2,53.7,36.4,12.255241635687732
52.9,167.4,37.0,81.4,72.7,91.5,96.4,52.5,34.7,34.2,20.1,25.5,14.6,12.4,51.5,23.7,78.6,44.8,37.1,19.7,52.9,36.6,10.801153846153843
74.8,161.4,36.7,99.6,92.3,115.5,101.3,69.2,41.0,37.7,20.8,26.6,15.8,13.9,51.0,23.8,74.9,45.5,34.9,26.6,56.0,36.1,13.07954716981132
58.2,155.8,35.5,89.8,81.5,99.3,94.5,59.6,38.3,36.3,21.1,25.2,14.8,12.2,50.5,21.3,73.4,40.2,32.8,23.0,53.1,32.6,10.870526315789473
79.0,177.4,39.1,94.2,90.7,107.6,108.6,66.2,41.6,39.2,22.1,28.6,16.7,14.5,58.0,26.3,85.7,47.2,36.9,23.0,54.8,40.2,13.74287671232877
61.8,163.3,35.0,92.2,78.5,100.6,94.5,58.6,38.6,37.0,20.5,25.8,14.7,12.7,52.6,22.8,79.0,41.0,37.3,25.1,52.0,34.4,13.920392156862745
71.6,161.1,36.6,99.2,100.4,102.6,99.3,60.3,41.3,34.8,20.7,26.8,15.3,12.2,54.3,24.3,73.8,45.5,36.2,26.7,54.0,34.4,11.543914590747333
69.2,176.8,37.7,95.8,85.8,99.5,101.6,58.8,37.6,35.8,20.4,26.7,15.3,14.2,63.1,28.3,89.3,43.6,40.8,26.4,55.0,36.1,13.984597701149426
63.5,157.8,36.7,97.3,85.0,102.2,104.3,61.2,37.9,36.1,20.5,26.2,14.7,12.7,53.1,23.2,76.9,39.1,34.5,25.7,54.4,36.3,13.25232974910394
70.4,161.9,34.5,91.7,90.1,112.8,101.0,68.3,42.7,35.7,19.5,25.3,15.0,12.3,55.6,24.3,79.7,41.0,38.0,24.7,59.5,35.4,12.472605363984671
66.8,168.1,37.9,94.6,89.0,99.9,101.0,59.2,38.5,36.8,21.6,26.2,16.6,14.2,54.8,23.6,79.4,45.5,36.6,25.3,55.6,37.1,15.136
53.5,161.3,35.3,84.1,72.8,93.8,97.0,54.0,34.1,33.3,19.4,23.8,14.1,14.8,53.1,22.7,76.1,40.2,34.4,21.6,52.5,36.1,11.81485829959514
61.5,157.5,36.3,96.7,80.8,96.2,99.0,55.4,34.6,35.7,21.5,25.7,15.3,12.5,51.6,22.8,75.7,40.3,36.5,24.9,54.9,35.2,14.24317689530686
75.1,164.8,38.0,101.8,91.8,114.6,107.7,65.2,38.7,35.4,20.3,27.0,15.0,13.7,54.6,24.8,79.4,43.5,37.4,26.0,57.3,37.2,15.127622377622378
54.6,159.0,37.2,86.7,69.0,90.9,100.0,54.0,35.5,32.7,18.8,25.0,14.6,13.4,53.2,23.8,75.3,41.5,34.8,23.7,56.8,36.6,12.93214285714286
69.5,160.9,36.2,97.3,90.5,105.3,100.1,66.7,40.8,37.3,23.0,26.4,15.5,14.5,52.2,22.5,75.4,46.2,34.4,25.9,53.8,37.8,13.475
77.3,162.5,37.6,99.0,91.9,111.5,105.8,68.4,40.7,39.0,21.5,27.5,15.6,15.0,58.9,26.5,80.2,42.2,41.5,25.6,58.0,37.0,13.959712230215825
75.1,167.6,40.6,101.2,96.0,107.8,105.9,64.0,40.3,37.1,21.1,29.0,16.0,13.5,54.5,24.7,82.0,43.6,39.3,27.0,58.0,36.6,14.726865671641791
70.0,162.3,36.2,104.0,94.5,105.8,98.3,62.3,38.5,36.4,21.1,24.8,15.3,13.1,53.3,22.8,74.8,43.7,34.4,27.6,54.0,35.4,14.243478260869566
50.2,161.2,34.7,82.9,73.5,88.2,97.5,50.3,31.2,31.3,18.6,22.8,14.2,14.8,57.2,26.0,80.7,44.5,38.8,20.8,56.5,36.9,12.764518828451882
71.7,172.0,37.4,98.4,86.6,106.0,105.4,61.2,39.5,37.5,21.7,28.0,16.2,14.1,56.1,24.8,80.2,44.8,37.7,25.8,55.7,38.1,13.534197952218433
64.4,156.7,37.2,91.0,93.5,106.0,102.4,65.3,38.6,32.9,20.3,26.7,15.9,14.8,53.0,24.4,73.8,43.3,36.6,24.2,56.9,37.3,13.26315789473684
107.2,177.0,45.7,120.3,107.6,116.8,119.9,73.2,47.9,43.3,22.5,31.3,18.0,14.6,60.0,27.4,85.8,49.0,41.7,35.3,59.0,41.0,17.883523489932887
94.0,166.8,41.6,119.6,117.6,116.1,110.1,72.5,43.2,39.4,21.2,29.5,16.7,14.3,57.7,25.9,80.7,52.0,39.1,30.8,57.4,38.3,17.74328947368421
76.4,158.8,37.7,96.8,88.6,110.8,103.0,69.8,44.7,42.8,22.0,29.6,14.8,13.0,53.6,24.5,76.8,40.6,36.2,26.4,55.7,34.9,14.788888888888886
89.7,161.6,41.3,114.0,113.5,115.7,117.5,68.3,43.0,37.6,21.8,30.8,17.0,16.1,52.1,23.7,76.9,48.3,37.7,30.3,54.3,41.3,18.714675767918088
77.7,159.3,38.8,109.1,97.4,104.9,109.8,66.3,42.2,37.9,22.7,30.5,16.9,14.2,55.4,25.3,75.6,42.3,37.8,28.5,54.9,37.6,15.313672727272726
49.7,157.2,34.0,87.0,72.1,89.6,94.6,50.8,34.0,32.6,20.3,25.0,14.3,13.6,50.1,22.4,74.7,40.5,34.9,21.6,54.3,35.0,12.228915662650602
66.2,167.4,36.1,91.3,83.7,97.1,104.3,59.3,38.8,37.5,20.3,27.1,15.5,13.4,58.8,25.1,84.5,42.9,39.5,23.2,59.4,37.8,11.51625
69.6,165.2,39.8,104.9,85.1,101.8,103.2,60.9,38.0,38.3,22.2,28.3,16.3,13.6,54.1,24.3,79.8,42.0,37.0,25.6,54.0,37.9,14.298013698630138
84.4,166.4,42.5,107.1,99.6,112.6,104.1,68.0,41.6,39.3,23.5,28.8,16.4,12.1,55.6,23.7,77.4,47.2,37.3,29.1,56.6,35.3,12.61075085324232
64.7,169.1,34.3,91.0,85.2,98.2,100.0,55.5,38.3,37.2,22.2,26.0,16.1,14.6,56.4,24.6,81.4,44.4,38.2,24.3,54.4,37.3,12.56156862745098
78.0,165.7,37.1,101.9,93.5,104.4,103.4,64.4,43.3,38.5,22.2,28.7,15.7,12.3,56.5,25.6,78.4,43.6,38.7,28.3,60.6,35.3,14.609318996415771
77.3,170.4,40.0,96.5,92.7,110.4,107.6,66.9,42.1,37.6,21.2,29.7,16.2,14.0,56.2,26.2,81.4,45.0,40.1,25.5,60.5,39.5,12.661347517730496
73.4,165.4,37.2,95.2,92.1,109.2,102.6,65.0,41.3,38.3,22.6,28.6,16.9,13.6,53.5,23.3,79.0,44.5,37.0,24.9,57.3,36.5,12.632307692307691
69.5,157.8,36.8,98.2,93.7,109.8,99.1,67.1,41.0,34.1,20.0,27.6,15.6,12.7,50.0,23.5,72.7,43.5,35.4,25.6,52.6,34.7,13.917553956834531
70.7,164.5,37.5,103.5,87.2,102.6,101.7,60.3,39.1,35.1,20.3,25.3,15.4,12.7,55.1,23.7,76.1,43.8,36.2,28.1,55.6,36.2,14.13031914893617
93.6,163.1,40.5,114.2,102.5,120.8,109.6,73.1,48.8,44.9,24.9,26.8,16.8,13.6,56.5,24.3,78.1,44.5,36.8,30.3,58.7,35.4,16.286254295532647
85.7,156.1,38.6,105.5,110.6,117.1,111.1,72.3,45.5,38.5,21.6,30.6,16.2,13.3,53.1,23.5,76.3,45.0,38.0,28.7,56.8,35.2,16.22795138888889
57.3,151.6,37.7,91.4,76.7,98.7,101.5,60.2,38.4,32.8,18.8,26.4,14.5,14.8,50.0,22.0,72.8,40.4,36.3,23.3,57.4,37.1,14.170542635658917
67.6,174.9,36.7,93.0,82.3,103.1,98.0,60.2,39.5,36.3,20.5,26.3,15.8,12.6,57.2,24.4,86.6,44.8,38.1,25.2,54.0,35.6,11.936781609195403
85.5,171.5,38.7,100.6,93.3,114.0,107.5,67.9,46.2,43.3,23.1,30.5,17.0,15.1,57.3,25.4,82.3,47.8,39.2,28.8,58.6,39.5,13.169454545454546
54.9,160.0,35.3,92.9,73.5,94.8,95.1,55.4,34.3,32.8,20.1,23.8,14.3,13.5,50.5,21.7,75.3,42.2,37.5,24.8,56.2,34.1,14.501463414634149
58.8,168.3,37.1,87.2,77.2,94.6,104.3,53.2,34.9,33.3,20.2,24.7,15.4,15.0,56.6,24.2,82.6,42.8,37.7,22.3,54.5,40.5,13.284375
71.5,155.7,38.6,98.3,98.7,107.5,103.2,66.4,42.6,39.9,22.5,29.7,16.1,12.3,49.5,22.4,74.7,42.2,37.2,26.7,54.0,35.1,14.093614457831327
58.0,154.8,31.1,87.3,83.7,96.0,99.7,58.0,37.0,34.9,20.4,25.1,15.4,14.2,52.6,24.1,76.6,40.0,36.5,22.2,57.3,36.6,12.565909090909091
69.7,171.4,38.1,93.4,87.3,103.2,101.4,59.9,37.8,36.5,21.5,27.4,16.4,14.8,56.0,24.6,83.0,42.8,39.1,24.9,54.0,37.9,12.815348837209305
68.5,164.9,34.6,100.6,80.3,101.0,100.4,59.5,40.7,39.3,22.8,26.2,15.5,13.6,55.0,24.2,77.1,43.1,36.8,26.6,53.8,36.6,14.53111111111111
58.6,152.8,35.4,90.7,80.4,102.1,93.6,59.6,39.2,37.3,21.6,23.8,14.6,11.5,50.5,22.2,75.3,40.1,33.3,23.3,53.9,34.6,12.488692307692308
84.2,159.6,40.7,110.1,105.5,118.1,105.8,69.3,45.3,40.8,22.4,29.0,17.2,12.7,52.0,23.0,72.3,45.5,35.5,30.0,55.5,36.9,16.31697841726619
90.9,165.8,36.7,106.8,90.1,124.1,108.0,77.1,47.2,42.4,22.1,28.4,16.0,13.0,59.4,28.0,82.9,39.5,38.3,28.4,55.4,36.6,16.71151079136691
104.7,170.1,40.7,116.8,117.2,131.4,110.5,83.2,50.1,45.2,21.0,28.1,15.7,15.0,60.0,25.9,84.9,44.7,40.7,32.2,59.5,37.7,16.830555555555556
66.3,168.3,35.9,89.6,79.1,100.0,102.6,60.2,40.2,36.1,21.8,27.3,16.6,15.5,56.7,26.6,83.3,41.8,40.4,23.1,53.9,38.0,12.264638783269962
76.6,163.4,38.8,115.4,96.2,99.9,107.4,59.3,38.0,36.2,20.7,26.0,16.1,13.5,57.5,23.9,76.2,47.3,36.2,29.3,54.6,37.7,16.545761589403973
71.5,169.5,37.7,94.1,74.5,103.4,107.5,62.8,39.5,38.3,22.7,27.2,16.2,15.0,56.5,25.7,82.8,38.4,39.1,23.6,57.5,39.0,14.08163120567376
59.1,154.8,37.0,89.8,80.1,98.4,100.8,58.0,38.4,37.4,21.3,24.9,15.3,14.5,52.4,22.5,74.5,41.5,33.9,21.5,55.3,38.8,12.23082437275986
66.5,158.7,39.4,95.2,95.5,101.6,105.2,62.7,39.0,35.5,19.8,25.7,15.8,14.5,49.7,22.2,74.3,46.2,34.2,23.8,55.0,38.1,13.09
67.6,154.9,38.3,99.1,103.2,104.5,98.3,60.7,37.6,34.7,20.1,25.3,15.3,11.0,50.1,22.8,72.3,45.0,34.6,25.1,53.2,33.0,14.846301886792451
79.2,160.6,39.1,109.1,104.2,114.2,109.8,68.4,43.0,37.6,21.1,28.3,15.5,14.2,55.2,23.7,74.1,42.1,37.8,27.9,54.3,38.5,14.780101351351352
65.2,150.8,37.7,100.5,96.6,104.9,100.4,62.7,38.2,34.3,17.9,26.5,14.9,12.2,49.0,21.2,71.2,43.0,35.5,26.1,54.3,35.1,13.552272727272728
75.3,173.3,39.4,93.1,84.4,111.0,102.7,67.5,42.9,39.3,21.7,27.7,16.5,15.9,60.4,27.1,85.1,44.5,39.6,24.4,58.9,39.6,12.425
51.7,156.0,34.5,88.6,75.2,91.8,102.7,54.2,33.6,33.7,20.1,24.8,14.4,14.7,52.6,23.1,76.2,38.2,35.9,21.9,54.0,37.9,12.315057915057915
86.5,173.9,39.2,106.0,95.4,116.4,108.4,71.9,44.3,39.0,21.6,29.3,16.5,14.7,61.2,27.0,84.8,45.7,40.6,28.2,57.0,39.3,17.007462686567163
73.2,162.9,37.5,95.2,85.7,105.8,101.7,61.8,43.1,40.2,22.9,29.6,16.7,13.6,54.7,26.4,80.8,41.1,37.4,24.9,56.5,35.2,13.17596958174905
74.1,160.9,37.0,92.3,84.0,110.6,105.4,67.9,42.5,40.8,22.5,26.0,15.3,15.8,55.5,24.8,78.3,40.4,36.6,24.7,58.6,38.0,15.252664092664094
90.6,174.0,41.0,109.3,109.0,114.0,106.5,64.1,44.6,38.6,22.4,29.1,17.6,12.8,59.0,25.1,83.4,45.7,35.7,29.5,56.4,37.1,15.974615384615385
84.5,167.8,39.1,94.3,96.0,115.7,105.0,72.4,46.5,41.2,23.6,28.8,16.0,14.1,57.6,25.4,77.6,44.2,37.7,24.5,57.9,36.8,12.725241635687732
63.1,154.5,39.3,97.4,83.0,97.7,101.6,58.8,38.0,35.3,20.2,25.7,15.2,13.2,55.6,25.1,76.4,40.1,37.6,25.1,54.7,36.2,14.684923076923075
89.8,180.9,41.3,111.3,100.3,111.5,110.5,68.8,41.9,41.0,22.0,30.6,16.6,14.4,61.6,28.3,84.3,46.0,41.1,30.4,57.5,39.0,14.890135135135136
97.0,176.4,41.1,109.0,97.7,116.4,112.8,69.7,45.7,44.3,24.0,31.1,17.6,14.4,57.2,26.1,86.7,46.1,39.9,30.0,57.2,40.1,14.521262458471762
66.3,160.6,36.5,94.0,85.5,103.8,99.7,63.3,39.5,36.6,21.1,28.7,15.0,14.5,52.5,23.7,75.2,43.1,36.2,23.9,54.5,37.1,12.295057034220534
59.4,156.7,35.8,95.2,86.3,96.3,98.4,57.4,37.3,33.8,19.5,23.9,14.2,14.0,51.7,22.3,73.8,41.4,35.8,23.8,53.6,37.2,12.740520446096657
65.7,159.4,37.7,105.9,91.7,88.7,106.0,51.9,34.9,34.5,20.3,25.3,15.0,13.1,54.0,22.6,73.4,42.7,33.3,26.8,55.8,37.6,14.579383561643834
78.6,158.7,42.4,112.5,91.9,107.0,105.5,62.2,42.1,41.2,21.0,27.7,15.9,12.4,50.1,22.8,71.6,44.6,35.5,29.5,56.8,36.3,16.970338983050844
52.0,157.3,36.2,83.7,69.5,95.2,94.7,55.1,37.3,34.3,20.7,23.1,14.3,13.0,50.5,22.6,75.1,40.1,34.8,20.9,53.7,34.5,11.678300395256915
64.1,162.4,38.4,92.0,79.2,102.7,105.0,62.4,39.7,36.2,20.5,26.9,15.7,13.7,52.4,22.6,73.1,43.6,34.0,24.1,57.0,38.6,13.152592592592592
79.8,163.5,39.7,103.7,101.4,112.6,104.2,69.1,40.1,36.2,22.1,27.3,15.5,12.2,53.0,22.3,77.5,46.3,37.3,26.7,56.1,35.2,14.263174061433446
74.0,158.0,37.3,102.1,90.6,111.2,101.4,66.4,42.2,38.4,21.0,27.9,15.0,12.8,55.5,24.5,79.1,41.2,38.1,26.0,51.8,34.5,15.427610294117647
64.1,169.1,38.0,93.5,79.5,99.2,96.0,59.3,39.2,35.8,21.0,25.0,15.0,13.5,54.0,24.1,83.0,42.5,39.6,25.3,54.2,34.3,14.098622047244096
80.3,165.6,40.7,107.2,101.2,113.2,106.0,66.4,42.5,38.7,21.0,27.1,15.5,13.4,52.3,22.9,76.8,44.2,34.8,27.1,57.7,37.8,13.533554817275748
71.4,161.5,39.0,108.9,96.5,108.1,103.7,64.5,37.6,33.8,20.2,24.8,15.2,13.7,54.5,23.7,75.7,45.7,36.6,29.0,55.9,36.6,15.20778947368421
92.4,174.9,37.6,97.3,86.9,119.1,109.6,72.5,51.0,46.0,24.2,30.0,17.5,15.8,61.1,27.5,85.3,43.3,39.8,25.6,60.8,37.1,12.520220588235295
66.8,156.1,38.0,104.2,90.3,99.1,97.8,57.5,42.2,37.7,21.0,26.8,15.2,12.9,49.5,21.8,73.7,40.9,36.8,27.8,55.0,34.9,15.072472324723249
67.8,167.4,38.1,92.5,81.7,104.6,100.0,64.0,39.5,37.3,21.9,26.8,15.8,14.8,55.5,25.2,81.5,40.7,38.7,23.9,54.7,36.2,13.675490196078432
57.7,172.1,34.2,86.5,68.1,90.6,99.0,54.6,39.2,34.1,20.3,24.5,15.4,15.0,60.6,26.6,88.3,42.0,40.3,22.3,54.1,38.3,11.86285714285714
68.7,170.4,38.0,103.0,91.5,102.5,104.8,59.3,35.0,34.5,20.0,26.2,15.5,14.2,54.5,24.1,82.1,43.7,38.2,27.0,53.8,37.8,15.19672131147541
75.8,163.6,38.8,103.8,87.0,110.2,100.2,67.0,40.8,39.2,23.3,25.7,15.5,13.6,52.8,22.5,78.1,42.6,33.2,28.3,54.3,36.0,14.267781818181817
65.2,158.3,38.4,104.7,94.1,96.6,104.0,56.1,37.5,34.6,20.4,23.8,14.3,13.1,53.4,23.4,76.7,41.8,35.5,28.5,54.0,35.7,14.673010752688173
69.9,160.4,39.9,99.4,84.7,105.5,102.6,65.3,43.6,38.3,21.1,28.1,15.5,13.4,48.9,21.9,72.2,42.2,34.9,25.5,53.9,36.0,12.514388489208631
47.4,153.3,33.8,80.2,75.5,87.8,93.0,52.3,31.3,29.3,17.7,24.1,14.0,12.2,50.2,21.8,73.3,39.3,35.9,18.7,53.0,34.3,10.89976833976834
55.8,159.4,33.8,93.1,74.2,99.1,99.1,56.6,36.8,34.6,21.3,23.7,14.9,15.0,54.3,23.1,74.6,41.7,33.9,24.2,52.3,36.0,13.777298387096772
76.8,171.9,37.6,99.0,96.0,111.0,104.8,64.7,41.8,37.5,20.7,26.0,15.0,14.7,58.7,25.5,81.2,47.8,36.7,25.2,54.7,38.5,12.97607142857143
83.2,168.7,39.1,108.2,104.3,108.9,103.6,66.0,42.3,37.3,22.3,26.2,16.2,14.5,55.5,23.7,77.9,44.7,38.6,29.3,58.2,36.8,13.916758620689654
71.7,161.3,39.9,101.6,97.1,101.6,105.1,61.6,38.3,37.5,20.2,26.1,15.7,14.2,52.5,23.7,73.2,44.6,38.1,26.9,57.0,37.8,13.965635738831615
76.2,164.4,40.2,109.3,98.2,106.3,105.4,64.0,41.2,37.0,21.3,28.8,15.9,13.6,56.6,25.9,79.3,44.4,38.6,28.6,55.9,36.3,15.34035087719298
63.2,161.6,38.0,92.2,83.7,105.1,99.6,62.3,40.0,37.0,19.9,25.8,14.6,13.6,53.0,23.0,76.3,45.0,35.7,24.3,55.8,37.6,13.07874074074074
61.0,164.1,38.1,90.2,89.1,97.4,99.7,59.2,37.2,34.3,21.0,25.9,15.4,13.5,54.2,24.9,78.3,46.2,40.4,21.9,56.1,36.1,11.042867647058824
