weight_kg,stature_cm,neck_base_girth,chest_girth,waist_girth,hips_buttock_girth,shoulder_girth,thigh_girth,thigh_low_girth,calf_girth,ankle_girth,forearm_girth,wrist_girth,shoulder_length,sleeveoutseam_length,forearm_length,crotchheight_length,waistback_length,thigh_length,chest_depth_length,head_girth,biacromialbreadth,scyecircoveracromion
883,1735,468,1052,982,1027,1223,627,418,400,224,318,178,133,597,273,781,385,419,286,572,409,497
865,1830,417,1029,976,1045,1184,615,394,400,246,294,182,145,621,285,901,414,439,261,590,412,479
713,1726,415,995,845,970,1174,576,374,362,207,282,168,157,587,264,786,395,399,243,572,432,450
816,1783,435,966,884,998,1134,616,412,410,234,308,176,140,611,279,831,434,418,246,593,422,444
756,1669,399,1032,966,968,1136,587,396,380,213,292,163,146,557,264,785,386,363,275,546,372,438
599,1758,371,937,741,879,1096,489,339,321,209,285,162,151,630,277,907,395,457,211,557,403,413
841,1788,412,1012,996,1030,1205,594,405,363,212,302,176,163,582,270,829,386,400,256,601,410,454
824,1829,394,980,931,1027,1171,609,413,387,234,284,168,156,637,285,851,436,421,238,543,399,462
828,1745,424,1019,929,1014,1228,612,396,369,226,295,172,173,612,271,823,412,420,272,566,395,464
838,1643,402,1069,923,1062,1205,645,428,373,229,318,173,143,593,278,793,382,396,259,569,392,467
831,1698,454,1043,962,1025,1189,607,412,392,225,307,181,123,582,261,794,378,404,260,578,387,449
904,1727,407,1061,928,1067,1202,691,439,397,228,328,170,119,606,287,833,372,429,265,564,393,481
786,1734,427,1048,934,989,1166,573,401,391,238,287,174,141,573,262,768,408,416,251,556,390,439
751,1684,397,1041,872,955,1166,587,384,362,208,294,176,132,598,258,773,394,402,276,565,383,487
692,1667,388,896,907,960,1095,558,411,383,219,278,165,157,552,255,766,381,384,222,543,393,419
790,1680,455,1078,974,986,1243,596,388,356,222,298,170,140,589,258,766,391,384,271,561,407,474
843,1785,412,1028,887,1022,1220,636,424,401,247,323,179,145,608,277,885,400,413,245,556,402,485
839,1885,414,993,875,991,1195,592,394,396,232,308,182,143,659,298,923,439,452,225,577,407,469
769,1841,418,999,848,958,1178,575,386,366,241,298,178,159,632,284,893,434,446,240,568,411,451
852,1702,426,981,921,1034,1228,622,418,399,243,334,178,150,586,283,816,382,409,261,578,416,473
979,1738,434,1142,993,1099,1286,696,423,431,242,356,184,140,604,275,821,402,406,274,572,409,495
694,1732,406,954,852,921,1135,547,356,346,204,295,183,150,615,273,852,410,417,238,572,391,422
712,1739,400,1007,802,912,1157,550,390,384,215,295,163,153,580,259,823,406,388,251,561,408,425
777,1877,419,971,764,961,1161,568,379,374,226,323,175,146,645,302,912,435,457,215,555,427,448
782,1725,397,985,885,1001,1112,592,409,381,217,312,181,143,601,283,837,406,407,238,581,367,466
756,1704,386,936,861,1024,1119,621,415,396,225,283,168,133,583,279,835,352,421,240,566,385,423
844,1748,434,1022,948,1048,1214,627,407,402,232,320,184,126,622,275,804,419,380,249,565,399,488
720,1647,405,985,855,970,1158,586,401,364,222,292,176,148,550,252,779,368,406,246,580,372,440
606,1699,380,871,767,897,1060,557,352,323,202,269,166,144,593,263,798,415,380,198,564,378,410
830,1761,435,1046,898,1001,1213,611,402,373,236,315,181,136,583,257,835,417,400,252,572,394,471
743,1671,409,1008,853,980,1160,599,390,379,228,299,178,136,582,257,747,395,406,245,595,394,466
791,1644,413,1012,896,1048,1173,657,428,397,224,306,166,144,556,261,773,364,395,254,549,394,450
816,1739,446,1078,941,1013,1181,599,391,385,237,302,176,143,590,267,851,408,415,266,573,386,479
684,1749,385,904,834,939,1145,559,375,337,214,288,170,155,595,265,827,415,410,225,575,416,415
1013,1845,456,1089,949,1062,1265,694,454,433,243,366,195,132,662,312,921,426,460,265,585,421,484
1018,1954,423,1080,1038,1110,1219,647,438,390,225,317,188,157,685,296,913,454,468,255,602,410,483
778,1844,384,955,771,949,1105,583,378,383,230,310,177,145,627,307,930,419,485,229,582,383,435
585,1601,365,900,786,884,1094,520,356,339,201,277,161,146,539,256,773,366,390,214,573,385,390
834,1846,407,946,889,1010,1197,604,401,379,229,320,173,169,632,279,908,410,463,239,570,417,465
727,1672,417,986,925,962,1156,578,372,356,193,292,164,146,595,270,778,381,386,249,557,406,453
1053,1934,423,1036,1024,1130,1232,695,466,430,264,321,189,139,667,297,949,456,470,256,607,396,508
812,1862,431,953,865,996,1157,604,392,378,215,289,177,145,647,278,872,450,463,226,569,402,457
660,1694,399,962,816,917,1123,529,364,343,207,288,174,149,592,269,823,389,415,223,564,393,426
840,1740,433,1038,976,1036,1172,628,405,387,246,306,182,132,609,263,832,396,428,254,581,368,476
928,1739,429,1027,945,1072,1261,680,430,411,233,347,180,159,591,275,805,398,429,247,584,420,488
823,1719,445,1044,891,1001,1204,620,421,399,225,318,172,144,575,260,784,423,422,262,598,393,472
730,1722,420,937,883,945,1143,580,394,373,220,309,168,141,612,267,819,382,432,216,574,382,459
867,1776,422,1089,1029,1028,1236,626,392,393,225,296,177,165,624,269,839,465,416,262,557,405,481
1076,1897,461,1099,1056,1144,1330,675,430,429,248,345,197,183,666,288,892,482,447,280,603,429,525
784,1730,408,1046,920,991,1198,608,395,388,219,287,177,145,600,253,807,399,403,242,578,406,467
827,1688,418,1024,995,996,1218,617,410,410,225,327,181,164,564,252,727,426,356,262,548,408,442
883,1692,409,1084,958,1072,1266,653,391,386,224,329,181,157,560,260,779,372,410,265,590,425,477
882,1778,395,1122,928,1045,1243,654,428,391,232,301,175,159,617,276,864,403,451,285,563,415,460
774,1824,406,923,792,939,1166,595,412,379,231,299,177,149,632,292,887,401,452,210,579,392,432
726,1744,397,949,845,934,1132,571,391,350,206,287,166,137,608,273,868,384,449,230,560,396,430
868,1763,399,1080,939,1006,1208,626,408,400,225,310,177,142,636,284,847,411,448,265,577,393,468
916,1859,395,1019,980,1042,1186,628,454,389,229,307,189,165,663,301,922,404,466,273,559,393,468
899,1669,422,1152,1051,1050,1231,635,407,395,207,348,177,119,585,268,788,368,404,289,567,375,529
664,1705,404,942,807,902,1149,556,368,341,205,288,164,149,591,261,805,416,412,219,570,389,434
730,1755,415,882,762,946,1115,598,397,362,209,310,166,130,579,261,844,407,418,215,587,381,435
885,1756,450,1025,972,1078,1235,628,405,379,226,330,183,148,581,273,845,400,427,249,567,395,471
860,1866,408,1029,907,1014,1214,587,409,365,227,315,189,162,605,282,878,446,460,262,560,413,476
985,1837,412,1074,994,1098,1227,672,455,428,256,321,179,137,625,276,889,387,452,254,570,412,462
837,1758,423,1031,915,1012,1196,618,397,395,226,317,183,151,626,287,860,413,421,265,574,394,475
864,1837,412,1008,806,1025,1206,613,408,389,229,329,186,148,627,292,948,391,474,243,574,403,459
674,1835,382,854,720,908,1093,531,366,357,224,287,167,141,653,294,932,386,472,214,543,390,417
903,1756,445,1025,888,1068,1229,676,418,389,219,319,188,145,617,289,839,381,437,260,588,410,467
920,1887,425,995,1033,1045,1227,672,402,373,216,301,170,184,640,290,888,470,457,260,579,448,459
924,1817,441,1092,901,1016,1250,619,422,413,227,354,188,138,605,280,842,428,444,260,594,393,502
711,1720,390,962,785,951,1114,580,374,377,226,301,169,141,606,285,841,384,441,220,555,385,436
911,1836,417,1059,1004,1060,1263,641,421,385,231,308,174,166,616,277,862,439,421,261,565,439,442
656,1617,443,901,773,919,1113,578,375,356,217,300,166,125,574,273,769,366,395,220,548,373,431
565,1670,385,852,694,845,1001,485,342,346,205,273,169,131,564,251,754,406,411,205,552,369,415
774,1796,387,945,839,984,1125,571,399,397,242,308,185,133,591,269,841,456,435,239,559,383,438
721,1629,416,972,830,989,1188,607,405,359,230,306,182,139,537,254,723,399,386,227,589,394,432
664,1731,396,916,791,931,1135,523,378,343,209,288,178,130,586,272,835,410,427,203,542,396,445
793,1718,409,1004,869,975,1189,624,413,386,217,308,160,147,610,281,816,358,424,235,566,400,464
800,1849,411,974,828,988,1192,601,392,395,225,328,178,159,615,282,868,471,430,235,541,423,460
876,1850,413,1053,928,1025,1210,628,413,390,228,312,180,155,657,294,888,425,448,254,563,416,476
820,1696,422,1030,919,1029,1123,637,403,385,228,301,175,128,581,264,771,419,407,263,560,384,451
645,1858,408,922,745,899,1126,507,353,366,214,284,171,156,611,283,903,447,455,213,560,408,429
820,1795,390,1032,875,1015,1215,632,407,399,227,312,175,166,622,278,865,437,430,252,557,429,432
965,1851,406,1129,967,1065,1273,651,434,418,237,318,177,154,637,285,908,424,454,269,593,415,484
1002,1763,454,1089,967,1098,1279,684,433,445,243,338,185,159,635,310,875,404,442,270,587,431,463
892,1809,438,1001,990,1069,1195,650,418,397,237,312,180,140,607,271,836,400,428,244,581,395,442
878,1735,455,1001,892,1042,1241,682,455,399,236,322,173,164,620,291,845,374,428,237,563,418,451
767,1778,432,981,919,991,1163,619,389,362,212,290,174,146,607,287,824,409,405,236,578,411,432
784,1708,434,986,925,995,1189,605,406,382,234,301,171,142,595,258,787,388,404,242,561,395,436
867,1818,429,992,846,986,1208,621,429,413,253,337,189,143,615,296,874,437,457,241,577,405,480
957,1888,439,1031,1007,1094,1185,659,414,384,234,309,182,156,626,284,897,460,484,260,597,417,442
1037,1872,434,1072,993,1078,1269,686,456,414,246,333,194,164,662,313,892,382,480,273,588,425,471
811,1713,418,1063,915,1005,1208,603,400,391,227,323,179,135,587,264,799,423,411,275,581,400,467
639,1747,376,913,741,923,1040,516,358,370,208,300,173,151,550,261,796,436,413,228,572,368,397
672,1726,418,955,769,924,1118,555,380,356,218,279,173,143,577,255,782,431,386,223,551,399,404
755,1774,442,943,849,961,1183,582,369,349,211,290,167,141,591,273,831,435,404,230,551,388,448
829,1718,427,1073,961,1021,1227,608,404,388,221,322,180,145,588,256,790,400,400,249,586,411,466
956,1740,457,1098,967,1079,1258,687,417,408,227,319,186,155,608,285,831,397,404,280,602,413,470
815,1755,428,965,874,981,1194,628,422,401,254,327,191,138,588,273,864,370,422,230,605,388,445
717,1732,410,947,866,945,1118,591,386,389,226,293,165,124,603,266,859,401,427,224,550,388,435
659,1685,395,923,719,935,1072,563,379,356,202,280,162,146,540,262,813,392,407,219,558,386,413
715,1764,423,939,795,941,1161,547,396,370,232,275,174,142,599,271,841,410,416,222,558,404,421
1069,1711,426,1148,1173,1239,1193,787,490,435,227,333,168,138,576,255,764,409,399,296,558,386,468
750,1766,417,1017,803,933,1167,565,395,387,230,307,181,146,568,255,816,416,412,248,563,388,435
723,1672,398,972,803,954,1147,581,392,397,250,314,167,128,552,250,754,417,380,235,554,402,445
896,1710,408,1053,938,1070,1225,677,450,442,254,319,178,153,564,259,767,408,380,252,594,404,454
902,1726,443,1086,991,1049,1208,664,429,404,239,312,176,140,585,263,805,412,383,270,569,382,483
682,1825,420,952,773,920,1154,543,364,332,205,293,178,149,649,292,874,448,422,227,562,420,435
926,1789,455,1092,1001,1062,1254,653,423,411,233,323,184,147,612,272,817,434,423,263,597,418,486
739,1661,405,1002,908,972,1121,598,387,364,215,297,169,129,575,251,753,408,369,240,573,378,438
792,1735,409,992,916,988,1141,606,400,377,223,305,177,154,572,260,832,402,421,250,574,405,447
844,1878,426,988,818,967,1176,585,407,405,243,327,190,149,644,294,928,453,474,234,593,402,455
746,1740,425,1000,903,968,1186,576,388,379,217,300,170,160,623,275,806,456,401,239,571,414,426
740,1738,411,928,852,962,1180,552,384,365,220,295,177,162,620,282,833,399,431,225,584,405,438
887,1837,410,1096,968,1020,1218,621,407,383,231,295,172,163,635,279,872,427,450,270,583,417,465
836,1743,430,1012,944,1021,1183,637,384,390,235,307,175,143,593,265,818,399,427,240,586,382,465
842,1869,434,986,838,1035,1188,635,408,390,232,335,182,150,635,278,909,443,443,244,556,410,462
810,1833,403,999,845,972,1233,565,391,393,234,291,174,151,669,277,916,409,459,237,581,424,453
717,1644,403,1005,891,952,1138,597,390,344,196,310,167,143,562,268,767,378,410,260,555,377,448
811,1771,418,998,876,1028,1151,637,390,380,228,306,178,135,575,267,795,443,413,245,588,389,445
927,1778,432,1097,956,1048,1268,629,446,408,245,331,190,140,624,267,842,426,427,262,586,420,487
863,1907,446,1024,862,990,1210,613,407,390,232,295,180,161,681,306,938,493,470,258,571,427,459
651,1806,410,919,767,899,1133,497,359,348,210,282,173,153,626,286,891,450,464,188,551,413,418
888,1913,433,993,856,1045,1165,623,446,412,249,325,190,167,631,289,920,442,458,242,567,426,445
748,1879,408,1023,809,940,1181,559,385,368,225,275,168,160,642,285,909,450,479,244,579,410,432
800,1825,396,1027,904,986,1174,558,382,360,219,278,172,158,630,283,836,434,442,250,570,389,444
630,1690,382,895,801,915,1091,532,371,375,217,262,168,141,589,260,792,386,394,216,557,385,406
889,1789,412,1051,989,1067,1139,651,429,413,232,305,163,130,622,281,866,377,438,262,563,362,451
711,1799,382,921,729,945,1164,552,386,364,219,310,175,155,617,292,888,412,455,233,550,427,443
836,1795,429,1049,923,1006,1193,582,399,389,221,314,184,161,609,269,859,420,455,246,583,429,458
842,1741,391,1016,942,1047,1172,665,416,408,238,300,174,156,603,257,823,391,401,245,579,410,453
763,1775,422,983,792,966,1182,589,384,368,231,300,172,163,624,274,879,426,428,230,593,427,441
695,1724,399,956,809,927,1095,525,356,365,225,294,164,146,610,277,845,372,447,224,571,386,445
744,1671,408,1053,892,1014,1186,572,402,377,216,293,165,158,604,260,753,410,402,255,574,415,431
814,1785,396,1012,894,1019,1181,650,413,387,233,291,172,155,630,278,847,417,406,245,555,405,449
720,1795,421,905,757,916,1161,568,384,379,219,305,175,146,611,276,848,421,444,207,558,415,431
642,1741,393,926,815,904,1069,514,358,320,202,279,168,137,620,269,848,431,439,204,572,375,428
688,1696,394,918,743,908,1134,556,367,357,217,290,179,146,608,280,842,363,433,226,550,387,428
885,1790,405,1036,985,1053,1201,630,437,431,243,287,174,156,598,281,830,414,410,263,573,420,426
813,1761,439,1001,784,972,1195,595,396,389,224,342,181,161,605,278,863,384,434,241,558,411,486
545,1614,374,847,751,861,1005,511,346,335,202,272,146,121,504,212,734,380,392,202,535,339,381
1022,1860,429,1109,994,1090,1271,673,443,439,259,344,187,158,592,279,846,410,429,270,571,419,499
665,1726,385,885,801,938,1085,556,407,362,229,293,175,143,612,284,839,392,427,213,537,378,410
716,1774,410,950,875,945,1106,561,375,372,222,277,169,153,610,275,872,393,430,226,554,394,413
720,1763,409,960,774,939,1102,539,378,357,226,289,176,135,595,276,835,442,436,241,592,362,429
867,1815,403,1002,886,1031,1251,637,430,380,220,325,185,163,608,271,885,420,428,227,573,429,458
854,1728,431,1060,926,1018,1218,631,407,405,243,327,186,155,576,250,786,435,375,257,591,408,478
771,1703,427,971,884,989,1198,593,407,361,220,301,175,147,572,267,789,433,425,255,583,411,445
881,1770,433,936,881,1038,1215,644,416,406,233,317,179,142,620,287,843,385,439,226,596,409,455
788,1704,434,1042,953,1008,1196,607,400,371,217,289,172,142,596,282,801,370,423,242,577,422,441
830,1757,450,1028,928,1024,1202,625,399,396,237,300,179,149,569,258,807,423,412,228,592,416,426
819,1750,423,1016,949,1035,1178,612,393,381,227,305,178,129,586,261,777,411,405,245,561,375,458
678,1798,400,898,777,920,1124,526,377,344,199,276,167,145,596,271,835,434,440,205,554,411,413
914,1807,431,1072,925,1057,1213,658,474,419,252,319,194,154,625,283,878,425,432,258,577,401,460
540,1623,396,891,694,827,1082,471,347,338,206,277,161,135,541,237,778,384,388,205,534,375,381
734,1654,386,991,854,961,1161,593,412,370,219,309,177,144,564,244,772,373,399,248,574,371,452
792,1847,375,915,826,1001,1159,599,417,400,235,293,164,147,651,303,923,396,472,216,564,414,415
694,1703,389,945,785,953,1118,598,391,360,219,294,161,131,558,253,815,360,429,235,571,372,416
797,1771,431,946,858,996,1181,578,393,388,241,298,185,152,591,268,830,402,430,228,549,430,434
809,1739,416,1079,965,989,1188,583,375,358,212,298,165,154,617,287,812,419,393,255,581,411,453
791,1775,398,976,873,1005,1214,629,399,360,216,299,165,163,616,287,865,380,459,231,545,410,419
898,1701,469,1064,996,1038,1259,689,429,390,227,321,167,121,595,267,809,382,407,265,579,396,490
672,1766,395,925,769,932,1093,537,380,371,230,284,166,147,607,268,838,415,430,215,578,392,419
890,1797,444,1112,978,1037,1223,627,369,386,232,299,177,149,629,274,866,411,439,277,582,404,464
855,1856,409,992,903,1023,1208,607,400,386,223,302,180,162,622,291,893,404,469,242,597,404,465
785,1831,415,1011,843,976,1164,603,386,396,219,307,174,131,630,294,916,431,453,243,567,399,461
759,1742,422,976,886,972,1197,582,387,368,215,298,170,146,589,265,782,406,406,212,568,416,445
794,1739,412,1053,857,985,1214,611,408,391,243,318,185,131,579,265,833,420,389,253,565,383,453
894,1811,449,1001,885,1041,1248,640,429,403,223,328,176,146,621,293,890,410,445,246,558,417,462
890,1870,423,982,911,1064,1215,634,430,412,238,296,185,163,671,302,900,411,416,232,602,421,439
790,1729,439,1020,869,976,1219,615,401,397,226,305,167,146,581,278,836,378,410,247,582,399,437
651,1695,392,933,796,903,1118,548,350,369,209,289,160,132,581,259,836,386,417,235,580,362,420
781,1826,387,989,901,982,1168,563,390,363,225,302,176,138,589,273,873,399,454,250,566,354,461
687,1675,404,913,750,928,1127,578,410,380,216,286,175,157,594,287,771,408,405,218,568,403,430
662,1791,370,880,704,883,1159,516,360,347,222,278,169,158,614,278,854,396,437,200,574,423,408
698,1711,394,940,795,955,1077,591,388,358,222,286,164,118,581,258,798,403,404,229,567,357,426
776,1730,399,1026,924,973,1153,571,398,387,210,321,179,150,596,272,787,408,422,250,573,387,446
690,1773,410,931,769,913,1109,535,378,360,215,285,167,135,625,270,859,417,462,226,577,375,413
727,1676,416,942,773,968,1170,589,401,410,233,294,168,165,569,260,747,414,390,243,560,424,454
835,1853,435,992,915,986,1159,609,424,377,239,311,181,124,624,292,914,436,458,244,575,377,448
757,1824,399,927,833,958,1140,576,394,358,209,295,173,152,646,294,880,419,453,225,578,414,423
754,1728,408,1002,797,954,1173,602,392,399,220,300,170,142,589,275,804,372,414,234,553,395,433
764,1710,432,985,853,947,1186,587,396,366,228,308,177,150,575,252,795,397,398,234,602,417,443
696,1777,431,958,756,920,1121,552,379,356,222,292,169,123,564,253,821,451,426,243,555,393,440
879,1789,443,1035,938,1046,1196,632,436,399,230,318,170,126,621,277,846,405,440,251,573,392,454
910,1708,417,1109,959,1042,1188,623,432,394,249,308,187,136,559,270,767,428,369,279,584,388,443
680,1746,381,907,783,930,1148,561,382,348,226,275,172,149,585,261,803,408,410,228,544,398,408
957,1738,432,1144,965,1040,1273,631,445,417,257,325,192,138,555,248,763,401,385,283,602,410,460
776,1719,375,983,910,1006,1152,640,420,375,237,294,172,136,575,258,818,381,412,242,556,395,425
682,1735,393,927,869,939,1095,538,373,346,205,278,168,134,569,254,821,391,428,222,552,380,418
755,1772,406,981,784,947,1129,578,358,377,224,325,173,140,602,288,885,402,458,230,537,384,445
1026,1873,457,1076,944,1077,1295,661,434,419,228,338,189,145,668,313,912,420,472,255,593,418,494
649,1697,391,968,734,879,1092,520,365,374,225,268,160,146,592,256,825,374,423,227,575,410,433
749,1758,395,954,824,962,1174,573,409,379,229,291,179,149,616,273,866,386,443,221,571,395,414
830,1817,396,1031,898,994,1170,632,419,380,233,306,167,154,626,281,876,428,443,258,560,383,464
1049,1870,425,1171,1051,1114,1246,689,431,423,232,314,181,174,630,290,901,435,454,302,579,425,471
935,1868,395,1037,937,1059,1216,646,433,392,241,309,183,149,649,290,872,461,455,240,559,420,472
709,1784,396,934,826,978,1106,573,373,356,210,275,169,150,627,280,844,421,439,221,557,401,415
805,1763,410,1037,860,1000,1162,626,405,395,230,319,176,140,598,264,815,446,435,245,567,397,454
804,1749,407,984,910,1008,1154,630,413,397,241,294,180,149,602,268,805,397,426,222,583,399,441
776,1752,426,948,870,979,1145,619,407,386,215,292,172,152,603,279,825,407,433,239,578,396,433
745,1784,410,1016,883,951,1186,573,365,361,219,303,170,158,617,272,838,413,441,254,568,403,440
681,1769,389,905,795,918,1079,542,378,349,224,285,179,159,609,273,849,423,429,226,564,396,415
883,1776,412,1043,999,1035,1188,646,429,404,240,310,182,148,598,255,791,440,405,258,570,401,495
718,1733,398,928,874,958,1102,546,372,367,217,297,178,131,560,257,768,428,391,215,562,394,436
799,1784,381,955,807,1012,1158,612,405,400,233,294,175,156,632,279,880,418,462,229,557,389,435
678,1715,392,931,819,918,1086,583,375,373,223,292,170,150,610,272,827,405,418,229,571,374,432
687,1778,388,918,765,949,1154,538,366,370,220,279,167,165,638,282,864,405,448,233,544,413,418
933,1757,435,1098,1010,1078,1251,678,417,406,236,312,181,153,630,276,854,417,433,262,589,414,496
835,1780,408,1051,953,1059,1130,633,402,358,216,304,180,154,600,276,825,440,428,272,563,406,444
661,1794,396,883,735,871,1075,542,374,350,220,295,168,147,606,282,887,415,446,208,565,385,404
765,1752,422,976,820,964,1166,596,418,381,239,312,173,143,569,252,775,414,410,234,581,402,454
660,1805,402,912,750,920,1107,512,373,358,216,288,172,156,613,258,825,435,444,222,602,405,431
813,1803,384,967,852,1016,1161,646,414,376,222,314,169,145,655,309,933,394,464,232,555,392,443
809,1855,458,1045,844,955,1216,585,381,373,228,334,187,137,660,301,942,401,490,247,563,406,450
702,1864,371,887,809,942,1148,529,376,353,219,275,178,185,636,286,879,462,448,209,579,437,423
615,1714,381,905,742,891,1071,522,342,342,216,282,164,154,568,253,799,430,422,206,571,392,392
872,1803,421,1017,933,1039,1134,629,440,390,236,318,175,137,608,279,865,419,404,258,551,393,451
797,1762,428,1004,853,994,1196,628,398,397,218,292,168,155,640,285,863,429,438,247,580,416,424
1042,1823,443,1128,1047,1080,1266,673,450,423,253,327,190,165,582,270,809,440,420,280,614,418,478
683,1779,390,998,779,950,1174,522,355,356,206,288,168,165,609,267,865,392,455,244,568,396,452
865,1894,400,993,917,1036,1180,625,402,413,251,291,173,139,636,293,906,440,444,234,573,400,440
920,1762,450,1123,1043,1072,1209,659,435,399,229,310,182,143,625,277,826,409,423,266,587,407,485
908,1882,417,1119,879,985,1278,589,416,404,242,347,189,159,622,282,928,445,463,271,583,441,489
755,1836,390,919,813,971,1117,583,405,375,233,292,174,164,637,277,872,421,443,231,591,404,429
680,1660,408,892,807,952,1089,574,397,380,232,274,168,141,542,244,724,427,359,229,560,370,431
698,1673,411,966,852,920,1145,561,368,387,224,296,176,139,581,254,762,409,425,233,548,388,429
806,1871,396,935,842,984,1146,593,405,376,229,289,176,156,671,288,913,464,473,241,588,405,442
853,1746,445,1011,985,1014,1208,642,423,385,224,312,172,165,568,260,820,428,439,245,575,428,452
732,1749,396,958,782,957,1158,587,383,375,229,304,172,161,590,252,839,421,423,234,571,388,435
806,1730,401,977,878,1012,1175,606,405,390,233,303,173,148,585,254,813,419,415,253,559,405,459
794,1772,397,939,882,1002,1107,621,389,383,215,300,171,142,631,293,887,391,475,247,577,368,434
603,1629,405,865,751,895,1079,537,376,335,200,275,166,145,540,245,713,433,372,207,560,371,402
608,1654,408,929,745,900,1113,525,346,345,212,300,159,124,540,240,760,419,390,204,549,372,441
879,1792,404,1039,1006,1014,1184,638,418,382,228,297,172,157,646,303,896,396,469,253,576,419,470
768,1839,404,928,822,970,1168,575,412,385,236,287,178,158,649,285,903,443,457,225,555,416,426
741,1689,382,1033,842,968,1125,596,381,375,211,286,175,156,577,266,827,389,404,251,572,387,440
696,1762,397,956,813,960,1126,543,385,346,238,285,174,145,606,266,848,421,431,205,559,385,425
740,1756,396,956,885,944,1125,569,382,346,217,302,162,142,581,254,840,399,451,244,562,384,446
676,1704,380,950,831,930,1115,548,378,358,209,283,158,146,613,272,803,391,414,230,564,381,414
846,1826,437,1010,857,1048,1225,626,412,411,235,321,183,160,616,278,865,425,446,255,569,412,440
800,1723,440,1095,963,969,1238,550,384,376,219,311,183,178,575,264,807,405,413,275,589,437,450
815,1757,396,1039,959,1017,1154,627,398,385,221,278,162,156,595,260,842,411,426,267,570,402,441
882,1834,410,1029,907,1080,1172,650,428,418,237,308,172,164,627,265,883,431,463,249,558,395,465
649,1751,398,864,759,917,1100,521,359,367,228,282,175,172,570,259,827,441,424,203,579,416,404
854,1678,413,1062,908,1009,1232,643,437,410,249,313,178,149,545,248,790,390,395,267,606,405,455
746,1758,421,968,785,914,1139,571,379,360,222,318,183,153,606,291,867,379,446,232,558,408,451
631,1638,393,975,792,909,1154,531,359,345,212,277,162,148,554,242,740,392,391,212,541,402,419
569,1651,377,846,727,885,1022,547,362,342,211,253,147,143,533,231,743,386,405,193,586,365,376
639,1715,390,882,759,916,1046,539,357,333,204,276,155,137,582,264,818,426,434,230,560,378,408
697,1671,382,926,875,970,1152,591,395,386,219,285,155,149,626,270,855,368,438,225,541,407,419
880,1754,425,1013,918,1038,1194,639,415,407,231,341,177,142,615,272,853,399,431,245,586,403,471
940,1786,413,1047,927,1073,1206,689,440,414,245,343,180,157,616,270,877,401,447,266,575,401,462
1217,1942,495,1182,1088,1131,1291,690,471,425,245,363,200,149,658,298,948,452,478,299,627,410,553
657,1685,373,958,805,946,1116,560,367,337,197,269,159,137,579,247,791,378,396,243,560,370,424
719,1804,356,933,892,960,1058,565,389,375,224,289,165,134,628,286,891,394,461,240,554,346,423
823,1759,418,1038,949,994,1229,615,386,373,215,311,180,161,589,256,804,417,417,242,584,415,479
742,1671,402,951,808,978,1156,645,409,380,225,314,168,144,580,265,785,373,405,225,535,405,427
714,1769,414,961,789,920,1108,551,369,362,209,292,169,125,653,293,895,408,448,248,581,372,466
719,1683,404,946,822,958,1101,612,404,377,229,304,175,148,554,248,781,417,407,233,553,408,423
651,1692,387,897,745,879,1098,550,377,394,234,298,170,142,570,257,801,391,400,222,568,385,412
683,1722,397,928,874,929,1107,562,379,354,206,300,165,141,589,263,815,383,423,227,575,372,415
499,1628,349,869,701,808,1004,458,317,308,187,259,153,131,547,259,816,361,429,201,560,371,369
668,1659,397,907,819,938,1089,570,375,364,213,280,164,133,545,248,751,391,404,222,561,374,411
767,1784,403,973,896,955,1136,587,404,380,219,292,165,152,585,280,854,401,439,248,557,408,423
656,1727,410,965,882,1002,1123,591,372,380,223,303,180,140,558,256,807,405,420,253,577,377,452
794,1869,419,976,883,986,1181,585,395,341,207,302,180,167,610,285,907,440,464,240,581,423,442
770,1788,395,964,805,956,1169,566,390,394,228,295,175,152,604,278,892,382,453,240,590,394,445
726,1830,378,996,814,945,1151,527,383,346,223,274,169,167,619,279,894,450,467,253,573,412,437
880,1701,380,1066,1040,1095,1106,659,428,392,230,291,167,140,581,262,787,410,397,290,577,382,438
735,1670,409,945,841,980,1107,619,399,386,202,309,166,139,591,272,817,384,398,235,569,367,435
746,1729,399,993,855,968,1160,594,387,371,220,290,165,152,597,266,828,414,425,244,571,395,437
726,1702,396,962,889,985,1159,604,390,375,227,292,163,131,552,253,777,400,396,243,565,370,433
753,1762,398,972,849,974,1144,592,422,380,225,302,164,139,593,259,852,387,438,226,581,384,431
671,1706,367,965,878,959,1017,542,360,343,202,292,162,120,594,271,810,377,400,234,559,330,437
767,1711,415,1014,835,954,1106,594,398,379,214,312,171,141,615,290,873,367,454,242,604,383,432
673,1786,376,928,773,920,1095,558,365,357,210,291,163,139,597,271,846,389,448,226,555,373,408
774,1806,403,979,837,981,1097,589,396,385,237,286,169,142,611,279,845,437,440,270,563,375,432
873,1777,423,1008,917,1066,1175,674,417,385,228,313,173,142,580,278,875,410,435,233,571,402,470
699,1737,402,905,778,954,1148,570,380,359,210,300,163,167,587,267,826,410,442,218,539,415,409
891,1804,426,1054,943,1054,1201,658,436,388,227,316,182,155,604,273,838,398,442,271,574,397,490
1038,1864,451,1133,1042,1118,1247,705,419,419,241,319,183,156,638,282,853,445,444,292,582,433,498
704,1698,396,987,752,898,1146,553,393,375,214,299,170,153,566,255,788,403,418,234,536,395,465
681,1710,409,955,801,922,1087,530,368,378,227,285,172,146,572,261,760,434,401,225,566,390,403
985,1855,440,1098,979,1088,1288,668,414,413,240,320,185,182,681,311,894,440,458,262,568,451,474
907,1767,458,1095,903,1014,1264,646,415,399,226,333,183,152,610,282,872,400,443,258,579,428,486
801,1842,377,1032,925,1013,1117,578,411,375,225,301,171,134,642,295,899,408,477,241,552,370,447
813,1675,372,1043,954,1024,1185,623,425,404,231,310,172,150,572,261,793,392,401,267,544,402,413
706,1764,389,965,844,941,1125,549,378,355,221,293,178,149,580,263,839,430,447,233,580,381,436
724,1724,404,1006,846,922,1162,551,385,333,199,296,160,145,623,280,855,416,480,247,558,418,422
850,1786,417,984,897,1028,1165,625,420,386,229,311,180,144,633,281,820,459,434,258,592,393,464
860,1795,400,1053,953,1029,1215,607,413,393,237,304,174,164,594,278,855,410,455,243,589,421,459
785,1731,386,980,850,1032,1137,649,414,363,207,296,162,148,617,279,789,397,427,242,580,400,454
745,1781,408,945,859,984,1112,570,384,371,215,293,174,142,618,292,882,402,423,228,588,407,420
910,1738,427,1091,1030,1087,1207,638,419,406,233,315,184,142,593,275,789,404,431,267,583,409,470
788,1763,409,1031,885,998,1179,613,409,374,230,287,165,140,602,262,824,433,427,239,585,357,435
913,1775,438,1046,1037,1045,1229,660,411,406,229,296,168,160,592,269,813,427,469,255,558,410,460
869,1785,409,1119,967,1012,1234,638,418,376,232,325,178,143,590,261,817,427,425,266,569,397,475
803,1822,426,1037,809,937,1248,585,388,381,230,324,176,179,643,291,882,428,472,234,565,415,442
730,1702,383,991,830,985,1174,569,372,367,222,304,174,160,548,261,781,416,410,246,575,401,447
789,1661,400,999,888,997,1210,596,395,404,234,297,173,155,572,258,755,378,416,249,554,411,442
715,1695,437,1056,854,943,1166,575,366,327,207,284,170,143,605,266,824,387,426,258,567,410,430
777,1873,403,992,835,1005,1153,588,379,358,220,282,168,159,650,291,916,438,474,257,569,406,445
988,1886,408,1085,969,1092,1282,666,434,414,241,327,180,145,646,293,891,436,450,263,581,417,483
760,1819,416,1007,813,985,1183,577,385,376,222,295,171,161,599,273,872,410,455,234,574,416,432
775,1755,403,981,848,985,1166,592,392,395,226,311,174,131,600,271,823,396,420,237,562,387,481
713,1692,393,991,896,935,1178,586,351,357,209,281,167,161,581,277,776,377,414,242,563,402,432
754,1761,399,938,783,951,1178,579,399,381,226,308,175,153,594,266,836,409,425,217,581,400,442
718,1755,413,956,789,923,1175,552,379,381,215,295,179,168,596,282,815,427,440,235,563,416,397
705,1720,407,975,806,922,1180,556,371,359,215,288,171,157,597,277,776,408,414,231,584,410,422
825,1842,407,959,836,991,1154,614,406,414,240,305,183,148,654,295,886,412,465,231,559,392,452
621,1727,400,895,782,880,1118,500,339,324,200,281,171,156,592,263,808,411,416,208,563,407,422
827,1749,406,1020,873,993,1162,613,403,389,228,312,172,151,581,246,809,443,432,252,557,411,445
787,1693,406,1050,877,976,1265,600,393,376,217,311,170,178,588,264,804,413,411,245,565,429,443
565,1647,377,850,681,858,1085,482,331,320,201,273,158,146,576,260,806,374,431,202,557,378,400
775,1773,405,954,814,982,1172,601,391,403,247,304,180,165,622,282,870,420,448,242,551,421,427
983,1796,431,1061,1017,1097,1237,670,440,449,252,344,188,175,616,276,830,437,409,270,583,414,474
840,1794,402,976,903,1043,1195,620,404,378,231,296,174,143,590,275,832,429,442,234,574,390,455
704,1726,395,931,753,924,1137,596,374,360,218,310,167,144,606,283,851,373,445,235,570,380,439
639,1736,392,882,825,907,1096,521,361,343,209,283,164,148,578,269,848,400,447,221,539,372,419
655,1649,398,947,803,901,1134,515,375,345,214,278,174,148,589,259,797,386,426,225,573,396,419
609,1674,362,914,737,896,1089,544,360,360,208,287,158,147,561,252,789,381,407,206,561,370,420
771,1703,434,1036,932,998,1201,589,386,379,213,297,167,150,571,257,775,414,423,254,557,392,443
770,1737,401,972,883,1001,1142,625,381,374,214,314,175,148,604,266,820,394,422,248,585,381,472
739,1711,391,979,850,970,1169,592,391,373,212,300,170,160,605,269,781,407,408,239,574,410,451
626,1615,380,915,802,891,1083,542,381,357,204,301,164,127,565,260,791,374,401,212,562,363,410
773,1694,391,995,911,999,1170,614,401,399,226,277,171,137,585,271,795,371,412,239,587,371,439
855,1577,451,1144,915,1029,1270,658,404,416,231,337,176,140,529,244,710,345,360,279,615,398,490
840,1793,421,1064,939,1036,1265,609,396,366,216,296,174,180,628,282,836,432,448,253,574,438,465
880,1746,419,1082,966,1049,1284,642,421,367,219,307,182,169,617,275,790,444,403,266,581,434,473
946,1808,428,1124,962,1054,1259,631,414,418,243,338,195,153,640,303,886,427,457,278,564,428,492
739,1712,395,1008,869,974,1167,598,383,379,234,285,171,146,609,266,802,399,408,255,571,401,451
843,1740,432,1014,884,1020,1219,608,408,405,235,324,177,155,548,242,800,445,429,245,592,399,446
777,1829,404,945,781,949,1177,593,380,388,228,312,172,163,628,283,904,425,454,251,555,411,427
643,1652,383,924,740,898,1141,546,370,360,219,312,165,148,560,250,770,396,409,221,557,381,437
760,1763,418,1002,833,972,1198,573,378,372,227,318,172,173,605,273,829,416,435,234,564,422,425
1032,1888,426,1079,961,1101,1263,706,460,437,244,336,183,158,645,300,924,414,463,260,588,416,482
688,1725,402,898,801,927,1088,563,383,364,222,293,172,166,577,278,828,430,407,224,564,384,425
859,1762,400,1040,872,1038,1188,671,447,395,237,335,176,136,603,269,849,383,443,254,527,373,471
822,1782,400,978,842,1029,1205,633,419,406,240,310,174,165,587,268,826,407,437,240,553,407,440
885,1798,415,1016,910,1018,1219,635,423,426,244,320,180,162,600,267,872,399,442,248,585,414,466
766,1788,388,970,859,1027,1153,612,401,370,211,284,168,163,631,296,870,434,445,234,567,404,420
822,1796,407,998,877,999,1191,619,412,383,228,307,172,139,611,281,874,419,426,240,587,393,462
758,1758,392,975,845,972,1165,569,418,375,221,312,183,153,572,257,792,440,417,222,565,403,438
933,1814,438,1115,982,1050,1328,663,400,397,227,321,172,162,626,272,862,383,437,255,596,430,484
788,1700,379,1004,910,1020,1193,638,405,384,227,304,167,157,598,263,823,389,418,237,571,411,436
621,1633,388,944,726,908,1101,568,373,359,218,288,166,142,541,260,786,370,400,238,564,376,421
749,1684,394,983,979,1008,1122,606,373,378,216,285,174,158,616,276,810,401,420,245,523,392,425
815,1823,395,1009,855,988,1214,596,383,398,215,321,170,170,625,279,875,417,455,241,569,434,465
658,1746,370,903,802,925,1067,535,369,359,213,278,166,142,566,251,842,412,441,224,548,362,421
754,1746,408,1011,772,937,1210,584,410,371,226,323,177,145,584,268,824,407,418,244,564,401,485
777,1876,394,983,804,965,1152,611,365,383,223,290,171,137,639,308,935,447,463,237,582,399,461
719,1820,398,929,805,938,1130,545,379,358,224,295,177,138,615,271,866,462,447,229,583,387,448
790,1798,404,966,831,955,1168,590,392,400,225,308,172,146,591,258,855,416,445,231,583,382,465
823,1762,431,1057,935,986,1171,593,395,374,214,305,177,140,630,272,858,421,428,259,561,383,487
786,1696,417,1021,940,983,1185,600,389,369,212,318,173,162,571,264,822,390,422,252,571,408,471
646,1643,381,943,770,946,1117,565,378,368,212,283,166,154,555,255,770,395,411,220,549,382,420
849,1736,403,1033,853,1003,1153,634,418,396,239,318,189,155,660,302,844,405,427,248,602,400,459
770,1755,407,1007,883,990,1187,584,404,379,218,302,177,164,594,273,838,413,429,254,563,420,454
852,1791,424,1034,956,1028,1233,618,414,390,229,293,176,180,613,273,837,416,428,261,587,426,439
818,1700,407,969,896,1041,1209,629,411,386,225,328,170,145,587,269,831,365,442,249,572,383,459
779,1705,390,954,921,1019,1144,640,398,379,213,280,173,168,563,243,759,395,385,254,588,400,432
672,1752,366,958,782,945,1134,564,357,342,205,270,161,152,585,255,843,410,431,221,560,399,420
703,1660,408,988,785,929,1165,597,365,354,203,308,164,144,567,273,790,363,412,237,551,374,444
828,1666,421,1035,913,1011,1228,633,428,395,225,317,178,145,550,253,750,420,395,266,569,387,485
597,1677,385,892,735,902,1101,520,374,341,198,277,158,167,553,241,791,394,392,203,566,400,390
673,1652,381,926,846,938,1091,542,382,346,210,284,168,131,620,271,824,353,407,235,539,358,422
652,1828,364,874,771,921,1064,496,374,366,224,273,165,153,633,280,897,433,458,208,558,390,388
877,1862,407,1062,980,1014,1171,600,425,387,229,300,185,147,645,290,875,436,438,250,570,388,483
684,1774,391,892,753,922,1132,527,391,361,213,298,171,139,623,275,843,431,438,208,574,398,423
772,1714,392,938,824,933,1158,597,397,398,225,307,167,143,580,273,827,381,430,230,571,391,453
685,1682,402,949,781,931,1157,528,374,362,222,299,167,155,532,228,759,423,405,230,572,398,427
703,1653,395,953,815,958,1159,587,385,378,222,294,172,152,579,260,784,381,407,221,580,400,427
868,1763,412,1036,955,1018,1236,606,418,423,245,326,178,155,593,265,825,438,447,250,591,427,445
784,1715,414,999,845,977,1203,620,400,382,224,328,172,150,575,279,783,391,417,247,552,403,450
828,1775,410,1086,914,985,1189,565,413,368,218,292,173,138,612,263,821,413,435,270,590,387,464
842,1741,400,996,947,1044,1248,624,413,412,238,306,182,167,596,272,828,407,439,241,558,418,467
550,1570,365,878,750,848,1057,512,342,331,199,281,160,130,535,243,745,368,392,218,549,366,404
837,1784,442,990,923,1034,1204,624,420,386,233,315,181,155,595,262,831,418,415,241,574,413,468
760,1651,415,1055,955,968,1206,591,399,370,222,315,173,135,583,262,787,413,391,242,564,379,472
820,1728,400,1059,877,1002,1198,614,406,401,221,323,180,135,582,269,804,398,415,259,578,377,472
697,1658,394,1006,872,946,1162,568,355,360,221,285,158,135,567,252,795,362,385,257,551,385,445
652,1638,385,972,840,946,1114,569,370,361,214,288,164,138,569,260,758,363,372,236,553,359,438
959,1868,421,1145,1037,1080,1269,618,404,393,223,309,186,152,641,283,870,440,456,285,564,419,492
685,1772,384,967,794,934,1153,560,369,331,195,288,158,147,602,263,856,408,448,235,555,394,456
620,1660,364,899,781,920,1091,550,375,353,207,291,166,151,601,265,800,385,417,204,562,387,414
572,1643,350,870,720,871,1066,534,338,338,200,282,160,140,610,279,793,390,402,210,550,371,384
653,1765,391,927,788,942,1120,527,375,350,208,281,172,160,626,275,823,423,432,238,576,374,425
775,1750,393,1016,895,982,1195,595,402,391,217,297,173,157,614,279,822,434,420,248,578,399,443
841,1652,404,1056,907,1032,1213,607,423,385,204,327,173,159,574,261,764,398,399,266,598,403,473
803,1798,427,977,899,986,1158,600,388,383,234,287,181,133,613,271,834,427,425,242,574,397,442
864,1753,436,985,883,1049,1218,660,436,417,230,327,185,164,613,278,809,414,429,240,585,421,482
914,1870,408,1032,900,1029,1254,621,415,406,232,317,186,165,672,301,918,408,476,265,605,431,454
694,1717,390,925,859,956,1098,590,397,364,201,288,164,158,564,256,812,402,417,219,570,390,415
653,1779,383,897,739,911,1104,533,365,353,213,283,170,159,592,267,861,419,417,222,560,393,432
854,1784,409,1027,894,1005,1203,622,416,390,231,317,179,162,616,280,844,440,455,251,578,406,464
743,1672,399,998,890,932,1228,547,381,370,224,302,178,160,601,266,838,371,426,245,568,422,440
852,1717,426,1037,925,1042,1207,670,423,389,216,310,175,153,588,267,835,373,402,264,580,384,463
844,1768,423,1046,923,1013,1217,621,408,383,235,314,170,148,562,254,807,409,399,246,576,400,428
709,1703,397,951,772,952,1156,566,373,354,203,306,159,151,575,267,814,415,410,233,573,393,444
744,1744,409,967,867,972,1140,575,366,370,213,296,176,136,607,264,822,405,432,228,569,384,469
1083,1828,448,1145,1074,1133,1266,723,457,424,245,345,189,143,624,271,888,434,453,297,580,382,515
988,1885,423,1110,955,1083,1264,692,425,389,239,321,178,171,662,298,915,467,464,266,574,418,508
771,1753,402,955,839,989,1179,605,388,372,218,313,173,145,622,281,835,407,447,249,565,367,432
656,1706,371,931,727,892,1067,549,363,342,204,289,169,131,610,294,843,386,451,217,547,359,428
654,1741,373,912,802,919,1098,542,371,342,210,289,172,153,596,266,855,425,435,214,571,376,424
708,1632,419,946,857,958,1126,598,398,361,202,295,169,145,573,255,770,384,414,235,572,377,422
818,1792,412,1065,900,981,1176,569,389,376,225,304,169,136,614,265,810,427,439,263,543,367,475
825,1837,418,1014,878,1006,1209,613,413,401,235,289,169,161,634,281,870,438,451,235,562,412,418
644,1702,411,963,715,906,1192,542,348,347,209,311,166,143,588,259,841,359,435,217,548,407,434
792,1782,415,983,876,972,1148,595,395,378,216,299,177,153,626,284,848,401,449,240,575,382,455
708,1683,413,937,804,938,1096,575,375,385,224,293,180,141,570,250,789,382,409,244,560,377,425
846,2012,429,961,800,941,1203,555,398,389,241,302,181,139,745,325,1067,432,536,234,574,416,465
1011,1854,439,1140,1051,1065,1258,651,439,420,237,315,178,153,619,283,863,429,460,298,596,399,497
850,1760,425,1033,908,1005,1221,642,393,381,223,317,180,161,652,295,830,407,438,257,566,399,454
696,1802,403,986,832,927,1160,498,350,354,203,292,174,154,636,279,874,447,460,213,547,413,420
880,1744,415,1072,987,1069,1258,659,423,385,242,317,175,148,603,272,811,413,419,270,553,401,454
932,1872,423,1012,852,1063,1208,675,434,420,229,327,178,146,651,301,921,401,463,244,574,405,487
838,1697,420,1073,935,1020,1256,618,416,409,244,300,175,164,585,264,795,394,420,272,575,407,470
713,1867,401,877,805,955,1118,563,371,343,201,290,165,145,616,272,871,426,456,212,563,397,435
721,1718,415,1003,762,932,1182,570,373,354,205,299,176,159,586,278,844,413,431,240,577,369,424
1065,1877,443,1161,1087,1140,1302,713,441,421,250,333,186,175,630,300,880,437,452,281,559,431,490
856,1704,436,1066,933,1063,1205,639,420,430,243,322,187,131,597,260,804,424,398,246,566,386,473
705,1828,401,920,835,914,1138,521,362,349,214,294,174,155,629,284,899,448,463,205,580,419,424
817,1750,402,996,929,1022,1196,624,405,385,234,310,181,146,612,272,818,395,398,239,588,411,452
777,1709,415,930,864,1000,1139,600,432,371,230,302,178,150,548,250,806,431,419,224,575,410,453
669,1694,419,978,782,906,1103,532,359,347,216,311,168,129,562,247,799,424,411,234,539,386,451
709,1818,405,931,742,918,1107,530,384,361,215,301,168,142,625,265,851,398,449,239,577,376,447
736,1787,408,1006,838,961,1206,586,371,353,207,292,168,158,635,294,886,411,443,223,581,410,447
562,1705,390,855,690,851,1092,492,333,318,190,262,160,157,587,263,821,393,416,192,564,389,371
742,1678,414,967,801,1007,1161,608,401,361,216,294,169,148,590,272,822,392,409,238,570,418,428
729,1642,403,972,864,981,1188,601,404,385,224,287,163,152,560,257,757,387,380,243,576,383,468
610,1634,394,912,771,871,1061,506,354,353,205,310,168,129,582,252,743,394,389,200,554,341,419
711,1718,386,986,801,934,1178,557,384,371,213,302,179,156,603,260,818,435,440,250,587,393,435
738,1754,426,945,858,957,1141,577,395,375,222,295,170,145,600,271,814,410,417,213,567,393,437
710,1763,403,901,809,966,1129,582,387,371,217,280,168,158,602,268,820,434,435,213,531,404,428
761,1790,407,974,819,943,1179,566,371,370,222,295,173,156,577,264,860,408,438,222,587,392,425
781,1623,405,994,935,996,1158,628,408,385,216,315,174,123,565,253,788,386,413,251,557,372,465
1003,1935,447,1091,950,1036,1329,635,440,395,227,339,204,172,696,322,985,432,499,262,608,439,504
822,1796,424,1023,834,1001,1202,612,412,370,220,319,180,138,602,281,825,428,408,234,553,404,469
942,1806,458,1078,923,1078,1270,649,420,397,249,328,183,157,600,281,871,446,429,274,583,411,490
1016,1765,444,1168,1076,1097,1333,692,460,421,238,324,188,147,623,285,827,404,413,291,603,411,475
714,1765,389,907,786,925,1159,551,383,367,218,282,165,158,630,283,897,378,455,217,572,405,425
1005,1804,445,1105,1085,1113,1286,696,415,391,224,337,187,140,642,302,878,380,440,277,604,399,523
879,1825,448,1026,907,1035,1232,620,413,408,235,327,182,146,627,274,850,443,438,238,573,410,478
833,1880,430,1079,901,1031,1247,631,395,414,225,322,180,152,677,290,938,445,481,258,583,403,483
523,1673,363,840,698,835,1061,481,324,305,192,278,157,128,592,268,827,372,417,199,554,372,398
731,1734,415,934,846,979,1168,560,371,379,219,288,174,153,559,257,786,408,406,217,564,404,442
745,1718,406,967,812,966,1151,580,399,372,228,304,174,138,593,255,808,416,414,233,569,393,464
840,1675,427,1050,974,998,1211,619,413,409,235,305,180,155,545,248,746,425,382,255,549,399,465
887,1778,452,996,884,1045,1218,673,412,400,222,335,178,153,633,293,863,397,433,248,582,398,462
977,1828,412,1073,931,1083,1259,667,431,404,230,352,186,169,635,296,904,413,449,264,594,424,490
729,1756,398,917,862,1005,1114,616,407,367,227,298,171,152,581,267,821,430,427,233,569,401,418
657,1685,390,915,773,940,1132,526,353,356,218,295,174,173,557,255,772,438,391,225,582,407,393
851,1730,410,1045,981,1040,1254,615,381,388,236,304,177,161,615,286,830,382,413,250,558,422,469
663,1672,410,944,799,923,1172,526,370,349,212,297,164,159,594,253,810,404,414,218,574,416,415
754,1749,404,1003,795,952,1184,580,377,360,214,302,177,148,622,282,893,402,433,252,595,414,445
660,1627,399,892,778,928,1128,556,371,388,232,307,172,145,544,245,759,387,386,212,563,384,410
1008,1781,422,1107,1024,1112,1263,678,444,429,257,343,195,145,618,290,849,396,424,273,587,408,505
548,1667,365,849,679,852,1070,482,332,324,200,274,156,142,580,267,791,407,403,207,541,380,412
888,1762,432,1023,941,1030,1222,656,435,401,230,334,189,146,615,286,827,406,436,248,582,412,464
1016,1814,444,1143,1039,1045,1259,656,431,410,241,338,189,152,600,262,847,449,438,284,604,408,485
869,1742,416,1049,898,1074,1208,605,426,410,224,317,179,152,576,269,818,399,414,255,617,390,470
633,1765,382,870,718,892,1085,524,364,340,195,290,160,148,635,273,869,385,447,207,553,385,409
815,1892,417,985,878,971,1235,565,393,379,227,318,182,155,650,277,939,425,474,225,581,417,445
856,1823,394,1052,901,1061,1223,641,418,392,232,302,169,152,627,289,893,418,453,273,559,408,460
801,1723,408,1009,862,1020,1184,636,399,401,225,312,177,140,579,263,822,427,406,254,571,375,458
711,1748,409,958,774,927,1165,563,365,358,200,302,164,163,595,272,869,392,449,231,567,411,425
577,1696,379,865,675,868,1069,517,342,321,190,294,163,135,570,270,827,369,436,202,556,376,414
880,1724,423,1116,1021,1020,1217,634,417,378,232,316,180,129,570,252,784,393,391,265,577,380,487
542,1715,359,900,697,821,1053,465,310,326,195,275,157,130,585,285,864,362,444,211,529,352,380
724,1807,415,925,766,950,1134,530,359,360,215,308,170,151,624,276,845,456,421,195,595,388,436
640,1705,373,887,775,929,1043,569,360,355,207,271,161,135,571,254,808,395,411,219,548,357,412
762,1771,396,1015,895,993,1101,554,390,381,216,302,174,131,606,270,838,433,432,275,569,360,437
803,1725,412,941,911,1007,1223,629,403,406,221,318,175,164,629,286,805,413,424,226,545,414,474
856,1813,428,966,923,1029,1155,670,410,387,222,310,176,135,621,278,871,400,452,231,575,387,452
608,1656,386,887,720,896,1112,562,359,337,208,282,168,150,555,261,794,400,414,216,554,379,422
692,1614,421,953,835,965,1118,582,396,365,223,291,176,144,554,251,728,386,388,228,553,380,440
800,1817,392,965,806,1027,1160,605,404,395,232,287,173,154,592,274,873,444,459,227,567,400,433
908,1857,410,974,885,1038,1232,673,413,415,228,330,175,158,656,293,935,406,473,258,584,417,464
632,1742,371,953,777,870,1137,517,354,361,205,284,163,143,596,263,859,394,439,221,545,366,418
730,1723,408,957,807,947,1179,557,376,377,219,315,174,155,592,265,814,425,413,223,561,402,433
808,1687,417,973,879,1041,1212,630,404,382,230,315,172,135,593,273,805,381,428,242,561,387,454
713,1792,412,958,788,938,1144,568,385,350,214,304,168,147,620,281,888,415,469,207,552,404,428
741,1799,400,970,875,957,1175,549,377,352,221,289,169,141,633,290,872,404,461,239,558,392,423
824,1657,421,1066,945,1021,1241,630,394,390,227,316,177,157,577,263,770,396,387,250,559,416,450
816,1718,401,1013,834,1002,1240,621,410,391,229,330,182,170,622,278,832,420,430,260,561,425,454
965,1838,435,1095,983,1045,1179,645,420,403,228,308,190,143,590,275,850,461,430,275,579,393,471
692,1764,397,883,803,955,1066,560,381,366,221,289,171,138,576,256,819,421,429,207,546,382,421
709,1726,398,966,819,922,1135,543,361,385,221,308,183,145,587,257,831,431,425,219,567,388,457
853,1845,410,965,831,1021,1188,640,405,408,234,302,178,169,675,318,930,425,459,224,565,433,472
909,1704,437,1069,949,1088,1210,672,425,409,240,318,177,146,593,265,790,420,418,273,574,396,493
747,1698,400,1010,871,982,1153,600,401,380,209,287,167,146,584,257,801,399,423,254,574,381,436
687,1763,385,910,752,916,1109,520,373,369,225,312,181,151,601,270,816,431,422,214,573,393,449
739,1715,397,986,898,982,1143,605,380,368,211,294,163,165,560,257,792,415,425,253,550,384,425
994,1793,437,1147,961,1038,1295,640,444,421,243,350,204,170,638,273,827,449,417,270,586,437,482
934,1697,459,1065,994,1066,1271,673,418,418,232,354,175,135,572,270,822,372,422,272,565,391,485
819,1818,417,1016,833,1024,1200,603,386,360,222,319,180,129,650,293,898,402,454,235,580,405,477
853,1793,430,1065,857,982,1213,611,432,391,223,327,185,143,583,262,845,436,430,262,567,415,475
890,1708,441,1091,988,1055,1277,635,397,371,207,323,170,162,595,295,801,398,422,272,567,424,445
764,1707,386,1000,898,996,1128,614,420,361,204,310,172,137,585,268,812,380,410,248,548,368,433
799,1827,402,955,778,1022,1127,628,399,388,216,310,174,137,642,291,892,429,477,240,556,385,452
791,1658,412,1018,914,1032,1165,634,415,410,232,305,170,142,561,268,802,394,417,255,569,371,435
654,1671,419,1006,773,989,1214,596,383,369,208,312,174,161,596,270,824,390,423,247,556,420,429
1170,1793,453,1199,1137,1220,1323,754,471,427,245,350,190,160,627,302,848,400,443,313,585,386,517
681,1757,388,931,812,925,1086,567,374,360,206,307,176,140,606,290,837,439,420,218,542,370,417
705,1644,394,971,861,972,1089,566,406,393,226,299,168,131,564,256,768,396,397,252,548,357,422
780,1741,404,939,813,994,1149,608,411,388,229,313,182,151,589,277,821,411,434,222,553,386,457
617,1703,388,904,778,916,1062,506,358,326,209,283,174,135,591,267,802,425,417,207,547,369,408
683,1772,398,922,738,930,1116,558,374,351,210,295,173,149,652,303,889,380,453,221,569,379,427
866,1762,406,1006,932,1025,1197,633,402,413,238,308,190,158,605,272,801,426,390,241,580,408,448
632,1690,395,908,764,893,1037,560,362,346,211,285,167,137,570,250,790,398,404,232,566,365,416
854,1814,422,1004,915,1038,1191,655,430,427,239,306,174,137,648,287,878,421,442,233,549,414,455
652,1689,403,916,781,924,1119,536,353,342,210,282,162,142,566,264,817,394,427,205,554,398,408
654,1815,394,864,770,909,1083,515,360,340,203,268,165,151,607,279,870,427,445,214,559,387,421
863,1762,405,1008,899,1026,1188,664,414,424,236,312,170,144,597,265,813,428,425,258,575,376,445
826,1685,439,999,909,1024,1183,642,397,399,221,333,168,132,584,267,796,361,397,244,583,382,475
850,1755,434,1035,936,1065,1217,636,420,364,220,300,177,161,599,263,816,410,420,261,598,425,456
980,1920,462,1092,1045,1028,1200,604,417,376,215,313,183,124,660,275,892,476,461,257,605,400,481
792,1848,415,959,857,986,1145,599,400,403,226,295,173,140,623,280,915,400,476,252,565,383,444
882,1793,388,1045,1009,1097,1149,671,396,392,231,295,173,145,647,285,874,419,452,270,551,376,463
755,1712,406,1043,878,960,1184,589,380,369,211,304,165,142,543,260,778,404,407,248,551,377,441
634,1765,416,930,749,877,1163,491,344,355,208,284,162,163,608,273,860,426,441,216,559,415,422
828,1802,410,1047,928,1022,1172,607,360,366,208,298,168,143,628,280,885,435,447,246,564,392,449
835,1737,408,1078,900,1027,1200,623,410,424,245,310,175,165,590,270,814,408,425,274,574,431,443
742,1733,410,961,800,949,1144,580,405,371,233,301,172,139,590,261,823,414,407,228,571,389,444
686,1778,392,977,769,913,1131,531,359,364,211,295,168,140,611,272,849,430,447,244,580,368,450
969,1747,428,1116,957,1108,1302,678,447,404,235,345,185,148,599,290,855,369,455,270,610,419,496
877,1777,420,1073,979,1025,1132,616,393,380,221,306,178,135,627,275,839,405,432,268,580,375,480
958,1751,419,1126,1047,1080,1204,656,428,405,240,322,176,152,607,274,819,416,445,286,573,403,487
637,1580,394,975,754,900,1154,564,355,355,214,315,167,156,533,234,733,374,392,222,555,394,418
823,1815,407,1081,869,979,1243,596,405,394,241,322,177,173,581,277,844,438,441,264,567,425,439
688,1731,409,903,733,929,1132,561,381,386,226,312,170,143,638,278,823,391,429,214,531,388,423
763,1727,440,976,843,950,1183,575,389,381,227,301,177,134,583,269,789,394,407,237,581,407,475
964,1800,432,1114,977,1064,1319,658,437,397,238,325,184,155,626,290,873,416,444,288,577,436,479
895,1721,452,1083,987,1014,1207,602,415,399,219,329,179,145,649,284,846,412,445,285,575,390,500
853,1834,411,1089,903,979,1229,595,413,412,241,319,181,167,623,296,867,479,431,263,582,415,467
691,1697,415,923,836,958,1084,590,392,362,210,294,178,130,591,267,795,396,426,232,561,373,448
705,1730,408,976,832,963,1137,550,371,348,226,298,171,127,598,271,795,406,412,255,563,374,453
688,1712,395,972,819,946,1096,542,370,367,227,292,175,139,564,255,806,421,430,245,566,378,415
746,1752,394,954,781,977,1161,603,397,387,226,299,171,159,604,281,853,409,438,238,552,401,456
686,1735,404,922,749,959,1113,566,373,342,217,305,175,135,582,264,804,426,415,214,556,377,433
821,1770,428,985,875,985,1189,606,400,391,227,308,181,144,600,278,853,408,442,249,570,399,460
919,1771,420,1065,969,1055,1252,642,415,397,240,312,187,152,607,268,794,426,436,267,575,415,485
784,1775,412,987,822,998,1161,601,405,359,217,320,175,144,597,269,845,416,439,250,548,392,472
805,1792,403,1023,852,991,1235,615,400,376,227,307,173,169,606,272,863,406,456,260,564,404,442
700,1721,415,983,773,933,1157,570,369,338,203,288,166,142,585,276,872,394,463,248,574,388,413
937,1849,458,1034,851,1048,1187,617,416,418,234,338,191,160,622,288,884,414,461,256,606,418,502
741,1702,415,964,796,978,1161,596,405,405,235,292,170,143,600,266,800,390,410,240,586,372,441
771,1811,413,987,804,968,1162,555,394,363,237,300,181,151,623,287,881,444,477,266,565,401,440
919,1844,433,1107,895,1025,1283,640,420,429,239,328,189,168,642,287,868,450,464,265,591,432,477
567,1667,361,875,719,847,1024,534,321,329,200,285,163,139,559,266,856,367,444,212,544,350,393
886,1717,448,1018,840,1079,1230,672,424,395,226,336,188,139,604,273,801,422,429,240,597,397,471
717,1750,388,963,837,960,1159,560,375,385,207,298,166,168,581,252,852,400,447,243,560,399,430
759,1795,378,985,792,973,1186,571,376,361,222,301,184,156,661,303,904,413,475,240,561,419,462
982,1794,421,1101,998,1085,1233,692,437,405,235,320,182,146,588,279,823,430,438,270,563,393,490
715,1696,409,934,809,949,1142,569,389,390,230,300,181,153,596,264,829,411,438,233,551,395,424
839,1788,417,1025,863,971,1236,621,394,401,226,313,178,153,621,280,888,397,455,236,564,400,453
773,1700,404,938,848,1020,1157,640,405,401,236,317,182,155,558,256,789,409,412,237,562,380,448
659,1719,395,859,765,918,1107,546,351,353,224,279,170,155,605,282,804,390,410,198,534,398,415
806,1834,405,958,866,999,1155,581,400,375,221,302,178,148,623,273,868,388,442,243,567,398,465
777,1790,387,1004,871,962,1175,586,386,362,222,292,181,170,625,291,874,427,438,245,566,405,417
715,1777,394,927,771,917,1159,574,344,362,201,287,169,145,632,287,884,375,441,232,584,394,434
646,1719,383,924,776,880,1104,544,368,333,217,303,177,145,569,266,828,406,441,206,571,381,432
677,1655,383,918,824,956,1129,590,369,378,225,302,174,150,570,263,771,393,421,226,548,397,416
868,1725,411,1031,890,1033,1240,665,415,405,227,308,178,138,592,260,818,390,429,258,563,395,473
694,1771,377,914,808,934,1107,551,373,366,213,276,164,148,601,281,858,400,435,214,570,379,421
569,1619,378,840,735,863,1074,541,345,337,201,294,163,133,529,240,745,380,373,216,538,358,412
728,1777,394,974,759,948,1161,557,380,380,225,303,167,158,588,264,824,431,409,217,563,406,448
793,1782,424,979,826,965,1193,596,372,374,206,310,178,127,666,308,905,362,472,241,575,398,449
904,1797,395,1034,931,1072,1207,647,420,404,228,290,173,153,610,268,833,423,449,259,558,398,458
873,1768,403,998,866,1046,1175,658,439,424,245,322,179,140,597,267,807,433,430,262,567,381,478
832,1840,419,1000,794,985,1158,601,415,385,231,317,174,147,653,305,920,414,480,237,592,396,440
741,1622,390,990,956,980,1162,589,385,367,221,310,172,150,544,249,738,389,406,247,579,383,444
845,1810,403,1001,863,1017,1214,615,390,402,233,301,181,162,628,285,863,425,440,244,591,420,469
655,1662,410,899,816,901,1122,546,363,350,209,292,176,143,535,243,787,386,417,225,552,388,428
630,1724,381,891,748,902,1103,504,340,368,208,280,161,161,600,266,821,436,426,206,551,400,391
793,1738,437,977,844,999,1229,626,412,364,212,308,176,166,610,285,841,392,441,234,552,422,472
690,1638,400,974,844,951,1154,586,368,371,217,295,170,148,539,240,735,393,392,226,553,382,429
795,1797,399,1029,850,994,1185,601,390,365,217,291,173,151,619,285,864,406,446,250,576,404,455
717,1767,383,923,833,965,1112,582,377,353,212,286,168,154,593,258,816,391,434,228,561,386,445
881,1792,439,1076,935,1039,1276,629,412,387,232,321,183,173,615,274,872,397,442,268,594,440,440
620,1695,372,905,752,886,1114,540,345,336,205,286,167,156,614,282,840,366,454,222,564,387,425
908,1785,420,1084,865,1025,1250,633,416,411,247,347,190,152,635,274,861,439,448,262,577,397,504
776,1696,387,1043,863,992,1221,602,392,376,222,311,168,164,561,255,791,410,425,257,567,408,435
779,1733,415,969,853,982,1179,596,403,379,223,309,179,151,642,288,860,429,446,235,579,391,449
815,1803,423,977,844,1008,1199,616,403,382,233,305,171,159,645,293,862,379,453,254,550,400,440
914,1812,425,1029,997,1055,1235,642,395,396,239,315,175,150,618,277,877,420,465,266,552,385,452
907,1825,409,1029,1036,1065,1180,651,402,373,223,295,167,157,630,283,874,427,461,275,562,395,451
851,1875,435,1015,896,1004,1239,611,399,378,221,325,179,150,636,300,935,403,473,236,568,420,441
788,1862,411,1002,797,958,1174,579,385,396,233,300,181,172,645,289,890,468,471,248,565,420,441
476,1575,364,775,664,812,966,477,327,315,200,244,145,138,516,228,719,375,365,185,562,358,360
773,1731,411,975,860,990,1136,595,412,366,225,302,175,147,594,265,809,399,437,233,557,403,443
757,1692,389,1055,869,972,1204,616,386,363,200,294,163,170,566,255,780,404,416,267,549,414,449
715,1847,396,928,805,942,1106,534,385,363,224,275,175,146,635,297,900,412,464,226,545,380,427
610,1653,361,893,710,891,1092,494,369,354,208,286,167,153,577,260,791,392,423,222,554,389,384
693,1778,383,922,768,930,1115,546,351,351,216,320,162,150,651,288,940,357,486,220,552,406,421
834,1817,408,974,958,1052,1177,630,409,357,216,284,172,156,635,277,842,407,456,246,555,405,425
787,1663,427,1016,869,962,1177,617,418,391,235,315,176,142,562,256,785,391,400,251,550,392,453
791,1811,399,991,854,960,1142,575,383,375,223,294,180,152,631,292,858,425,457,263,575,405,437
686,1824,418,954,739,923,1143,510,374,348,216,302,177,145,618,278,873,452,452,234,549,404,415
701,1734,379,951,818,923,1117,557,363,337,212,289,169,159,607,279,820,407,437,240,555,396,422
734,1700,404,992,833,950,1188,607,410,391,222,322,178,136,597,267,825,386,411,240,565,384,451
836,1800,394,1045,883,1009,1197,611,389,382,214,303,172,154,582,273,885,413,475,257,563,393,462
790,1752,422,991,853,1004,1205,620,396,398,237,305,175,151,572,268,835,421,420,252,554,417,441
828,1857,414,978,882,984,1158,591,385,410,234,300,178,154,622,281,910,419,472,252,578,373,447
893,1835,419,993,895,1056,1170,622,419,412,242,294,173,157,624,290,859,453,442,255,576,406,450
809,1667,415,1092,971,999,1253,610,390,388,225,298,170,163,575,264,784,398,400,267,555,411,445
589,1591,387,863,744,892,1082,546,351,350,201,270,157,129,568,270,765,362,409,208,557,381,395
790,1656,411,969,861,995,1186,632,436,395,238,318,183,150,602,285,788,376,423,243,566,367,442
757,1777,402,974,811,964,1172,599,353,355,215,300,178,164,598,265,857,424,437,235,555,398,438
827,1767,409,1039,964,994,1174,584,391,379,229,287,172,141,600,267,826,406,430,257,561,379,453
817,1845,405,956,819,988,1134,594,400,402,230,291,172,138,615,295,878,445,457,233,615,400,454
750,1683,414,931,864,982,1128,592,390,379,226,293,178,143,587,262,788,394,399,232,576,386,440
653,1818,394,913,741,889,1079,519,341,358,204,291,167,137,585,267,852,423,437,222,573,381,404
916,1720,437,1069,994,1063,1283,643,433,403,229,317,179,154,574,256,762,424,402,270,571,415,473
739,1740,413,978,779,1000,1155,591,389,354,216,302,173,142,611,278,872,372,434,226,569,385,428
822,1758,429,1021,859,1007,1194,635,392,360,224,310,176,144,623,275,829,438,425,247,582,372,474
790,1707,416,1015,902,1006,1197,623,396,369,224,319,173,139,565,263,783,412,408,251,574,388,448
755,1706,402,961,823,994,1156,607,396,363,215,300,165,154,641,290,829,400,432,235,572,391,440
927,1745,434,1085,987,1079,1302,667,418,396,226,332,180,152,611,275,804,398,426,274,557,412,483
836,1733,423,1065,992,989,1271,595,393,354,208,300,172,159,588,267,812,396,433,262,586,397,460
740,1740,399,985,879,988,1135,603,390,352,210,271,163,151,583,268,818,425,435,245,563,375,437
705,1768,408,920,754,928,1156,554,382,360,221,306,182,156,611,283,825,408,431,218,566,404,434
799,1800,413,1018,828,961,1203,581,405,383,230,314,183,160,607,279,853,408,439,235,558,400,463
710,1756,396,927,819,939,1149,565,382,367,216,300,176,163,623,279,843,428,443,228,565,413,419
642,1758,394,875,764,895,1093,510,363,365,217,270,168,152,586,247,808,421,423,210,536,391,401
952,1818,456,1030,923,1074,1168,680,441,402,235,342,190,133,630,288,864,398,468,262,590,402,488
980,1797,450,1172,1016,1022,1352,621,404,400,229,321,180,167,561,252,811,444,417,295,604,437,475
777,1891,396,917,777,925,1130,576,374,374,219,288,172,148,655,303,971,414,494,232,571,396,443
890,1858,437,1005,846,974,1253,597,413,404,244,327,182,174,670,301,912,426,470,240,589,438,469
942,1873,440,1076,858,1036,1257,643,403,395,237,340,182,162,618,292,913,391,477,253,608,399,467
679,1672,402,966,767,929,1199,563,371,368,211,301,165,158,571,264,774,364,390,225,561,417,425
797,1659,397,1050,925,1026,1209,629,432,402,240,300,175,152,562,254,773,408,412,253,569,385,459
726,1711,404,934,802,961,1132,584,385,372,221,307,166,133,574,262,824,400,420,248,563,379,446
1005,1735,447,1195,1016,1071,1375,688,442,377,229,349,186,150,607,268,804,411,424,285,578,418,527
674,1807,396,919,785,911,1092,529,362,341,216,291,171,156,596,269,837,466,425,226,571,392,420
598,1700,401,908,708,870,1120,479,370,327,194,274,167,151,638,272,779,407,419,213,553,389,440
706,1702,394,959,809,954,1172,563,394,365,216,280,173,143,592,255,794,420,411,240,552,385,417
698,1810,403,917,781,938,1144,523,382,348,209,298,171,155,626,286,848,436,449,226,559,404,425
890,1807,408,1043,932,1032,1165,626,420,413,247,315,183,138,592,269,846,406,435,270,565,388,451
711,1710,399,963,815,955,1133,580,393,374,209,282,168,140,540,248,785,393,425,234,578,383,414
898,1804,449,1084,892,1043,1254,629,421,385,224,327,186,146,664,293,888,396,458,260,579,388,479
856,1738,417,1054,913,1028,1200,613,414,394,228,309,181,153,597,265,825,415,431,262,571,397,461
753,1814,401,952,831,971,1146,593,386,367,214,286,163,149,635,296,890,411,467,240,539,395,433
671,1795,395,927,755,907,1124,526,350,355,206,282,168,165,643,303,889,409,476,227,532,415,429
764,1652,418,1035,891,994,1187,620,403,393,224,315,170,139,561,242,766,381,408,242,569,374,450
749,1721,403,985,823,940,1148,576,387,395,222,319,176,146,630,285,854,361,454,234,571,391,435
665,1674,412,910,753,930,1114,579,364,344,208,301,167,142,550,265,791,377,404,218,568,391,417
875,1843,425,994,869,1025,1228,628,381,387,210,350,184,158,603,282,887,386,449,247,589,409,475
829,1801,400,1004,862,980,1209,609,405,415,240,305,186,154,625,277,846,409,440,240,606,395,449
687,1780,411,901,725,910,1138,537,365,353,221,300,174,141,642,293,883,392,453,218,547,405,415
692,1662,375,927,878,929,1089,593,367,375,210,258,160,134,581,268,774,382,439,233,552,369,403
772,1712,393,995,881,999,1199,592,389,387,221,305,169,159,585,261,820,392,425,248,541,385,441
886,1778,427,1089,1015,1041,1194,612,389,384,222,305,180,160,591,271,823,421,439,282,572,403,457
745,1771,391,953,828,972,1165,577,392,344,212,295,184,159,595,282,836,432,425,222,556,416,434
648,1608,385,860,749,951,1076,579,402,363,223,290,167,150,542,250,762,365,390,228,573,382,394
840,1682,425,1002,921,1033,1218,626,405,382,227,334,187,155,557,255,805,367,445,250,567,395,474
788,1778,416,1000,861,968,1208,557,386,378,225,298,188,149,590,265,802,450,424,254,557,408,445
1095,1857,430,1143,1050,1093,1287,702,458,435,267,330,199,150,652,293,858,452,469,293,593,412,485
762,1744,423,953,852,970,1185,569,380,372,215,294,177,152,592,282,820,402,427,234,575,406,433
1112,1832,461,1174,1169,1120,1319,680,441,400,232,293,182,152,636,292,838,464,429,312,586,421,542
645,1622,387,919,772,941,1098,561,381,369,228,293,170,134,561,242,748,382,368,224,544,370,414
714,1742,421,948,778,956,1135,567,380,372,228,315,182,139,594,270,817,446,421,222,542,403,422
902,1777,420,1024,973,1109,1275,674,412,393,241,322,179,172,612,275,819,426,422,251,589,443,450
937,1822,421,1089,1028,1079,1265,645,396,412,243,303,182,161,596,270,820,437,441,276,575,413,459
813,1748,436,1036,913,1020,1154,618,409,373,224,302,180,130,557,250,801,447,416,257,562,359,474
821,1836,410,1004,839,1004,1188,601,403,370,230,315,179,133,581,267,863,444,447,257,552,364,465
1014,1748,433,1124,1050,1094,1294,659,409,427,246,345,184,152,595,265,789,420,423,278,584,408,512
795,1712,405,1004,865,1009,1145,601,409,378,226,318,181,149,581,260,796,401,431,265,561,380,456
811,1820,432,1011,894,992,1136,615,391,372,220,307,172,146,631,275,900,429,466,260,566,384,449
708,1823,398,958,774,944,1148,563,363,333,216,290,174,147,623,276,866,444,443,219,557,403,429
695,1690,407,976,790,907,1139,568,377,372,224,306,169,138,588,267,810,398,424,239,562,382,430
674,1572,393,939,915,983,1098,574,383,365,216,275,172,137,566,250,707,369,395,235,555,379,424
985,1875,465,1080,944,1053,1306,662,438,403,233,310,182,163,638,288,878,440,456,244,570,441,485
781,1811,419,919,747,954,1182,557,379,397,231,329,177,154,611,276,877,422,445,227,574,398,453
734,1599,400,995,916,981,1177,591,397,369,218,295,170,141,573,247,751,370,403,248,555,395,437
977,1777,436,1131,1015,1065,1231,651,424,411,246,330,183,154,595,276,817,412,427,286,578,413,497
806,1730,400,974,864,1014,1191,652,421,395,224,295,178,143,621,277,842,379,442,248,557,387,450
866,1778,413,1050,922,1021,1217,635,413,395,229,303,177,158,612,272,832,418,450,265,552,405,450
639,1692,396,912,779,876,1078,528,354,353,200,282,169,131,565,246,805,398,421,236,544,368,398
800,1850,421,972,841,963,1212,579,399,380,224,305,180,147,602,278,890,405,451,225,567,401,460
893,1751,405,1057,921,999,1288,630,415,413,238,344,187,157,634,274,836,416,421,271,586,418,468
741,1764,417,964,825,922,1161,552,370,385,221,307,185,163,581,277,836,417,442,230,561,412,445
811,1813,423,999,804,998,1225,610,368,388,225,305,170,151,682,300,942,388,489,248,568,394,445
851,1772,386,1072,959,1036,1244,617,407,384,217,327,172,152,627,265,848,404,435,253,579,386,459
816,1802,419,1036,858,1008,1211,605,412,379,224,309,185,142,619,281,865,416,468,250,574,418,448
741,1722,386,925,783,979,1155,579,379,368,203,310,176,159,604,275,814,402,431,223,577,405,435
875,1829,425,1016,862,1027,1202,633,421,390,224,301,175,155,645,298,884,412,474,238,586,418,446
808,1890,401,979,901,984,1145,564,385,349,213,289,175,163,671,290,905,472,462,248,564,401,422
933,1807,434,1066,905,1030,1299,658,427,414,236,335,183,158,605,270,876,387,457,268,600,418,484
727,1640,388,975,799,981,1209,615,371,378,215,321,173,164,589,277,777,369,408,234,567,398,436
869,1752,415,980,863,1040,1194,653,440,401,223,299,167,153,659,298,917,376,485,243,549,402,447
706,1675,416,947,770,939,1153,572,387,371,221,300,167,146,571,260,846,379,441,220,564,387,423
872,1782,427,1050,917,1046,1213,647,395,350,205,306,164,133,625,274,854,425,459,258,585,389,461
746,1881,413,976,856,939,1176,548,367,337,216,305,180,150,640,292,906,441,466,247,544,405,454
841,1831,404,988,865,990,1222,610,416,418,241,320,187,165,625,288,866,442,439,233,590,405,471
803,1806,435,994,845,995,1194,584,394,371,220,306,171,148,602,277,859,414,457,252,585,404,450
785,1849,386,945,827,985,1191,568,409,372,222,284,176,177,665,307,930,427,503,229,554,441,439
837,1728,403,1075,936,998,1253,621,416,417,236,292,180,165,592,261,820,396,423,272,560,414,442
804,1741,413,1032,867,1006,1217,608,391,381,229,304,178,148,602,272,816,426,429,249,571,408,445
664,1687,392,947,805,918,1116,542,361,355,214,297,172,141,603,262,830,391,427,226,566,373,438
708,1778,382,952,819,930,1129,523,374,356,203,296,171,149,574,266,837,437,441,230,575,379,423
795,1651,436,1016,823,984,1233,612,401,388,225,332,173,145,546,260,777,393,402,240,556,393,466
1000,1827,409,1076,992,1087,1261,690,439,406,246,330,188,169,598,272,835,445,428,254,603,413,481
1044,1806,429,1190,1097,1110,1313,677,430,407,239,334,184,156,599,265,835,418,426,283,584,422,509
881,1788,417,1033,939,1038,1165,630,422,403,228,297,181,141,619,270,857,405,449,272,582,386,469
603,1733,398,824,757,899,1044,539,354,321,200,275,162,143,591,277,892,375,453,202,544,377,415
823,1886,400,952,762,1020,1176,572,408,383,227,305,173,168,632,287,900,447,463,222,586,431,447
755,1807,395,928,766,995,1209,578,367,329,202,293,170,162,647,279,845,435,448,231,560,422,445
819,1826,408,1013,881,1012,1194,614,392,389,221,298,176,139,610,277,865,432,457,240,570,392,450
659,1740,407,903,770,911,1140,549,361,370,221,270,164,151,570,254,807,427,408,216,570,415,420
893,1911,411,1054,1004,983,1212,592,401,398,238,297,182,170,651,292,868,460,458,258,572,406,438
772,1770,429,1006,872,983,1155,575,370,332,199,322,171,145,613,271,879,400,475,272,583,366,447
613,1785,388,872,713,867,1082,485,349,358,220,278,161,139,601,267,832,415,421,205,561,386,413
789,1713,408,1027,825,974,1203,602,404,396,224,313,179,146,598,255,784,427,419,260,589,400,468
905,1782,396,1038,965,1066,1245,676,445,409,226,315,174,160,589,264,843,410,438,264,574,403,455
605,1685,388,919,688,864,1122,518,372,319,201,305,166,149,605,253,817,379,423,225,536,381,433
792,1873,418,1011,787,962,1207,560,377,374,226,335,189,150,646,294,872,468,454,249,567,399,488
922,1763,444,1053,939,1058,1274,657,440,425,245,306,181,150,599,267,824,418,431,257,590,413,475
747,1778,412,908,802,983,1172,604,386,386,217,286,163,164,619,292,893,372,462,227,559,406,421
798,1827,415,986,878,982,1175,593,382,378,220,306,170,143,622,280,872,421,464,238,545,401,459
698,1797,419,959,791,920,1169,539,362,395,232,318,178,147,611,278,874,413,438,239,562,388,442
1067,1821,422,1115,1025,1121,1299,727,471,466,243,335,187,143,618,261,827,420,438,281,583,413,488
670,1746,374,924,815,950,1119,530,374,333,207,267,163,162,584,262,805,429,426,223,550,410,421
954,1819,422,1103,986,1024,1267,662,427,401,233,318,179,158,659,290,845,424,452,287,566,420,459
1011,1766,413,1050,985,1124,1294,701,438,424,242,341,183,160,610,293,857,411,461,255,587,426,497
744,1765,405,994,773,919,1211,571,375,390,228,325,174,150,625,280,863,411,446,237,556,405,466
678,1696,382,928,794,928,1086,566,383,343,214,291,169,154,573,255,792,399,407,233,556,371,411
939,1752,433,1079,903,1064,1291,655,435,428,235,341,183,158,605,280,841,382,434,277,583,422,471
715,1689,423,953,839,958,1142,568,390,376,216,308,176,143,546,247,775,388,411,251,550,373,426
1005,1733,429,1156,1030,1124,1317,729,427,404,240,328,183,166,592,262,791,406,438,291,562,430,500
742,1726,390,980,841,955,1137,561,372,393,228,298,179,137,588,261,807,421,420,234,549,382,425
873,1802,422,1061,976,1009,1253,647,396,395,227,304,176,157,619,283,844,393,434,270,572,409,478
708,1715,396,934,727,960,1125,577,398,367,225,302,178,147,596,272,855,400,453,242,544,390,409
729,1767,382,968,833,962,1147,569,394,354,220,281,177,153,608,271,839,395,449,229,552,386,436
696,1770,382,916,764,956,1124,589,384,364,243,278,174,138,603,270,849,402,432,223,553,378,409
657,1730,373,856,719,891,1084,533,353,365,209,288,165,153,628,287,912,363,457,224,571,372,394
724,1655,402,943,789,965,1163,585,406,385,218,300,164,163,569,261,780,389,403,228,578,410,422
794,1699,427,1015,890,980,1252,598,396,394,221,328,177,168,612,274,821,387,419,257,553,424,455
998,1771,439,1101,1014,1108,1291,702,448,411,236,324,194,162,625,288,861,416,441,285,577,424,477
778,1660,420,976,901,987,1224,615,387,380,217,302,177,150,589,274,767,372,414,258,577,405,439
714,1903,423,900,714,909,1141,526,370,347,220,275,173,132,665,315,963,433,497,214,583,401,425
710,1752,419,964,775,940,1146,532,375,377,225,301,174,143,596,267,827,415,438,220,560,384,437
834,1714,426,1039,886,1025,1214,640,406,396,230,308,184,147,599,273,779,427,416,267,569,400,470
937,1824,430,1016,913,1054,1230,653,433,417,232,339,178,176,605,287,904,406,469,260,579,434,473
793,1787,407,997,909,968,1169,582,397,393,227,300,175,140,592,278,865,423,455,249,569,365,445
905,1809,418,1058,879,1005,1247,630,400,418,229,333,184,150,645,300,898,400,463,242,574,429,476
705,1691,388,979,812,940,1184,570,378,375,237,285,174,159,555,258,790,392,401,219,576,407,428
1002,1802,427,1111,1025,1105,1263,687,433,433,247,332,191,149,626,271,847,411,436,287,565,403,480
915,1740,431,1083,1001,1033,1282,671,423,400,231,309,179,147,564,251,803,417,413,259,557,395,480
735,1692,423,1002,805,971,1216,569,375,356,214,310,174,161,585,251,807,407,418,241,574,402,459
651,1732,387,1007,726,878,1151,495,353,361,216,288,171,151,579,256,821,452,424,250,568,387,433
822,1759,403,1005,855,1018,1219,625,400,376,220,306,179,153,602,285,852,393,453,227,570,403,459
946,1886,421,1062,1003,1080,1190,672,412,396,235,310,183,156,660,298,928,407,481,288,575,416,456
788,1828,450,948,836,974,1144,606,370,365,206,307,167,145,591,274,896,412,460,235,566,402,433
707,1664,423,944,887,942,1165,582,368,376,197,282,167,150,570,268,782,379,429,245,558,394,432
768,1750,398,981,836,1008,1179,614,387,363,208,300,158,130,582,267,867,380,449,238,572,382,443
780,1857,402,888,754,956,1147,581,368,381,231,315,181,171,660,294,930,439,490,225,557,434,422
901,1775,409,1019,910,1058,1220,662,408,431,233,330,178,139,615,288,857,401,460,261,573,398,455
757,1783,414,929,807,969,1159,595,382,389,230,285,180,153,605,273,787,431,446,230,567,397,446
1033,1908,445,1089,959,1080,1296,661,424,412,238,327,202,175,686,307,936,423,486,255,590,442,482
658,1748,404,926,759,904,1104,527,358,330,210,297,162,137,557,252,833,400,443,221,573,400,399
860,1682,465,1035,939,992,1178,622,433,406,233,317,186,139,605,258,761,400,407,260,587,391,476
907,1891,437,1031,897,1054,1237,622,415,403,233,322,188,142,635,298,903,451,462,229,585,418,472
725,1728,410,978,808,951,1161,593,401,380,213,302,171,159,584,250,794,406,412,236,571,402,402
742,1720,411,910,730,925,1148,573,388,387,240,323,180,164,582,276,830,405,444,225,574,392,435
708,1804,380,902,834,957,1085,580,369,362,216,259,166,137,639,284,893,401,461,223,548,377,410
758,1760,410,937,837,974,1136,602,412,403,241,287,173,154,614,282,844,399,424,233,554,401,399
613,1700,387,978,742,875,1167,521,352,328,200,290,167,166,600,264,827,401,423,233,572,398,424
756,1679,410,1041,908,992,1205,614,386,358,206,305,174,156,559,254,788,403,412,248,580,404,457
757,1707,405,983,882,980,1119,628,393,388,219,295,168,129,589,258,831,381,449,244,563,364,433
664,1698,372,966,814,923,1129,538,358,358,206,305,173,150,596,261,812,408,427,246,571,395,419
656,1643,378,941,766,909,1139,562,380,392,207,285,154,148,586,262,811,370,425,224,544,397,390
550,1597,394,873,759,885,1041,500,329,325,195,272,165,146,523,247,737,394,399,217,547,370,391
572,1693,370,918,701,848,1106,494,332,315,193,282,177,139,618,274,856,401,456,218,537,384,408
783,1801,393,983,865,979,1173,605,405,390,233,312,180,142,614,279,863,432,441,246,553,382,435
637,1760,400,899,754,903,1139,493,351,346,209,288,169,165,606,271,845,413,440,210,557,412,410
881,1741,420,1142,934,1070,1218,668,413,381,204,320,168,147,596,268,818,407,438,294,547,386,479
681,1702,389,912,736,937,1119,574,369,368,210,297,169,175,624,285,853,382,449,241,561,408,398
690,1728,407,943,781,940,1104,551,384,372,217,304,170,132,562,254,828,419,423,234,551,388,416
994,1955,428,1060,938,1065,1241,664,428,390,244,340,185,158,662,300,946,435,503,274,583,407,490
702,1667,381,940,794,956,1142,574,392,370,221,296,165,151,564,260,815,367,411,226,550,375,411
766,1764,380,1043,768,941,1194,588,376,374,211,304,173,152,619,268,858,416,454,247,584,396,449
701,1744,410,954,791,938,1169,551,368,390,220,282,163,151,597,255,823,404,421,221,583,401,424
752,1877,409,911,815,947,1144,550,375,360,219,294,176,144,676,297,922,436,485,231,552,386,454
978,1878,404,1122,1014,1060,1243,641,419,402,244,323,183,155,651,294,897,433,462,285,583,406,493
882,1792,428,1029,838,1005,1221,636,427,391,247,335,190,129,614,275,876,425,454,247,586,395,487
959,1895,416,984,989,1116,1182,660,441,412,234,303,183,139,649,301,906,440,452,259,548,383,460
722,1628,409,1020,813,936,1188,557,377,379,231,302,164,148,561,252,745,388,384,257,572,387,457
737,1717,367,1010,846,974,1174,616,387,359,221,295,168,146,579,257,830,397,426,241,546,380,420
720,1673,416,959,761,926,1185,564,379,367,201,317,165,143,558,254,825,371,428,238,571,348,460
778,1732,383,975,828,952,1175,609,387,393,221,307,168,159,597,284,843,376,441,235,591,399,433
809,1693,377,1009,984,1011,1165,605,394,385,226,299,168,150,596,275,797,412,428,250,569,377,441
837,1783,423,1014,894,1001,1201,612,409,401,218,323,178,140,599,264,853,416,443,250,570,399,448
917,1802,407,1048,991,1054,1243,663,410,418,231,310,178,149,608,276,851,422,419,251,601,378,480
858,1801,388,1045,967,1009,1209,619,408,398,226,288,182,160,614,281,873,439,437,267,577,386,438
777,1747,413,1007,835,974,1188,586,398,361,215,311,175,149,629,280,864,390,448,245,569,394,455
810,1775,410,1009,973,1000,1164,599,384,344,197,282,165,153,611,274,863,414,459,251,566,396,453
765,1753,406,966,874,975,1215,577,366,385,210,294,166,164,586,263,828,403,439,239,554,407,437
877,1760,409,1040,908,1029,1249,645,401,424,237,315,180,164,614,281,853,408,437,257,590,422,474
829,1788,415,1045,817,960,1236,614,409,365,225,328,183,166,612,297,882,397,453,256,577,417,458
658,1837,368,939,732,918,1120,527,362,350,215,275,163,155,646,299,917,432,479,224,536,401,414
834,1735,408,1049,930,1021,1218,642,406,405,228,287,169,156,608,268,821,391,433,268,586,404,435
890,1756,412,1041,947,1052,1204,661,422,385,234,322,177,155,590,267,838,424,440,264,577,406,485
887,1883,405,1073,882,984,1240,596,423,401,242,315,176,158,650,280,933,428,465,267,576,401,453
868,1722,416,991,943,1081,1206,674,422,390,223,322,179,162,567,257,814,394,438,238,575,400,432
748,1725,408,970,780,963,1182,575,383,378,221,309,173,145,611,264,828,409,417,245,574,388,438
921,1762,426,1069,988,1076,1225,659,439,409,242,322,190,114,620,275,824,417,421,262,577,379,494
825,1694,417,1044,968,1022,1204,634,413,401,234,295,171,135,595,280,816,397,423,257,568,373,470
858,1834,417,982,903,1020,1209,624,394,370,207,306,174,170,651,290,845,402,464,243,565,410,445
730,1737,404,969,816,943,1145,562,362,337,217,286,174,136,616,287,832,410,422,235,576,377,440
945,1697,446,1138,997,1080,1296,655,425,401,228,338,182,167,601,264,784,397,442,287,581,417,493
945,1768,437,1104,1004,1061,1299,637,426,400,231,315,173,154,618,266,820,423,433,270,559,394,470
754,1912,408,915,801,918,1133,541,380,344,221,303,175,163,636,296,929,439,496,213,576,406,432
732,1765,400,986,756,905,1161,560,371,354,218,297,174,159,631,294,869,429,465,251,545,401,443
774,1724,408,989,865,989,1182,620,404,372,230,300,173,141,582,253,777,404,414,243,555,400,440
739,1799,407,1018,808,950,1182,562,390,362,223,293,178,153,611,271,887,402,476,259,555,378,462
1067,1786,418,1124,984,1135,1334,710,437,446,234,342,188,149,636,297,867,384,458,274,610,406,494
619,1655,395,884,724,862,1102,518,325,327,191,308,170,148,595,275,792,365,416,221,574,391,409
721,1774,396,932,722,929,1172,581,361,369,208,295,176,172,601,272,891,390,478,236,557,414,430
739,1770,408,1000,916,923,1168,573,359,345,206,285,168,151,591,269,858,403,440,261,556,396,429
1278,1815,492,1229,1091,1235,1424,759,468,470,259,372,193,153,638,290,825,442,453,317,587,434,548
940,1832,402,1112,1008,1052,1192,646,427,391,224,295,182,154,628,280,886,459,458,293,559,397,476
852,1767,400,1054,923,1017,1244,611,398,366,218,312,173,149,639,296,880,377,446,262,560,407,454
894,1790,427,997,967,1047,1181,656,406,387,224,306,173,140,630,275,852,431,456,264,567,379,470
675,1706,408,932,782,944,1142,548,370,344,222,287,170,145,591,260,789,409,407,216,565,388,429
605,1671,381,864,707,912,1076,540,360,364,200,280,157,144,576,262,792,373,425,215,547,384,396
627,1718,385,941,745,905,1151,509,346,349,202,290,172,162,561,248,792,422,419,221,536,414,418
667,1781,402,914,771,911,1075,518,342,328,204,302,163,121,613,279,840,414,438,230,561,371,428
608,1620,387,928,791,898,1094,544,347,323,197,270,158,152,556,240,757,411,393,226,538,385,392
708,1728,389,947,834,975,1128,588,362,351,214,285,175,156,607,271,829,400,422,236,570,394,429
683,1776,396,931,759,909,1133,539,354,342,205,290,164,149,585,272,872,417,451,215,563,390,395
635,1727,394,878,755,874,1123,514,339,351,203,266,164,171,595,258,789,451,425,209,552,411,400
762,1720,414,988,849,991,1181,600,379,377,218,293,168,151,600,273,830,400,438,231,568,398,453
672,1588,395,974,878,931,1136,562,367,371,207,292,168,140,534,235,745,360,369,238,571,361,429
970,1725,434,1076,974,1080,1258,698,439,400,241,338,185,144,612,278,825,411,415,263,567,403,494
719,1685,393,928,787,955,1160,599,384,368,230,325,178,151,592,262,800,387,412,228,544,404,440
896,1796,438,1075,917,1036,1301,632,387,395,233,332,177,149,659,296,882,384,443,262,561,406,480
858,1815,395,993,834,1029,1176,605,403,388,234,297,183,170,667,304,892,440,460,252,564,402,443
868,1805,418,1011,968,1005,1194,622,407,388,226,301,182,159,620,280,860,441,424,258,562,415,449
932,1875,454,1054,990,1038,1221,615,398,369,219,315,183,149,612,268,874,425,475,265,590,403,489
1024,1837,447,1085,990,1066,1270,674,443,427,243,360,193,164,608,288,869,444,430,264,595,414,475
840,1839,403,969,878,1014,1212,624,415,387,237,305,178,170,654,303,907,381,477,227,564,417,445
666,1677,386,941,827,905,1121,532,357,370,203,280,162,149,557,242,781,410,413,241,581,391,409
700,1668,411,973,856,942,1143,570,370,363,212,267,170,139,552,242,749,415,402,246,567,380,422
738,1705,379,932,810,965,1152,610,382,385,219,300,172,146,616,278,822,383,422,215,569,388,442
883,1732,459,1054,958,1032,1278,636,414,400,230,323,181,158,584,255,808,399,413,249,581,413,482
842,1737,401,1028,937,1043,1219,620,411,363,227,318,183,150,615,285,830,374,445,255,567,396,473
678,1699,402,937,808,945,1130,567,378,376,223,301,171,148,582,254,789,407,420,217,549,390,422
748,1836,412,944,789,939,1121,547,378,390,235,306,183,155,624,279,858,415,441,222,569,421,435
838,1782,404,1027,915,1019,1173,632,419,384,221,295,170,158,588,270,865,412,447,250,561,395,434
903,1802,425,1051,993,1056,1198,658,423,379,233,301,174,154,596,265,845,418,441,275,565,409,454
766,1769,404,967,794,966,1171,595,391,381,230,306,180,150,621,271,839,430,418,232,569,380,456
696,1682,387,956,843,949,1172,607,374,359,204,290,161,157,607,276,794,397,405,245,544,387,422
842,1813,408,1037,897,1007,1236,617,404,375,213,314,172,158,612,278,874,429,440,258,558,405,473
877,1716,432,1149,868,1022,1328,650,387,390,222,334,175,165,578,272,826,440,433,289,553,413,495
751,1673,384,1055,780,973,1222,614,375,350,201,315,165,146,602,262,819,380,444,252,574,378,470
756,1808,406,949,858,964,1141,556,381,371,218,291,175,148,586,261,834,420,428,228,566,395,441
841,1764,411,959,825,995,1208,645,426,411,236,322,181,165,596,278,846,393,439,230,555,406,464
710,1699,395,948,814,948,1115,584,383,369,213,293,173,148,575,261,804,416,422,221,569,386,418
695,1743,374,952,727,900,1159,549,366,351,199,292,168,147,633,280,901,395,460,232,572,371,445
643,1685,384,946,795,923,1147,530,357,349,199,288,167,165,571,254,795,420,433,214,564,407,421
730,1706,426,933,819,957,1145,591,393,353,203,289,165,144,620,286,858,356,458,246,567,362,432
852,1838,417,1009,924,1032,1224,602,404,370,213,316,182,147,640,287,852,422,441,252,578,400,468
687,1786,391,943,824,922,1123,551,368,345,209,277,172,155,629,282,875,417,438,233,540,396,426
594,1738,365,880,753,889,1075,512,355,334,210,262,162,155,602,267,865,408,440,222,546,381,404
703,1708,403,931,761,933,1139,580,361,383,222,304,173,151,589,274,853,392,422,227,560,390,423
663,1724,377,916,744,890,1125,555,359,364,224,294,171,163,605,274,842,388,434,218,543,400,422
762,1700,398,975,907,968,1183,594,385,358,215,302,172,145,594,264,770,418,402,242,556,383,457
715,1751,400,970,775,934,1141,587,383,355,217,321,178,157,579,266,821,427,427,242,582,391,422
988,1825,420,1101,1024,1093,1215,663,445,414,239,322,184,138,624,279,826,418,433,278,578,391,488
959,1691,427,1062,964,1108,1278,722,454,425,232,344,174,158,569,271,812,351,433,257,563,407,473
817,1707,408,1046,914,1019,1186,615,410,399,221,305,175,156,584,262,794,453,423,266,565,402,452
784,1728,410,1012,855,979,1191,605,378,347,209,315,181,155,627,271,845,397,438,247,578,406,459
913,1904,443,1037,849,1024,1248,624,399,403,225,330,189,163,632,281,898,455,462,235,598,431,465
792,1727,436,996,767,989,1204,630,384,406,232,316,174,147,580,271,828,409,426,242,553,387,462
988,1856,441,1090,960,1082,1247,656,422,445,239,322,180,157,636,268,851,445,459,282,570,404,471
876,1731,418,997,929,1062,1251,660,419,384,222,321,180,168,586,257,814,372,421,249,557,413,473
678,1653,400,907,764,937,1122,574,363,365,211,306,174,132,559,255,793,360,404,215,593,373,419
801,1699,428,999,891,1025,1186,651,386,379,202,300,172,130,625,288,799,415,424,257,549,392,434
1043,1940,449,1041,946,1100,1245,680,430,434,242,330,188,164,676,303,956,431,492,273,579,424,488
777,1687,395,1034,877,994,1185,589,393,382,217,294,172,132,583,260,774,425,400,251,564,402,448
709,1725,403,912,796,920,1138,565,378,385,219,294,178,156,574,259,835,394,416,213,557,406,421
706,1759,389,912,751,938,1145,540,400,370,228,302,171,154,596,280,859,383,435,210,573,378,426
671,1792,364,944,812,937,1114,501,366,335,207,287,178,162,621,276,838,431,444,236,551,393,423
764,1700,425,985,847,985,1179,594,390,375,236,300,173,145,625,285,814,403,428,240,586,392,448
772,1743,402,974,802,985,1175,605,389,387,215,293,170,137,631,283,827,385,446,241,582,378,435
824,1715,397,1005,936,1060,1200,658,435,398,223,312,170,145,583,271,780,406,399,255,546,363,446
733,1875,409,972,785,918,1160,526,360,354,213,273,169,155,644,289,904,453,456,233,558,418,424
881,1650,439,1082,977,1077,1263,687,442,417,231,325,172,138,585,255,770,374,398,268,556,390,468
806,1747,415,1001,835,975,1167,582,396,391,234,317,188,139,591,263,807,419,421,242,597,387,453
738,1748,403,969,785,952,1169,591,362,367,210,304,167,135,597,268,825,433,423,241,563,372,443
854,1803,423,984,814,1020,1197,647,427,408,239,322,190,161,601,286,892,402,463,244,559,405,427
797,1775,410,1000,846,1027,1198,612,409,404,225,310,185,165,625,282,851,423,436,240,559,413,419
1082,1840,431,1143,1043,1130,1332,714,450,444,255,327,192,172,643,285,880,439,437,282,580,436,494
783,1763,419,984,829,988,1210,609,389,377,227,314,179,157,584,263,834,404,430,247,559,407,466
612,1736,384,874,770,876,1112,503,343,368,222,276,168,160,568,271,832,395,423,200,567,415,400
750,1732,383,989,811,1015,1181,592,386,363,217,290,168,177,571,255,809,417,421,238,552,415,430
829,1732,406,1056,906,995,1252,610,408,393,231,322,174,147,596,270,819,399,432,266,554,396,479
882,1714,416,1115,1002,1043,1271,627,388,391,225,315,177,150,577,250,818,395,409,268,566,403,500
797,1763,422,971,819,977,1204,609,389,379,223,306,171,141,626,274,866,370,440,251,586,393,466
644,1650,384,960,799,941,1165,570,357,351,194,265,156,147,549,249,756,394,396,224,570,397,414
785,1654,415,1011,949,1007,1168,624,391,373,213,305,167,135,562,250,765,393,416,260,557,367,456
694,1726,371,954,846,970,1147,575,372,363,205,276,166,150,605,271,815,408,423,221,542,374,423
874,1843,414,1005,902,1012,1220,632,403,382,212,308,176,164,617,294,890,401,462,256,569,405,462
833,1858,419,991,831,990,1210,599,376,390,213,310,173,145,664,312,906,413,460,247,581,408,447
744,1705,410,980,826,950,1173,595,403,379,224,316,177,134,559,252,790,390,414,228,571,371,455
797,1760,405,1033,922,972,1181,591,373,381,214,304,165,160,595,270,813,413,432,256,579,381,449
765,1782,414,999,805,979,1159,566,393,340,223,297,173,149,613,263,832,418,425,261,571,400,441
713,1727,414,933,769,946,1178,595,368,373,208,290,162,153,621,284,850,382,440,231,558,400,450
816,1713,431,1021,832,1040,1170,650,399,378,226,315,172,124,578,260,790,378,411,246,584,374,461
1041,1714,393,1187,1086,1142,1323,703,455,461,245,331,178,157,586,280,812,403,412,288,570,400,483
624,1668,350,851,764,910,1045,532,396,378,221,274,162,159,561,263,776,405,389,210,551,377,391
860,1814,392,990,904,1012,1200,614,422,378,226,304,184,149,604,280,870,383,479,244,559,384,440
520,1612,350,835,669,805,1010,464,326,332,194,263,151,137,564,248,790,375,407,210,550,377,380
688,1793,400,894,808,919,1118,546,373,356,208,310,172,148,625,275,863,396,441,213,549,391,438
829,1762,427,999,831,1016,1198,647,405,393,218,337,179,147,631,294,874,388,457,234,564,390,442
658,1860,390,908,785,915,1128,505,362,329,202,274,176,155,623,281,890,470,464,209,539,395,425
805,1741,412,965,897,1011,1172,626,402,414,237,314,174,145,587,267,838,401,436,234,549,380,441
651,1672,401,909,823,918,1134,553,361,347,206,300,169,139,567,250,785,399,410,224,552,384,423
883,1800,413,1066,934,1042,1229,618,416,393,230,325,178,149,615,270,844,410,418,260,587,383,463
919,1703,438,1171,1009,1045,1325,651,416,397,219,327,184,128,556,233,744,434,409,284,570,385,505
830,1773,421,1038,888,989,1253,600,409,378,228,323,180,144,611,273,840,417,421,257,572,387,479
876,1772,413,1078,959,1035,1268,663,392,370,216,315,175,139,638,284,828,363,448,274,556,399,475
860,1835,438,979,856,1015,1217,619,395,402,227,337,178,150,673,302,928,408,473,254,584,418,479
859,1687,436,979,885,1077,1225,677,431,415,240,342,173,166,566,257,796,385,405,238,551,413,453
856,1765,392,945,859,1012,1170,617,391,375,211,296,164,158,612,285,883,391,447,214,558,367,434
574,1684,365,844,745,872,1019,519,347,335,193,265,155,138,571,254,775,386,414,189,573,364,405
733,1742,422,951,819,928,1179,550,394,397,228,320,177,153,589,277,845,411,430,240,576,408,422
600,1584,389,909,699,876,1129,534,353,366,201,308,162,147,539,248,767,345,380,221,535,363,418
693,1805,396,900,758,890,1136,528,343,345,210,287,164,152,630,301,925,400,473,212,546,400,426
900,1727,394,1108,1022,1048,1241,638,448,403,223,322,173,139,597,260,828,416,419,268,570,378,464
723,1743,387,951,790,945,1153,586,367,360,227,287,173,145,638,280,852,377,439,230,561,391,424
757,1743,413,986,879,966,1185,582,376,368,216,288,166,151,587,265,827,413,437,228,557,410,435
726,1726,393,947,851,954,1155,597,395,355,222,287,171,138,569,249,820,396,424,217,577,382,432
636,1708,395,944,803,896,1078,539,361,356,208,265,160,141,571,257,804,392,413,217,580,400,421
856,1783,417,1036,863,988,1216,586,411,405,232,331,179,138,611,274,821,419,422,252,560,387,504
861,1795,408,1039,932,1028,1238,618,401,385,210,313,176,160,608,276,846,428,442,250,560,414,470
864,1827,421,1016,987,1050,1181,636,390,371,222,312,179,148,607,263,865,434,437,260,567,397,470
642,1725,378,891,731,928,1044,532,389,361,215,265,164,142,599,266,853,413,435,218,541,364,388
701,1805,382,906,796,928,1084,553,372,365,212,289,171,134,599,275,842,455,433,235,557,364,447
747,1781,395,963,818,989,1136,601,400,364,210,290,168,151,601,256,824,429,434,225,549,391,446
724,1641,374,957,884,987,1153,596,400,372,210,292,165,146,576,262,791,365,416,237,558,386,420
1006,1803,409,1153,1065,1092,1244,670,428,406,239,324,182,159,615,279,847,445,430,293,571,411,489
812,1754,408,1021,881,1004,1199,586,398,397,222,320,174,143,628,274,844,401,444,244,565,376,480
924,1708,432,1152,1035,1029,1305,665,428,401,245,322,184,159,588,278,821,385,428,291,573,413,489
954,1928,412,1003,825,1035,1221,655,427,433,252,325,185,175,668,308,975,405,507,247,568,428,454
754,1724,414,971,819,974,1214,607,394,383,229,302,173,155,582,254,822,402,425,238,549,412,444
1017,1811,431,1076,1022,1128,1282,745,429,402,222,330,191,156,608,279,871,400,447,276,568,406,497
743,1745,400,981,744,961,1189,582,385,386,218,295,171,165,586,254,826,437,426,224,569,410,435
610,1732,375,876,710,871,1055,483,332,344,198,285,160,139,605,257,867,409,431,202,557,382,414
956,1753,431,1127,1018,1079,1232,670,437,407,226,330,178,142,610,274,874,400,448,263,574,388,470
850,1795,419,1006,972,974,1185,619,426,371,220,316,173,160,650,291,859,423,430,256,597,392,462
845,1771,427,1031,921,1007,1200,598,404,398,228,301,174,156,600,268,820,429,424,240,589,399,457
625,1717,387,876,752,893,1048,519,349,347,214,272,168,143,594,262,813,426,425,218,566,378,410
651,1639,393,891,738,892,1106,572,356,360,216,301,168,144,571,252,782,367,414,224,549,362,433
765,1686,418,992,874,960,1216,586,395,382,225,304,168,151,573,260,780,379,392,241,571,411,462
642,1770,362,915,803,894,1059,522,338,347,197,268,165,158,618,268,813,434,440,210,563,378,402
963,1813,428,1098,1060,1105,1243,668,419,379,229,318,177,138,614,284,863,433,424,272,562,380,510
949,1818,419,1128,910,1068,1275,664,433,419,236,341,189,149,591,264,867,484,447,282,565,421,481
1057,1934,465,1120,998,1092,1280,663,425,417,234,327,187,147,643,295,934,469,474,297,576,388,504
725,1782,399,972,794,922,1187,542,373,364,223,302,164,156,591,262,835,432,425,227,579,401,437
659,1698,378,901,789,949,1087,591,372,360,210,292,166,135,557,249,784,414,408,232,549,368,417
670,1812,395,882,723,903,1104,551,353,343,212,292,166,153,624,288,927,399,457,215,560,398,410
780,1625,397,1035,929,982,1201,613,400,379,217,302,173,145,521,231,713,387,377,268,577,378,432
810,1745,402,990,954,1027,1204,623,396,369,223,320,175,135,610,265,822,396,427,255,562,376,479
830,1789,435,992,790,966,1210,614,415,408,238,305,174,140,644,296,876,386,426,252,560,396,435
597,1715,375,847,691,880,1062,511,368,337,195,265,160,144,574,260,810,414,435,200,563,384,396
683,1686,408,952,784,930,1162,551,368,376,218,276,168,162,566,247,775,442,400,221,561,403,410
688,1640,393,916,861,950,1079,557,390,354,210,295,173,135,572,245,781,390,407,227,552,368,430
743,1685,408,993,881,963,1180,589,384,375,207,305,168,153,536,245,774,390,392,246,561,396,434
619,1729,392,888,787,900,1102,507,342,319,187,285,163,141,620,268,856,401,438,227,570,365,434
658,1615,383,953,769,963,1117,585,362,355,204,286,160,157,573,268,790,379,427,235,576,410,413
575,1718,363,860,746,878,1052,488,345,330,203,263,156,160,606,265,854,421,435,209,553,380,393
858,1776,420,1034,958,1038,1216,625,401,382,221,312,175,143,645,280,837,405,437,244,564,390,487
725,1821,383,964,861,937,1161,526,373,363,215,297,169,179,613,270,884,437,456,245,552,416,433
814,1740,437,1061,856,949,1256,594,387,379,215,308,173,150,576,273,857,391,427,257,543,397,467
715,1777,413,941,796,937,1164,561,365,351,212,283,173,148,635,280,887,392,439,235,552,395,456
857,1778,448,1083,964,997,1214,636,413,381,221,307,174,160,638,294,855,405,429,281,558,421,448
749,1698,394,936,880,1001,1130,627,401,370,219,296,158,135,562,267,790,380,411,227,543,378,443
702,1831,377,904,810,940,1119,562,367,365,219,292,168,156,622,279,905,450,465,210,556,398,417
948,1826,405,1076,1026,1071,1247,688,437,405,252,310,168,157,614,282,881,431,433,275,586,405,466
722,1628,397,1014,821,950,1194,585,395,405,238,315,183,154,551,244,741,386,380,244,575,398,441
722,1712,403,944,813,943,1136,569,384,361,214,297,171,148,585,260,804,403,417,231,578,394,432
909,1794,430,1094,985,1068,1250,660,397,384,236,303,178,146,611,275,865,403,428,274,574,392,478
867,1721,424,1059,910,1043,1259,631,402,372,214,315,171,163,596,273,817,419,434,259,573,405,470
829,1797,406,982,875,1004,1197,628,390,372,230,310,168,152,606,280,885,396,467,233,580,380,440
726,1748,394,973,864,970,1158,601,381,351,219,285,181,153,589,268,828,446,424,235,558,401,410
652,1785,392,933,738,908,1123,543,370,341,217,284,170,153,605,274,845,395,450,225,559,378,425
653,1686,381,935,873,915,1088,536,345,333,201,273,163,162,566,257,780,438,409,225,548,383,403
939,1807,429,1075,899,1071,1248,679,413,432,234,350,179,145,643,305,900,397,466,272,557,402,479
771,1668,413,1060,912,985,1182,623,386,347,204,293,168,145,533,245,778,401,416,257,557,400,460
779,1829,413,957,769,906,1177,560,365,385,220,306,165,158,642,293,925,410,479,226,586,391,444
813,1829,418,945,807,1008,1200,622,389,353,220,316,179,172,617,299,906,387,469,232,592,425,430
696,1625,373,940,816,977,1123,620,394,360,213,293,165,150,532,237,737,369,373,237,549,386,414
800,1704,413,1058,956,1000,1194,615,398,377,216,288,164,143,569,246,780,398,406,270,571,386,453
870,1740,431,1033,914,1021,1255,629,424,411,231,321,183,148,590,264,812,433,414,260,588,410,475
738,1731,398,926,802,982,1154,619,398,364,206,288,171,158,618,276,836,363,440,221,566,400,442
774,1761,390,981,821,994,1133,621,416,409,237,283,170,152,565,256,850,396,450,232,569,390,442
854,1762,403,1031,911,1014,1191,631,417,391,222,288,170,154,627,276,863,443,443,271,551,402,438
713,1713,386,930,779,941,1151,567,388,393,220,290,172,150,578,255,790,398,389,230,574,384,416
729,1845,394,960,800,927,1151,532,372,351,204,291,176,157,628,274,884,434,449,225,579,412,427
738,1793,370,895,755,919,1128,574,390,393,219,322,174,145,584,253,839,414,438,211,593,382,436
665,1695,366,930,785,915,1172,568,358,347,197,301,169,167,613,275,825,389,438,230,525,400,448
782,1733,403,1018,859,1001,1225,629,382,383,218,301,168,157,576,249,790,403,412,248,576,395,442
840,1802,405,1058,862,989,1248,614,403,401,221,303,180,163,623,290,864,422,446,255,572,425,466
813,1727,415,1053,838,976,1251,600,391,380,217,328,168,143,620,274,844,380,425,270,562,388,457
752,1777,406,1009,844,948,1195,601,370,382,217,285,160,147,582,255,833,421,426,245,574,404,450
731,1667,383,897,891,994,1062,610,409,386,225,275,165,153,556,247,777,378,368,230,585,358,422
756,1838,428,952,782,931,1172,540,350,366,222,325,180,142,681,302,943,406,470,237,579,403,451
790,1682,415,1058,953,988,1214,639,394,346,201,300,164,138,572,266,806,393,423,267,570,388,465
849,1844,401,947,857,1019,1176,634,406,382,232,285,165,159,647,294,916,401,471,226,568,415,423
838,1748,401,1003,915,987,1165,595,393,369,214,318,183,151,616,274,829,396,418,255,576,382,442
797,1732,418,1009,805,1006,1175,640,395,411,237,311,174,164,589,272,838,393,420,233,574,408,425
721,1733,403,985,772,959,1166,589,372,383,217,294,167,143,598,271,841,409,418,247,571,363,453
812,1665,422,1033,853,1006,1201,650,405,396,226,314,168,144,555,260,762,397,391,259,558,383,445
696,1843,385,904,840,961,1098,572,371,342,216,268,172,152,617,278,911,401,460,207,579,393,415
751,1762,397,992,883,958,1100,577,381,377,214,295,169,121,591,282,879,383,459,254,541,357,445
1014,1800,421,1087,1052,1135,1257,711,420,409,237,322,182,155,621,280,898,392,463,275,581,405,493
672,1725,393,967,791,921,1171,546,345,367,207,295,164,147,612,250,838,410,429,214,570,397,442
867,1807,416,997,857,1025,1253,658,405,380,227,313,180,157,649,292,910,409,470,255,570,411,460
1013,1880,454,1090,985,1083,1263,680,422,447,243,326,188,140,667,287,939,443,450,273,589,397,479
652,1853,376,919,780,905,1098,508,353,322,201,275,162,142,645,272,926,415,479,235,541,379,435
738,1690,437,1006,905,973,1202,592,383,370,200,292,165,160,571,263,781,416,390,261,543,418,453
665,1823,396,916,805,922,1083,531,367,328,201,261,169,163,645,279,893,446,449,214,566,384,410
624,1628,402,962,798,927,1114,555,353,337,188,284,161,134,545,248,763,371,397,230,545,357,415
716,1755,410,968,789,951,1150,548,383,390,235,302,175,142,608,281,841,429,410,227,580,390,436
935,1856,423,1042,991,1054,1199,658,425,406,232,307,183,167,604,272,878,415,447,275,597,404,442
859,1814,410,1012,913,1019,1158,630,412,399,231,304,172,127,622,283,873,435,442,247,568,390,467
683,1767,401,894,772,905,1102,523,369,367,218,295,172,135,618,267,846,419,423,213,565,371,448
899,1796,413,1067,987,1087,1248,689,414,419,228,313,174,145,634,266,841,419,420,271,580,397,480
1094,1846,461,1150,1093,1132,1309,716,456,447,239,330,192,150,623,290,872,448,450,287,607,414,490
928,1830,439,1082,915,1028,1282,599,401,407,238,342,195,151,633,268,855,424,449,275,584,425,517
715,1728,386,952,846,923,1157,555,367,368,233,281,164,162,608,270,847,405,437,250,573,383,431
654,1668,405,919,763,906,1123,536,364,342,199,295,165,156,543,242,785,418,414,222,550,390,453
765,1705,404,975,856,1005,1197,620,403,400,221,307,175,151,589,261,805,384,399,254,556,390,456
965,1870,439,1045,909,1052,1242,641,407,401,236,328,191,159,669,314,955,402,475,253,588,413,468
770,1619,409,980,872,1000,1186,624,428,403,234,315,183,145,535,237,725,391,396,238,560,395,480
660,1762,388,939,750,916,1131,514,337,345,206,298,168,144,594,267,847,414,441,224,560,395,409
670,1711,394,897,764,928,1093,560,368,361,205,282,166,156,572,257,794,429,411,221,557,398,401
771,1783,427,1003,850,984,1241,595,379,361,217,309,179,169,576,263,846,425,432,224,557,433,454
746,1783,400,970,851,954,1158,566,369,352,220,294,171,147,616,280,859,430,447,225,567,381,441
846,1742,439,1145,935,986,1231,599,396,399,231,321,169,142,563,255,814,401,399,286,554,389,483
739,1758,395,946,762,951,1099,576,394,385,232,287,175,144,601,291,862,401,422,229,578,375,421
950,1783,427,1113,955,1049,1285,656,414,413,224,348,189,147,645,285,858,430,455,244,591,411,491
841,1761,417,1033,941,1019,1199,644,392,377,217,309,176,154,627,285,855,406,432,263,592,402,478
847,1801,419,1042,886,1017,1232,642,384,390,218,317,168,149,641,287,913,406,467,262,576,404,428
1009,1831,431,1084,964,1107,1275,704,424,406,240,343,186,161,666,319,901,429,456,261,583,439,487
615,1707,384,878,732,910,1080,522,366,357,203,286,163,127,574,254,790,420,410,212,538,361,414
682,1811,371,902,822,928,1055,520,361,349,212,272,173,133,619,275,870,454,445,218,586,381,403
591,1661,384,852,715,859,1084,527,359,348,206,274,166,140,580,269,777,379,407,195,551,380,410
723,1727,408,957,795,929,1168,580,360,361,205,315,176,135,618,275,842,361,436,240,595,374,458
640,1712,386,942,745,895,1146,516,361,341,216,299,166,161,541,263,809,426,406,241,558,390,438
758,1850,409,954,813,945,1177,555,367,386,227,297,169,153,616,275,869,468,449,215,548,420,445
822,1745,396,1068,965,1039,1223,624,386,365,207,285,166,150,602,267,833,424,434,266,542,398,454
707,1776,395,955,768,933,1175,551,357,349,220,310,176,153,621,274,873,417,442,228,584,395,440
860,1853,446,1050,921,985,1249,576,389,392,229,315,193,153,625,277,880,445,448,245,574,423,464
786,1772,411,988,821,968,1174,578,401,400,230,312,174,141,634,284,882,437,444,228,567,397,448
766,1705,413,1005,825,960,1178,598,397,391,214,293,170,147,606,274,827,435,429,268,580,375,429
895,1821,462,1012,912,1035,1246,660,402,391,220,334,174,134,645,294,915,401,471,251,580,399,455
885,1706,420,1039,961,1036,1234,654,429,421,232,320,181,153,577,260,788,377,410,266,565,396,463
976,1769,433,1104,1013,1108,1286,703,434,417,223,332,187,144,604,284,873,381,434,269,568,395,484
891,1858,418,1101,981,1026,1271,629,385,366,211,280,166,165,617,273,856,410,444,272,573,426,462
736,1716,406,984,802,957,1157,554,383,381,225,303,180,144,572,256,810,416,401,232,577,380,450
653,1673,393,947,830,911,1105,561,363,337,195,287,160,144,572,262,804,411,426,250,553,365,419
665,1747,395,967,768,920,1152,519,359,352,212,290,164,152,597,265,841,419,434,222,570,411,427
641,1742,385,921,711,917,1078,545,357,346,209,287,176,131,595,262,828,418,427,229,547,367,437
863,1811,399,1006,920,1030,1193,654,416,394,234,315,182,135,624,276,848,425,413,236,575,392,470
818,1807,418,1006,804,979,1198,607,402,389,237,317,174,136,585,267,852,449,430,234,571,396,459
542,1560,372,864,758,852,1077,531,352,331,211,268,158,164,513,224,705,362,368,198,547,368,390
895,1797,428,1042,955,1030,1231,640,405,410,234,322,170,145,618,270,850,422,424,248,587,405,476
716,1720,395,967,865,958,1121,588,370,363,224,286,173,142,556,256,804,410,423,239,543,386,434
707,1805,404,941,780,928,1152,551,351,350,215,295,167,156,626,290,928,408,471,227,574,400,443
712,1676,425,999,855,939,1193,572,357,347,204,300,168,150,597,260,807,414,410,255,549,386,446
836,1761,425,1033,960,1006,1172,606,385,375,214,301,183,152,607,278,840,415,424,253,586,407,434
806,1752,401,976,850,979,1169,584,417,406,225,312,178,151,586,267,802,419,415,254,553,388,445
768,1785,402,979,778,945,1145,573,385,408,220,295,176,156,651,312,914,394,473,232,569,394,431
831,1821,417,1049,912,988,1242,598,386,356,205,289,176,153,611,273,875,393,452,242,580,414,465
807,1685,405,1057,928,990,1195,608,389,388,239,308,178,144,556,243,785,416,391,264,568,395,437
880,1710,419,1098,1028,1032,1228,628,418,413,235,308,184,147,589,264,808,426,414,275,552,384,476
837,1797,427,1048,842,970,1232,604,405,404,226,320,178,162,591,261,863,438,424,257,560,423,473
761,1788,412,971,893,950,1146,582,373,363,226,296,175,147,610,279,855,431,443,226,564,394,435
722,1723,401,956,828,975,1161,594,382,370,222,302,167,141,557,257,827,404,424,217,568,384,436
651,1802,411,933,751,918,1097,541,348,343,215,280,174,150,593,268,863,459,438,223,538,391,416
725,1642,391,986,883,963,1143,597,390,381,214,284,165,143,545,245,777,380,409,256,552,380,438
969,1775,433,1130,999,1108,1255,689,418,414,234,320,176,141,604,260,819,435,426,268,587,390,495
776,1775,424,976,784,996,1141,576,392,379,240,330,189,154,604,266,864,384,432,241,566,357,461
866,1792,413,1047,867,1003,1226,615,405,401,227,332,184,164,605,276,850,451,439,249,571,401,472
701,1762,426,939,765,941,1143,544,355,355,208,283,170,158,611,268,867,391,443,222,572,383,444
733,1789,387,985,890,930,1129,548,370,373,210,295,174,147,597,259,826,433,430,235,557,382,425
820,1759,410,1011,993,1005,1138,595,388,344,212,294,183,142,596,274,830,395,433,261,557,382,453
756,1726,388,1005,884,989,1181,619,384,371,205,278,164,148,590,271,853,400,436,237,570,389,439
618,1702,397,893,726,882,1099,505,357,352,210,292,168,133,571,261,815,402,418,209,553,358,426
754,1700,400,987,909,950,1163,584,393,382,224,290,172,137,587,261,805,399,408,245,581,379,428
849,1795,420,1029,875,996,1253,601,411,385,220,311,177,155,610,275,885,407,459,252,564,406,476
755,1840,413,957,817,948,1108,593,396,367,208,295,182,138,591,262,875,436,448,231,567,364,471
796,1831,419,952,909,999,1145,609,417,382,212,301,182,146,602,286,864,428,443,241,561,398,447
717,1698,406,997,803,945,1174,572,398,382,222,313,174,150,576,252,798,401,408,241,554,390,443
856,1708,382,1072,938,1014,1199,671,433,403,226,307,168,133,554,245,789,392,412,266,582,381,456
713,1703,403,961,797,954,1157,576,374,374,216,310,171,153,581,255,822,388,426,235,575,393,435
990,1810,434,1134,1018,1081,1279,664,420,433,244,315,181,157,636,289,849,424,423,296,593,409,487
825,1792,414,1032,816,1002,1201,606,403,383,220,327,185,142,592,271,822,429,429,241,575,399,480
788,1710,389,1004,830,1019,1172,649,402,376,212,302,167,145,601,274,828,354,411,255,550,369,455
738,1688,400,964,867,966,1159,626,378,355,201,308,173,135,591,255,816,364,430,245,569,369,443
716,1712,403,927,760,924,1154,591,378,376,215,301,175,138,614,280,853,365,426,228,564,390,428
771,1762,416,974,879,987,1161,574,372,379,224,305,173,152,603,250,858,419,444,232,565,405,448
820,1793,422,975,905,1008,1204,594,384,385,222,317,180,157,583,251,827,416,420,243,580,416,460
862,1746,447,1048,955,1042,1187,636,401,385,222,321,181,138,589,255,802,400,419,250,572,387,475
879,1846,413,963,873,1067,1176,638,417,394,246,312,194,146,662,292,906,434,468,238,559,403,477
646,1747,379,884,844,927,1074,540,365,346,207,282,167,139,583,245,833,419,422,217,588,365,418
751,1755,404,1021,807,958,1162,595,379,367,213,305,183,133,617,263,883,409,451,245,563,367,467
818,1676,415,1024,878,1024,1212,647,428,422,238,312,174,150,576,240,761,414,382,257,589,412,448
794,1830,414,1035,825,972,1221,586,393,365,218,302,177,151,618,268,886,412,458,236,592,402,448
733,1683,402,963,818,962,1169,588,375,378,216,308,168,167,558,246,779,412,414,222,563,414,434
662,1725,386,919,789,898,1126,520,343,358,217,282,170,147,627,272,829,389,432,235,560,386,428
888,1826,418,1046,948,1055,1231,645,410,391,218,312,178,149,629,271,886,408,435,261,603,410,469
754,1744,415,1034,798,996,1194,598,393,373,223,295,173,144,594,262,850,409,439,255,537,385,440
742,1743,405,966,840,965,1210,580,375,377,214,300,177,174,598,262,845,421,423,235,564,406,425
722,1755,403,942,772,944,1126,579,393,383,218,295,175,152,575,262,836,422,427,229,574,378,429
888,1722,404,1090,967,1061,1247,627,411,407,215,330,187,164,631,275,850,390,423,277,560,398,480
668,1723,410,958,824,928,1151,534,346,332,209,278,165,165,596,265,849,410,456,224,568,416,419
546,1690,372,857,712,832,1064,492,320,320,193,244,157,156,602,270,847,375,443,194,571,391,365
654,1727,399,939,783,937,1117,537,358,328,199,279,173,140,576,256,842,383,425,220,558,374,431
663,1701,379,923,804,922,1113,571,367,345,197,271,164,144,572,252,828,395,425,228,535,381,418
760,1757,410,1020,824,956,1209,563,373,395,212,292,173,156,606,267,826,414,431,252,562,409,424
711,1703,385,976,789,952,1198,575,373,368,222,328,173,153,592,261,806,398,410,227,544,381,475
994,1857,435,1111,992,1079,1317,693,421,414,238,315,181,157,636,284,920,424,470,278,574,406,506
818,1737,426,995,885,999,1213,626,407,394,223,310,179,143,599,268,834,408,426,240,580,403,459
716,1647,386,965,863,947,1161,570,393,382,218,297,172,145,564,247,781,399,404,250,562,380,433
778,1836,389,964,865,980,1159,573,398,348,219,295,174,153,658,287,921,434,442,233,572,388,465
976,1805,401,1159,1032,1097,1262,655,437,405,213,312,176,155,632,280,885,410,461,274,587,404,464
797,1726,439,1017,923,995,1185,604,382,388,220,301,174,150,601,268,803,413,406,266,600,396,445
796,1765,414,1006,875,1001,1164,593,380,393,228,299,176,150,571,255,814,394,409,247,581,393,452
543,1725,360,845,734,863,1044,504,333,306,188,244,158,160,594,266,827,415,415,195,539,396,395
742,1713,397,972,868,1001,1145,578,390,360,212,293,178,144,578,264,797,416,414,235,557,383,441
895,1751,461,1089,970,1004,1231,604,397,370,221,316,182,126,603,275,826,390,407,293,584,382,498
765,1723,416,994,817,967,1181,604,385,393,232,310,177,156,577,257,787,420,398,254,554,407,427
743,1671,422,1046,890,990,1193,613,389,374,228,295,169,156,565,250,766,410,388,262,549,402,444
897,1843,409,1073,920,1026,1221,627,395,415,220,330,168,140,614,271,905,421,454,263,580,387,469
1082,1812,427,1273,1092,1139,1401,716,447,409,231,333,194,158,644,280,858,424,430,321,579,409,513
740,1745,398,970,916,1003,1149,589,380,352,215,270,163,154,607,262,824,437,413,241,564,405,432
854,1707,433,1021,919,1043,1231,645,414,405,221,315,167,173,578,274,802,394,407,251,569,421,439
809,1736,426,1022,854,987,1185,605,406,391,228,328,179,147,594,261,791,428,407,244,575,380,482
745,1835,395,921,796,962,1156,582,359,335,208,280,163,155,648,286,925,403,477,218,568,410,422
768,1825,398,911,814,949,1169,573,390,390,230,307,179,171,634,300,915,409,459,210,568,419,449
775,1770,422,1005,833,990,1188,587,394,371,222,328,172,146,596,258,821,415,426,225,558,394,469
824,1727,418,1060,879,980,1226,596,398,382,218,331,178,146,557,247,805,406,408,262,567,403,483
799,1778,425,994,914,966,1178,593,388,396,215,315,177,155,595,260,856,395,426,240,575,391,450
842,1711,425,1120,948,1006,1276,629,388,406,224,320,172,159,592,266,803,413,408,272,576,418,479
912,1902,420,1042,1010,1030,1246,610,400,377,218,310,172,157,644,287,911,459,450,260,565,419,486
799,1728,404,926,861,1057,1159,655,412,387,219,284,165,137,602,264,822,392,427,241,563,387,446
787,1862,413,968,837,979,1175,577,381,393,223,303,190,157,625,289,882,443,453,237,566,410,436
847,1762,433,1020,933,999,1184,617,403,417,235,320,180,149,582,254,826,418,423,270,543,392,472
707,1812,397,924,802,941,1121,562,374,350,208,277,168,158,612,271,857,455,441,236,558,394,411
771,1773,382,934,805,1015,1140,632,408,424,228,283,166,139,628,286,881,394,448,236,581,394,414
773,1766,427,943,902,988,1138,588,379,362,214,296,170,150,595,270,823,427,415,228,572,387,432
744,1715,396,985,859,974,1156,584,401,365,209,290,168,153,555,247,786,449,395,232,571,409,428
754,1663,452,967,789,964,1210,619,403,390,218,333,176,145,583,280,807,375,405,237,572,404,439
830,1754,428,998,890,1011,1205,604,385,372,218,300,175,149,592,262,808,425,438,249,573,400,455
814,1797,414,986,883,1009,1199,620,400,377,233,300,177,140,593,260,856,407,431,243,563,392,457
735,1749,417,904,764,959,1169,593,376,355,211,324,178,142,612,280,877,391,437,217,578,404,432
939,1846,438,1029,958,1067,1238,657,420,392,243,307,184,151,640,290,875,436,440,246,581,432,476
877,1785,428,1045,939,1059,1245,650,407,360,214,300,175,154,624,300,915,370,467,266,579,410,467
783,1707,407,1044,920,946,1234,578,374,392,219,308,175,159,593,264,818,407,393,271,545,414,473
724,1755,408,954,880,966,1142,562,369,344,198,294,171,145,599,266,848,385,444,238,572,399,443
896,1806,445,1074,948,1058,1255,650,392,399,232,295,167,170,617,284,924,430,468,264,602,411,446
712,1628,401,993,893,961,1199,626,364,372,206,295,158,147,545,239,755,395,380,243,553,395,445
828,1767,418,998,925,1034,1188,655,404,381,222,296,176,142,583,254,817,423,404,248,573,402,441
791,1811,434,953,868,978,1178,591,368,365,208,302,182,145,628,270,853,431,442,230,582,405,438
688,1683,391,1006,842,908,1191,575,369,350,209,285,160,160,576,251,808,420,421,241,549,374,446
751,1703,408,991,793,968,1182,579,397,388,211,291,173,151,613,265,828,415,417,233,569,404,448
739,1694,422,940,883,956,1161,576,388,363,210,325,175,145,601,264,833,388,426,240,550,377,450
1000,1872,429,1096,1038,1038,1293,640,404,415,239,340,195,146,672,287,933,431,497,280,576,414,495
604,1627,378,909,745,873,1123,528,353,346,207,291,168,152,542,239,756,395,390,227,560,391,412
789,1773,413,970,899,997,1175,605,396,356,223,305,175,158,601,261,833,433,433,242,559,394,469
680,1712,372,922,824,917,1129,559,390,372,217,301,169,165,605,274,859,415,438,231,543,415,440
684,1792,404,943,764,896,1130,556,339,329,197,303,162,149,604,294,922,403,470,237,567,382,420
848,1756,428,1046,959,1016,1192,600,398,378,229,308,173,140,582,258,836,432,419,255,566,371,480
740,1788,399,960,830,926,1199,531,371,366,208,318,186,162,627,282,865,430,435,241,567,423,437
754,1664,387,973,861,1000,1195,635,401,403,225,285,171,156,558,242,773,402,404,220,560,401,431
834,1760,397,1012,920,1026,1239,607,422,401,240,309,176,160,592,259,810,427,401,241,546,415,464
813,1728,411,993,893,1030,1169,642,396,401,225,305,165,143,584,250,809,401,413,255,549,390,449
738,1784,400,940,799,929,1130,534,384,394,238,309,178,160,609,268,823,422,430,232,565,419,425
832,1791,429,1042,905,1016,1180,605,396,357,218,305,174,142,634,280,884,444,447,261,558,397,449
977,1759,428,1125,1034,1102,1285,672,433,412,235,347,182,165,592,275,833,426,418,295,564,401,476
593,1613,383,889,706,878,1098,521,355,353,212,301,169,128,550,242,764,349,381,207,554,351,430
693,1733,391,888,768,963,1100,575,368,373,221,300,168,153,594,264,820,414,422,220,554,378,414
757,1723,413,960,846,970,1142,584,385,399,231,318,168,138,580,266,818,439,413,238,570,377,440
907,1699,439,1128,1007,1060,1219,641,414,398,230,320,171,140,589,261,804,436,400,273,558,397,483
691,1636,405,978,870,957,1162,562,363,362,214,302,172,139,564,251,774,379,409,233,522,387,435
837,1721,388,1021,984,1040,1173,661,396,398,218,298,173,148,587,269,810,393,408,242,546,385,444
924,1873,381,1043,965,1038,1226,648,395,395,231,320,185,154,675,293,932,443,440,272,565,410,465
698,1724,383,903,744,902,1149,563,379,373,219,310,167,145,613,285,866,377,444,228,562,385,420
763,1679,393,931,820,1006,1120,621,398,399,218,300,163,135,584,260,809,386,420,230,575,380,429
913,1853,396,1073,1014,1094,1223,666,416,389,222,305,175,148,645,288,901,425,432,273,557,390,463
790,1821,404,1028,943,989,1158,552,385,343,212,290,165,160,605,254,820,446,436,255,570,398,425
610,1709,395,940,744,856,1105,523,349,338,198,285,164,145,602,278,833,395,416,229,578,370,410
885,1832,420,1076,973,1007,1178,597,382,364,215,297,174,157,610,267,861,471,443,279,567,398,432
893,1847,444,1085,814,990,1290,598,392,402,240,339,183,174,655,287,914,430,476,265,583,440,467
791,1834,424,1009,785,952,1234,574,364,372,220,311,177,174,671,302,907,432,474,229,588,420,431
935,1732,421,1075,1016,1063,1231,660,437,426,257,317,183,144,579,255,803,406,409,281,590,385,465
827,1795,442,1050,825,1016,1260,619,391,385,222,308,181,158,638,280,849,449,413,253,559,408,486
854,1673,407,1027,872,1044,1210,682,444,419,230,325,175,153,585,273,833,383,427,264,565,397,456
825,1674,420,1053,960,1041,1216,636,388,372,212,300,164,150,543,247,778,430,417,260,566,393,460
823,1802,420,969,875,1017,1185,639,421,398,224,290,172,141,617,272,852,416,429,227,573,410,470
698,1721,412,969,775,928,1136,544,386,378,220,296,172,148,595,266,803,418,411,214,557,382,430
1169,1844,505,1281,1080,1103,1357,679,442,402,239,369,199,141,637,277,867,445,451,322,602,403,543
628,1728,373,895,726,915,1092,521,366,360,211,280,170,158,559,256,828,404,426,204,544,387,410
741,1694,394,991,815,962,1155,596,396,381,232,306,176,150,584,266,804,400,400,238,551,392,443
738,1708,415,969,793,974,1182,587,379,354,211,320,173,155,578,248,778,435,395,244,570,403,462
697,1760,389,943,763,942,1145,539,380,363,223,292,175,167,602,280,850,413,424,222,563,414,433
763,1774,400,955,870,1009,1148,595,397,372,227,292,172,137,625,269,846,430,425,242,558,384,438
910,1844,434,1080,943,1025,1263,635,382,408,218,321,180,157,650,290,888,462,444,261,574,413,465
781,1742,407,975,862,978,1162,614,400,405,245,285,168,154,574,252,841,411,424,235,559,394,449
707,1774,405,946,743,908,1170,545,344,362,223,304,172,165,592,281,855,407,434,222,551,413,423
713,1743,406,952,792,979,1135,577,358,368,205,283,172,139,561,245,793,428,413,228,561,392,428
848,1798,427,1032,895,1034,1151,598,402,375,227,300,178,137,602,269,877,423,442,254,583,398,464
915,1832,430,1040,915,1036,1234,611,426,409,245,333,197,173,625,286,866,441,442,253,580,425,454
956,1797,408,1083,993,1060,1228,661,423,405,222,332,180,168,586,260,844,459,427,286,570,432,464
956,1792,435,1074,891,1087,1228,695,441,408,230,360,182,143,612,270,868,408,445,280,582,396,482
861,1713,431,1067,958,1041,1238,622,399,381,221,325,183,155,573,255,796,432,400,272,590,406,477
638,1715,408,912,770,899,1097,547,351,335,204,285,164,141,570,257,812,380,412,214,582,367,407
573,1579,390,930,761,864,1114,514,341,340,195,280,157,151,562,242,773,395,398,227,550,385,395
760,1744,389,1028,846,962,1187,588,396,375,211,303,171,158,583,265,850,414,426,246,564,405,444
849,1757,423,1017,940,1010,1171,615,420,387,233,320,178,153,589,258,811,432,424,270,601,392,440
587,1684,384,885,734,871,1074,513,342,333,207,272,160,141,571,255,786,404,414,196,543,374,390
848,1714,390,1034,1016,1026,1150,619,408,417,230,295,180,150,593,263,800,427,409,250,571,384,457
931,1817,428,1099,975,1028,1253,640,409,388,231,315,188,147,638,285,841,435,413,284,597,418,487
621,1678,372,914,694,851,1100,506,358,375,225,281,165,153,573,255,785,390,408,217,565,382,389
890,1798,431,1061,884,1020,1252,651,413,386,218,322,175,144,642,279,868,421,455,248,573,399,469
763,1702,399,1025,793,949,1194,572,375,399,222,318,180,142,575,260,800,420,416,253,563,384,453
746,1793,401,996,851,955,1161,570,372,350,209,281,164,169,605,266,854,417,442,245,582,406,429
638,1694,388,892,804,886,1099,529,358,352,194,290,163,152,604,280,806,390,411,213,541,375,402
672,1698,397,939,821,936,1128,547,376,357,219,280,170,135,582,253,790,411,410,231,560,383,442
975,1854,456,1049,913,1085,1261,690,425,368,216,315,180,154,640,284,873,426,450,262,583,420,489
825,1796,396,964,882,1032,1140,652,432,395,228,287,179,145,612,281,840,426,450,240,564,379,442
971,1858,468,1142,1001,1044,1302,634,409,379,225,331,184,153,634,292,881,446,446,280,575,433,482
995,1842,438,1062,993,1118,1249,692,444,430,247,345,193,147,608,276,883,442,449,261,580,416,502
761,1732,399,971,890,930,1214,568,373,370,208,292,166,159,602,263,810,415,409,231,587,422,470
646,1722,384,903,760,904,1098,523,372,363,208,270,168,162,576,248,782,420,419,224,553,403,413
630,1675,390,909,749,891,1078,531,351,340,196,287,170,126,557,244,795,418,422,222,568,370,411
773,1809,412,947,831,966,1152,573,388,372,231,300,178,162,596,270,860,440,435,233,580,405,435
807,1851,404,1004,783,1003,1202,601,389,378,229,320,183,148,645,274,875,445,439,234,533,402,459
616,1758,374,923,751,875,1120,513,333,323,196,278,156,163,567,266,881,394,457,209,528,392,394
658,1694,390,901,798,929,1135,572,377,336,197,285,162,146,591,255,810,399,418,216,548,382,425
774,1730,413,928,872,975,1117,585,417,413,228,328,179,135,569,260,813,406,401,227,540,377,452
677,1740,393,920,818,918,1123,562,372,345,203,295,170,143,594,272,834,409,410,217,552,391,412
736,1867,404,972,798,916,1143,529,360,349,235,300,168,168,637,299,947,443,476,237,593,411,400
721,1613,418,1006,849,953,1242,597,384,370,205,297,168,160,566,244,743,375,380,260,564,404,430
841,1734,448,1023,864,1006,1242,615,402,377,227,341,178,161,602,278,849,413,427,255,563,410,466
720,1763,398,900,766,939,1132,563,371,387,227,290,175,149,596,264,840,427,423,215,577,393,432
660,1768,381,908,772,895,1146,517,353,371,212,287,168,168,624,265,851,429,435,197,571,411,410
797,1790,424,972,878,981,1195,591,399,401,224,329,184,141,625,272,886,395,438,238,590,393,438
1043,1778,435,1170,1042,1106,1308,684,438,391,232,342,182,158,600,271,868,393,442,301,583,431,510
740,1805,387,952,790,951,1188,576,373,356,219,305,177,164,613,278,869,422,438,222,569,410,426
617,1734,366,840,684,886,1112,521,343,329,198,307,163,152,614,291,863,399,437,201,556,381,415
866,1868,436,1008,840,988,1219,581,392,392,235,322,184,159,611,272,878,461,451,253,597,411,454
785,1746,416,1020,901,970,1155,581,395,394,233,289,182,150,615,281,845,420,414,244,582,407,439
559,1497,399,876,767,907,1052,562,357,353,199,287,156,122,481,220,675,366,352,222,537,346,423
719,1748,398,963,887,945,1107,591,383,365,213,288,165,140,562,255,820,417,398,236,567,373,429
1114,1867,469,1180,972,1134,1317,714,453,429,246,352,192,137,654,292,885,436,441,288,608,430,515
780,1670,395,991,924,997,1154,627,387,367,218,298,170,152,564,245,801,413,394,255,572,390,425
1121,1828,485,1121,1139,1112,1328,671,451,421,248,355,193,165,607,269,821,443,437,297,562,434,521
724,1758,390,906,797,1007,1105,598,387,374,214,283,172,162,591,257,818,414,421,218,577,407,410
750,1673,398,1017,900,959,1163,572,407,398,237,304,178,133,566,251,801,396,398,250,576,383,443
840,1830,410,981,834,998,1214,628,411,381,233,292,178,161,621,273,882,445,440,255,558,423,437
836,1859,412,1035,832,1010,1228,589,389,384,238,308,183,180,638,287,902,447,439,253,576,440,440
701,1738,389,923,836,931,1105,546,382,385,212,288,168,137,602,253,827,387,420,224,579,382,430
699,1658,400,949,869,916,1130,563,376,370,212,294,175,150,590,265,809,390,416,233,568,386,408
571,1638,369,836,677,826,1074,506,357,351,203,277,154,159,570,264,826,360,422,195,562,370,392
843,1769,406,1042,838,1012,1254,614,404,399,225,324,176,154,609,274,838,411,417,253,585,403,460
710,1796,394,918,756,916,1145,537,358,340,214,305,171,149,621,279,907,410,450,225,567,405,446
639,1658,393,937,814,912,1088,539,354,346,213,275,163,130,560,246,793,411,397,244,558,361,422
732,1670,393,1001,853,979,1138,569,400,363,222,281,169,142,541,241,778,428,406,228,544,384,431
708,1863,382,947,832,919,1120,529,356,340,213,276,163,150,608,273,947,444,470,228,572,389,437
720,1669,406,953,883,954,1098,566,369,368,215,299,170,138,548,249,767,425,387,230,571,359,425
835,1665,414,999,840,1032,1195,661,425,403,233,325,176,142,596,272,812,399,409,257,558,382,446
615,1701,388,910,775,894,1122,522,345,337,185,272,157,145,594,252,810,395,405,220,555,395,421
742,1723,385,990,882,943,1152,570,381,371,225,292,172,139,599,258,818,407,419,238,571,373,442
795,1744,409,1052,862,999,1227,613,393,381,224,290,171,159,585,258,830,410,420,250,581,410,455
727,1732,414,973,811,977,1168,566,360,355,198,290,168,159,601,267,826,440,405,237,558,407,418
874,1792,408,1014,888,1041,1226,666,421,375,220,312,172,166,634,280,889,396,444,248,577,422,455
731,1705,393,984,827,954,1173,576,360,385,214,308,172,152,585,255,820,419,404,248,577,403,424
710,1775,402,901,775,972,1060,556,375,383,219,279,175,145,610,271,851,429,432,203,565,380,419
803,1676,401,999,899,1001,1213,593,395,391,219,312,183,153,591,267,790,442,404,259,555,392,468
834,1765,379,1021,888,1022,1176,630,405,417,233,299,186,134,634,273,862,399,433,261,569,379,449
773,1732,398,1084,874,1008,1219,595,374,372,208,299,168,142,582,258,814,420,393,269,556,390,438
850,2042,396,952,788,999,1190,566,386,378,215,293,185,161,736,318,1021,454,507,218,568,427,435
790,1719,408,967,927,1014,1138,604,377,386,221,287,171,137,614,270,784,397,403,245,580,368,427
835,1755,416,1081,971,1006,1219,613,408,363,206,288,172,152,598,263,811,430,406,260,579,420,462
817,1880,423,1016,870,976,1202,611,383,364,226,319,185,146,672,302,966,425,483,255,565,407,454
880,1880,422,962,828,997,1205,591,407,404,230,331,182,162,671,298,931,432,445,246,582,399,493
795,1652,408,1053,980,985,1181,617,383,382,211,297,171,153,572,244,781,390,410,258,572,401,437
951,1767,410,1134,1057,1081,1247,646,414,399,221,311,176,143,595,264,811,410,444,295,580,402,479
1000,1831,411,1076,939,1073,1293,693,453,427,231,330,188,166,632,292,918,431,464,269,573,430,464
915,1832,410,1048,974,1057,1188,643,407,406,229,318,182,148,617,282,853,426,453,265,574,405,448
849,1843,408,983,858,1014,1200,624,412,397,230,308,181,146,632,276,831,445,420,250,593,395,452
988,1850,422,1084,1038,1085,1204,658,435,431,231,330,182,151,651,279,887,424,435,275,582,398,472
814,1693,436,1100,977,1025,1214,591,395,392,222,291,170,143,585,254,782,433,394,287,588,393,438
1014,1856,439,1087,1042,1133,1282,689,430,425,247,322,187,154,610,264,876,425,444,280,562,418,450
742,1807,378,981,810,956,1188,579,379,376,211,293,162,166,602,267,858,450,442,240,556,412,423
851,1796,399,1025,867,1032,1226,641,414,410,243,300,178,151,603,262,858,440,441,250,561,410,455
784,1817,410,1006,812,966,1177,565,395,373,223,313,180,149,590,275,835,459,436,249,569,394,465
585,1705,374,886,709,875,1082,492,351,345,214,270,164,166,595,260,827,391,415,210,551,398,387
815,1757,411,966,828,1014,1193,612,423,386,236,312,187,155,581,262,821,409,424,225,562,398,456
706,1737,392,951,845,924,1102,569,374,370,212,277,165,152,632,276,884,406,438,245,565,370,427
998,1812,416,1123,1023,1073,1252,688,429,391,216,322,182,153,601,268,832,438,417,282,592,386,485
634,1701,388,886,814,936,1065,550,345,330,198,283,164,147,581,267,810,427,411,210,575,375,420
670,1708,375,966,796,930,1130,560,371,365,221,299,171,161,548,255,823,415,415,224,535,392,424
1016,1780,429,1131,1065,1128,1278,703,476,443,238,313,179,168,591,257,804,452,415,285,556,401,504
816,1757,434,1012,819,984,1218,622,398,390,224,308,177,156,584,263,835,458,427,243,573,411,444
955,1785,440,1130,952,1085,1288,676,411,406,230,313,176,145,609,270,815,424,423,278,588,410,492
884,1762,401,1005,892,1068,1182,657,406,415,241,334,186,144,605,253,854,435,419,267,575,370,488
840,1668,378,1024,887,1045,1201,647,430,407,233,315,177,142,551,241,794,409,397,252,582,388,452
797,1893,410,988,852,995,1185,591,368,355,201,302,176,152,644,283,928,425,479,233,564,411,458
625,1670,379,937,764,899,1104,536,343,344,201,288,166,137,582,252,811,410,434,248,544,370,414
825,1826,407,995,859,1022,1194,602,387,385,228,295,184,170,623,292,855,449,450,260,570,409,442
750,1848,416,959,816,928,1135,511,393,364,228,320,192,156,641,285,899,478,446,218,582,412,445
773,1702,413,975,882,1016,1155,609,394,390,224,282,167,158,585,254,806,427,400,230,572,399,420
735,1841,413,907,738,936,1118,572,374,365,216,299,172,151,629,292,907,433,465,217,571,401,423
632,1674,371,890,758,888,1103,529,378,348,209,280,166,155,587,265,805,381,416,204,578,393,398
809,1725,421,969,910,1025,1166,625,404,387,218,320,172,148,576,252,797,412,396,247,581,394,445
766,1730,386,1024,863,949,1208,569,389,390,225,305,174,161,582,251,813,437,407,250,569,404,454
779,1701,421,1028,818,917,1191,598,379,384,222,341,172,143,629,288,869,386,427,252,567,384,460
756,1724,396,952,854,974,1165,601,381,370,208,304,168,159,608,255,780,412,409,245,573,396,425
821,1786,416,979,836,1053,1155,652,406,388,217,308,170,150,618,286,884,405,458,234,554,392,445
813,1774,382,1005,857,1002,1195,626,397,403,226,315,181,143,629,272,852,439,422,241,564,384,441
1015,1746,427,1116,975,1124,1288,726,447,415,232,345,182,148,595,253,818,442,416,268,582,403,501
989,1702,452,1127,1083,1129,1252,714,422,430,225,335,186,137,564,245,781,398,399,288,566,400,495
826,1845,420,984,883,1001,1192,588,390,371,223,292,171,161,608,260,896,421,449,252,577,417,437
823,1774,392,1024,920,1006,1186,614,394,363,212,315,174,157,634,286,883,416,424,244,547,415,478
785,1777,409,1066,887,961,1202,570,379,357,203,306,178,158,622,262,819,424,437,273,567,401,470
851,1719,442,1080,896,1021,1235,629,401,390,220,341,177,160,584,251,767,435,401,271,545,405,470
767,1756,390,978,810,999,1197,618,387,380,218,300,171,175,599,264,816,422,414,240,562,431,445
673,1692,391,925,770,923,1124,587,380,351,207,304,163,142,534,234,817,395,425,237,581,364,415
916,1784,432,1027,864,1063,1213,668,419,427,233,335,176,158,626,282,838,430,423,246,578,404,468
733,1902,392,939,799,941,1141,552,354,359,214,283,179,165,638,280,953,456,475,235,562,393,430
764,1804,397,949,800,984,1154,573,394,391,235,298,184,154,599,261,825,464,401,216,600,400,423
773,1755,407,957,811,984,1142,599,398,378,211,310,168,148,610,271,843,415,422,237,573,405,429
673,1736,383,981,790,905,1155,535,355,361,199,314,165,172,584,249,803,463,410,234,552,402,414
684,1690,381,909,835,956,1115,569,364,355,209,288,168,147,586,260,805,395,414,225,570,363,408
585,1735,365,871,700,820,1048,509,322,342,194,268,160,142,607,273,823,369,433,214,564,354,386
812,1745,390,1064,946,1021,1184,629,386,367,221,286,175,145,592,271,846,404,409,271,585,393,448
854,1700,430,1099,959,1023,1218,617,398,385,222,318,170,133,551,237,767,400,400,272,577,388,472
934,1786,436,1040,965,1090,1235,679,442,438,242,318,178,166,572,256,821,434,418,251,594,404,487
1021,1834,402,1054,970,1115,1259,708,476,428,262,345,195,159,648,267,846,415,425,260,607,410,487
865,1754,436,1035,924,1018,1195,615,408,392,225,317,178,140,602,262,845,402,432,260,558,378,463
892,1832,427,1005,807,1024,1267,628,406,396,230,325,178,175,641,284,906,400,467,240,573,442,440
587,1628,380,833,758,880,1054,538,361,359,222,295,162,148,567,254,775,404,369,218,514,384,408
577,1680,363,891,704,858,1054,487,332,320,188,273,166,135,600,266,798,421,417,205,558,381,409
800,1728,392,1029,926,1002,1184,632,364,385,205,295,158,147,605,268,822,414,432,268,552,388,446
765,1768,423,987,813,978,1174,593,378,378,221,315,183,158,604,262,881,399,443,230,586,401,450
840,1840,442,1028,797,966,1251,590,380,388,233,331,178,152,634,282,931,425,469,245,573,414,468
828,1741,415,972,882,1041,1199,653,395,395,217,306,168,158,645,282,885,383,443,238,567,397,451
882,1843,430,1064,952,1006,1222,611,396,398,238,308,178,159,651,283,927,423,428,253,585,425,458
713,1657,402,924,792,931,1161,587,380,407,227,300,164,165,542,250,764,392,389,234,573,403,419
924,1862,411,1033,974,1074,1247,688,414,407,223,294,171,162,634,276,900,430,454,253,576,406,471
708,1787,381,914,809,912,1108,544,363,367,226,290,176,148,624,279,897,417,447,230,553,386,422
842,1835,395,972,939,1004,1141,583,397,374,220,310,180,137,615,270,850,449,440,250,578,375,456
698,1776,395,949,773,916,1099,557,375,350,201,291,167,151,630,285,880,414,458,217,537,368,408
851,1826,425,958,880,985,1203,606,384,408,226,328,176,160,627,272,852,428,434,236,573,414,443
592,1620,382,872,758,862,1084,520,355,357,199,268,152,157,567,252,771,403,388,217,553,384,386
703,1847,392,939,762,925,1169,550,349,341,209,312,175,164,629,286,888,435,473,234,561,410,445
855,1796,390,1023,872,1054,1225,641,387,379,216,304,173,146,642,276,873,431,446,256,540,402,433
911,1818,441,1040,938,1033,1229,614,406,387,235,320,185,139,626,270,834,424,425,282,583,410,479
728,1783,414,918,841,942,1137,582,394,354,205,290,173,150,589,270,839,449,429,218,578,400,438
645,1707,403,883,740,912,1124,561,364,343,206,296,172,143,591,263,817,396,410,227,582,385,431
718,1791,431,913,736,922,1154,547,362,358,217,299,173,148,641,288,867,404,439,228,575,389,435
511,1615,373,802,654,817,999,507,356,332,202,265,158,137,546,234,754,384,375,188,544,356,375
688,1735,375,920,791,928,1151,556,370,371,217,273,163,160,593,255,822,435,419,235,547,403,428
748,1763,390,962,771,976,1179,585,393,384,233,288,166,168,608,261,828,450,423,234,580,414,428
713,1683,394,991,853,953,1165,600,372,353,195,291,160,147,565,249,826,397,416,251,556,385,438
651,1724,378,919,858,940,1105,532,358,316,180,268,163,159,591,262,822,418,418,238,557,379,402
786,1785,407,1006,916,1027,1187,614,400,355,234,292,172,158,563,255,828,434,410,240,565,417,415
653,1693,385,916,758,893,1101,535,388,370,210,308,183,139,570,247,804,401,385,230,552,365,440
602,1694,411,898,702,860,1108,522,325,336,200,275,167,166,615,280,844,386,434,218,543,411,405
720,1718,400,948,788,964,1129,610,368,365,212,297,166,142,600,266,848,371,427,225,566,395,430
846,1733,404,1077,940,979,1230,621,402,353,207,307,167,149,602,265,830,413,429,263,575,404,470
633,1613,380,919,864,950,1065,554,358,336,199,269,157,130,589,255,779,365,401,240,538,369,433
722,1776,385,902,859,967,1132,580,359,346,205,293,172,150,646,299,894,427,448,231,556,381,415
656,1700,392,933,713,902,1124,566,342,365,214,302,165,142,579,267,830,365,412,222,555,373,405
719,1705,413,937,871,946,1118,579,399,384,218,290,163,151,585,247,782,418,396,225,540,392,416
834,1756,438,987,912,1034,1222,631,392,391,227,316,182,153,576,254,815,392,412,235,582,409,464
786,1850,421,1006,895,943,1212,570,379,362,220,287,176,164,642,285,885,457,428,240,588,427,414
808,1785,402,969,873,987,1152,591,419,391,239,298,181,143,601,266,858,419,413,239,577,390,443
633,1688,397,877,747,935,1084,552,360,336,207,295,163,147,552,243,808,399,420,215,580,379,388
637,1661,375,914,749,899,1095,540,371,360,218,278,167,142,574,250,764,403,392,228,549,358,412
886,1830,430,1045,948,1025,1255,619,392,379,221,309,183,163,631,284,877,463,435,256,603,427,463
857,1910,427,970,858,1015,1197,607,403,389,233,300,180,153,647,272,938,422,468,233,572,411,450
783,1762,429,984,812,984,1192,578,390,357,208,319,176,154,595,261,810,436,424,231,572,413,452
909,1834,408,1063,831,993,1286,612,414,436,249,342,187,144,621,275,914,410,471,274,600,396,484
667,1767,406,904,769,913,1170,538,357,356,204,302,170,163,598,250,818,432,408,204,577,412,430
747,1706,408,956,835,944,1165,577,384,375,220,307,184,150,602,285,825,391,423,226,564,392,429
817,1775,425,1001,891,993,1208,604,393,373,223,305,186,169,619,277,852,426,448,241,577,407,448
628,1693,395,868,728,877,1120,519,343,342,205,295,167,161,592,256,820,389,413,197,559,389,414
656,1673,386,949,760,915,1150,549,367,356,214,273,165,155,536,237,759,392,405,212,554,384,390
633,1715,397,910,743,895,1100,536,336,345,198,284,166,146,552,251,813,417,427,231,542,373,414
723,1747,397,940,774,953,1120,566,374,361,215,290,172,144,626,278,858,404,447,257,587,371,420
701,1787,395,922,770,920,1126,543,369,365,211,297,164,150,629,261,890,419,452,225,549,391,453
942,1743,445,1104,1005,1064,1269,662,394,396,230,320,186,142,593,267,836,436,391,263,572,410,492
794,1693,393,1014,962,990,1166,589,382,369,214,295,168,150,588,260,828,399,402,262,557,392,437
892,1762,438,1021,850,1051,1254,660,407,421,243,340,186,164,599,258,822,419,395,263,596,425,461
760,1709,428,1018,928,950,1200,558,376,365,218,306,176,140,576,244,786,420,395,245,564,387,460
853,1810,405,1005,845,987,1233,611,380,415,232,319,179,168,671,301,935,388,485,249,577,409,460
653,1694,421,918,779,900,1153,569,356,344,197,278,165,142,573,252,774,425,382,185,562,406,427
867,1774,413,1020,942,1056,1173,646,416,422,235,296,175,148,619,268,847,441,406,249,561,408,442
745,1788,408,966,803,966,1190,577,374,360,215,307,172,161,611,267,842,429,427,235,567,406,457
943,1847,430,1043,952,1037,1246,643,419,404,236,331,192,152,640,275,881,442,442,268,587,406,474
791,1759,394,992,851,1005,1163,618,377,377,214,324,168,147,643,284,868,410,438,250,551,384,465
690,1725,394,944,793,936,1122,563,363,361,222,290,166,149,578,261,815,419,410,228,569,390,422
782,1795,394,985,825,942,1167,564,392,391,215,306,178,175,607,271,884,410,441,234,567,410,437
762,1781,424,965,818,953,1143,574,380,387,227,285,174,156,607,266,853,427,438,236,540,396,449
850,1705,415,1033,896,1029,1217,622,394,400,227,339,188,142,612,282,839,408,417,260,578,385,468
713,1768,410,943,786,947,1132,569,362,364,210,293,166,151,612,276,857,431,429,241,581,369,416
562,1664,378,877,707,848,1094,475,332,351,211,285,168,165,582,262,784,406,402,206,542,405,399
813,1744,416,1008,967,1036,1204,618,391,368,220,292,167,149,582,254,794,428,412,240,582,407,441
980,1858,440,1145,1003,1059,1298,630,406,376,241,325,192,163,625,266,894,446,457,280,578,430,464
863,1870,412,1012,916,1008,1202,610,380,371,218,308,180,147,629,275,903,439,462,254,565,406,470
684,1775,388,960,783,908,1132,528,342,336,202,312,172,161,631,270,835,424,432,227,566,395,424
920,1763,421,1090,961,1085,1232,672,424,407,238,324,179,158,571,262,820,449,400,257,563,410,450
891,1772,412,1076,975,1074,1209,647,410,405,223,307,175,156,613,261,826,446,393,268,594,398,454
821,1868,415,988,820,975,1215,597,365,367,220,320,173,156,645,294,930,421,464,244,592,409,458
844,1825,404,1019,872,1060,1203,630,391,388,221,299,175,167,619,269,868,453,457,251,583,413,434
716,1742,417,951,843,911,1139,544,348,352,210,281,170,143,564,250,802,446,395,244,566,392,433
662,1835,388,930,785,897,1153,515,349,342,203,285,170,175,620,275,918,431,448,215,563,423,401
870,1728,415,1050,965,1027,1171,632,424,403,222,322,178,140,575,244,820,400,415,284,559,373,460
647,1600,373,953,860,918,1079,575,376,347,208,280,160,141,544,236,770,385,383,255,565,370,422
781,1762,406,982,865,1027,1149,608,377,383,231,295,167,141,611,273,850,445,420,243,556,389,436
902,1845,453,991,802,1016,1242,628,411,409,233,328,190,182,650,306,889,417,447,248,567,441,462
920,1822,433,1059,957,1048,1279,639,421,407,241,322,193,155,626,267,866,448,431,251,585,419,469
847,1769,398,1045,963,1025,1197,632,405,353,211,289,177,162,616,275,835,418,407,253,571,412,433
1059,1770,411,1110,936,1152,1317,758,431,436,236,350,188,143,643,290,863,403,435,293,574,411,504
799,1765,416,1057,899,985,1221,581,412,375,232,300,180,176,590,255,834,433,415,250,577,427,437
732,1759,393,943,852,950,1140,562,390,401,242,282,172,158,601,267,856,426,418,244,563,387,444
596,1646,394,931,714,867,1139,487,344,341,201,289,155,149,581,248,778,397,405,222,550,386,413
743,1723,378,1014,829,991,1190,599,395,364,214,282,162,158,583,251,832,396,403,261,553,412,428
779,1743,404,993,833,982,1213,602,375,360,214,313,176,158,624,283,860,386,426,236,586,408,451
730,1737,403,946,831,959,1154,578,399,375,240,282,166,155,580,244,792,429,390,226,564,412,415
890,1811,411,1035,870,1025,1223,615,410,393,228,330,191,154,630,297,884,425,439,250,572,405,478
763,1723,391,990,850,982,1208,601,393,378,213,303,183,169,598,257,775,431,378,250,566,417,438
784,1711,403,987,862,998,1184,626,401,398,234,300,181,159,572,255,770,439,384,255,565,397,430
737,1745,408,962,814,957,1140,573,382,368,221,315,185,149,580,255,791,428,397,225,580,378,430
619,1615,393,870,734,902,1100,554,348,362,197,282,158,149,555,242,792,359,396,216,532,378,398
765,1775,404,973,788,957,1199,565,383,380,221,310,172,152,591,262,846,426,421,233,547,398,457
794,1687,386,1057,987,1041,1178,621,397,367,205,294,158,149,603,254,788,412,407,271,558,385,432
812,1786,401,1006,880,982,1167,609,401,383,230,297,178,144,631,263,825,420,418,254,562,383,459
538,1647,377,876,698,846,1063,486,309,304,186,257,162,148,573,244,798,397,399,215,543,378,383
812,1765,384,1042,944,1004,1157,612,394,362,211,285,170,151,585,247,825,421,417,254,569,382,450
787,1795,407,994,880,994,1205,613,376,368,225,287,174,172,620,273,860,438,401,244,566,414,433
759,1671,410,1006,902,1011,1187,615,385,393,225,300,168,147,561,244,778,402,384,248,573,388,426
743,1825,388,963,824,962,1155,579,390,355,233,297,171,172,616,266,859,457,425,218,565,417,437
900,1879,416,1027,847,1052,1213,645,391,390,234,306,191,168,686,312,930,420,472,242,573,415,449
633,1695,392,905,790,906,1091,525,358,364,206,290,161,156,578,257,791,435,395,219,551,383,383
810,1768,408,1028,904,994,1203,615,413,384,227,299,184,164,621,268,854,450,402,259,555,413,423
779,1734,403,1007,861,1006,1188,620,395,386,215,307,162,147,604,258,863,417,408,254,548,380,432
774,1649,424,1000,873,992,1167,602,391,393,226,318,172,141,548,238,757,386,367,241,555,393,443
915,1848,434,1008,905,1035,1193,620,427,418,241,337,188,158,643,281,907,447,441,253,586,410,462
754,1837,408,967,804,955,1163,602,380,348,204,288,165,157,631,275,913,422,449,225,559,403,410
937,1792,442,1028,952,1047,1240,637,443,388,227,315,187,162,641,297,910,433,449,267,606,431,456
753,1744,374,1007,857,976,1115,577,390,378,225,282,173,150,591,251,817,435,406,265,567,400,438
498,1652,366,797,684,846,998,472,301,311,177,233,143,146,550,248,796,378,403,194,518,352,358
673,1596,404,968,883,927,1130,566,373,371,204,280,166,155,539,233,716,410,343,240,568,395,425
1092,1844,442,1163,1096,1128,1229,709,448,428,238,320,183,134,636,276,873,432,426,296,592,392,490
992,1821,438,1118,1034,1024,1237,606,422,393,232,331,193,137,611,270,833,470,411,290,599,388,507
685,1656,393,937,877,968,1130,592,383,360,201,285,165,159,590,251,758,421,375,240,568,405,419
805,1722,407,1043,899,1006,1236,609,385,394,222,320,174,155,596,255,807,407,392,247,536,410,463
776,1804,398,983,848,960,1160,585,375,367,221,304,174,153,627,275,862,452,429,261,566,402,467
725,1682,388,1019,851,960,1135,560,370,361,223,299,173,145,559,244,811,400,400,256,565,383,430
895,1820,425,980,878,1060,1202,654,422,398,240,313,194,144,636,289,852,437,414,233,574,404,453
779,1721,423,996,908,992,1162,594,375,369,227,314,180,153,590,282,803,413,396,230,565,400,462
842,1750,406,1006,866,1032,1220,643,429,389,245,305,191,159,610,276,836,379,415,231,545,426,438
767,1694,407,985,882,992,1184,598,397,351,219,298,174,150,562,258,791,402,390,240,554,400,457
691,1712,407,928,793,964,1128,558,361,357,218,285,172,152,584,254,781,414,375,228,590,397,430
848,1801,426,1008,824,1011,1195,619,398,377,226,332,176,160,642,299,922,385,464,251,562,422,446
771,1713,409,988,811,954,1161,600,392,381,217,300,173,153,574,255,802,426,397,255,596,391,426
536,1735,351,814,688,851,1030,487,332,333,199,237,159,152,593,254,855,420,415,211,532,378,386
840,1702,418,1072,953,1032,1231,626,396,385,210,312,171,134,582,253,769,403,398,261,536,376,469
714,1720,403,972,835,960,1185,568,390,378,224,320,176,155,573,244,807,381,407,233,557,402,432
852,1733,398,1028,921,1027,1229,627,410,394,232,320,178,161,579,255,830,385,403,262,578,401,453
757,1838,416,983,855,954,1186,572,365,349,214,290,167,184,626,271,920,432,448,251,581,432,453
823,1765,419,1005,937,989,1186,624,401,354,213,300,170,132,615,278,854,384,424,255,576,378,442
684,1837,366,941,750,933,1127,522,362,341,216,292,173,156,616,268,887,439,446,220,569,399,416
596,1704,395,891,711,903,1094,519,352,350,200,280,160,150,564,244,813,404,408,220,545,392,389
702,1700,392,950,780,926,1165,553,375,367,221,303,170,161,591,251,819,426,424,229,550,395,447
615,1722,373,882,715,894,1088,524,347,326,194,275,162,145,611,266,845,380,426,229,577,372,442
593,1712,378,885,722,843,1077,495,337,361,203,281,162,145,588,259,827,389,419,200,557,382,413
855,1795,410,996,790,1004,1200,629,422,386,214,312,180,166,622,287,900,389,438,243,585,409,439
603,1722,383,906,741,878,1071,492,343,322,209,280,170,145,576,269,850,418,418,214,563,376,397
660,1742,378,899,752,891,1110,517,363,376,217,292,173,131,601,255,805,396,399,227,560,367,415
732,1806,402,968,844,956,1147,574,375,372,208,312,168,149,617,277,853,424,416,233,561,397,431
817,1753,414,1024,870,980,1231,610,399,386,233,339,182,163,610,272,853,405,423,258,548,425,447
899,1754,422,1130,968,1036,1213,622,419,401,228,302,178,142,625,260,832,410,420,284,560,395,492
799,1847,425,956,878,994,1173,577,393,370,227,304,186,167,628,279,895,434,444,221,566,424,443
804,1940,440,954,804,973,1184,564,375,384,217,321,181,172,637,291,947,455,472,225,571,429,447
780,1804,415,960,953,994,1146,588,376,348,213,279,170,170,609,264,861,424,411,238,582,419,413
785,1773,401,1039,882,980,1175,582,375,375,200,298,168,148,596,275,875,415,428,241,554,392,439
747,1718,400,944,825,956,1145,592,391,376,222,314,177,143,587,277,869,384,425,237,569,402,433
833,1694,404,1047,909,1013,1236,629,428,404,238,311,185,147,553,240,745,407,376,262,563,394,462
740,1807,380,954,810,934,1135,543,363,352,216,287,177,150,630,275,875,444,427,235,557,391,433
622,1710,372,896,690,872,1115,512,359,346,208,273,167,153,622,279,815,410,411,210,570,406,399
843,1805,414,944,926,1013,1172,646,418,393,219,294,172,150,648,290,912,393,432,246,578,405,425
783,1726,409,1030,889,1003,1176,630,389,380,207,288,166,159,584,253,777,434,406,250,567,404,430
1043,1841,438,1210,1022,1104,1301,666,441,402,243,324,197,145,641,282,894,476,434,288,580,412,538
820,1782,397,989,855,1011,1174,630,408,406,227,301,172,163,601,259,851,427,414,244,563,395,421
918,1855,433,995,890,1080,1226,663,400,388,227,312,176,161,670,310,935,423,455,240,568,424,469
653,1717,375,904,757,931,1101,567,367,357,211,285,162,145,582,264,808,410,398,208,558,380,403
842,1871,412,992,868,1006,1167,583,420,395,241,302,187,157,645,269,905,438,470,246,580,398,459
694,1747,406,985,794,915,1139,536,355,352,203,304,163,152,602,274,846,386,421,243,569,402,415
903,1756,410,1050,970,1102,1211,657,449,407,241,307,172,147,590,255,805,426,403,258,554,394,458
868,1738,417,1047,899,1034,1207,639,399,402,228,315,176,148,607,260,816,415,403,274,592,392,464
1035,1845,442,1108,969,1141,1275,684,430,414,242,348,180,165,648,304,905,431,454,292,579,430,475
679,1718,414,956,827,943,1149,550,365,339,213,284,168,135,593,266,797,391,396,213,549,386,443
733,1766,404,924,754,925,1156,561,378,361,213,322,172,152,614,281,883,384,437,219,560,415,423
987,1872,412,1109,1025,1080,1279,640,411,404,222,321,181,157,659,283,912,444,453,283,573,427,472
792,1743,434,965,845,995,1202,586,412,389,229,322,178,150,582,245,793,452,386,238,556,391,455
765,1726,419,946,831,994,1163,610,393,398,237,310,171,147,599,267,803,429,396,239,566,390,430
1004,1785,419,1058,969,1135,1248,717,445,438,239,348,180,126,592,270,860,411,402,262,599,361,483
940,1842,419,1093,944,1075,1238,666,412,435,249,325,191,153,625,265,867,462,420,280,575,400,462
655,1774,407,911,743,905,1134,514,350,330,208,300,174,155,589,263,818,432,411,230,577,406,396
847,1855,406,940,848,1042,1120,638,417,393,233,295,180,142,606,266,883,444,443,240,575,378,441
824,1753,410,993,867,1000,1196,634,405,392,228,310,187,153,580,264,827,451,415,242,576,392,453
808,1800,421,1015,810,967,1229,574,393,388,237,322,188,178,584,266,853,421,430,235,558,434,450
895,1820,391,1013,918,1019,1216,661,425,398,241,321,187,166,658,309,899,406,429,252,574,415,437
741,1752,392,987,821,984,1164,585,366,394,220,292,171,157,600,270,851,412,408,258,572,401,439
695,1768,389,933,856,946,1092,540,361,337,208,290,168,154,567,258,824,420,409,232,568,375,438
767,1734,398,943,927,1011,1111,582,395,370,220,290,180,142,588,258,844,384,412,246,556,355,440
888,1836,402,1009,979,1018,1211,639,401,416,229,317,191,155,656,286,876,437,432,262,572,414,460
768,1643,398,998,877,953,1184,585,401,398,212,299,171,150,570,253,799,381,384,251,547,400,442
674,1703,384,939,825,910,1089,541,359,361,210,301,169,131,595,266,849,410,422,240,538,374,436
743,1792,415,942,811,946,1149,563,375,379,231,292,174,167,631,279,863,428,423,233,556,422,430
852,1835,424,1033,842,983,1250,598,385,379,220,330,177,162,634,291,947,400,465,248,575,395,468
606,1664,384,961,759,890,1114,521,350,344,205,280,163,167,577,262,804,413,403,236,536,401,402
740,1695,408,1001,827,951,1194,591,380,375,230,303,170,141,554,250,788,406,373,238,561,393,445
586,1685,382,864,707,841,1065,513,336,358,210,284,164,167,584,263,840,368,420,196,565,401,372
668,1820,411,904,785,919,1129,528,330,348,210,282,165,155,605,257,857,426,434,210,568,411,417
915,1743,431,1069,1057,1051,1232,623,414,409,227,310,181,156,594,260,820,435,382,270,578,408,483
812,1703,414,1003,871,1027,1213,655,404,380,230,310,181,166,565,258,792,400,401,240,561,409,463
655,1694,402,922,726,910,1123,550,347,357,212,293,163,153,592,257,839,374,409,242,560,394,410
978,1808,450,1078,1003,1087,1272,687,437,414,241,328,186,147,667,286,890,407,418,272,582,420,492
557,1654,375,818,722,847,1041,497,333,330,185,263,153,158,555,247,798,369,410,190,551,378,382
847,1915,395,909,814,985,1111,595,409,382,232,302,192,148,675,303,950,415,470,239,574,400,448
708,1645,400,965,897,970,1112,596,400,372,214,287,162,157,553,245,766,385,383,246,555,387,415
827,1760,418,1044,853,992,1217,622,386,369,217,330,177,153,601,283,854,395,419,266,555,408,463
881,1754,407,1066,966,1062,1213,640,396,397,223,310,183,145,646,305,870,382,413,272,585,392,489
931,1717,438,1135,1050,1080,1230,653,385,385,222,327,175,167,590,262,774,424,385,280,529,417,484
912,1658,452,1146,1082,1076,1221,683,423,373,211,320,179,137,569,249,749,416,376,296,575,380,513
939,1862,443,1051,930,1068,1192,618,414,420,247,308,190,150,622,275,885,476,436,258,582,416,485
1030,1791,437,1072,974,1138,1256,725,454,441,245,335,181,158,627,279,859,425,422,275,574,426,473
688,1738,401,938,799,895,1121,554,376,359,217,292,174,141,591,269,815,410,407,236,560,375,422
646,1662,409,933,751,902,1114,534,364,360,220,295,180,145,579,247,783,415,410,240,550,367,424
749,1813,403,978,911,956,1164,559,379,355,208,280,176,165,625,273,875,404,441,225,563,412,426
819,1786,425,1012,852,1004,1227,630,393,370,218,310,172,147,630,294,886,388,425,245,568,395,478
842,1641,442,1061,928,1047,1237,636,426,413,235,318,170,147,551,245,762,383,368,264,570,401,462
852,1685,425,1044,965,1050,1209,641,414,364,218,318,180,154,586,268,812,385,374,282,563,418,454
729,1739,405,1014,828,939,1187,566,379,380,225,290,172,154,583,261,854,409,424,242,566,405,438
605,1705,384,906,793,888,1091,479,336,334,198,273,168,146,588,265,834,406,419,219,535,390,411
886,1837,428,1096,920,1035,1284,617,405,400,235,334,185,177,628,272,890,441,415,269,550,434,459
785,1698,379,956,859,1048,1155,659,399,400,232,300,173,146,571,248,804,394,396,233,573,378,446
760,1725,402,1020,758,969,1208,595,373,390,224,322,175,160,604,254,853,415,411,261,550,402,465
914,1897,435,1049,798,999,1286,600,400,421,234,356,190,173,675,302,980,442,453,272,590,435,468
930,1796,442,1049,871,1070,1258,669,405,411,228,333,185,148,606,277,852,422,426,260,582,416,463
827,1805,417,989,849,1040,1199,616,402,380,213,305,183,165,632,280,845,417,417,244,562,426,458
692,1728,412,918,745,914,1135,563,375,357,213,304,179,158,622,284,844,404,437,222,555,399,438
797,1670,406,988,896,1009,1168,623,417,410,234,307,174,143,570,249,751,406,360,241,566,389,441
917,1799,439,1055,985,1078,1215,690,425,383,215,323,181,140,562,260,819,412,416,274,563,387,472
1083,1771,428,1200,1185,1147,1231,701,453,431,240,315,183,152,591,257,818,442,417,312,591,395,488
932,1715,405,1055,1032,1094,1124,710,435,411,238,318,172,135,572,251,802,411,403,283,576,362,463
799,1748,409,1047,818,1011,1224,617,391,368,212,316,180,165,613,272,857,405,424,253,568,417,447
766,1811,418,976,823,956,1163,591,383,371,224,303,174,153,602,269,865,428,419,233,582,401,439
798,1828,424,1019,870,962,1244,594,383,370,215,330,174,171,595,261,861,431,419,251,571,443,436
816,1798,419,1004,864,1007,1192,606,393,394,229,314,180,158,626,271,854,440,417,244,580,389,437
717,1758,400,975,800,938,1143,533,371,375,224,297,180,145,566,254,840,404,415,225,554,387,435
1137,1865,442,1119,987,1170,1332,752,461,452,247,370,199,157,670,302,893,415,422,281,594,403,526
865,1767,397,1027,901,1041,1209,630,423,422,233,319,182,158,604,262,842,398,395,244,564,390,479
766,1745,395,979,893,992,1118,615,370,379,223,287,172,142,566,264,810,392,401,243,558,370,465
706,1695,398,926,784,967,1119,580,385,372,223,290,172,145,564,250,781,396,387,230,588,383,443
734,1823,398,970,845,972,1167,559,370,359,216,280,177,153,633,276,874,407,437,240,583,412,451
845,1830,420,997,855,993,1263,611,395,404,240,308,173,166,638,270,886,432,410,231,573,428,478
909,1859,428,1067,893,1058,1254,623,417,405,245,324,189,167,632,279,921,450,429,264,592,424,472
787,1678,411,1050,961,951,1178,569,392,365,203,312,173,139,556,246,790,390,398,271,577,368,459
642,1703,387,921,735,928,1117,540,367,363,212,285,162,161,540,240,787,421,394,218,565,382,400
1011,1886,427,1153,1003,1093,1329,664,422,433,235,329,184,170,658,290,916,436,435,283,581,445,480
759,1711,391,953,855,989,1157,611,397,360,206,309,173,166,579,271,844,383,403,235,566,416,430
739,1705,396,967,865,964,1129,587,393,366,217,283,168,152,580,265,801,453,391,243,554,392,425
809,1850,411,1002,853,988,1194,602,377,383,220,295,175,170,626,275,904,429,439,240,570,423,436
623,1678,401,924,744,922,1109,542,366,332,202,284,157,148,571,247,787,410,386,220,568,384,419
752,1753,408,1025,866,940,1188,542,368,364,219,315,173,167,611,269,843,418,432,260,586,417,437
906,1746,408,1079,1044,1089,1235,650,425,394,213,292,171,159,600,269,820,433,397,286,568,405,468
747,1751,413,976,810,954,1164,586,372,364,208,292,175,140,619,288,865,408,409,235,561,370,452
704,1784,397,969,823,923,1154,556,381,357,204,272,170,144,583,261,860,426,418,236,585,381,431
927,1836,431,1060,999,1050,1185,651,417,413,238,305,175,148,630,285,865,446,410,268,588,398,450
1062,1834,415,1155,1043,1145,1295,714,459,420,242,322,178,158,636,271,887,461,448,294,548,408,515
746,1741,397,1059,919,984,1215,590,371,349,207,285,169,159,606,271,823,406,398,250,575,406,462
843,1806,436,1022,844,1025,1192,604,402,360,225,320,180,149,614,289,876,441,418,243,576,390,442
780,1816,392,1016,803,991,1220,594,395,372,225,285,176,176,584,256,820,428,408,232,570,418,450
927,1900,427,1072,978,1049,1196,613,403,415,228,285,178,149,660,286,890,463,438,267,579,405,453
713,1712,394,956,872,957,1151,589,353,357,213,303,171,151,585,253,831,394,394,244,539,377,430
844,1863,403,993,881,1053,1171,640,428,393,222,302,173,152,642,277,891,431,439,236,563,401,463
745,1765,397,975,968,967,1096,564,369,343,208,275,178,168,601,270,885,427,420,262,568,397,420
685,1755,388,965,765,916,1158,536,363,372,213,290,167,149,593,256,840,409,403,228,572,400,434
735,1698,406,954,913,973,1159,597,383,361,207,290,169,159,569,249,788,413,384,250,576,385,408
893,1732,409,1045,999,1071,1230,673,420,410,234,317,175,151,575,262,823,390,387,264,569,395,466
755,1771,421,963,804,968,1177,590,374,368,212,304,171,148,589,256,828,432,391,246,575,385,462
696,1785,368,889,818,945,1103,563,384,364,212,280,164,164,618,271,864,428,396,225,566,406,407
841,1769,425,988,920,1018,1176,604,413,372,230,318,183,151,575,250,808,427,392,254,587,395,459
795,1767,394,994,851,992,1135,605,419,377,217,307,179,152,582,250,821,435,416,251,586,391,442
730,1730,388,966,783,951,1109,600,383,372,223,290,170,146,594,266,853,408,430,245,553,387,442
770,1721,407,1008,894,970,1205,609,392,373,235,317,183,147,555,247,822,398,393,247,556,401,447
767,1756,415,948,855,969,1131,592,396,377,213,310,171,139,555,251,800,446,405,248,564,377,429
807,1765,390,1022,897,1016,1205,614,408,378,216,297,166,149,601,263,826,412,388,244,595,404,443
642,1712,398,942,754,922,1122,544,370,364,228,284,165,150,586,261,794,420,399,221,535,390,422
712,1732,399,998,780,923,1183,545,372,379,218,294,178,157,592,254,830,428,412,260,552,395,443
803,1750,415,1044,925,1004,1155,596,383,382,216,310,173,142,579,258,815,423,407,264,562,394,467
744,1660,429,958,843,985,1149,594,387,398,224,306,176,143,565,254,753,403,367,239,556,396,432
631,1721,388,879,714,920,1070,520,350,347,216,285,176,136,570,254,824,398,403,221,571,391,409
654,1777,384,927,732,893,1100,526,362,359,218,287,173,146,602,267,856,404,434,222,568,376,419
767,1820,419,952,805,963,1172,570,380,381,211,302,175,150,609,272,917,411,448,207,558,408,443
979,1841,435,1114,992,1052,1241,654,436,400,226,340,188,155,626,281,845,438,408,283,611,406,480
747,1769,405,952,810,975,1136,585,395,387,229,297,183,147,606,268,836,419,413,244,560,371,418
717,1792,376,911,812,984,1119,583,377,350,210,276,163,146,623,268,855,433,414,235,542,402,420
636,1723,370,874,756,925,1082,524,352,344,205,266,163,151,585,260,807,395,410,217,562,382,408
642,1595,397,949,817,900,1172,560,366,350,203,297,163,153,555,239,741,397,378,230,538,390,423
900,1775,448,1058,830,1029,1269,657,421,410,226,339,190,154,620,286,846,403,402,251,606,405,492
595,1660,375,916,719,885,1064,550,345,341,207,287,160,149,561,244,797,347,405,215,540,371,402
889,1770,405,1054,971,1035,1232,647,428,401,233,302,177,145,604,270,850,439,390,250,593,418,469
620,1630,405,926,750,861,1086,544,337,359,194,299,165,142,545,243,803,385,404,230,550,387,410
741,1834,418,915,767,922,1137,566,389,379,225,296,170,151,662,299,941,413,451,216,564,397,418
731,1690,402,993,836,932,1202,600,387,385,225,312,173,152,573,256,804,398,392,236,568,387,445
824,1721,430,1031,899,1019,1167,643,413,386,239,323,180,166,584,263,818,417,386,249,575,395,452
642,1713,403,854,713,900,1108,548,362,355,211,287,170,159,602,277,854,381,415,208,561,372,398
844,1763,392,1006,908,1040,1202,624,413,412,230,322,179,153,601,266,818,424,409,260,583,384,455
718,1700,410,962,793,925,1167,590,375,356,210,295,174,161,612,278,831,384,412,240,582,405,437
861,1692,439,1005,885,1002,1178,650,423,419,230,320,185,153,580,266,797,395,390,244,557,400,435
834,1771,413,1029,930,1006,1178,617,399,404,229,318,173,143,589,267,851,399,417,263,564,389,454
645,1704,383,945,750,888,1093,520,350,348,212,287,171,150,575,267,845,405,422,220,580,374,420
932,1800,425,1090,865,1060,1268,671,415,395,237,337,190,179,669,299,897,406,432,271,585,428,482
728,1775,395,957,810,938,1191,556,371,339,203,301,175,168,621,278,846,405,403,252,562,425,420
650,1756,428,876,740,913,1103,524,355,351,213,295,169,162,586,266,841,427,417,214,546,393,404
846,1790,413,1012,853,1016,1189,617,406,387,228,318,173,163,652,290,852,410,434,260,591,412,445
947,1802,448,1096,926,1058,1277,657,422,404,234,332,183,162,608,278,863,406,423,267,601,412,480
596,1665,375,901,707,892,1047,512,341,347,210,266,164,135,558,260,803,415,408,214,545,351,402
824,1766,426,1048,850,997,1220,602,392,370,216,342,173,154,580,261,847,402,418,251,582,409,461
858,1805,426,1003,829,1009,1243,629,418,410,241,301,182,170,630,290,868,423,416,252,571,420,450
726,1701,400,982,945,955,1112,573,378,362,209,285,167,140,578,254,777,410,390,232,565,372,423
1047,1893,453,1115,1019,1103,1265,676,417,417,242,357,190,159,634,288,887,462,415,266,592,428,517
895,1805,418,1017,873,1022,1227,632,425,404,219,320,179,153,622,274,872,419,424,257,577,412,473
724,1881,382,898,824,959,1106,531,371,357,227,275,174,154,606,268,921,455,458,217,547,401,423
926,1790,442,1023,993,1061,1192,671,435,406,252,304,187,158,597,266,839,405,379,248,584,404,455
855,1876,425,988,818,1012,1175,608,406,378,232,314,187,160,607,267,902,424,427,254,594,412,478
661,1646,393,946,828,958,1065,581,368,350,208,276,156,142,544,240,764,406,363,238,556,375,399
893,1763,438,1054,968,1065,1195,665,437,399,241,310,175,157,595,270,870,389,442,257,577,409,438
1128,1924,432,1116,1069,1165,1312,729,480,452,260,346,192,177,661,293,915,453,460,280,583,421,473
704,1778,384,915,811,921,1114,558,379,362,221,295,182,145,628,274,856,412,442,229,546,374,432
881,1821,435,1031,887,1007,1222,605,413,395,228,324,189,144,628,266,887,417,433,251,587,416,499
790,1869,397,978,840,984,1172,575,381,373,233,313,178,165,605,277,897,411,447,237,553,425,443
717,1756,391,935,815,956,1120,604,396,357,215,305,172,148,583,257,831,412,416,240,541,376,442
688,1744,387,895,784,930,1111,540,380,354,223,299,179,149,568,242,815,420,419,217,554,389,434
774,1718,402,953,873,993,1191,616,389,393,222,284,175,156,605,266,794,394,406,241,571,402,447
751,1790,406,1020,790,948,1221,559,386,372,223,315,178,168,625,277,876,415,438,230,556,432,450
793,1807,392,962,866,976,1147,598,378,390,231,305,173,155,601,266,901,406,444,260,568,387,435
897,1777,412,1035,957,1054,1218,662,429,430,231,299,180,166,599,268,835,433,411,246,588,418,448
690,1785,405,908,778,913,1131,556,375,351,216,285,172,154,591,260,835,411,424,222,566,402,431
702,1781,407,957,816,929,1172,531,377,352,206,290,169,166,605,264,848,438,436,231,583,416,422
1018,1857,423,1087,1002,1070,1213,640,425,428,245,332,194,138,656,278,895,431,444,271,595,403,526
778,1818,427,1020,865,970,1191,592,371,385,212,305,173,168,639,285,909,425,471,236,557,408,443
750,1626,422,1051,946,985,1137,597,380,351,198,318,172,143,544,232,746,399,370,280,567,375,448
774,1759,408,929,913,1017,1145,612,398,374,210,291,173,144,627,264,850,411,414,222,583,391,442
908,1763,434,1067,920,1063,1258,658,406,390,230,334,184,141,604,263,810,419,396,261,583,391,493
808,1688,401,1019,883,1038,1224,646,402,390,232,315,175,149,582,262,806,392,384,260,564,388,448
620,1835,379,860,753,916,1068,526,341,306,187,260,161,148,624,280,895,443,446,202,557,385,412
671,1755,402,884,789,920,1058,522,348,375,225,286,177,143,586,257,851,423,427,212,566,365,440
732,1633,409,971,893,1001,1126,637,392,368,231,293,171,142,520,222,736,417,354,240,528,360,445
658,1677,380,948,834,909,1149,543,352,359,204,307,172,168,542,250,806,429,388,246,551,397,424
719,1752,406,992,770,950,1183,578,372,345,212,289,168,141,603,260,849,404,414,243,582,384,432
766,1748,424,1000,873,954,1169,589,383,364,213,305,174,140,566,264,829,417,411,234,574,390,450
767,1806,393,954,899,982,1152,584,368,365,219,310,182,162,646,281,886,427,427,248,543,387,443
1243,1906,463,1268,1131,1175,1341,720,469,435,248,360,195,153,670,291,903,448,434,320,582,437,548
959,1847,433,1012,929,1070,1254,623,440,413,232,329,185,157,666,311,920,394,457,250,575,430,472
626,1661,374,887,791,921,1085,566,363,332,208,279,158,140,572,250,796,396,402,203,528,373,427
923,1797,406,1067,1011,1057,1211,648,441,379,244,318,188,160,609,271,820,417,403,276,582,392,472
678,1786,391,924,772,916,1112,556,365,370,226,277,163,150,603,259,841,448,429,229,552,377,433
901,1810,410,1053,983,1076,1226,640,400,379,236,298,177,157,623,280,855,439,427,272,562,413,462
679,1763,412,950,797,909,1147,537,343,345,201,290,172,159,598,244,822,432,410,225,554,415,440
821,1728,416,964,916,1062,1218,619,413,392,230,298,177,145,566,249,800,417,400,233,552,406,448
872,1808,429,992,880,1014,1239,600,388,414,237,318,187,171,652,300,865,418,430,243,569,428,453
771,1803,421,968,848,1000,1134,600,383,376,220,287,175,154,576,259,826,447,405,266,575,394,416
761,1658,410,985,918,1008,1169,620,393,378,218,303,175,145,541,243,757,402,375,249,556,374,435
759,1609,389,1047,919,989,1142,600,388,390,231,295,172,143,532,244,710,415,344,275,568,388,441
585,1699,371,876,723,855,1109,506,335,345,217,272,166,162,574,254,816,423,394,196,552,407,393
830,1805,430,1004,832,1008,1207,627,414,399,230,319,179,150,584,259,827,451,419,260,576,414,462
670,1778,382,855,764,922,1055,561,379,387,234,284,174,157,598,270,822,430,396,200,573,394,413
957,1803,449,1074,978,1057,1289,661,432,412,241,319,191,158,608,274,855,410,413,248,568,424,481
916,1757,421,1037,1019,1055,1205,679,425,406,245,309,182,143,599,260,839,409,392,267,580,391,492
574,1705,379,836,748,873,1023,505,342,323,198,265,162,146,575,253,803,402,419,211,538,374,390
797,1709,408,1026,869,1006,1236,625,412,387,223,314,181,157,562,257,789,398,388,252,582,408,438
551,1684,388,843,744,847,1026,498,335,320,198,263,163,154,564,254,796,401,406,199,557,389,370
844,1712,418,1067,982,1055,1215,661,425,383,225,302,167,158,578,248,800,402,416,257,560,404,447
725,1736,403,940,768,958,1171,574,367,365,215,304,172,157,597,261,805,416,390,234,558,389,457
702,1837,407,928,827,951,1101,541,352,344,203,280,168,155,606,261,855,437,425,241,572,393,431
784,1798,404,1038,914,973,1194,595,383,345,209,275,171,166,630,282,890,395,446,255,555,405,445
1027,1800,433,1115,1025,1111,1292,678,419,445,231,322,186,169,623,272,834,464,410,293,590,449,506
824,1756,410,1019,862,1034,1223,617,394,389,239,291,171,171,590,261,820,430,395,244,588,407,420
864,1835,438,1056,837,1029,1283,616,418,409,238,315,180,171,620,268,855,467,404,251,568,421,461
709,1678,406,966,848,958,1136,560,378,368,214,292,175,150,583,264,813,401,402,249,572,386,429
878,1835,400,1052,928,1020,1193,606,405,384,235,308,177,161,613,268,855,441,424,271,574,413,483
625,1673,372,919,841,908,1109,532,347,335,198,282,163,142,549,242,771,403,387,218,536,358,435
912,1733,432,1087,995,1039,1234,624,417,384,222,318,186,137,609,260,820,414,388,289,567,385,493
794,1766,401,946,797,1011,1164,636,399,379,220,307,169,152,612,280,893,389,424,224,580,415,443
840,1813,416,966,978,1064,1146,627,387,365,215,287,171,136,628,266,856,438,410,238,584,396,455
785,1752,413,976,935,987,1124,609,407,377,223,283,174,170,576,255,864,416,410,265,576,403,428
637,1708,388,914,748,915,1135,521,352,333,198,277,162,154,591,258,821,398,425,217,551,400,411
770,1763,406,977,901,997,1124,595,390,372,204,298,177,123,602,260,835,430,418,246,576,348,464
672,1676,400,928,801,925,1096,570,376,377,219,289,168,136,578,253,805,395,394,237,534,383,416
818,1760,449,1040,829,1001,1275,634,376,374,220,319,182,162,596,262,844,420,430,254,551,415,479
790,1685,410,999,866,1003,1155,613,409,392,227,315,177,144,567,248,816,405,406,253,572,390,447
809,1711,425,1059,827,999,1191,601,388,378,227,323,168,148,600,272,850,382,409,283,568,396,454
706,1787,418,937,797,931,1131,547,383,357,210,297,174,138,628,273,842,432,424,219,563,391,429
770,1812,404,1033,881,975,1151,611,398,344,215,298,167,152,627,286,876,422,430,252,558,406,450
660,1611,379,939,828,952,1070,585,391,378,215,294,163,137,556,247,766,368,380,226,562,378,428
757,1760,408,1002,828,941,1196,587,380,393,218,307,171,161,577,264,839,442,426,244,574,413,432
689,1710,407,959,847,908,1125,555,378,340,202,286,164,144,576,267,796,415,399,260,574,380,430
742,1765,422,1014,893,945,1150,545,367,340,208,288,180,144,570,265,817,434,409,256,574,390,432
661,1642,399,965,773,919,1147,549,384,356,216,299,172,136,571,261,779,385,385,228,551,368,445
726,1715,408,979,788,938,1164,569,379,376,227,294,172,146,588,257,797,412,386,254,553,389,437
694,1630,397,942,841,934,1130,582,375,362,216,292,178,145,522,237,713,389,361,237,543,377,436
632,1677,371,951,810,910,1042,545,350,353,210,267,165,137,569,252,780,404,383,235,557,365,405
638,1626,407,916,811,935,1085,571,357,330,208,280,168,142,543,239,740,384,364,230,563,373,426
863,1658,399,1070,996,1037,1210,640,413,408,237,308,179,145,553,251,786,374,408,270,571,387,444
654,1749,400,912,799,919,999,554,354,335,208,267,162,135,574,257,851,400,427,232,542,361,408
760,1711,399,961,860,979,1149,588,383,368,228,288,179,150,601,274,828,392,392,236,551,381,441
898,1775,422,1091,940,1057,1264,655,414,384,227,330,185,153,617,270,870,418,410,282,556,421,473
868,1744,422,1041,974,1059,1220,651,401,377,219,300,174,156,592,263,812,443,397,257,566,406,474
837,1755,403,1070,875,1016,1159,640,394,388,241,315,174,141,598,257,812,420,397,257,567,396,479
733,1767,404,924,737,915,1145,574,364,379,225,300,177,155,611,271,877,397,428,224,592,397,444
802,1778,396,964,823,973,1169,612,398,379,234,294,184,148,625,284,899,399,441,244,567,398,457
695,1653,433,1020,831,949,1196,573,346,352,198,298,168,162,578,255,775,398,389,246,563,412,433
612,1687,375,888,756,911,1011,511,365,346,214,265,169,134,563,250,785,410,397,234,563,350,398
888,1805,399,993,928,1079,1193,683,414,388,232,312,180,161,604,262,853,433,399,257,581,400,443
808,1749,420,972,869,967,1171,600,400,383,231,309,182,147,585,248,802,400,418,225,572,405,469
758,1682,408,1000,855,968,1132,601,395,381,223,308,178,117,560,245,779,404,375,258,553,366,449
705,1703,417,962,816,966,1172,565,357,374,208,295,165,158,592,258,809,395,400,222,563,423,434
852,1868,421,1034,892,981,1212,583,398,387,232,298,187,153,643,290,898,410,455,258,577,412,450
1049,1809,413,1149,1097,1120,1255,690,462,415,244,327,189,150,625,269,845,464,415,294,573,403,515
968,1684,398,1127,1100,1103,1267,674,437,422,233,315,178,150,570,241,774,419,392,269,565,400,450
834,1855,431,997,864,988,1207,600,408,390,236,317,188,139,637,280,889,404,450,238,547,405,465
760,1841,415,956,850,974,1176,550,375,361,234,299,178,171,601,278,869,456,447,232,547,430,432
820,1745,424,1016,864,980,1184,603,379,400,239,331,182,137,576,265,832,392,405,248,569,382,464
1005,1830,435,1130,1039,1104,1297,674,438,445,235,321,186,161,641,262,842,475,401,285,560,436,490
872,1805,418,1037,837,999,1240,631,420,385,244,320,183,148,632,288,870,410,433,263,583,422,478
904,1742,410,979,1008,1078,1183,680,420,391,227,301,186,153,584,267,825,417,395,267,580,393,452
830,1812,418,1010,839,1005,1240,605,395,407,228,300,171,165,618,279,883,407,425,230,564,425,442
687,1743,373,897,778,976,1104,573,368,361,221,291,177,147,606,266,815,415,409,217,550,382,415
715,1724,406,931,776,953,1125,558,376,365,231,293,178,153,592,266,810,437,408,244,574,383,425
887,1757,428,1056,1010,1053,1204,646,424,386,236,297,178,156,601,270,810,421,407,243,566,409,460
862,1798,417,1022,820,1017,1233,630,411,405,240,330,184,161,594,268,826,418,400,253,556,431,474
725,1815,372,952,780,939,1158,551,397,384,239,289,187,164,613,273,874,439,436,243,540,403,406
648,1765,380,900,747,894,1073,520,358,346,208,280,172,149,593,268,831,423,407,214,570,385,405
554,1667,360,845,718,890,999,512,341,338,200,273,160,148,546,239,790,386,404,205,540,366,385
664,1818,412,934,774,899,1129,510,335,347,223,286,172,154,618,277,870,447,439,233,556,394,415
807,1713,390,1006,899,1070,1177,651,410,380,222,299,163,172,578,256,814,410,382,245,583,422,439
714,1831,410,938,769,932,1169,545,362,348,207,293,171,160,621,275,872,426,431,221,572,410,454
678,1666,413,944,795,935,1152,584,392,358,215,295,164,154,528,242,733,404,364,220,547,386,405
690,1778,385,933,737,915,1127,533,366,365,215,292,177,160,628,285,865,395,426,228,568,397,420
688,1732,399,918,762,925,1119,556,381,374,218,299,168,146,571,261,814,413,386,215,557,382,422
660,1699,389,949,770,890,1117,539,362,360,222,290,165,146,588,263,810,407,409,235,551,378,443
707,1797,377,917,741,908,1111,535,356,378,232,288,176,143,669,304,899,415,459,225,559,374,431
714,1731,391,930,812,959,1088,575,387,354,225,289,177,138,626,284,857,402,418,243,562,365,437
750,1786,414,955,827,954,1145,559,373,376,226,295,172,151,596,262,841,410,406,246,556,392,437
770,1762,385,964,794,962,1124,589,388,383,234,306,174,132,581,256,834,410,437,223,565,368,440
784,1674,420,990,894,1000,1148,606,393,383,222,316,178,145,545,236,755,431,384,245,565,382,476
689,1822,389,885,758,906,1106,543,364,392,225,274,172,136,618,272,894,411,437,203,562,386,430
728,1708,393,943,788,950,1162,569,396,358,217,295,178,144,570,250,798,415,386,234,544,356,453
892,1745,413,1101,929,1056,1228,690,435,401,228,317,172,156,614,270,846,396,392,282,573,410,448
633,1630,368,945,788,935,1093,591,369,353,199,272,147,135,570,244,793,405,391,222,557,375,420
