weight_kg,stature_cm,neck_base_girth,chest_girth,waist_girth,hips_buttock_girth,shoulder_girth,thigh_girth,thigh_low_girth,calf_girth,ankle_girth,forearm_girth,wrist_girth,shoulder_length,sleeveoutseam_length,forearm_length,crotchheight_length,waistback_length,thigh_length,chest_depth_length,head_girth,biacromialbreadth,scyecircoveracromion
797,1666,391,1128,1007,1031,1150,630,420,396,238,269,167,119,571,248,752,380,397,303,568,351,434
497,1528,345,905,737,928,989,532,349,329,194,228,142,146,501,221,673,371,355,235,528,355,351
572,1567,343,961,742,958,1020,565,382,350,209,238,154,136,530,235,713,417,375,264,536,353,370
745,1836,363,969,835,1009,1108,598,413,370,209,261,162,148,611,285,881,411,446,269,588,393,375
527,1546,325,847,722,981,991,572,374,353,192,243,144,132,526,228,708,384,374,220,520,341,364
548,1524,352,859,734,917,1012,606,390,340,206,240,147,152,529,222,714,352,397,219,535,359,365
806,1836,382,930,798,1048,1128,651,429,403,231,295,174,140,678,312,929,384,474,260,568,376,423
625,1626,371,958,815,963,1077,586,363,358,218,268,151,126,533,234,743,384,408,227,538,373,393
540,1549,339,900,762,934,1014,546,358,328,201,230,154,138,519,247,712,376,365,228,529,336,365
485,1632,317,776,669,884,944,510,346,337,202,222,147,138,543,248,753,365,385,199,550,342,349
603,1662,363,958,705,924,1064,549,357,360,211,260,154,150,576,243,804,373,411,254,553,380,369
538,1621,325,866,776,932,986,549,372,351,207,236,147,139,544,240,743,380,391,221,539,365,342
518,1648,334,809,677,894,974,534,354,314,190,227,146,139,557,240,785,382,386,215,543,350,354
609,1633,351,915,788,970,1023,555,366,365,211,248,151,126,527,243,782,345,423,233,558,359,388
585,1646,336,936,700,941,1012,536,370,342,208,255,156,134,537,239,741,417,367,250,551,369,381
750,1727,374,961,871,1052,1068,630,432,372,221,277,165,136,595,267,785,430,422,254,572,360,399
848,1636,381,1060,1018,1143,1173,742,492,432,239,292,167,146,538,238,746,452,398,275,567,377,442
614,1626,334,972,824,966,1008,574,370,336,207,243,147,130,522,235,763,378,399,254,531,336,365
578,1568,332,875,726,969,1008,601,390,356,201,256,148,149,517,243,733,360,399,232,554,352,350
635,1617,345,868,829,997,1055,599,403,374,214,256,151,144,555,250,781,341,409,233,564,363,363
571,1553,331,862,755,972,969,596,411,332,196,232,141,130,495,230,725,367,419,212,553,354,343
498,1535,324,803,817,903,932,531,362,331,187,235,145,134,508,220,697,360,388,202,535,338,344
543,1654,340,862,691,862,1020,529,354,346,204,239,147,145,571,245,784,358,414,211,545,379,358
650,1656,364,967,857,1030,1025,605,397,358,211,242,150,133,541,235,776,393,412,245,537,360,363
443,1518,318,822,672,841,959,486,339,307,186,216,140,135,510,225,708,354,364,200,546,352,338
655,1642,349,971,818,979,1037,620,396,348,201,263,151,125,525,241,757,368,411,247,542,355,393
674,1682,355,906,823,982,1057,573,400,393,238,262,159,148,569,261,767,361,388,229,558,362,405
638,1700,358,909,757,986,1042,575,397,343,214,262,155,145,590,260,823,382,426,223,531,396,383
552,1517,334,896,919,994,982,580,375,323,195,238,138,133,515,235,684,357,380,219,528,336,375
807,1645,382,1072,1006,1126,1205,672,399,364,203,274,149,150,588,249,825,418,400,294,533,385,441
610,1683,340,882,784,997,939,585,395,343,215,251,147,117,558,241,791,366,418,241,515,342,380
677,1663,380,1029,847,1002,1142,608,405,371,223,258,153,154,569,255,782,358,416,269,540,393,401
553,1681,346,875,748,928,992,522,354,320,189,249,147,118,577,248,812,394,422,212,530,349,399
487,1541,345,879,729,871,943,515,337,304,189,243,146,124,495,225,667,343,355,226,539,352,353
603,1627,346,993,853,961,1111,551,364,332,203,252,159,146,547,244,772,390,405,261,546,371,404
737,1655,393,1038,941,1051,1071,654,430,383,219,272,158,134,538,239,754,430,420,285,562,370,398
543,1620,328,812,688,923,905,535,370,358,219,251,148,128,539,236,732,358,394,218,539,310,372
610,1505,369,995,942,966,1047,578,367,352,195,243,145,143,489,217,706,356,365,270,534,353,379
821,1795,368,1009,995,1105,1125,672,423,383,229,265,164,145,603,274,819,431,439,256,576,355,440
683,1808,369,866,736,984,1058,593,381,361,219,254,160,148,600,280,896,399,438,216,588,394,380
645,1656,352,959,957,989,1039,588,378,340,206,268,155,135,537,242,779,375,422,247,563,354,403
694,1657,355,1002,921,1027,1050,591,399,360,211,277,165,141,543,257,766,375,417,254,555,360,401
578,1596,337,909,790,967,1024,596,387,331,198,252,146,135,565,258,774,368,430,226,534,332,383
454,1548,315,798,669,868,961,494,329,301,182,229,146,150,542,243,726,383,367,189,522,375,361
625,1600,355,909,826,1024,1018,622,419,364,207,250,148,132,563,255,753,414,391,237,545,360,375
544,1675,344,832,697,886,969,525,354,355,211,247,150,148,570,255,822,362,426,213,553,376,347
598,1620,348,868,772,997,985,586,382,339,198,254,154,137,567,256,759,386,413,209,546,363,374
657,1595,361,891,879,1010,1064,586,394,416,227,261,151,135,552,239,770,359,402,255,552,366,403
600,1615,353,919,780,971,992,562,400,342,210,239,151,131,558,246,738,350,409,248,563,363,394
786,1623,352,966,994,1041,1050,675,476,412,249,269,160,135,553,238,743,433,386,272,544,355,394
769,1649,372,989,983,1107,1086,686,441,391,239,272,155,143,536,238,762,426,411,263,543,357,399
760,1706,380,999,927,1057,1098,641,425,384,222,266,158,162,587,261,851,415,443,281,579,382,393
596,1610,340,889,744,948,1028,577,369,349,212,267,155,137,549,250,786,351,400,223,558,364,372
590,1599,351,916,803,974,1029,585,383,338,204,237,143,119,537,248,769,333,401,232,567,370,352
638,1746,349,847,844,1008,984,606,410,364,230,248,162,150,587,259,825,392,428,230,554,372,381
621,1612,364,940,742,962,1034,603,391,360,210,260,157,146,578,261,802,373,437,262,553,365,389
501,1599,336,811,737,908,934,546,332,300,186,239,142,131,546,245,764,326,414,214,545,335,355
609,1650,350,878,741,944,993,549,379,327,197,255,154,135,587,260,780,350,410,239,603,333,371
764,1658,383,1016,958,1136,1064,644,415,362,206,272,156,126,545,248,770,378,417,280,556,344,425
595,1557,347,842,775,949,1022,600,394,371,194,259,151,146,540,249,760,347,385,234,552,356,373
603,1615,345,904,838,1002,952,602,392,346,210,242,147,122,553,242,775,386,401,235,538,342,355
695,1633,368,993,882,1053,1092,621,403,368,222,263,155,122,557,238,777,392,403,272,553,332,407
613,1590,328,865,752,978,992,620,414,369,202,236,147,143,524,248,754,330,409,209,565,353,364
646,1583,355,979,897,998,1055,574,390,339,229,262,156,148,515,238,726,379,382,276,554,346,389
589,1578,365,874,725,976,997,578,394,362,206,248,145,138,541,253,761,353,391,232,535,368,355
455,1590,323,783,725,864,941,486,324,304,198,224,144,134,502,230,720,411,376,203,513,336,360
514,1595,336,865,739,885,974,528,338,346,214,237,157,138,525,230,761,372,390,215,550,353,355
509,1543,334,852,697,879,969,536,356,334,196,253,148,142,530,251,771,323,383,218,573,366,337
539,1569,339,834,703,913,976,543,380,336,196,246,149,147,510,239,748,369,399,215,538,355,352
497,1450,327,877,787,873,944,524,387,324,203,245,146,122,475,206,657,366,360,232,537,330,336
620,1723,345,875,731,967,1058,564,389,371,228,262,158,168,566,259,820,413,418,208,539,390,376
634,1732,344,834,712,974,977,600,400,352,207,252,148,137,583,276,859,417,442,222,562,367,358
567,1647,357,935,714,881,1008,518,353,346,214,249,155,133,555,250,753,410,395,239,552,337,372
476,1502,330,860,648,847,988,505,337,328,193,252,144,126,500,236,735,334,379,220,547,351,330
635,1668,366,979,832,976,1041,588,376,356,210,246,149,142,578,272,851,358,438,251,564,368,365
558,1524,328,940,776,927,975,557,389,371,212,254,145,140,507,231,731,355,381,228,551,342,365
530,1633,329,845,760,882,985,548,360,317,181,241,144,146,600,271,825,371,451,221,543,341,348
646,1615,347,919,860,1045,1064,642,390,352,195,254,148,148,561,270,783,377,399,231,553,370,350
666,1599,335,992,852,981,1004,597,385,366,219,262,162,129,531,241,732,364,381,261,541,347,396
635,1609,360,948,847,987,1054,590,407,374,219,258,149,157,565,256,776,371,407,262,569,370,365
681,1753,361,935,811,1014,1063,598,392,379,224,261,155,153,573,250,822,410,428,238,560,385,377
577,1673,314,795,705,948,945,578,380,366,223,242,149,137,544,231,770,374,376,211,538,337,365
744,1720,380,1008,896,970,1059,577,413,405,239,290,167,141,588,264,840,442,438,282,586,347,410
544,1553,334,890,814,949,1010,541,366,331,191,227,143,139,556,256,772,356,397,224,551,350,350
682,1595,357,1046,884,997,1105,627,401,372,224,262,155,160,509,233,719,396,382,264,525,384,401
570,1690,346,849,767,925,973,547,366,342,208,237,151,132,569,254,821,358,426,217,533,352,358
496,1500,342,865,767,891,989,506,336,323,203,239,147,139,485,219,668,355,359,224,540,402,346
551,1656,348,833,695,919,986,562,353,328,182,245,148,145,564,256,803,342,426,225,562,367,351
651,1652,350,910,854,998,1034,598,425,371,207,265,159,127,567,254,801,363,411,231,583,344,404
722,1648,365,1016,980,1049,1105,644,393,355,206,276,163,138,556,252,787,403,396,266,552,359,410
654,1703,355,923,800,984,1074,588,392,356,216,253,151,137,588,275,857,379,440,247,540,372,385
536,1613,346,876,745,923,1010,544,350,326,203,243,151,143,565,246,790,351,415,217,540,362,365
713,1629,355,947,863,1056,1113,657,414,369,215,289,157,156,562,250,763,375,408,252,529,401,426
686,1608,378,1067,916,966,1053,598,385,345,217,282,163,129,532,232,742,402,389,290,555,357,436
635,1649,367,881,770,976,982,590,397,355,214,265,155,137,550,248,754,352,392,233,557,352,370
661,1712,355,874,793,988,1069,574,401,375,207,259,166,157,592,286,799,400,399,242,540,380,383
830,1686,373,1034,1020,1114,1135,669,416,390,221,278,159,162,562,243,758,447,415,278,537,382,440
669,1635,360,901,835,1008,1071,632,407,351,216,259,154,148,554,248,753,397,391,235,545,381,373
553,1599,323,883,776,907,1011,544,377,355,203,242,146,138,525,241,765,393,405,216,521,356,352
579,1691,348,805,739,946,998,561,375,337,186,246,146,151,564,260,837,383,436,216,551,369,358
614,1588,336,946,773,966,1062,603,404,371,211,265,154,162,542,238,745,383,418,235,545,361,363
604,1645,370,900,862,967,970,566,369,343,209,260,154,136,546,248,768,388,403,233,521,339,387
600,1717,345,877,800,985,1010,575,384,351,189,233,141,161,543,237,795,447,411,227,545,371,353
520,1633,346,912,703,872,987,493,338,304,196,227,150,175,590,248,779,378,417,237,543,372,345
614,1586,351,896,897,962,997,598,381,358,226,259,156,140,531,233,747,395,392,236,539,359,359
737,1747,377,970,901,1044,1063,612,428,363,216,265,165,142,602,272,831,405,424,260,571,341,407
776,1617,381,1046,944,1081,1171,676,426,398,224,285,156,151,558,255,762,410,402,270,561,385,411
481,1548,327,852,671,876,959,490,339,328,185,234,150,158,559,259,728,374,387,215,536,357,312
575,1657,353,876,702,894,1027,527,376,353,203,255,153,149,533,251,783,431,420,212,548,371,348
699,1653,364,965,856,1044,1058,619,388,357,198,269,157,149,551,250,759,445,388,272,569,370,377
466,1654,330,767,703,850,937,496,335,320,188,220,153,142,535,240,778,388,404,174,531,356,323
591,1500,340,901,905,997,1018,599,401,340,189,267,154,140,495,235,684,399,354,225,555,357,379
611,1603,374,892,775,970,1028,587,394,354,217,266,160,158,532,236,735,400,392,228,549,365,370
492,1529,331,823,705,868,970,495,334,332,192,242,151,139,495,233,701,356,373,216,533,344,350
577,1669,338,866,694,912,1029,559,381,359,201,257,157,152,600,277,834,388,436,225,535,358,365
764,1770,364,924,837,1053,1031,645,450,414,238,290,159,160,574,252,823,404,420,238,551,383,396
550,1625,340,885,692,897,1010,524,361,349,216,253,151,143,531,230,747,385,378,235,542,357,373
600,1596,340,919,768,951,1050,579,386,355,219,240,151,150,508,226,718,373,379,230,536,371,360
476,1492,322,861,729,911,963,542,338,324,187,228,138,133,484,213,683,352,339,233,519,338,361
817,1695,360,1022,921,1085,1119,655,450,399,223,281,174,140,584,265,804,427,413,266,543,364,429
578,1667,319,855,737,970,973,575,382,327,199,246,149,148,562,250,767,384,401,241,539,353,372
554,1580,329,854,758,934,980,546,375,369,209,236,146,152,536,232,751,363,397,223,530,364,339
598,1624,345,905,796,939,1051,539,355,331,208,262,160,146,561,266,785,410,407,235,550,374,371
564,1562,332,894,803,959,993,587,373,349,201,237,139,131,525,227,744,381,375,228,541,347,355
573,1534,328,888,731,934,989,565,400,367,210,257,146,127,537,246,733,385,397,232,548,330,352
517,1627,336,842,738,862,975,508,352,341,208,243,149,153,532,243,774,368,398,206,528,368,350
603,1542,350,907,774,999,1025,593,388,369,218,262,155,143,517,239,717,405,363,240,556,378,365
647,1582,351,958,867,966,1071,568,383,375,208,254,148,139,528,237,698,420,369,255,560,373,387
503,1514,320,914,823,874,964,524,355,325,182,243,140,137,514,240,738,375,397,231,530,328,345
594,1608,348,885,817,958,1007,588,391,362,210,237,148,145,522,242,740,393,388,222,540,359,365
661,1667,368,900,773,993,1026,607,417,368,219,261,160,145,565,264,812,343,407,226,543,367,374
592,1601,363,868,813,931,1032,581,403,326,191,245,148,151,583,264,773,412,402,236,553,382,378
516,1534,340,883,732,919,1008,525,349,326,199,239,144,143,512,233,687,360,357,233,514,358,366
549,1636,339,849,742,910,975,541,360,350,199,233,149,156,564,243,749,409,381,214,542,365,353
455,1585,326,797,686,847,939,477,337,303,194,221,142,149,515,227,717,393,364,188,520,355,325
577,1557,333,814,688,890,945,584,414,380,205,235,145,149,561,256,768,385,412,225,542,333,335
708,1663,358,947,923,1000,1119,607,397,365,210,273,162,170,572,250,773,418,400,250,571,391,412
610,1578,328,982,851,938,998,565,385,355,206,248,147,134,527,227,729,350,391,258,537,352,407
594,1675,335,888,741,937,976,535,373,368,219,239,149,138,573,259,782,404,412,235,554,358,383
500,1637,339,871,712,875,950,487,336,328,189,219,139,148,547,243,770,392,371,222,521,367,337
477,1568,300,841,710,870,947,513,329,321,186,235,143,150,515,228,730,379,367,213,539,347,338
605,1551,343,934,773,985,1007,612,380,348,198,258,151,139,527,223,745,347,399,258,554,357,378
483,1485,312,855,653,844,948,519,340,328,187,238,142,152,523,243,693,362,344,227,541,350,331
598,1652,353,915,791,939,1026,568,375,346,207,252,150,139,546,246,766,366,399,233,547,358,373
754,1695,377,978,909,1022,1075,605,440,381,212,273,162,145,559,256,796,388,411,263,559,376,405
506,1533,335,839,755,899,936,525,357,334,201,240,144,148,497,232,705,362,355,210,519,368,342
472,1547,322,795,665,867,880,528,358,326,183,234,139,140,492,223,716,346,387,209,544,329,324
556,1555,337,853,808,892,987,554,356,345,205,251,142,133,528,228,733,344,390,221,547,341,359
777,1787,363,1014,870,1025,1097,613,426,385,230,281,163,155,584,261,849,392,444,264,563,386,417
559,1560,341,876,685,875,1012,561,386,357,208,264,156,142,532,254,738,317,385,223,546,367,368
610,1631,374,955,788,951,1030,554,370,345,215,258,159,131,524,226,714,390,389,245,544,367,385
678,1610,349,962,846,1015,1014,650,429,375,223,280,158,145,553,246,778,360,402,252,545,354,385
695,1597,376,986,946,998,1093,633,411,378,215,263,144,136,523,218,731,366,389,248,543,363,409
631,1652,358,914,829,974,1056,597,391,344,200,239,147,159,575,267,810,386,413,234,566,378,365
613,1606,345,975,828,944,1004,563,377,335,213,247,150,140,530,232,750,384,396,242,544,357,381
513,1518,321,870,722,907,979,538,365,343,207,243,140,129,502,229,725,334,385,231,537,343,365
703,1589,353,934,888,1054,1056,675,455,378,200,260,154,139,546,253,764,390,433,235,557,357,394
591,1501,355,922,916,957,1021,609,374,346,204,248,141,139,503,211,692,352,352,244,550,355,365
649,1579,321,934,832,1058,1034,629,386,358,205,268,154,125,555,247,776,382,404,254,542,322,375
603,1602,332,922,833,990,1001,582,397,370,220,239,148,149,535,237,737,428,377,252,544,360,361
586,1592,370,862,758,917,1041,561,379,360,198,257,146,152,552,244,760,390,409,236,546,373,378
666,1785,363,885,825,1016,1020,597,373,335,213,251,159,153,581,272,857,389,450,212,562,378,378
546,1616,336,905,776,911,978,539,354,329,193,247,152,145,523,237,756,381,399,225,523,352,361
525,1550,335,893,772,934,932,559,346,323,196,225,137,119,493,211,695,345,377,230,546,322,348
650,1560,373,962,826,967,1095,599,395,372,208,260,149,135,517,231,711,406,367,254,541,369,376
566,1611,341,913,747,919,1002,550,374,330,196,248,148,139,572,254,782,353,405,241,546,348,358
529,1620,334,826,684,877,985,529,362,344,202,251,142,148,506,224,735,385,365,211,542,363,348
578,1624,347,818,736,928,1009,586,361,345,199,242,152,159,562,256,790,362,402,215,550,368,344
554,1623,330,873,709,922,1006,565,373,359,217,245,153,145,534,228,750,385,362,210,557,364,357
559,1575,327,974,855,923,1016,537,362,315,196,246,149,127,511,230,753,410,369,238,542,348,374
606,1704,348,873,764,933,1014,555,364,341,204,262,157,131,568,250,795,381,409,220,557,342,373
670,1730,359,935,831,967,1056,579,374,327,198,273,157,152,584,259,842,359,433,236,551,382,370
520,1559,323,824,742,888,958,526,365,334,199,233,147,145,536,247,775,359,368,224,516,357,347
634,1693,372,874,755,953,1030,576,388,354,206,259,153,159,619,275,815,366,418,209,569,380,355
532,1577,336,921,827,904,983,520,331,318,192,243,145,131,504,226,718,387,369,230,539,350,374
655,1684,341,938,860,1028,1053,609,371,358,214,248,153,160,557,245,796,403,404,261,543,382,361
700,1738,349,958,867,1036,1044,604,396,356,220,262,157,145,554,244,815,404,417,244,562,380,384
741,1819,370,966,895,1064,1102,580,402,365,198,261,155,161,641,286,891,404,476,250,555,412,381
670,1657,345,957,781,1001,1039,609,386,371,205,260,153,142,550,244,745,388,368,257,534,367,388
576,1634,349,833,741,965,984,573,388,348,215,262,157,131,541,236,729,360,380,220,541,357,373
644,1695,351,944,818,982,1032,585,368,337,202,247,150,142,571,269,831,382,436,257,540,370,362
685,1577,348,984,1045,1037,1035,614,403,374,211,262,149,132,523,237,736,404,382,262,527,355,383
582,1676,334,927,769,953,995,537,359,332,205,247,154,147,566,249,779,404,400,230,543,369,365
574,1647,354,899,764,926,991,554,392,358,212,256,149,141,562,250,788,370,387,228,558,348,354
677,1610,363,979,855,983,1063,623,418,382,219,272,155,144,560,245,767,398,410,262,539,351,366
673,1726,348,912,820,998,1014,601,399,385,223,255,150,154,606,267,834,422,422,230,574,381,371
615,1640,361,882,765,985,1027,587,383,355,210,257,154,152,554,253,767,383,385,218,571,388,358
518,1558,333,862,794,895,968,540,343,333,186,231,139,149,531,238,710,361,369,210,553,363,356
676,1591,359,1040,929,1019,1061,619,362,339,204,272,157,153,530,233,740,411,380,291,537,365,419
700,1687,374,1005,912,1024,1059,626,388,336,202,263,153,147,561,258,833,357,426,260,542,386,374
587,1608,331,826,824,953,1012,557,384,350,213,264,153,156,536,240,741,377,387,218,550,359,379
695,1617,352,991,942,997,1067,587,417,393,228,279,160,141,520,240,722,390,364,264,578,360,395
630,1614,340,971,807,969,1035,600,380,341,202,259,155,150,548,241,805,356,405,261,567,381,377
611,1691,359,895,777,944,996,573,375,343,202,260,153,136,546,239,777,370,403,238,563,364,365
636,1665,349,980,837,985,1012,585,371,355,215,235,145,145,547,244,775,421,396,261,545,354,367
871,1805,387,1047,893,1081,1186,656,429,367,220,311,165,164,637,298,874,402,451,279,567,409,430
614,1676,331,862,806,941,1038,563,365,338,209,263,158,144,583,261,780,361,393,233,559,373,405
617,1781,345,824,753,957,1005,559,368,356,210,250,151,162,555,250,835,424,439,217,540,384,354
494,1507,345,827,670,905,930,548,360,330,190,244,140,133,527,244,718,311,369,220,554,386,343
668,1644,340,909,816,1030,1039,611,396,368,205,256,153,139,550,233,730,426,374,251,562,358,390
608,1620,365,878,785,978,1018,606,383,340,198,265,142,128,558,248,781,357,411,228,550,347,370
625,1693,344,905,753,940,1036,595,376,333,211,268,154,138,573,260,808,401,409,238,534,355,348
457,1558,328,826,678,848,942,490,317,310,180,216,137,133,546,237,762,323,393,210,526,342,324
724,1783,363,971,806,994,1104,590,387,365,220,271,159,155,596,265,850,405,450,261,540,381,408
551,1609,337,838,736,901,995,539,335,352,200,240,145,135,539,232,768,364,380,208,545,352,355
590,1649,348,883,709,916,987,546,381,331,211,253,151,139,517,218,741,398,386,234,569,366,359
528,1628,339,800,671,887,1005,547,346,336,199,251,150,158,557,247,779,387,390,203,542,391,355
587,1597,322,978,821,954,988,561,350,331,198,255,148,146,547,232,767,403,395,241,546,367,385
590,1640,340,882,803,942,1052,549,345,332,199,251,153,153,549,236,751,402,379,217,550,376,388
575,1660,344,864,740,934,990,549,359,363,199,241,145,137,564,247,788,374,393,227,533,370,370
699,1597,325,997,953,1029,1023,616,418,376,207,256,147,142,515,235,763,352,369,254,546,352,392
477,1569,323,867,747,877,964,521,330,298,182,233,140,120,541,233,750,356,385,210,523,323,361
555,1667,338,878,708,900,1045,561,359,354,192,242,136,155,568,248,790,395,403,208,544,375,366
519,1564,333,838,675,924,957,557,339,330,192,240,142,129,505,231,724,360,358,210,541,344,375
494,1535,343,846,715,873,972,511,346,331,193,235,138,155,491,212,689,390,360,209,535,342,355
541,1630,333,867,692,899,992,534,336,345,198,251,150,154,531,239,765,367,392,221,534,368,350
616,1650,340,937,825,969,1065,554,360,333,199,248,145,150,528,238,758,405,391,233,540,390,388
710,1578,347,1040,914,1021,1120,629,413,381,231,274,147,153,538,235,738,367,392,287,553,389,406
559,1620,337,919,745,957,977,543,346,330,200,226,141,149,529,235,730,366,378,240,549,365,363
627,1720,365,915,783,963,1039,551,365,348,209,253,161,162,585,245,814,415,429,212,545,396,382
535,1651,350,821,707,942,973,526,353,328,201,249,145,131,534,235,774,390,382,207,551,350,364
502,1521,324,861,733,903,964,527,356,344,195,228,141,149,515,233,705,362,376,222,518,358,345
624,1639,341,909,771,995,960,616,397,378,199,252,147,132,545,232,770,392,405,233,545,348,378
724,1660,340,940,892,1082,1061,670,395,370,207,254,144,146,537,233,777,361,397,235,530,365,374
538,1567,342,873,705,914,960,537,364,345,199,248,145,140,521,226,701,370,361,215,535,357,381
615,1584,358,912,784,953,1053,612,384,353,197,261,145,146,536,245,764,334,403,233,520,367,372
607,1538,347,902,870,997,1027,623,388,340,189,241,145,147,543,249,745,343,375,236,561,366,364
627,1628,345,938,784,953,1005,560,377,376,213,258,153,157,534,247,746,364,382,258,533,367,364
595,1572,355,899,729,943,1033,586,359,354,211,274,155,140,542,246,766,337,389,225,571,363,375
497,1560,318,833,632,893,954,537,350,326,179,240,140,137,522,240,713,372,388,204,552,354,331
801,1722,356,992,912,1092,1111,653,426,383,214,271,158,142,558,257,832,387,415,272,562,387,413
727,1624,363,983,931,1071,1066,635,395,386,225,254,155,147,535,236,735,390,376,235,545,378,385
655,1695,368,967,815,958,1075,572,386,360,205,261,153,162,565,263,805,406,404,249,563,388,388
563,1590,361,878,792,929,1025,571,365,326,202,243,148,148,530,235,749,350,382,219,548,364,366
670,1633,367,947,851,978,1044,583,385,343,200,272,153,137,541,238,747,363,387,248,557,353,398
660,1605,350,954,794,1005,1017,628,404,384,218,264,155,137,543,226,739,346,390,260,541,360,389
628,1624,351,945,818,968,999,597,379,363,205,263,147,129,522,228,753,377,379,248,541,333,395
592,1578,332,931,783,956,1006,591,379,357,212,262,148,141,515,220,718,364,354,235,519,345,390
631,1708,357,894,786,947,1060,581,364,346,205,260,148,160,587,276,848,362,414,227,582,383,368
533,1579,339,853,676,920,1009,538,356,352,207,233,148,155,540,237,750,352,382,210,541,371,333
578,1469,352,963,875,918,1049,546,365,349,211,245,148,146,466,216,670,363,380,269,533,362,374
635,1544,324,962,921,1011,1049,603,401,377,222,270,152,153,502,224,702,345,366,264,551,365,385
595,1707,351,873,698,898,1003,543,356,345,205,245,145,158,612,267,834,398,429,226,568,379,363
740,1591,363,1008,840,1067,1062,668,427,392,222,284,157,122,515,226,724,375,379,280,542,360,422
580,1715,334,884,686,937,999,555,358,326,205,237,149,144,629,275,852,396,412,212,569,358,360
734,1755,362,932,912,1073,1071,634,420,359,207,264,154,146,585,253,838,379,446,245,527,379,384
519,1637,333,817,668,932,963,534,348,338,210,235,147,130,547,250,781,348,397,207,531,352,346
574,1620,346,898,700,888,1001,537,368,348,198,253,155,151,557,252,773,354,404,235,545,361,344
706,1664,383,981,898,1022,1144,588,374,346,204,274,163,153,575,252,772,368,410,248,564,392,442
608,1595,335,931,749,935,1005,591,382,351,207,251,149,145,524,232,729,372,372,228,556,355,360
766,1702,370,958,867,1044,1080,655,423,385,222,265,156,152,572,261,825,392,413,254,573,369,393
654,1593,351,921,852,984,1005,629,412,361,211,271,151,127,544,247,752,359,376,245,548,327,387
656,1691,342,909,866,1025,1056,602,381,357,205,249,145,168,580,265,807,380,412,248,543,382,377
831,1635,365,1080,967,1170,1102,703,418,404,212,280,151,135,567,258,783,398,392,300,564,356,409
706,1677,363,870,766,1023,1064,622,425,397,220,260,163,150,578,266,791,398,405,210,562,380,375
620,1618,332,904,849,1048,946,621,379,366,208,238,143,147,528,233,755,401,393,232,545,345,373
607,1595,353,968,823,956,1093,573,380,349,205,247,142,153,540,235,745,370,392,245,539,372,378
605,1635,340,835,741,948,960,591,388,359,206,260,152,141,571,255,757,369,399,225,583,367,359
745,1596,372,1029,920,1023,1120,672,420,380,208,292,157,149,561,257,731,362,395,260,568,373,405
835,1694,356,1068,1001,1090,1040,689,461,406,224,276,163,135,559,255,778,425,414,290,546,350,422
741,1680,356,985,851,1067,1066,658,416,365,207,274,159,148,574,259,817,359,422,264,586,366,395
701,1587,344,1045,934,1026,1066,624,406,361,208,265,162,144,531,228,732,367,373,285,554,367,413
701,1741,348,920,743,1005,1021,650,391,361,202,249,148,155,598,268,846,382,432,235,580,378,370
666,1657,332,894,795,1021,1025,607,429,391,230,258,155,156,505,223,742,400,392,221,573,386,372
667,1560,360,989,865,998,1066,608,392,388,205,257,159,142,538,244,732,373,384,252,561,354,398
583,1591,342,905,770,985,977,578,390,360,200,242,145,138,536,242,791,353,414,231,561,345,348
700,1601,387,957,875,1034,1058,625,401,373,215,288,166,140,511,223,676,394,345,253,558,373,411
722,1635,367,1048,910,998,1119,613,406,369,214,272,162,137,550,254,742,383,368,283,524,363,433
530,1671,345,849,702,875,1008,484,330,343,203,235,152,146,539,242,794,397,404,205,562,382,354
595,1566,361,928,749,905,1005,548,383,348,199,276,161,134,542,247,748,341,366,238,561,337,389
511,1703,330,752,659,877,903,480,327,322,201,238,143,126,561,242,820,398,438,193,551,336,348
643,1562,348,904,828,994,1005,610,407,370,221,248,153,136,526,240,727,350,379,259,556,350,363
716,1632,347,1032,892,985,1017,600,399,386,224,260,160,154,561,251,761,422,392,278,541,382,374
687,1600,361,993,877,1052,1069,636,412,372,213,264,161,150,558,260,765,368,383,262,522,371,393
632,1603,363,957,765,927,1028,568,391,357,215,260,160,156,534,242,726,391,384,251,543,367,373
610,1652,347,918,783,930,1010,560,371,343,189,250,151,150,522,235,775,390,389,246,545,345,372
595,1728,354,890,725,945,1019,555,353,349,209,243,152,157,600,267,857,393,444,242,550,381,368
788,1631,363,1088,1032,1040,1078,667,415,379,215,280,160,152,518,246,790,414,394,298,575,377,417
525,1606,343,870,716,884,990,523,360,319,193,244,147,137,560,247,764,372,399,223,509,348,372
708,1741,358,923,792,972,1104,602,383,374,215,291,158,159,624,271,858,372,435,242,568,399,379
598,1665,349,877,788,991,969,587,368,358,215,245,148,160,547,241,786,389,421,226,546,380,345
560,1578,319,884,707,953,969,575,380,343,209,250,149,139,557,252,786,333,400,234,537,357,347
738,1688,351,993,797,1061,1070,657,425,396,222,272,160,160,562,247,812,379,407,252,534,384,390
613,1684,361,926,708,944,996,596,391,364,203,252,155,140,585,255,830,382,418,251,531,350,373
648,1640,358,912,844,998,1032,625,380,326,190,254,152,133,548,235,782,388,407,237,557,376,391
644,1602,356,938,795,989,1071,603,398,362,209,278,158,156,551,250,805,353,410,252,539,357,386
622,1552,349,958,825,1010,1039,592,380,357,214,265,153,137,510,214,741,372,380,255,527,360,368
465,1493,320,875,725,877,953,517,329,315,187,235,144,144,528,240,717,311,377,223,554,352,335
664,1597,344,1013,866,1017,1080,642,402,365,209,260,145,151,557,262,765,356,397,253,549,374,395
550,1580,319,845,713,962,953,555,388,366,230,242,147,154,509,241,745,370,374,212,521,366,359
832,1764,376,1001,895,1122,1104,715,445,378,220,279,161,143,595,274,871,384,451,257,602,372,408
676,1598,345,1049,925,994,1047,586,384,364,211,267,156,130,506,216,732,386,375,282,544,339,422
667,1711,353,974,774,958,1052,598,373,363,205,261,162,141,601,267,854,398,412,256,536,386,375
566,1647,325,853,689,923,949,559,375,355,197,263,152,145,591,275,824,338,420,232,534,345,367
587,1541,340,948,799,934,1024,579,363,338,199,253,147,142,527,234,713,367,377,256,540,353,370
657,1547,350,992,833,1001,1033,623,421,393,232,265,152,145,522,230,713,343,372,263,558,367,392
721,1719,353,959,821,1035,1043,606,407,368,218,270,159,150,572,266,806,392,423,246,562,386,359
585,1544,338,866,750,976,986,581,405,368,214,264,154,122,499,224,696,355,354,239,554,341,372
487,1574,330,874,661,837,980,501,338,321,200,238,141,154,521,252,785,331,408,211,542,375,345
869,1654,363,1176,1047,1114,1072,701,435,381,218,286,164,135,566,255,800,362,410,325,553,342,413
664,1575,370,895,844,1025,1017,649,400,363,195,267,163,119,517,235,710,331,407,230,545,355,375
508,1566,338,893,704,913,988,535,349,322,194,233,143,139,523,224,706,411,368,210,534,351,354
502,1521,337,825,669,863,916,528,368,352,192,247,145,131,530,248,743,346,371,208,554,323,344
659,1722,363,908,811,949,1083,580,370,363,205,256,155,157,577,261,842,405,430,235,560,398,383
732,1658,381,937,795,1032,1117,630,425,392,225,300,157,142,579,260,800,382,397,247,549,381,395
635,1487,344,955,813,988,1033,657,392,353,196,257,150,122,483,218,679,320,355,246,542,340,383
546,1576,359,872,682,900,995,547,372,358,205,244,153,133,544,256,762,356,398,212,553,355,350
670,1746,342,926,820,997,1047,610,381,383,213,253,154,163,570,258,831,393,400,232,560,400,377
719,1588,368,1003,1011,1056,1049,632,400,379,217,271,155,145,532,233,695,373,368,268,531,348,418
695,1647,349,1045,833,977,1072,614,390,378,212,268,157,153,557,250,780,365,404,272,571,390,399
531,1578,338,870,685,905,1020,558,341,332,190,229,143,146,532,240,766,329,399,219,574,361,350
587,1690,337,927,732,913,998,548,372,357,217,245,149,145,570,248,831,377,420,231,550,364,361
704,1658,352,1011,898,1021,1038,616,401,373,214,260,149,129,534,228,761,435,399,268,553,355,418
552,1530,333,889,803,910,964,556,372,354,214,244,146,137,571,266,765,369,393,241,544,350,358
628,1575,358,953,971,982,1022,575,373,338,215,254,150,129,531,231,708,426,377,256,526,365,396
855,1714,365,1035,925,1099,1141,679,464,459,228,291,160,132,563,241,805,344,417,283,541,365,438
602,1625,361,912,756,954,1015,583,391,360,223,254,150,163,542,241,749,387,384,226,553,373,365
597,1599,340,884,805,964,1024,568,376,371,217,266,157,158,510,234,738,389,377,225,557,375,377
583,1697,324,829,768,936,1016,571,370,336,210,235,144,162,529,234,802,390,428,201,552,383,355
756,1772,356,970,812,1018,1037,628,409,406,236,263,165,140,575,260,847,376,446,243,551,370,411
605,1563,355,916,746,1007,1025,596,381,366,197,250,145,142,554,232,729,327,377,238,571,355,360
515,1454,344,944,708,883,985,529,355,334,188,241,148,122,472,210,648,342,359,250,542,344,378
635,1671,347,929,835,961,1044,565,372,341,212,250,156,150,571,248,821,378,416,244,536,367,390
598,1702,344,833,715,953,1022,544,359,343,202,250,156,157,585,262,828,375,430,210,568,366,367
656,1675,356,967,798,981,1004,575,386,375,216,254,155,153,548,237,775,396,411,245,534,379,370
619,1661,340,910,704,956,998,583,369,360,210,259,160,146,576,248,822,358,394,234,545,356,368
545,1578,322,866,744,904,974,547,372,349,211,260,150,133,472,220,703,366,375,234,539,357,340
697,1683,362,896,807,1065,1038,623,416,354,209,254,158,152,595,272,804,363,416,243,584,380,379
668,1608,380,954,737,973,1049,617,405,372,212,263,158,146,555,267,758,363,404,243,556,375,369
641,1625,371,964,858,993,1056,566,372,355,233,250,153,145,541,244,747,355,383,253,554,382,363
612,1737,348,938,736,944,1006,547,376,351,212,244,155,153,582,262,823,411,405,245,554,378,359
571,1769,353,896,679,888,981,511,360,328,198,231,145,142,570,245,817,412,421,224,563,366,374
650,1686,363,935,779,974,1030,591,387,368,220,275,159,135,554,244,791,375,413,240,552,361,394
529,1590,340,893,668,894,977,533,353,342,205,252,147,135,517,230,747,382,344,222,560,350,352
474,1540,323,862,664,863,940,502,349,306,190,228,144,130,510,223,713,336,368,231,522,347,328
601,1662,358,885,741,899,1006,545,380,356,216,247,156,144,591,259,795,370,401,230,563,365,360
610,1624,367,845,735,947,1002,578,404,373,224,260,153,143,524,226,738,385,376,233,529,344,380
793,1702,372,1032,927,1067,1106,653,402,379,212,252,151,123,578,249,785,403,409,273,550,366,432
646,1626,355,923,793,970,1009,575,407,371,217,268,158,137,565,262,788,399,388,244,549,350,388
712,1705,368,1002,862,1027,1074,620,402,379,224,265,160,142,555,241,808,398,407,254,548,372,408
602,1629,333,923,815,974,976,558,369,336,201,238,146,148,508,223,733,406,391,246,529,356,361
770,1680,357,995,872,1010,1081,667,425,377,210,270,157,144,592,273,807,358,425,264,562,375,403
585,1610,334,905,775,939,1024,585,360,331,182,241,142,123,542,259,789,350,422,237,559,332,374
609,1622,347,858,734,978,1008,600,393,366,215,253,147,137,536,227,762,353,382,213,555,343,368
604,1640,353,880,818,960,984,574,389,350,222,245,146,125,520,241,758,332,390,231,528,347,378
564,1592,336,836,732,945,982,585,365,339,202,237,142,136,515,230,755,370,383,214,527,348,350
633,1641,337,876,730,963,1029,601,400,362,211,270,162,157,558,244,752,391,377,222,549,380,380
511,1639,360,848,705,857,979,503,322,330,190,245,153,125,553,245,784,375,394,215,524,342,358
623,1611,339,953,847,988,1036,567,383,320,194,248,152,142,566,256,783,373,415,238,547,359,370
467,1568,321,834,640,842,963,505,311,316,175,241,138,138,554,242,756,352,389,213,503,341,350
590,1606,345,883,789,963,972,575,385,337,202,245,147,129,552,243,789,393,409,235,555,348,360
692,1662,356,955,761,1034,1049,657,401,363,213,253,150,137,562,242,802,365,415,242,544,364,385
563,1592,340,893,715,909,994,565,377,351,212,265,152,149,542,248,753,384,391,218,528,360,361
640,1599,359,955,843,994,1046,621,396,365,194,247,139,146,532,232,789,352,396,242,543,365,373
646,1681,373,965,907,1025,1023,565,347,304,190,253,150,134,578,246,798,383,423,248,528,361,399
472,1518,329,798,695,874,950,496,345,311,189,242,142,129,508,221,716,310,355,200,543,328,349
734,1706,366,1031,861,1034,1077,618,389,366,220,267,162,142,581,258,830,386,412,272,577,368,418
635,1788,343,912,767,951,1057,550,362,351,202,249,152,169,592,264,825,417,390,243,572,394,386
655,1594,355,966,781,988,1023,615,396,375,211,266,158,148,550,251,761,338,398,270,578,346,381
563,1580,381,933,708,901,1019,547,350,351,192,248,147,153,545,243,730,353,343,250,552,382,368
887,1738,396,989,894,1073,1193,696,465,424,226,295,167,150,579,261,835,406,415,265,589,397,450
560,1541,340,876,722,925,992,567,371,353,212,249,147,152,511,232,706,372,356,216,567,364,359
705,1667,336,938,805,1018,1039,636,401,374,203,255,145,155,555,266,799,378,394,245,567,395,365
639,1576,329,926,808,987,1047,583,394,376,206,265,155,143,567,258,768,347,412,242,533,359,380
615,1595,350,900,762,983,985,603,410,366,208,277,161,123,537,244,730,386,373,228,547,344,365
600,1685,320,854,786,966,1027,589,370,344,206,256,150,150,599,275,851,368,427,212,542,366,361
546,1502,354,922,771,958,1023,552,357,340,201,257,145,135,473,218,687,345,352,226,527,362,372
719,1670,346,948,893,1034,1047,663,411,390,209,254,149,134,523,231,760,351,396,253,540,373,390
575,1705,353,824,749,882,998,553,385,348,208,242,145,157,599,277,879,351,431,208,550,378,347
602,1486,330,947,833,919,1097,581,405,384,230,265,149,152,496,215,678,319,346,252,553,364,386
686,1710,348,899,901,1005,1064,622,396,362,200,252,155,144,631,280,864,349,444,235,548,370,373
608,1566,375,902,788,985,1025,582,375,336,208,252,149,133,501,212,676,384,358,235,566,363,375
567,1522,339,961,816,953,1000,547,363,331,201,242,142,134,519,238,730,368,368,255,558,362,365
525,1653,350,842,690,878,966,506,355,330,223,237,143,143,540,238,754,393,401,230,534,361,351
657,1731,354,914,785,960,1004,575,391,351,208,262,150,149,573,263,822,387,409,240,568,364,369
669,1630,328,914,794,1007,998,610,404,352,213,250,148,145,545,235,702,406,357,238,529,360,385
600,1591,359,912,849,929,1042,555,377,351,214,268,149,145,544,246,751,410,393,234,540,373,363
558,1572,335,872,821,935,996,545,356,327,193,243,147,150,542,250,732,376,388,212,532,350,363
638,1570,343,921,803,982,1036,633,395,355,201,267,153,140,513,231,711,366,369,252,554,366,380
625,1590,357,959,802,956,1088,600,349,332,192,258,151,132,574,252,785,328,406,245,538,360,380
577,1577,341,896,680,925,1050,565,384,356,201,254,150,142,555,253,764,350,394,239,560,355,380
475,1558,342,836,663,857,972,482,321,309,183,252,148,142,540,250,765,358,394,210,553,357,360
626,1544,322,1016,742,975,1069,622,372,368,185,268,147,130,522,235,763,323,413,268,554,344,385
602,1565,358,958,775,960,1059,588,399,355,211,269,155,135,511,229,721,367,366,244,533,360,381
623,1584,344,1009,838,962,1092,604,372,338,193,254,144,134,545,244,776,310,396,278,528,359,363
675,1738,374,908,808,1004,1073,568,390,361,215,272,158,135,592,261,836,381,412,250,556,364,393
532,1630,329,852,692,883,955,532,347,336,196,255,150,128,565,265,806,330,404,225,559,352,361
504,1541,345,882,721,888,984,531,326,314,176,245,138,128,520,250,733,342,370,217,541,350,352
623,1663,347,969,824,940,999,557,386,357,220,245,151,134,552,247,801,363,400,242,547,358,376
674,1591,361,970,801,1043,1007,622,386,358,211,262,152,124,543,242,755,333,370,258,588,352,393
647,1599,360,1001,885,987,1110,568,384,366,210,272,155,157,541,237,752,351,388,259,534,391,418
558,1685,348,839,716,939,953,510,365,336,218,244,156,135,540,248,748,422,379,225,572,362,359
580,1603,354,928,772,942,1039,547,347,349,205,250,148,154,543,235,742,382,381,230,552,370,375
518,1545,336,906,738,913,946,548,351,310,187,245,148,130,512,230,740,352,387,225,553,342,338
515,1582,343,822,708,888,951,538,341,317,186,232,149,140,551,242,753,355,375,218,545,356,340
671,1656,320,860,773,1031,1025,647,406,372,203,257,153,140,563,255,812,357,426,222,550,368,380
492,1606,324,836,712,853,975,497,327,295,178,234,142,130,515,232,747,390,372,215,528,344,361
552,1592,334,856,727,915,970,557,382,347,211,232,135,130,491,229,722,373,366,225,547,353,330
609,1708,363,895,697,919,1006,543,356,356,212,257,156,132,598,257,818,400,412,216,567,331,377
627,1592,343,921,819,988,1011,623,388,342,205,250,153,147,554,251,801,355,410,250,523,358,360
669,1752,371,865,732,947,1045,567,370,372,219,265,155,140,605,260,855,398,446,252,561,353,372
635,1653,334,880,742,982,1005,622,396,366,215,247,155,137,554,256,813,375,405,229,524,360,358
616,1641,358,923,770,927,1038,559,371,345,202,258,155,153,598,277,833,356,415,246,567,379,360
529,1540,328,843,642,917,981,547,384,356,202,239,144,136,531,245,715,403,378,224,543,335,332
695,1518,333,1059,1038,1080,1080,649,394,364,198,258,144,142,525,234,685,390,370,285,535,358,381
600,1629,352,911,726,940,1026,577,388,362,204,270,155,142,545,260,794,363,404,223,545,367,359
582,1730,340,878,695,945,993,521,348,331,200,238,149,139,611,276,864,364,439,235,556,353,354
583,1576,336,851,753,961,977,568,390,360,212,240,150,153,528,244,758,353,384,217,555,348,356
757,1660,373,1057,1018,1033,1058,615,395,389,216,268,168,148,561,259,758,383,388,279,559,376,408
663,1663,346,910,736,969,1055,593,396,378,224,255,156,143,552,255,789,370,399,248,572,355,375
567,1619,324,860,747,973,974,550,371,360,218,233,150,156,527,236,755,404,380,220,543,383,352
731,1600,351,1018,946,1017,1087,601,418,384,228,285,159,144,521,231,729,430,379,277,549,367,421
648,1640,369,908,749,1069,1052,640,365,350,201,247,150,133,551,250,767,366,397,233,550,372,365
581,1578,347,895,883,934,1034,568,354,331,196,233,140,145,516,225,717,333,384,237,533,361,380
828,1752,386,992,871,1126,1104,694,419,391,222,292,162,146,549,245,793,425,411,254,566,384,398
706,1603,359,984,910,1055,1050,609,385,372,211,269,147,130,529,243,719,355,383,260,541,341,412
580,1713,359,829,714,923,957,560,370,357,212,245,153,143,587,258,825,377,402,230,537,359,371
605,1660,322,906,756,1018,999,586,374,355,208,238,147,140,555,242,771,367,394,240,525,357,372
561,1632,358,850,700,909,1050,524,367,345,211,258,150,161,541,247,790,358,386,212,557,388,358
597,1565,351,900,785,941,1008,598,393,351,198,249,149,141,498,232,735,351,375,231,545,352,367
613,1628,347,953,836,939,1029,575,368,362,207,250,145,125,545,244,777,383,390,238,543,366,373
610,1726,346,879,704,1023,1013,580,377,355,208,240,147,139,562,244,765,394,403,227,572,367,390
570,1610,337,877,739,924,999,566,370,337,195,237,148,144,582,253,802,360,425,220,551,361,342
600,1584,336,895,778,976,1036,566,391,346,201,257,148,141,554,240,730,341,401,232,565,362,382
685,1606,347,977,885,1038,1062,622,406,356,209,285,163,151,561,261,756,365,403,263,542,365,393
580,1628,335,851,743,923,1005,589,381,335,201,237,147,136,548,249,795,374,395,220,563,374,352
604,1571,352,896,781,972,1006,568,394,352,210,252,151,135,542,250,778,348,389,243,566,350,369
584,1691,351,863,724,947,1018,562,369,356,215,244,152,145,572,245,803,410,384,195,543,385,356
642,1609,342,972,798,974,1050,604,374,358,197,256,149,142,545,248,770,336,382,255,538,355,402
691,1680,357,871,785,1065,1019,623,425,389,229,254,153,153,565,248,781,375,396,240,536,380,363
588,1626,355,854,711,913,975,564,370,348,208,262,160,146,561,260,804,356,391,225,585,361,350
530,1532,345,847,656,894,950,565,370,340,202,255,142,134,512,220,702,341,366,232,538,341,359
714,1649,341,949,760,1018,1025,628,425,410,228,276,166,146,560,251,807,366,411,259,558,362,360
526,1662,353,817,717,914,946,528,350,315,192,237,147,130,538,232,743,398,385,207,555,347,338
513,1638,342,826,733,866,997,491,339,322,200,247,148,141,550,234,762,385,390,208,527,341,353
609,1624,344,864,723,918,1008,556,402,352,215,252,154,156,528,243,786,402,396,227,535,380,367
793,1665,391,920,875,1118,1071,678,433,397,228,282,162,148,557,238,772,409,371,240,573,388,408
677,1696,361,893,837,995,1022,598,385,371,212,269,155,162,606,273,844,381,448,231,541,363,370
548,1566,333,882,772,963,987,526,355,341,190,248,144,141,542,243,740,372,378,228,543,364,355
575,1578,331,906,869,917,978,538,363,358,205,253,147,133,533,228,739,350,366,250,561,322,356
678,1673,373,961,1009,1023,1011,585,378,358,210,242,156,153,568,244,775,405,394,260,555,355,387
695,1628,354,1023,905,1026,1073,626,367,329,189,254,152,123,534,228,730,394,363,288,534,354,382
459,1525,314,799,679,876,962,500,323,328,201,222,142,157,493,226,709,347,355,193,535,362,331
599,1632,326,937,754,945,1019,573,379,328,195,255,151,148,571,260,806,356,428,250,548,346,369
684,1717,373,911,786,954,1025,599,400,360,218,270,157,139,613,283,869,366,441,240,563,374,367
652,1659,323,892,744,1019,1015,625,405,368,214,269,151,130,554,252,787,379,396,232,547,356,376
662,1703,369,887,778,986,1037,584,376,362,219,263,153,151,566,267,790,362,403,252,551,345,385
571,1626,346,887,725,898,997,550,379,362,217,250,155,151,552,253,781,364,392,230,554,373,354
553,1680,327,826,753,918,971,529,360,336,204,248,158,145,604,277,850,372,427,229,541,350,350
565,1626,331,850,691,963,988,557,365,330,205,250,151,132,577,250,778,322,411,228,526,353,382
586,1598,330,843,746,992,990,582,395,355,202,238,148,149,530,234,728,385,375,224,543,363,352
675,1679,354,917,783,1001,1063,627,413,367,201,258,157,143,588,270,841,369,415,243,555,364,369
652,1673,353,958,709,984,1064,587,387,378,215,263,157,142,564,254,785,382,400,242,545,377,385
624,1589,350,886,784,1030,1007,605,400,350,195,266,155,148,565,256,745,375,376,224,569,360,370
548,1608,336,825,784,929,957,587,367,344,205,245,148,135,545,231,760,382,392,208,528,346,371
700,1607,381,1023,915,983,1119,589,410,371,216,276,159,131,518,228,720,376,358,278,541,367,415
610,1597,340,901,735,975,1005,597,387,367,203,250,153,143,532,240,733,366,397,244,537,359,370
602,1724,330,901,750,956,969,571,400,357,220,243,149,133,568,252,811,436,396,252,536,353,370
540,1623,336,854,786,918,946,565,341,331,198,238,143,136,541,243,769,348,392,225,525,343,377
670,1580,374,997,799,1008,1047,622,385,375,207,259,150,138,544,241,731,410,395,265,534,367,392
565,1544,337,865,787,946,1008,554,380,345,205,260,150,128,563,254,736,330,381,208,554,357,355
642,1786,358,910,789,994,1029,578,359,340,202,237,153,168,644,292,880,439,444,236,550,386,363
788,1563,379,1022,1011,1122,1133,695,411,368,201,283,153,143,545,254,730,363,401,265,554,370,411
634,1637,346,896,800,962,1008,584,393,353,213,260,155,145,547,235,766,415,389,233,548,354,387
717,1699,342,882,839,1052,1014,670,438,399,213,255,154,134,555,251,804,400,411,235,534,351,392
551,1648,324,868,728,899,949,554,350,323,197,253,154,135,556,247,805,399,414,233,537,337,347
702,1682,369,939,805,1012,1097,610,404,385,215,265,153,149,552,246,785,378,419,240,563,392,388
629,1611,340,896,798,1007,1014,610,359,341,189,264,149,142,557,251,760,355,359,228,545,357,373
653,1650,360,921,850,985,1061,609,385,348,207,253,155,136,547,248,755,379,388,226,573,363,382
604,1667,332,852,734,955,965,567,380,382,227,245,162,132,557,241,780,382,391,230,539,346,350
533,1578,348,860,667,906,981,550,334,340,192,233,138,139,570,262,776,364,387,221,540,355,345
568,1573,332,885,835,950,952,561,367,356,204,245,144,133,525,223,717,399,358,227,525,340,348
820,1744,393,984,904,1072,1080,660,439,389,236,287,169,148,577,257,844,403,421,249,553,391,401
595,1648,334,917,791,934,1016,567,379,352,191,254,144,145,552,255,826,358,424,244,555,356,362
547,1603,317,875,729,928,986,542,363,342,201,237,142,152,538,235,758,381,387,234,535,354,357
660,1643,333,934,815,1035,1014,612,407,382,225,246,150,152,561,252,765,387,384,242,563,350,375
588,1602,335,972,743,933,1049,555,348,351,195,253,147,143,589,261,795,342,405,260,557,366,363
595,1655,321,895,777,966,1039,579,342,325,192,248,141,147,545,238,752,377,389,240,544,366,384
729,1666,340,1035,945,1048,1097,603,353,358,197,258,153,155,565,246,771,448,407,287,565,344,412
568,1621,336,877,719,947,1014,563,353,371,215,253,148,159,544,233,755,389,384,223,541,375,356
668,1628,361,982,862,987,1079,591,367,378,209,270,155,133,585,252,783,351,411,264,558,363,383
610,1643,347,919,725,942,1032,568,373,354,209,244,152,151,567,259,785,389,411,232,568,367,356
504,1524,329,834,745,900,984,544,336,335,200,259,145,133,518,220,711,335,370,216,529,352,368
590,1647,354,898,830,920,1044,560,355,341,193,260,151,150,583,263,808,375,408,239,520,375,375
534,1646,342,813,667,852,973,513,345,330,202,252,153,134,543,255,793,357,421,202,544,348,369
568,1613,340,885,781,942,1013,582,355,341,204,255,155,156,566,263,793,382,417,214,537,381,365
596,1638,361,929,744,928,1044,559,356,363,215,264,154,141,513,235,757,374,398,252,567,364,380
602,1601,344,905,776,969,1009,573,372,351,213,260,148,134,520,228,737,362,393,227,561,335,389
658,1597,340,839,736,1032,1011,673,415,382,212,244,146,142,558,253,792,351,395,227,560,374,357
650,1583,332,880,852,996,1021,633,409,389,209,261,151,139,557,246,749,359,378,230,522,365,362
790,1695,379,1033,888,1033,1117,645,416,385,224,275,170,149,597,277,811,381,431,283,572,388,399
712,1561,385,1050,932,972,1150,583,377,371,223,285,153,137,505,222,682,392,385,280,546,366,415
637,1583,342,951,912,971,1072,620,373,358,209,275,150,147,540,245,772,341,389,250,544,366,378
620,1629,359,922,861,975,986,570,364,339,202,261,149,136,536,233,759,357,387,239,529,345,404
600,1588,341,858,793,953,1003,587,374,369,206,255,142,156,525,225,731,357,359,233,539,377,369
531,1515,329,882,783,936,963,554,382,342,202,227,140,154,491,210,698,357,373,228,507,365,331
630,1632,355,908,880,975,1023,581,391,350,212,253,151,133,570,263,816,353,411,237,547,361,379
547,1542,337,837,784,906,1022,561,373,343,205,252,155,148,530,246,738,367,369,213,539,380,367
638,1647,357,889,717,952,1072,595,371,343,201,268,154,150,572,253,795,368,397,227,574,356,393
585,1443,370,997,857,988,1079,603,362,344,185,257,145,135,479,210,671,363,364,260,544,362,391
619,1576,352,950,783,964,1050,594,394,363,202,251,150,145,543,229,717,392,384,244,562,359,380
644,1670,364,1012,835,951,1001,572,375,345,201,247,149,137,526,238,805,381,408,272,568,357,386
661,1647,361,912,779,977,1077,606,394,376,214,268,159,144,583,273,827,353,402,243,550,379,366
674,1680,370,904,803,1041,1056,611,394,377,226,260,156,141,564,237,786,398,416,230,542,376,393
690,1705,354,962,809,1007,1060,589,402,378,216,251,160,160,557,240,784,425,414,262,547,387,395
566,1596,340,851,732,938,1013,559,368,350,198,280,155,138,538,248,761,353,395,219,534,370,344
657,1652,357,919,829,1012,1027,616,387,347,206,261,162,145,533,239,775,383,385,238,550,364,381
648,1628,349,938,784,999,1034,585,401,360,217,271,158,153,552,239,767,362,399,251,552,377,382
574,1633,342,893,727,941,976,546,367,346,205,258,155,143,520,227,742,384,372,243,540,345,362
528,1573,355,932,688,895,954,538,340,331,198,251,146,125,497,221,716,368,356,248,542,330,361
477,1545,330,834,749,859,966,510,340,342,189,238,138,140,511,226,722,356,382,215,506,348,347
632,1735,363,897,724,930,1033,578,370,351,214,264,147,145,580,257,852,371,432,234,516,370,388
571,1662,339,851,742,971,1014,580,364,333,195,242,144,163,530,227,800,390,415,211,534,374,352
695,1637,361,980,826,1032,1071,612,399,386,210,256,156,148,537,242,736,394,394,269,552,357,375
526,1664,338,844,684,869,997,487,348,323,197,237,155,148,556,248,796,375,411,220,545,374,368
574,1639,348,876,709,955,1009,571,360,357,209,247,152,148,529,258,776,343,416,228,532,356,336
673,1667,359,964,773,1028,1052,607,380,368,205,261,155,145,550,247,758,404,400,257,545,356,398
744,1682,348,1007,901,1074,1078,650,404,373,207,277,153,153,567,242,796,390,401,265,550,372,410
611,1612,357,893,720,975,1039,591,377,355,212,274,161,142,571,256,774,368,380,228,524,379,373
569,1647,344,888,759,942,997,540,345,339,201,252,158,143,538,241,760,386,387,238,515,348,354
525,1685,333,885,712,880,965,511,337,322,185,246,142,133,594,246,797,405,422,235,520,328,363
692,1617,380,969,815,1006,1075,625,390,364,203,300,162,133,550,240,763,349,399,267,532,377,406
604,1682,338,854,741,949,1035,553,357,338,201,260,150,144,567,254,821,391,406,227,546,377,370
565,1659,358,852,726,901,1002,550,347,336,198,250,155,141,557,250,768,387,391,217,551,366,370
657,1664,370,886,784,1025,1052,622,398,365,218,262,155,149,535,228,755,395,399,225,553,374,385
717,1774,365,979,897,969,1082,572,365,326,209,261,156,167,554,247,825,399,406,262,557,378,404
664,1537,359,903,951,1037,1089,628,415,369,197,257,151,152,548,243,735,348,396,250,548,365,384
618,1551,357,932,764,982,1047,615,394,371,203,249,143,149,530,242,761,326,390,263,529,370,360
574,1553,335,921,828,942,1020,580,363,340,200,244,147,139,500,232,751,375,394,250,535,344,352
548,1618,342,883,685,880,968,500,341,341,208,245,155,144,549,244,764,398,405,237,549,351,350
567,1608,350,869,729,959,996,570,337,320,197,255,158,148,562,258,765,378,381,218,553,370,362
640,1588,329,948,827,1014,1053,620,392,353,203,250,149,127,549,248,751,368,387,233,533,363,350
582,1670,366,887,732,942,1003,542,359,320,198,240,151,146,574,268,823,385,423,215,561,385,357
642,1708,352,938,829,955,1013,584,374,350,206,250,160,145,598,262,842,391,429,254,568,349,370
631,1660,348,928,803,1030,1019,573,367,328,197,244,150,143,576,256,795,371,415,261,540,374,358
506,1630,337,815,691,872,1001,504,338,335,203,235,146,153,520,237,730,422,395,198,541,374,343
480,1637,318,821,635,846,1020,491,318,314,193,225,153,178,582,254,782,376,395,208,530,380,341
543,1602,358,841,719,942,976,543,346,334,207,245,145,145,504,218,682,420,346,218,537,366,339
726,1665,378,947,843,1036,1052,636,413,380,209,262,152,142,573,248,767,357,382,242,563,369,388
586,1678,330,830,760,965,939,557,360,363,212,242,144,135,550,235,781,392,387,216,544,347,362
602,1534,350,966,801,944,1024,578,363,335,195,262,144,137,500,230,707,373,360,272,546,357,380
607,1655,363,849,737,912,1009,546,390,374,223,253,147,153,535,229,780,377,395,242,551,377,348
719,1738,361,955,768,990,1037,589,395,364,227,280,162,137,526,232,797,379,408,247,558,379,406
686,1634,368,925,770,1015,1089,640,392,352,202,267,158,152,577,267,771,395,398,244,555,384,392
623,1685,344,880,755,956,994,589,394,371,215,240,148,163,551,247,770,376,389,236,538,376,355
621,1603,339,847,821,969,1022,595,398,369,207,263,150,149,564,251,791,390,406,235,558,369,367
633,1516,352,971,844,952,1044,590,401,345,203,270,157,143,489,225,695,360,338,253,537,372,377
665,1653,334,986,765,1005,1076,597,385,365,206,267,153,127,555,262,805,349,423,277,579,350,387
689,1706,358,895,791,1015,1027,628,386,367,206,265,161,162,605,270,834,394,422,237,569,401,382
641,1687,365,900,741,970,1028,586,384,352,209,255,155,151,563,247,794,351,415,249,552,378,364
603,1590,329,909,811,943,961,565,379,356,210,270,157,128,536,250,751,358,376,247,555,336,354
712,1717,339,882,887,1057,1040,630,396,362,211,255,154,163,616,270,855,397,436,244,566,389,360
528,1643,315,835,688,895,981,522,348,351,202,234,146,153,545,239,753,393,388,212,525,371,359
563,1655,328,906,772,959,1036,571,355,334,210,237,151,154,547,244,783,377,416,238,531,361,365
557,1656,350,834,655,910,1028,523,348,348,207,269,150,159,539,245,767,429,398,197,545,386,362
615,1637,348,862,729,965,1022,604,360,370,209,244,144,146,534,245,752,384,396,222,561,367,360
681,1696,344,958,846,983,1049,599,395,376,206,257,152,157,580,259,800,360,414,227,537,367,388
638,1634,351,939,785,981,1043,593,376,345,214,260,150,143,534,242,761,397,392,250,545,386,393
568,1634,358,844,691,905,1036,558,375,359,212,246,145,160,530,241,767,393,389,224,531,378,366
601,1657,345,902,738,969,1030,572,373,360,225,252,147,154,550,238,782,385,416,233,544,384,369
550,1741,341,840,723,894,1000,505,338,328,196,232,146,146,596,266,882,408,427,216,565,366,349
606,1731,355,891,750,935,1001,556,357,355,208,253,143,144,569,259,826,396,432,223,562,373,364
699,1654,356,925,781,1054,1044,646,420,386,237,270,160,152,530,234,779,374,401,242,561,380,395
511,1583,318,867,744,895,972,533,344,321,202,247,142,152,540,230,740,361,388,228,533,353,350
723,1620,352,1003,949,1006,1067,585,411,386,209,256,148,162,526,234,753,374,382,286,534,378,400
647,1593,366,964,807,998,1081,608,401,369,214,270,155,149,536,233,747,355,383,252,543,385,385
512,1653,330,829,725,890,925,515,343,322,185,239,151,126,549,242,765,384,402,215,533,333,348
529,1735,312,879,711,909,972,512,336,308,180,225,144,152,578,244,799,402,409,225,530,367,327
527,1582,329,850,711,920,1002,558,344,323,195,254,147,139,538,232,758,365,398,213,538,367,375
455,1555,313,745,688,889,927,487,331,314,197,220,143,135,505,225,727,373,372,197,519,342,340
659,1685,357,858,861,997,997,613,398,362,207,260,147,148,548,252,831,378,430,232,535,363,359
803,1672,357,920,881,1136,1064,693,482,397,212,267,153,148,589,261,791,376,428,257,561,381,368
626,1710,326,852,725,936,1028,589,372,345,199,242,145,159,566,252,825,410,398,228,532,376,372
505,1572,326,816,633,935,964,555,350,320,185,234,144,143,506,221,690,403,372,211,534,358,327
603,1680,355,830,764,931,997,563,357,346,201,254,151,143,583,269,801,364,424,224,578,350,343
749,1705,371,950,920,1061,1093,640,426,376,210,277,158,155,575,277,824,360,406,241,557,367,374
572,1644,363,821,711,910,1015,566,366,334,196,257,150,146,569,265,799,358,401,210,565,365,360
493,1658,336,824,668,899,942,522,337,308,184,230,140,132,534,235,767,371,399,201,534,347,345
530,1639,347,868,765,885,988,510,331,323,196,238,152,153,535,237,802,394,412,214,540,371,339
556,1593,332,815,716,902,982,539,382,345,199,256,150,141,540,251,749,350,375,208,555,365,353
580,1615,345,868,734,939,1018,561,375,344,206,257,146,163,539,242,764,395,401,228,535,379,355
594,1673,344,872,795,914,1003,561,376,353,204,255,152,148,557,253,845,366,439,222,550,377,351
605,1747,347,903,762,948,1043,537,340,324,207,246,150,159,565,255,822,428,418,221,531,384,383
671,1719,365,927,804,977,1055,598,381,356,203,252,154,147,582,262,809,377,422,235,555,393,389
528,1552,340,839,685,923,1007,537,357,350,197,256,147,123,524,234,724,346,382,230,537,348,352
695,1609,351,990,867,995,1031,632,419,367,232,261,153,140,525,236,740,363,370,256,575,355,380
519,1589,346,831,738,885,966,525,328,316,192,252,147,149,561,258,773,363,390,222,521,352,356
541,1593,346,829,720,880,952,550,363,336,189,245,147,133,504,232,745,367,376,213,572,357,339
680,1735,378,929,815,985,1033,564,373,355,207,266,159,128,576,250,803,378,410,255,530,366,393
559,1603,323,865,725,955,986,560,355,347,197,235,144,148,551,254,766,369,391,216,552,354,363
610,1607,361,875,729,919,1031,553,392,360,206,268,157,157,540,252,752,348,377,251,563,370,363
545,1593,301,894,750,900,945,563,357,320,191,242,142,135,495,220,755,381,373,228,553,326,347
585,1575,340,965,796,940,1006,553,377,361,204,253,144,138,538,236,738,343,385,265,527,354,366
600,1633,347,911,812,943,1033,558,372,341,205,248,151,136,533,225,751,353,378,227,544,363,373
536,1628,332,862,712,903,996,518,338,330,193,235,146,146,557,237,771,376,401,213,519,363,343
631,1637,375,905,760,953,1042,571,385,356,216,275,157,144,554,246,776,382,387,219,570,374,375
520,1689,351,831,684,869,991,511,337,325,196,239,147,148,536,246,807,406,401,209,545,370,357
572,1614,348,899,836,965,994,561,341,330,190,251,143,135,558,243,782,410,394,232,539,357,374
548,1690,350,792,694,912,988,527,339,313,185,232,148,161,593,266,786,388,420,201,551,387,339
875,1692,399,1064,961,1088,1197,667,433,401,219,297,162,164,560,245,806,403,408,291,557,417,432
658,1628,349,916,734,981,1020,610,392,378,216,260,153,139,564,260,776,361,410,233,553,372,354
639,1537,337,968,883,999,1012,610,385,357,206,244,147,132,501,225,685,366,341,261,536,352,360
909,1695,388,1069,1077,1167,1145,748,439,395,217,285,158,154,571,260,822,403,422,283,544,400,454
659,1607,349,885,795,1019,1024,639,439,381,215,267,151,145,490,225,730,357,381,230,542,365,376
638,1646,342,942,825,1047,1000,591,354,329,196,232,141,145,530,234,753,424,403,261,546,370,364
612,1636,361,912,902,985,995,562,380,355,212,247,151,131,567,247,794,391,400,223,542,359,384
601,1636,349,915,847,909,1054,571,356,329,207,253,151,147,552,254,807,382,418,230,547,383,370
737,1670,376,921,818,1036,1057,646,421,392,205,267,157,145,597,268,826,363,411,245,561,391,359
614,1567,352,910,803,952,1001,588,387,358,201,260,160,136,520,235,755,352,375,247,557,365,355
520,1562,341,838,767,924,951,528,348,331,197,235,145,128,504,223,714,369,365,202,531,352,345
617,1717,357,865,715,962,1023,550,383,358,207,255,152,144,562,254,816,409,401,238,536,380,363
550,1594,332,859,754,932,1006,537,359,338,192,253,157,137,574,261,753,366,388,208,547,370,372
560,1492,343,922,776,943,1043,582,354,340,187,252,143,135,513,237,719,334,363,248,537,363,350
510,1604,327,849,725,902,988,521,346,320,186,217,139,143,541,235,792,367,413,217,536,365,340
780,1708,372,988,814,1037,1107,657,419,387,221,272,165,159,580,262,845,363,438,271,563,390,404
467,1582,349,835,662,864,956,501,321,306,183,215,140,147,524,233,726,384,392,213,527,372,341
595,1545,343,936,803,1014,995,603,380,348,206,243,145,135,490,219,686,400,363,247,532,351,368
542,1545,362,894,691,895,986,560,362,340,202,252,150,129,553,247,750,355,373,237,552,341,363
710,1667,389,922,799,956,1102,631,413,388,221,267,156,158,575,257,790,377,409,251,578,402,378
648,1587,356,921,854,984,1027,596,411,380,208,266,146,135,538,240,769,375,401,242,534,359,380
587,1566,339,830,859,1009,964,588,388,342,205,235,141,138,507,232,725,385,373,235,527,346,341
596,1593,360,915,791,935,1029,566,400,365,189,257,151,129,541,240,765,360,397,238,538,357,381
616,1594,344,946,813,965,1031,583,384,370,211,267,161,145,523,235,745,381,378,260,539,363,405
560,1705,341,854,743,906,963,524,350,321,198,237,153,147,556,248,817,415,399,221,536,358,362
781,1607,372,944,881,1049,1092,689,450,407,217,295,160,136,568,248,789,349,382,268,547,365,410
620,1570,357,937,838,1029,1011,595,376,366,213,245,155,138,533,250,723,350,377,257,551,352,360
631,1713,367,927,796,940,1026,535,351,346,204,246,156,157,591,254,790,412,393,243,549,394,377
508,1523,341,831,837,945,915,565,354,321,197,228,135,126,504,218,677,362,381,225,551,330,332
655,1640,332,963,832,993,993,600,388,369,225,253,152,121,545,234,752,398,381,259,545,340,388
652,1610,325,928,819,1014,1037,589,389,363,213,260,147,158,515,227,758,385,375,249,518,363,383
660,1634,360,911,755,1004,1015,612,397,375,210,250,145,138,528,237,774,362,373,229,554,372,353
519,1635,316,835,710,888,948,518,347,319,215,230,149,144,525,241,761,391,370,222,546,348,351
547,1617,338,897,659,921,1027,546,364,346,193,255,145,157,562,253,782,348,384,244,533,369,345
630,1651,337,866,845,953,1017,615,410,371,214,245,142,159,561,250,814,349,418,227,548,361,348
533,1638,348,817,665,893,981,531,357,330,192,258,146,149,544,245,799,384,399,206,537,368,360
542,1613,333,885,752,927,981,543,361,345,194,235,143,147,552,251,753,356,386,231,538,359,335
531,1587,356,813,741,897,986,509,357,339,201,235,150,151,534,241,747,371,390,207,534,376,350
632,1685,364,822,775,997,1016,576,400,368,219,257,156,147,579,250,797,360,421,222,554,349,374
702,1578,362,915,794,1024,1046,654,438,375,217,296,160,138,503,218,692,351,353,247,572,359,400
636,1635,350,957,789,999,1033,589,399,356,211,252,151,149,578,250,796,349,423,240,548,363,364
649,1678,375,916,718,929,1039,561,390,377,226,260,162,149,591,267,821,377,404,245,544,386,365
811,1697,381,1096,1005,1079,1120,651,395,369,221,268,164,150,561,247,782,402,402,288,546,371,414
740,1603,352,981,871,1060,1041,677,432,411,228,275,165,128,545,236,735,342,392,241,568,346,400
648,1566,363,883,747,1016,1031,636,414,375,207,265,158,140,559,249,749,341,383,238,521,367,379
594,1590,349,911,817,966,985,567,355,364,203,246,140,144,533,253,778,357,367,247,533,365,348
494,1572,318,812,684,873,941,518,356,315,193,236,144,161,560,250,776,356,402,206,524,359,321
529,1571,329,890,815,880,998,545,357,325,192,254,147,157,558,264,748,351,404,232,538,362,353
605,1642,345,918,779,960,1013,562,370,350,209,253,154,142,560,254,765,385,386,229,552,361,369
540,1623,330,823,722,906,995,530,355,342,201,253,150,149,570,257,787,366,397,229,558,355,340
556,1634,363,863,718,926,985,525,359,340,201,242,149,127,587,260,791,341,382,217,538,347,349
792,1668,380,995,983,1091,1062,673,417,376,210,282,155,138,544,234,759,405,374,267,558,354,420
750,1688,373,998,932,1041,1038,620,409,381,225,265,165,127,587,260,823,362,426,274,560,351,401
595,1642,345,874,751,982,974,576,379,325,185,248,151,126,565,266,772,364,406,231,528,355,370
598,1817,343,832,727,928,1003,515,358,337,220,242,165,152,601,256,855,415,410,222,561,374,347
710,1650,352,979,904,1012,1071,605,402,363,213,263,158,153,571,258,767,360,394,263,561,385,365
775,1785,383,1003,898,1074,1113,661,416,375,213,271,159,159,597,261,860,413,441,268,545,410,409
727,1659,371,974,850,1071,1064,667,419,380,213,264,153,144,592,258,803,354,408,257,542,383,390
721,1593,354,945,814,1070,1079,676,430,382,205,275,157,145,566,270,743,362,387,247,543,368,387
625,1608,370,908,761,963,1057,598,366,337,200,268,160,157,541,252,760,348,360,230,537,383,410
733,1718,344,948,805,1004,1062,631,414,375,210,272,165,147,606,271,840,406,442,241,555,366,397
674,1728,361,893,783,987,1053,584,393,365,220,267,153,160,590,253,817,401,416,234,553,380,361
595,1640,335,902,701,935,1009,551,365,356,208,244,154,146,546,233,747,393,386,233,542,377,359
493,1653,344,828,649,824,997,480,329,316,189,234,148,162,587,264,813,379,425,209,542,391,352
624,1675,347,922,739,920,1026,558,382,370,224,267,160,154,556,239,787,394,396,235,545,372,375
657,1558,364,1004,859,971,1063,581,399,374,220,275,158,143,511,224,712,356,372,284,541,369,394
661,1635,367,893,748,1043,1048,604,404,358,219,267,165,150,556,253,785,349,420,233,566,375,379
743,1639,370,1011,927,1041,1105,643,413,365,208,277,158,146,526,230,780,366,386,238,544,392,410
622,1622,355,894,829,949,1004,593,368,356,212,268,157,143,547,245,755,354,395,236,541,352,363
600,1632,358,865,781,968,1024,593,370,351,199,249,148,157,582,277,811,349,437,219,538,392,350
630,1626,349,929,783,972,1023,570,375,361,195,256,152,147,558,258,802,383,412,247,555,375,369
661,1700,369,839,768,1025,1055,607,380,349,202,268,157,150,600,264,836,381,443,225,546,384,383
611,1623,355,944,854,970,977,569,380,333,221,239,148,142,525,234,782,398,409,246,534,356,355
564,1618,337,849,809,968,982,585,362,342,219,227,137,156,509,224,737,402,361,222,542,361,344
720,1705,355,945,859,1009,1027,608,389,390,224,257,148,129,556,250,795,366,409,262,542,362,391
775,1763,362,1005,848,1088,1138,662,403,355,213,270,157,153,624,279,848,374,438,252,554,399,429
539,1578,343,891,816,903,1014,517,345,320,189,246,149,146,560,245,755,345,383,236,513,367,367
600,1635,359,889,727,975,994,586,376,362,203,247,148,136,539,240,763,366,393,245,550,364,344
599,1654,338,901,764,972,992,570,363,337,209,243,146,138,567,249,776,379,387,237,543,357,360
519,1555,350,868,719,905,997,534,340,317,192,245,148,139,510,217,697,384,349,224,531,359,377
640,1728,360,881,725,971,995,582,396,357,205,255,150,143,611,274,887,360,448,233,549,359,369
574,1571,334,867,834,929,987,559,369,358,195,242,145,147,509,236,704,369,368,245,535,358,358
634,1603,350,923,784,995,1037,576,372,348,207,268,154,153,534,235,766,353,377,246,564,371,356
505,1525,326,914,723,894,989,526,342,320,189,241,138,134,506,230,725,359,363,237,519,354,353
710,1703,329,933,849,1060,1052,613,419,364,213,261,154,138,609,280,806,376,450,262,534,362,374
664,1682,364,922,830,958,991,565,390,366,215,254,150,138,561,244,794,356,410,247,559,347,376
673,1775,359,893,741,978,1070,580,380,367,218,266,160,157,598,258,832,396,445,230,541,388,400
537,1658,339,851,811,929,977,510,333,335,197,234,142,161,566,236,788,382,401,225,542,374,355
545,1586,317,838,765,908,961,559,374,341,207,249,153,138,530,234,738,360,372,218,529,350,360
774,1676,363,1015,867,1078,1076,660,427,392,226,264,162,170,574,242,793,410,417,272,545,381,391
535,1522,341,895,684,939,980,559,373,371,226,252,152,146,506,222,691,366,335,240,535,332,369
603,1636,349,880,763,939,1023,592,377,363,215,265,149,152,561,254,797,373,400,236,538,369,353
520,1613,322,878,692,918,966,517,357,320,191,244,148,134,552,235,749,390,375,227,542,342,339
567,1639,326,857,706,955,979,566,379,356,211,244,147,143,526,240,780,396,388,213,554,356,338
587,1718,350,832,736,945,988,525,357,342,200,245,150,153,552,258,814,415,421,207,552,372,342
645,1696,340,919,803,987,1040,588,398,347,208,258,158,145,563,259,828,402,443,231,546,363,387
589,1650,335,858,749,925,999,563,381,356,211,253,156,148,548,247,748,374,370,221,541,364,374
598,1696,333,875,762,933,988,545,367,324,205,259,166,145,565,252,804,355,413,224,561,356,380
625,1655,335,904,783,953,1025,578,381,355,222,256,155,157,555,258,763,377,371,235,567,362,358
656,1622,359,916,742,995,1035,604,380,368,213,265,160,147,559,250,792,356,396,255,542,369,391
699,1640,349,966,834,1022,1083,643,403,373,211,260,162,146,531,242,785,348,391,250,543,369,370
600,1697,354,867,784,921,983,550,359,339,208,244,155,149,544,244,809,380,407,222,558,366,368
762,1663,351,936,850,1102,1066,669,437,401,219,275,164,155,560,245,738,383,401,258,530,370,379
587,1603,354,911,794,957,1010,585,355,331,192,252,151,137,523,245,743,361,385,237,532,360,381
634,1570,338,942,820,998,1095,587,383,371,201,260,152,144,538,241,751,339,365,262,526,338,388
662,1500,350,958,1046,991,1089,626,384,385,211,272,145,135,482,212,673,322,348,262,540,348,392
531,1648,332,795,657,908,945,533,338,347,200,252,152,148,535,225,741,394,358,210,553,336,368
529,1447,322,874,751,923,959,567,359,372,218,252,154,144,421,157,594,342,314,234,533,340,372
675,1703,378,969,806,982,1063,594,380,360,211,260,153,137,538,235,767,390,373,252,545,378,380
509,1538,328,825,712,933,969,557,362,327,201,239,142,141,485,220,703,332,353,217,530,315,341
578,1589,332,913,703,958,992,578,378,355,215,263,150,145,505,229,719,370,363,235,546,353,370
632,1735,364,897,751,941,1039,556,380,358,202,258,158,153,595,270,842,384,426,234,540,382,381
593,1644,347,959,831,933,1066,548,341,331,189,260,149,145,565,256,782,352,402,233,526,375,360
547,1542,327,851,740,951,1026,555,371,350,202,253,146,158,489,211,690,369,364,222,538,375,361
624,1640,340,904,819,1031,996,626,380,360,205,247,148,146,573,262,777,346,397,245,538,370,350
737,1675,368,950,903,1033,1044,654,448,392,221,264,154,140,572,264,803,418,404,258,549,355,378
624,1635,341,938,797,973,1058,578,376,340,197,275,160,147,546,248,777,350,378,246,556,383,365
548,1654,331,812,784,957,977,559,358,330,196,244,145,154,526,228,785,375,408,222,530,330,358
533,1564,335,927,720,896,1024,524,348,330,199,240,144,147,500,226,731,358,380,237,517,357,369
636,1736,343,894,730,953,1073,560,372,374,213,266,150,161,576,244,829,391,413,233,542,392,374
633,1616,345,966,852,951,1080,561,358,350,207,249,158,161,541,244,756,371,383,259,580,383,377
571,1590,325,892,732,922,991,567,370,346,213,246,150,151,536,233,725,382,366,234,544,358,361
481,1450,320,873,834,869,1011,523,332,310,161,232,129,127,491,220,663,360,349,234,548,333,375
730,1724,378,1034,964,1020,1089,583,385,354,206,263,151,149,592,265,849,370,418,282,538,374,409
519,1644,347,805,713,911,1012,505,345,323,195,223,144,156,538,235,761,402,380,188,529,385,363
610,1571,339,943,811,943,1042,605,381,337,197,261,152,133,510,218,728,356,381,255,546,349,386
596,1610,343,909,788,1019,1038,604,341,312,181,250,143,151,574,258,823,342,415,244,551,362,368
645,1523,361,947,877,1029,1059,634,413,367,223,268,165,150,528,222,658,385,328,257,548,366,388
757,1777,364,996,826,1025,1121,628,408,358,216,276,164,154,591,261,862,399,433,269,549,384,413
469,1466,313,847,743,893,922,540,342,333,200,232,144,133,479,208,646,319,326,229,529,330,342
699,1673,360,947,823,1061,1055,622,407,384,228,255,163,170,536,244,778,420,386,246,545,389,381
618,1537,364,969,808,972,1024,590,359,354,206,263,154,133,522,229,712,362,362,254,547,352,381
606,1741,338,875,751,961,1035,540,351,326,203,242,153,158,597,273,868,389,428,225,556,385,350
725,1700,348,935,839,1058,1063,652,422,388,221,253,151,142,547,244,785,392,405,247,564,368,390
541,1587,327,868,718,926,1001,543,345,355,207,232,145,153,535,238,723,390,375,222,541,377,363
832,1691,375,1074,955,1109,1161,698,418,391,218,290,162,144,566,245,813,353,437,288,582,391,415
671,1707,333,955,874,1008,1067,593,355,355,211,245,155,156,564,255,814,371,413,255,550,375,370
646,1718,350,907,935,957,1016,570,345,328,200,240,147,149,569,247,816,374,425,240,557,368,389
592,1717,338,877,732,952,1010,550,377,363,207,248,153,149,586,258,821,421,395,225,538,367,358
564,1612,338,902,720,923,1029,563,361,348,197,235,148,153,537,235,768,352,410,245,551,355,375
746,1721,367,1025,845,1038,1093,636,411,364,212,280,167,140,570,243,804,387,413,276,564,367,395
601,1654,352,931,738,970,1050,563,338,332,194,250,146,133,521,238,765,370,377,249,551,366,375
783,1633,366,1046,915,1085,1118,645,412,391,227,274,168,155,540,246,745,368,387,273,551,384,405
815,1665,386,1057,911,1076,1164,649,427,399,230,276,168,140,551,245,745,369,403,269,553,390,431
546,1545,340,881,810,957,1047,557,347,340,194,247,144,148,494,232,718,371,373,231,529,346,368
612,1619,344,929,713,968,1071,560,373,379,220,265,153,159,533,230,700,389,363,242,558,388,363
637,1648,336,925,781,1026,1038,590,393,374,221,243,149,156,545,242,762,410,403,237,557,380,363
720,1689,370,1016,946,1018,1125,613,395,355,211,248,145,164,564,252,808,370,431,266,548,400,388
548,1532,332,978,853,913,1006,515,343,318,201,227,145,154,479,206,689,377,358,260,523,367,360
757,1666,365,985,879,1051,1123,634,421,403,226,290,173,145,576,257,800,366,422,272,538,375,428
680,1578,383,994,922,1009,1112,625,375,346,210,279,161,139,551,245,776,350,391,270,541,356,398
776,1830,361,895,881,1014,1082,641,455,401,220,277,166,155,649,290,905,368,474,235,545,388,382
677,1583,357,950,822,1035,1052,650,418,379,216,262,153,148,510,220,740,384,392,255,525,364,375
569,1584,331,891,793,963,1031,579,375,328,196,245,147,157,513,217,737,376,375,232,533,365,346
615,1661,346,895,852,1012,998,589,364,354,204,242,143,143,561,245,783,405,416,224,547,352,368
616,1632,341,983,725,957,1037,582,365,347,210,270,155,135,550,237,786,353,394,267,531,355,377
708,1695,354,962,815,1053,1067,604,395,355,209,260,160,145,566,257,820,377,405,250,585,388,362
780,1762,363,991,1009,1023,1077,594,410,380,219,270,160,135,580,260,847,373,438,260,561,366,402
650,1593,358,926,894,994,1065,597,369,334,192,242,151,150,532,258,769,323,408,250,551,372,365
679,1707,367,986,888,945,1134,576,370,345,199,275,160,165,591,285,846,374,428,265,557,393,392
618,1620,348,875,854,1007,1067,614,360,341,195,243,149,139,510,227,718,345,361,228,550,362,388
650,1632,348,951,908,970,1068,581,366,350,202,260,151,159,533,240,763,389,391,256,542,359,373
610,1650,348,931,851,967,1050,553,368,335,193,248,150,144,561,257,763,372,394,252,538,358,365
518,1670,333,851,658,868,993,508,334,313,186,243,152,162,563,262,815,358,418,215,543,375,345
562,1570,328,903,832,957,1069,558,355,327,185,232,144,175,532,235,731,323,373,232,537,395,330
561,1701,355,875,713,890,1035,530,334,308,184,280,154,140,558,248,809,408,407,201,539,369,376
710,1593,355,982,847,1058,1138,667,388,371,210,265,154,156,527,238,752,377,388,265,549,381,386
694,1682,372,987,832,992,1059,616,397,373,210,268,153,145,562,236,792,391,407,250,561,388,394
689,1725,347,955,872,989,1079,592,381,366,214,262,157,158,549,254,781,405,394,232,541,368,394
693,1611,365,976,853,1002,1104,623,398,374,200,288,158,143,536,245,784,340,407,245,564,371,395
748,1631,353,1021,972,1146,1052,662,405,354,192,247,150,145,529,222,718,397,372,268,550,347,401
520,1667,319,830,685,884,980,507,344,308,191,222,144,143,589,265,796,389,421,207,558,367,352
752,1730,324,1002,973,1040,1108,605,414,380,225,275,157,172,549,250,794,403,385,266,546,385,412
651,1683,350,954,795,1006,1030,592,405,378,215,258,151,132,543,244,828,359,425,245,540,344,370
644,1692,355,891,756,950,1103,569,368,360,204,255,155,174,601,277,821,369,424,240,570,398,377
835,1676,370,1063,959,1105,1168,667,409,386,218,285,164,152,537,244,800,420,418,295,549,384,419
590,1562,328,854,697,967,992,596,383,362,195,268,153,143,518,231,706,365,374,225,548,362,384
691,1551,409,1060,965,1001,1170,593,379,350,221,265,161,146,492,216,652,340,337,266,543,398,417
562,1623,337,822,691,920,954,569,375,368,212,242,154,132,539,236,794,371,404,224,535,330,343
635,1630,342,931,780,969,1029,589,373,351,207,258,148,145,530,226,789,353,418,242,560,368,376
569,1550,331,841,826,950,943,565,396,367,206,237,140,140,510,230,705,338,369,220,542,331,336
625,1546,348,893,858,974,1022,610,394,371,207,247,147,134,517,233,704,347,375,243,537,338,366
692,1586,348,1002,890,990,1116,614,382,346,191,270,148,148,549,248,756,343,405,278,557,377,391
566,1688,341,843,749,927,1029,526,344,327,188,250,150,163,596,258,813,364,405,222,554,387,366
543,1563,348,884,782,922,997,535,358,346,215,243,152,160,495,224,708,410,362,225,532,385,353
631,1601,318,926,838,994,1041,605,388,374,211,252,147,143,539,221,714,343,383,260,537,347,387
595,1636,332,874,805,963,1023,592,357,343,204,234,148,138,550,252,791,324,409,226,513,357,343
610,1706,363,885,758,932,1018,573,375,358,204,262,148,140,593,264,839,361,450,212,571,364,363
869,1688,371,1106,1056,1125,1179,688,433,379,216,281,160,166,546,254,769,395,417,305,547,377,442
695,1602,339,935,891,1045,1071,635,405,380,225,258,151,154,504,212,729,365,388,240,566,382,397
603,1664,355,880,819,939,978,570,373,342,208,253,158,138,533,240,778,407,399,217,526,348,384
568,1602,336,855,740,953,1014,582,363,334,183,262,140,144,553,236,754,326,400,228,543,356,349
791,1656,368,1060,940,1085,1111,685,435,390,223,287,164,137,547,236,769,393,421,277,557,366,425
591,1646,316,873,778,939,1011,527,358,351,203,237,158,164,591,261,797,376,384,218,569,383,354
557,1594,327,894,793,913,993,529,358,346,193,239,152,129,538,241,723,326,376,234,563,350,350
523,1503,337,906,759,900,1003,521,337,333,195,231,144,138,506,217,708,367,391,240,538,333,350
726,1695,363,918,833,1042,1067,618,431,404,216,267,156,144,609,287,837,364,427,240,543,367,383
686,1570,371,976,896,1008,1061,600,388,356,210,251,161,133,529,230,726,363,391,268,586,352,418
573,1555,327,889,777,958,988,571,381,353,224,241,145,142,520,220,741,342,381,232,557,347,348
551,1515,365,875,745,970,1018,538,375,348,217,262,153,156,494,218,660,388,350,242,528,366,355
611,1631,366,901,811,965,1044,602,358,344,189,270,149,154,553,252,784,353,399,241,552,382,356
728,1722,379,959,937,1028,1164,627,384,337,202,265,158,161,584,265,807,325,415,243,552,395,408
556,1588,333,864,765,910,1017,548,364,336,198,247,148,140,522,227,742,356,389,211,540,340,376
766,1600,368,998,880,1082,1179,679,420,373,199,264,151,151,555,237,775,363,419,269,552,376,439
644,1648,357,919,778,988,1033,582,372,346,195,251,154,150,548,245,733,364,382,240,532,383,376
596,1654,342,896,778,978,1025,575,365,342,202,243,148,141,554,243,763,402,395,227,550,357,384
551,1692,340,843,672,903,991,515,351,336,208,252,155,169,531,237,780,401,390,210,550,377,354
625,1642,345,887,882,1043,1041,595,362,363,213,258,145,139,514,222,758,370,402,232,536,349,369
586,1601,352,902,778,994,1030,576,353,326,199,241,148,151,562,259,757,336,372,235,538,388,350
610,1601,345,915,803,960,1032,590,390,345,213,250,149,154,515,233,738,360,389,239,525,353,364
734,1611,372,1088,1054,1019,1185,584,365,339,193,252,151,166,513,245,725,375,370,285,552,381,411
637,1667,329,893,724,982,1046,600,365,360,198,252,156,164,576,263,813,358,423,243,566,376,358
566,1696,338,869,724,924,1002,542,372,339,205,252,150,150,559,254,805,407,411,222,540,370,352
713,1723,350,917,808,1033,1035,639,405,383,229,254,153,153,563,252,803,386,406,237,553,372,370
700,1655,366,995,902,1028,1152,615,399,366,204,262,151,170,578,257,795,363,414,258,534,396,394
627,1667,325,865,772,1006,1020,585,391,372,215,264,152,170,603,269,823,348,424,232,536,383,374
732,1746,343,911,782,1104,1080,678,432,355,203,250,150,148,581,241,825,391,436,225,554,371,383
659,1605,361,945,832,995,1075,595,373,383,225,279,151,154,540,243,742,381,397,251,544,361,403
564,1631,319,888,772,954,1019,562,368,329,202,252,146,182,556,245,764,395,405,231,542,373,355
702,1659,327,1005,883,1038,1095,637,378,357,214,248,156,149,544,245,778,355,406,258,551,352,411
583,1592,333,905,739,934,1037,581,369,363,199,263,148,140,512,218,720,368,375,227,545,355,384
661,1690,348,909,856,980,1062,597,395,381,217,252,158,158,604,268,838,342,421,229,544,390,392
623,1599,344,962,854,961,1122,602,385,341,198,259,155,156,573,254,769,335,410,250,538,385,380
460,1602,319,825,717,860,944,479,304,285,159,228,138,145,541,234,754,371,397,215,540,350,350
664,1702,336,906,764,988,1061,593,370,383,223,259,157,153,542,241,770,376,410,241,566,362,389
650,1592,373,957,828,959,1085,590,386,364,215,265,158,131,526,248,732,341,386,252,585,362,382
607,1740,312,809,721,950,968,562,381,372,219,253,157,157,545,237,808,377,417,213,526,358,363
665,1692,363,903,828,1008,1049,597,389,367,215,260,163,156,553,252,817,390,406,218,554,365,404
697,1713,339,899,764,1005,1027,600,410,411,216,250,153,153,579,255,824,361,403,248,541,369,362
661,1617,345,896,820,1022,1033,623,402,378,212,254,148,148,513,232,752,371,376,239,545,372,386
776,1620,350,980,1004,1099,1145,674,466,389,215,281,156,152,566,250,768,335,403,241,552,375,390
538,1577,336,870,729,900,1007,539,342,340,198,238,148,153,531,231,712,348,390,212,544,366,361
567,1616,334,831,703,958,1013,558,349,354,198,240,150,142,532,231,727,374,376,224,550,364,353
720,1673,341,1022,904,988,1108,623,383,381,219,256,160,157,542,241,794,370,412,272,568,388,395
545,1749,347,836,668,875,1012,483,330,326,206,232,148,165,576,260,831,403,402,205,572,398,355
674,1701,358,950,773,988,1056,591,385,364,210,252,150,151,568,245,794,367,414,240,545,382,394
561,1590,349,894,765,946,997,566,356,348,200,251,148,137,519,225,707,366,369,216,542,357,364
584,1667,340,852,722,982,1028,553,369,332,197,248,151,165,554,240,781,368,403,224,533,380,371
623,1573,346,981,874,953,1102,586,365,343,218,256,154,154,507,217,695,361,384,262,551,363,379
550,1547,330,851,801,937,1008,558,347,351,195,245,153,136,519,229,693,340,364,217,532,348,358
580,1632,333,899,784,969,992,570,375,352,207,241,142,160,531,239,762,357,398,239,519,366,337
705,1734,350,924,840,1009,1050,596,375,392,218,243,144,153,538,234,836,355,430,236,536,378,360
635,1686,326,925,785,962,1043,573,374,361,204,258,147,148,582,258,820,378,419,257,547,355,372
597,1656,335,931,781,974,992,584,374,340,205,244,151,153,528,236,755,366,372,230,551,363,356
609,1666,338,918,790,986,997,586,368,342,200,238,145,142,565,256,789,381,420,250,539,345,362
615,1685,332,893,802,988,1019,576,381,344,208,255,156,152,554,247,831,337,425,225,540,360,365
626,1744,336,857,824,988,1006,553,361,353,212,235,155,156,594,260,817,408,419,214,566,382,384
547,1588,322,866,692,948,1004,551,357,335,216,249,150,152,528,245,721,398,372,225,535,353,352
745,1602,378,1018,883,1040,1113,621,403,390,225,281,161,150,503,221,716,356,390,282,565,372,410
851,1764,365,1002,875,1168,1090,691,450,400,228,273,162,162,592,263,825,383,421,275,568,381,387
655,1713,350,905,769,961,1041,593,382,393,224,240,155,154,578,249,814,401,429,231,555,387,390
650,1654,343,869,755,1018,1051,612,399,367,225,247,153,153,546,238,780,373,392,219,565,375,382
528,1608,316,831,683,904,964,531,362,327,181,241,138,146,536,245,775,364,416,206,535,344,338
610,1662,326,935,857,946,1064,556,341,323,195,235,145,155,571,260,828,351,415,255,541,377,384
623,1678,330,879,719,987,1044,582,375,365,205,254,154,149,567,249,778,378,407,227,534,373,388
734,1741,361,975,815,1038,1065,609,383,369,220,264,160,160,562,264,808,406,398,262,587,372,389
661,1721,348,931,719,971,1091,595,384,360,224,263,161,160,555,247,810,369,412,240,555,387,371
632,1655,339,898,847,968,996,588,377,353,200,250,148,142,517,236,765,360,403,227,553,349,365
541,1643,326,878,704,919,991,527,346,327,192,234,147,147,546,243,800,363,414,223,531,361,333
506,1528,309,892,734,922,969,551,337,323,187,228,140,142,506,225,731,319,370,235,529,345,340
643,1610,363,997,850,951,1104,573,372,330,200,273,160,143,532,242,754,344,384,254,560,369,397
623,1591,353,891,780,1036,985,620,408,370,214,244,147,126,518,219,719,342,376,242,549,337,361
808,1674,361,964,986,1079,1147,666,438,396,238,282,154,153,559,241,793,378,407,260,567,390,403
601,1564,358,911,770,960,1029,569,388,347,207,244,142,147,556,241,774,362,408,250,530,372,365
625,1762,327,904,823,958,1002,571,347,320,192,260,153,148,549,236,774,375,395,244,559,366,362
671,1702,345,897,718,995,1111,630,407,371,210,270,153,165,591,260,787,354,410,247,560,389,358
778,1759,362,1029,873,1044,1165,630,389,375,221,268,158,179,568,248,809,412,405,271,560,380,403
689,1587,348,970,907,1009,1119,599,407,372,204,266,151,143,529,228,745,319,389,259,544,372,395
563,1517,336,881,734,936,1053,578,369,364,209,242,142,168,509,217,691,364,362,234,538,375,337
432,1533,315,802,656,857,913,487,317,305,180,219,132,137,511,220,716,371,365,215,549,342,330
804,1687,370,1004,888,1116,1093,695,443,397,215,268,155,144,531,237,766,397,395,277,578,375,402
686,1736,355,885,764,993,1082,611,419,361,208,279,157,169,610,286,871,373,444,223,552,412,398
556,1590,335,846,748,955,1001,554,358,363,201,235,142,142,520,227,738,394,397,215,543,360,355
657,1608,340,1007,849,968,1095,611,400,351,212,245,146,156,563,253,776,375,412,271,543,368,375
831,1685,359,1063,965,1044,1190,662,405,380,224,277,156,162,554,242,811,372,431,292,550,396,410
607,1575,340,893,758,981,1038,588,365,355,198,255,148,135,505,220,727,361,391,236,549,351,394
530,1615,334,835,775,920,989,532,335,330,191,240,147,149,542,251,775,353,403,223,533,345,360
741,1546,384,1032,912,999,1115,625,424,415,222,296,158,133,501,213,692,341,363,274,558,363,432
571,1539,354,930,844,947,1048,538,360,323,196,257,155,151,523,230,714,342,362,255,525,377,373
634,1685,344,899,788,958,1045,540,380,360,217,262,161,148,575,254,785,386,419,250,537,378,398
588,1572,354,972,845,984,1063,578,339,335,189,247,145,156,541,235,748,329,399,268,544,382,355
630,1576,354,923,826,1006,1068,591,386,348,198,277,150,140,497,226,700,342,370,242,549,360,390
687,1662,350,934,820,1083,1038,616,398,372,228,247,153,155,534,241,765,398,414,254,548,382,362
557,1487,358,940,874,945,993,555,363,341,204,240,147,128,506,231,665,364,359,238,548,316,369
675,1694,344,914,776,1010,1027,613,401,347,197,273,155,140,603,274,828,364,419,246,555,362,375
598,1610,335,880,724,977,1023,582,375,348,214,247,148,149,542,245,729,359,377,224,542,361,369
593,1701,348,882,743,938,1029,536,360,347,212,240,152,168,565,251,811,400,424,225,543,385,368
622,1653,353,921,676,968,1049,602,390,360,210,249,149,169,533,250,770,384,401,245,538,397,348
740,1605,349,1112,953,1065,1103,648,375,331,207,251,155,144,492,221,709,355,395,304,541,359,406
500,1530,332,882,750,872,1001,514,340,310,187,247,145,135,527,233,703,358,387,233,524,354,351
535,1601,356,853,745,940,996,552,339,343,195,248,153,141,521,236,767,350,405,215,538,361,362
687,1617,364,955,797,973,1055,637,390,366,207,275,160,143,539,245,786,352,417,270,558,361,398
605,1635,345,878,753,995,1019,608,353,327,190,230,142,143,560,264,794,353,433,245,535,366,358
516,1579,339,838,704,913,969,529,355,340,206,242,149,131,524,225,744,362,386,208,524,333,370
689,1627,363,1040,931,1009,1089,589,381,359,209,266,158,158,528,243,749,377,398,292,523,362,405
642,1585,348,899,866,1017,1033,636,403,362,206,253,144,144,507,226,726,343,404,248,533,358,375
554,1565,344,883,755,933,1005,555,363,333,199,250,147,151,519,233,735,378,394,233,535,365,367
514,1567,331,865,690,856,962,490,338,341,205,238,148,137,524,236,740,357,375,228,552,358,356
571,1683,380,873,736,898,1005,539,352,333,201,253,148,145,549,252,779,381,390,220,552,360,378
515,1572,347,784,691,921,957,554,360,332,184,248,144,134,534,244,771,360,394,215,542,349,355
805,1743,378,1003,865,1084,1115,645,424,396,233,283,171,164,588,258,821,373,434,261,567,394,428
674,1674,349,964,732,972,1077,588,368,368,220,275,160,148,558,260,805,354,409,256,560,381,402
584,1627,357,923,717,1012,1041,588,354,325,200,244,154,152,545,240,750,356,393,239,548,369,392
514,1605,310,803,640,903,1015,531,351,332,187,240,147,158,523,231,721,365,374,211,537,366,355
670,1658,347,899,820,1011,1063,637,407,358,204,258,158,153,575,257,808,363,426,244,560,378,375
691,1703,357,1009,823,985,1118,595,389,369,211,280,155,163,565,255,827,322,425,264,546,372,411
621,1640,348,963,818,1020,1071,580,359,334,193,257,152,155,544,237,738,406,397,258,555,383,380
493,1592,322,818,702,893,972,510,342,324,190,230,145,144,516,235,728,354,386,211,559,357,328
474,1512,327,820,705,878,924,492,333,316,197,240,145,130,521,250,736,325,384,210,534,341,332
538,1495,332,882,762,955,1019,567,368,354,199,237,138,137,492,220,677,335,360,223,531,348,348
720,1678,376,978,900,1007,1150,614,394,371,211,278,158,170,607,272,827,374,431,270,557,390,402
749,1708,353,1003,970,1052,1115,624,402,371,206,271,155,152,564,255,790,395,412,261,543,381,423
572,1595,337,840,768,964,1014,590,361,340,199,248,148,147,571,244,765,353,400,225,547,367,355
623,1677,345,917,789,979,1074,592,360,337,199,250,155,162,570,248,782,358,412,229,533,393,390
542,1559,314,872,770,960,978,545,364,334,197,241,146,145,497,218,721,335,379,250,592,338,353
567,1572,336,878,699,969,967,588,357,349,196,245,148,139,525,232,735,335,392,237,528,346,372
553,1627,343,828,753,907,984,549,372,324,192,243,146,148,571,249,772,358,412,200,537,357,354
623,1770,344,889,740,950,1030,543,374,354,214,240,154,150,595,255,840,395,453,222,548,379,375
676,1645,365,981,858,972,1088,584,388,371,210,272,157,147,535,246,755,374,403,265,538,362,409
623,1703,352,913,770,934,1041,557,370,333,201,275,157,158,608,275,857,355,450,247,570,371,383
496,1578,323,822,719,867,993,537,344,343,193,242,148,163,526,231,752,353,375,228,537,378,329
604,1514,319,1046,912,937,1040,568,365,359,202,253,150,127,505,232,714,372,369,288,541,338,368
747,1677,377,1060,995,1037,1137,605,374,315,188,265,153,146,584,263,768,364,408,271,559,389,442
554,1603,344,870,742,936,1010,551,364,352,204,250,149,134,556,240,748,393,396,220,555,354,358
524,1636,332,871,682,896,985,522,350,347,206,230,147,130,535,242,746,369,411,233,537,346,330
664,1644,368,931,791,1006,1068,571,380,369,212,260,153,148,535,233,778,358,407,251,557,364,388
588,1680,334,845,815,977,1006,603,355,329,199,250,147,140,560,250,809,366,414,218,549,356,368
628,1620,370,973,823,956,1061,566,385,356,202,253,152,136,548,247,793,353,425,262,550,361,363
598,1579,345,942,762,972,1003,577,387,360,207,245,148,157,512,236,737,347,396,257,566,362,348
731,1734,360,891,807,1024,1041,626,431,405,240,266,165,159,544,233,798,384,426,243,573,370,384
554,1545,315,831,737,940,968,575,379,361,202,248,145,138,534,242,770,330,406,214,522,346,338
608,1665,357,911,721,920,1028,547,369,334,206,263,155,151,583,270,817,388,435,243,524,332,366
644,1567,351,914,881,1002,1053,587,404,365,206,260,142,146,531,217,720,338,396,247,553,357,374
609,1612,349,911,739,951,1030,590,371,354,196,263,157,142,523,226,750,387,395,244,561,370,384
543,1513,329,838,839,955,1003,600,374,332,195,241,155,142,515,233,733,324,407,213,524,362,342
700,1657,358,963,786,1027,1072,632,399,375,210,262,153,151,568,257,795,366,405,255,564,377,382
563,1578,350,919,749,931,1014,562,362,322,190,248,149,142,527,228,719,357,390,248,556,364,377
546,1657,343,873,663,902,1008,545,351,340,201,242,150,153,560,254,797,366,419,216,561,366,337
574,1492,338,976,805,951,1032,587,365,348,193,248,143,155,507,233,687,326,376,267,526,361,363
957,1711,370,1146,1034,1127,1211,724,472,456,247,302,166,162,600,280,829,381,474,298,581,397,425
537,1565,350,842,802,909,948,562,355,343,198,240,145,134,521,240,744,416,381,233,533,350,353
544,1525,323,872,736,895,1017,563,368,340,185,257,146,135,516,236,728,326,391,226,555,349,339
671,1738,340,900,804,974,1026,594,393,366,213,269,152,150,591,272,852,362,447,241,539,369,360
712,1718,378,1018,980,1001,1112,597,392,353,201,259,159,159,582,262,830,376,426,252,554,384,409
596,1602,363,879,715,927,1019,557,357,372,216,252,153,140,492,219,702,379,376,246,558,354,388
647,1667,360,905,813,1002,990,615,407,357,204,253,147,136,501,233,769,362,403,234,554,357,353
580,1560,335,882,762,956,981,581,379,369,213,240,148,135,527,230,724,346,397,230,554,341,367
653,1598,325,942,810,1008,1052,627,396,378,213,277,149,119,528,236,745,364,404,245,520,354,391
594,1684,356,950,677,908,1037,546,347,356,191,265,147,145,576,252,795,380,426,259,551,365,341
534,1557,345,880,649,899,985,556,362,336,202,249,144,145,530,242,750,345,388,232,535,331,362
583,1656,348,860,735,897,1031,558,375,355,205,247,150,173,556,262,825,362,431,228,557,389,335
487,1521,334,830,663,848,960,537,363,342,193,236,140,145,493,217,720,330,369,211,545,364,333
548,1507,335,961,852,895,1048,538,333,298,184,237,140,155,485,217,678,350,357,260,519,364,371
465,1473,314,832,724,881,942,538,353,311,182,220,130,120,471,203,690,317,369,224,523,322,333
611,1651,347,918,754,949,1057,547,358,358,206,250,151,162,538,243,777,372,407,245,533,381,365
775,1685,353,1002,878,1074,1083,636,425,398,229,277,169,144,589,275,812,361,416,269,548,370,408
569,1586,338,921,766,918,1024,572,354,341,198,250,148,148,525,227,766,370,393,250,518,348,370
615,1625,346,944,773,978,1064,602,368,354,204,263,153,158,491,211,725,394,380,252,550,381,364
737,1763,370,1019,965,1029,1128,608,365,324,189,270,157,158,607,263,880,377,465,275,565,385,403
656,1574,350,969,985,1019,1077,614,355,337,185,255,141,145,496,227,716,382,364,282,545,342,366
646,1655,340,912,748,1038,1059,600,382,369,234,253,159,171,549,244,727,368,396,235,541,388,373
563,1585,339,868,760,980,1034,587,359,328,185,250,140,148,554,257,765,330,415,226,530,366,342
663,1674,342,906,861,987,1032,599,399,358,198,262,153,146,547,243,787,360,428,254,538,353,384
708,1703,361,953,854,1020,1089,610,408,359,210,270,158,157,579,263,802,379,422,248,558,395,392
644,1656,355,940,725,939,1057,569,382,386,219,260,150,170,568,251,808,361,434,265,556,385,375
539,1557,347,835,684,882,989,560,339,350,189,258,145,142,526,238,749,368,395,215,568,345,353
550,1568,337,817,758,922,983,552,379,355,210,260,152,151,510,233,726,343,376,222,536,365,369
567,1592,324,910,678,930,1038,564,360,355,210,251,146,164,517,233,765,335,389,251,542,371,345
539,1577,327,863,706,877,1038,555,351,352,196,255,143,147,515,231,750,358,374,231,525,364,374
520,1548,348,864,670,888,952,512,350,344,203,245,149,134,561,255,757,342,382,226,546,343,350
659,1751,357,919,743,979,1049,594,378,360,207,264,155,162,572,247,832,384,438,250,570,374,373
712,1628,352,946,832,1020,1076,643,418,401,220,275,158,157,518,222,751,358,394,242,557,376,384
619,1496,375,986,889,992,1060,568,346,358,207,249,152,121,473,218,699,322,413,258,510,332,398
516,1595,315,825,702,935,952,537,336,344,194,246,141,148,544,248,785,339,401,222,504,354,328
637,1606,342,987,813,995,1057,573,353,357,204,260,150,145,518,233,746,401,398,266,553,363,380
583,1720,346,864,692,880,997,531,355,334,204,250,157,142,586,257,820,370,407,222,554,365,384
705,1696,364,948,782,1043,1055,627,400,370,204,264,158,162,585,261,778,410,428,240,551,384,400
634,1662,350,915,793,999,1039,581,361,358,199,249,152,150,578,260,797,372,428,242,547,373,374
691,1777,360,941,850,990,1104,580,391,374,210,256,158,157,596,264,855,400,451,239,537,385,421
466,1520,332,842,655,864,957,512,323,310,180,245,135,133,506,220,695,342,361,224,527,332,358
591,1570,345,961,857,952,1028,536,349,331,188,245,147,138,501,230,699,373,373,262,537,358,360
649,1655,345,889,761,990,1012,606,388,353,214,276,155,146,583,264,836,359,440,230,533,372,366
569,1610,338,915,799,925,1022,531,350,328,200,248,155,152,552,245,756,386,396,228,552,360,365
548,1579,324,874,694,930,969,556,359,347,201,245,146,152,507,235,755,350,389,235,546,358,345
616,1633,350,908,786,963,1064,593,371,357,214,262,165,151,546,247,766,337,393,228,546,378,383
543,1605,342,820,719,950,972,546,362,323,193,244,153,136,557,257,792,348,424,205,527,345,350
543,1677,331,881,785,931,1007,517,343,314,190,229,148,144,552,243,813,395,434,225,545,367,362
496,1628,325,762,672,903,897,540,342,303,182,230,142,123,540,240,760,400,403,208,555,325,329
659,1564,348,958,855,971,1092,598,394,363,209,300,160,144,537,242,750,339,409,242,540,367,400
466,1606,359,818,672,816,971,471,310,310,190,242,147,150,544,267,819,345,403,215,523,356,328
530,1537,341,901,759,961,930,562,345,323,200,228,147,132,514,227,685,374,362,239,536,317,370
605,1593,350,872,799,966,1050,542,363,375,217,250,153,173,502,220,754,363,406,247,522,392,363
710,1646,363,970,858,1011,1084,611,399,349,201,253,154,160,575,260,796,370,446,251,545,382,402
625,1601,336,911,779,994,1007,600,374,358,203,255,150,141,548,245,776,324,421,231,534,351,389
560,1603,331,864,762,938,987,578,378,351,198,239,145,144,510,227,752,412,413,226,523,351,339
605,1710,340,853,719,974,1015,569,377,345,208,246,152,143,566,253,818,388,432,222,524,374,370
634,1670,356,884,698,972,1052,588,388,351,216,257,154,164,539,243,802,380,426,228,565,393,357
619,1628,349,951,797,912,1048,566,363,343,191,255,148,139,554,240,809,338,445,257,566,366,375
616,1671,361,942,805,939,1023,544,356,327,187,245,140,153,578,248,803,386,408,260,561,364,373
656,1606,335,872,800,960,1030,605,432,387,206,284,158,149,566,256,761,362,422,235,544,363,374
651,1578,328,923,779,1039,1025,645,413,386,221,252,146,153,534,240,754,369,419,251,536,366,352
485,1553,310,785,690,931,954,551,354,337,187,226,140,153,493,235,727,342,375,191,529,371,328
641,1640,348,910,771,985,1053,580,384,362,220,254,156,143,529,233,753,366,414,228,543,365,375
656,1653,363,961,863,954,1097,557,369,364,212,247,155,150,538,234,759,377,408,257,538,389,376
589,1596,340,903,765,980,1028,596,361,350,203,254,147,143,526,234,721,368,387,231,538,362,379
735,1691,362,971,858,1029,1115,605,413,372,209,270,164,148,561,260,803,355,424,258,538,384,381
811,1654,365,1036,1018,1103,1147,656,415,395,226,278,161,150,559,251,776,373,425,282,550,360,422
536,1583,332,834,647,922,1004,558,337,358,208,249,145,151,497,224,714,365,392,204,536,362,351
634,1708,344,923,728,946,1009,569,376,368,209,264,147,143,551,246,796,404,423,225,538,363,365
620,1629,363,906,857,946,1037,564,343,338,203,253,146,135,542,240,752,352,418,246,573,346,378
638,1650,355,925,797,992,1026,584,401,344,211,244,155,152,527,234,740,386,422,247,548,359,378
574,1573,328,836,757,979,1002,599,376,348,203,236,139,144,525,229,725,343,402,214,540,352,338
586,1583,330,901,835,930,1011,547,378,353,193,246,145,138,504,224,730,362,408,230,544,350,362
690,1642,320,935,824,1055,1028,633,401,375,214,260,154,160,570,255,822,349,435,244,558,387,373
585,1764,337,828,718,897,981,523,356,319,191,245,155,145,594,271,898,400,504,215,555,368,357
430,1530,320,711,670,851,908,483,321,323,180,214,136,155,516,234,722,319,379,170,526,360,311
550,1557,330,819,702,931,996,561,380,357,204,248,148,147,515,220,707,331,381,209,552,354,361
474,1483,319,829,718,900,950,552,350,331,188,239,132,140,480,203,670,330,373,222,528,340,322
642,1682,344,949,867,974,1064,551,368,338,195,252,152,164,540,240,761,392,413,241,556,381,377
422,1576,298,744,626,830,902,482,325,303,168,220,135,144,536,242,772,316,403,194,514,333,303
605,1646,340,900,742,986,1032,568,379,336,204,255,149,150,530,238,744,369,407,222,550,363,375
725,1772,358,927,735,1021,1066,596,390,389,234,279,158,159,570,252,820,405,436,232,574,394,377
647,1756,353,905,794,951,1064,563,378,352,208,250,158,159,609,263,848,422,451,217,562,391,367
706,1638,354,1012,905,1048,1141,612,392,384,209,253,143,160,562,255,774,382,413,271,559,393,399
635,1595,326,882,776,999,1024,613,408,360,196,256,148,138,548,248,777,369,439,241,536,356,375
638,1602,336,942,763,973,1058,596,381,360,200,255,152,162,539,234,751,366,405,250,553,374,378
830,1752,358,1050,935,1056,1140,643,434,400,230,286,159,152,609,267,861,380,471,293,538,373,415
818,1671,381,956,854,1103,1132,670,445,403,233,279,158,155,580,252,810,362,444,260,563,363,394
636,1687,370,930,777,890,1075,536,380,349,203,269,160,155,560,254,826,374,442,257,539,377,373
541,1550,346,829,784,911,1002,553,352,349,201,249,146,150,523,234,724,364,399,214,536,363,341
615,1697,370,886,714,955,1058,545,368,339,207,265,162,150,554,252,781,385,407,232,550,375,387
632,1731,333,878,731,930,1037,552,377,355,225,252,165,154,582,247,826,401,428,224,557,384,360
593,1582,352,889,744,969,1044,600,351,366,205,242,143,155,509,224,729,400,390,235,542,391,368
621,1657,336,926,762,994,1015,591,374,341,199,243,145,156,538,235,790,376,415,257,536,371,374
579,1580,352,885,771,950,990,577,367,353,213,258,148,135,511,231,721,381,385,212,543,347,365
576,1576,344,985,838,943,1004,548,334,309,185,243,142,163,534,241,779,335,418,271,545,372,357
711,1713,333,868,792,1016,1045,630,427,387,226,260,155,161,590,273,869,375,439,237,543,380,356
594,1768,352,888,804,942,1005,550,355,299,200,245,153,145,577,252,875,360,453,226,556,367,377
680,1637,355,948,827,1007,1055,589,394,388,223,268,157,154,531,245,767,374,400,259,567,385,388
590,1708,329,840,694,928,1004,557,374,351,205,255,158,157,588,245,808,390,423,197,546,374,372
597,1652,332,878,728,933,991,565,384,359,198,274,157,136,535,241,792,373,420,226,558,346,368
617,1712,356,888,708,952,1067,565,376,339,201,246,160,165,598,267,838,362,461,225,551,395,362
573,1567,326,894,771,957,1007,568,358,344,202,249,147,131,481,207,683,342,389,228,548,335,365
658,1706,353,919,780,979,1043,598,397,373,213,253,148,157,545,242,802,367,413,230,557,376,376
615,1592,338,924,883,987,1046,588,362,343,191,244,140,153,565,253,772,349,415,245,536,373,372
765,1763,366,960,899,1018,1096,663,413,368,221,282,165,150,618,265,850,371,441,260,567,379,385
620,1621,328,953,773,998,1034,591,372,344,210,264,153,145,515,231,731,355,400,250,537,339,385
734,1707,376,958,790,1077,1114,595,404,364,212,268,162,145,567,251,785,380,419,248,544,383,395
686,1689,340,932,847,1018,1078,643,399,360,213,264,157,155,557,252,789,350,447,229,551,380,379
603,1606,349,933,749,933,1049,567,367,361,211,261,156,150,540,235,757,364,416,238,549,370,385
845,1696,367,1034,951,1124,1121,686,465,418,239,290,166,156,578,252,797,375,450,281,536,376,409
508,1598,321,838,672,856,990,483,342,334,195,244,140,159,571,245,787,361,430,220,557,375,343
733,1731,333,961,874,1017,1061,634,423,371,217,264,156,138,602,269,834,354,443,256,544,379,382
591,1707,362,860,732,932,1021,540,340,315,186,251,149,141,562,254,825,368,438,227,567,374,376
756,1667,350,981,916,1048,1088,629,416,370,212,260,157,154,538,246,778,323,423,277,554,363,397
568,1485,327,857,833,973,972,603,368,347,199,256,145,139,487,212,674,343,371,235,545,348,365
636,1596,336,984,844,936,1060,549,375,360,200,260,155,164,540,233,757,382,403,275,535,357,375
654,1626,365,905,800,1025,1065,608,371,345,201,261,154,153,565,245,767,375,422,228,553,382,369
696,1641,355,984,896,1010,1075,630,370,350,195,254,147,129,565,250,801,335,448,260,566,357,395
579,1510,331,894,795,1026,999,617,379,362,207,238,141,130,510,230,716,335,413,239,517,312,367
767,1748,357,991,956,1036,1122,606,396,357,220,268,163,160,622,276,857,361,443,284,564,380,398
511,1546,318,839,752,904,967,531,354,333,198,241,150,163,535,243,722,355,401,230,553,374,324
603,1611,321,894,803,999,1008,581,372,346,204,247,153,151,542,232,740,383,390,225,542,355,375
600,1642,341,934,766,928,1051,565,370,348,202,255,157,162,569,265,817,386,422,218,538,389,357
694,1673,349,981,917,993,1117,622,393,363,201,258,157,179,557,252,817,376,438,252,558,387,380
414,1549,313,787,645,829,923,463,311,288,176,218,137,139,508,228,737,355,384,208,545,349,322
707,1707,341,949,709,1033,1081,629,416,380,235,275,160,158,563,238,776,394,410,242,562,378,387
470,1574,326,770,687,842,977,494,332,317,182,234,142,152,557,260,767,345,397,204,518,367,317
633,1556,346,925,794,972,1030,592,404,390,221,255,148,138,535,232,727,360,399,257,536,338,374
541,1489,328,862,820,937,1034,563,374,327,178,246,144,158,522,229,707,314,387,225,543,361,340
558,1606,314,861,735,926,977,564,368,351,199,232,144,148,511,222,750,385,389,216,542,352,368
481,1483,307,836,696,893,989,516,345,325,177,224,134,148,470,209,664,334,353,229,500,342,335
638,1585,337,923,800,956,1038,610,367,354,203,260,148,140,537,250,748,330,409,245,563,351,389
720,1610,349,967,950,1052,1093,629,379,373,203,267,158,158,541,245,783,413,445,270,567,369,377
686,1737,348,963,781,1002,1079,579,371,357,202,254,156,159,590,258,845,394,458,243,549,371,385
653,1564,340,916,774,1018,994,661,420,388,215,268,156,155,521,230,725,355,384,248,548,363,352
627,1495,351,1027,876,975,1116,584,371,371,191,255,143,158,487,213,670,327,384,268,520,376,375
720,1570,341,1030,1022,1057,1086,644,388,371,200,254,153,132,554,249,771,339,401,279,567,358,381
566,1756,337,829,724,893,997,504,353,317,190,252,151,169,586,266,860,418,467,223,552,381,364
755,1782,368,971,845,998,1092,621,415,374,218,268,168,162,611,287,912,384,487,256,556,375,378
426,1498,311,785,680,835,896,492,340,316,183,230,137,142,524,231,713,346,384,211,523,336,304
655,1682,320,950,731,1009,1002,607,390,355,203,245,155,145,528,228,779,366,423,262,532,351,355
579,1664,328,848,713,890,1040,531,370,350,200,252,153,176,578,269,838,373,434,220,553,388,363
617,1596,355,925,714,976,1029,580,368,358,195,270,153,138,531,247,752,369,409,245,563,359,369
570,1576,324,847,690,970,1013,579,373,344,189,250,145,150,539,245,768,345,414,222,551,369,374
683,1581,361,958,862,1052,1051,653,389,374,221,250,158,129,526,221,721,331,400,267,540,350,388
553,1613,338,879,781,910,997,533,342,321,193,242,152,149,511,238,780,337,399,240,539,360,355
604,1632,338,915,790,927,1037,565,375,348,195,257,157,165,576,264,815,346,448,254,559,378,358
629,1703,370,887,754,912,1027,542,359,376,211,262,160,152,523,234,794,403,407,216,545,383,359
638,1613,354,936,853,984,1080,582,379,359,204,264,153,146,512,225,729,381,401,246,550,376,383
689,1599,345,995,823,1005,1101,620,402,382,217,273,158,150,515,218,726,360,383,264,547,368,405
648,1588,343,950,787,996,1079,608,385,379,213,255,150,144,533,218,748,348,428,252,516,378,378
664,1623,345,1005,752,979,1058,586,390,373,224,250,157,145,560,250,779,390,420,268,558,348,380
563,1600,319,904,778,885,1034,545,349,339,210,247,145,150,523,228,775,361,392,223,526,358,346
616,1600,347,880,714,972,996,596,381,350,208,263,153,140,534,241,773,349,417,235,536,344,365
681,1635,349,970,928,1024,1105,603,365,335,191,272,152,142,559,255,832,321,446,260,558,364,384
650,1787,375,937,727,939,1091,552,370,368,211,254,155,142,598,257,888,390,470,233,553,386,392
659,1610,329,937,800,1016,1032,641,412,371,206,253,149,147,520,230,743,350,395,252,547,350,364
589,1534,332,918,825,944,1064,573,362,342,203,260,157,157,516,235,731,361,393,249,541,370,388
707,1793,334,904,862,977,1062,585,383,337,205,263,158,156,618,277,904,357,480,230,527,383,375
499,1515,326,845,707,874,957,548,363,355,209,238,144,146,500,225,722,321,362,223,534,342,316
738,1640,369,1069,925,1004,1147,632,392,356,198,266,161,154,564,245,765,364,409,289,569,375,415
654,1630,361,943,815,953,1060,581,390,343,205,264,158,144,605,266,796,334,399,259,554,369,398
541,1522,362,911,814,923,1031,563,347,333,181,240,143,140,516,242,752,325,378,235,521,354,359
580,1575,344,894,793,981,1056,561,362,342,192,252,143,151,500,220,730,374,394,236,533,366,371
514,1613,327,788,678,922,959,548,352,325,196,252,145,154,526,236,761,364,387,204,530,368,336
584,1543,344,925,825,988,1017,578,365,345,200,260,148,152,515,224,711,323,400,240,527,358,353
515,1617,328,841,709,884,945,527,338,331,194,235,147,133,526,233,739,382,389,218,549,349,350
654,1623,375,956,884,950,1070,593,356,329,194,255,147,148,568,247,797,319,422,262,571,370,386
617,1607,344,881,803,993,1009,600,386,362,215,253,152,138,539,231,770,348,416,230,548,358,367
526,1537,345,831,705,940,971,558,360,326,191,228,148,149,509,215,697,381,371,205,540,362,333
445,1545,315,795,657,833,943,501,323,333,185,228,140,140,500,218,700,380,367,187,520,341,341
664,1743,333,884,824,1013,1007,602,383,361,212,257,150,151,587,252,873,362,473,230,572,371,347
559,1612,343,850,698,918,1020,536,369,344,203,253,158,163,529,248,778,363,399,225,560,375,352
708,1706,348,914,846,1038,1038,650,395,376,209,257,149,143,596,267,850,361,451,254,558,363,361
565,1635,340,903,772,932,969,563,371,335,206,253,152,148,547,248,771,388,422,236,521,361,352
494,1563,316,811,650,929,963,525,345,350,192,225,138,157,534,245,739,345,403,213,534,371,298
544,1569,330,880,758,950,1002,569,362,345,204,248,144,137,520,226,721,344,378,230,523,352,345
513,1552,315,877,763,876,966,534,337,313,183,233,142,133,547,246,775,320,419,229,535,321,344
523,1598,329,859,665,859,1005,526,342,326,189,250,145,140,524,225,736,347,397,222,547,367,355
500,1528,328,811,701,868,947,517,345,319,177,238,145,136,517,231,719,328,382,211,553,349,335
827,1654,363,1011,970,1119,1136,726,443,391,215,265,155,154,561,236,777,369,416,268,549,393,410
683,1645,357,917,790,1007,1093,591,391,376,209,272,153,150,566,242,825,340,443,248,548,382,376
565,1578,332,910,787,943,1038,555,338,313,171,254,145,143,537,240,757,340,399,242,537,380,358
570,1658,338,882,745,908,1007,548,348,331,196,248,153,130,557,246,818,360,415,238,539,365,357
726,1538,380,1022,1016,1041,1103,649,425,382,228,278,163,142,514,214,698,347,391,278,547,378,407
532,1564,332,872,725,892,983,535,364,332,195,253,149,147,511,222,725,377,385,217,537,353,356
709,1624,358,973,817,977,1085,633,407,373,220,275,165,153,543,246,738,362,396,251,576,370,390
748,1740,358,963,824,1063,1081,633,416,391,216,257,155,162,573,241,796,410,441,250,552,383,380
608,1575,357,911,857,995,1018,566,366,334,199,244,148,139,516,234,753,351,396,238,551,345,350
536,1610,338,821,715,905,999,528,370,328,199,239,152,153,544,236,772,337,416,228,530,370,352
660,1642,352,931,831,1028,1072,612,396,363,224,262,160,158,549,232,756,402,391,240,538,376,378
728,1705,378,919,811,1028,1044,651,394,388,221,253,151,159,558,250,797,392,438,249,588,377,359
524,1561,318,914,743,941,978,565,343,324,193,226,137,135,516,224,734,342,392,245,510,333,351
585,1627,341,940,739,903,1045,546,339,332,205,260,153,147,554,236,786,353,427,247,541,374,378
558,1682,353,839,698,898,979,542,356,335,211,248,160,136,541,234,798,375,414,210,542,345,362
775,1770,360,904,843,1080,1081,665,415,381,218,260,168,159,634,287,885,413,455,228,542,390,403
649,1685,355,898,728,989,1073,585,378,352,203,257,154,141,566,248,802,363,428,225,548,378,388
687,1670,340,902,796,987,1049,620,396,373,218,248,152,139,556,248,797,356,425,236,561,357,360
609,1560,349,942,896,980,1022,595,348,371,199,262,150,145,531,234,732,358,414,251,543,366,369
624,1603,343,932,826,963,1057,581,359,340,211,251,152,150,527,232,747,363,398,238,553,372,389
607,1612,343,891,815,947,1032,586,368,359,198,260,152,145,524,233,730,371,399,245,552,360,370
671,1603,346,956,819,1012,985,609,386,390,225,260,154,130,507,224,691,406,395,243,557,367,381
749,1672,351,981,862,1052,1084,646,420,369,221,267,155,143,539,236,785,366,431,266,534,366,394
660,1673,342,926,751,975,1065,600,406,369,214,273,171,153,569,255,810,372,433,235,539,382,395
615,1746,371,884,698,908,1027,542,375,358,219,252,159,161,612,288,891,365,445,204,562,388,353
603,1570,358,924,841,956,1076,578,358,342,206,263,152,144,525,232,742,350,402,235,553,379,366
679,1668,333,916,975,1036,1046,641,379,352,187,243,145,147,548,234,793,344,446,247,550,373,373
515,1672,310,796,717,886,917,511,352,311,195,238,154,143,542,245,793,354,416,199,526,338,348
601,1623,326,926,721,934,1025,567,361,368,205,243,142,154,541,232,775,397,413,227,559,378,345
464,1573,326,811,755,859,939,483,326,314,195,227,147,150,525,232,757,355,407,213,507,352,343
663,1580,375,939,835,1020,1077,617,367,363,191,270,144,139,542,246,731,314,413,239,552,369,374
568,1656,364,820,735,918,976,543,369,380,221,253,157,136,544,238,781,314,395,213,546,349,360
524,1606,340,879,731,880,973,530,352,312,185,242,146,140,531,243,799,358,421,216,561,355,352
726,1637,381,1018,928,1041,1146,655,401,351,213,273,152,150,564,262,791,340,448,268,546,392,410
560,1566,329,883,789,943,1020,570,365,343,198,247,150,146,535,246,762,326,412,242,555,360,343
667,1685,334,882,718,960,1057,589,386,374,218,266,158,150,560,248,813,381,423,234,555,385,368
536,1492,298,839,789,942,921,567,386,338,197,240,144,132,509,232,723,321,378,221,534,338,331
545,1660,337,875,782,920,1023,542,331,318,185,237,148,159,513,233,761,391,403,232,528,363,355
779,1633,365,1076,1035,1039,1138,634,395,364,217,275,156,152,515,235,761,348,406,264,557,377,434
635,1593,355,937,793,954,1060,597,395,360,209,265,153,145,526,236,737,361,396,248,550,375,389
562,1538,333,852,806,975,983,590,388,335,202,253,143,142,527,238,739,347,401,223,520,340,333
784,1706,363,1024,945,1064,1079,655,404,355,211,271,165,146,571,257,829,348,453,270,558,368,403
513,1655,327,846,713,888,975,521,342,324,192,235,150,142,534,231,785,389,410,242,543,359,340
629,1733,346,919,730,976,1029,570,382,367,220,265,154,155,557,248,802,381,401,235,553,385,372
605,1629,358,894,731,933,1027,563,364,362,216,257,152,140,564,254,783,384,404,228,537,350,368
678,1628,341,1005,930,969,1059,568,385,350,220,260,153,152,517,236,735,366,387,266,557,385,372
573,1787,322,847,765,928,1018,546,351,313,191,235,147,170,587,261,880,391,443,206,511,390,369
589,1628,333,889,792,950,990,560,358,355,203,251,148,134,543,250,782,364,403,240,552,353,367
549,1654,325,884,745,919,984,530,357,315,197,235,146,139,538,228,773,396,396,231,531,349,353
693,1712,359,1015,898,977,1090,578,385,338,208,255,154,153,566,241,801,400,434,263,561,377,405
596,1695,352,831,702,938,1021,546,365,344,211,263,165,156,559,247,821,392,416,210,529,374,348
499,1605,326,818,678,892,955,489,326,345,200,250,149,153,525,220,742,404,394,208,546,355,345
683,1590,337,913,931,1037,1071,604,382,390,224,267,156,148,515,232,760,338,386,246,529,377,370
620,1692,340,914,722,927,1065,547,369,359,208,255,156,160,595,263,834,372,412,236,562,385,384
551,1610,329,847,713,929,978,575,346,334,191,234,149,160,544,249,774,368,410,229,529,380,333
550,1674,337,830,757,900,950,547,337,301,175,245,148,145,570,256,811,361,432,222,543,363,368
534,1559,339,848,659,882,980,528,353,340,208,253,147,149,514,230,729,361,367,225,547,344,352
641,1713,352,841,806,952,1060,564,393,376,218,265,156,146,579,253,812,420,415,209,542,359,394
643,1641,353,945,829,970,1068,566,365,353,197,253,151,155,561,257,797,347,391,238,544,378,371
496,1623,324,820,671,845,1002,480,339,307,183,245,148,145,571,254,815,368,428,222,534,374,355
628,1636,337,890,808,960,1010,606,380,354,201,265,142,135,550,252,792,371,425,238,532,356,359
683,1628,354,979,934,1016,1074,618,380,342,196,265,150,152,548,245,773,353,411,261,537,370,397
639,1553,351,910,792,981,1091,602,380,356,201,268,154,160,527,236,739,321,386,244,546,381,370
437,1563,319,818,640,796,961,468,312,302,173,218,133,149,530,231,747,358,387,215,535,354,345
667,1658,338,953,921,968,1043,567,348,370,198,250,152,149,556,245,794,370,412,260,546,370,375
577,1560,339,856,765,948,1037,574,364,354,203,263,144,157,529,247,732,334,398,222,546,387,339
556,1738,339,812,711,902,992,507,343,328,193,252,160,150,587,260,840,392,429,204,551,374,344
591,1590,328,832,658,907,1012,589,377,377,217,255,154,155,545,247,751,365,397,215,533,379,344
659,1600,364,1001,893,985,1094,624,353,329,185,270,148,148,518,237,776,365,424,258,557,383,375
812,1683,364,1050,1000,1088,1173,658,420,383,231,268,162,161,565,255,802,369,429,289,554,384,417
618,1625,342,888,766,939,1065,585,364,348,190,270,153,148,591,257,806,359,427,234,529,379,387
630,1623,346,928,833,979,1036,599,374,349,198,245,151,145,542,232,749,345,416,235,551,372,373
700,1580,341,941,910,1052,1064,641,399,359,214,257,147,150,515,222,721,409,382,259,532,361,387
667,1726,316,926,783,1014,1013,582,383,373,208,234,154,164,573,250,785,385,423,230,538,380,368
568,1593,345,852,737,911,982,569,373,351,195,254,147,141,509,235,750,372,389,212,554,349,342
654,1578,359,927,920,1035,1069,634,416,363,201,253,153,156,507,247,792,349,407,256,537,371,367
686,1717,340,956,834,1005,1072,599,378,364,204,266,153,160,582,257,848,395,433,257,533,386,370
643,1618,366,916,826,974,1092,602,400,362,210,266,152,158,564,245,762,378,396,236,563,393,365
616,1676,349,893,770,947,1059,564,354,333,198,252,148,157,563,251,832,366,418,224,542,384,367
638,1596,353,933,870,987,1063,605,384,344,189,255,155,155,530,244,761,320,389,266,539,366,358
664,1684,362,883,748,988,1025,599,384,355,207,282,161,164,554,251,799,357,402,239,555,367,389
607,1511,321,916,961,1011,1038,606,382,347,198,256,154,128,520,221,698,312,377,249,526,354,380
525,1605,328,902,736,898,964,535,331,305,187,242,145,152,515,219,742,381,369,236,533,356,350
687,1578,367,1023,785,1037,1112,624,385,374,212,263,158,164,510,222,717,379,379,288,547,384,364
785,1719,365,1002,920,1057,1101,674,420,384,221,264,164,162,627,284,836,369,433,268,542,390,394
551,1660,323,812,674,899,926,571,359,332,204,233,146,136,515,231,771,408,409,214,542,342,369
674,1624,348,831,740,1017,1044,653,406,395,223,247,154,152,530,240,782,358,400,216,556,386,350
668,1586,350,981,839,1008,1112,612,378,370,215,262,156,152,533,235,750,344,395,255,553,387,383
569,1572,324,866,700,950,1028,580,388,361,212,261,148,144,503,224,722,399,370,210,530,345,377
568,1683,321,839,695,908,1017,555,364,344,197,244,144,158,548,244,812,388,427,233,543,384,338
794,1763,390,993,887,1068,1134,659,425,377,215,290,160,167,578,264,822,383,421,267,595,405,388
623,1575,341,869,863,927,1045,572,400,342,210,248,147,153,564,251,779,372,382,235,560,386,364
650,1713,360,916,788,1000,1017,574,390,360,205,248,152,151,547,235,776,405,417,231,561,373,365
614,1602,350,899,822,949,1023,586,383,364,209,264,153,149,516,232,757,344,390,243,551,367,364
637,1772,357,918,839,936,1057,521,361,362,197,242,163,151,607,264,818,428,419,255,571,380,383
639,1616,364,950,836,978,1093,564,370,341,207,265,155,160,550,241,777,341,404,255,567,390,380
507,1510,338,826,724,972,1017,583,379,343,199,245,144,160,505,223,715,365,357,221,568,377,336
575,1671,340,850,717,950,1008,556,367,333,198,240,146,146,568,258,798,378,427,224,551,370,365
559,1570,328,883,811,942,1007,541,363,348,200,240,155,149,513,222,711,341,386,234,537,366,359
769,1667,372,1055,1051,1065,1091,644,391,355,208,259,156,150,536,236,761,395,411,294,549,368,394
737,1674,365,960,852,1040,1083,657,406,383,208,274,160,139,541,256,799,365,433,248,565,370,388
503,1494,331,859,733,881,979,530,334,334,188,249,140,128,480,207,678,334,350,234,551,344,355
770,1695,372,937,863,1126,1106,703,430,375,216,260,161,155,572,254,786,384,407,236,555,372,389
563,1552,354,898,738,932,1024,546,350,347,216,250,156,150,498,227,726,356,384,235,543,368,372
662,1699,358,914,840,998,1049,564,385,362,220,257,162,162,583,256,802,396,400,222,534,405,370
616,1562,335,911,910,979,956,594,368,351,199,255,144,130,496,222,695,341,376,248,542,342,380
637,1749,351,908,838,976,1035,538,381,331,210,238,157,136,608,260,816,415,422,228,537,377,383
522,1664,323,845,713,880,960,507,327,298,185,225,142,145,545,248,800,366,415,220,533,356,342
542,1585,333,845,793,926,981,542,368,326,200,239,148,143,508,223,735,347,383,229,525,353,361
516,1558,338,887,709,873,983,518,350,349,200,256,143,147,516,222,761,344,394,233,527,360,332
694,1674,364,959,774,960,1054,610,413,394,207,272,168,155,601,267,838,361,432,263,550,382,381
581,1549,341,899,743,936,997,568,377,358,204,251,148,140,476,217,715,366,369,240,556,345,354
598,1670,328,883,717,1001,992,593,375,336,201,235,149,153,540,232,781,373,393,239,541,362,348
739,1609,351,1009,885,1055,1097,649,401,385,232,280,160,143,541,225,749,366,386,272,554,367,425
745,1683,337,950,819,1059,1050,661,439,411,223,255,145,146,558,236,782,375,427,257,568,363,376
685,1655,355,933,842,1046,1093,613,399,359,210,257,156,157,532,233,765,396,388,245,527,395,393
615,1599,338,895,819,998,1044,599,374,350,195,253,144,146,521,222,721,385,382,235,541,373,355
617,1621,362,940,774,934,1044,580,361,367,212,254,157,149,552,240,783,356,413,239,541,401,380
737,1701,355,922,855,1058,1042,614,429,402,238,276,157,141,551,245,770,391,412,238,562,368,377
562,1590,336,872,763,937,961,566,373,342,195,240,147,145,536,240,747,341,367,232,558,350,355
601,1638,345,885,760,970,1022,592,386,361,213,246,147,150,531,234,755,385,384,220,548,370,356
585,1596,356,920,826,960,1011,550,372,353,203,240,141,137,538,245,719,347,364,248,555,366,374
590,1643,329,863,757,979,979,591,348,355,199,242,148,146,542,235,779,356,410,237,535,367,345
681,1678,364,960,883,1002,1099,571,373,360,206,289,161,151,557,250,820,367,400,261,566,379,390
586,1593,354,870,710,888,953,563,391,373,216,245,154,136,542,252,757,354,391,239,543,350,358
627,1677,338,882,780,1000,987,603,377,361,216,235,148,143,563,244,798,394,392,233,556,360,355
584,1545,347,1003,850,896,1089,529,345,330,198,241,150,160,485,215,694,369,361,275,542,379,371
608,1582,341,912,717,926,1041,570,402,349,199,273,155,152,550,251,762,363,394,258,563,372,373
594,1525,334,910,811,981,1013,593,380,352,215,262,152,145,486,217,666,326,357,260,563,355,361
609,1672,344,877,754,987,1028,586,360,339,198,253,151,145,553,247,785,384,396,233,551,378,365
557,1590,341,851,722,932,975,537,390,371,203,232,140,147,531,217,721,384,353,214,533,369,324
606,1620,326,885,798,982,1010,581,372,345,209,239,153,145,550,248,782,346,408,240,569,360,345
515,1711,322,842,735,882,972,461,322,309,186,230,151,148,576,257,807,408,412,216,538,369,368
703,1712,361,956,762,1002,1104,598,396,385,229,258,165,176,553,246,797,411,416,257,562,404,375
602,1592,357,856,801,950,1003,580,385,362,210,257,162,160,544,251,751,353,383,220,564,385,347
658,1734,348,951,844,954,1056,542,375,359,217,260,160,160,574,240,800,401,406,228,559,387,399
558,1681,344,794,671,932,983,546,363,342,202,238,146,163,563,246,810,402,420,220,540,383,329
648,1660,360,889,814,988,1065,596,399,367,199,268,153,163,577,261,822,347,416,237,541,382,367
731,1730,365,965,935,1067,1118,621,394,362,219,277,171,162,579,254,839,377,424,262,533,408,406
608,1593,315,909,743,984,1019,589,388,378,225,248,148,155,492,222,736,380,384,238,538,370,362
592,1652,329,874,755,913,1020,572,350,346,212,256,153,151,569,262,849,352,415,228,547,371,359
544,1585,329,838,745,932,1006,562,346,314,199,247,146,158,504,231,739,338,386,210,555,381,339
447,1575,317,787,610,833,913,481,340,318,205,230,144,137,519,226,758,369,383,182,523,339,318
576,1653,347,888,762,956,1018,564,372,332,201,247,148,143,556,252,796,347,394,224,549,368,373
541,1624,325,835,694,924,960,549,349,354,206,242,144,129,538,232,765,355,384,199,512,338,357
766,1689,379,1019,1001,1042,1139,661,443,399,223,293,163,161,586,263,810,390,432,268,560,398,388
455,1475,315,796,768,872,944,519,333,314,184,229,140,142,486,220,664,321,342,217,534,342,333
652,1598,361,910,817,1011,1031,612,391,349,207,260,161,140,542,245,749,351,393,231,557,367,378
605,1636,345,891,803,926,1018,575,368,343,210,265,156,147,576,264,814,349,422,233,576,379,367
630,1555,337,940,896,1022,1019,601,403,378,201,253,151,140,501,228,718,350,400,257,511,357,365
713,1595,361,1005,904,1063,1055,634,378,376,224,260,155,135,510,210,714,391,389,274,567,371,404
541,1648,346,852,751,882,1009,537,356,339,195,240,147,152,591,266,833,349,441,230,524,358,339
492,1648,327,806,691,913,973,499,336,315,202,221,142,162,538,238,765,370,403,204,554,385,332
576,1646,334,822,709,949,980,567,370,368,210,255,153,147,538,235,774,370,397,207,531,369,361
565,1554,339,848,754,954,1008,555,364,370,220,257,157,158,530,242,740,335,374,217,527,377,361
581,1676,339,873,713,944,1011,547,348,366,209,240,147,144,551,251,812,372,407,219,541,352,356
585,1682,353,894,703,929,997,563,354,358,215,240,150,156,534,235,786,391,389,241,577,378,357
636,1692,352,930,854,978,1034,579,364,361,206,240,144,144,574,252,815,370,417,245,551,382,381
622,1618,353,989,721,957,1080,569,367,350,200,256,146,142,515,218,727,384,383,266,571,380,381
671,1647,362,960,921,989,1111,586,378,361,207,257,153,166,541,230,761,369,383,236,569,413,394
640,1550,385,969,931,984,1038,590,373,331,195,256,147,136,515,238,744,355,396,257,564,346,375
527,1464,325,883,710,935,994,550,369,364,212,248,148,130,470,208,653,342,344,231,518,345,360
699,1684,333,947,805,1000,1111,618,401,382,214,266,156,157,548,239,780,400,421,258,530,384,387
561,1726,346,857,714,872,1018,526,347,330,198,248,152,164,599,263,885,375,441,232,558,393,353
575,1648,330,905,788,922,982,540,363,337,205,257,156,133,506,242,773,393,395,248,527,363,381
693,1734,363,943,801,968,1113,576,388,365,214,251,165,164,604,264,844,401,416,244,564,406,375
704,1675,324,962,886,1044,1049,637,403,372,208,253,156,153,590,271,832,365,439,265,547,373,368
670,1537,368,1026,926,1014,1119,622,375,341,192,255,154,139,511,220,700,355,367,282,579,360,415
576,1662,342,852,714,931,1013,547,348,335,201,238,151,160,540,236,773,399,408,219,548,379,348
633,1619,354,962,836,996,1068,588,356,347,198,249,152,143,531,229,751,370,381,250,541,377,390
622,1601,334,984,759,971,1074,562,364,338,206,245,162,145,558,248,783,349,394,263,555,361,365
756,1654,346,1033,953,1046,1121,630,403,398,219,260,154,154,543,234,768,378,408,287,545,389,375
763,1685,327,1031,908,1083,1143,617,420,371,219,251,155,152,530,242,760,385,397,271,557,393,381
760,1767,363,1014,857,1017,1113,630,401,370,222,266,168,176,603,282,866,350,453,270,583,415,384
621,1714,341,948,832,991,1048,567,354,322,198,232,141,149,577,252,807,387,427,238,541,375,363
627,1603,340,905,819,998,1022,587,386,344,216,259,151,129,543,244,770,386,393,239,560,347,376
655,1676,360,919,810,1017,1070,587,387,362,213,253,151,156,558,246,770,373,406,221,545,389,369
524,1565,319,882,771,901,990,524,353,319,194,243,143,150,517,222,752,325,402,233,547,349,336
522,1623,326,818,720,904,965,529,366,351,212,233,143,147,500,216,737,361,375,210,543,362,335
585,1583,340,875,796,960,1021,561,359,362,213,245,150,152,552,238,717,335,385,242,566,361,358
710,1618,348,975,924,1025,1047,638,406,361,199,241,154,159,545,240,741,365,389,268,550,392,376
571,1686,323,818,711,904,960,542,365,354,203,245,144,135,565,255,832,343,445,216,564,362,364
568,1695,328,860,729,920,1010,533,376,353,208,244,143,161,554,245,797,385,406,215,540,380,335
673,1636,374,949,780,982,1113,590,389,373,209,274,158,161,545,252,771,364,401,257,540,392,375
517,1632,341,813,632,844,941,512,347,343,207,237,154,127,579,261,801,349,406,222,545,335,353
682,1662,372,960,829,953,1073,579,379,377,221,266,163,167,582,266,831,380,429,254,561,393,378
671,1648,358,966,902,1007,1097,575,372,344,198,243,152,157,573,248,775,376,395,250,536,383,395
549,1585,341,842,732,913,973,560,383,357,214,251,152,147,527,232,755,369,389,227,528,363,344
736,1717,357,888,865,1082,1078,629,415,364,216,268,162,151,591,262,835,372,418,225,561,386,394
713,1653,365,948,848,1004,1114,639,408,401,215,267,157,145,556,240,753,390,405,240,587,388,398
703,1568,362,948,947,1082,1089,628,402,359,214,276,156,147,486,220,703,388,372,258,552,357,408
734,1678,358,960,825,1041,1088,632,422,388,238,282,164,153,573,263,798,330,415,257,571,382,405
625,1596,340,945,857,982,1048,577,373,354,202,237,144,150,526,228,715,342,383,254,543,375,384
466,1526,311,779,627,884,923,512,356,329,196,230,136,130,505,213,708,389,371,217,542,327,337
492,1507,315,843,737,897,969,540,346,335,185,236,136,153,501,222,719,348,379,226,538,355,337
591,1686,335,924,816,948,1013,543,341,337,202,242,151,143,544,242,839,363,429,235,544,362,378
555,1648,335,826,801,932,1009,507,348,327,198,245,150,170,521,235,747,416,386,218,543,382,351
624,1633,360,869,810,1019,964,592,381,342,186,260,146,134,561,242,777,377,389,238,558,367,349
657,1681,340,867,775,1005,1046,603,389,372,217,261,157,159,559,254,823,373,405,218,543,378,356
574,1624,345,846,780,926,992,555,357,322,188,257,148,149,567,253,791,344,405,223,534,365,361
810,1732,399,1099,925,1057,1127,614,396,389,229,273,170,136,578,256,786,411,418,279,568,369,450
558,1692,328,814,807,911,985,549,342,341,195,257,144,157,539,244,797,411,406,220,536,381,334
531,1607,337,833,709,912,970,527,349,339,199,248,150,148,511,225,735,379,392,225,515,350,351
659,1616,363,938,893,976,1054,620,390,339,197,260,151,138,551,244,801,330,409,250,572,364,377
561,1600,353,893,712,938,1006,565,373,354,208,259,148,150,485,216,712,386,368,235,556,373,356
571,1622,344,858,739,960,969,568,381,342,193,238,150,130,552,242,764,388,410,226,575,362,324
574,1557,335,845,881,923,971,573,366,357,202,255,152,141,537,242,757,328,401,227,549,351,348
510,1479,321,904,775,910,1004,534,372,334,197,248,148,142,499,228,707,346,375,242,524,353,343
616,1669,339,850,774,1028,1018,588,349,344,195,248,146,142,556,257,815,363,414,222,540,370,362
612,1622,336,889,760,986,1021,598,375,366,216,262,153,145,534,232,759,361,410,228,537,357,372
599,1691,362,820,790,926,998,567,379,339,201,255,154,140,560,259,845,369,436,216,562,361,370
715,1572,367,995,852,1000,1142,651,399,378,218,271,153,144,548,253,785,374,426,272,567,358,394
549,1611,328,885,708,935,990,555,360,345,208,250,154,153,535,237,773,378,402,223,531,364,354
578,1548,322,835,735,953,1000,607,393,357,200,247,145,135,517,229,720,332,399,222,528,352,358
675,1673,348,869,779,1009,1063,618,402,381,217,264,163,155,563,237,783,367,397,247,547,388,373
638,1686,367,918,748,952,1041,586,353,340,208,262,153,156,586,254,807,354,425,236,560,373,379
580,1648,334,829,804,927,971,552,372,355,204,263,157,132,558,253,816,345,411,230,551,349,360
581,1590,356,876,715,923,1019,574,375,353,208,244,145,143,535,246,758,344,392,248,546,371,355
508,1634,332,769,679,912,928,518,341,337,214,235,157,135,520,237,735,371,378,198,539,344,348
605,1669,358,842,724,927,1057,562,360,345,205,264,157,149,594,271,832,360,423,234,524,402,379
596,1675,325,884,731,959,992,561,370,355,209,231,155,155,556,248,818,384,408,227,543,380,347
593,1607,333,870,754,997,999,599,367,332,192,238,153,145,538,241,738,378,377,240,533,368,367
648,1645,327,922,791,952,1025,593,392,377,225,259,152,141,530,238,783,348,424,240,551,359,359
702,1662,369,1022,841,992,1108,615,375,367,208,269,154,150,595,267,804,343,424,293,546,378,388
661,1656,360,902,773,1031,1043,611,392,357,213,259,158,156,538,235,778,370,406,239,562,376,377
539,1620,341,879,702,934,1006,535,347,324,195,253,153,140,514,225,756,388,391,232,544,349,347
714,1692,353,974,862,1019,1123,609,373,349,204,264,150,143,584,269,845,341,424,264,533,368,404
722,1627,354,985,1000,1039,1047,619,393,369,209,262,148,151,523,229,750,403,386,287,544,361,393
686,1682,364,937,814,987,1067,607,387,375,217,267,158,163,552,262,818,429,425,254,545,387,372
571,1604,345,888,778,957,998,573,358,315,194,238,144,138,510,224,729,384,370,232,527,363,364
797,1741,369,996,923,1022,1111,667,417,358,207,274,158,155,629,271,876,355,472,275,564,387,413
647,1703,357,923,800,920,1064,566,377,358,210,272,164,152,601,274,843,370,458,246,561,377,393
655,1572,347,900,820,995,1047,649,429,373,204,262,154,157,512,232,712,355,379,243,546,378,396
579,1529,335,879,882,957,996,613,386,342,187,238,141,121,520,233,747,315,394,220,557,347,352
583,1578,341,891,857,949,993,553,369,330,195,237,142,152,500,222,717,392,376,240,532,360,365
547,1686,339,816,682,894,996,514,354,337,197,235,148,159,626,287,840,373,420,215,563,393,350
655,1678,361,869,653,974,1078,574,385,356,213,280,168,161,590,262,805,420,411,240,540,386,368
610,1678,332,891,778,945,1010,564,386,343,198,250,152,152,565,254,804,411,415,242,542,372,366
530,1559,328,872,727,898,981,515,358,335,186,231,143,149,515,228,723,370,348,232,520,363,325
602,1618,338,880,772,959,1020,564,381,323,189,257,153,138,551,251,807,370,403,238,555,346,370
535,1639,327,835,744,953,996,547,361,331,185,244,146,154,547,240,766,362,390,223,537,364,361
631,1649,349,891,747,957,1023,576,402,360,205,260,152,165,566,254,815,351,434,239,540,370,343
522,1662,332,794,640,875,938,517,344,334,195,247,156,156,535,236,792,389,395,225,533,359,344
795,1666,371,1069,961,1014,1141,605,393,395,221,266,163,155,557,244,776,380,390,302,539,388,398
840,1698,366,1034,974,1076,1162,657,439,402,233,312,174,153,572,266,824,365,417,288,556,398,420
712,1707,354,955,808,989,1093,598,390,393,231,278,163,146,563,252,826,414,440,261,539,370,385
550,1562,345,871,835,1003,946,585,357,341,179,223,135,127,511,230,722,369,375,226,542,335,357
502,1551,320,902,813,888,948,513,331,291,183,225,138,138,495,222,709,370,383,237,529,346,352
684,1652,343,921,832,1018,1026,624,402,384,213,255,153,150,553,240,763,389,412,247,554,368,368
723,1644,357,977,815,1136,1124,638,402,348,207,268,155,170,535,242,777,377,404,255,551,397,360
666,1565,363,968,856,960,1051,596,394,376,206,280,160,132,554,241,739,358,405,275,543,340,408
654,1684,347,913,814,980,1084,597,375,363,205,254,147,164,592,264,838,382,427,236,568,398,355
606,1591,337,875,733,953,990,609,397,362,226,252,147,147,531,244,759,325,398,228,537,378,350
599,1686,334,887,679,988,1040,602,369,317,188,248,144,159,558,248,773,401,405,237,538,395,343
759,1732,383,949,880,1028,1104,647,397,367,212,265,160,150,611,278,854,384,433,251,535,361,394
558,1600,354,873,766,938,997,536,367,333,198,242,149,138,529,229,734,356,378,234,535,360,357
665,1605,359,968,860,1011,1105,606,377,338,201,255,153,178,525,238,776,396,403,268,548,401,362
604,1607,329,875,789,974,1055,562,391,340,202,259,151,169,538,249,755,323,386,241,530,398,360
622,1679,355,893,728,940,1051,568,382,357,203,275,155,153,551,245,814,381,425,232,560,372,375
571,1602,345,898,729,927,983,572,365,354,212,240,153,144,527,232,719,403,379,235,543,354,379
640,1658,334,877,712,1024,1016,599,403,379,213,265,158,140,554,237,790,394,402,227,533,361,374
551,1620,339,863,728,893,982,531,353,358,202,252,146,150,501,237,758,376,385,236,566,370,357
859,1792,384,1045,965,1091,1159,660,428,400,228,279,163,153,587,260,866,415,430,269,573,389,436
634,1565,343,904,766,1000,1087,624,386,364,209,268,156,160,509,226,732,376,376,245,536,386,379
528,1606,343,836,716,884,988,543,335,322,192,248,148,157,532,247,770,355,389,206,535,354,361
686,1586,339,939,824,1067,1002,671,400,374,205,265,155,140,488,220,722,383,377,263,527,345,384
575,1618,345,831,682,903,1007,561,387,365,206,254,153,159,535,250,782,362,399,210,562,368,331
874,1870,366,931,943,1130,1100,713,435,397,224,277,169,141,623,278,898,477,458,240,560,386,412
663,1624,365,874,825,1018,1033,623,383,359,199,253,148,159,546,250,765,346,413,247,550,368,344
798,1684,400,1094,1021,1027,1138,615,389,365,200,274,156,155,570,267,825,369,419,290,552,402,400
649,1610,355,969,840,1005,1028,623,380,345,183,265,150,148,555,256,791,352,394,270,543,381,365
705,1569,345,926,1002,1069,1034,655,404,391,227,270,152,156,475,206,718,368,373,258,517,357,358
763,1667,374,979,939,1038,1069,628,423,385,225,276,160,156,559,252,781,335,407,252,588,392,406
500,1512,328,830,723,898,961,549,357,345,200,242,142,138,486,222,709,362,357,218,524,349,344
650,1569,365,945,921,945,1086,592,379,355,208,290,160,152,529,247,760,322,377,247,528,375,382
608,1600,347,883,823,928,976,584,370,379,216,256,152,138,541,245,775,366,427,241,557,355,363
634,1609,338,902,926,1041,1052,603,398,326,189,238,145,154,533,232,731,396,380,272,539,385,369
696,1577,348,921,878,1043,1043,658,418,365,188,270,152,129,578,247,771,323,403,257,531,353,380
527,1612,321,878,732,850,949,516,353,353,199,238,144,148,531,241,789,364,406,237,558,350,344
546,1538,337,883,750,915,979,540,368,354,218,262,148,140,505,220,717,372,362,250,552,348,362
592,1645,345,874,718,947,996,601,390,360,194,253,151,140,564,259,794,336,411,239,547,364,368
604,1660,334,895,768,931,1016,560,368,345,210,254,157,163,526,252,814,357,404,226,565,375,344
710,1589,345,941,895,1030,1079,671,439,385,215,275,154,163,515,238,740,352,399,262,538,367,389
644,1643,339,893,772,1007,1022,614,389,357,215,252,156,159,539,240,770,368,404,238,549,362,338
637,1620,343,891,754,978,1041,594,386,391,222,251,154,153,513,227,720,381,391,235,534,373,359
511,1611,330,891,773,876,994,502,327,307,192,237,145,169,544,241,769,387,399,233,525,378,351
743,1736,370,946,817,1051,1059,649,421,382,219,263,162,152,578,268,805,399,407,252,543,386,373
634,1679,334,883,749,962,1045,567,383,363,218,255,157,156,582,266,810,383,414,227,550,394,366
556,1608,323,842,670,956,942,548,391,355,214,237,146,143,535,237,758,369,384,213,533,352,355
830,1661,370,1030,1012,1152,1158,702,434,371,212,286,165,147,517,231,767,414,407,283,566,378,408
750,1559,379,1028,948,1034,1163,674,403,379,213,302,158,147,532,236,743,404,395,275,557,391,411
506,1540,309,849,695,862,1003,541,343,329,184,240,139,135,539,238,776,331,409,235,533,357,362
623,1574,320,930,833,1028,1034,618,374,343,202,247,147,147,523,230,727,389,373,239,537,360,367
596,1595,340,891,730,1001,989,596,391,362,208,245,142,137,555,258,764,351,378,224,549,358,347
548,1654,332,828,734,900,993,530,363,337,207,244,157,166,562,258,787,386,403,212,542,384,335
657,1650,360,999,890,959,1074,552,357,352,206,267,155,160,521,230,796,422,433,280,551,391,378
775,1644,361,1074,1020,1077,1102,641,419,380,212,279,165,157,516,238,739,418,380,296,535,367,415
632,1599,338,854,743,1027,1002,640,374,374,208,250,151,146,528,238,740,320,384,227,540,356,345
740,1640,352,952,850,1052,1078,640,421,375,214,290,168,137,577,255,801,358,426,256,558,366,412
683,1638,354,1003,858,1019,1107,627,390,360,212,275,158,154,526,237,761,389,404,270,559,380,381
460,1586,307,777,726,877,963,492,310,299,188,229,141,154,533,244,755,357,388,193,529,375,344
611,1655,355,908,764,922,1034,564,372,358,210,258,153,146,543,240,808,349,407,240,525,368,384
763,1646,379,1029,913,1071,1163,668,390,358,202,275,148,148,527,242,756,359,404,278,541,378,397
620,1668,354,910,862,982,1037,564,369,318,202,244,147,144,574,255,798,378,407,242,535,384,370
586,1632,361,862,792,930,973,585,367,339,190,253,142,145,544,250,783,342,410,237,540,355,340
589,1714,356,878,737,916,1034,566,334,324,198,255,152,141,613,280,880,350,449,254,554,389,387
581,1605,330,867,721,894,1006,560,362,370,202,264,157,145,544,247,795,330,397,236,527,356,378
765,1644,368,899,942,1032,1089,670,453,416,224,280,163,157,582,265,803,348,438,240,547,384,390
610,1582,357,947,876,966,1063,584,352,341,202,262,150,140,522,222,721,375,370,257,560,358,378
590,1612,346,901,785,947,1022,578,380,364,201,261,158,157,555,257,772,365,387,247,529,380,354
774,1778,390,909,818,1066,1100,631,429,403,238,276,163,159,621,279,919,362,479,242,570,403,388
526,1717,336,786,668,868,945,508,326,319,193,238,151,162,581,271,859,383,422,213,539,370,330
611,1565,334,895,838,1025,1003,622,379,344,210,246,146,146,508,235,721,352,357,230,534,354,364
619,1609,332,894,843,966,1014,575,372,369,212,250,155,138,558,238,773,358,397,233,549,360,368
587,1651,318,870,800,963,1019,566,377,347,203,234,146,144,520,221,780,364,419,234,511,355,364
641,1618,332,971,802,998,1031,590,368,347,208,249,148,137,501,225,742,370,379,271,532,367,381
634,1752,346,801,706,960,1013,556,387,354,213,265,164,155,636,287,869,401,455,225,550,382,366
653,1606,350,968,695,987,1023,598,396,395,216,264,152,163,575,260,775,340,401,276,531,387,384
528,1610,328,845,726,964,922,561,361,337,191,226,146,153,530,234,764,332,399,235,513,347,344
655,1702,350,962,834,957,1060,572,371,354,210,261,156,137,572,249,792,365,422,248,536,379,399
861,1712,368,1074,980,1100,1173,679,438,388,223,293,172,166,594,270,821,384,437,300,574,391,410
704,1706,355,978,929,996,1113,617,380,349,200,261,160,153,610,273,874,347,462,264,561,383,385
516,1570,333,834,765,902,970,525,348,321,193,239,149,140,530,237,752,350,380,214,542,349,353
726,1604,365,1028,971,1050,1115,653,412,355,206,277,160,130,538,242,773,344,407,286,541,352,405
750,1650,354,1017,947,998,1133,586,386,358,207,275,157,154,528,236,743,383,394,288,542,376,408
688,1643,357,955,824,1023,1122,620,377,353,204,284,155,144,538,246,782,378,394,247,559,384,404
620,1613,364,917,817,955,1026,575,364,358,203,269,153,136,561,258,798,339,404,248,541,345,379
753,1661,359,991,801,1040,1111,630,436,399,233,282,160,158,566,260,816,365,439,264,565,392,378
693,1607,353,962,933,1054,1084,629,421,382,217,269,150,145,511,223,752,357,395,249,541,362,403
603,1561,320,901,752,982,1019,622,399,374,206,251,145,128,485,223,698,354,365,238,521,347,344
603,1606,322,925,801,967,1043,580,361,327,185,242,145,153,520,233,726,363,357,244,537,372,382
520,1480,328,841,760,916,992,562,384,353,195,252,146,131,486,220,684,342,370,222,516,328,349
559,1648,342,855,675,927,1044,546,348,335,191,260,148,155,571,267,812,356,414,211,537,397,350
730,1626,373,999,892,1053,1099,634,387,357,205,271,155,149,555,257,773,326,388,270,574,368,400
654,1563,365,1014,878,973,1069,575,367,348,204,262,155,138,511,232,730,354,372,270,558,365,378
582,1633,317,816,763,961,1028,569,381,348,197,240,145,160,550,258,811,358,394,220,543,349,345
649,1685,362,872,779,993,1059,601,386,338,195,267,155,152,562,262,791,364,427,230,542,373,379
687,1721,367,917,803,1061,1035,592,379,375,213,266,159,173,549,242,794,390,394,236,553,396,383
556,1615,342,859,693,935,1004,556,350,319,190,236,149,160,558,250,785,369,386,232,540,385,353
603,1626,361,878,689,960,1028,583,372,335,203,268,147,141,548,257,789,353,407,226,540,360,375
532,1630,332,816,708,903,961,531,371,323,190,238,142,137,562,257,809,357,409,211,544,345,357
570,1599,338,893,787,979,1018,566,379,354,206,243,145,152,529,229,746,380,369,243,540,346,336
650,1657,356,883,778,966,991,596,392,375,210,259,152,140,572,272,828,369,419,241,544,345,362
597,1583,342,900,756,964,1041,569,394,353,205,258,146,143,527,233,733,389,381,240,577,381,366
560,1513,345,862,768,948,966,570,371,344,190,231,139,139,470,216,662,377,349,231,544,339,347
628,1598,346,915,779,957,1047,594,398,368,207,264,154,132,530,232,736,323,399,223,523,345,409
644,1617,345,914,816,1011,1008,607,371,381,208,245,152,145,565,252,753,337,393,236,557,363,394
646,1677,344,900,808,958,1008,590,397,340,195,262,149,148,579,265,855,410,428,240,532,348,379
513,1576,334,837,699,890,927,527,363,353,207,254,147,135,500,229,727,391,371,221,551,330,348
590,1705,343,921,738,913,1030,527,340,355,219,241,148,148,581,249,825,365,431,236,546,370,350
708,1732,363,968,787,1031,1081,598,397,351,213,275,163,142,585,256,835,412,443,257,552,379,399
628,1682,343,913,816,966,1049,565,370,358,200,261,152,160,547,242,790,380,406,244,565,376,376
691,1570,343,982,900,983,1101,598,398,369,203,264,155,130,564,268,774,341,404,270,542,369,391
635,1646,352,920,746,975,1071,580,383,370,215,270,155,157,548,239,774,363,396,242,565,385,386
783,1689,388,923,919,1021,1113,633,438,393,220,276,158,148,603,278,833,385,435,233,568,389,402
636,1621,349,948,803,984,1052,600,370,372,208,253,155,143,510,231,724,368,374,245,533,373,369
648,1572,355,1000,875,985,1096,590,393,394,220,252,162,148,548,243,760,364,381,257,534,383,384
507,1560,325,836,736,905,945,536,351,317,187,236,144,120,538,238,748,322,388,226,531,342,350
450,1579,319,752,670,890,930,502,328,306,193,223,146,154,523,233,725,383,382,188,530,357,312
621,1728,352,947,840,941,1070,568,348,308,185,254,150,155,567,250,794,399,417,238,536,387,374
618,1667,359,859,819,978,1042,605,378,342,198,260,151,155,548,244,788,432,398,229,560,388,352
556,1617,345,868,708,927,1014,546,363,320,194,256,154,149,587,257,802,357,408,231,544,382,369
478,1581,335,778,663,857,955,516,323,303,195,236,140,149,555,249,770,351,402,200,541,357,334
549,1701,338,838,689,890,983,555,347,353,213,222,147,160,561,249,796,433,411,209,546,391,345
554,1675,330,856,766,916,991,544,348,333,203,238,150,154,582,255,803,397,404,222,529,371,370
529,1567,341,815,802,932,950,554,343,328,187,233,139,142,523,238,770,335,396,220,546,326,353
473,1555,328,837,815,904,961,509,324,295,183,225,137,140,506,238,762,340,373,225,519,341,325
679,1616,350,932,805,1012,1026,608,426,379,219,273,161,139,551,233,756,360,399,263,546,354,389
578,1537,348,937,798,960,1005,567,387,360,202,244,146,130,530,232,708,381,378,251,550,334,366
527,1666,360,865,664,852,983,482,334,320,188,238,152,149,578,253,807,423,420,233,549,370,352
520,1602,340,855,731,909,995,531,336,322,183,240,140,150,551,246,778,354,413,222,536,365,334
750,1756,373,978,832,1018,1089,613,403,374,219,276,168,142,597,276,865,359,434,263,558,363,400
694,1676,357,984,862,1037,1076,623,381,360,203,263,156,140,555,251,791,387,404,260,549,370,408
676,1628,364,918,772,1021,1077,608,419,378,237,273,168,143,521,240,747,380,379,246,535,376,370
668,1700,352,905,873,972,1008,563,400,368,239,266,168,145,585,261,803,394,401,243,553,354,375
618,1578,355,935,828,998,1048,602,379,360,202,248,143,138,506,222,698,387,390,240,531,360,383
661,1657,360,915,931,963,1071,590,385,354,210,272,157,145,539,241,750,359,403,244,568,373,396
514,1584,335,847,747,873,966,527,358,334,203,247,149,135,562,247,755,357,395,208,539,342,350
553,1714,340,843,751,884,999,488,345,319,200,236,148,138,543,247,819,403,413,225,538,381,345
916,1738,389,1023,948,1167,1192,708,459,390,229,287,169,155,579,266,824,396,421,287,611,411,405
790,1579,363,1060,1031,1082,1114,690,417,392,220,280,158,130,537,237,725,363,388,291,525,349,420
652,1660,343,884,768,985,1032,619,391,359,207,255,156,137,561,252,783,375,415,248,538,366,374
579,1561,338,885,758,956,1001,585,376,340,193,248,141,129,526,229,731,350,398,228,551,352,337
743,1645,360,967,895,1047,1074,664,430,387,198,259,147,130,545,249,795,336,409,254,538,357,374
690,1685,355,881,730,1070,1065,647,402,374,220,269,158,145,534,232,752,356,391,238,552,370,399
667,1642,351,871,887,1018,1058,621,385,364,210,250,152,149,572,260,806,364,423,233,565,377,367
541,1642,339,825,738,920,976,551,372,335,194,236,150,139,583,268,845,373,426,222,532,353,344
439,1568,322,745,642,848,937,476,328,320,197,220,146,148,529,236,739,332,373,187,539,354,323
501,1587,322,843,664,905,938,527,343,337,199,238,142,130,563,262,800,347,413,223,529,340,328
726,1710,354,989,868,996,1091,611,405,366,225,277,162,149,588,251,811,404,420,252,555,386,410
634,1558,352,1000,914,976,1035,604,371,322,190,253,145,124,505,226,719,343,380,271,553,326,394
669,1700,355,902,773,986,1057,590,389,376,225,271,158,140,572,244,799,371,438,236,551,371,382
511,1555,334,800,675,893,917,545,348,341,187,250,139,114,509,223,752,309,406,210,558,321,343
627,1587,352,920,869,965,1053,606,400,364,211,264,151,134,488,212,728,362,391,249,538,348,370
511,1552,324,832,658,869,998,530,361,340,196,256,146,140,532,248,744,354,408,209,539,369,350
714,1776,358,867,800,1018,1033,629,395,352,200,266,157,141,606,270,891,368,456,242,555,321,392
655,1562,350,916,811,1032,1058,602,393,362,208,268,156,138,542,240,752,346,403,244,542,354,377
548,1673,343,833,717,893,971,518,348,308,185,245,154,145,561,260,827,360,427,211,553,356,348
652,1662,358,978,831,988,1092,570,351,350,205,268,156,142,546,237,773,410,409,260,551,380,392
611,1669,362,862,770,946,1008,550,353,330,204,254,159,131,617,278,844,350,428,246,550,356,390
766,1701,368,1019,936,1080,1158,655,371,390,210,255,157,151,559,250,794,405,416,270,562,388,393
608,1628,347,920,827,984,1058,575,370,334,204,255,155,166,531,232,738,387,391,238,544,384,364
572,1622,349,920,761,909,1018,532,338,341,208,254,160,142,541,234,764,363,393,244,526,362,367
524,1567,333,849,825,952,977,568,353,322,200,212,136,133,541,231,760,321,398,220,519,348,338
699,1711,356,940,815,1043,1104,614,397,369,228,251,153,144,564,245,791,384,409,235,561,385,392
644,1654,329,919,822,1030,986,611,391,350,208,248,144,117,564,234,781,384,402,248,540,327,384
627,1652,328,934,807,972,1034,571,388,345,217,249,144,137,570,251,807,353,421,258,542,367,382
567,1578,342,918,789,969,1011,559,340,342,209,242,148,120,531,221,723,332,395,248,537,339,370
818,1680,370,965,975,1151,1105,718,453,385,234,272,160,155,541,242,780,418,399,269,565,371,399
509,1597,351,830,728,848,963,511,345,328,201,237,144,142,520,235,786,333,403,218,532,354,344
572,1597,320,883,821,968,1015,570,349,348,196,240,143,135,544,242,756,355,384,222,546,338,355
617,1557,347,943,742,972,1078,575,375,349,207,258,154,142,522,223,739,356,385,247,542,360,387
601,1762,341,874,722,950,983,559,368,323,191,230,144,145,594,251,834,405,429,244,558,367,349
526,1667,340,831,746,906,952,506,350,313,189,228,151,144,575,249,807,358,419,233,555,355,348
504,1540,321,839,698,895,916,529,366,331,198,241,142,120,466,206,672,335,339,216,533,317,328
626,1618,337,918,742,976,1055,597,385,367,205,261,148,137,515,217,739,371,388,252,538,356,367
526,1589,315,856,770,954,966,532,334,326,185,224,135,130,520,240,742,350,392,218,542,328,340
553,1570,360,879,765,909,1016,543,352,333,181,237,142,139,571,261,768,333,395,234,571,353,369
708,1635,354,905,796,1061,1018,647,415,374,213,270,156,136,544,254,778,340,405,242,562,358,355
585,1592,353,917,783,954,1026,569,365,334,187,248,151,135,545,237,755,334,382,244,541,362,365
552,1595,335,855,730,960,972,546,368,349,201,229,139,131,540,226,748,327,372,220,552,343,339
518,1565,335,867,788,876,931,501,342,335,212,227,146,157,507,228,727,374,373,233,565,331,350
634,1652,339,864,796,1027,1003,606,395,354,203,257,151,145,560,248,783,352,422,238,552,367,382
631,1636,339,926,775,996,1018,576,377,366,212,242,146,136,567,240,765,378,400,250,542,348,388
548,1712,346,795,693,915,995,519,352,328,199,255,147,169,551,247,800,389,396,196,560,392,333
682,1740,345,904,767,1023,1031,614,392,365,202,277,152,147,624,265,862,354,443,247,539,358,363
545,1668,350,856,738,874,981,527,347,318,193,251,148,142,568,256,832,343,422,211,561,355,363
600,1578,323,891,725,1000,976,593,406,369,209,246,146,123,533,226,777,327,401,244,521,336,355
618,1593,361,1001,798,950,1062,576,367,359,197,263,145,130,537,238,759,398,396,263,542,363,359
544,1615,345,845,766,898,974,530,355,344,211,263,153,124,526,222,762,355,399,231,528,334,379
676,1652,363,931,782,1043,1055,628,390,364,210,278,148,150,565,257,800,351,420,237,562,367,380
632,1622,331,892,742,952,1028,583,397,373,215,269,154,133,539,240,766,369,393,235,566,360,364
750,1658,352,1011,927,1036,1117,660,416,369,216,282,157,142,596,268,819,328,432,253,540,360,423
583,1557,352,871,720,927,991,587,387,364,203,288,152,125,515,228,740,338,394,231,549,345,383
597,1595,352,919,725,942,985,583,370,331,197,250,151,125,540,250,760,398,399,250,560,342,363
672,1590,337,987,965,1005,1057,604,385,345,208,273,159,122,554,253,745,402,399,270,529,343,412
551,1589,345,855,751,902,1035,554,342,316,202,245,148,126,512,219,720,403,392,220,543,341,371
803,1620,385,1044,922,1078,1182,673,415,364,209,308,166,155,588,263,766,394,405,299,568,388,419
619,1580,355,967,816,984,1017,598,378,353,200,246,141,138,517,214,703,357,380,260,569,354,365
510,1568,340,831,690,879,971,517,355,355,212,247,147,144,521,247,737,316,379,224,541,373,349
587,1734,340,849,724,932,991,533,368,328,208,243,152,136,583,260,840,365,424,214,558,368,363
616,1674,349,874,756,949,1011,572,365,360,214,257,163,132,565,244,789,393,388,220,552,365,364
471,1603,325,801,646,844,930,521,320,317,179,239,136,140,548,236,782,359,394,194,532,351,327
622,1674,351,895,782,971,1035,565,365,370,207,254,152,135,556,239,782,359,406,221,554,348,385
654,1603,336,894,750,1035,1008,618,393,381,216,271,149,141,527,236,738,343,390,233,555,347,363
712,1686,358,965,778,1082,1078,651,393,353,200,250,153,133,577,247,782,368,412,248,581,347,388
493,1607,312,832,697,850,959,499,337,325,197,237,149,145,524,234,760,369,387,204,536,352,340
557,1623,346,876,769,890,1006,518,336,322,192,253,156,138,574,258,774,345,397,234,582,354,372
667,1632,365,893,851,992,1089,602,376,369,217,280,156,145,589,256,790,360,420,238,547,380,385
611,1617,328,951,795,970,1022,591,391,325,199,247,147,127,578,257,772,333,404,263,544,354,362
560,1706,339,803,782,908,956,535,363,359,201,234,143,129,568,245,814,392,433,190,544,354,365
641,1553,334,853,780,1014,1032,651,415,373,216,255,153,134,524,236,721,401,370,241,551,348,379
413,1493,311,808,694,812,912,464,305,301,185,218,138,124,486,216,707,339,364,208,536,312,329
620,1522,344,928,874,962,1090,618,380,362,199,259,148,143,506,233,731,318,405,246,546,352,374
516,1594,338,794,668,925,953,564,348,328,196,240,142,134,524,232,746,366,368,220,532,346,380
785,1636,343,1061,977,1107,1102,651,414,372,210,272,158,120,536,250,798,388,420,301,542,353,406
572,1733,338,841,746,908,1003,536,344,328,194,243,148,155,560,250,813,375,435,208,560,382,350
697,1623,361,965,892,1010,1072,598,388,342,202,267,159,131,537,245,766,347,420,268,555,335,393
580,1555,340,817,716,942,995,590,401,373,220,244,147,143,508,233,704,356,367,213,533,353,358
571,1687,341,864,704,930,965,534,348,322,198,236,148,132,606,265,833,370,419,230,558,348,360
705,1705,325,950,963,1029,1062,627,378,329,187,244,147,141,600,266,836,442,438,264,538,370,373
599,1573,313,857,864,1025,968,618,390,355,200,231,138,135,501,223,722,384,388,224,537,337,346
825,1738,361,1027,979,1113,1114,670,415,373,215,266,158,133,573,250,806,364,426,283,551,351,422
504,1536,324,813,700,872,967,538,367,348,195,255,142,130,520,232,728,329,390,215,531,343,348
627,1541,333,931,820,974,1045,604,397,363,203,253,146,135,499,216,706,329,378,250,548,355,356
648,1636,336,913,811,997,1041,624,402,346,202,260,162,140,578,262,812,370,421,244,529,376,374
773,1756,336,1013,970,1066,1123,634,409,361,202,255,148,167,572,259,835,363,442,269,565,390,365
695,1640,349,966,949,1053,1079,608,374,357,202,258,159,139,550,236,763,369,391,270,544,374,399
897,1730,388,1083,1027,1136,1129,688,451,426,230,280,163,129,528,245,799,437,412,293,569,372,394
528,1597,330,828,667,917,971,533,357,347,196,230,144,147,565,252,764,341,396,224,564,358,347
661,1701,340,955,791,986,1033,592,401,370,224,260,159,140,549,240,787,361,400,245,561,351,378
594,1597,326,931,833,948,1002,561,366,343,206,240,148,123,477,219,722,332,370,243,532,327,382
707,1728,355,934,850,1004,1067,603,388,379,215,270,152,139,594,257,823,380,430,248,560,360,397
532,1571,347,855,735,908,972,535,345,318,183,245,145,137,545,240,752,354,404,225,530,350,360
625,1633,343,899,804,970,1017,584,357,333,190,242,144,142,560,244,791,351,391,228,550,354,369
623,1665,366,905,723,957,1023,574,366,348,201,255,156,141,591,266,831,346,427,236,537,361,360
583,1643,356,934,783,951,1007,543,342,322,195,244,148,129,539,242,768,340,385,241,542,361,356
727,1631,354,999,933,1056,1064,649,388,314,185,261,148,133,523,233,791,417,416,280,557,311,413
477,1534,318,843,807,864,939,498,304,316,188,232,140,138,505,220,736,356,373,224,520,353,333
723,1731,372,962,845,1003,1099,591,398,370,234,256,162,145,600,264,840,385,429,255,547,371,403
518,1565,342,847,704,894,977,553,358,328,193,227,146,138,529,236,758,342,395,245,532,365,340
635,1658,337,887,903,1002,1003,594,376,342,221,244,157,141,538,233,784,381,397,248,534,343,365
644,1602,341,925,871,992,1061,604,395,368,207,255,150,145,517,223,751,387,388,259,557,365,367
659,1580,344,975,1045,1018,1055,588,384,347,193,267,151,148,529,223,739,362,400,273,530,356,371
548,1584,346,852,806,923,955,538,346,332,200,251,145,125,516,227,735,333,380,226,561,341,369
615,1752,356,875,722,948,995,540,384,366,219,243,152,146,570,253,820,421,431,224,528,357,370
846,1666,385,1159,1002,1073,1173,651,417,375,226,280,162,142,566,248,771,363,437,317,567,382,438
566,1613,337,911,798,942,1029,547,364,327,206,242,145,139,531,226,757,339,399,241,536,361,364
560,1575,347,875,797,914,998,544,370,343,199,248,157,144,534,242,714,340,378,229,536,361,382
560,1634,341,880,660,913,984,559,367,322,207,233,148,136,580,244,804,352,418,223,537,371,344
635,1628,367,887,773,1020,1026,596,431,374,218,262,148,147,580,270,786,337,398,242,554,363,372
687,1612,366,952,854,1010,1099,602,396,381,219,265,166,137,559,244,754,350,390,248,539,371,407
662,1784,336,925,820,962,1040,571,359,352,210,240,151,138,604,259,871,396,423,227,552,376,379
631,1598,335,870,677,963,986,613,424,415,231,258,152,120,509,221,698,369,355,226,541,335,360
602,1627,353,873,695,913,1045,566,381,353,198,250,146,142,550,244,777,351,410,239,577,358,358
774,1732,362,1060,911,1017,1139,614,413,382,214,270,162,154,573,245,825,395,437,283,556,400,414
627,1572,345,1000,849,943,1042,589,360,338,181,242,140,121,541,243,758,300,414,259,534,341,393
587,1569,330,890,734,932,1020,559,383,365,210,242,148,140,507,230,742,380,358,240,552,357,364
540,1548,338,825,731,906,973,555,353,344,195,234,138,137,535,242,759,370,395,227,568,348,338
623,1660,338,861,688,948,965,590,393,369,208,245,152,145,564,251,792,346,414,242,563,367,359
711,1627,339,956,796,1004,1054,663,422,369,218,262,152,145,524,232,806,345,406,255,551,375,415
613,1578,349,911,826,947,1023,593,393,359,194,253,153,130,541,229,729,359,387,252,557,366,371
748,1675,361,975,855,1045,1083,646,413,390,213,279,155,137,575,240,796,385,418,263,557,340,420
526,1521,338,849,716,865,974,529,361,351,199,244,143,133,509,217,692,343,360,224,544,333,349
547,1556,330,848,743,938,982,565,363,337,194,245,142,124,542,230,735,374,389,213,539,340,365
580,1637,348,884,755,912,1027,548,363,333,207,252,153,132,580,258,808,342,407,235,544,369,373
613,1610,324,900,746,953,1017,581,394,373,203,265,152,140,517,228,758,390,397,231,523,358,369
628,1699,365,923,797,942,1015,561,378,343,185,244,144,132,581,254,843,337,440,256,550,359,370
622,1703,361,886,680,972,996,597,384,367,202,257,151,146,579,266,864,350,440,238,548,360,360
449,1577,328,836,613,787,911,480,308,311,189,223,138,130,532,230,772,332,400,231,527,344,318
588,1594,335,872,816,987,939,572,378,338,204,241,147,127,512,221,741,381,376,235,547,334,356
785,1707,366,1005,829,1112,1096,653,394,378,216,266,152,141,612,272,838,337,422,286,560,379,380
619,1642,333,940,767,968,981,593,368,350,192,243,142,135,539,248,816,367,419,261,553,351,360
572,1575,328,828,701,938,983,573,370,362,198,243,144,135,510,226,707,362,366,207,547,354,364
672,1665,357,926,768,1009,1071,622,387,346,192,259,149,146,581,261,814,368,429,242,554,373,365
610,1647,359,886,677,912,1045,576,364,348,198,268,158,149,548,242,775,355,398,228,553,363,375
715,1670,383,1031,909,1019,1109,627,379,349,203,276,155,135,575,259,815,350,436,273,547,364,409
545,1564,323,853,716,907,953,550,341,328,190,241,148,113,537,241,767,343,397,227,534,319,361
634,1651,369,910,776,966,1085,581,378,342,208,265,159,156,602,262,838,354,438,245,558,385,381
682,1596,342,925,897,1000,1028,639,418,390,223,257,158,142,540,235,746,351,411,247,537,336,398
557,1666,333,883,772,901,1002,511,350,353,212,245,149,160,574,249,813,315,415,212,533,388,349
729,1767,361,960,869,1069,1099,607,397,366,213,258,159,146,596,250,865,435,438,247,547,385,398
689,1700,335,899,779,980,1061,608,401,363,210,280,154,138,611,268,850,335,437,250,537,329,398
672,1676,363,955,773,1015,1069,609,388,357,203,251,148,145,562,246,806,363,419,252,564,365,371
750,1673,372,993,813,1059,1128,672,411,350,192,276,157,139,570,256,777,366,425,267,551,363,397
591,1648,356,862,713,915,1030,564,368,349,191,275,148,149,562,262,804,376,404,220,564,373,358
593,1576,341,945,827,911,1060,550,369,325,200,245,148,126,554,233,777,343,406,260,555,346,369
608,1566,347,945,812,1020,1065,574,358,335,193,251,148,140,527,217,711,346,377,248,560,368,390
571,1549,353,896,734,926,1039,592,381,329,196,264,148,146,502,228,744,366,396,238,543,370,365
592,1603,345,943,835,937,1007,578,375,355,195,240,141,145,547,245,771,360,425,275,551,350,383
525,1624,354,827,663,867,976,529,332,341,200,245,150,141,549,245,771,346,402,218,560,377,336
642,1580,344,937,977,988,1022,603,420,346,186,262,145,130,559,238,740,349,398,240,539,343,369
612,1551,355,953,875,974,1067,593,375,345,204,251,147,141,512,222,721,300,379,262,554,348,370
721,1634,368,894,848,1036,1075,630,402,384,225,282,166,135,542,240,729,380,390,253,544,357,407
530,1460,335,883,764,928,968,562,365,342,206,259,143,136,456,201,667,340,368,235,559,342,339
620,1620,355,907,791,952,1048,555,377,356,202,260,149,128,540,228,760,349,418,246,540,350,385
746,1629,340,984,918,1069,1070,639,419,392,224,278,162,144,522,228,736,341,382,269,544,348,408
532,1537,332,848,702,878,950,554,380,363,188,262,140,123,516,221,717,322,389,230,527,307,355
722,1728,364,927,860,1046,1040,615,387,372,207,267,157,140,587,270,795,389,416,253,560,379,410
537,1550,337,840,775,901,975,541,360,353,210,250,148,143,512,230,730,331,386,208,549,352,345
567,1635,351,857,705,908,983,551,356,336,195,245,143,130,574,245,793,356,427,245,523,351,363
592,1608,352,862,763,1029,978,590,394,333,211,262,148,134,550,236,743,363,401,231,554,350,355
462,1477,330,797,653,867,950,528,341,332,203,231,136,120,490,208,675,350,356,205,521,321,329
629,1605,361,850,810,982,1050,627,391,330,196,257,152,126,567,258,787,307,418,218,542,367,378
813,1727,381,977,911,1070,1149,668,441,380,222,291,171,156,572,268,833,381,420,264,556,392,401
787,1610,356,1059,1108,1102,1131,665,392,339,196,263,145,134,541,225,762,376,406,277,562,343,435
796,1644,349,972,937,1101,1130,673,459,379,220,291,162,142,585,261,846,316,423,272,573,372,418
605,1638,359,825,705,977,976,590,407,348,195,251,150,131,543,250,793,365,409,218,523,356,353
609,1560,338,925,843,996,1028,599,401,371,208,259,148,127,533,237,726,341,385,245,538,344,375
625,1703,348,840,754,1016,1011,600,380,345,195,251,148,135,545,237,776,395,393,206,567,348,378
489,1623,347,765,648,828,972,488,318,312,193,238,147,150,582,257,826,344,433,210,541,368,337
522,1478,333,881,810,926,947,555,344,329,189,236,143,111,496,222,674,353,350,244,540,328,365
621,1627,347,890,778,973,1014,593,373,355,202,251,145,122,521,232,759,377,405,230,540,340,367
550,1580,334,918,798,912,1022,546,345,305,180,245,148,137,582,252,780,327,434,257,521,350,363
700,1626,373,919,817,1039,1051,646,406,357,226,262,158,131,559,255,780,334,406,258,544,361,382
636,1669,357,945,857,993,1048,592,374,332,202,246,152,135,561,242,787,376,413,251,546,357,395
701,1694,363,998,873,1050,1095,632,359,353,192,267,151,137,567,252,792,347,410,267,561,374,404
544,1554,354,874,749,917,1003,538,355,323,188,265,151,135,504,223,733,323,389,232,543,362,354
648,1710,351,888,733,945,1029,571,393,352,208,263,152,147,588,254,827,390,436,233,545,385,373
606,1578,336,898,747,962,1058,580,372,366,217,264,155,137,530,226,728,340,375,240,566,354,380
540,1518,340,850,805,896,979,536,364,324,189,243,146,135,533,234,722,320,381,228,545,340,377
694,1673,360,984,807,1023,1098,621,390,339,198,250,155,129,560,232,775,388,412,253,565,353,408
651,1603,362,901,747,1023,1012,596,387,379,219,271,154,137,514,223,705,393,359,238,532,353,382
525,1548,336,895,753,883,999,530,343,321,196,261,145,132,504,232,746,319,382,230,553,332,348
560,1592,331,858,765,945,991,545,363,346,202,234,145,145,534,232,745,354,393,232,543,366,352
465,1637,320,793,621,878,921,505,342,305,186,212,137,151,561,263,830,353,408,214,537,358,319
747,1693,365,998,908,1039,1078,638,416,375,206,268,154,123,570,244,824,380,423,266,547,339,404
626,1723,343,873,775,904,1004,528,368,369,217,251,150,140,581,252,847,362,429,238,547,367,358
584,1691,332,811,674,898,989,533,385,369,216,244,150,150,583,253,835,401,423,201,540,376,346
510,1598,330,800,665,899,948,518,358,340,194,246,142,143,520,227,745,358,403,215,533,345,348
568,1546,359,915,841,945,1013,539,368,328,193,248,148,136,529,230,682,350,355,251,560,352,382
634,1588,369,940,765,990,1061,620,405,348,203,274,150,141,542,244,765,318,407,246,545,364,394
718,1551,360,983,915,1024,1088,645,423,415,237,275,154,129,534,229,712,351,378,250,539,341,420
609,1592,348,844,693,954,1013,596,407,361,195,278,147,139,541,244,737,367,386,217,540,380,351
613,1556,337,888,825,968,1003,592,393,361,203,248,147,120,543,240,730,328,383,233,544,332,374
645,1642,329,926,857,1023,1051,594,387,360,199,232,146,152,564,246,748,411,381,245,520,378,362
585,1662,342,881,694,975,1010,556,376,328,192,250,148,141,569,254,825,356,432,252,561,370,353
930,1732,388,1075,963,1154,1159,712,455,403,231,313,174,126,613,271,815,374,403,307,568,381,456
611,1663,348,874,810,985,1036,578,391,343,197,244,149,152,539,250,771,390,392,223,541,372,352
692,1662,353,968,857,1031,1058,605,365,362,205,245,141,124,566,237,775,348,398,269,570,340,399
556,1607,340,914,784,937,992,533,361,323,192,240,148,144,536,235,742,350,376,247,541,362,373
665,1577,338,934,931,1005,1003,632,397,346,200,264,149,124,532,227,697,354,375,271,544,337,410
522,1581,324,810,676,961,929,550,365,342,196,243,148,141,488,210,692,391,348,207,519,339,346
571,1587,338,863,701,938,983,553,368,353,214,246,148,136,542,232,717,338,352,230,560,354,355
605,1580,336,879,810,1000,943,600,378,343,205,234,143,129,516,221,735,355,378,230,556,326,355
563,1588,335,898,724,923,1020,554,370,358,200,260,148,129,507,226,746,373,367,233,545,352,351
627,1615,347,965,800,998,1063,590,387,355,201,251,158,140,531,237,719,349,379,258,543,368,374
699,1634,345,906,954,1032,1038,637,411,363,204,255,148,142,541,245,773,362,393,247,553,360,386
677,1674,331,868,703,982,1025,611,433,411,227,265,162,133,553,253,784,356,403,227,553,349,374
626,1623,333,915,828,983,999,580,400,335,186,248,151,149,540,224,739,402,352,249,524,365,386
485,1603,323,797,691,842,948,485,335,307,186,245,143,139,535,240,764,336,404,228,527,331,342
710,1752,359,962,837,1029,1049,597,403,383,220,272,157,158,622,265,829,398,420,257,555,387,393
548,1576,337,902,648,873,955,541,361,355,199,252,146,130,527,224,770,346,391,243,546,342,345
590,1672,341,884,701,919,1003,577,375,345,201,255,155,119,550,238,773,386,404,226,537,345,366
680,1671,377,1083,841,974,1107,556,365,352,208,261,152,145,579,254,820,363,421,285,543,387,409
611,1640,364,881,723,944,1011,564,386,369,229,258,164,149,515,215,731,401,391,225,539,374,360
600,1691,349,883,753,965,1028,550,367,337,206,237,155,152,579,255,810,381,427,226,519,381,353
756,1664,376,967,861,1008,1095,594,401,376,218,280,161,125,555,242,771,383,396,263,561,354,412
642,1700,353,894,785,951,1029,560,372,361,198,267,151,125,571,251,806,403,409,242,535,362,401
716,1598,361,1078,929,1023,1093,621,368,354,213,269,157,129,540,238,743,320,405,290,524,347,405
416,1483,311,757,715,822,862,478,306,303,185,214,130,115,490,211,705,311,358,204,544,320,330
727,1523,352,1037,924,1017,1076,607,405,378,204,271,144,130,511,214,685,352,359,297,544,331,423
629,1642,349,947,778,953,1013,566,373,343,202,258,148,131,531,230,767,373,408,261,552,393,384
613,1618,347,907,782,950,1006,573,351,373,208,246,152,126,536,232,755,387,408,242,551,353,388
433,1533,345,809,680,815,925,468,303,291,182,242,140,138,494,217,707,355,375,201,518,354,339
448,1493,323,809,659,848,924,519,316,302,181,242,138,117,480,212,687,358,365,212,515,309,348
625,1612,332,890,721,1038,976,616,380,338,190,246,152,115,559,253,791,341,403,253,534,312,353
595,1580,341,859,757,927,1026,570,369,348,207,268,157,137,538,240,765,335,396,238,553,348,371
582,1634,349,901,770,906,1016,568,357,344,205,255,154,152,542,240,775,369,398,248,529,361,380
538,1637,329,851,689,886,997,519,338,323,195,252,151,158,573,257,802,356,406,224,562,370,352
635,1525,328,947,842,981,1037,607,393,360,199,263,143,130,509,220,737,344,388,262,528,336,358
518,1536,341,812,653,902,983,561,368,338,191,232,148,141,508,228,711,362,371,220,528,357,361
581,1597,338,865,688,939,996,564,387,363,210,256,152,130,515,232,757,349,382,225,560,348,373
587,1573,345,918,792,945,1014,554,365,349,198,248,150,140,511,226,775,358,409,246,545,363,358
579,1533,331,897,738,929,1006,565,381,368,205,242,140,132,515,224,715,345,383,232,546,335,360
536,1586,336,853,725,868,997,523,362,347,198,250,140,159,542,245,794,334,392,244,539,358,335
590,1609,348,892,770,920,992,561,368,386,215,248,147,147,515,220,726,408,386,238,544,365,358
503,1632,325,839,712,878,941,496,337,332,195,235,148,135,554,237,784,356,408,214,536,322,354
631,1607,340,862,738,963,1013,614,401,364,208,257,151,145,562,250,780,370,411,228,540,359,369
501,1569,328,841,712,879,912,523,342,325,198,233,144,118,509,223,745,351,394,220,525,301,358
499,1502,318,850,731,891,984,530,340,338,194,234,139,123,486,218,728,323,368,218,510,321,340
713,1655,361,989,875,998,988,609,415,396,213,250,148,129,559,245,807,370,410,275,548,347,374
550,1605,319,871,722,924,956,541,345,344,201,238,142,137,515,228,748,335,389,235,542,350,360
658,1718,346,929,832,979,1059,575,378,367,225,250,157,139,593,248,805,399,428,240,550,367,407
499,1592,322,847,663,874,962,523,350,321,196,236,147,121,555,243,774,368,393,215,526,341,364
676,1635,368,954,931,1012,1066,599,390,355,215,258,151,150,539,235,746,362,394,242,548,360,385
480,1549,318,796,729,844,892,508,360,334,198,228,143,127,524,235,723,335,371,211,537,312,327
513,1598,329,845,705,870,981,512,334,317,187,235,148,145,561,263,820,348,421,215,534,372,333
554,1715,331,830,690,937,961,550,363,322,197,221,141,144,569,246,815,411,420,218,539,358,349
653,1689,358,883,741,988,1033,604,380,365,210,245,149,151,588,266,829,364,457,240,560,372,383
598,1622,333,868,864,1002,983,569,362,337,211,243,146,149,546,236,756,385,385,233,546,360,369
622,1672,361,870,809,978,1037,576,365,325,196,255,153,148,603,285,835,348,425,246,564,366,353
718,1612,374,985,883,1024,1125,632,400,383,217,277,152,148,557,250,772,329,398,245,558,385,388
555,1530,313,802,734,951,959,595,407,359,203,253,146,138,525,228,718,333,391,216,533,323,337
587,1616,340,933,727,932,1032,557,364,338,193,255,146,148,556,245,778,355,404,245,562,366,362
493,1526,332,854,734,835,977,502,338,320,190,243,145,126,522,225,714,330,359,232,547,335,345
534,1508,318,883,694,947,1018,581,365,340,190,247,142,133,518,231,735,317,390,253,528,347,343
658,1642,368,962,811,948,1066,565,390,384,221,270,156,154,565,251,771,366,412,248,533,377,383
531,1634,351,845,755,886,961,528,346,328,197,241,146,146,552,264,844,351,435,227,535,361,347
637,1620,344,900,840,1044,1020,622,395,347,195,258,143,134,519,228,735,362,402,237,554,343,380
562,1673,340,827,718,918,957,534,364,354,199,248,144,143,560,247,816,368,408,226,570,344,342
620,1635,354,874,779,997,1006,592,393,372,209,261,153,150,561,255,752,383,399,223,532,367,378
583,1570,344,918,816,938,1011,559,373,338,196,263,151,130,527,225,729,354,372,245,552,336,393
493,1518,309,899,717,912,935,528,325,327,189,222,138,125,515,231,728,340,386,235,518,322,342
700,1660,375,943,896,1022,1078,613,394,382,223,279,159,140,572,253,807,355,414,254,578,384,404
686,1738,355,909,819,1038,1022,624,402,357,206,258,150,140,556,247,812,402,419,236,558,363,388
598,1653,339,861,735,918,1034,566,370,367,211,249,150,126,542,239,780,357,401,220,554,342,374
693,1688,351,888,741,1007,1041,632,401,370,212,271,151,154,585,260,816,388,421,240,551,390,369
523,1585,315,792,759,908,900,526,344,346,207,220,146,126,554,244,773,349,407,213,534,317,323
696,1585,374,973,813,1034,1106,662,395,356,207,275,152,144,514,223,735,351,378,251,563,371,402
510,1561,318,828,778,928,966,543,352,322,193,245,147,133,530,225,745,354,405,214,522,341,356
552,1535,357,851,730,903,993,568,387,368,190,232,139,130,511,222,721,350,366,214,558,344,357
712,1636,355,889,856,1036,1042,634,433,358,216,260,162,133,578,257,786,323,412,247,568,340,379
594,1630,352,908,763,948,1038,572,360,331,200,245,149,135,556,248,767,381,422,241,545,340,368
471,1559,315,803,657,850,924,484,324,313,201,216,142,147,514,227,726,355,365,212,530,358,334
521,1609,333,838,675,884,977,522,356,324,193,232,142,144,504,224,752,369,394,220,550,362,345
604,1583,344,902,735,953,1017,555,386,368,222,270,155,148,532,237,745,357,383,244,542,365,370
581,1612,346,857,701,906,1042,540,370,350,194,273,155,130,560,241,799,347,401,223,573,337,375
532,1582,351,858,750,898,989,519,353,329,188,255,152,130,539,254,770,331,387,240,541,340,371
665,1664,343,959,872,1005,1052,583,372,333,202,265,148,129,540,238,762,355,406,262,557,350,364
507,1500,321,863,671,911,985,558,354,337,190,230,142,136,503,221,697,351,380,221,517,335,329
624,1645,357,918,824,936,1015,582,353,348,206,260,149,127,547,243,778,362,395,252,537,331,384
683,1668,353,922,802,1020,1043,630,386,372,221,254,148,149,564,248,758,399,400,242,565,382,360
589,1654,343,871,733,928,1010,565,349,333,187,249,144,140,584,259,846,395,434,228,542,361,377
724,1637,350,995,860,1066,1041,647,392,367,202,267,156,132,571,251,748,328,400,285,543,355,407
650,1715,331,940,734,993,1018,599,377,362,200,256,157,155,599,253,792,402,425,237,537,363,392
480,1602,313,810,680,861,907,499,340,332,195,236,145,130,523,235,731,387,389,208,527,321,335
584,1694,350,878,744,933,946,537,372,351,214,236,155,131,567,251,805,372,414,241,524,357,355
594,1674,353,868,844,942,989,540,364,348,198,235,145,138,539,235,767,397,410,225,550,355,373
568,1548,344,898,747,918,989,547,393,368,225,264,162,129,519,227,703,376,370,245,562,347,362
515,1601,323,857,775,903,968,521,338,309,182,241,142,143,579,255,793,380,425,220,543,338,338
559,1661,336,870,695,899,1019,536,346,349,197,245,143,151,554,251,806,375,415,218,541,380,357
575,1693,346,853,734,930,1003,528,341,350,200,240,144,136,589,255,821,400,432,223,526,351,368
735,1643,374,913,815,1058,1094,648,403,392,228,272,163,165,556,242,771,363,409,236,562,395,403
561,1762,333,824,733,901,982,495,323,306,190,244,152,143,606,277,895,350,461,222,556,363,351
665,1682,353,966,806,969,1048,570,390,366,226,267,158,142,577,254,775,380,398,269,573,366,387
639,1705,335,848,788,1017,1011,581,377,356,209,257,152,159,559,235,808,383,419,228,549,368,375
600,1657,357,893,731,970,1028,581,363,339,198,248,149,137,546,241,772,387,397,236,520,354,374
600,1643,342,936,775,929,1062,536,357,339,193,255,148,138,532,236,757,342,408,250,537,359,370
625,1679,355,908,765,953,1041,569,382,348,203,258,159,145,555,243,790,365,421,248,538,361,383
655,1517,337,895,918,998,1055,628,412,378,209,244,145,138,508,211,700,390,365,235,537,352,383
639,1663,357,911,794,949,978,584,373,350,203,258,149,126,553,244,782,376,413,244,547,362,374
689,1745,365,903,775,984,1046,586,393,388,222,268,167,138,596,257,846,403,438,242,559,379,393
645,1674,338,877,724,960,1041,593,385,360,209,263,153,149,596,266,813,370,425,232,545,375,369
585,1602,320,866,691,924,987,575,348,357,201,250,145,147,546,247,790,349,419,239,525,332,375
577,1728,361,846,718,894,1000,516,342,330,203,252,152,149,586,272,841,382,449,226,544,369,360
531,1516,331,834,765,943,944,562,373,338,201,242,143,139,490,218,717,315,377,231,519,331,339
640,1637,352,880,815,965,1002,596,410,357,209,250,142,134,516,219,753,395,415,233,553,350,360
532,1564,338,831,674,874,964,522,373,368,217,245,151,143,502,213,700,337,356,233,550,341,355
542,1637,322,838,679,907,935,549,366,341,205,235,145,137,525,248,805,389,427,223,562,323,330
545,1623,343,871,726,929,990,537,372,349,193,240,143,130,566,244,806,324,406,233,545,339,348
610,1660,343,864,710,931,1017,562,388,374,222,248,155,145,568,248,786,372,414,231,529,372,381
701,1600,369,953,860,1050,1100,657,435,386,216,275,153,150,545,238,757,340,402,256,537,358,395
656,1673,366,911,734,962,1045,583,385,365,210,265,156,127,577,246,804,348,421,240,550,343,403
622,1657,353,851,731,943,1035,561,380,368,221,260,157,146,584,258,805,385,405,229,539,359,372
596,1545,348,924,820,964,1067,573,379,365,210,259,147,147,517,223,711,368,380,226,533,355,380
573,1540,346,897,804,952,997,537,362,339,211,248,152,144,502,223,678,363,352,259,533,357,370
677,1600,361,955,828,1004,1101,620,395,387,225,279,158,130,540,237,738,350,390,250,548,347,420
592,1541,363,978,837,962,1046,548,362,339,204,264,154,126,538,233,707,340,361,254,551,335,401
573,1592,346,895,789,923,1004,561,341,333,194,244,145,122,523,221,757,335,400,240,570,328,383
570,1554,350,899,754,912,1033,552,362,357,214,252,151,133,503,221,717,380,380,220,521,345,380
662,1633,364,939,742,1005,1036,603,412,377,215,247,154,142,530,228,744,355,394,245,544,374,387
684,1659,347,912,791,1026,1033,617,405,379,211,247,151,133,595,263,813,349,416,256,560,351,363
515,1548,324,846,679,884,950,547,361,352,200,237,138,141,507,235,723,332,369,222,571,349,331
717,1708,347,966,841,1048,1066,625,403,354,201,247,145,133,584,255,819,366,425,266,561,344,375
636,1600,327,915,836,1028,1026,596,390,348,210,251,154,138,551,241,755,390,390,255,559,343,388
767,1746,367,1004,853,1039,1097,645,400,374,207,261,162,153,598,263,844,390,437,289,574,384,414
611,1646,340,910,771,953,1003,571,387,358,203,250,155,143,539,225,753,407,396,258,552,347,365
636,1655,365,897,865,967,1047,578,362,329,189,269,152,131,577,258,809,352,418,245,555,350,397
570,1610,347,884,790,949,993,534,391,333,201,250,142,141,516,220,739,375,386,240,523,334,354
682,1643,363,915,776,997,1070,618,391,380,215,267,155,152,555,232,775,359,404,248,566,381,380
565,1554,345,840,709,920,1034,570,381,340,193,252,150,137,546,250,735,341,394,237,549,357,375
667,1700,327,929,792,1009,1061,601,379,374,220,250,148,151,570,235,809,383,428,263,553,366,381
923,1746,397,1142,1099,1104,1132,694,399,370,206,265,159,143,553,247,792,407,426,321,587,389,437
605,1660,348,875,763,942,1030,573,354,359,193,237,143,140,565,240,801,368,418,234,538,367,356
519,1582,350,855,723,893,985,540,341,314,193,239,140,140,545,236,752,352,388,241,547,326,375
540,1552,327,860,819,950,983,553,363,331,196,248,145,129,524,224,733,350,380,230,537,338,362
585,1658,351,905,788,944,1012,545,357,327,205,235,148,134,564,248,800,378,413,244,547,362,377
521,1553,327,875,682,914,1004,530,339,318,173,247,143,148,560,256,764,347,405,215,544,366,341
418,1562,300,827,675,815,902,454,311,290,196,210,144,141,534,234,744,362,371,222,518,340,318
677,1629,369,936,840,977,1077,608,403,365,211,251,148,157,601,263,798,368,426,233,557,391,375
616,1691,349,890,823,990,1010,598,388,323,188,244,142,130,593,264,840,372,451,226,547,358,372
463,1546,308,830,755,872,956,494,325,305,191,211,138,144,527,233,746,384,393,210,510,355,344
546,1584,318,861,761,900,963,532,355,316,186,246,148,147,537,245,765,363,394,239,528,347,373
571,1612,336,880,753,928,972,547,362,342,187,236,148,145,546,242,788,343,414,240,551,335,353
496,1586,330,860,636,891,936,496,342,322,202,223,142,143,540,233,725,400,377,217,552,353,325
597,1596,336,852,721,967,1002,598,375,360,206,250,150,147,540,237,758,368,397,220,557,359,373
716,1716,349,924,774,1039,1052,625,424,375,222,278,156,152,577,255,811,382,427,266,565,372,402
523,1611,328,828,668,867,959,529,356,330,197,238,141,138,530,235,772,351,395,222,558,347,344
562,1653,354,814,697,930,1023,547,337,354,205,249,147,144,545,230,737,386,398,196,535,370,350
591,1508,348,879,785,955,1004,586,395,376,214,256,153,124,502,216,700,329,374,235,527,346,388
609,1722,350,852,711,965,1009,576,400,342,203,250,154,150,550,233,788,357,403,220,525,372,365
573,1612,351,894,753,935,1063,543,359,338,195,260,150,160,552,246,787,360,422,246,541,370,355
555,1570,356,882,698,908,993,562,369,327,197,251,143,135,504,230,731,347,384,241,537,343,356
645,1740,350,883,741,976,994,586,380,350,223,250,155,144,581,245,802,399,424,230,544,360,374
684,1674,350,957,761,982,1053,599,402,372,217,256,157,150,551,249,794,370,424,269,553,365,388
600,1664,349,912,820,954,1045,546,351,327,199,252,154,152,585,259,840,361,450,238,563,374,385
604,1632,347,913,718,938,1045,540,370,352,212,261,158,156,584,267,787,358,400,246,528,377,384
561,1584,328,812,703,921,971,554,403,362,202,254,152,125,520,228,763,346,402,206,570,337,367
560,1672,332,848,770,952,991,555,380,328,187,235,145,149,564,241,807,332,413,225,517,345,360
676,1663,347,923,765,1010,1069,596,378,374,222,259,162,158,537,234,754,380,390,250,553,379,410
507,1584,328,811,662,896,947,526,344,345,200,255,142,138,478,203,736,357,384,208,540,342,349
471,1625,316,815,699,865,962,478,318,299,191,219,145,143,546,240,766,358,385,204,553,345,349
552,1618,350,861,710,934,973,573,374,322,178,243,137,145,551,250,775,369,399,229,537,358,349
616,1703,340,875,744,976,1000,582,386,349,212,249,156,147,553,239,816,379,435,218,561,354,354
820,1706,373,992,961,1083,1137,677,438,395,202,294,154,142,588,268,832,341,424,264,563,389,432
720,1722,357,987,796,1043,1019,647,395,372,210,260,155,138,591,282,860,368,453,290,563,358,390
839,1734,379,1060,1051,1070,1134,654,402,358,204,270,158,148,613,274,835,374,428,290,556,384,441
718,1692,350,920,934,1021,1071,621,407,363,215,262,155,147,573,248,817,359,413,248,548,361,398
608,1676,350,843,842,987,1022,554,374,339,204,233,148,149,548,241,784,397,421,217,545,390,371
714,1644,337,998,897,1020,1057,675,433,411,204,255,147,141,576,252,805,357,423,266,543,366,380
530,1603,333,816,671,939,978,553,343,327,197,238,145,135,511,219,742,356,384,209,523,361,345
545,1530,334,874,809,921,999,575,366,334,185,263,142,123,516,228,740,311,391,231,543,337,353
665,1648,362,984,940,1008,1036,595,370,341,199,262,154,140,553,248,756,403,405,278,542,359,390
552,1573,316,858,854,919,967,554,351,340,198,237,140,135,501,221,725,341,392,238,525,337,355
556,1634,340,865,685,899,996,554,363,341,195,241,139,154,556,250,813,336,414,223,524,377,340
618,1596,342,900,764,991,1009,613,382,357,211,251,149,145,533,229,737,363,396,251,553,341,387
770,1632,362,997,932,1070,1127,679,430,386,219,262,154,142,570,255,753,380,407,278,527,364,390
537,1594,333,863,710,961,986,557,366,332,200,231,149,142,535,229,744,382,384,217,544,361,361
539,1562,299,898,751,908,985,557,353,320,192,233,145,142,537,236,752,390,384,255,539,344,374
622,1553,325,865,784,1008,993,611,415,384,215,248,150,121,531,235,718,346,376,250,547,334,360
568,1646,346,885,725,921,1018,522,361,325,195,237,148,154,555,250,786,398,413,237,532,379,344
642,1678,355,886,820,1015,1038,599,382,352,208,250,151,165,572,254,797,402,423,235,561,383,368
488,1501,328,808,652,896,955,505,332,329,200,246,148,140,494,222,688,378,355,206,527,351,337
566,1605,340,824,718,934,1016,562,379,354,193,240,140,159,566,241,761,350,406,211,555,368,347
775,1712,365,969,813,1041,1107,643,427,400,236,277,161,153,584,263,803,386,419,248,581,362,372
670,1615,343,936,872,1019,1022,617,390,358,205,249,152,143,545,247,760,366,396,256,556,370,389
779,1775,360,956,834,1048,1095,632,407,376,215,269,158,165,594,260,854,374,441,275,542,396,390
561,1607,325,868,746,928,1004,556,366,363,217,255,155,133,528,240,748,390,390,210,539,359,365
544,1580,336,845,710,884,983,551,365,342,214,247,148,132,501,223,711,363,384,221,542,335,388
540,1623,342,876,720,888,983,531,339,324,188,252,151,132,574,259,802,362,390,218,583,331,369
528,1630,326,804,700,888,947,547,360,325,198,241,138,124,515,223,796,338,406,216,530,322,348
558,1538,328,806,718,960,989,598,391,365,195,244,145,153,508,230,716,288,373,224,545,347,328
695,1592,362,959,765,1054,1078,661,407,398,229,275,155,150,555,240,770,321,404,258,549,377,368
723,1668,358,981,785,1022,1101,633,400,380,211,254,158,156,553,241,764,394,419,280,569,384,392
689,1614,348,1050,913,1005,1102,608,374,345,206,270,156,141,545,233,757,360,407,286,543,356,415
683,1717,348,953,702,978,1079,578,398,384,222,279,160,153,574,256,806,375,397,255,553,385,414
595,1565,344,962,878,952,1069,571,369,313,192,268,152,163,560,260,748,418,402,241,553,376,372
688,1678,348,964,837,1022,1079,584,373,361,216,262,157,155,541,245,772,361,400,246,553,373,385
565,1561,329,833,767,995,970,568,368,338,198,241,146,133,506,221,711,366,376,215,530,331,355
649,1826,357,901,778,948,1047,549,364,338,210,253,160,149,654,306,948,384,491,243,559,362,377
588,1648,354,846,725,945,993,553,364,330,198,255,150,150,564,250,799,390,400,224,564,371,373
801,1737,366,1078,930,1063,1147,636,390,354,208,283,158,140,578,251,800,399,434,288,547,346,437
599,1654,314,844,767,998,1010,585,372,335,211,241,148,141,533,233,756,388,388,233,538,346,347
591,1676,368,874,690,915,998,538,353,345,200,258,160,145,555,250,793,399,409,233,586,345,372
676,1653,355,944,778,1017,1028,627,403,367,220,253,152,153,557,253,799,321,428,260,550,358,374
562,1664,344,794,732,952,955,531,360,355,212,238,150,138,543,226,773,383,396,207,538,343,362
518,1560,349,855,741,897,938,558,369,321,195,230,143,121,512,229,744,317,413,240,522,319,340
514,1553,318,907,745,910,998,523,325,329,184,232,136,144,505,227,703,357,374,237,528,359,358
597,1703,331,916,739,1006,1008,569,370,334,208,228,152,153,592,264,813,411,412,236,542,382,360
516,1607,332,878,696,895,948,511,341,328,188,231,145,138,529,234,774,369,401,225,553,342,337
642,1730,332,855,701,932,1012,574,377,377,216,246,152,153,617,277,855,398,436,222,547,366,360
756,1752,363,995,897,1038,1087,623,403,357,203,261,157,137,623,267,846,362,440,276,558,351,415
581,1655,351,923,745,928,1011,538,353,340,190,248,148,140,538,246,797,382,405,244,545,365,383
473,1609,329,786,650,849,959,478,319,303,176,234,143,154,548,244,789,387,413,205,541,371,352
657,1570,325,978,989,1041,1031,638,352,340,202,224,136,120,538,240,789,321,405,263,548,315,360
580,1601,349,947,837,915,1033,538,350,334,194,255,146,142,559,242,781,369,388,257,542,356,383
589,1587,347,851,693,948,1023,588,374,349,212,255,150,151,554,238,760,348,386,227,559,373,379
610,1687,339,880,780,992,1053,598,368,322,185,249,145,145,575,262,838,364,451,237,522,370,357
563,1625,336,838,773,923,969,536,377,328,198,237,150,132,550,255,795,344,407,220,557,345,364
583,1626,325,855,702,926,965,559,380,348,204,248,148,149,544,252,800,357,417,228,554,352,365
651,1617,341,994,868,1001,1103,604,359,325,196,257,160,152,565,257,786,378,412,275,568,372,381
679,1594,344,941,869,1008,1054,600,388,359,212,257,155,134,575,251,765,330,378,274,549,350,402
676,1690,344,927,869,1062,1056,575,368,358,207,251,154,138,572,250,784,350,406,242,542,365,385
721,1630,356,893,954,1055,1037,659,423,374,203,270,152,145,594,260,810,410,430,245,549,357,398
647,1610,367,969,858,967,1085,584,379,339,194,255,147,140,524,227,738,354,409,264,531,356,383
605,1568,347,919,778,954,1011,600,377,352,202,257,151,140,536,255,771,328,398,253,543,364,361
575,1741,334,837,665,930,938,535,367,354,205,243,152,124,584,250,838,382,431,218,553,327,368
464,1448,315,837,755,893,929,560,331,314,181,233,135,127,480,209,672,283,362,223,508,313,338
626,1613,346,964,871,970,1064,562,361,334,199,246,146,151,553,242,749,329,382,260,546,371,378
604,1606,355,916,755,977,1013,561,363,339,207,244,151,140,531,246,754,368,415,235,533,342,363
648,1684,342,903,840,958,1043,589,382,348,205,240,152,148,561,252,809,393,424,257,539,361,362
492,1582,337,859,699,835,982,495,331,318,201,235,145,137,549,243,776,373,389,228,548,361,349
835,1642,363,1007,919,1139,1103,707,450,431,233,290,156,141,530,222,751,366,404,271,532,353,400
508,1576,323,893,683,920,971,521,346,323,204,235,146,152,521,233,711,360,368,234,535,352,341
535,1652,343,852,693,882,981,507,330,305,196,244,145,148,558,253,780,382,390,236,564,358,367
659,1558,365,957,892,1000,1051,617,398,355,204,270,152,142,492,217,703,364,391,242,551,342,388
602,1588,347,934,853,993,1011,588,372,338,198,234,145,145,533,230,731,368,390,233,557,361,361
676,1621,363,1025,935,1013,1107,554,384,353,203,261,154,137,527,236,743,366,375,283,566,345,395
509,1550,341,859,758,883,1010,500,325,300,184,222,146,145,509,225,722,349,385,235,538,357,365
564,1563,341,848,754,911,963,554,368,365,212,238,146,151,530,233,743,357,378,230,563,368,332
680,1653,372,1027,863,980,1076,566,362,336,195,256,156,139,565,245,762,372,395,273,560,363,400
650,1617,343,963,786,1005,1039,600,387,353,213,265,152,128,537,238,738,370,371,258,558,345,394
499,1606,328,875,720,866,973,487,342,324,193,231,138,150,547,244,752,380,376,227,551,373,376
642,1710,357,891,786,973,1052,575,392,366,220,266,161,150,546,242,794,397,396,228,550,381,383
539,1607,323,825,710,912,1000,544,351,345,199,240,145,154,539,244,767,376,377,226,537,358,328
558,1640,337,843,720,907,1025,535,341,328,199,240,148,156,541,225,765,398,395,218,551,368,349
690,1711,345,950,763,1007,1080,638,409,371,200,255,148,143,581,268,836,372,437,255,556,374,370
617,1638,332,849,826,993,1018,576,354,345,205,240,144,148,536,237,759,403,382,255,533,369,367
512,1597,341,882,636,871,1002,522,334,325,191,247,136,156,546,248,762,377,383,232,557,371,324
578,1662,335,853,691,927,987,561,375,364,210,250,142,142,548,245,787,372,423,222,530,362,353
573,1590,331,865,733,988,993,580,366,358,205,238,150,158,541,244,744,396,391,244,541,366,345
658,1522,372,985,863,1010,1066,608,403,368,207,285,160,138,544,247,744,334,377,275,534,364,403
547,1632,340,814,702,943,972,529,343,350,207,244,150,146,566,240,756,359,404,195,550,364,363
676,1697,339,897,771,1049,1038,607,426,380,223,256,155,146,564,252,804,345,404,246,541,373,363
677,1552,355,995,941,1025,1068,623,407,355,217,248,149,130,525,227,713,334,376,280,539,333,388
566,1537,343,843,741,898,1024,560,399,365,213,257,150,142,552,245,705,315,351,230,542,356,365
812,1739,373,1045,955,1061,1140,635,425,395,238,282,163,145,605,261,825,368,425,282,542,377,416
608,1593,348,891,843,962,997,579,392,358,198,253,147,153,548,236,722,330,357,241,566,357,370
576,1631,347,880,772,944,996,528,360,359,217,262,157,140,518,230,741,386,373,231,540,355,376
517,1688,320,830,688,879,950,510,341,334,197,228,146,154,557,246,785,384,406,217,537,351,356
639,1752,360,924,817,983,1045,542,362,325,207,253,155,143,586,255,781,393,412,248,574,378,389
672,1652,334,888,834,1028,1048,611,407,376,221,262,160,144,570,255,765,369,399,236,533,366,392
578,1569,318,838,862,999,924,580,418,363,228,234,140,134,535,237,762,335,381,225,535,322,342
590,1667,340,930,815,943,1052,555,367,332,201,224,141,166,551,243,788,367,409,239,505,378,350
764,1731,356,1038,930,1066,1100,626,376,365,207,262,149,144,570,246,798,377,434,279,544,380,405
710,1611,360,948,925,1046,1060,657,400,353,190,250,145,145,537,247,809,352,419,268,550,358,370
524,1532,332,859,743,915,1006,531,356,322,195,245,143,134,515,237,732,322,369,213,503,330,359
553,1626,337,904,791,931,1002,537,366,346,213,242,150,139,534,236,760,342,407,227,527,346,356
575,1646,357,831,738,945,1008,564,354,333,193,251,151,139,578,260,794,360,399,206,539,350,375
806,1772,359,1007,925,1024,1123,652,430,386,226,274,156,138,632,280,881,355,461,275,555,372,422
571,1585,348,882,804,939,1010,533,349,337,208,238,147,142,545,242,751,337,386,238,542,350,356
674,1635,347,930,855,985,1045,595,374,364,207,250,150,134,567,248,792,334,422,244,572,340,381
743,1652,365,1027,942,1027,1048,593,423,389,229,275,160,144,506,227,735,346,390,292,555,349,398
669,1690,342,868,797,1021,1014,619,410,388,236,249,152,149,544,246,788,374,407,222,545,372,362
550,1578,333,864,666,918,977,549,378,358,216,251,155,149,506,225,741,359,399,235,541,348,350
585,1713,322,786,780,963,949,580,372,348,196,234,147,134,582,248,822,384,426,204,554,345,340
626,1603,348,933,912,944,993,568,383,350,217,250,152,136,522,235,737,350,362,245,552,361,355
609,1646,374,906,868,945,1017,560,375,366,230,244,160,151,554,234,761,371,402,240,530,366,365
496,1557,334,825,671,855,929,503,360,330,193,229,141,144,520,224,711,344,353,229,549,343,330
604,1617,324,903,785,1008,1018,595,385,358,197,244,147,141,518,225,746,335,406,250,528,354,355
641,1580,346,961,827,990,1070,584,387,371,217,259,149,143,519,228,742,371,376,261,552,346,395
580,1524,337,909,848,938,1023,579,373,350,215,252,152,147,528,228,718,342,388,252,539,350,360
552,1653,332,838,753,935,983,540,351,340,200,244,147,134,569,245,753,388,406,215,526,358,362
713,1593,360,985,1018,1020,1086,624,394,352,202,256,153,144,543,248,764,324,400,265,550,353,391
671,1596,348,975,782,1037,1081,608,407,369,221,262,162,128,520,226,717,328,392,261,552,342,400
493,1545,316,807,680,902,925,538,353,340,208,248,142,142,507,222,715,331,365,215,530,339,337
967,1742,384,1083,1085,1145,1179,694,461,406,222,300,162,150,576,250,814,370,429,303,568,380,452
555,1586,340,865,760,954,1001,564,375,330,204,242,152,143,505,216,730,374,371,233,542,360,366
576,1640,332,865,741,944,992,527,373,353,215,251,151,150,537,240,745,378,391,230,530,353,348
501,1487,327,810,726,911,959,535,350,336,201,231,135,142,484,202,663,330,352,205,549,356,360
666,1627,327,882,775,1010,1000,631,440,380,224,248,146,156,512,231,747,399,401,246,546,370,367
829,1640,335,971,1025,1130,1015,695,490,418,235,263,153,131,510,235,765,329,400,259,560,349,389
658,1605,336,957,787,1002,1019,609,417,383,221,248,147,141,515,223,747,370,391,250,553,351,375
610,1613,374,877,756,979,1016,601,388,348,201,240,148,146,555,255,790,327,412,241,572,368,353
515,1588,312,862,726,907,960,516,358,319,189,238,145,145,526,233,739,368,384,226,548,356,338
625,1702,350,878,763,983,1023,588,382,360,208,255,148,135,570,247,807,374,425,235,554,355,388
710,1622,345,951,825,1008,1081,619,399,378,223,277,163,160,544,244,737,367,371,253,549,377,415
497,1703,328,799,719,905,982,487,345,315,188,235,147,152,592,267,801,376,394,205,554,387,329
630,1570,344,901,827,973,1022,594,384,371,225,245,152,149,515,225,702,330,363,251,552,360,357
590,1623,345,866,855,962,1016,586,377,323,195,258,152,154,532,246,788,344,414,240,545,360,359
457,1572,315,787,677,860,913,502,325,303,185,230,138,131,534,233,769,344,379,206,540,323,337
786,1687,343,1019,991,1084,1061,675,449,390,243,257,156,153,541,242,785,356,411,275,562,368,380
733,1692,349,958,793,1131,1088,655,392,366,205,248,150,160,585,242,759,384,399,258,550,386,407
622,1636,330,863,837,981,1013,608,388,352,205,253,152,151,556,253,810,338,408,248,543,356,355
654,1717,336,827,713,1044,981,628,395,362,199,255,154,151,571,255,838,369,418,223,545,367,353
680,1655,353,942,813,967,1071,582,375,373,210,267,160,145,573,245,783,353,390,254,552,369,393
683,1688,343,929,756,1040,1048,595,422,388,206,264,152,143,567,242,770,362,383,253,531,361,385
504,1645,328,793,664,870,964,490,325,294,190,228,145,140,568,260,810,367,408,211,567,361,321
614,1616,356,948,857,949,1015,553,355,330,198,242,150,136,515,226,755,348,403,263,517,358,398
530,1641,327,829,746,890,951,527,335,312,188,246,143,121,556,238,804,347,418,219,566,339,365
679,1633,337,908,750,1034,1035,653,413,376,210,258,150,147,559,254,778,342,417,241,556,358,362
644,1591,333,913,843,1021,1028,632,398,379,210,251,148,138,545,233,733,366,385,230,514,350,367
636,1673,357,820,749,967,1054,582,391,365,214,255,152,180,567,258,792,377,403,229,563,401,355
485,1633,318,783,716,867,905,516,327,297,181,222,141,128,532,245,798,359,396,199,529,320,346
668,1686,331,906,767,1023,1018,606,394,359,216,260,157,136,554,242,781,362,412,244,539,360,394
677,1609,330,940,834,984,1052,640,396,373,207,262,154,146,534,247,745,356,375,250,586,362,368
530,1567,327,836,734,938,991,556,367,323,193,245,157,147,548,250,736,374,368,213,515,351,352
647,1571,352,892,856,983,1013,613,427,366,202,253,145,138,516,231,737,373,393,244,545,359,359
642,1630,356,901,769,982,1020,611,390,366,214,260,155,140,527,227,747,342,393,247,530,347,381
639,1581,357,896,822,985,1042,607,397,365,214,259,155,141,522,245,738,347,394,232,535,358,390
455,1673,319,769,734,842,913,456,310,312,186,212,138,147,557,236,830,385,426,197,537,350,339
590,1647,349,937,712,934,1017,540,348,338,200,253,150,147,552,251,751,405,401,246,538,339,380
585,1618,325,855,792,943,970,577,381,364,218,235,142,134,527,237,747,355,368,238,555,331,363
537,1551,335,853,717,951,1001,578,351,318,192,239,142,132,508,223,703,340,366,220,539,354,378
631,1608,354,942,892,982,1072,558,380,361,200,262,148,140,544,239,748,363,398,241,551,365,398
735,1680,383,1002,958,1031,1075,602,392,379,215,274,156,135,564,242,787,362,405,259,563,360,428
807,1620,378,1011,971,1055,1113,676,453,395,226,295,164,146,512,223,684,372,368,284,555,342,418
537,1634,328,870,690,918,984,528,335,313,193,245,150,144,545,239,749,385,370,234,521,358,358
737,1662,385,979,1000,1044,1111,617,393,360,210,269,157,146,584,261,770,338,407,255,565,375,400
430,1428,309,780,635,857,921,508,333,312,185,230,141,124,466,202,638,363,334,224,508,319,334
627,1636,370,913,796,975,1067,585,371,340,201,261,157,142,533,243,774,357,398,244,543,359,398
715,1623,356,894,943,1019,1096,610,413,380,215,299,162,142,534,236,723,350,389,235,554,361,393
610,1593,352,941,807,978,994,589,397,338,200,247,145,137,536,235,746,352,390,252,557,350,355
513,1568,340,840,725,904,985,539,339,323,191,243,154,143,533,235,773,334,390,216,550,351,349
642,1634,353,952,821,1011,1032,596,378,370,206,260,156,141,553,245,767,361,393,245,560,353,368
596,1649,337,920,726,959,1004,572,386,344,206,249,148,144,546,242,775,335,410,255,542,357,384
715,1578,347,1030,943,1039,1127,647,402,350,212,245,152,145,564,230,769,323,406,285,548,365,398
626,1671,341,990,824,980,1029,563,365,347,199,233,150,157,555,247,779,350,408,268,553,377,370
732,1675,356,888,894,1124,1061,652,425,368,218,260,159,136,551,245,783,319,419,230,552,376,395
744,1682,348,998,786,1042,1107,645,433,387,215,262,148,139,552,238,778,354,435,264,516,353,397
619,1658,334,901,770,941,1041,561,378,349,201,256,155,146,559,247,779,370,406,234,539,372,368
651,1602,338,955,868,1001,1040,590,380,337,213,260,162,138,535,233,779,341,416,254,512,336,394
710,1646,357,962,835,1005,1055,642,412,375,206,259,157,136,551,232,757,363,395,265,566,363,394
716,1653,361,948,859,1046,1092,625,405,397,215,273,160,143,537,232,721,366,383,242,554,373,407
695,1604,352,961,887,993,1095,631,418,396,210,269,153,142,555,248,773,334,403,255,548,357,373
579,1596,352,937,811,936,1012,570,363,350,200,252,143,132,517,224,765,372,395,251,540,340,359
705,1643,339,892,795,1047,1072,633,393,401,213,272,163,144,544,236,774,350,396,247,548,346,383
595,1653,351,849,748,917,1049,573,364,342,197,263,150,159,562,255,784,353,408,225,541,382,373
476,1556,336,821,775,886,937,503,322,298,181,230,142,125,526,227,755,333,397,220,522,307,360
607,1628,328,927,743,924,986,570,365,339,202,232,151,134,524,234,763,362,405,251,543,323,370
524,1494,332,846,645,915,1013,563,360,342,198,258,145,137,521,235,738,304,380,215,549,364,365
729,1719,358,949,899,999,1098,620,388,344,204,264,154,152,646,288,891,353,462,261,554,388,410
478,1527,349,788,689,883,951,517,331,306,184,226,142,135,533,223,726,356,381,203,539,337,350
603,1643,336,901,688,938,970,575,385,375,208,247,153,144,533,238,783,386,407,253,542,348,377
521,1574,356,850,693,890,981,528,355,322,197,230,148,150,507,237,755,340,387,222,551,362,352
635,1665,361,904,863,977,1035,584,393,352,208,246,150,138,555,242,802,380,407,247,551,379,379
595,1640,340,913,755,921,1002,540,353,348,212,258,156,138,536,231,785,345,414,244,548,359,369
510,1598,350,800,680,914,958,529,331,325,210,235,148,137,524,228,772,354,398,223,516,347,339
580,1609,348,900,730,924,1056,561,370,350,214,255,154,147,539,233,770,350,401,231,549,365,384
537,1578,335,845,649,921,952,549,384,353,201,236,142,133,525,224,775,354,403,222,532,330,348
564,1566,338,870,795,931,990,577,368,334,209,233,148,146,540,240,710,320,360,230,555,337,345
595,1654,341,869,690,945,1010,600,393,342,206,249,154,170,539,240,775,375,403,217,531,386,352
603,1703,348,835,785,951,1026,570,367,321,195,252,156,157,616,277,879,343,437,233,523,389,364
633,1620,342,876,747,962,1034,615,388,393,217,263,155,168,550,236,764,370,380,228,535,380,368
778,1721,367,941,843,1053,1069,682,438,412,224,277,161,153,594,261,832,354,437,253,555,377,405
583,1683,343,778,692,946,948,547,391,343,215,255,158,132,577,260,832,362,416,223,545,338,350
691,1635,365,897,778,1000,1079,635,394,411,227,255,160,172,564,260,794,355,405,242,571,390,358
669,1671,342,846,776,975,1000,609,414,364,220,258,161,125,564,256,799,345,422,210,551,346,376
633,1673,343,894,801,987,1034,581,397,339,205,250,155,150,585,262,838,334,440,244,554,383,374
654,1691,341,901,885,972,1032,577,370,345,200,258,160,149,557,260,844,337,437,246,541,355,395
540,1551,324,834,736,934,923,549,355,342,202,222,137,123,524,222,739,355,373,215,529,328,341
653,1713,342,919,807,961,1035,587,375,360,213,263,155,154,596,270,838,363,423,235,557,363,356
521,1643,314,893,680,890,943,524,344,320,190,248,148,146,556,250,814,362,414,233,526,341,337
576,1583,359,900,792,955,1026,544,358,337,198,252,150,159,516,219,743,358,390,238,539,361,364
613,1588,356,904,815,977,1023,597,399,373,203,256,150,139,491,218,701,339,388,227,559,338,376
706,1637,332,902,868,1017,1015,636,432,368,215,260,154,129,596,256,803,353,419,252,543,313,394
608,1560,351,903,831,1020,1047,627,386,332,191,257,147,141,522,231,732,339,387,227,536,345,381
689,1657,352,871,794,976,1049,602,414,395,215,267,154,151,543,247,828,351,427,235,540,362,368
473,1548,318,798,655,866,898,544,350,316,191,228,140,134,531,238,755,349,379,210,516,329,324
621,1700,334,875,858,975,1002,584,382,357,209,240,165,158,577,244,828,402,423,220,547,363,379
489,1578,333,799,690,900,914,532,338,327,189,226,143,144,505,221,716,396,370,224,534,347,334
641,1652,355,909,749,964,987,590,385,345,198,264,165,122,573,266,863,342,414,241,544,343,371
597,1534,341,913,773,926,1007,565,366,348,209,263,152,139,537,236,730,320,377,248,539,349,372
620,1623,328,861,703,978,1011,594,392,361,214,258,152,145,543,250,784,364,400,228,540,341,372
654,1684,357,818,794,997,1002,618,385,352,202,242,148,160,588,267,869,339,441,215,557,382,369
480,1666,322,799,628,843,969,492,305,304,182,236,153,153,593,268,838,339,408,204,524,348,351
638,1648,345,891,789,981,1011,585,392,341,220,247,154,142,596,265,828,360,432,252,531,369,370
745,1682,355,909,923,1029,1054,640,438,382,210,280,158,137,603,277,838,346,437,266,563,360,408
658,1605,338,934,799,1007,1048,631,396,350,199,260,152,148,554,252,775,338,411,241,528,355,373
631,1667,360,898,731,992,1078,577,382,350,196,260,148,152,593,262,794,355,403,235,558,363,370
693,1652,338,962,929,990,1021,642,389,359,201,250,148,119,576,251,784,300,426,268,555,312,405
629,1693,340,885,702,921,1011,566,365,382,217,254,156,160,572,260,810,373,395,238,558,365,374
723,1631,372,1009,859,1000,1103,645,418,388,205,265,152,144,569,249,805,398,448,265,556,372,392
556,1583,347,825,699,928,977,570,388,370,217,248,147,153,517,230,736,383,370,208,555,367,336
508,1655,327,797,705,852,945,480,336,324,195,249,150,155,578,263,814,357,400,205,539,369,345
671,1623,349,977,769,954,1049,588,400,395,211,264,153,154,564,239,813,354,426,255,565,368,385
616,1571,327,903,720,978,997,597,395,382,218,247,149,136,502,217,715,361,379,225,536,342,349
613,1528,323,913,843,1001,988,605,381,332,192,259,147,119,506,225,691,312,361,250,526,323,368
683,1704,352,912,825,1025,1061,610,392,344,200,266,162,156,574,256,819,365,407,236,543,370,382
514,1670,313,823,663,844,965,496,336,335,204,228,153,151,540,240,782,366,388,213,549,370,335
785,1693,389,995,953,1060,1116,654,419,368,209,282,166,136,603,267,808,330,423,266,568,367,424
631,1585,362,942,803,997,1036,596,401,365,218,265,155,144,565,243,744,395,379,251,556,366,382
530,1659,335,822,741,874,970,507,327,318,194,232,147,148,576,258,866,322,439,209,536,343,343
523,1563,340,846,743,893,975,516,340,306,189,235,147,144,535,242,756,327,396,214,561,340,352
635,1665,357,850,749,988,1012,581,386,374,207,258,158,135,550,244,793,376,413,228,543,355,361
680,1650,349,1001,747,984,1079,604,392,375,204,267,161,145,548,239,773,365,390,265,547,358,392
530,1570,315,833,737,868,968,549,343,326,197,243,142,138,543,247,780,332,397,230,533,347,348
613,1635,353,891,755,976,1050,590,383,342,185,244,150,171,544,245,772,360,402,225,550,383,351
600,1493,329,953,875,1000,989,580,366,351,213,240,145,151,471,197,669,357,349,272,523,350,363
699,1637,375,1014,881,1017,1105,603,367,366,215,255,160,143,552,242,763,355,410,267,555,356,403
625,1652,357,871,714,930,1028,573,372,369,215,266,152,159,564,250,811,375,401,233,572,386,370
586,1660,345,864,725,911,992,541,371,365,216,264,161,150,557,241,787,390,386,226,559,372,362
586,1626,342,905,739,916,1046,546,343,333,192,256,151,152,544,242,782,343,385,242,565,363,376
483,1578,337,828,710,846,962,502,336,316,191,237,140,143,540,246,762,350,374,218,544,342,330
660,1543,370,890,776,1006,1073,632,425,376,209,267,154,150,531,240,703,317,388,245,547,368,374
613,1608,364,853,811,990,990,602,370,340,198,252,148,130,557,248,778,342,413,233,541,342,369
546,1592,355,871,715,914,999,528,370,332,198,245,152,144,532,235,750,370,378,224,531,351,364
717,1688,357,952,821,1035,1068,618,404,370,223,267,154,158,586,262,816,357,424,254,549,360,396
632,1586,333,928,919,1014,1056,603,363,342,197,255,157,128,539,242,757,331,393,244,531,353,380
678,1667,342,891,830,1060,1041,628,376,363,202,260,148,139,560,244,781,324,388,233,527,360,395
718,1682,351,929,821,1064,1065,607,410,372,213,255,152,155,575,247,797,366,439,261,558,360,385
591,1681,344,841,769,931,1019,545,377,315,202,244,154,152,569,249,792,398,413,212,540,366,387
631,1637,333,882,772,1017,1022,592,381,358,208,249,156,150,572,253,816,350,428,229,533,365,373
713,1590,358,949,897,1039,1065,656,408,407,232,266,152,136,517,226,739,365,395,257,542,357,385
645,1652,364,959,748,937,1085,556,364,358,211,260,148,150,586,255,811,355,415,265,540,364,394
680,1663,356,948,813,1015,1057,604,399,371,215,266,155,150,585,260,792,387,426,253,575,369,363
701,1595,361,1022,915,994,1099,608,403,369,205,280,157,155,576,256,802,406,405,275,548,392,385
946,1676,394,1129,1058,1125,1261,690,472,409,232,325,174,141,553,236,784,386,395,305,556,378,449
524,1496,326,864,735,937,980,556,354,339,192,253,141,145,482,225,711,328,365,242,534,347,360
628,1568,347,930,790,1002,1020,600,364,362,201,262,148,136,564,250,743,322,398,251,554,353,379
664,1718,344,894,725,1014,1019,627,402,363,203,240,148,146,568,257,849,361,427,237,534,366,376
486,1625,337,801,678,882,922,498,346,334,195,222,143,148,530,230,788,371,397,205,528,357,333
652,1671,350,910,805,1013,1011,616,373,357,198,250,155,143,574,258,785,384,407,254,544,355,383
572,1605,337,865,746,955,982,567,375,333,194,233,144,149,563,252,790,350,407,218,547,364,354
728,1695,384,993,847,1068,1093,624,403,362,217,263,165,150,570,255,824,358,415,272,568,381,393
659,1575,320,924,833,1029,1029,644,400,364,195,247,139,153,544,241,752,342,402,252,570,348,361
731,1632,347,968,826,981,1040,634,429,406,243,286,167,135,561,262,810,345,424,255,525,334,403
795,1664,384,1064,927,1062,1154,636,407,372,217,280,161,139,593,257,845,364,405,286,570,360,431
575,1568,326,952,818,919,1011,551,348,323,196,251,150,153,519,230,729,362,381,252,528,354,345
689,1627,377,991,880,970,1155,610,368,362,210,274,156,160,515,223,748,363,356,276,568,377,395
589,1532,340,867,830,976,1054,574,368,343,199,256,151,141,503,225,709,352,374,230,541,351,372
582,1660,333,915,748,896,1031,552,357,340,188,244,147,137,570,250,823,334,418,248,526,353,382
559,1546,341,920,874,931,1021,540,335,313,172,215,136,145,517,225,701,332,348,229,540,336,349
580,1624,340,839,707,939,990,567,363,360,202,236,146,151,573,250,778,335,402,212,550,355,353
603,1695,344,881,717,913,1008,539,373,364,208,248,158,159,568,244,817,375,402,243,533,361,368
630,1764,353,925,748,932,1057,554,356,354,211,262,164,158,570,250,851,391,429,244,552,390,380
625,1646,349,921,795,950,1048,575,384,340,187,257,155,155,590,271,842,362,418,252,557,379,372
680,1669,339,900,758,1011,1022,618,419,406,205,260,150,146,592,256,793,375,410,233,565,355,384
549,1690,339,863,755,883,1033,498,349,318,202,250,158,154,587,272,832,355,428,225,563,375,360
659,1610,342,949,817,1005,1007,587,409,356,205,264,156,138,524,228,730,382,363,256,545,360,378
676,1650,359,994,852,991,1038,603,387,362,209,273,156,132,534,229,756,381,397,263,550,348,385
795,1648,355,1052,905,1100,1118,699,420,370,196,254,156,171,584,254,808,350,420,289,568,398,385
728,1683,380,960,831,1011,1064,618,415,387,225,285,164,141,552,240,772,372,406,252,562,349,410
752,1721,372,958,802,991,1078,637,412,403,228,263,153,154,603,262,861,351,440,272,560,387,390
467,1559,315,814,682,884,923,501,315,306,187,220,146,136,528,233,734,347,373,212,529,310,332
554,1597,349,855,752,944,1000,544,370,336,217,250,150,152,512,224,738,372,378,222,532,362,367
615,1758,348,855,718,886,1024,517,355,354,214,256,159,145,620,274,888,384,467,230,541,377,367
525,1576,333,829,688,885,985,503,341,353,194,270,153,150,549,255,759,365,391,225,533,368,365
559,1636,344,873,702,888,1002,530,350,333,193,250,162,128,543,235,787,375,403,227,526,342,389
596,1578,342,925,884,970,1013,578,359,343,195,238,138,139,545,233,742,337,402,252,539,350,352
774,1736,360,978,903,1077,1131,651,417,352,210,250,155,144,603,273,873,334,456,261,564,370,400
632,1620,367,1000,821,951,1027,557,314,295,183,251,150,149,591,256,788,367,398,278,564,369,392
593,1658,362,860,745,942,996,562,361,358,210,245,152,140,548,240,790,370,400,224,542,363,367
566,1625,350,923,713,888,1032,509,336,342,194,254,149,145,574,257,805,336,402,246,543,356,369
605,1613,336,873,743,983,1036,584,393,359,200,240,148,143,539,236,781,363,392,241,544,366,355
761,1658,368,935,918,1047,1105,657,419,413,225,287,158,135,568,253,800,342,436,247,560,357,400
664,1675,348,883,715,966,1051,593,376,378,212,257,150,148,569,255,812,349,421,238,565,377,374
541,1538,344,843,758,900,987,543,351,330,194,255,152,140,556,245,755,310,383,233,545,338,364
640,1645,352,910,855,965,996,601,411,355,212,268,158,136,591,263,803,366,419,238,542,345,377
596,1628,328,920,805,987,995,583,350,318,194,245,148,134,530,227,753,357,410,245,523,340,370
662,1718,357,902,774,1012,1040,592,380,334,203,224,154,150,621,270,843,372,436,237,560,374,350
656,1630,338,877,743,1027,1026,620,397,357,208,277,157,151,579,263,792,330,396,242,544,364,383
636,1586,343,944,758,989,1044,625,398,344,195,262,150,142,545,244,753,297,389,255,543,341,390
674,1663,346,891,818,1005,1054,610,400,372,220,262,159,163,591,252,802,341,418,225,549,391,372
560,1555,326,890,705,960,990,575,367,335,197,247,156,133,525,237,753,324,377,225,553,334,353
491,1593,327,826,660,887,935,518,342,297,198,228,145,149,553,234,778,375,404,216,519,343,330
618,1588,357,905,735,955,1051,581,369,318,200,267,152,149,548,250,780,332,357,230,541,360,382
825,1724,373,1079,1001,1111,1172,682,403,372,220,280,166,156,601,266,814,354,444,300,559,377,403
739,1637,373,988,914,1054,1169,651,402,344,215,270,161,158,574,240,781,335,405,245,543,384,411
574,1655,338,855,729,952,996,557,373,365,206,242,148,145,548,233,749,353,390,225,531,345,352
750,1606,367,1039,851,1065,1077,683,435,388,222,279,162,133,552,246,743,358,387,295,536,321,399
600,1587,351,910,752,952,1029,572,383,355,193,254,149,146,581,256,766,340,388,231,572,336,373
681,1640,346,942,812,1000,1052,607,388,354,209,260,165,135,543,246,785,338,397,262,553,367,390
946,1750,364,1043,1015,1189,1129,738,476,419,248,307,172,140,578,267,853,350,453,295,597,377,414
640,1661,360,837,778,1009,1040,591,384,370,220,269,160,146,555,230,756,365,370,220,532,380,389
704,1656,333,952,772,1012,1058,610,413,385,210,261,155,157,533,231,771,382,362,266,568,360,385
640,1600,350,877,733,1030,1007,623,401,375,206,260,155,143,551,251,772,332,414,244,537,346,382
543,1608,330,863,708,925,1032,535,354,325,193,240,142,151,540,244,736,382,374,225,536,351,358
538,1554,344,858,708,940,967,541,363,353,205,235,151,144,519,228,711,358,367,232,525,358,370
688,1585,350,933,855,984,1052,638,425,370,215,275,154,135,556,250,759,335,401,257,545,338,388
547,1706,347,838,697,879,1027,503,336,334,203,231,155,152,610,265,851,366,416,221,538,384,339
655,1589,338,965,861,993,1045,612,384,347,215,262,155,146,526,222,723,385,389,262,544,355,392
789,1641,390,963,929,1096,1126,687,423,368,203,271,156,130,596,260,798,339,393,270,565,366,419
506,1662,328,806,665,870,934,516,337,303,197,238,148,153,557,250,822,355,423,208,551,370,343
694,1696,348,935,728,983,1035,611,396,383,216,280,158,148,593,273,832,371,423,243,588,373,378
531,1585,328,828,738,892,943,522,351,303,190,245,144,142,502,222,732,344,374,225,533,342,369
525,1604,323,808,746,923,981,543,358,335,206,237,146,157,534,232,766,351,402,208,546,362,358
570,1534,352,882,698,967,1041,581,343,335,195,245,144,140,527,233,718,334,374,238,538,360,368
558,1621,338,838,788,942,1009,556,354,338,192,242,141,148,543,234,766,324,393,226,543,352,345
695,1675,344,966,853,1024,1072,628,383,330,195,248,152,120,578,247,790,358,421,264,537,340,414
593,1592,323,893,853,938,1034,575,368,345,195,247,148,134,533,238,790,325,402,234,526,329,388
535,1682,349,818,733,896,969,511,332,314,182,224,146,142,573,253,809,382,405,221,549,355,372
645,1590,350,906,797,994,1054,615,431,360,202,263,153,151,564,252,742,333,391,230,560,366,373
622,1568,360,900,831,1017,1040,586,386,333,195,257,150,144,539,230,753,319,391,250,554,361,379
582,1621,340,836,807,958,984,564,377,358,207,250,150,154,589,258,812,314,420,220,524,369,353
642,1548,342,880,785,1028,1015,650,415,382,203,250,148,155,530,236,739,323,370,236,531,358,354
846,1811,385,955,881,1077,1082,669,435,414,234,278,168,135,577,247,853,407,460,252,571,381,416
