weight_kg,stature_cm,neck_base_girth,chest_girth,waist_girth,hips_buttock_girth,shoulder_girth,thigh_girth,thigh_low_girth,calf_girth,ankle_girth,forearm_girth,wrist_girth,shoulder_length,sleeveoutseam_length,forearm_length,crotchheight_length,waistback_length,thigh_length,chest_depth_length,head_girth,biacromialbreadth,scyecircoveracromion
81.5,177.6,43.6,107.4,93.3,97.9,115.1,61.0,39.1,37.3,22.2,29.9,17.5,14.5,60.0,27.3,87.7,50.1,41.9,25.9,58.3,40.1,155.74845360824742
72.6,170.2,42.0,102.1,87.0,94.4,111.9,57.2,37.1,35.7,22.0,28.9,16.7,14.1,56.4,25.4,85.1,43.2,43.0,25.3,56.8,39.4,167.3832713754647
92.9,173.5,43.4,112.0,96.4,105.4,127.6,68.5,40.9,41.2,23.0,35.7,18.0,16.7,60.4,26.8,85.4,47.2,43.6,26.7,57.3,42.7,179.66666666666669
79.4,165.5,44.6,111.4,85.7,99.1,115.5,60.4,39.3,39.5,23.0,31.8,17.6,14.8,55.0,24.9,76.9,46.1,39.5,26.2,57.6,40.1,172.36891891891892
94.6,191.4,43.0,104.8,86.8,102.9,123.1,67.2,45.8,42.5,24.7,32.4,18.8,18.0,64.1,30.2,101.4,46.7,50.5,23.2,56.6,43.5,165.81842105263155
80.2,172.0,42.0,106.6,95.0,97.3,117.2,60.7,37.2,38.6,21.6,29.8,17.1,14.5,60.5,26.3,82.8,45.9,41.6,26.6,57.6,40.4,173.36725978647686
116.2,181.0,49.7,120.8,107.3,113.9,133.1,75.4,47.3,46.7,25.7,37.6,19.5,16.4,61.3,29.6,87.4,51.5,44.0,28.9,61.2,45.3,
95.4,185.0,45.5,108.7,101.0,106.8,118.8,64.4,44.0,40.4,25.4,28.7,18.5,14.4,64.3,28.1,93.4,50.0,44.4,27.1,55.1,42.5,169.72456140350877
99.5,177.7,46.3,118.1,106.5,106.1,121.2,63.5,42.1,41.2,23.0,34.4,19.1,14.3,58.5,25.6,87.5,51.0,43.1,28.1,57.8,41.5,176.26865671641792
70.2,181.1,42.8,96.4,82.4,91.6,109.4,52.5,36.1,36.8,23.3,28.7,17.9,14.7,63.3,28.9,90.9,46.1,45.8,21.5,54.9,40.6,150.45285714285714
88.2,178.0,47.3,111.7,99.4,102.7,120.3,62.4,39.1,37.7,21.8,30.4,17.4,14.4,58.0,26.3,83.9,51.2,42.5,27.0,57.8,41.2,194.42662116040952
70.1,173.3,42.1,96.1,86.6,92.8,112.6,56.7,39.0,34.3,20.5,28.1,17.1,16.0,60.0,27.0,87.2,49.5,47.8,23.4,54.8,40.8,166.3820895522388
103.7,181.4,46.8,115.1,98.6,108.2,127.5,68.9,43.6,46.0,24.4,34.2,18.3,16.1,65.0,28.3,92.3,49.1,48.9,28.2,58.0,45.3,173.81655405405405
111.6,186.1,49.6,123.1,104.5,111.2,135.4,70.4,44.1,43.4,24.1,35.0,18.4,17.3,64.4,28.9,91.3,50.5,45.8,30.1,60.6,46.6,180.33757961783436
89.6,170.9,43.9,106.0,100.7,113.6,114.9,69.5,43.9,42.1,24.3,32.2,18.3,15.6,57.2,24.6,80.4,48.0,43.4,25.4,56.5,41.4,160.81368821292776
92.4,174.0,46.5,109.2,103.3,100.9,122.4,64.0,40.0,43.3,23.7,33.8,18.7,14.0,61.9,27.4,88.5,47.7,45.3,25.5,56.7,41.3,176.37113402061857
77.9,169.4,43.6,108.5,90.8,98.5,114.5,60.4,39.3,40.0,23.1,29.6,17.6,13.7,57.1,25.7,81.0,45.2,43.4,25.0,57.5,39.8,172.8109090909091
96.9,176.6,42.8,111.8,102.8,105.1,115.2,67.4,42.1,44.7,23.3,33.7,18.0,14.1,59.5,27.3,86.0,48.8,44.0,28.1,55.4,38.5,157.168115942029
76.0,174.8,42.6,99.9,87.4,97.4,114.0,61.3,38.5,35.8,20.5,29.7,17.0,13.4,57.6,26.0,87.6,45.1,44.8,22.9,56.7,39.4,158.23576642335766
90.8,179.4,41.3,112.7,99.9,103.5,114.6,63.2,40.8,39.5,23.8,29.8,17.5,14.6,61.1,26.7,86.1,47.9,45.3,25.5,58.2,39.9,161.42508250825082
71.4,178.0,41.4,100.0,83.7,92.9,112.5,55.3,36.7,35.5,22.8,28.8,18.7,15.9,60.0,27.3,86.3,45.9,42.6,22.3,58.8,42.0,140.8783783783784
74.6,168.0,40.6,97.7,88.0,101.3,112.1,63.8,37.6,38.0,22.2,29.9,17.2,13.3,56.3,25.4,78.5,43.7,40.1,23.3,56.8,39.5,164.79962264150944
79.2,165.3,41.8,107.9,97.8,102.9,117.0,63.9,40.5,36.3,22.7,29.0,17.4,13.1,55.2,25.4,80.7,44.9,41.0,27.1,57.3,39.8,150.12173913043478
91.5,195.9,43.2,101.1,82.7,100.8,120.3,64.6,40.7,40.3,25.0,30.6,18.5,16.2,69.6,31.7,101.9,49.6,51.0,23.4,57.5,44.0,155.53846153846155
96.5,175.5,44.0,109.8,103.0,105.6,116.0,66.5,42.4,46.2,25.1,32.5,18.6,14.4,59.7,26.4,81.9,47.7,44.4,27.4,60.0,41.0,157.52226148409892
67.5,163.0,40.1,95.7,88.5,92.3,103.1,58.8,38.1,39.5,22.0,27.6,15.7,13.8,52.9,24.0,78.8,47.1,40.1,24.7,55.2,37.5,150.95774058577405
107.3,182.5,44.7,115.8,113.0,114.6,123.8,70.6,43.2,41.6,23.5,32.7,18.4,15.9,60.0,26.3,86.6,50.2,45.9,27.2,59.0,44.2,173.12292358803987
79.3,179.5,40.4,96.4,91.2,99.6,109.5,62.1,41.2,37.0,21.9,28.1,18.0,15.1,58.2,24.6,85.7,48.3,44.5,22.4,57.5,39.5,123.2542857142857
78.2,174.5,40.9,97.1,86.4,101.6,108.4,63.5,41.4,38.0,22.9,29.2,18.3,14.2,60.5,27.4,85.7,45.4,43.4,24.4,57.1,40.3,143.708
88.2,181.8,43.8,105.7,96.5,104.8,113.5,64.6,41.6,40.7,22.4,31.4,17.6,14.5,57.7,24.9,86.4,50.0,42.8,26.1,56.8,40.0,148.81949458483754
71.5,188.1,43.6,95.7,77.7,91.5,114.1,53.1,36.7,36.2,22.3,28.4,17.9,15.3,62.5,27.4,92.4,49.9,46.5,22.5,58.3,41.4,145.9425
94.7,176.0,42.8,110.8,106.3,109.2,114.1,68.4,43.7,43.6,23.8,31.7,18.6,14.8,63.5,28.1,85.4,50.7,40.3,27.2,59.5,40.0,165.8231292517007
66.5,167.5,40.0,94.7,87.0,91.7,104.0,55.7,36.6,35.8,21.0,26.3,15.8,14.3,57.8,25.6,82.2,45.3,42.3,23.8,55.4,39.8,147.05447154471545
87.9,185.2,42.5,104.3,96.6,104.7,118.2,61.7,41.5,40.0,22.5,31.2,18.3,16.0,65.0,29.1,92.0,50.7,49.8,24.6,57.0,42.8,147.64087837837837
67.5,178.5,43.8,96.5,80.6,93.1,112.3,52.8,35.7,36.8,22.3,27.6,17.1,15.9,59.4,27.1,86.5,46.8,45.7,22.8,56.0,42.7,130.93866171003717
88.4,179.1,44.2,117.4,109.6,101.5,115.4,62.0,39.1,38.1,22.0,29.4,16.8,13.6,63.4,27.8,86.7,49.2,43.3,27.0,57.8,41.0,165.69498327759197
69.5,168.5,38.9,95.1,89.5,94.1,101.3,63.7,39.6,34.0,19.3,26.5,15.5,13.8,58.6,26.1,81.5,45.8,41.7,23.9,56.2,36.1,132.98844621513945
121.8,185.0,43.8,118.2,121.4,122.1,125.3,78.1,48.8,43.7,25.5,35.8,19.7,17.1,63.5,29.3,89.2,52.8,44.4,28.6,57.7,44.8,174.5723076923077
71.9,173.7,42.5,98.1,79.0,93.1,114.7,59.4,37.9,36.7,21.8,30.7,17.2,15.0,61.1,27.4,85.7,45.6,41.5,23.2,58.3,39.5,130.8
88.1,174.3,45.6,108.6,100.2,103.2,120.9,61.3,43.1,39.3,23.0,30.6,18.0,15.4,57.0,26.3,81.8,48.1,39.7,25.1,60.5,42.2,167.6299651567944
57.5,174.4,39.6,86.5,74.8,87.2,101.2,49.7,31.8,34.8,19.3,26.8,16.1,14.0,59.3,26.5,83.6,47.7,43.7,20.1,57.7,38.6,119.48443579766538
87.6,167.9,46.4,120.5,104.3,102.6,123.3,62.8,41.2,38.9,22.7,30.0,17.4,14.9,55.9,25.8,82.3,48.3,40.2,28.0,56.3,42.0,187.80267558528428
85.0,183.6,43.0,101.3,86.4,99.8,115.0,62.7,42.9,39.8,24.6,31.3,18.2,15.5,57.8,26.3,87.0,49.2,44.0,25.5,59.4,41.3,158.30532319391634
86.5,173.0,43.7,115.2,96.9,98.8,124.4,63.0,38.8,38.2,23.1,30.7,17.7,15.2,56.3,25.7,82.9,47.1,44.3,27.3,59.0,42.8,163.8
95.8,176.2,44.4,109.6,109.5,111.5,116.7,69.8,44.0,42.0,24.0,31.2,17.7,14.1,57.5,25.9,84.1,47.5,40.7,25.7,56.8,41.0,165.2983606557377
66.7,166.9,39.6,95.7,77.0,90.1,108.6,55.1,38.8,37.3,22.7,27.9,16.4,14.7,55.2,25.0,76.5,43.6,38.0,22.9,57.3,40.4,144.6212686567164
70.6,174.0,41.5,98.5,84.0,97.3,110.0,57.0,36.4,33.6,21.5,29.5,17.8,14.0,59.0,26.2,83.8,46.6,39.9,23.4,55.0,38.8,157.88970588235296
84.7,170.9,45.3,106.3,102.8,100.2,119.0,65.2,41.2,38.5,21.3,31.1,17.0,14.3,58.9,26.1,81.5,49.4,42.3,27.9,58.3,40.7,173.94545454545454
101.3,187.9,46.8,113.7,102.1,106.3,119.5,64.2,42.1,40.4,24.5,34.0,19.1,14.1,58.7,26.2,90.4,49.2,46.5,29.2,59.0,39.1,173.5846975088968
85.6,167.4,42.9,110.6,106.1,105.1,112.3,65.8,42.5,41.7,23.3,29.6,17.0,13.8,56.2,25.4,78.9,50.6,38.7,27.4,55.8,39.3,174.45584905660377
109.5,177.9,44.3,116.6,113.9,124.3,125.4,77.3,51.7,45.5,26.2,32.7,19.0,13.9,58.1,26.9,82.9,47.9,41.7,27.4,56.3,41.6,156.79440993788822
83.4,184.4,46.1,108.1,92.2,100.7,116.4,62.8,39.9,36.4,21.3,29.1,18.2,14.0,64.2,29.0,89.4,48.1,44.1,24.3,58.2,41.9,143.1393103448276
72.7,163.7,42.3,100.6,99.5,98.1,107.3,58.2,38.7,35.8,20.6,28.9,16.0,12.6,54.8,25.5,80.1,46.5,42.3,23.8,53.0,37.9,152.77686567164181
98.6,175.4,47.5,115.3,104.7,103.0,118.7,66.2,44.7,43.3,25.1,31.6,18.1,13.3,59.6,27.4,83.3,49.5,44.3,28.9,57.4,39.9,174.5187074829932
77.3,170.4,44.9,103.7,88.5,95.4,115.5,58.9,39.2,37.7,24.2,33.0,18.2,13.8,53.0,24.7,79.6,48.5,39.2,24.1,57.8,40.6,154.2491039426523
140.0,184.0,52.8,146.9,137.9,126.5,130.9,78.1,50.0,45.6,26.0,37.9,19.7,14.7,65.0,30.2,89.7,58.0,43.6,38.3,59.5,44.8,194.6526170798898
67.4,178.3,39.8,90.1,75.0,89.7,109.3,53.2,35.9,37.3,20.8,29.1,17.7,14.2,64.7,30.4,91.1,42.5,47.2,20.5,56.8,39.4,126.351171875
88.4,174.8,42.2,107.1,97.0,106.7,118.4,67.1,41.8,41.8,23.2,28.9,17.1,14.7,56.5,24.8,81.3,46.2,40.9,24.7,58.2,40.3,156.39437086092715
98.8,170.3,49.5,126.3,106.8,109.9,125.2,64.6,40.5,37.3,21.5,30.6,17.9,14.6,59.1,25.8,83.9,52.1,42.7,31.3,57.4,44.0,182.66188925081434
95.2,185.2,44.0,114.6,101.2,102.3,123.4,61.3,41.6,41.1,24.2,31.4,17.5,16.9,61.7,28.1,89.0,50.3,44.4,27.0,58.0,44.9,175.54968152866243
56.6,160.9,38.1,85.8,75.4,87.7,103.5,51.8,35.1,36.7,20.3,26.1,16.1,14.2,55.4,25.6,78.9,44.2,40.1,18.9,55.7,38.0,119.97759336099584
71.7,170.9,42.5,104.4,92.6,96.8,113.0,59.2,37.9,36.0,19.0,29.0,16.7,14.0,58.1,25.8,85.2,44.4,43.2,23.7,56.4,41.0,144.58144329896908
71.7,183.5,41.0,90.4,82.7,95.2,106.5,54.7,37.2,39.3,23.4,27.0,17.6,15.5,63.0,28.2,90.0,47.5,45.4,20.5,56.6,39.7,122.43649122807017
80.2,167.9,45.2,103.3,94.0,103.2,114.1,62.1,41.8,41.0,22.3,29.6,17.7,13.6,59.4,27.1,82.4,46.6,42.8,26.7,54.7,40.0,157.42767527675278
98.8,174.2,47.2,116.0,113.3,107.4,116.1,68.5,43.6,40.3,22.2,32.1,17.9,14.2,58.3,26.6,82.1,51.9,43.4,31.0,56.6,40.8,169.41580756013747
66.2,169.8,41.1,97.1,84.3,92.2,103.7,56.7,37.1,34.5,20.6,26.0,16.9,12.0,56.1,24.6,82.5,45.4,39.8,22.9,56.7,37.3,144.89140625
80.7,167.1,45.7,105.0,102.1,102.5,111.2,62.1,41.5,37.0,23.0,29.4,17.3,13.5,57.9,25.9,79.2,46.1,41.7,25.0,56.9,38.1,136.71875
105.3,185.0,47.5,121.3,106.1,108.7,125.8,65.8,43.7,40.4,25.0,31.8,18.9,15.5,60.0,27.0,92.6,48.6,48.6,30.7,60.0,44.7,196.44882154882154
68.3,175.4,40.5,94.4,78.6,93.9,111.7,54.8,36.9,36.4,22.2,30.1,17.1,15.3,60.0,27.1,86.2,44.0,44.0,20.4,55.2,41.9,129.25017921146954
74.9,161.9,43.0,98.9,85.5,95.2,114.3,61.4,40.6,40.5,22.3,32.8,17.1,13.8,55.0,24.6,78.6,43.3,42.2,24.4,57.5,39.5,152.43984962406014
73.8,177.2,41.3,97.5,83.0,95.6,111.6,59.3,40.8,37.0,23.1,27.0,17.0,14.9,57.5,27.2,86.0,46.1,44.3,21.4,57.0,41.5,123.4556313993174
60.4,170.5,38.8,93.9,74.3,82.3,106.7,49.8,34.1,33.0,20.1,28.2,16.2,13.2,60.0,27.5,87.4,39.6,44.4,23.0,57.4,37.2,137.45817490494295
77.4,161.9,42.8,109.1,96.7,99.9,114.3,58.5,40.0,37.8,21.5,29.5,16.4,15.0,54.3,23.7,77.5,44.3,38.1,26.7,58.0,39.6,168.71535714285716
76.8,172.6,43.3,98.3,92.2,97.6,115.6,61.4,38.1,37.3,21.3,28.7,17.5,15.7,54.5,24.8,80.9,45.8,41.3,23.6,59.2,42.1,136.72007042253523
102.2,184.0,42.9,112.9,112.0,111.6,119.2,69.4,42.4,40.5,24.0,31.8,17.5,16.0,62.0,28.7,90.5,49.1,44.7,29.6,58.3,41.1,192.34814814814814
96.3,174.3,47.4,120.5,106.0,107.1,121.7,60.9,42.0,42.7,24.0,32.0,18.4,16.7,59.0,26.2,82.5,48.0,42.9,28.0,56.9,43.4,192.0841584158416
92.3,167.4,45.2,112.3,103.0,108.1,120.1,68.5,41.9,41.0,23.3,33.0,17.5,13.5,57.8,25.2,76.5,49.0,39.0,29.3,55.7,40.0,183.72610294117646
98.8,175.0,45.7,112.9,97.4,107.3,126.4,68.7,43.3,44.2,24.3,34.9,19.0,16.1,58.5,27.5,87.2,49.7,45.0,26.5,58.5,43.9,164.1481228668942
88.7,181.9,45.0,104.8,84.4,104.2,127.1,63.6,38.7,38.3,23.7,31.4,17.8,16.5,61.5,27.4,87.6,45.4,44.9,25.2,56.3,44.7,177.29605734767023
98.7,179.9,44.6,106.3,96.9,102.2,118.9,66.9,46.3,43.6,26.3,33.4,18.5,14.4,60.5,27.6,91.5,45.9,45.4,26.5,62.8,43.1,154.92659574468084
85.2,175.0,41.2,109.8,101.0,101.7,117.3,63.1,39.9,36.5,21.8,30.0,16.6,14.8,60.6,26.9,87.3,46.4,43.1,27.1,58.7,40.5,172.0332129963899
74.8,172.3,42.2,97.2,89.2,97.2,114.0,58.8,39.6,39.9,22.6,28.4,17.8,15.4,60.3,27.1,87.5,43.6,43.5,24.1,58.3,42.3,151.32272727272726
92.0,180.9,42.7,112.7,103.2,100.6,114.2,64.1,42.8,38.5,23.7,29.8,17.5,13.8,59.2,26.3,88.8,48.8,44.1,28.3,56.7,39.5,172.725
74.4,179.1,42.6,96.3,85.1,94.9,114.2,58.1,39.5,37.3,21.4,29.1,17.4,14.0,58.3,25.9,85.1,48.1,42.6,21.9,60.0,40.5,156.3616724738676
82.3,172.3,44.1,109.8,97.9,98.6,119.3,59.2,38.4,36.9,21.0,29.1,16.5,15.1,57.2,25.4,81.6,46.8,41.5,27.0,58.4,42.5,172.81901408450705
62.7,157.8,40.0,95.3,85.7,92.6,101.3,57.0,38.6,34.8,20.2,27.7,15.7,12.6,50.8,22.3,72.4,43.2,36.8,21.9,54.1,35.3,133.21505376344086
77.8,171.8,43.2,102.4,97.9,99.0,111.6,59.7,38.3,39.5,24.5,28.8,17.5,14.6,58.5,25.8,84.2,48.5,41.2,23.4,57.0,40.4,153.06851211072666
88.2,179.9,43.2,104.3,98.4,107.0,115.1,63.9,41.6,39.6,24.5,31.8,18.6,15.4,58.0,25.9,84.4,47.8,41.6,24.3,56.6,40.7,150.01590909090908
59.0,174.0,39.8,90.2,72.1,84.7,109.5,50.7,33.2,34.4,21.1,28.0,16.5,15.5,59.0,27.1,88.1,42.8,43.7,21.5,55.5,41.9,132.94402985074626
73.0,170.2,42.4,100.8,88.5,93.9,113.7,55.5,36.6,34.7,21.2,28.5,16.7,15.0,56.5,25.2,80.4,46.9,40.6,25.1,57.0,40.0,162.91267605633803
86.4,173.7,45.0,102.7,96.1,105.4,118.7,64.9,42.8,39.4,23.5,32.2,18.0,15.9,57.8,25.5,84.1,46.0,41.6,24.6,57.4,42.9,151.75601374570448
86.6,173.0,42.4,104.4,99.6,104.6,114.2,64.1,42.1,41.0,23.1,31.4,17.5,14.5,57.9,25.6,83.0,45.7,42.7,24.7,56.8,40.2,154.7357142857143
73.7,178.5,42.6,91.7,83.8,99.7,106.4,60.9,38.0,36.4,22.4,27.7,18.0,14.7,59.5,27.0,86.4,49.9,44.5,22.9,58.0,39.5,139.98285714285714
65.4,181.7,41.6,91.7,75.2,88.4,109.6,50.7,35.6,35.3,21.0,27.9,18.0,15.7,65.6,29.1,90.9,47.0,47.0,20.9,55.2,41.5,132.49301470588233
69.6,184.3,40.8,92.4,77.5,93.1,112.8,53.2,37.4,35.3,22.1,27.1,18.1,17.1,61.0,27.3,89.6,46.8,45.7,20.8,57.3,43.5,132.48529411764704
77.5,179.1,42.5,99.4,80.9,97.3,117.9,57.6,38.3,38.0,23.3,31.0,17.8,16.1,60.0,27.1,89.1,45.7,44.2,23.1,56.4,42.8,148.43288590604027
72.7,165.7,39.5,100.1,86.2,99.9,112.8,62.9,39.8,39.4,22.3,26.9,15.5,14.5,53.3,24.2,80.2,40.2,39.6,23.1,56.0,40.3,151.40573476702508
79.7,170.1,42.7,106.9,102.7,98.8,112.4,61.3,38.9,36.7,23.1,30.6,17.4,13.3,57.2,26.1,82.2,47.3,40.6,26.5,53.0,36.7,173.09430604982205
74.4,178.6,42.0,99.5,79.7,100.7,114.8,58.6,37.6,37.7,22.0,28.8,17.0,17.5,58.5,26.4,85.3,46.9,43.3,21.6,59.2,43.9,141.39473684210526
96.8,175.5,45.1,110.4,108.2,111.8,119.7,71.3,40.8,39.8,22.8,32.0,18.5,14.2,58.3,27.2,82.1,50.1,42.9,25.3,58.5,42.1,163.5827242524917
86.6,179.1,42.1,104.5,94.2,96.5,115.7,59.7,41.7,38.8,22.5,32.5,18.5,15.1,62.5,28.0,89.2,46.9,43.4,25.7,55.3,40.9,158.07039711191334
74.2,175.9,40.1,101.5,87.1,99.7,112.7,59.8,38.4,38.8,22.8,27.9,16.7,16.1,60.0,26.6,84.6,49.0,43.9,25.0,56.3,40.5,159.23731884057972
92.0,179.0,41.6,110.9,91.2,108.9,119.5,68.0,45.3,39.3,23.3,31.1,17.8,15.0,61.9,27.6,87.1,44.3,42.4,26.2,59.3,41.7,182.81467576791812
81.4,178.2,43.3,99.1,87.3,98.3,112.3,62.7,41.4,39.2,23.7,28.6,17.5,15.0,55.3,25.5,82.3,48.8,42.1,25.5,57.5,40.2,159.26785714285717
64.6,183.9,38.2,84.4,78.5,89.0,96.1,51.7,35.8,37.6,23.6,27.8,17.5,11.5,61.0,26.7,90.1,49.2,43.4,21.7,56.5,34.3,119.84069264069265
95.4,188.0,42.3,117.6,102.3,105.9,115.4,63.2,41.6,39.3,22.7,31.1,17.4,16.0,64.8,29.5,95.2,51.1,45.4,28.4,58.2,40.7,163.06198083067093
85.3,173.8,44.1,108.5,92.4,101.8,122.2,62.3,41.7,40.2,24.3,31.9,18.1,15.0,60.0,26.1,81.8,49.4,44.2,25.9,57.7,41.2,170.17368421052632
90.0,173.4,44.5,108.5,100.1,104.7,119.4,64.8,40.2,42.0,24.7,32.5,18.1,16.3,58.8,26.0,79.9,50.7,41.9,25.7,58.5,42.8,169.50711743772243
83.5,181.9,46.1,102.1,90.1,98.8,122.0,59.0,37.6,34.7,21.3,30.3,16.8,15.3,65.4,29.5,93.4,47.6,48.2,24.7,58.0,43.1,163.86868327402135
85.1,168.3,44.7,109.6,95.8,100.3,116.2,65.1,40.9,39.7,25.2,31.2,17.0,13.9,54.5,25.4,80.5,44.3,42.2,24.6,60.1,40.2,165.88108108108108
89.7,181.5,44.2,106.3,97.2,105.2,115.6,65.5,41.0,39.8,23.4,29.9,17.8,13.9,61.5,27.3,89.1,50.1,45.4,24.3,57.1,39.9,160.92638888888888
87.2,181.5,44.3,103.0,93.9,106.8,115.4,63.2,44.1,37.2,22.4,31.7,17.9,14.5,58.9,26.7,83.7,51.5,42.1,23.6,56.5,41.3,143.22895622895624
82.2,167.3,45.2,110.6,100.3,102.2,119.7,64.2,41.2,36.6,20.7,30.1,16.7,13.9,56.3,25.5,79.2,47.0,40.6,26.8,56.2,41.2,169.43771043771045
111.2,183.1,47.9,116.3,113.9,107.2,124.3,67.2,45.3,43.3,25.3,32.9,20.1,15.0,60.0,27.7,86.0,51.7,42.9,29.7,59.4,43.4,181.94668989547037
98.7,179.5,43.2,108.9,116.2,115.3,116.1,69.2,42.3,41.9,23.2,32.0,18.5,16.5,57.5,27.1,87.5,52.7,45.1,28.4,57.4,41.2,159.0463917525773
110.5,184.5,49.1,114.9,111.1,112.4,122.8,70.6,45.8,47.8,25.2,32.1,18.5,14.0,62.5,28.3,86.1,48.2,45.6,27.0,60.0,42.5,185.5232484076433
78.2,168.7,41.4,104.1,90.0,96.5,112.7,60.6,38.8,39.0,21.4,30.1,17.4,13.4,56.5,24.3,77.6,42.8,38.7,24.7,56.7,37.9,168.38631578947368
86.9,175.6,43.6,105.6,99.8,99.7,111.7,61.7,41.1,39.0,23.6,31.9,18.3,11.8,59.5,27.6,84.7,52.4,44.8,26.4,56.6,38.5,156.69677419354838
141.3,184.6,46.6,135.8,133.0,123.4,136.8,79.7,50.2,44.3,27.4,36.1,20.0,16.0,61.5,27.8,92.0,54.3,46.3,31.5,59.4,44.7,
78.9,165.7,43.9,102.5,89.7,100.8,121.9,63.4,39.9,38.8,22.8,32.5,18.3,15.8,53.2,24.5,78.1,45.5,40.1,24.5,56.3,41.6,162.62367491166077
69.0,163.2,38.6,100.0,91.1,93.3,110.5,56.3,39.1,37.2,22.7,27.2,16.1,14.0,54.8,25.9,77.7,43.9,38.4,22.5,57.1,39.5,148.57142857142858
79.2,173.5,42.9,102.6,86.1,100.3,118.6,56.8,37.9,39.9,22.9,30.5,18.1,15.6,60.1,27.4,85.0,43.5,41.9,24.5,57.7,42.0,150.75162454873646
69.9,172.6,43.3,98.9,92.0,91.2,106.4,54.9,36.1,33.9,20.0,28.1,16.4,14.2,59.1,26.6,82.6,49.5,42.8,23.3,57.5,38.9,138.38619402985074
121.2,187.7,47.3,125.1,119.2,117.6,125.8,69.4,45.7,45.6,25.4,32.8,19.0,15.0,63.0,27.4,88.0,52.0,45.3,30.3,60.0,43.8,182.10759493670886
87.8,188.7,41.3,103.0,101.2,101.3,118.3,58.5,40.6,38.2,23.7,31.0,19.1,17.0,60.3,29.4,90.1,52.6,44.3,24.8,58.5,42.7,158.02739726027397
70.6,176.5,40.4,97.0,84.5,91.1,106.0,54.7,36.2,39.1,21.9,29.8,17.1,14.2,61.7,27.4,90.7,46.7,45.6,24.2,54.8,38.5,141.05725190839695
82.2,179.3,44.6,103.5,84.3,98.4,120.1,62.0,40.3,38.7,21.3,33.4,17.2,14.9,62.8,28.9,90.5,47.7,47.9,24.5,55.7,42.6,156.51219512195124
99.2,184.9,47.9,107.6,91.0,105.4,126.8,67.8,43.5,40.8,24.3,33.5,18.3,16.0,60.4,28.2,88.9,49.1,43.0,25.9,62.5,43.5,163.13548387096773
76.0,181.1,43.0,103.8,87.9,95.7,115.1,55.4,38.6,38.0,22.3,30.4,17.9,14.6,62.8,26.9,88.3,48.0,45.5,24.0,55.6,41.5,146.56267605633803
98.8,173.9,46.4,111.3,103.1,107.4,121.0,67.5,43.5,46.1,24.8,32.5,18.4,14.0,59.6,26.5,83.5,50.6,42.0,29.3,57.8,41.7,164.02105263157893
75.9,166.8,40.1,101.1,92.9,102.8,108.5,64.4,41.1,37.6,22.3,28.5,16.1,14.0,58.8,25.9,83.9,46.5,41.7,26.6,56.5,37.8,165.92748091603053
89.8,178.8,43.0,102.4,99.4,107.3,114.4,66.9,42.8,42.4,24.5,30.9,18.4,14.7,62.5,28.7,88.2,48.7,42.8,25.5,58.1,41.3,160.64237918215613
78.2,174.6,44.2,99.7,81.5,96.8,118.2,60.8,38.2,37.8,22.1,31.9,17.2,15.3,59.0,27.7,90.1,43.0,47.8,23.2,59.1,42.8,129.61
83.1,175.0,43.5,105.7,98.3,100.1,116.5,58.8,38.5,36.7,21.4,31.0,17.6,15.0,58.1,26.4,84.8,47.8,44.8,24.3,56.3,40.4,167.5731707317073
99.6,181.0,47.1,108.2,100.4,110.9,124.2,72.3,45.0,42.6,26.7,32.9,18.6,14.9,61.3,27.1,89.3,44.0,43.6,24.8,59.6,44.0,155.6683870967742
74.2,171.0,43.2,100.2,82.5,96.3,111.5,61.1,41.4,38.7,21.5,30.9,16.4,13.3,56.0,23.8,79.8,47.1,40.7,23.7,55.3,36.9,137.13378839590445
96.8,184.7,45.5,113.2,107.7,106.2,122.3,66.7,40.5,37.7,23.3,31.4,17.7,16.9,63.8,28.8,93.1,49.1,48.6,28.5,56.0,43.8,154.12027027027028
91.6,181.1,41.1,112.3,95.2,107.6,116.2,67.8,39.9,42.1,24.1,28.4,17.3,15.6,57.0,27.1,87.4,47.1,43.6,27.2,56.1,40.5,164.90564784053157
108.0,178.0,45.7,117.5,104.7,111.9,128.6,71.2,44.9,42.2,24.4,34.1,17.9,17.0,63.1,29.7,89.1,49.5,45.8,30.7,57.0,45.0,
78.8,174.0,44.0,102.1,85.1,97.9,117.0,61.2,40.3,38.5,22.4,29.6,17.2,15.0,54.8,25.0,82.2,47.2,44.2,21.9,59.5,42.8,123.68489932885907
94.9,179.7,45.3,111.5,92.0,105.5,122.4,67.3,43.8,42.3,23.4,35.1,18.2,15.9,59.3,26.7,87.2,47.5,43.6,27.0,58.2,42.0,173.13908450704224
90.6,175.5,45.0,111.2,93.4,104.2,124.1,66.2,40.7,41.4,23.4,33.7,17.3,14.6,59.5,27.7,88.6,47.1,42.3,28.1,56.0,43.5,158.53513513513514
106.9,184.2,44.6,116.5,111.4,116.3,124.8,72.2,46.1,42.1,24.3,31.9,19.1,17.1,65.6,29.0,91.0,51.4,45.4,28.8,59.5,42.7,169.18471337579618
87.4,165.6,43.5,105.6,96.7,106.3,115.7,68.3,43.0,41.3,23.5,29.9,16.5,13.6,55.3,25.7,82.1,45.1,41.2,25.7,58.0,40.1,167.83574144486693
87.9,177.6,44.3,104.8,100.7,104.8,118.3,63.4,41.5,39.7,22.8,29.0,17.8,15.3,62.0,28.0,84.9,52.5,44.1,27.5,58.2,41.7,148.08695652173913
115.4,185.9,45.5,113.7,110.9,118.0,119.9,74.2,49.6,45.0,25.5,34.6,18.6,15.5,60.8,27.2,91.6,52.7,44.7,28.2,60.3,42.2,153.19967532467533
79.0,168.5,46.2,104.1,82.7,98.7,115.4,61.3,41.9,39.6,23.7,31.7,18.2,13.9,56.1,25.0,80.3,50.0,40.6,24.9,55.5,41.8,151.4523465703971
88.7,177.5,44.8,102.7,94.7,107.8,117.6,68.5,44.7,42.3,25.5,30.8,18.2,15.6,58.8,26.3,86.8,48.1,45.1,25.5,56.5,43.9,140.2047781569966
86.6,182.5,43.1,102.1,88.1,101.6,116.2,62.9,41.1,41.2,23.3,32.8,17.5,15.8,65.4,31.0,96.5,47.1,48.7,25.4,58.0,41.4,155.2851711026616
80.6,193.1,43.3,100.1,83.3,97.8,116.8,56.2,37.1,38.4,22.3,28.8,17.7,17.5,65.5,29.3,98.2,49.7,49.0,22.1,58.4,45.0,131.23478260869564
96.6,178.9,45.5,112.6,96.3,105.8,123.5,65.8,44.5,45.1,24.8,32.1,18.8,16.5,60.0,26.9,86.0,46.6,45.1,26.0,57.6,46.1,159.8641975308642
109.9,181.9,47.3,122.5,110.0,107.8,129.5,68.7,42.9,42.7,22.7,33.8,18.1,15.7,59.5,27.2,88.3,51.0,44.8,30.3,58.4,44.5,192.67384105960264
77.1,178.2,43.8,107.0,85.2,95.1,121.6,57.0,38.8,37.5,21.8,29.4,17.7,16.4,56.8,26.1,86.6,47.8,44.6,24.2,57.7,44.5,167.3409836065574
95.1,172.1,42.9,110.2,94.1,112.3,120.0,71.2,44.5,42.7,23.8,31.5,17.9,16.0,55.5,24.7,80.2,44.9,42.4,26.3,56.0,41.6,169.73758389261747
111.8,191.0,49.1,119.4,102.6,111.8,131.4,71.2,45.1,43.6,24.5,34.1,18.3,16.0,64.5,29.8,96.6,50.2,48.3,29.1,60.6,45.3,187.08535031847134
89.5,180.4,42.5,109.7,97.8,105.2,118.1,62.9,40.4,38.8,22.5,31.9,18.1,15.4,61.4,26.7,87.5,49.1,44.6,26.0,55.7,41.5,149.2937086092715
106.0,178.2,47.6,120.8,115.0,114.1,123.5,69.8,42.5,43.7,23.6,31.5,17.8,14.4,58.5,26.2,87.6,48.5,45.3,27.9,60.2,42.4,175.47400611620796
95.1,177.7,44.4,111.6,93.5,105.6,124.5,68.0,43.9,44.2,25.0,32.2,17.3,16.8,58.6,27.4,89.5,47.5,45.2,27.1,57.0,44.0,169.17455830388693
72.1,166.5,40.0,99.5,92.3,96.0,109.6,56.7,37.5,38.5,20.5,28.8,16.4,14.0,56.6,27.0,76.8,45.4,42.4,22.5,57.0,38.7,146.02877697841728
87.2,180.3,39.8,109.2,97.3,103.4,118.3,64.2,41.8,37.7,21.5,30.0,18.7,15.9,60.5,26.7,88.0,47.9,47.1,26.7,57.8,41.3,177.9410071942446
97.8,187.9,48.2,107.9,90.8,104.6,127.2,66.9,43.8,43.8,24.3,33.1,18.6,17.1,63.2,28.8,93.5,46.6,47.7,25.4,58.9,45.5,158.90096463022508
97.4,173.3,45.2,117.9,111.1,113.2,122.6,68.4,42.7,40.6,22.4,31.3,17.2,13.6,58.5,26.3,83.9,48.5,43.4,28.4,56.5,40.8,163.10127795527157
95.8,183.5,45.5,108.4,103.1,107.2,120.4,64.4,41.9,42.2,23.2,32.7,18.3,15.8,62.9,27.4,92.4,52.4,46.8,26.7,58.8,42.5,167.3288590604027
112.3,179.2,46.5,115.0,116.4,122.3,124.8,77.4,46.5,44.4,26.0,31.7,18.3,15.9,59.8,27.1,88.7,48.8,44.7,28.0,58.5,44.5,169.69055374592833
90.0,172.1,45.1,109.8,100.6,104.8,114.9,63.7,43.7,41.3,23.8,30.1,17.8,14.4,56.4,25.6,81.6,49.5,40.8,24.9,58.1,41.2,167.6441640378549
94.8,171.1,44.9,114.2,101.8,109.7,117.5,70.5,43.6,39.3,22.4,31.3,17.7,14.2,58.1,26.4,82.9,45.9,41.7,28.8,58.0,42.0,162.22049469964665
95.0,180.9,46.6,107.1,99.2,105.2,121.6,65.2,42.7,42.3,23.1,32.0,17.9,13.9,61.0,26.5,86.0,48.7,45.6,24.6,57.0,42.4,147.56775244299675
73.9,166.4,41.2,102.1,90.8,97.7,116.8,60.9,39.1,38.5,24.3,28.8,16.1,14.8,55.5,24.2,80.3,44.0,43.2,23.3,55.8,39.6,159.06884057971016
103.6,180.7,46.3,124.1,105.3,108.6,121.2,65.9,43.6,42.7,25.0,33.5,18.9,16.4,62.4,27.4,86.1,53.4,44.0,29.1,57.5,42.7,165.09732142857143
77.7,170.5,45.3,102.7,91.2,98.0,112.8,59.2,39.3,38.3,22.3,30.1,17.5,14.1,58.2,26.1,81.2,46.6,40.8,26.3,58.2,41.5,152.47
108.0,195.5,45.5,116.7,104.9,112.1,129.1,67.0,41.6,42.9,24.0,32.0,18.7,17.8,67.5,31.1,97.1,53.7,47.7,28.5,60.8,45.2,170.3894568690096
84.0,173.0,44.8,108.2,91.7,100.3,119.0,63.1,41.7,39.1,22.7,32.0,17.6,15.9,58.1,25.0,83.7,46.7,42.0,25.4,57.5,43.1,166.90425531914894
96.4,177.4,44.8,113.9,106.6,108.3,118.4,63.1,44.7,41.6,24.5,33.1,18.7,15.2,59.3,26.3,86.7,46.7,43.5,26.8,58.5,41.8,170.66079734219267
70.7,172.4,40.7,94.7,84.8,94.3,108.0,56.7,39.2,39.6,23.5,28.7,16.9,15.0,57.0,26.1,84.1,47.8,43.5,23.2,56.5,40.0,139.89772727272728
70.5,170.5,41.0,94.8,75.9,91.6,109.7,56.3,38.2,37.3,22.2,30.6,17.6,14.3,56.5,26.4,82.8,48.4,42.1,22.7,59.3,40.1,131.76173285198556
85.1,183.8,42.9,105.8,95.9,102.5,115.1,60.0,39.3,36.7,22.5,30.1,17.5,15.4,62.0,28.2,91.3,50.1,46.3,24.0,57.3,41.1,148.4088737201365
86.5,170.6,44.3,110.2,97.0,99.0,120.3,62.3,41.3,42.7,24.2,31.6,17.1,14.2,56.1,24.9,80.1,45.2,42.9,26.3,58.8,40.0,176.5375
97.2,180.9,46.5,117.9,106.8,106.8,122.5,64.8,42.7,41.0,22.5,29.5,17.7,15.6,59.5,26.8,91.1,48.1,46.0,26.9,58.0,43.5,173.165625
82.2,177.3,44.0,102.8,97.2,103.6,113.4,60.1,39.4,40.1,24.3,29.2,17.8,16.3,58.6,27.9,84.9,49.0,43.7,26.3,57.0,41.2,144.70801393728223
84.2,173.4,44.1,104.8,99.3,104.1,110.9,64.0,38.9,38.2,22.3,29.3,17.5,14.3,55.6,25.8,84.0,48.4,42.4,25.7,56.0,40.8,145.136690647482
72.3,174.8,40.3,96.9,89.8,96.6,113.4,57.1,36.9,36.3,21.6,28.6,17.0,15.3,59.4,26.5,86.0,49.2,41.7,21.4,57.2,41.6,130.0941176470588
89.6,165.1,42.6,112.5,96.4,105.3,118.6,67.8,46.3,42.3,24.6,31.6,18.0,15.6,52.5,24.2,76.2,48.5,39.5,27.2,57.7,41.2,174.91166077738515
75.5,172.4,40.7,104.9,88.1,97.3,110.7,60.2,38.7,36.5,22.6,27.6,16.2,14.9,61.5,27.1,86.4,46.6,41.1,25.8,55.6,38.8,149.32384341637012
73.2,186.0,41.7,95.7,82.1,94.5,112.2,55.0,37.4,36.7,22.1,28.7,17.9,16.0,61.3,28.2,94.2,46.7,44.5,22.2,57.7,43.0,133.39006849315066
70.1,171.5,40.8,91.3,80.1,95.0,108.5,57.6,39.5,39.6,22.3,29.4,17.8,15.1,55.5,25.7,82.5,43.3,41.2,22.0,58.0,40.4,132.64339622641506
78.3,175.7,44.1,99.5,84.5,95.4,112.6,59.2,40.3,37.9,24.0,29.4,17.9,15.3,58.7,26.0,85.9,46.0,44.3,23.5,57.5,40.8,147.47321428571428
116.4,191.6,45.1,123.7,113.4,118.4,125.2,73.2,43.7,43.0,24.5,34.7,18.5,16.9,64.2,28.5,93.7,52.7,45.0,29.5,57.7,43.4,170.3283489096573
79.9,184.7,41.8,101.8,87.7,93.5,117.3,60.2,37.4,37.7,22.7,31.1,17.4,16.3,61.3,28.3,95.9,46.3,47.1,22.7,56.5,43.3,131.18556701030928
90.8,185.5,44.6,105.9,95.1,102.4,127.0,66.1,40.4,38.0,24.3,32.6,18.6,16.8,63.5,29.6,93.2,48.4,45.7,24.8,58.8,45.2,143.94174757281553
67.7,171.8,42.4,90.7,86.7,91.5,108.3,54.8,38.3,36.1,21.4,29.0,16.6,14.0,57.7,25.8,83.2,46.8,41.8,22.7,56.7,40.1,139.51044176706827
85.8,164.1,44.0,106.3,102.9,107.4,117.8,67.1,43.9,43.3,23.5,31.6,17.7,15.4,53.0,24.5,75.7,47.6,39.1,25.9,57.1,42.2,155.8095890410959
85.2,183.3,43.9,101.7,87.9,102.2,117.1,63.1,42.4,41.5,23.4,30.6,18.4,14.3,61.2,28.2,91.1,46.3,44.5,23.7,55.0,42.3,140.73636363636365
103.3,178.4,47.4,113.0,101.5,108.3,125.4,67.6,42.9,45.5,28.1,34.1,20.0,15.4,58.3,27.2,85.5,48.4,44.3,26.2,57.7,41.8,153.6656050955414
103.4,177.0,45.2,115.6,103.4,114.3,125.6,74.4,44.8,40.6,23.3,33.7,17.7,15.3,59.2,27.3,86.7,47.2,43.1,27.5,59.5,43.8,174.56375838926175
72.5,170.2,40.8,97.8,84.4,98.8,110.7,61.3,38.1,38.1,22.4,28.0,16.3,14.9,56.3,25.5,80.4,40.6,42.2,24.0,55.5,40.2,153.8426966292135
71.1,180.0,42.4,96.3,79.7,94.3,115.1,56.3,34.5,34.4,20.5,29.7,17.0,15.7,60.5,26.8,87.5,48.7,45.3,22.1,59.5,42.6,150.06466431095407
67.8,171.5,41.8,96.5,89.2,94.8,108.1,55.1,35.5,33.3,20.8,26.0,16.7,14.9,59.6,26.3,85.4,48.3,43.3,25.1,57.0,38.1,142.94962686567163
78.2,184.2,45.0,95.6,86.5,99.7,115.3,58.7,38.3,35.4,21.3,30.1,17.2,15.8,60.2,26.7,88.0,49.8,46.1,21.0,56.5,43.7,139.34317343173433
90.9,171.0,44.5,108.0,103.1,100.9,115.8,63.2,43.5,44.4,24.1,32.2,18.5,16.5,56.6,26.4,80.4,50.1,42.0,26.4,59.2,42.1,187.38805970149252
84.0,175.3,45.4,107.8,91.2,99.8,121.5,61.5,38.7,37.3,22.5,33.0,18.0,15.2,60.8,27.6,87.2,49.6,44.5,26.5,57.5,43.4,165.06875
108.6,193.5,46.1,115.8,108.6,111.9,124.3,69.1,44.1,41.2,24.5,32.0,18.3,16.3,64.4,28.6,92.3,55.0,48.6,29.3,58.5,44.3,163.25901639344264
75.8,173.8,43.5,101.3,91.4,96.2,110.5,57.8,38.3,35.7,21.6,29.9,18.0,15.0,59.1,28.0,84.2,48.8,42.6,25.7,55.3,40.3,145.16185567010308
83.3,177.0,41.5,103.7,92.3,99.4,118.9,62.2,41.9,39.4,23.0,32.7,18.1,16.5,62.4,27.9,88.7,48.8,44.0,24.9,56.5,42.4,160.03529411764708
87.0,172.0,42.4,103.9,91.8,103.2,119.3,65.8,40.2,41.7,24.7,31.3,18.7,16.6,60.8,28.2,86.1,45.7,44.3,26.2,57.7,43.7,164.32411347517728
72.8,167.3,44.0,98.5,83.1,100.5,108.2,59.2,39.9,42.0,22.1,28.9,16.8,13.7,55.0,24.4,79.5,45.7,41.6,22.0,56.2,39.3,144.09540636042402
110.9,171.5,49.1,128.5,118.2,115.3,129.3,70.1,43.9,42.7,23.3,35.1,18.8,16.2,52.5,24.2,79.5,52.0,41.0,30.7,58.3,45.9,
94.5,182.2,43.8,108.2,105.4,105.8,115.5,65.5,43.0,38.7,23.0,30.7,18.0,14.2,60.5,27.4,89.3,52.0,43.8,26.1,57.8,40.5,150.27777777777777
114.1,191.3,50.1,115.7,111.8,113.8,124.3,70.6,45.5,43.0,25.3,33.2,19.7,14.7,63.5,29.0,93.4,54.3,45.0,30.1,56.0,43.9,161.3809061488673
90.7,175.6,44.6,104.9,96.3,106.6,118.7,67.4,42.9,41.5,24.6,31.1,18.3,15.3,57.3,26.1,83.3,47.6,43.1,26.4,58.2,41.4,165.6315789473684
84.6,173.5,43.7,106.3,87.7,103.9,120.5,64.1,39.3,41.5,22.4,30.2,18.2,15.9,57.2,25.4,82.4,47.0,42.9,27.1,59.0,43.0,161.4185185185185
81.8,172.6,45.1,106.1,91.2,101.6,123.0,64.7,39.9,35.9,22.0,32.7,17.7,16.5,62.5,29.6,86.9,45.5,44.5,25.0,56.6,44.4,154.0526690391459
86.9,171.6,43.1,112.0,97.3,100.2,124.2,61.8,39.9,39.0,22.3,32.4,17.9,16.4,57.5,25.9,80.0,48.7,40.7,26.8,55.7,42.9,157.54666666666668
68.2,171.7,41.8,91.3,81.8,94.8,102.9,56.9,37.7,35.9,22.2,26.6,16.0,13.9,56.0,26.5,83.1,45.6,41.3,21.9,55.3,40.3,126.28084291187739
68.0,171.8,43.4,94.1,78.3,91.4,110.3,57.0,38.1,36.0,22.3,29.2,16.8,14.4,56.7,26.1,85.4,44.8,44.6,21.5,56.2,39.9,137.39315589353612
94.7,174.7,48.2,115.1,101.5,105.3,126.0,63.5,41.9,41.3,23.3,31.5,17.8,15.8,60.5,27.1,86.7,46.2,44.0,27.2,61.3,44.9,178.05113268608415
47.4,156.7,36.4,81.0,69.4,77.0,99.5,47.0,31.5,30.6,19.7,24.6,15.2,15.1,53.3,24.3,77.9,42.0,41.4,18.4,51.8,38.3,114.90697674418604
115.8,189.4,49.9,116.3,112.1,113.8,121.7,70.8,48.5,45.2,25.6,33.8,18.2,14.0,60.0,26.5,87.8,52.5,46.2,29.5,62.1,41.0,171.82387096774195
72.9,173.8,43.8,97.2,87.0,94.9,115.1,58.5,38.5,36.7,22.0,29.4,17.2,15.3,58.4,26.1,84.9,45.0,46.1,22.1,54.6,42.8,138.75901060070672
107.8,186.2,47.3,109.1,101.5,112.1,121.8,70.7,45.2,43.0,24.5,33.0,19.5,16.3,65.1,30.2,94.6,50.5,46.5,27.7,60.3,42.7,168.40939597315437
54.0,165.4,40.5,84.6,73.8,84.2,101.2,49.7,33.9,34.8,19.7,26.0,15.7,14.4,55.0,23.9,79.9,45.3,43.3,19.5,53.5,38.5,117.0406015037594
85.4,163.7,41.9,109.2,103.2,108.3,115.3,66.4,40.2,38.8,21.8,30.3,17.6,14.3,53.3,24.6,78.5,46.1,39.1,25.6,55.6,38.1,163.9956989247312
87.1,173.8,44.0,107.1,97.9,104.5,123.1,63.0,42.9,40.6,23.0,30.8,18.0,16.4,60.0,26.4,85.4,48.5,40.8,25.3,58.3,42.7,162.59405940594058
107.1,181.3,45.3,117.2,101.7,106.7,126.1,70.9,44.1,41.7,24.0,38.3,18.6,16.4,62.9,30.2,95.3,45.9,48.3,28.2,56.6,43.0,177.29299363057325
79.1,173.8,41.9,103.5,88.3,95.1,116.3,60.3,37.2,36.8,22.4,31.2,17.3,15.2,60.7,28.5,90.2,44.1,46.2,25.4,56.4,41.1,161.87543252595157
109.6,181.5,50.5,120.3,106.8,114.1,128.8,71.0,45.0,42.5,25.5,32.6,19.4,16.7,63.5,28.9,91.5,52.8,45.8,31.6,59.1,45.7,192.5544891640867
115.0,173.6,44.1,121.2,117.9,118.9,118.3,76.4,51.7,48.8,26.0,34.8,18.6,15.0,57.1,26.1,79.5,52.5,41.3,31.7,58.3,41.0,183.05379310344827
86.6,168.9,44.7,104.7,99.3,107.8,117.4,69.7,41.0,40.2,24.0,28.8,16.7,15.2,53.0,25.5,80.3,47.3,39.8,25.3,58.3,41.3,142.94833948339482
75.6,174.0,41.5,97.7,88.0,99.7,106.5,63.6,38.4,38.7,22.5,27.1,16.5,15.3,58.3,26.1,83.6,49.6,43.2,25.9,54.3,40.8,138.99207547169812
83.4,178.2,42.4,101.4,97.7,103.9,110.4,61.6,39.0,39.4,21.9,30.8,17.9,14.7,61.0,27.9,87.5,48.1,43.8,25.9,57.7,40.2,155.08235294117645
81.2,178.4,42.9,104.1,92.5,98.5,113.3,59.8,39.3,37.1,21.6,30.5,17.6,14.7,59.7,27.0,88.3,45.2,46.6,24.8,56.5,40.6,153.9962068965517
84.5,164.7,44.4,108.2,101.0,104.1,116.7,64.4,41.4,40.3,23.7,32.0,17.2,14.8,54.0,24.1,78.0,46.7,41.4,25.8,56.6,41.2,162.48464163822524
94.1,174.0,46.6,116.6,100.4,105.8,119.7,66.1,44.7,40.0,24.4,33.3,18.8,15.5,58.0,26.4,80.9,47.8,40.3,28.3,57.6,42.9,166.04430379746836
64.4,166.4,44.6,96.7,74.4,90.4,108.3,51.9,35.0,36.1,21.9,28.3,17.3,13.3,57.9,25.3,80.3,43.3,42.6,21.0,56.4,40.2,137.66319444444446
112.4,180.5,48.3,117.1,104.5,112.3,123.5,73.8,47.7,45.3,26.7,36.9,19.0,15.0,64.7,29.0,90.3,50.5,44.5,29.5,59.0,39.1,181.505
90.7,174.5,46.1,107.8,93.6,104.4,120.6,67.7,43.5,38.5,22.3,33.3,17.7,15.5,59.8,28.9,87.1,46.1,44.7,25.7,58.8,43.1,155.1
71.8,160.5,42.8,96.3,75.5,92.7,113.9,62.6,40.3,39.8,22.3,32.8,17.1,14.1,54.0,25.2,78.7,42.3,40.3,24.7,53.0,39.3,154.08
97.1,183.0,46.8,110.1,99.7,102.4,121.5,62.6,42.0,41.2,24.7,32.2,18.3,15.3,65.6,29.7,90.6,47.1,46.3,27.5,58.4,44.7,147.89009900990098
81.3,181.0,44.3,105.3,91.3,96.8,117.1,58.5,38.9,38.0,22.2,32.0,17.8,14.9,62.6,28.5,92.0,47.0,46.0,25.1,56.6,42.3,143.9590909090909
75.5,173.1,41.3,102.7,92.1,97.8,111.8,59.0,36.4,36.3,20.7,26.8,16.5,14.7,56.6,25.2,83.9,45.0,45.7,23.5,57.8,40.5,134.9470989761092
79.7,184.5,42.9,97.2,89.9,100.5,112.2,61.2,40.3,37.7,23.0,29.5,17.7,15.3,60.7,27.2,92.5,48.5,47.2,22.2,55.5,41.9,137.789010989011
64.8,177.5,41.9,91.5,73.4,90.5,111.2,52.4,35.8,34.7,21.3,29.0,17.6,14.3,63.6,28.8,90.1,43.4,45.2,22.7,55.0,40.5,136.90076335877865
107.9,179.5,47.7,114.2,112.4,114.2,125.3,72.5,45.3,44.2,25.1,33.0,18.4,15.5,60.1,27.0,87.1,53.6,44.4,28.0,60.7,43.7,166.24524590163935
87.4,166.4,41.5,108.1,97.6,102.4,117.0,69.8,43.2,40.6,22.7,32.8,17.8,15.2,57.1,28.5,82.6,45.2,40.2,25.8,57.1,39.9,158.47312925170067
98.2,175.2,44.5,110.8,108.4,111.5,117.6,71.7,43.0,42.9,22.6,30.9,18.0,13.3,59.0,26.8,85.2,48.6,44.3,25.3,59.0,41.2,149.30754098360654
89.3,181.4,44.1,106.9,102.6,103.7,114.3,61.9,41.4,36.8,22.6,29.6,18.5,15.8,63.0,28.2,87.3,51.1,45.5,26.6,55.2,41.7,162.9126712328767
108.7,183.6,46.1,114.0,107.8,113.8,126.5,72.3,46.4,45.4,25.3,33.0,19.0,17.3,61.0,27.6,89.9,49.8,44.1,27.3,60.3,45.9,171.7261146496815
77.5,162.8,42.0,101.8,97.2,103.3,110.7,64.7,44.0,39.1,23.3,28.2,16.5,14.0,52.7,24.0,77.1,48.1,39.9,25.5,57.4,38.4,140.47670250896059
80.1,164.0,46.5,109.6,90.3,100.3,121.4,60.8,38.9,38.3,21.9,32.6,17.6,15.1,53.2,25.5,77.2,44.9,39.0,26.4,56.0,41.7,171.49640287769785
87.4,172.8,43.3,112.7,92.8,102.2,120.9,62.1,39.2,42.2,23.8,31.4,17.1,16.5,58.0,26.3,81.5,48.1,40.2,28.3,60.0,43.5,172.4590747330961
56.8,160.6,37.6,90.7,77.9,87.7,102.5,53.7,36.3,36.0,21.2,26.2,16.4,13.8,54.7,24.0,76.4,41.7,39.2,20.1,54.3,37.7,131.0507874015748
117.4,186.1,45.8,124.1,114.9,113.9,129.8,69.9,46.2,46.5,25.5,32.5,18.6,16.5,60.3,26.9,84.4,56.2,40.1,29.0,60.2,44.8,171.94578313253012
86.3,176.1,44.3,109.2,99.2,102.1,120.4,57.2,42.2,38.0,22.4,29.6,17.6,14.7,60.5,27.1,86.8,47.1,42.4,28.7,56.2,42.0,162.67034482758623
97.0,175.4,47.1,117.8,98.9,104.1,128.3,63.7,42.2,40.0,22.7,34.1,17.9,16.1,58.5,27.7,89.5,46.1,45.4,27.1,58.3,44.6,183.92000000000002
77.9,174.1,40.8,103.1,93.3,97.3,111.8,59.7,37.9,39.0,21.7,29.5,16.7,15.1,59.0,26.3,83.7,45.1,43.3,25.3,56.8,40.2,168.0148148148148
55.6,165.7,41.9,87.2,74.4,85.4,102.6,50.1,32.9,34.4,20.6,25.5,16.9,12.5,54.8,24.7,80.3,45.1,39.2,19.4,51.6,37.5,124.47372549019607
53.3,166.0,38.4,88.4,71.4,82.0,108.1,49.3,31.6,34.2,20.7,26.8,16.3,16.2,58.2,26.3,81.1,45.7,42.4,20.1,53.0,41.2,128.77165354330708
93.3,167.8,44.9,112.1,114.7,108.8,112.8,71.7,43.4,38.0,21.7,30.5,17.2,13.7,51.0,24.1,78.5,51.1,40.3,28.2,57.7,39.8,173.17240143369176
86.6,173.5,45.8,106.3,97.6,97.6,111.0,64.1,40.5,39.0,21.3,32.8,18.0,13.7,58.5,27.4,84.1,48.9,44.5,27.2,56.7,39.0,161.46325757575758
109.6,175.0,52.9,124.2,107.7,106.1,128.3,63.7,43.1,43.3,24.8,34.7,19.2,14.6,61.0,28.0,83.6,52.5,45.4,30.0,59.7,45.5,191.63374233128835
67.6,170.1,40.4,94.9,83.5,94.2,110.8,58.5,38.2,37.5,21.5,28.4,16.2,15.5,57.0,26.2,82.4,47.9,40.4,22.5,58.2,41.2,127.77607142857144
71.8,174.2,41.5,95.3,79.7,91.8,113.3,59.2,37.4,35.8,21.2,30.5,16.5,15.5,58.4,26.7,83.8,47.4,41.9,23.1,58.8,41.4,135.88403041825094
91.6,181.8,43.2,110.6,96.9,105.1,122.3,61.9,41.5,40.4,24.8,30.7,18.6,15.4,61.1,28.3,89.4,49.0,45.5,26.2,61.8,44.0,157.22549019607843
87.1,178.5,44.9,109.4,91.8,103.3,123.9,64.0,38.9,38.5,22.9,31.5,17.9,14.9,62.0,27.0,87.7,45.4,43.5,26.8,57.5,42.8,162.44242424242424
70.1,166.6,42.4,95.4,77.6,89.7,110.9,59.7,38.2,37.9,22.4,30.6,16.6,14.8,57.5,26.3,83.9,44.3,42.1,22.8,56.4,40.6,136.3893536121673
111.5,178.1,46.0,124.2,112.4,106.8,129.8,70.3,44.9,44.0,25.0,31.3,18.2,16.2,60.8,27.5,87.7,51.2,43.9,32.7,59.2,44.4,
108.4,180.2,44.7,116.6,114.6,115.2,125.9,75.7,43.1,41.0,23.0,30.1,16.8,14.9,62.6,28.3,88.2,51.5,45.2,28.6,59.4,41.5,180.6532894736842
63.7,166.9,41.7,90.4,79.7,89.8,111.0,52.6,35.4,35.3,21.0,28.5,16.8,15.5,58.0,25.8,79.2,42.6,40.5,22.7,57.0,39.3,136.77620817843868
96.4,183.7,43.1,107.1,103.2,111.5,112.8,68.4,43.1,41.8,25.3,31.7,18.6,15.3,63.6,29.0,87.5,49.0,43.2,28.3,55.5,41.8,157.0032258064516
105.4,188.1,46.7,118.2,100.5,106.7,127.5,64.6,42.4,43.3,24.2,33.7,18.3,17.0,66.0,30.4,89.9,48.4,46.0,28.7,58.4,44.5,187.72941176470587
88.7,178.2,45.0,105.2,92.1,107.9,119.2,66.7,43.1,40.0,23.3,31.6,17.7,16.5,60.5,27.5,85.7,49.9,44.5,25.8,59.3,43.4,154.8777777777778
114.5,190.0,45.2,116.2,113.2,112.4,126.1,68.4,45.7,42.3,25.2,36.2,20.0,16.1,67.1,30.6,91.1,52.8,47.3,29.2,57.7,43.6,176.00325732899023
89.0,175.5,43.1,106.9,98.8,107.4,116.2,67.8,42.8,40.8,23.5,31.3,17.0,15.4,57.5,26.0,84.0,48.6,43.6,24.5,58.3,41.6,143.57119741100323
68.8,173.0,39.6,95.7,79.7,95.1,107.4,56.6,37.6,35.4,21.6,28.2,17.1,13.5,56.5,25.5,82.6,46.6,41.3,22.9,56.3,38.4,137.75
71.0,162.4,43.8,102.0,89.7,94.3,114.1,57.9,38.6,36.7,19.8,30.8,16.9,13.0,57.5,27.2,78.0,45.0,37.9,22.7,54.4,39.5,136.96113074204948
102.1,175.5,45.5,119.8,114.5,111.9,123.2,68.2,43.3,41.1,22.7,31.1,18.1,16.2,60.1,27.2,86.2,50.7,43.1,27.8,57.8,45.0,171.5231746031746
78.4,170.3,42.0,107.9,100.3,97.4,109.7,58.1,40.0,39.9,22.7,30.5,17.5,14.0,58.6,25.9,83.3,47.2,42.3,27.4,56.0,39.5,162.23262411347517
110.5,176.2,44.4,117.2,117.5,118.2,123.3,73.9,46.0,43.3,24.9,32.8,18.8,15.9,60.5,26.9,85.1,51.5,44.2,29.3,57.7,42.3,163.12972972972972
81.9,172.0,43.5,100.8,98.7,100.9,112.8,61.3,41.3,40.1,22.8,30.4,17.8,15.2,60.2,26.9,84.2,47.9,37.7,25.3,54.3,40.0,157.26315789473682
87.1,171.1,45.7,116.8,104.3,101.9,118.4,62.2,37.9,37.1,21.8,29.0,16.1,14.6,58.7,26.1,82.6,49.6,41.9,29.5,56.3,40.5,160.20540540540543
86.9,192.7,46.0,102.7,84.2,97.6,118.1,59.6,38.3,39.5,23.3,32.2,19.0,16.0,66.5,31.2,95.6,48.4,47.9,24.9,57.6,39.5,139.657785467128
77.5,178.4,42.2,106.8,91.5,93.9,112.9,58.3,37.8,39.6,23.4,29.6,17.7,15.3,59.2,26.2,85.9,47.7,44.0,25.1,55.5,40.9,147.93243243243245
109.8,183.5,46.6,113.9,107.6,117.9,125.3,76.7,45.7,42.6,24.5,31.9,18.2,15.6,60.1,25.8,88.0,52.4,44.2,28.2,59.4,44.5,172.29177215189875
96.5,182.3,45.0,107.6,96.8,111.6,120.0,69.9,46.8,41.7,24.0,29.2,18.0,16.2,61.9,28.1,85.9,50.6,42.0,24.1,58.4,42.6,134.1594936708861
67.4,164.0,42.1,104.5,82.2,91.2,113.2,56.8,37.3,35.1,21.0,28.0,16.4,14.7,56.2,24.6,78.3,41.5,39.0,24.3,57.3,40.3,150.5508474576271
102.6,170.4,49.1,123.1,110.8,106.3,122.8,66.3,42.6,42.3,24.1,32.0,17.4,13.9,59.4,26.6,81.8,47.7,40.4,30.6,60.4,42.5,187.11200000000002
60.1,173.0,40.7,91.3,71.9,84.1,109.5,48.3,33.2,34.4,19.5,27.7,17.2,15.3,61.2,29.1,89.1,43.9,44.6,20.3,57.0,41.4,138.8593155893536
67.6,165.6,42.0,96.0,86.9,94.5,111.2,56.9,37.7,36.1,21.2,27.3,16.7,15.1,55.2,24.9,77.9,47.7,41.3,22.9,56.6,40.7,145.57090909090908
86.7,166.8,44.2,104.3,93.1,103.2,122.0,69.5,42.0,42.2,24.5,34.9,18.9,15.5,55.2,25.8,80.4,44.4,41.1,24.7,57.3,42.6,165.7625
82.6,163.5,46.4,108.9,93.9,102.2,117.5,63.2,41.4,39.5,22.2,30.9,17.1,13.9,56.0,24.4,76.8,46.2,38.4,25.7,56.6,40.5,174.54893617021278
86.2,186.1,42.4,101.9,88.4,102.5,119.1,62.3,38.2,39.5,25.1,31.8,18.4,15.4,62.5,27.6,93.7,46.3,45.9,24.4,57.5,43.7,132.43569023569026
82.1,166.7,44.3,109.7,91.2,94.4,116.7,61.2,40.4,40.2,23.5,31.9,17.7,14.3,57.5,26.2,79.3,48.8,40.4,27.8,59.6,40.6,162.1328813559322
67.5,176.0,43.8,96.3,81.2,88.0,113.2,52.6,34.6,33.8,21.1,29.0,17.3,15.0,59.6,26.6,86.3,49.5,44.7,21.2,58.4,41.5,146.29547038327524
86.0,175.2,44.6,107.4,95.7,101.9,120.8,63.0,41.5,40.8,23.4,30.0,17.8,16.5,59.0,26.1,82.1,46.0,41.2,23.0,57.5,44.4,164.01661341853037
95.4,188.6,44.6,106.9,100.8,108.4,126.5,66.1,41.9,41.0,24.6,30.9,18.5,18.5,63.0,28.1,87.5,52.3,44.8,23.6,56.4,45.9,151.98242811501598
97.0,172.9,46.0,116.8,112.1,106.5,117.2,65.4,42.2,42.6,24.0,32.2,19.0,14.1,59.9,26.8,85.5,48.5,39.7,27.9,58.3,41.0,179.83492063492065
89.5,179.0,41.6,108.7,94.6,104.5,120.8,61.9,40.9,39.8,22.3,31.4,18.4,16.0,58.5,27.0,84.4,48.9,43.3,26.3,60.0,42.3,170.2713286713287
101.6,174.5,48.2,117.3,102.9,108.2,120.7,64.2,44.1,43.6,25.0,32.0,18.4,14.8,57.5,24.8,79.6,55.8,41.5,29.3,59.5,43.3,178.74285714285713
75.8,167.7,43.8,100.2,91.3,102.3,112.3,63.6,40.3,35.5,21.3,29.5,16.5,13.8,57.5,24.4,80.8,45.4,41.8,23.3,55.0,40.6,146.72142857142856
71.5,172.5,41.9,102.2,82.8,93.4,115.4,56.4,37.3,34.6,21.0,28.3,17.5,15.0,60.0,27.2,86.7,46.6,42.9,23.4,55.8,40.8,164.71794871794873
88.4,174.8,44.3,107.6,97.2,103.1,115.5,63.8,42.4,40.3,23.5,30.2,17.9,15.7,58.2,26.8,86.1,48.4,44.6,25.5,57.5,42.4,157.5959595959596
45.9,161.0,37.3,82.0,69.4,80.2,96.8,45.2,30.2,29.3,19.3,24.4,15.0,13.9,54.2,24.1,78.0,42.5,41.8,19.3,56.2,36.6,118.81632653061224
75.6,170.5,44.8,103.0,87.2,99.1,114.1,59.4,38.9,37.2,21.6,30.2,17.3,13.8,56.3,25.1,78.6,46.1,38.4,24.9,59.0,40.0,148.42013888888889
99.5,183.3,47.2,113.1,101.0,110.4,121.1,68.4,43.1,42.2,25.0,32.5,18.9,15.0,63.0,28.9,88.6,47.1,44.5,28.2,58.1,42.8,167.91296928327648
113.8,182.0,48.0,118.3,114.1,123.4,124.2,76.9,47.7,45.8,25.7,33.4,18.3,14.9,60.9,27.2,85.8,51.3,43.7,26.2,57.2,43.7,163.90963855421685
84.0,177.6,44.8,99.9,90.8,102.2,114.2,64.1,39.8,38.0,23.4,30.9,17.6,15.4,58.5,26.1,86.8,44.7,41.8,23.6,57.3,42.7,155.041935483871
111.4,179.1,45.0,111.5,109.1,113.5,129.9,75.5,48.3,45.1,26.0,34.8,18.8,17.2,62.4,28.6,87.8,51.3,45.3,26.6,60.2,45.9,176.73936170212764
90.2,197.0,45.0,107.2,94.8,101.5,120.9,57.5,37.6,40.0,24.6,29.4,18.2,16.0,68.7,30.8,100.7,49.7,50.4,26.6,58.0,44.2,154.30865051903115
92.4,181.4,45.8,106.3,94.4,103.9,121.0,65.2,40.6,40.1,23.4,31.1,18.1,15.5,62.2,29.1,90.2,47.0,45.7,24.1,60.8,43.3,158.8825622775801
86.0,178.2,40.8,109.9,101.2,106.4,116.2,64.8,40.1,39.6,22.4,28.7,16.8,16.0,61.5,27.8,85.9,50.6,43.5,25.4,54.5,42.6,149.86363636363635
84.2,171.7,45.0,104.3,89.3,103.9,114.8,64.2,42.1,39.5,21.8,31.7,17.1,14.2,57.2,26.8,84.8,47.0,42.9,25.2,57.2,41.2,155.90105263157895
93.9,186.0,45.0,111.3,99.2,107.0,122.7,61.7,41.8,38.6,24.0,31.2,18.4,15.4,61.8,28.8,89.1,52.8,46.1,26.3,56.8,44.6,160.64660194174758
92.1,176.3,43.4,112.1,93.9,105.4,121.4,64.7,43.6,43.6,26.0,29.5,18.3,15.3,57.1,27.0,83.6,47.1,39.2,25.6,59.0,42.6,169.05112540192926
72.4,162.4,41.2,101.5,91.2,100.3,110.3,65.2,39.3,37.0,21.4,27.5,15.8,13.9,57.0,25.1,78.1,47.2,39.7,24.4,56.3,39.1,165.3219696969697
88.6,172.3,43.2,101.1,94.2,103.6,113.0,67.7,45.8,43.4,23.7,32.2,18.0,15.2,60.0,26.3,81.2,48.2,43.0,25.7,55.3,41.7,152.76507352941175
75.3,167.4,43.3,105.8,84.8,94.7,116.3,58.4,38.2,41.1,22.3,31.5,17.2,15.4,54.9,25.1,76.8,45.9,43.1,24.4,55.2,41.6,156.6865051903114
85.7,174.4,42.8,103.4,87.7,102.2,115.3,66.8,43.1,42.5,23.4,33.7,17.9,15.0,60.6,28.4,90.8,46.3,45.0,26.5,59.0,41.3,158.02641509433963
98.0,174.8,46.9,113.8,108.6,109.5,123.0,70.4,42.9,36.3,22.0,31.3,18.4,16.6,62.5,29.0,89.1,49.3,45.7,28.2,57.5,44.5,171.29065743944636
74.4,180.5,43.7,93.7,90.2,93.4,106.1,56.4,38.0,35.2,21.8,28.6,17.1,13.3,62.2,28.2,90.6,47.9,45.0,22.6,56.0,38.5,137.79411764705884
68.0,177.5,41.2,95.3,82.6,92.9,110.4,54.7,36.2,35.7,22.2,28.4,17.6,14.9,60.1,26.9,88.0,47.3,44.1,23.1,56.7,40.5,144.38308270676694
67.7,173.0,37.7,97.6,81.5,86.7,108.0,52.2,36.1,38.4,22.0,28.5,17.4,16.7,58.5,26.3,83.4,45.5,41.6,23.7,58.3,41.2,131.4686567164179
73.5,174.0,41.0,100.8,91.9,94.2,111.8,57.4,37.6,34.7,21.9,28.0,16.5,15.0,58.5,26.4,86.2,47.5,45.1,25.3,55.0,40.0,157.6421052631579
64.9,175.2,42.2,89.3,76.6,94.3,108.1,54.8,36.2,33.0,20.1,29.7,17.4,15.0,61.7,28.4,89.9,42.9,44.1,21.6,58.0,40.3,142.6665338645418
76.6,167.3,44.8,102.4,97.8,99.4,109.4,60.3,39.2,40.2,23.3,29.0,17.0,13.1,55.3,24.3,81.8,47.0,40.7,25.5,55.5,38.5,153.21503759398496
86.0,185.0,41.5,102.9,89.2,99.3,119.4,59.7,37.4,38.8,23.3,31.1,17.4,16.5,63.5,29.0,92.4,47.1,46.5,25.1,57.3,42.1,140.4840425531915
80.9,180.2,42.9,106.6,90.4,99.4,116.8,62.8,38.7,36.5,21.0,30.0,17.1,14.9,65.5,29.2,95.5,43.3,48.0,24.0,57.2,41.8,165.4909090909091
80.1,172.7,43.0,101.1,95.2,102.7,114.2,64.5,40.5,37.8,22.7,30.8,17.6,15.2,55.0,25.0,81.6,51.4,40.2,24.0,56.2,41.1,150.0309608540925
77.3,171.7,41.3,98.8,91.1,99.1,109.7,63.2,39.7,38.4,24.1,30.2,16.1,14.2,58.7,27.5,83.0,47.5,41.6,23.4,58.0,39.4,152.0280442804428
88.0,167.2,44.4,106.8,90.3,105.5,127.6,68.9,43.7,39.5,22.2,32.3,17.7,16.2,60.0,28.2,85.1,43.0,43.0,24.7,61.5,43.9,160.2
90.5,185.0,42.8,106.5,90.4,104.4,118.4,63.0,40.3,39.0,24.6,30.9,18.3,15.8,63.0,28.8,91.3,49.7,46.3,25.2,57.0,42.4,166.3356890459364
86.6,195.8,43.5,96.2,90.8,102.0,109.7,62.6,41.2,39.3,23.7,27.8,17.3,16.0,65.1,29.7,97.7,48.9,45.0,24.2,60.2,38.7,152.44
84.5,170.8,40.0,109.4,95.8,103.5,120.5,64.3,41.9,39.3,23.0,30.3,18.0,16.0,58.1,26.1,84.4,44.2,41.7,27.7,58.6,42.3,174.44864864864866
120.3,192.3,46.7,122.8,110.4,121.3,134.1,73.9,47.8,44.4,25.7,35.0,20.2,18.2,62.7,28.8,92.9,52.0,45.6,28.4,60.5,47.5,184.3843843843844
76.9,168.4,42.0,97.9,89.1,97.5,113.6,62.3,40.9,36.3,22.5,30.0,17.9,14.2,56.7,26.2,78.6,47.2,40.2,23.8,55.5,40.0,136.6974074074074
99.5,176.2,43.8,109.4,110.6,112.2,123.1,70.7,42.7,41.3,24.0,31.2,17.4,16.0,61.5,26.6,86.8,46.2,40.7,27.3,56.3,42.5,168.22123287671235
105.4,186.9,46.5,120.1,112.0,107.9,119.9,67.0,43.6,41.7,24.5,31.6,17.2,14.8,62.7,28.3,91.2,53.2,46.0,29.9,58.3,42.1,153.44119402985075
87.2,176.8,43.0,105.4,99.5,105.3,117.4,64.2,41.4,39.0,21.8,31.7,17.7,16.0,61.0,26.8,86.7,50.9,44.4,25.3,55.8,42.2,155.4561872909699
75.0,166.8,41.2,108.0,92.2,90.7,112.7,60.3,38.5,36.8,22.3,31.5,16.0,13.7,54.4,25.2,78.9,47.0,41.5,26.8,55.6,39.2,154.9399293286219
86.5,165.8,43.7,112.3,106.0,108.5,118.0,67.7,39.2,37.9,21.7,28.8,17.1,15.7,56.1,25.2,77.0,47.7,37.6,27.5,57.7,42.4,168.63054662379423
96.2,182.3,41.9,110.6,104.5,111.5,113.7,69.9,42.5,40.0,23.6,30.5,17.5,15.0,63.8,28.6,91.2,48.8,45.5,28.8,57.1,40.9,158.05602836879433
72.7,185.6,38.8,93.7,82.3,96.7,106.6,57.9,39.4,35.5,23.1,27.7,16.9,14.1,63.6,28.0,91.7,48.5,46.6,23.3,53.6,39.2,120.98429118773947
78.5,179.2,43.9,96.2,88.4,96.7,110.0,59.7,37.6,38.4,23.3,29.7,17.7,14.2,60.5,27.8,91.4,48.2,45.1,24.2,56.6,39.6,148.7429718875502
75.2,170.9,40.9,99.2,86.5,100.1,111.9,62.2,42.2,38.5,23.2,29.5,16.8,16.3,58.1,26.1,85.8,45.9,43.6,24.0,58.0,42.5,153.66274509803924
74.4,177.5,42.0,99.8,81.7,95.6,114.6,56.0,36.1,35.0,21.3,30.2,17.5,16.4,60.6,29.1,88.7,45.3,44.2,24.4,55.5,42.0,149.7
81.8,171.2,44.0,105.6,95.2,102.6,118.5,64.2,40.1,38.6,23.3,30.2,17.0,13.9,55.5,25.2,84.4,46.8,41.3,26.1,55.0,40.7,167.84842105263158
87.3,176.9,43.6,113.1,95.8,106.6,122.5,62.5,41.7,39.3,22.0,30.7,17.1,15.8,60.3,26.3,86.2,46.2,45.5,25.8,58.8,42.5,165.53046357615892
69.7,165.1,40.1,96.9,74.7,99.2,111.7,60.9,39.5,38.0,21.3,31.2,17.7,14.8,59.9,27.0,81.0,41.5,41.5,22.8,54.7,40.3,148.45811320754717
82.4,177.0,41.0,100.0,88.4,101.4,114.5,62.6,41.7,39.8,24.1,30.6,18.3,15.4,60.3,26.6,84.5,47.3,44.0,24.6,59.8,40.6,152.02952029520296
99.9,192.8,45.2,114.5,95.3,104.5,118.6,62.8,43.9,39.7,23.4,30.2,18.3,15.0,65.2,29.5,93.4,56.1,46.5,29.3,58.7,42.4,171.36054421768708
86.7,175.1,44.0,111.8,92.9,97.7,122.1,61.1,40.6,41.3,23.1,31.4,18.3,15.1,61.9,27.2,87.4,48.0,42.5,25.5,54.8,44.5,162.71528662420383
72.5,159.7,43.0,102.0,91.3,96.8,105.7,59.3,40.1,38.8,22.5,30.7,17.5,13.6,55.9,24.7,77.6,45.9,39.7,25.5,55.0,40.2,149.1940298507463
72.8,182.0,41.3,95.3,85.2,93.2,117.8,56.2,38.1,36.3,23.5,28.6,18.3,16.6,60.8,28.2,89.3,49.7,43.7,21.7,55.3,43.3,145.89563636363636
71.5,182.1,40.1,94.6,80.3,94.2,111.2,55.8,37.3,34.1,21.7,29.4,18.0,17.3,61.6,27.7,89.9,52.3,46.7,23.7,56.8,41.1,138.23333333333332
127.4,181.3,48.0,132.4,125.1,121.7,127.7,76.8,48.8,41.8,26.1,34.2,19.8,16.2,64.0,28.0,86.0,54.4,43.0,33.2,59.9,43.5,
96.1,182.6,43.9,108.8,97.7,108.3,122.8,68.9,41.8,41.5,24.7,30.3,18.0,14.7,65.0,28.9,88.3,48.5,42.2,25.1,58.7,43.8,158.7700325732899
101.8,167.5,46.4,120.0,114.9,111.7,124.6,65.8,43.7,43.6,24.4,33.4,18.5,13.9,56.9,25.2,78.2,49.0,38.6,28.3,59.5,42.5,181.13924050632912
86.9,172.2,43.9,112.4,97.6,104.2,122.1,62.3,41.2,40.0,24.5,29.7,18.1,16.9,58.7,26.2,84.5,49.1,43.1,25.8,56.6,44.2,169.90697674418604
84.0,171.8,44.1,106.7,91.3,98.9,119.0,63.2,41.8,38.8,22.8,31.7,17.8,14.6,55.5,26.2,82.3,46.2,40.9,27.7,57.8,41.7,158.3290322580645
83.4,172.6,40.9,105.3,95.8,106.0,116.9,65.8,41.6,36.3,21.3,30.7,17.3,16.2,58.5,28.1,84.5,45.6,42.0,24.3,57.8,42.0,149.8202205882353
73.3,176.7,47.4,99.9,91.7,98.8,110.8,57.9,37.2,36.3,21.5,27.7,17.0,15.3,58.5,27.2,83.1,48.5,40.3,24.7,56.0,40.4,152.4975265017668
73.5,170.1,41.9,98.7,93.0,99.2,114.3,58.7,39.2,37.0,21.2,28.1,17.1,16.0,57.0,26.4,82.1,46.0,40.1,23.6,56.3,42.9,153.07157894736844
76.6,174.4,41.8,99.8,89.6,95.3,113.3,60.2,39.3,37.5,23.2,28.8,17.5,14.2,58.8,26.2,84.6,48.5,43.5,23.5,56.3,41.6,152.57194244604318
85.8,168.0,44.8,102.7,84.7,101.1,119.5,66.1,43.8,40.6,24.0,34.3,18.5,15.8,57.5,26.4,84.4,42.9,41.9,26.9,56.7,41.2,152.29277566539923
56.0,158.1,40.4,91.5,77.6,86.4,105.5,51.2,34.6,33.5,19.8,26.1,16.4,13.5,54.2,24.8,77.3,43.3,38.4,22.8,54.7,37.4,147.09493670886076
75.4,173.1,40.4,104.3,91.7,97.3,110.9,57.9,38.2,36.0,20.7,27.9,15.8,15.3,56.5,25.1,80.1,48.2,41.2,24.7,56.3,40.6,143.1719557195572
94.1,182.5,46.2,110.5,99.6,105.6,122.8,65.5,40.8,41.0,23.6,32.2,18.1,15.5,59.0,26.4,88.3,49.8,44.9,26.2,57.8,42.3,154.15909090909093
92.0,163.5,43.8,120.9,104.6,108.4,121.0,68.4,42.5,46.5,24.0,32.3,17.8,14.3,52.5,23.8,76.7,42.6,38.0,28.6,57.3,41.4,186.73663366336635
90.5,173.6,44.9,109.8,98.9,107.5,112.3,66.4,40.6,38.2,23.6,32.1,18.5,13.7,55.6,25.3,82.4,50.5,41.0,26.0,58.4,41.0,159.67525423728813
102.1,169.2,43.5,115.6,110.5,110.7,119.2,69.7,45.6,44.2,25.8,31.3,18.0,15.1,55.3,25.5,82.4,52.1,41.5,29.5,58.8,41.7,161.76109215017064
65.0,166.5,43.8,93.3,78.5,90.8,108.2,53.4,37.1,37.0,22.3,28.4,16.8,13.0,53.7,24.6,76.6,45.1,40.1,21.5,56.0,40.6,129.3941605839416
97.7,185.6,46.6,110.9,95.5,109.4,121.8,64.8,43.0,41.3,25.6,32.4,18.6,15.3,61.7,27.9,92.8,49.4,46.9,26.2,58.9,43.0,153.38766233766233
113.0,187.4,44.5,120.2,104.3,118.0,123.3,76.8,44.6,40.6,24.6,32.9,18.1,14.4,65.0,29.2,93.8,48.9,48.5,30.7,60.2,43.3,173.98440677966101
89.4,167.2,46.0,112.1,97.8,103.6,119.2,61.6,42.8,43.0,25.3,32.2,19.1,14.5,53.4,24.7,80.2,46.6,37.9,25.7,59.0,41.8,168.50700636942676
76.3,180.7,43.4,99.0,80.3,98.5,114.0,60.9,40.0,37.7,22.5,29.0,16.8,14.2,58.0,26.0,86.8,45.6,42.8,23.1,57.0,42.1,128.76923076923077
124.1,189.2,49.3,125.6,115.7,115.7,130.0,75.8,46.3,45.2,26.7,36.2,20.0,14.5,65.2,29.7,90.6,46.7,43.5,29.6,60.3,43.0,
87.6,179.5,45.1,104.2,90.0,105.0,120.9,64.7,41.4,40.0,23.5,32.2,17.8,14.5,61.4,27.4,86.4,48.1,42.9,25.9,56.8,41.5,157.561937716263
68.9,179.8,38.7,92.5,75.7,92.6,115.0,54.2,35.4,36.0,22.3,28.6,17.3,16.2,65.9,30.4,95.6,43.5,48.6,21.0,55.0,42.9,143.4622641509434
73.6,172.1,41.6,92.9,81.0,96.3,108.3,58.7,38.7,39.8,23.4,29.7,17.2,14.2,58.7,26.1,84.2,45.0,40.6,21.5,59.5,39.7,133.17832167832168
75.9,168.7,43.5,102.6,80.9,94.4,115.8,57.6,39.4,39.3,23.8,31.8,18.0,16.5,56.5,25.2,81.1,46.4,40.6,26.3,58.6,42.1,166.725
70.2,174.5,40.2,99.6,78.8,92.4,110.4,56.3,36.1,35.2,21.2,27.1,16.6,15.0,59.3,26.2,83.1,46.4,43.6,24.0,57.5,40.2,134.17811320754714
101.8,183.6,45.2,114.6,106.7,114.9,117.8,66.4,45.5,38.8,23.2,32.1,18.3,15.5,62.5,26.9,91.7,52.2,45.8,29.1,58.0,42.4,176.45364238410596
88.7,175.1,45.9,107.1,99.9,105.2,118.0,64.0,42.2,41.8,23.3,32.0,18.2,14.8,60.0,27.3,82.4,49.2,39.1,25.8,57.8,41.5,141.11148648648648
126.6,185.6,46.6,121.9,119.6,126.1,132.7,84.0,50.2,43.6,22.8,37.2,18.3,16.1,66.8,29.8,90.5,53.6,44.7,31.0,60.0,44.3,198.03549488054608
84.2,170.2,43.3,109.9,95.2,99.8,117.9,60.8,40.3,39.4,22.1,30.2,16.6,14.2,55.5,24.4,78.2,46.9,40.9,25.5,59.9,40.4,170.0557894736842
69.9,171.7,45.5,99.8,79.9,93.7,113.5,56.6,37.7,37.5,22.6,29.8,16.4,14.2,53.2,25.5,79.5,47.2,39.8,21.5,58.8,40.8,144.8146853146853
71.3,175.9,41.1,95.7,78.9,93.5,113.5,54.9,37.4,38.4,23.1,30.4,17.9,16.0,57.9,26.8,84.7,49.7,42.8,23.6,59.0,42.0,134.88152173913045
109.9,178.9,48.8,120.2,109.5,114.7,127.2,72.5,45.4,42.2,24.5,33.8,18.4,14.7,59.4,27.3,81.5,47.7,43.1,28.0,57.2,43.0,189.63229813664597
104.2,183.8,46.6,116.4,102.9,107.0,128.8,69.1,44.4,42.3,23.6,34.1,18.5,14.8,60.3,28.1,83.1,51.2,44.2,27.5,57.9,44.2,162.42745098039217
63.3,163.9,40.8,92.2,77.2,92.7,109.1,57.9,38.7,36.7,21.2,28.4,16.3,14.8,54.4,24.1,78.8,43.5,40.0,21.0,57.0,39.0,142.81960784313725
92.1,167.4,42.6,109.6,101.7,105.7,114.7,66.8,45.5,45.5,25.6,30.4,17.2,13.5,57.1,27.6,80.2,42.5,39.6,24.7,60.8,39.9,168.6450704225352
95.5,174.5,48.3,113.7,102.3,106.7,124.9,65.4,43.4,38.3,23.0,31.9,17.9,15.1,54.9,25.1,77.0,49.4,41.6,28.7,57.7,42.9,194.0741379310345
70.9,166.2,42.8,99.4,81.7,95.2,120.4,57.5,38.2,37.3,21.8,30.0,17.5,15.5,56.7,24.8,80.1,43.6,39.2,24.1,55.4,42.9,151.79133574007218
77.3,167.4,43.5,101.6,87.7,98.9,112.7,63.5,41.1,38.7,23.3,30.3,17.3,14.0,56.4,25.2,79.1,46.1,38.9,25.3,57.8,38.8,163.16431226765798
78.1,168.8,44.1,100.5,92.6,103.3,115.9,62.4,39.6,39.6,24.4,30.2,17.0,14.2,56.8,25.9,81.3,45.2,41.1,24.5,57.3,40.4,143.83828996282529
101.7,174.4,42.9,115.0,114.9,113.3,121.0,70.4,46.2,44.1,25.7,30.9,18.5,15.1,57.0,26.1,80.8,52.1,39.9,28.2,58.2,41.4,164.7818791946309
102.8,177.3,48.2,112.4,103.0,109.1,126.9,70.2,44.7,41.8,24.3,35.2,18.8,15.0,55.0,24.3,82.3,49.7,43.8,28.9,58.5,42.4,165.38857142857142
91.0,183.5,42.5,109.3,87.0,100.4,124.7,67.0,40.4,39.5,23.6,33.0,17.8,15.7,64.3,30.9,92.0,46.2,46.8,27.2,57.0,42.6,192.41787072243346
78.7,173.6,39.0,101.8,88.4,98.6,116.9,62.1,41.0,38.3,23.6,30.2,17.4,15.9,59.0,27.0,84.8,46.3,42.9,25.5,57.5,41.8,151.62464788732393
78.1,166.8,42.8,102.0,95.5,98.8,115.4,62.6,36.6,39.0,21.5,32.1,17.2,13.8,56.5,25.6,78.0,46.3,37.6,24.7,59.0,39.4,164.31272727272727
93.1,179.1,45.9,113.8,104.2,104.9,124.2,63.6,44.4,38.7,22.5,31.0,17.8,14.9,60.5,27.1,88.7,46.7,42.6,26.4,56.8,43.2,191.23092783505155
79.3,181.6,42.4,101.2,92.4,97.2,113.5,60.4,40.8,38.2,22.6,30.2,17.7,14.8,61.8,27.6,86.5,48.0,44.3,22.3,57.0,41.5,146.37857142857143
81.2,178.1,41.8,102.3,94.4,102.6,112.2,64.3,39.3,39.2,22.2,30.6,17.6,15.2,57.2,26.3,84.7,47.0,40.4,24.8,57.0,39.2,151.3426966292135
62.1,175.9,41.8,91.1,75.9,86.5,108.8,49.7,35.0,34.6,20.5,27.1,16.4,15.2,59.2,25.8,84.9,47.5,43.5,19.9,55.3,41.1,128.6914498141264
75.8,167.3,41.4,103.7,89.7,93.7,113.2,58.8,39.2,37.9,22.2,29.6,17.5,14.0,55.3,24.6,81.2,45.3,41.6,26.1,55.3,38.3,153.49097472924186
74.5,173.4,42.9,100.6,85.2,94.4,116.2,56.4,38.1,36.4,22.0,29.5,17.6,14.6,62.1,27.4,83.7,44.4,43.5,22.7,56.5,40.8,159.96466431095408
81.9,164.0,43.5,109.2,100.1,98.9,114.7,62.9,39.0,35.5,20.3,29.5,16.2,13.5,54.1,23.8,74.0,46.5,39.9,26.1,59.2,39.5,156.79054054054055
71.4,166.3,41.4,97.2,89.7,96.8,112.5,58.2,39.0,37.6,22.0,27.9,16.5,15.4,56.7,24.3,76.2,46.1,39.4,23.6,56.1,41.0,143.26119402985074
86.5,164.6,47.0,109.5,95.1,109.9,124.4,67.6,40.0,40.5,23.5,31.1,16.7,14.8,56.9,25.7,77.6,42.9,39.3,26.3,57.0,42.4,166.99665551839468
109.1,181.0,48.2,123.3,109.3,112.0,129.0,68.7,44.2,44.0,24.9,34.2,19.2,16.0,62.2,28.7,87.5,52.9,42.6,30.1,58.0,43.7,
78.0,170.1,41.2,103.3,93.1,98.1,112.2,61.4,39.3,37.4,22.7,29.8,16.7,14.1,57.1,26.2,82.4,48.4,41.2,27.3,57.9,39.9,152.25186567164178
94.2,185.0,43.1,107.8,93.8,104.2,122.7,63.7,43.7,39.5,24.2,31.5,18.5,15.9,63.3,28.7,90.9,48.8,44.1,26.4,58.0,43.6,169.50620689655173
83.2,176.4,44.7,107.1,88.4,98.9,116.4,60.1,39.4,38.8,23.0,32.0,18.2,15.3,58.4,26.6,83.7,47.8,42.6,24.7,59.2,41.6,153.25757575757575
83.8,186.3,44.6,102.9,94.8,104.4,119.9,60.3,39.3,36.0,21.6,28.1,17.3,17.0,62.8,28.8,91.6,48.5,44.9,22.5,58.8,44.5,158.72872340425533
98.7,176.4,44.5,114.5,107.8,109.7,124.5,67.9,44.3,42.8,25.3,31.1,19.0,16.0,61.2,28.4,82.6,48.8,41.2,27.6,57.4,43.0,190.45166666666665
95.8,181.1,44.7,113.2,103.4,106.9,120.0,64.6,40.7,37.6,23.5,31.2,18.1,15.6,62.0,27.2,88.0,52.0,41.3,29.0,59.6,42.5,188.0205479452055
96.2,179.5,43.9,103.5,96.9,110.0,117.6,68.7,45.0,42.0,25.4,32.4,18.5,14.4,61.0,26.8,84.5,46.8,39.7,24.8,59.4,40.5,153.1377551020408
54.5,158.3,40.9,87.2,74.7,87.8,104.5,53.1,34.7,35.5,21.3,26.0,15.6,13.5,54.5,24.4,75.5,43.2,38.9,20.6,55.8,38.2,147.2393442622951
77.7,176.8,41.7,100.3,87.8,100.5,115.8,58.3,38.7,39.4,24.0,28.8,17.5,15.8,60.5,27.3,85.6,46.3,43.9,24.0,57.8,40.9,159.67491638795985
81.9,188.6,44.2,107.7,87.2,96.4,122.1,58.1,41.2,39.5,24.3,29.9,18.3,15.0,63.3,29.0,95.1,49.6,45.9,24.7,57.6,43.6,148.35496688741722
88.5,168.1,42.8,111.0,105.4,109.0,117.0,66.2,42.8,42.5,24.2,30.0,17.9,15.0,53.5,25.6,79.6,47.5,38.6,26.4,58.8,39.9,159.01038062283737
79.1,169.8,43.1,103.1,91.4,98.8,115.0,61.9,41.0,39.2,23.0,30.2,17.0,16.0,55.1,24.2,80.5,46.0,39.2,25.5,55.6,41.1,157.55422535211267
86.8,170.8,45.1,111.7,101.2,103.5,118.3,63.8,41.0,37.3,21.3,31.1,16.8,14.2,57.0,25.1,78.6,49.6,39.9,27.7,55.5,40.3,171.12289562289564
85.4,164.2,44.2,115.3,105.9,102.7,120.1,61.2,39.8,39.7,22.8,31.5,17.9,14.4,55.9,25.7,80.5,46.5,39.8,28.2,57.3,40.9,168.4245733788396
100.8,178.9,47.2,109.7,104.6,112.2,125.6,71.4,43.7,42.3,25.0,33.5,18.6,15.7,58.0,26.3,81.5,50.2,40.1,26.8,57.7,44.2,163.46026490066225
80.7,166.4,42.6,107.8,104.2,101.7,116.6,60.3,39.3,37.3,21.1,28.8,16.7,15.5,53.7,24.4,77.6,47.9,40.4,27.1,56.1,41.0,170.99310344827586
102.1,188.0,46.0,114.2,104.7,105.4,128.9,65.5,40.9,40.7,24.1,33.1,17.6,17.2,62.5,29.1,90.9,52.5,45.2,28.7,59.3,45.3,185.90697674418604
92.2,174.0,44.3,114.3,103.0,100.5,118.6,61.1,41.4,38.7,22.6,29.9,17.4,14.2,58.6,25.7,82.0,49.1,42.2,29.4,57.0,41.9,181.20731707317074
65.6,171.0,40.1,94.6,83.5,91.8,113.5,55.8,36.1,35.1,20.8,28.2,17.5,16.3,60.8,27.4,86.1,45.4,42.4,21.2,55.8,42.4,139.15797101449277
86.4,173.8,42.8,104.6,97.5,103.3,118.4,64.5,39.1,41.6,23.5,29.4,17.5,15.0,58.2,26.7,82.4,47.4,40.0,25.8,57.6,41.5,149.10254545454546
81.2,177.7,41.6,102.7,91.1,101.8,117.7,67.9,39.0,37.6,22.5,32.2,16.8,15.7,56.7,25.9,83.2,44.0,41.7,24.1,56.3,40.3,160.7636042402827
70.9,161.3,43.1,100.6,94.5,96.1,110.2,57.3,40.0,38.7,22.3,28.7,16.6,14.0,54.4,25.2,75.8,44.9,35.5,24.1,54.5,40.9,135.67509578544062
87.0,164.9,44.8,113.9,103.6,103.3,121.1,64.6,42.0,40.3,22.8,30.2,17.5,15.2,54.6,24.7,75.4,46.3,37.4,27.4,59.0,41.4,178.50557377049182
78.0,178.6,42.4,97.6,78.0,97.9,118.8,61.5,42.6,37.8,23.4,31.6,18.0,16.4,59.7,26.7,87.9,46.3,42.1,22.7,56.6,42.9,156.80588235294118
73.4,173.0,41.2,100.4,90.9,96.1,114.2,57.5,36.6,36.8,21.0,29.5,15.8,15.2,60.3,26.9,85.0,45.5,42.1,25.2,55.8,40.2,144.98194945848377
81.9,176.3,43.1,103.3,92.9,102.6,119.4,63.1,38.8,38.2,23.1,28.5,16.7,16.7,57.7,27.9,85.1,47.7,44.7,23.1,56.5,43.6,146.09093851132687
61.8,176.8,39.5,90.2,72.3,88.5,107.7,49.3,35.0,34.0,21.1,26.4,16.5,16.9,59.5,27.5,84.9,44.2,42.4,19.6,55.8,41.3,133.64191176470587
73.2,183.4,42.3,96.7,80.9,94.3,114.5,55.0,37.1,37.5,22.5,28.3,17.6,15.9,61.0,28.5,90.3,47.8,46.0,22.5,57.4,42.0,150.34379562043796
68.2,176.7,41.0,96.8,76.9,91.4,114.2,54.0,37.4,37.8,21.8,30.5,17.6,15.9,61.4,27.4,86.5,46.6,41.9,23.4,54.5,41.2,160.10646387832702
91.0,184.4,43.2,102.1,95.5,101.4,119.3,66.0,44.0,45.8,26.2,30.5,19.0,17.3,60.3,26.9,92.5,48.9,44.6,24.3,59.0,43.5,152.24163701067616
79.5,185.9,42.1,99.0,79.9,98.6,115.8,56.6,40.4,40.5,25.0,28.8,17.9,16.2,62.5,26.8,88.2,47.5,43.9,24.3,55.6,43.8,151.26923076923077
85.9,174.0,47.1,106.1,93.3,103.3,120.4,62.8,41.6,38.9,24.3,32.2,18.9,14.4,57.2,25.5,81.6,48.1,41.9,25.8,57.6,41.9,167.99166666666665
69.4,170.4,40.6,94.1,80.8,94.2,107.2,55.9,38.4,39.3,23.0,28.9,16.9,13.5,56.4,26.0,80.6,45.5,41.7,22.2,56.4,38.0,134.18592057761734
107.5,180.7,45.0,124.0,107.0,109.3,128.4,68.0,43.7,44.1,25.6,32.5,18.9,15.1,60.0,27.9,87.9,49.9,41.8,30.0,62.2,42.8,195.36977491961414
65.7,171.8,39.8,94.2,75.3,95.2,108.8,55.3,37.7,35.8,21.6,29.2,17.0,15.1,57.2,27.3,83.4,43.2,41.3,22.2,56.7,39.9,132.36131386861314
69.0,175.0,41.5,95.8,80.3,94.1,113.5,56.7,37.4,35.8,22.3,28.2,16.9,15.3,59.4,26.5,82.4,46.2,41.6,21.3,55.3,41.5,142.1979094076655
70.0,171.6,44.0,99.8,86.3,93.0,114.6,55.6,37.1,37.0,21.7,29.2,16.6,15.2,56.6,26.3,82.6,47.7,40.4,23.0,56.7,40.8,145.09929078014184
84.2,177.0,44.9,109.3,87.8,99.3,117.3,61.2,40.8,41.0,25.0,31.7,18.2,15.4,60.4,26.8,85.9,45.0,39.5,27.8,58.4,42.1,164.14041811846693
94.9,186.5,41.3,107.3,85.0,100.3,121.1,67.4,42.2,42.3,24.5,34.0,17.8,16.5,66.2,29.8,95.2,48.3,46.3,26.7,57.4,43.4,153.4986111111111
71.5,175.9,40.8,91.5,81.5,96.8,106.3,57.2,38.3,36.5,22.7,28.5,17.9,15.7,59.7,28.1,84.3,47.1,41.3,23.0,56.4,39.7,131.8574144486692
101.0,192.6,44.5,111.5,88.4,108.9,126.7,68.6,43.5,41.2,24.8,32.9,19.6,16.8,67.0,31.1,96.1,51.4,44.5,26.0,58.5,45.3,167.809364548495
70.0,170.5,41.2,93.4,82.6,95.8,112.8,57.1,38.5,38.2,22.0,29.0,16.5,15.9,60.0,26.1,84.8,43.4,42.1,22.5,56.0,40.2,143.97628458498022
82.5,178.1,42.7,101.6,97.5,98.7,119.4,57.8,39.8,39.8,25.3,28.8,17.6,15.4,61.8,28.5,90.1,46.7,39.9,24.5,57.5,43.7,125.62702702702703
81.0,176.6,41.6,101.8,86.5,100.3,116.9,61.3,42.4,38.3,23.3,29.7,18.3,15.8,57.7,25.0,81.3,46.4,40.9,24.1,57.7,41.6,150.72155477031805
80.7,181.4,42.3,102.9,89.5,98.6,117.4,61.2,41.6,39.8,24.2,29.1,17.9,15.7,61.5,27.4,87.6,46.6,43.1,25.4,57.7,41.6,150.12649253731342
81.9,183.0,45.6,98.6,84.8,100.2,113.5,62.7,41.3,39.6,23.0,30.0,17.6,14.2,61.7,27.9,87.5,48.5,42.1,22.7,59.4,41.9,164.0960288808664
68.4,173.8,40.9,93.3,80.4,95.8,112.0,55.3,37.6,38.4,23.3,28.8,18.0,16.0,57.5,26.8,83.1,47.2,42.3,21.8,54.6,42.0,142.458064516129
90.4,186.8,45.4,101.0,91.8,104.7,119.6,65.4,40.9,43.5,25.0,29.5,17.6,16.3,62.1,27.8,88.3,49.0,43.1,25.2,59.8,43.4,149.9163763066202
90.6,166.8,42.7,108.6,106.0,109.7,118.3,69.7,44.6,44.5,25.5,29.2,18.3,15.2,54.5,25.2,74.0,47.8,37.6,27.0,54.0,40.5,157.24375
109.4,185.3,45.9,114.4,107.5,117.5,129.3,70.7,45.0,41.9,23.8,33.5,17.8,16.5,64.6,30.3,89.2,52.5,39.5,29.2,58.4,45.3,164.27681660899654
77.4,157.1,40.2,106.7,100.9,106.8,114.3,66.4,41.7,39.0,22.2,28.0,16.4,14.3,52.6,24.2,71.5,45.3,36.7,25.0,56.8,39.7,162.781228668942
90.4,172.3,45.9,109.8,102.2,108.1,120.8,68.3,42.6,40.2,23.7,30.6,17.5,14.1,57.0,26.1,82.0,49.5,42.2,26.1,59.2,42.8,170.07482517482518
99.2,182.9,47.9,116.3,99.9,106.3,130.0,63.7,43.0,42.4,25.2,34.9,19.1,15.9,60.0,27.1,86.5,47.5,40.1,25.9,58.9,45.2,167.48592814371256
77.7,169.6,43.3,105.7,93.2,100.4,116.2,61.0,37.7,37.7,21.6,29.7,17.0,14.6,57.8,26.8,81.1,47.0,40.8,25.2,54.5,40.3,157.81597222222223
62.8,172.7,40.7,91.7,74.1,88.7,112.6,52.9,35.5,35.5,21.6,27.0,17.3,15.9,58.1,26.1,79.1,44.1,40.5,23.4,54.8,41.2,147.6063197026022
79.1,178.5,43.8,99.6,87.9,100.8,117.1,61.6,40.7,38.1,23.3,29.5,17.9,15.5,61.8,28.2,86.7,45.7,42.9,23.0,58.1,44.6,142.18989898989898
66.2,169.8,42.3,94.2,80.1,93.6,108.8,57.0,37.5,37.0,21.4,27.9,16.7,13.3,58.1,27.0,83.1,46.4,39.9,22.1,59.1,39.0,130.29854014598538
86.8,184.5,43.2,103.4,97.3,102.2,122.3,61.1,41.3,38.6,23.9,29.7,18.4,17.8,63.0,28.5,86.5,49.9,43.6,24.3,57.0,45.7,147.76539792387544
76.8,177.2,44.0,102.1,88.0,97.2,116.5,57.2,40.1,37.1,22.2,29.1,17.5,14.9,61.0,26.5,84.2,47.5,43.2,24.1,57.4,42.4,150.6855172413793
85.6,171.4,45.4,109.3,102.9,105.7,120.1,61.5,42.3,41.5,23.7,30.8,17.8,15.9,59.0,26.4,81.8,47.4,40.5,25.7,58.3,43.0,154.44565217391306
94.2,177.2,43.0,119.1,100.4,101.8,123.1,65.7,42.8,41.7,23.0,31.2,16.9,15.4,61.7,28.3,89.3,45.2,44.9,29.1,56.5,41.8,194.5571917808219
79.9,174.7,45.1,100.7,86.5,97.9,116.5,59.4,40.4,38.4,22.7,32.1,19.0,14.5,58.7,26.3,79.9,49.5,39.2,23.3,57.8,42.0,145.41643356643357
85.6,174.3,44.7,103.4,99.0,103.7,116.9,65.3,42.7,38.6,23.1,32.1,18.3,14.8,58.6,27.6,83.0,47.6,40.9,25.8,59.6,40.8,173.35836431226764
89.9,176.6,44.5,106.8,98.8,106.2,117.1,65.0,42.7,42.7,24.0,32.1,17.9,14.4,60.4,27.3,85.0,48.2,40.7,26.7,57.3,41.1,164.76579925650557
120.4,180.0,50.9,132.7,118.3,115.6,138.8,74.2,44.0,41.0,23.4,34.5,18.4,15.8,60.5,27.7,84.0,50.0,38.9,32.5,58.5,45.8,
74.4,178.4,43.9,100.0,82.0,93.6,115.8,57.4,37.8,35.0,20.7,29.6,18.1,14.6,61.6,27.8,84.7,47.8,39.9,22.0,60.1,41.6,140.26402640264024
80.9,177.3,42.3,111.9,80.6,96.1,123.4,59.2,39.2,36.8,23.7,31.7,17.8,15.8,59.0,25.9,86.6,44.6,42.2,25.8,57.5,40.5,165.5348275862069
73.2,172.7,43.4,100.2,84.4,94.4,114.5,57.8,37.5,36.8,23.1,29.3,17.3,15.0,57.6,25.5,82.8,46.5,41.0,23.5,57.5,41.1,145.4861209964413
77.8,171.9,42.1,99.2,91.7,102.1,113.7,62.8,41.3,39.2,21.7,29.5,17.0,15.4,57.7,25.8,81.1,45.5,40.2,24.6,55.6,40.5,158.05373134328357
60.3,180.1,40.6,87.5,72.5,86.7,102.8,50.7,33.7,33.5,22.6,26.9,17.5,14.0,57.9,26.7,84.5,47.0,42.8,21.5,55.6,39.3,128.89423076923077
72.4,178.1,43.2,99.3,83.9,94.4,113.4,56.8,36.7,37.7,21.7,28.0,16.7,13.8,59.2,28.0,85.6,44.3,41.0,23.3,58.3,40.7,143.35563380281693
83.0,171.3,43.4,105.1,98.6,102.7,113.8,63.3,40.2,40.2,23.6,29.6,17.8,14.5,57.5,25.2,82.0,47.8,40.4,26.3,57.7,41.2,166.3120879120879
78.4,174.9,43.8,98.7,85.5,96.6,115.8,58.9,40.5,37.4,22.3,31.2,17.7,14.8,58.0,25.5,81.5,48.0,39.8,23.7,59.5,40.8,137.06395759717316
66.3,161.9,41.8,101.8,87.7,91.1,113.9,53.3,35.3,35.0,21.4,27.5,16.4,14.0,54.5,24.8,78.0,42.4,40.1,24.7,55.3,39.9,137.35514705882355
76.0,165.8,43.5,107.0,96.9,95.3,115.1,58.0,37.4,35.9,21.8,30.0,16.5,15.2,56.0,25.5,76.7,50.8,38.9,25.9,56.8,40.2,157.98657718120805
93.7,182.2,42.0,104.4,93.0,105.7,123.6,68.4,43.4,40.2,22.7,31.9,18.0,15.0,64.3,29.9,91.3,45.1,44.2,25.2,60.3,41.6,145.31351351351353
93.1,173.0,42.9,105.2,99.6,105.1,116.5,69.1,45.0,43.5,25.5,33.4,17.7,15.4,55.0,25.7,79.6,49.2,39.2,27.7,58.2,38.6,161.25250965250967
75.6,166.1,42.9,106.7,92.3,96.3,114.4,61.0,37.4,37.7,21.8,28.7,16.2,13.9,53.7,23.9,76.2,45.0,40.8,24.9,54.4,39.5,167.56137184115522
83.3,185.8,44.3,104.8,87.2,100.8,118.5,59.1,40.4,37.9,23.1,30.9,17.9,15.4,57.8,26.6,92.7,47.8,44.0,23.6,58.9,42.5,166.67453874538745
75.7,176.5,44.6,100.7,85.8,96.4,118.2,56.4,37.3,35.8,22.5,30.6,17.8,14.8,58.3,27.4,86.2,42.9,42.6,23.3,56.8,42.1,151.05
100.8,195.2,43.3,112.2,94.7,105.8,123.1,66.8,43.0,40.0,24.5,31.9,17.9,15.7,63.5,28.8,94.4,50.1,47.2,28.0,59.7,44.0,167.3088339222615
104.2,180.0,46.2,121.3,108.1,110.4,131.1,67.3,42.6,40.2,24.8,34.2,18.4,16.6,57.0,26.6,88.2,48.1,41.8,29.3,57.8,44.7,174.8803680981595
69.2,170.8,39.4,94.6,79.3,94.3,110.3,57.0,37.9,36.0,21.7,27.3,16.6,14.5,55.6,25.2,77.2,46.5,38.3,21.8,58.1,39.7,148.30150375939849
91.0,174.9,44.2,114.4,100.2,102.8,124.8,62.3,39.3,38.2,23.4,31.3,17.9,15.9,57.8,25.6,80.4,47.5,41.4,27.6,57.5,42.5,179.9843648208469
86.1,164.9,46.2,111.3,101.2,104.9,118.1,64.6,41.5,39.5,24.0,30.3,17.3,12.9,55.5,25.9,77.4,47.7,38.6,26.2,57.7,40.5,157.82411575562702
83.5,170.5,43.9,109.7,97.0,102.1,117.9,63.0,41.2,39.5,22.4,32.3,17.9,14.7,58.1,27.0,80.2,47.0,41.2,25.5,56.8,41.4,166.30801282051283
99.4,183.6,45.5,111.4,99.9,109.6,124.2,68.2,43.8,44.8,26.2,33.0,18.5,15.0,61.7,27.8,88.8,48.6,43.1,26.5,56.2,43.3,173.1216216216216
64.5,182.5,38.2,94.2,77.9,89.9,110.3,52.0,35.7,36.1,21.2,27.0,17.1,17.1,64.3,28.1,89.5,49.6,44.3,23.4,55.8,40.8,135.61867704280155
61.3,165.3,41.1,96.4,71.5,87.7,108.0,52.8,34.6,34.0,21.0,28.5,16.8,13.1,54.8,25.6,80.2,42.7,40.7,22.3,54.3,39.3,142.95057034220534
70.8,172.0,41.4,98.3,86.5,94.6,113.0,57.3,37.2,36.4,21.0,28.3,17.2,14.6,58.9,26.0,84.2,44.4,41.3,22.5,57.9,41.7,139.02428571428572
88.9,170.8,42.1,112.4,102.6,110.2,122.0,68.9,40.7,38.3,22.7,30.3,17.5,14.9,57.7,26.7,77.1,46.2,41.1,26.1,55.5,41.5,169.5859649122807
83.6,172.5,44.8,105.7,99.0,102.6,120.2,63.1,39.8,39.8,22.2,30.0,16.9,14.9,55.0,25.0,80.0,47.5,41.2,24.0,57.3,42.4,157.34495114006515
118.0,183.5,50.1,125.4,113.0,112.0,136.3,70.3,45.9,46.7,26.8,33.5,19.0,17.4,61.0,28.1,83.6,52.9,41.6,31.1,62.8,47.2,
85.9,172.8,43.6,103.4,97.5,108.2,114.9,67.6,39.9,39.6,22.9,29.2,17.2,14.4,61.2,27.9,81.9,48.6,40.8,26.2,56.2,40.8,154.33970588235294
89.2,174.8,43.3,110.0,95.3,106.0,122.0,65.6,41.0,40.2,24.7,30.4,18.7,15.1,62.4,28.1,84.4,47.8,42.3,26.0,55.7,40.8,171.73469387755102
75.1,180.5,42.2,97.8,83.0,95.4,116.1,55.3,37.4,35.7,21.9,28.8,17.2,15.4,60.9,27.5,90.6,45.8,44.9,22.9,60.0,41.4,134.7773851590106
77.8,173.5,43.9,107.1,91.7,96.3,116.3,57.1,39.3,36.9,21.4,30.7,16.8,15.3,56.8,26.4,84.1,51.4,42.4,26.5,54.7,41.4,140.02473498233215
83.1,168.7,44.0,106.4,95.0,102.2,116.6,60.7,40.4,40.6,22.6,29.5,17.3,14.4,56.6,25.0,77.0,45.1,38.7,25.7,58.7,40.6,154.98933333333335
74.9,171.0,41.4,100.5,88.0,98.6,115.5,60.3,38.2,38.6,22.3,31.0,17.0,15.8,57.7,26.5,80.9,43.4,42.1,25.1,58.7,41.3,153.3363970588235
63.0,178.6,41.1,89.4,71.5,88.1,109.3,53.4,35.6,32.6,20.7,29.6,16.6,15.0,61.5,30.4,88.7,44.2,43.3,19.3,55.6,40.9,128.5125
88.0,175.1,43.6,105.8,89.1,101.7,119.2,61.7,45.3,43.1,24.2,31.2,18.0,15.3,58.8,25.8,80.1,48.7,41.8,25.3,58.7,42.2,152.20350877192982
72.2,175.0,44.2,99.8,84.8,95.5,113.2,57.2,36.4,34.0,21.7,29.1,17.0,14.3,57.5,26.2,84.1,45.6,42.5,24.3,56.3,39.7,163.87822878228783
62.1,175.8,37.9,89.3,76.7,90.1,105.5,52.5,36.6,37.0,21.7,27.7,17.3,15.6,58.6,27.0,84.2,47.8,42.1,20.9,54.7,40.7,129.5379446640316
75.0,178.5,42.3,101.2,86.0,95.2,113.5,57.1,38.7,38.2,21.5,30.3,18.0,14.2,62.1,27.4,86.7,47.2,43.8,23.5,57.8,40.4,152.15886524822696
96.9,176.3,42.5,109.9,106.9,114.0,119.6,68.3,46.5,44.5,25.2,32.5,18.4,15.4,60.0,26.8,84.2,51.0,40.3,27.3,56.6,42.6,153.78624161073827
85.4,170.8,43.4,112.5,97.1,103.1,119.5,62.7,42.0,37.7,22.0,30.2,17.4,14.7,54.2,25.0,80.2,44.6,39.0,27.3,58.2,41.7,163.01020408163265
90.7,176.3,45.2,108.0,98.1,105.5,121.2,64.4,41.6,40.1,22.7,34.2,17.7,15.9,58.0,25.6,81.5,47.4,40.2,27.4,55.9,43.1,158.42384105960267
85.8,175.0,44.5,112.2,94.9,98.4,122.2,60.7,40.2,37.6,22.3,32.5,17.5,15.1,60.3,27.1,82.7,47.1,41.3,25.9,56.6,41.8,170.10967741935482
86.6,171.0,42.5,107.9,105.5,102.2,120.1,61.6,38.7,38.8,22.0,29.5,17.3,16.0,56.6,25.8,76.5,51.3,38.6,26.8,55.1,40.9,175.1475352112676
92.7,180.3,47.6,111.5,98.0,101.7,124.4,63.2,41.0,40.0,23.1,31.8,17.5,15.0,62.4,27.9,89.8,48.5,44.2,26.8,59.7,44.5,177.24655172413793
91.0,172.5,43.1,113.7,100.9,107.3,122.3,64.2,42.8,40.0,23.3,31.3,18.0,16.7,60.0,26.6,83.8,46.5,40.3,25.7,58.0,43.0,168.87245901639344
94.2,181.7,44.5,114.4,101.8,106.7,125.2,62.6,40.6,41.9,22.9,30.7,17.7,16.7,61.8,27.1,88.1,50.8,42.7,27.0,58.5,46.0,171.6
73.6,172.3,40.9,100.8,94.7,95.8,109.8,57.4,36.6,35.0,20.5,27.7,17.2,14.1,59.5,26.7,81.9,49.6,40.7,23.7,55.7,39.0,122.07612456747404
66.6,159.8,43.5,100.2,89.9,92.8,113.7,57.0,36.4,34.3,21.1,28.1,16.0,13.6,54.5,24.7,75.4,46.7,36.7,23.0,58.8,40.7,165.8741573033708
78.4,171.7,42.8,98.6,80.5,99.1,116.3,62.6,40.5,38.7,22.3,32.0,17.6,16.8,59.2,28.6,84.1,45.9,42.5,23.5,57.8,41.8,156.2430769230769
120.8,173.7,51.4,127.2,118.9,117.8,138.0,76.3,47.7,46.0,25.8,35.5,18.7,15.6,55.8,25.6,79.0,50.3,37.5,29.3,57.3,45.5,
99.9,181.4,43.9,112.8,112.7,106.8,118.5,67.1,44.1,40.8,24.5,29.5,17.7,15.1,57.6,26.1,83.1,52.4,42.4,27.0,58.7,41.1,177.89114754098358
80.4,172.1,43.7,109.7,95.1,101.8,121.0,63.7,40.9,38.5,22.6,30.3,17.6,15.7,56.0,25.4,79.7,47.9,39.8,25.2,58.8,42.2,166.52302158273383
95.1,181.8,45.8,108.7,100.3,104.7,121.0,64.2,41.7,41.7,23.7,32.0,18.8,15.3,64.2,29.0,87.5,51.8,42.3,25.5,59.5,43.3,146.46266233766235
88.0,173.5,45.9,108.1,94.6,103.2,121.8,65.8,43.3,38.7,23.3,32.2,17.7,15.1,58.7,26.5,82.6,47.4,41.9,25.3,57.4,43.0,170.87972508591065
75.7,176.0,40.4,103.6,86.4,98.0,118.8,57.7,39.6,36.9,22.0,29.6,17.9,17.5,58.1,25.7,82.0,48.7,40.1,24.2,57.2,43.7,156.52608695652174
81.9,179.3,45.5,107.4,93.9,100.1,119.5,59.7,37.0,38.5,22.1,27.8,17.0,15.6,58.3,26.8,85.0,45.1,42.6,24.1,58.5,43.2,151.434
97.2,172.2,44.2,117.4,105.1,111.8,123.2,69.3,40.7,40.7,25.2,32.4,18.0,15.9,60.2,26.6,81.6,48.2,36.2,29.1,55.5,43.0,192.66689895470384
94.5,185.0,45.9,115.3,101.0,103.6,124.9,64.3,40.6,39.7,22.6,28.9,16.9,16.3,59.3,26.5,88.7,52.8,43.5,26.8,58.0,43.8,178.2950331125828
91.2,171.9,43.6,113.3,94.7,103.9,124.6,64.7,45.0,40.3,22.4,32.2,18.3,16.6,57.2,26.3,77.1,52.0,38.7,27.3,57.5,43.8,165.08435582822085
76.1,174.0,42.6,100.3,78.4,92.9,117.9,58.9,36.5,36.7,22.1,31.9,18.3,15.7,57.9,27.0,83.0,48.1,42.9,24.4,55.9,42.0,150.63643122676578
90.2,173.1,44.5,111.4,100.7,107.6,122.5,66.0,39.0,39.6,22.1,30.7,17.1,14.8,57.1,26.4,80.7,47.5,39.8,26.1,58.0,41.8,162.29520766773163
81.3,184.2,41.9,104.4,87.3,98.9,121.7,61.0,39.2,36.3,21.5,29.2,18.0,16.3,61.0,26.7,90.6,48.6,46.2,23.8,57.6,42.9,159.8625
106.6,180.0,45.2,110.6,105.6,116.8,126.2,72.8,45.6,46.4,25.9,33.7,19.0,16.5,60.9,27.2,86.6,47.7,42.2,26.8,60.3,43.5,174.18536585365854
78.2,171.0,43.1,101.1,91.8,98.8,116.2,63.4,40.9,39.0,22.8,30.0,16.1,14.2,56.1,26.4,81.1,45.0,42.7,23.7,57.4,40.4,152.21797752808988
101.8,180.3,47.7,111.6,103.1,110.8,123.1,67.7,45.7,45.6,23.6,32.4,18.1,15.8,58.5,26.5,80.9,49.8,38.6,28.7,59.4,42.1,170.21818181818182
81.8,180.0,43.2,100.3,86.7,100.3,118.8,60.1,42.2,41.0,24.4,30.9,17.9,16.0,60.2,28.5,86.5,48.5,40.6,23.5,58.9,43.1,154.97743055555554
84.7,174.4,43.1,111.6,91.9,104.1,126.2,63.7,40.4,37.5,20.6,34.0,17.8,16.1,62.8,30.0,88.9,38.6,42.9,26.5,56.7,44.0,175.31626297577856
100.5,173.5,44.7,120.0,99.7,107.7,125.5,64.9,44.2,45.6,25.6,33.2,19.3,14.9,56.5,25.6,79.9,47.3,40.1,29.0,61.1,42.4,170.0900900900901
92.5,170.6,46.0,109.0,107.0,111.0,117.6,68.9,43.2,40.2,24.2,31.3,18.1,13.5,55.1,25.9,79.4,48.9,37.7,26.0,58.5,40.4,171.12627986348122
65.1,168.7,42.9,93.4,79.7,88.1,112.1,53.1,36.0,36.7,21.6,29.2,17.3,15.3,57.0,26.2,82.1,44.5,42.8,22.5,57.3,42.1,140.96162361623618
86.7,180.3,45.5,108.3,93.8,102.4,121.5,60.5,42.5,39.0,24.0,31.8,19.0,15.7,59.2,27.7,85.9,48.4,40.2,25.2,58.2,42.7,158.3632075471698
86.7,189.7,42.2,105.4,84.5,97.3,118.3,60.4,41.5,41.2,24.4,31.4,18.1,16.0,63.9,29.1,94.4,47.4,46.6,26.0,58.6,42.9,159.3764705882353
91.4,176.8,43.7,106.8,94.5,109.3,121.4,67.1,41.7,42.2,24.3,33.5,18.6,16.0,56.8,25.4,81.8,50.1,40.6,25.5,58.8,43.3,180.64684014869889
77.1,165.2,43.3,100.3,97.7,107.3,115.0,65.7,40.7,36.0,21.4,29.1,16.8,14.8,53.5,24.4,75.7,46.9,37.8,23.6,56.9,40.5,159.14760147601476
63.5,174.9,40.7,93.2,75.3,88.0,111.1,51.5,36.9,35.6,21.6,27.6,17.5,16.4,58.9,27.1,86.8,45.0,41.5,20.9,57.4,42.2,150.863309352518
87.2,177.2,42.4,107.1,100.2,105.7,115.7,65.2,41.3,43.3,23.9,28.5,16.4,14.9,56.2,25.1,81.8,52.4,42.1,26.7,56.6,41.1,161.5829268292683
89.4,178.8,42.0,110.7,100.0,103.8,118.9,61.0,41.2,39.2,22.2,30.9,17.8,14.6,62.4,29.0,85.6,51.8,42.4,26.6,57.3,41.5,157.13456375838925
86.6,183.3,42.9,102.8,88.1,103.4,119.2,61.9,42.4,37.4,24.1,31.0,18.3,17.5,59.5,27.9,89.7,46.0,41.3,25.6,58.4,43.0,142.9788732394366
82.9,176.0,42.0,102.4,90.7,107.0,117.5,63.3,42.3,40.0,23.4,31.1,18.1,16.3,57.4,26.4,82.2,48.0,39.7,24.3,57.0,42.8,146.28571428571428
60.7,166.2,37.3,96.8,80.0,90.5,108.5,51.2,35.0,33.4,19.6,28.7,16.0,15.2,55.0,26.0,79.3,45.0,40.4,25.0,54.6,38.3,153.927868852459
102.9,189.9,42.8,116.1,103.9,108.0,124.0,64.3,42.7,43.5,23.3,31.7,18.5,16.6,66.1,30.9,94.5,50.0,46.7,29.6,57.6,43.0,164.06262295081967
68.1,170.0,43.0,99.9,81.6,92.6,113.6,54.8,38.0,35.7,21.7,29.9,17.7,14.7,59.0,26.7,81.2,45.1,38.0,23.5,56.5,41.9,129.18103448275863
88.9,192.3,41.5,102.8,89.7,101.0,118.4,63.3,44.2,40.5,24.4,29.5,18.7,16.0,65.6,29.3,94.5,48.9,47.0,23.7,60.4,45.1,141.734219269103
71.6,178.2,41.9,98.6,81.5,94.1,114.3,56.0,37.7,35.2,22.3,30.1,18.6,15.0,57.6,27.4,83.5,50.8,41.6,22.7,57.5,43.0,137.76986301369863
81.6,177.3,41.5,105.9,96.1,101.2,117.3,58.5,39.6,38.4,22.1,32.2,18.4,16.1,58.2,26.2,83.0,49.8,41.1,24.6,55.4,41.4,169.82509090909087
88.5,177.9,42.6,112.1,102.2,105.3,118.0,62.6,40.7,37.5,22.5,28.9,17.2,14.6,57.1,26.9,85.5,47.8,41.5,26.9,57.2,39.7,157.17113402061855
86.3,171.8,44.2,110.5,100.0,104.8,117.2,63.7,41.4,39.3,21.1,31.7,17.5,14.8,58.7,26.4,77.8,49.0,39.0,26.3,57.9,42.0,159.48453608247422
94.2,174.4,45.7,107.3,102.5,108.9,121.8,66.8,43.2,43.6,24.2,31.2,18.6,15.0,57.4,25.3,80.4,50.0,39.9,26.3,58.3,42.8,165.0769230769231
95.8,176.1,46.5,115.4,100.7,109.3,127.0,68.0,43.8,41.7,23.7,33.5,18.7,15.1,56.9,25.4,83.6,50.9,40.4,27.3,54.4,42.6,183.85762711864407
62.5,172.2,41.2,94.1,77.7,88.4,114.2,50.8,35.0,34.8,21.2,27.9,16.6,16.5,56.3,25.8,82.4,46.2,40.1,20.7,55.4,42.9,134.42857142857142
77.2,181.4,43.5,91.4,84.5,98.6,112.2,62.1,40.6,38.3,22.1,29.5,18.0,16.1,58.0,27.1,85.0,50.0,41.0,23.5,56.4,40.7,154.8204081632653
72.2,178.6,41.0,94.7,79.9,94.7,111.6,55.8,39.2,37.4,23.2,29.8,17.5,15.7,59.8,27.3,85.2,48.5,43.0,22.1,57.8,40.9,135.28571428571428
97.5,165.9,47.5,118.0,109.8,107.9,125.3,68.1,44.0,42.8,24.9,33.1,18.1,15.1,55.3,26.9,78.0,52.7,37.4,28.9,57.0,42.5,
87.9,171.1,43.8,104.3,95.6,106.2,121.8,67.5,44.1,42.6,24.2,32.5,18.1,15.1,54.3,26.3,80.2,45.2,39.4,23.9,58.2,43.1,173.2318339100346
107.1,164.7,44.7,119.9,113.4,119.1,124.9,76.1,47.5,43.3,25.1,33.8,18.2,15.8,54.6,24.4,76.8,49.3,37.5,28.7,58.4,41.5,197.79421768707482
87.2,171.0,43.8,99.6,92.6,108.3,114.6,69.3,44.2,40.8,23.4,32.0,17.7,13.2,56.4,27.4,81.2,47.9,41.7,24.6,58.3,39.6,137.579766536965
74.2,180.5,45.5,101.0,81.5,94.8,120.6,55.3,37.6,37.0,22.0,31.2,18.5,16.4,61.2,27.3,87.3,50.1,43.2,22.5,56.9,42.9,152.82894736842104
64.9,167.1,40.7,91.4,78.9,92.1,107.5,54.1,37.1,35.5,22.4,27.2,16.7,13.4,56.7,25.6,80.2,45.1,40.9,21.4,57.5,38.9,137.4410447761194
65.4,173.5,42.0,98.1,81.1,88.4,112.8,51.8,36.2,35.8,21.5,28.4,16.9,15.8,58.2,26.6,78.5,46.6,38.9,20.7,57.4,41.5,126.45448504983389
87.1,175.8,43.3,105.7,95.8,107.1,120.7,64.8,40.0,41.2,24.6,32.2,18.1,17.1,57.5,26.7,84.1,48.3,41.8,26.1,57.5,42.5,167.6212686567164
94.2,180.4,43.4,110.6,99.6,106.6,121.6,64.5,42.9,39.0,24.7,32.8,18.8,16.4,57.8,25.7,85.1,48.5,36.9,26.8,61.1,43.2,168.6929292929293
83.7,173.1,44.5,105.5,98.3,101.8,117.7,62.8,42.4,40.1,23.3,31.5,17.4,14.9,59.5,26.4,84.6,48.0,40.4,26.2,55.9,41.9,169.485559566787
74.5,177.9,43.9,99.3,80.3,99.9,116.9,57.9,37.7,37.3,22.2,31.7,17.0,15.4,60.5,28.1,86.3,47.7,42.7,23.2,56.2,42.4,152.33522727272728
108.7,185.2,47.2,114.0,103.8,115.6,124.2,67.7,45.5,42.5,26.5,31.8,18.5,13.9,62.0,27.1,87.0,52.0,42.1,28.8,59.9,41.3,181.01351351351352
101.9,172.5,48.1,117.2,107.8,115.5,128.0,75.3,45.4,39.3,22.2,31.8,17.9,14.9,56.5,25.7,78.0,47.9,37.3,27.8,59.8,42.7,192.0337837837838
90.6,176.8,43.8,115.8,103.5,103.5,117.5,62.6,40.9,39.6,22.4,29.6,18.6,14.4,59.7,26.6,80.5,52.1,39.8,28.2,56.2,39.3,175.7387323943662
83.1,170.9,42.2,108.4,99.9,103.5,115.5,62.1,40.2,37.9,20.8,29.4,17.6,15.1,58.8,26.3,79.5,51.5,41.3,27.4,54.6,41.3,177.15175097276264
86.2,174.0,43.0,109.4,102.0,105.2,113.6,65.1,41.3,39.3,23.8,29.1,17.7,14.5,59.7,25.8,82.2,51.2,40.1,26.3,56.3,41.2,167.8519855595668
101.4,183.6,46.6,115.0,108.8,115.3,127.3,67.7,45.3,41.2,24.4,32.3,18.9,16.4,63.0,28.4,89.0,48.8,41.9,28.1,57.5,45.3,185.3398058252427
92.6,174.7,45.6,112.2,101.4,107.1,129.9,64.8,39.4,41.8,22.7,34.2,17.9,15.8,63.6,29.6,86.7,45.8,41.9,28.1,57.7,44.5,185.64000000000001
80.8,172.5,43.3,103.8,83.6,100.1,116.6,63.3,39.4,41.2,22.3,31.4,17.5,15.0,61.5,29.0,86.9,45.9,44.4,26.1,58.4,41.7,161.13357400722023
97.2,174.5,42.4,115.3,108.0,109.1,129.5,67.4,43.3,40.4,23.6,30.7,17.4,15.5,58.8,26.7,80.5,46.5,39.4,27.5,56.3,42.8,177.95498392282957
82.3,173.6,41.9,106.7,100.6,102.1,119.6,60.7,40.2,37.6,21.2,29.0,16.5,14.8,57.4,26.0,83.1,49.3,36.2,25.3,56.3,42.8,153.12142857142857
65.9,182.5,40.7,94.7,77.9,89.2,107.3,49.7,36.6,35.7,21.4,28.7,17.7,13.9,59.6,25.6,87.5,45.7,44.9,22.0,56.0,39.3,126.83646209386282
87.8,174.2,45.3,104.9,95.0,107.3,118.9,65.5,42.6,40.7,24.0,31.1,19.2,14.6,57.7,27.2,82.5,46.2,40.6,24.0,57.9,41.6,151.22807570977918
91.8,179.3,44.8,104.3,92.5,106.1,121.1,65.8,42.3,41.0,23.8,33.4,19.2,14.9,59.8,28.0,88.2,48.7,41.6,25.0,58.7,43.5,155.3482394366197
111.4,174.7,47.4,123.2,121.4,112.8,130.2,69.2,46.8,43.5,22.4,32.2,18.3,15.3,61.1,27.2,81.3,47.5,38.8,29.4,59.0,45.0,180.45641025641027
74.0,174.3,42.9,95.6,80.1,99.1,112.5,56.8,39.2,36.6,22.7,29.2,17.3,14.5,60.4,26.8,84.5,44.0,39.6,21.8,58.4,41.2,136.47246376811592
94.9,183.2,44.6,107.6,97.2,107.3,126.0,66.1,41.7,41.9,23.2,33.0,18.4,17.0,61.5,27.5,86.1,48.5,44.1,25.1,58.0,44.8,164.30810810810812
69.8,170.8,41.2,94.7,77.2,94.0,110.9,57.1,39.1,37.0,24.2,29.9,16.9,16.2,57.0,26.8,82.2,44.1,39.0,22.1,58.2,40.8,140.55866141732284
96.8,180.2,45.6,109.6,98.8,113.2,126.3,70.5,41.4,39.7,22.7,31.1,17.3,16.4,61.9,28.9,89.7,48.8,41.4,24.7,56.7,45.2,171.25
88.3,175.7,43.4,108.9,97.6,103.8,120.5,64.6,40.7,40.3,24.0,30.8,18.0,15.8,58.0,26.5,82.9,45.9,40.8,27.7,57.7,42.7,164.94625407166126
98.2,186.1,46.5,108.3,98.3,107.2,122.8,66.5,45.2,42.0,25.6,33.0,20.2,15.9,64.2,30.0,90.8,48.6,44.3,27.5,59.9,44.7,146.95252525252525
79.3,180.0,43.8,101.0,85.9,102.8,112.0,63.0,42.0,36.7,21.7,29.8,18.2,14.8,57.0,26.5,85.5,45.3,41.0,24.3,56.0,41.0,147.98534798534797
91.8,170.8,43.7,113.9,106.3,108.8,121.5,65.5,44.1,36.0,23.1,30.1,17.4,15.7,57.3,27.0,81.3,50.2,40.9,28.0,56.5,40.9,155.3181818181818
90.0,177.4,43.3,107.9,103.1,101.4,114.4,62.7,43.0,41.5,24.2,32.4,17.4,14.3,61.2,27.0,85.9,47.9,40.1,27.6,58.4,39.3,147.67201365187714
100.9,172.3,46.4,117.4,105.1,107.1,131.7,66.5,43.0,42.8,23.2,34.6,18.0,15.5,59.3,27.0,80.2,49.3,39.6,28.3,58.2,44.4,197.66326530612247
62.5,182.8,39.1,89.9,74.8,87.7,109.2,47.7,35.2,33.0,21.8,27.0,17.4,16.5,61.9,28.0,89.8,48.8,42.6,23.0,58.3,41.3,134.1531007751938
116.1,180.8,50.5,120.3,113.6,114.8,133.4,74.8,47.7,43.7,24.4,36.4,19.0,16.1,57.5,27.3,85.1,46.7,42.1,28.5,60.4,44.8,
68.3,168.3,40.6,100.9,77.5,95.2,120.7,53.9,37.7,36.5,22.8,29.0,17.5,16.0,58.3,26.2,82.2,44.1,37.6,22.3,55.3,43.2,153.61937716262975
65.2,173.6,42.0,96.1,74.0,87.4,113.1,52.5,35.4,34.4,22.1,29.6,17.9,15.0,60.7,28.3,88.4,44.6,42.5,21.1,55.1,41.6,142.9088560885609
80.8,172.2,43.1,107.7,91.5,99.9,116.4,63.0,40.8,36.2,22.1,30.3,17.6,15.1,57.0,25.4,83.0,47.4,37.6,25.3,56.5,40.5,145.06530612244896
103.4,176.1,43.9,116.3,105.1,109.9,125.4,71.2,44.4,41.0,24.0,35.4,18.8,16.2,54.7,24.5,81.9,48.1,40.7,29.2,58.0,43.1,181.76958041958042
107.7,181.4,48.5,117.9,120.7,114.6,123.2,72.1,41.2,39.3,22.3,29.6,18.2,14.7,61.4,27.3,87.0,56.0,43.8,26.9,59.6,42.1,170.38451612903225
73.7,181.5,40.8,101.6,80.2,96.8,115.9,58.2,39.6,36.4,22.2,27.9,17.8,16.1,62.8,29.3,87.0,45.0,42.7,24.1,53.4,42.2,154.76702508960574
95.9,180.0,42.4,116.3,111.6,103.2,123.9,62.7,42.8,43.5,25.7,32.2,18.2,17.4,60.1,27.2,87.2,52.1,41.4,28.6,55.7,43.3,183.84192439862542
86.7,182.2,44.3,105.3,104.2,101.5,117.5,60.2,40.5,38.6,23.8,29.2,18.0,14.9,63.5,28.8,90.1,50.4,43.6,27.0,58.7,42.1,159.48722627737226
77.6,165.4,41.9,105.0,91.8,96.8,113.4,60.5,39.4,41.0,22.6,30.9,17.1,14.5,55.2,25.1,75.7,48.1,37.7,25.7,57.3,38.8,159.7826086956522
92.7,162.1,46.0,110.5,112.4,110.1,121.4,69.7,45.1,42.0,23.0,32.7,17.6,14.9,51.5,25.1,71.8,44.9,36.8,26.8,56.4,42.1,177.02551020408163
78.3,171.6,39.5,99.7,91.2,103.8,114.6,62.9,41.5,38.8,22.9,30.0,17.4,15.5,56.7,26.0,79.8,43.8,39.9,24.7,58.6,41.1,142.73597122302158
86.2,164.4,43.0,110.3,107.2,107.6,119.8,67.1,41.0,39.5,23.5,30.3,17.8,15.5,55.5,24.9,78.2,45.7,36.9,26.4,56.9,41.4,164.88144329896906
96.0,168.2,43.9,109.8,104.2,109.3,124.9,72.6,44.5,42.7,22.4,34.2,18.5,16.1,55.1,25.6,79.8,43.1,40.5,25.5,56.4,42.3,166.43368421052634
60.9,165.1,40.6,91.2,75.6,89.6,107.6,55.0,36.4,35.2,21.2,27.5,16.4,14.0,55.7,25.5,81.2,43.5,41.0,22.0,55.9,39.4,142.19755102040818
90.4,170.4,46.8,118.1,100.3,105.4,121.4,64.8,38.8,39.0,22.6,32.7,18.2,13.8,55.5,25.4,82.0,45.5,39.5,27.4,55.4,40.6,170.7150641025641
80.3,178.4,44.5,103.1,88.6,97.2,119.3,55.8,41.2,36.3,23.3,32.6,17.9,16.1,58.4,26.5,81.5,48.2,41.6,24.6,57.4,41.8,159.2400684931507
75.0,164.0,40.3,106.7,91.1,96.2,117.9,60.2,39.4,38.6,22.2,28.6,16.7,14.4,55.1,25.6,76.5,43.7,37.9,25.0,57.1,41.4,146.7125
70.8,168.8,41.8,96.8,81.5,92.2,116.2,58.0,37.7,36.7,21.9,30.5,16.7,16.1,58.7,26.9,83.2,46.7,42.2,22.6,58.7,42.5,155.31343283582092
80.3,179.5,43.1,103.3,89.1,99.4,113.1,60.0,38.3,39.6,21.9,31.0,17.1,14.0,60.7,27.9,86.9,50.5,43.2,24.4,56.6,41.2,148.85243055555557
68.1,183.9,40.9,90.9,76.5,90.1,114.0,51.2,38.2,36.5,22.0,28.6,18.1,17.4,61.3,28.8,89.7,50.8,45.1,20.4,55.4,44.1,141.94891304347829
84.0,171.0,43.1,111.1,104.1,101.8,119.5,59.5,41.1,38.4,22.3,28.7,17.6,14.7,55.6,26.3,82.2,48.2,39.5,26.1,57.8,41.7,177.83456375838927
92.9,173.0,44.7,110.6,105.4,104.4,119.9,61.5,41.7,43.1,23.4,32.4,18.3,14.4,58.5,26.5,83.7,50.2,40.6,26.4,58.4,40.7,161.3672131147541
97.5,166.9,46.4,118.3,115.2,112.8,122.2,66.9,44.1,42.5,24.2,32.7,18.2,14.3,53.5,24.5,75.8,49.7,34.4,27.1,56.8,41.9,173.94769736842107
110.8,178.2,44.2,120.8,110.7,115.3,132.2,73.0,44.8,44.6,24.7,32.7,18.3,17.3,60.2,27.5,82.6,47.2,43.0,28.8,58.8,45.5,180.2289389067524
80.1,174.5,42.1,101.0,90.8,99.6,115.1,61.6,41.5,39.1,22.6,30.0,18.3,14.6,62.0,27.0,84.5,45.8,41.9,24.9,56.1,40.2,143.98615916955018
86.6,165.5,41.2,114.7,101.8,101.6,120.5,64.3,40.6,37.8,22.5,31.8,17.3,14.3,54.9,24.6,75.0,44.8,39.6,26.8,57.5,41.1,168.1270358306189
97.9,180.3,44.6,113.5,99.5,107.0,124.0,64.8,42.7,42.5,25.4,33.8,19.4,16.3,59.6,27.1,86.3,47.0,41.1,26.6,59.2,42.4,168.94754098360653
116.4,173.5,46.3,130.9,135.8,111.3,129.4,69.8,44.0,42.0,24.7,32.3,18.6,15.3,60.0,27.7,78.9,52.8,38.5,32.5,60.2,43.3,
97.7,172.9,48.1,117.7,106.7,108.6,123.5,63.0,43.3,41.2,23.7,31.4,17.8,15.9,58.2,26.2,82.0,49.2,41.0,28.6,57.4,42.3,
79.3,173.8,45.8,98.1,84.5,96.3,121.0,61.7,40.3,35.8,21.7,32.5,17.9,16.0,61.4,27.7,85.5,45.6,42.2,23.0,60.3,44.2,147.15
85.5,178.0,42.5,109.7,93.4,104.6,115.9,66.2,41.7,38.2,22.7,30.2,17.8,16.2,62.0,27.8,84.1,45.4,43.9,26.1,55.5,40.6,164.73468013468013
81.8,183.6,44.3,101.6,90.1,100.9,117.3,61.8,38.7,38.3,21.4,32.0,17.2,15.4,63.8,27.7,92.7,46.8,43.9,25.0,58.4,41.5,145.3992932862191
92.1,172.2,42.0,110.0,109.1,110.4,113.0,67.5,44.3,40.0,23.2,29.9,17.0,14.5,57.3,25.3,82.6,48.7,41.5,28.2,55.7,38.2,159.81132075471697
114.0,190.7,46.7,122.7,110.0,113.7,128.5,69.6,44.0,41.6,25.3,33.9,19.4,15.6,64.0,28.9,90.5,51.3,43.0,30.0,59.3,42.5,181.4855305466238
88.2,163.9,45.8,115.6,101.3,105.7,118.4,66.0,43.3,39.7,24.2,32.0,18.1,13.9,54.1,25.2,76.5,44.6,39.2,27.5,59.3,40.1,167.75622895622897
87.8,178.4,43.6,101.9,89.5,103.2,116.6,64.8,44.6,39.9,23.7,33.2,18.5,15.2,59.9,29.2,87.3,46.7,43.4,25.4,59.0,40.7,151.7177777777778
87.4,165.7,45.1,113.1,97.2,103.1,123.5,64.7,41.3,40.7,22.7,32.9,17.2,14.8,55.1,25.7,77.8,47.2,39.3,28.5,56.4,41.7,187.1438848920863
73.4,174.3,38.9,95.7,93.2,97.6,106.7,59.3,40.5,40.5,22.2,28.1,16.8,14.9,58.8,26.7,81.3,49.1,39.6,22.8,56.2,39.4,124.90257352941175
99.9,176.3,44.8,117.4,105.0,108.7,125.5,65.9,44.7,40.7,23.4,33.7,17.9,15.1,58.4,25.7,82.5,51.9,41.8,27.2,56.2,42.1,163.45401929260453
90.2,168.8,47.4,112.1,104.7,106.3,124.4,64.6,42.3,40.0,23.0,32.2,18.7,16.0,55.6,26.2,73.4,49.4,37.3,27.2,57.7,42.7,166.9741258741259
88.2,175.1,44.2,106.0,97.5,110.4,119.0,67.6,43.0,39.7,24.3,30.9,18.1,15.1,56.5,26.1,83.7,47.1,40.5,25.6,59.7,41.6,149.9598662207358
85.7,180.8,44.4,110.2,96.9,104.2,118.2,64.1,39.8,38.3,23.2,31.7,18.3,15.0,63.0,29.2,86.8,45.3,43.2,24.9,58.3,42.1,158.2079207920792
86.2,181.8,41.0,103.3,99.9,103.9,114.0,63.4,42.1,38.4,23.0,28.9,17.1,15.7,57.1,26.4,88.0,48.9,42.9,25.7,58.5,39.8,151.03429602888087
84.1,167.0,41.1,107.5,100.2,107.6,112.7,65.5,43.0,39.2,22.4,30.2,17.3,14.2,54.0,24.8,75.9,48.5,38.2,25.4,56.6,39.6,158.76334519572953
108.4,189.3,49.0,113.1,107.1,114.0,125.2,69.1,46.2,41.8,24.7,33.8,18.8,15.5,67.4,29.4,91.6,49.9,45.5,27.0,60.4,45.3,158.11677631578948
81.6,180.2,44.2,106.8,89.0,98.1,119.8,60.2,39.7,39.9,23.3,31.2,17.9,15.6,60.3,27.7,85.0,46.3,41.4,24.0,60.3,43.5,170.0753424657534
91.4,169.7,43.8,114.8,107.1,109.0,124.0,64.6,40.3,41.0,22.8,33.2,17.4,14.5,56.1,26.7,80.4,48.5,40.0,27.5,58.4,40.7,181.06040268456377
93.0,172.2,47.2,109.9,105.6,106.4,121.3,65.4,40.8,40.9,22.3,31.1,18.3,14.4,57.8,26.8,80.7,49.2,40.9,27.7,58.2,42.0,165.43665480427046
89.7,174.5,45.4,110.7,102.1,101.6,116.8,61.1,41.0,38.5,23.0,32.4,17.1,13.8,58.2,26.7,85.9,50.5,42.9,27.8,57.3,40.5,180.19051094890511
98.2,172.9,47.2,117.6,110.4,105.8,124.5,65.1,41.3,39.7,22.4,30.2,18.2,15.2,58.0,26.5,80.0,49.2,39.3,27.9,60.2,43.1,161.7936305732484
82.9,174.0,44.9,106.2,96.2,102.1,118.0,63.6,38.8,38.5,22.7,30.4,17.1,15.4,58.2,26.6,81.9,51.0,40.1,25.1,57.3,42.5,156.1764705882353
77.1,167.4,44.2,103.6,88.6,97.5,115.8,61.2,41.0,39.0,23.6,31.5,17.4,15.4,55.4,25.1,78.8,43.3,38.6,23.6,57.8,40.2,150.22
90.3,174.2,41.6,110.0,100.0,104.5,120.2,66.0,41.3,39.9,22.2,32.5,18.0,16.3,58.3,26.7,82.3,50.1,38.2,25.7,56.6,41.2,166.6123778501629
88.0,177.7,45.5,109.2,101.3,104.7,119.9,64.4,41.2,37.9,21.4,31.4,18.4,14.8,60.0,27.0,87.0,46.6,39.9,27.2,58.2,42.0,161.57142857142858
104.3,178.0,45.4,115.8,111.2,114.3,125.3,67.1,45.5,41.2,23.5,33.2,18.9,15.8,61.0,27.9,84.5,51.0,42.7,28.9,61.0,44.1,165.69453376205786
63.3,160.0,42.5,93.9,82.6,92.9,111.1,57.8,35.3,34.4,20.2,29.1,16.6,14.9,58.1,26.4,78.0,41.9,40.2,22.4,55.7,40.6,143.3012048192771
97.3,170.7,47.6,114.2,104.9,112.9,121.9,70.3,42.3,41.3,24.2,32.3,17.9,13.6,58.1,27.5,81.3,44.3,40.8,27.6,59.0,41.0,156.73758389261747
79.7,178.1,43.0,105.0,97.0,101.2,115.0,59.3,39.5,37.3,21.8,29.5,17.1,15.5,56.0,25.5,82.7,49.5,41.8,24.8,57.7,41.7,137.9268292682927
72.0,176.5,44.7,97.3,82.0,95.1,117.8,56.3,37.3,36.2,22.7,27.6,16.9,15.5,59.5,27.7,86.5,47.8,44.4,22.4,55.2,43.7,153.96923076923076
65.9,178.4,41.6,92.7,77.8,90.0,111.0,50.9,36.0,35.0,21.7,28.4,17.7,15.8,60.1,28.3,85.3,49.6,41.4,20.1,56.7,42.8,133.1076923076923
124.7,180.8,50.6,125.7,116.5,119.9,134.2,78.0,48.0,48.3,27.3,35.9,20.0,16.5,61.5,27.8,90.7,46.2,42.1,30.3,59.5,45.6,171.7639751552795
82.1,170.2,41.6,107.5,96.0,98.9,116.6,60.1,38.9,38.0,22.0,31.3,17.2,14.7,56.5,25.2,80.4,46.8,41.2,26.0,58.6,39.5,160.65934065934067
75.9,177.7,41.5,101.0,88.3,99.8,115.8,58.7,38.0,35.5,21.4,29.2,17.5,14.9,62.0,28.0,85.7,47.9,43.1,24.5,55.7,41.9,149.52313167259786
77.4,172.8,43.8,102.9,88.8,98.0,117.2,58.7,39.7,39.3,22.3,32.2,18.3,15.0,56.6,26.0,83.4,46.8,40.3,24.4,54.8,39.2,166.22307692307692
77.5,174.6,43.8,106.3,88.2,95.5,110.9,56.6,38.3,37.5,22.0,28.7,17.5,13.7,57.0,24.3,78.9,46.0,40.6,24.1,57.5,40.7,142.71418685121108
78.5,171.7,44.7,95.3,87.5,103.0,115.6,61.9,40.0,39.2,23.5,30.5,18.1,15.2,54.4,24.3,78.5,47.1,39.0,21.8,58.2,42.8,147.24924812030076
75.3,180.9,42.1,100.8,82.1,93.9,115.8,59.2,36.0,34.4,20.9,31.8,17.7,15.6,64.0,29.6,90.6,48.2,44.2,25.1,57.2,42.1,158.98536585365852
87.2,174.2,43.7,103.6,90.2,102.6,122.2,67.1,40.5,39.5,22.0,31.2,17.1,16.2,59.5,28.3,85.0,43.3,41.5,26.1,56.4,43.6,164.8181818181818
91.8,194.6,44.1,101.8,95.4,102.4,123.9,64.0,42.5,39.0,24.1,29.9,18.8,17.2,68.5,31.3,97.4,50.5,46.6,23.7,56.3,44.6,157.9075907590759
90.0,178.7,47.4,104.7,96.3,107.8,117.1,66.6,43.1,39.2,25.0,30.1,18.6,14.0,59.0,27.4,80.9,48.1,40.6,25.3,56.0,41.6,153.97058823529412
82.5,182.5,43.7,104.8,94.3,98.1,116.2,59.7,39.4,38.0,22.3,29.7,17.7,14.5,61.4,28.2,87.9,50.2,42.1,27.0,56.2,41.2,162.73521126760562
87.7,191.5,42.6,103.4,85.1,99.8,121.8,60.7,42.2,38.7,23.5,33.0,18.9,15.9,65.2,29.2,94.2,48.7,43.7,24.8,57.5,44.8,158.90947368421052
86.0,183.1,44.7,101.1,90.7,101.3,118.9,63.2,41.4,40.8,24.7,32.4,19.3,16.3,62.4,29.9,93.1,47.9,44.6,24.6,57.5,44.1,164.2875
93.2,179.8,42.8,110.6,99.2,111.7,123.6,69.1,42.2,40.7,24.5,30.1,18.2,16.7,60.8,27.6,86.3,47.2,40.6,26.4,57.2,43.0,178.97770270270271
69.9,177.0,41.2,95.1,76.7,89.3,111.3,54.7,36.3,36.9,22.3,28.1,17.3,15.2,62.4,30.0,89.3,39.0,45.4,22.3,55.4,40.0,140.76309523809525
72.3,173.3,39.7,96.4,83.5,94.8,110.4,59.0,39.2,39.2,22.7,28.6,17.9,14.4,55.9,25.8,85.2,47.1,43.3,21.5,55.1,38.2,141.50142857142856
70.4,170.6,42.1,101.1,85.1,93.8,114.7,56.2,36.6,38.2,21.5,29.2,16.3,15.1,60.0,27.1,82.2,44.6,40.5,22.7,54.0,42.3,144.278125
83.7,180.2,44.9,96.7,86.4,96.1,122.8,61.6,40.2,40.1,23.3,33.3,19.0,16.1,62.2,28.2,86.4,45.9,43.9,21.5,58.1,44.5,150.67979452054794
79.5,170.7,44.4,98.8,88.7,100.9,119.5,63.5,40.9,38.2,24.1,30.4,18.6,16.8,53.9,25.1,77.1,47.0,38.1,23.7,58.1,44.1,140.93529411764706
122.2,173.6,47.0,127.7,128.7,123.7,131.0,76.5,48.6,44.3,25.7,32.9,18.6,15.0,57.0,26.9,79.0,51.2,38.9,29.5,59.0,43.6,
97.4,178.7,44.4,112.0,112.4,107.8,123.1,64.4,41.3,40.4,23.4,31.1,17.7,16.0,57.5,25.8,84.2,56.5,40.7,27.5,57.3,42.1,177.2
68.4,161.3,42.6,99.7,84.6,94.1,116.4,58.2,37.5,37.7,21.8,29.8,16.3,15.7,55.1,24.6,76.0,42.2,37.3,24.6,56.2,41.3,141.18102189781024
58.4,163.8,41.4,87.2,81.3,90.5,108.3,54.3,36.7,33.6,20.8,24.7,16.3,16.2,55.0,25.4,79.5,42.7,38.8,20.0,53.1,40.5,124.1435114503817
96.1,177.9,46.1,110.8,107.0,105.0,121.2,65.9,43.9,39.9,22.5,30.8,17.8,16.2,59.5,27.3,87.7,53.0,43.2,28.3,54.3,42.3,172.06143344709898
66.6,177.0,41.9,95.3,73.5,88.7,113.8,51.4,34.5,34.9,22.0,29.5,18.0,15.6,60.6,28.2,86.9,47.1,42.4,21.3,57.7,42.9,148.125468164794
93.8,173.4,45.6,108.6,101.5,111.8,121.9,69.0,42.5,43.5,23.3,31.6,17.3,14.7,59.2,26.6,79.5,48.8,39.4,26.6,59.2,42.4,147.81666666666666
77.6,171.2,43.5,109.0,89.5,97.3,113.9,59.2,38.1,35.7,21.4,29.3,17.7,14.4,57.9,25.8,82.6,45.8,41.7,25.2,58.4,40.7,150.01742160278746
90.3,181.7,44.1,103.8,93.2,103.0,123.2,61.1,40.6,40.7,24.3,32.4,19.2,15.9,60.5,27.3,85.1,46.5,42.0,23.7,57.5,42.6,166.29929577464787
60.1,161.8,40.1,94.2,76.2,86.8,109.5,52.0,34.4,34.5,20.3,27.9,15.9,15.6,55.4,25.9,76.6,42.2,42.2,21.8,56.7,39.4,149.34146341463415
73.2,167.3,43.7,102.2,88.4,95.3,118.5,59.7,37.5,34.7,21.3,30.6,17.4,15.6,53.6,25.0,77.0,48.7,38.1,23.3,57.0,43.8,156.89859154929576
102.6,174.5,45.6,121.3,107.0,111.3,126.3,69.3,47.0,41.8,24.2,31.4,18.1,16.3,58.6,26.7,78.6,48.5,39.2,28.4,57.6,43.9,176.11826923076922
67.5,183.6,38.7,92.2,73.9,95.7,110.0,54.2,36.0,35.6,22.7,27.2,16.4,16.8,63.4,28.9,92.1,46.5,44.5,20.5,58.1,41.6,130.39714285714288
73.8,172.2,39.9,97.7,83.6,96.5,114.8,59.6,39.2,37.7,22.0,30.9,16.9,15.5,60.3,27.7,84.8,44.7,40.8,24.1,57.8,41.3,145.82089552238807
94.1,171.8,46.6,116.8,108.0,108.1,125.8,67.1,38.9,38.3,22.4,30.4,17.6,15.5,54.8,25.1,78.3,46.8,40.1,29.0,55.0,42.7,195.07649122807018
75.9,182.4,44.0,94.8,81.6,96.0,115.5,56.5,38.6,37.7,24.0,30.7,18.0,16.4,58.9,26.8,84.7,46.5,41.1,22.5,57.4,41.3,157.0671586715867
88.7,194.1,42.6,100.7,90.4,100.9,120.5,62.1,41.1,38.8,22.2,30.0,17.9,16.7,64.1,30.4,95.4,52.3,47.3,23.1,57.8,44.2,143.6038732394366
65.0,188.3,39.4,97.7,75.6,84.5,115.2,48.9,34.5,33.9,21.4,28.7,16.9,17.8,66.0,29.2,92.5,44.5,45.5,21.5,55.9,44.2,146.20107142857142
74.2,183.8,41.3,99.0,80.8,94.9,115.2,55.6,39.4,37.2,23.0,30.6,17.7,16.4,60.7,28.2,88.7,46.8,42.2,21.7,57.0,43.3,153.1567944250871
75.6,177.2,45.0,97.5,84.5,93.5,112.5,58.3,38.0,36.3,23.4,31.0,17.9,13.5,61.6,27.7,84.6,50.7,42.9,23.3,56.6,40.0,144.58174904942967
109.5,179.7,43.3,116.1,107.5,116.3,131.5,73.5,45.0,41.6,24.0,33.6,19.5,17.5,64.0,30.0,86.2,51.2,43.5,30.0,58.7,44.5,182.86813186813185
66.9,169.9,41.0,93.0,85.3,94.6,107.6,58.8,37.1,35.2,21.1,28.2,15.9,15.1,55.6,25.1,80.8,47.6,40.2,22.7,57.0,38.9,153.76494023904382
104.5,170.0,49.9,121.3,107.3,109.6,129.7,70.8,44.6,42.8,24.6,34.4,18.9,15.3,58.2,26.0,76.2,50.0,38.7,28.0,58.0,45.9,166.1847094801223
81.7,170.7,45.2,106.1,101.8,101.2,116.1,62.0,38.1,37.7,21.0,30.1,17.0,14.6,56.0,24.9,79.7,47.1,39.1,25.6,56.8,40.8,153.67508896797153
87.4,181.8,44.1,100.8,84.6,101.1,118.0,64.1,40.5,40.6,22.8,31.9,18.2,16.6,64.0,29.5,90.2,46.3,44.7,25.1,58.8,43.0,148.72754716981132
69.1,170.8,42.1,101.5,85.6,93.1,113.7,55.4,36.4,33.9,20.6,28.5,16.4,15.7,58.6,26.1,83.5,43.1,42.6,24.7,55.3,40.6,160.61111111111111
83.6,178.7,44.7,100.4,88.3,98.6,114.2,62.4,39.3,39.4,23.3,30.5,17.4,15.0,59.0,27.3,86.1,48.8,41.2,25.2,57.8,40.4,158.99644128113877
67.8,175.0,38.8,94.4,88.9,94.6,106.0,56.7,36.7,36.2,22.0,27.5,16.9,14.7,56.5,26.5,83.6,47.7,41.6,20.1,57.1,38.4,130.16245733788395
95.0,174.2,45.6,108.3,98.5,108.6,123.0,66.8,45.2,46.0,25.7,33.1,17.8,15.4,59.5,26.1,83.2,44.7,40.2,25.8,59.5,43.3,162.27009966777408
91.5,162.3,48.8,120.1,108.6,108.5,124.7,63.1,39.4,40.3,21.1,33.2,17.3,14.0,54.6,24.7,73.3,45.4,36.3,25.8,56.1,42.6,179.00254777070063
82.4,177.1,44.8,106.4,89.3,102.6,119.2,61.2,40.3,39.1,23.4,29.8,17.7,15.0,58.3,26.2,82.2,46.0,42.4,24.6,56.5,41.6,159.78281786941582
81.6,172.4,41.4,101.1,91.1,100.4,114.4,61.1,41.1,38.0,21.7,31.4,17.7,14.7,57.3,25.4,81.0,45.8,40.6,24.9,56.1,39.5,158.19604316546764
99.6,195.1,42.6,109.5,92.9,107.9,125.7,63.6,42.0,40.2,25.9,31.7,18.6,17.0,68.0,30.6,96.3,48.5,49.7,27.0,60.8,45.7,155.39603960396042
70.5,172.9,45.5,96.4,77.0,88.4,114.6,54.8,36.6,37.7,22.4,30.6,17.3,14.2,60.7,28.4,84.3,44.5,45.4,21.5,55.9,41.8,139.58996415770608
59.6,171.9,41.8,95.3,75.1,84.8,107.9,47.1,35.5,33.4,21.5,29.1,17.1,16.3,55.8,24.9,78.3,45.8,42.3,21.7,57.8,41.1,152.26091954022988
89.9,172.3,43.7,105.2,97.0,106.4,121.9,67.0,44.1,41.5,23.2,34.0,17.8,15.9,59.7,27.3,84.8,48.7,42.1,25.0,58.5,42.5,177.26007326007326
82.2,169.4,44.4,107.0,98.5,96.9,118.9,60.1,40.9,37.3,22.8,31.5,17.5,16.2,57.0,24.9,77.4,48.4,38.3,24.4,57.5,42.9,161.19480519480518
79.9,169.1,44.3,104.1,95.8,103.1,110.4,62.9,39.6,38.3,22.9,29.7,17.1,13.6,55.0,24.0,78.3,46.6,39.7,26.6,57.7,37.6,168.2546511627907
78.6,173.3,42.5,101.3,84.6,99.3,115.0,61.6,38.3,35.9,21.7,30.2,16.8,14.5,59.1,27.3,86.4,44.0,44.8,23.6,56.4,41.4,152.13418181818182
76.6,167.7,42.6,108.8,95.2,97.7,118.4,58.2,39.8,37.2,23.2,29.0,17.5,15.0,57.5,25.7,77.0,45.4,39.2,25.2,57.2,42.8,164.69041095890412
66.7,175.8,41.6,96.8,77.5,88.5,111.1,53.8,35.9,33.8,20.7,28.5,16.1,15.6,57.9,26.8,86.6,46.9,42.1,21.5,58.3,40.3,146.91631205673758
120.9,189.9,49.7,130.1,116.8,115.4,131.0,70.9,44.5,41.5,25.2,33.7,18.9,17.0,63.2,28.9,91.9,52.7,46.1,30.5,59.4,43.8,
77.8,176.1,42.7,100.9,91.5,95.8,115.7,58.2,39.5,38.9,23.4,29.5,18.2,15.9,57.6,25.1,81.9,48.7,43.2,23.4,54.9,41.7,153.83697183098593
74.4,171.6,41.8,102.3,91.3,97.4,111.0,60.7,38.5,36.6,19.4,30.4,16.0,13.5,61.0,27.8,87.2,47.1,42.4,23.8,56.9,39.1,144.5375
93.1,174.1,44.2,113.6,102.1,105.4,120.0,63.2,42.4,42.8,23.3,32.0,18.4,15.5,54.5,23.6,82.7,46.7,42.5,27.0,57.1,40.8,186.62857142857143
88.2,177.4,46.0,114.7,99.5,97.5,124.4,60.8,36.8,38.2,22.2,30.3,17.1,15.8,57.8,26.6,82.5,49.8,42.4,28.4,57.5,43.4,190.2625
84.6,171.4,43.3,103.7,101.6,105.4,114.3,66.2,41.5,39.3,23.4,29.4,17.1,14.6,58.3,26.0,83.0,47.3,42.7,25.1,55.0,40.0,158.3989010989011
96.1,174.5,46.1,113.1,102.7,107.4,121.4,65.1,42.1,41.4,23.5,34.0,18.7,14.2,55.2,26.4,81.8,44.8,42.4,25.5,57.8,41.0,174.82450980392156
101.4,175.4,43.1,119.2,108.0,109.9,126.8,69.1,46.4,44.8,25.4,32.5,18.0,17.1,59.5,27.1,83.6,49.8,39.9,28.2,58.0,44.3,190.87581699346407
85.4,172.7,44.6,111.1,95.8,102.0,120.7,62.5,41.0,41.8,25.0,32.1,17.5,15.1,57.9,26.9,83.8,45.6,41.3,26.2,58.8,41.6,170.35333333333335
90.5,177.4,48.7,111.7,102.8,107.2,115.8,62.7,42.0,38.0,22.4,32.1,17.6,13.3,59.9,27.1,82.6,49.5,42.4,26.1,59.2,39.9,171.84615384615387
99.0,175.6,46.7,115.3,109.7,107.1,123.4,64.6,41.2,42.0,23.7,33.3,18.4,15.4,58.0,27.2,79.3,52.1,40.7,26.0,57.7,42.9,175.9842105263158
82.2,175.6,43.4,109.3,91.4,99.5,121.0,60.4,38.1,37.2,21.7,29.8,17.8,15.6,59.6,27.0,85.7,46.5,42.4,25.5,56.6,41.0,171.86749116607774
87.6,177.4,44.4,106.3,103.2,106.4,118.3,64.0,40.7,37.0,20.8,29.7,17.7,15.3,59.7,27.3,85.6,50.5,42.0,24.7,55.6,42.1,156.40774410774412
86.0,168.1,43.1,111.2,104.0,105.1,118.3,60.6,40.8,37.4,22.5,31.7,17.2,15.3,54.3,25.7,77.5,46.6,38.9,25.6,57.5,40.1,160.45637583892616
85.8,170.2,41.6,115.0,98.4,103.1,117.0,62.2,41.7,39.5,22.9,31.4,18.1,14.9,58.2,26.7,81.5,46.3,43.4,26.2,57.7,40.4,165.0990099009901
90.9,173.5,44.1,115.8,96.7,100.7,124.4,63.6,43.3,40.2,23.0,33.5,18.4,15.2,54.8,26.0,81.1,45.2,42.0,27.1,57.9,41.5,192.86959459459462
99.8,174.4,48.5,115.8,102.4,106.8,121.4,64.6,44.8,41.5,25.4,34.0,19.0,14.0,58.9,25.9,82.5,53.4,42.7,28.9,57.9,41.1,189.2341463414634
91.7,173.2,42.4,107.3,100.4,103.2,117.3,62.9,41.3,42.7,25.2,32.6,18.3,15.0,57.5,26.2,83.6,47.7,41.3,27.8,61.4,39.3,176.53886792452832
78.8,171.1,40.9,108.4,90.8,98.1,119.7,58.9,37.3,36.9,22.7,31.6,17.3,16.4,58.5,26.0,82.8,48.7,42.8,25.3,56.6,42.8,172.2785714285714
69.7,163.5,41.7,101.0,87.4,95.3,113.7,55.5,39.5,38.1,22.1,28.3,17.8,16.4,54.5,25.6,76.7,45.6,39.9,23.1,60.6,41.8,154.00709219858157
80.6,170.6,45.3,106.9,90.1,96.7,120.7,58.8,40.2,40.8,23.3,32.6,18.1,14.4,57.2,26.2,81.2,45.7,41.6,24.6,57.9,41.6,164.96438848920863
86.1,177.1,43.1,105.6,92.4,99.3,116.4,62.9,42.1,40.0,22.0,31.8,18.0,14.1,62.1,27.6,88.5,49.4,44.7,26.9,56.6,40.6,160.7641791044776
108.2,179.2,45.8,121.7,110.0,115.8,122.3,73.2,46.0,44.2,24.9,32.9,18.5,14.5,57.5,27.1,81.2,47.9,43.8,28.4,56.9,42.5,173.30696202531647
94.9,183.1,46.2,113.3,98.3,103.1,127.8,63.7,40.3,38.5,22.4,32.6,18.2,16.1,59.9,27.3,86.4,50.5,44.0,26.8,59.0,43.1,187.1913043478261
99.3,185.2,45.5,113.5,99.5,106.2,121.6,66.8,43.3,39.0,23.4,34.9,19.4,14.2,62.1,28.7,90.6,46.9,46.5,28.4,55.8,41.1,198.40503875968994
99.5,182.1,43.5,118.4,107.4,104.6,121.4,62.1,42.0,40.0,24.8,30.5,18.0,15.8,64.5,28.6,88.5,48.6,42.9,29.6,57.0,41.4,178.8
101.8,175.4,47.5,118.6,109.1,108.5,125.0,65.6,44.7,42.6,24.0,32.3,18.5,15.8,54.5,26.0,81.9,46.6,41.7,27.7,59.8,42.5,
73.9,168.4,39.5,106.7,97.0,100.2,114.7,59.7,38.7,36.0,20.3,28.7,16.3,15.6,57.7,26.0,80.6,43.8,39.4,23.3,53.7,40.6,159.86411149825784
90.1,170.9,48.9,112.1,101.5,109.1,120.1,62.3,39.2,38.7,22.7,32.3,18.6,14.8,57.0,25.2,79.5,48.1,38.9,25.9,59.0,40.9,173.35051546391753
97.1,182.6,44.5,111.4,93.4,101.3,124.8,66.3,43.3,38.5,21.6,32.8,18.2,16.8,66.0,31.2,94.9,45.0,47.6,27.8,57.0,44.3,174.9450704225352
89.7,179.5,43.9,110.5,96.0,102.3,118.8,64.3,39.8,41.6,22.5,32.1,17.0,15.5,59.8,27.8,89.5,49.4,41.4,27.4,55.7,41.2,180.16304347826085
78.0,178.2,39.9,102.8,91.0,95.7,113.8,58.6,37.4,36.9,22.1,30.3,17.6,15.4,60.5,27.1,87.3,45.6,41.2,26.2,55.0,40.2,164.32992700729926
99.1,176.9,47.3,115.8,112.1,105.2,119.9,63.1,43.5,40.8,23.1,31.4,18.3,14.9,61.8,28.3,86.6,53.2,40.8,29.6,57.0,40.2,198.8407894736842
87.2,174.5,43.6,109.7,98.6,103.7,115.5,64.7,42.2,38.4,21.6,30.6,17.6,15.6,58.8,27.1,82.2,49.0,42.2,26.8,57.5,41.0,173.15017421602786
94.6,180.3,46.3,111.5,97.4,106.3,122.0,65.5,40.2,37.2,22.6,32.8,17.7,15.0,59.9,28.9,85.7,50.2,44.9,27.3,58.9,40.4,172.72363636363636
90.9,173.5,44.9,112.0,103.6,105.8,115.3,67.2,41.5,41.3,23.5,31.2,17.2,13.1,57.4,24.8,82.4,44.9,40.4,26.7,58.8,39.2,173.62081784386618
71.7,178.5,40.5,99.0,88.7,95.4,105.2,58.7,38.0,34.2,20.8,28.7,17.4,14.2,58.7,27.7,88.6,48.5,44.6,22.8,55.9,37.9,140.16129032258064
73.2,166.1,42.2,102.5,96.0,99.3,111.6,59.4,37.4,37.5,22.3,27.7,16.7,14.3,58.5,26.4,78.1,43.6,38.4,22.5,56.0,40.3,141.4026402640264
107.5,178.4,46.8,119.1,102.1,115.8,130.8,70.1,45.1,41.3,25.4,36.9,19.5,17.0,62.8,29.6,86.9,46.4,42.4,28.6,59.3,45.4,186.09375
81.3,177.3,41.4,105.4,92.5,100.3,119.2,56.5,39.5,37.4,21.6,33.2,18.7,16.3,58.3,26.8,80.4,49.1,39.7,24.4,56.7,41.4,169.0232727272727
94.9,179.0,43.2,116.5,104.8,104.8,122.8,61.8,41.7,39.8,23.4,31.6,17.3,15.7,60.5,26.8,84.6,46.3,43.3,28.1,55.0,42.2,183.6962457337884
84.6,172.5,42.5,108.0,97.2,101.1,118.2,61.9,41.8,38.7,23.3,30.3,16.4,14.9,56.5,25.7,82.0,46.6,41.7,24.4,56.3,41.0,147.2079207920792
79.5,183.0,45.1,101.0,90.9,100.3,116.3,57.2,38.2,35.9,21.8,29.0,17.8,15.7,63.5,30.0,90.1,48.5,42.6,23.4,57.0,43.1,145.88888888888889
84.4,169.9,44.1,108.9,91.7,103.0,120.2,63.7,42.0,38.7,21.4,31.7,17.2,16.2,56.7,26.0,80.3,49.3,41.1,25.0,56.1,42.6,166.04554455445546
74.7,177.3,39.4,98.3,87.4,101.1,111.4,61.2,38.1,35.6,21.5,29.1,16.6,15.0,57.2,25.5,82.7,47.4,42.4,21.1,59.2,40.3,141.9481343283582
73.6,169.0,41.8,106.8,97.2,96.5,113.1,54.4,36.9,38.7,21.8,27.9,17.6,15.3,58.5,25.9,82.9,52.6,40.5,28.0,53.6,39.7,188.85365853658536
86.2,177.4,45.5,106.7,95.5,100.3,115.3,61.0,40.3,36.5,20.4,31.5,17.8,13.4,62.1,28.9,87.6,50.9,45.4,26.5,55.3,39.0,164.0250980392157
78.4,173.4,41.5,109.2,91.4,97.7,120.9,60.2,37.3,37.5,20.8,30.5,16.9,16.0,58.8,26.3,84.0,48.2,40.1,25.8,58.4,42.3,158.6
101.4,180.4,44.6,109.9,99.6,114.1,123.9,74.7,45.7,41.3,23.6,33.4,18.3,16.1,59.6,27.6,87.4,53.7,42.1,26.7,59.0,42.3,149.69767441860466
71.6,165.5,43.5,100.3,86.8,94.6,111.0,59.0,37.1,35.3,20.4,31.3,17.1,13.2,56.8,26.5,79.3,49.2,41.3,23.7,56.9,38.1,156.2813953488372
79.6,176.5,40.5,99.1,85.5,101.0,114.7,63.0,42.2,41.1,22.0,30.4,17.7,16.2,60.0,27.0,87.5,41.7,43.1,22.8,55.6,41.5,155.83382899628253
94.5,178.1,44.3,113.7,102.3,105.8,117.2,64.1,43.2,42.5,24.6,34.1,19.0,15.3,58.4,26.9,80.1,48.8,39.2,26.9,58.2,41.2,172.14020979020978
85.8,187.1,44.0,105.8,94.7,103.1,114.4,59.6,39.3,38.0,21.7,30.3,17.5,15.0,63.0,28.9,93.1,48.7,44.1,25.0,57.3,41.8,172.4148148148148
86.7,156.6,48.1,115.2,101.7,105.9,124.4,66.8,42.7,41.0,22.8,34.7,17.8,14.0,49.0,23.3,70.5,41.9,37.2,27.1,57.9,41.2,192.83478260869566
87.1,178.2,40.3,106.7,99.1,99.4,116.5,60.4,41.1,38.2,23.3,28.9,17.9,16.1,60.7,26.5,87.6,46.0,44.0,25.6,55.3,40.2,158.74878048780488
95.2,173.7,42.3,118.1,97.5,106.4,125.0,65.5,42.8,41.3,23.7,33.8,18.8,16.7,62.3,28.6,84.9,47.8,39.2,29.0,56.8,42.3,
80.0,175.0,42.1,98.8,93.9,95.2,109.4,58.4,40.5,40.1,23.3,30.5,17.7,13.1,57.9,26.5,82.7,50.2,40.5,23.7,56.7,39.5,154.64347826086959
105.4,190.4,43.7,111.3,99.3,107.3,125.5,69.9,45.3,42.8,25.4,35.0,19.5,17.3,65.0,30.0,94.4,47.8,46.4,25.8,57.4,44.2,159.53
84.8,178.5,43.7,110.3,96.3,98.0,124.1,59.5,36.8,35.7,21.2,30.5,17.4,17.5,59.5,27.2,86.3,47.3,42.6,26.0,57.7,44.2,188.41281138790038
89.5,176.3,44.4,116.0,97.5,102.3,122.5,60.2,40.2,38.6,21.7,30.4,17.9,16.0,60.8,27.4,81.0,55.0,38.3,29.7,60.1,41.9,183.59712230215825
81.7,173.5,44.5,106.9,95.5,97.6,116.8,57.9,37.6,37.2,21.6,30.6,17.2,13.4,59.0,27.3,82.5,44.0,43.2,26.4,54.3,39.9,167.25850340136054
90.3,172.7,42.7,112.2,100.6,103.2,120.8,63.0,42.6,39.2,23.5,31.0,19.0,15.3,60.0,27.4,83.7,47.9,40.0,27.3,58.7,42.4,171.57731958762886
122.3,190.3,48.6,122.4,113.3,116.3,131.3,70.7,46.8,44.9,26.5,35.1,20.7,16.8,64.0,27.7,89.6,52.6,44.9,29.6,58.8,45.9,170.18378378378378
92.5,178.8,47.5,108.6,99.3,106.8,121.5,66.2,43.5,41.3,24.7,32.4,18.7,14.7,63.7,27.5,89.5,48.5,42.0,27.3,57.2,42.6,164.83928571428572
105.6,182.1,47.7,121.7,108.3,107.7,124.0,62.2,41.7,41.8,26.2,35.0,18.4,14.8,59.7,27.2,87.0,48.0,43.1,29.3,59.3,41.8,
91.4,164.7,50.7,123.3,112.6,107.3,122.7,64.5,39.5,39.2,23.1,31.8,17.1,15.3,55.7,25.5,77.6,48.7,39.1,28.4,56.8,42.8,
96.3,187.3,47.3,112.1,102.7,100.8,117.7,62.1,40.3,39.0,22.7,32.2,17.9,13.9,62.9,28.2,91.8,50.8,46.4,28.2,60.3,40.5,175.97093023255815
79.1,175.6,42.8,105.0,82.8,97.4,111.4,60.8,39.2,40.1,24.2,29.6,18.0,14.1,57.8,27.1,83.8,45.9,39.6,24.0,57.9,38.1,130.35714285714283
108.3,179.4,48.6,115.7,97.4,112.7,130.9,71.6,46.0,42.8,24.2,37.4,19.0,15.3,60.3,27.7,86.5,47.5,40.3,27.8,60.5,44.6,
97.4,173.2,46.1,115.1,106.9,106.7,120.3,64.3,44.0,43.1,23.6,32.3,18.4,14.5,58.4,25.7,84.3,48.8,41.7,28.0,57.6,40.4,172.65
84.6,167.8,46.7,109.7,98.1,100.7,119.9,62.4,41.2,37.0,21.7,29.8,16.4,13.3,54.8,25.0,79.6,46.2,41.2,25.8,58.2,40.9,169.23003412969283
107.4,180.6,44.6,113.7,103.8,105.9,125.3,68.0,46.6,45.6,26.4,33.2,19.0,15.7,61.1,26.8,85.3,52.8,43.1,27.9,59.0,42.7,181.68952702702705
75.9,161.1,41.7,109.0,101.6,94.1,109.5,56.8,38.1,36.9,21.3,29.5,16.7,12.2,54.4,24.4,77.1,44.7,37.1,25.8,56.5,36.9,159.24822695035462
112.9,189.0,49.3,118.4,109.8,110.0,127.5,70.6,45.2,43.1,24.7,35.8,20.2,14.4,66.0,29.6,93.1,49.4,46.0,29.0,58.8,43.5,190.64406779661016
93.3,178.3,44.5,104.8,93.4,107.7,119.2,69.7,45.0,43.0,22.7,32.7,17.7,15.5,59.0,28.0,86.1,45.6,43.7,25.4,55.8,41.9,154.9217391304348
104.0,185.7,48.5,114.3,107.0,104.9,122.2,63.6,43.0,41.8,23.4,32.9,18.0,14.2,62.0,27.2,90.5,52.7,45.2,28.1,58.6,42.0,182.5625
91.4,177.4,43.6,106.1,100.1,108.2,113.7,69.1,44.7,41.0,22.1,29.9,17.9,13.7,61.7,27.8,85.0,45.4,42.9,26.5,58.2,39.3,161.10036764705882
110.7,184.3,48.1,116.1,107.2,111.2,129.2,72.8,43.4,42.0,22.9,35.9,17.5,14.6,61.2,28.8,94.5,49.9,43.9,29.2,58.2,42.9,180.6451048951049
95.9,172.9,44.4,115.3,96.2,106.2,129.7,69.4,42.4,41.5,22.7,35.6,17.7,16.7,56.5,26.6,85.2,44.1,42.9,27.0,60.1,43.7,189.8332142857143
106.4,194.0,45.6,108.7,99.1,106.7,123.3,67.4,44.2,41.6,25.7,34.3,19.2,15.7,67.9,31.3,98.8,51.0,50.0,25.8,60.6,43.9,170.4791366906475
78.8,172.1,43.5,102.0,93.3,97.5,113.5,61.3,41.1,37.8,21.2,32.3,17.2,14.1,55.0,25.7,81.5,46.2,43.1,24.9,56.1,39.3,162.52747252747253
90.0,182.8,43.2,103.7,99.9,107.7,111.5,65.8,41.7,40.4,23.2,31.4,18.9,14.7,61.4,28.4,86.3,50.2,41.2,26.4,55.0,41.1,134.77116104868915
90.3,176.2,43.5,111.3,102.8,105.7,118.2,64.7,40.0,39.3,21.8,31.2,17.2,14.8,61.0,27.5,82.8,48.0,41.5,25.7,53.8,40.4,163.6070671378092
80.9,171.5,42.4,106.4,92.7,103.6,114.5,61.5,38.9,38.8,22.7,29.7,17.3,16.2,57.0,25.5,80.4,45.5,37.4,26.1,57.6,41.8,157.84615384615387
87.2,178.3,44.0,109.3,101.2,103.9,115.5,62.6,40.7,37.9,22.3,30.0,18.1,15.5,60.9,27.3,83.4,49.9,41.5,26.0,57.0,41.7,164.14448398576513
89.3,170.7,44.7,110.2,101.0,101.4,116.9,67.3,42.3,42.2,22.8,31.4,17.5,13.8,55.9,25.0,80.6,50.3,38.7,25.3,56.2,40.5,155.5764705882353
93.4,181.2,46.5,110.9,102.2,105.3,114.2,65.6,41.9,40.2,22.6,32.1,17.8,13.5,61.0,27.3,86.3,52.6,42.7,27.9,58.0,39.2,185.09928057553958
88.8,186.0,45.1,110.6,89.1,98.8,123.7,61.5,39.5,38.9,22.3,33.0,17.9,16.0,61.5,28.0,89.9,52.0,46.6,26.1,58.4,43.5,165.70996563573883
89.1,176.8,42.4,108.6,90.4,105.0,114.2,64.0,42.4,39.5,22.7,31.9,17.7,13.9,60.3,27.0,86.7,47.8,43.6,25.2,56.5,38.9,151.60268456375837
95.4,176.1,44.8,106.3,92.2,106.8,121.7,68.8,42.0,40.3,23.2,35.9,17.9,14.8,58.3,26.8,83.0,49.8,42.1,25.8,57.4,41.6,145.75154639175258
95.8,172.2,47.5,112.9,103.9,109.1,124.7,66.5,45.2,40.6,23.5,34.4,18.8,15.1,59.5,27.3,82.5,46.5,42.2,26.9,56.3,42.7,174.3421768707483
81.2,178.9,40.5,103.7,92.7,101.3,117.1,59.5,40.5,38.6,21.5,29.0,18.3,17.9,60.0,26.7,85.3,48.7,43.9,24.4,57.7,44.3,167.45629629629633
102.4,178.0,49.5,120.7,113.0,108.7,131.4,66.0,41.2,38.2,20.6,33.2,18.5,16.4,64.8,28.5,86.8,48.2,42.7,30.1,57.3,45.0,197.65637583892618
84.6,176.8,43.5,107.3,99.9,104.2,116.8,63.0,41.2,37.7,21.4,29.5,16.5,15.3,61.5,27.8,83.6,48.1,43.4,26.6,56.0,42.1,162.90802919708028
89.3,165.9,45.1,113.6,92.0,101.0,125.7,66.1,41.9,38.7,21.9,34.2,17.8,15.1,59.0,27.0,80.1,48.5,40.6,27.4,57.7,39.8,
78.4,173.3,42.4,104.2,94.4,96.1,112.2,60.8,41.2,38.3,20.8,30.6,17.3,15.0,56.6,25.7,81.9,47.2,43.1,26.0,57.3,39.4,151.05251798561153
101.4,192.4,42.6,112.5,103.8,115.6,124.5,70.3,45.4,43.8,24.9,31.2,18.3,17.3,62.5,28.7,94.3,53.2,45.0,26.6,59.5,45.3,164.4230769230769
80.1,169.8,41.4,104.7,94.8,100.8,111.0,62.8,39.5,36.6,22.3,29.9,17.1,14.1,55.5,25.3,81.1,47.3,37.4,25.2,57.8,38.2,147.13522727272726
100.3,179.1,44.3,115.0,106.0,110.3,121.1,71.7,44.3,42.8,23.0,33.3,17.8,15.5,59.8,27.5,88.1,48.0,42.1,26.7,58.6,42.7,155.03164556962025
87.1,180.0,44.8,104.8,93.3,104.4,118.8,61.7,40.5,38.3,23.0,32.4,18.7,14.0,62.2,27.2,87.4,47.0,44.2,24.8,57.0,40.0,156.6742474916388
92.8,184.8,47.5,114.6,98.5,103.1,127.2,62.8,39.7,36.7,22.7,32.7,18.5,16.7,61.7,27.8,90.2,47.9,44.4,26.2,56.8,44.8,194.85858585858585
80.9,174.7,39.8,109.0,89.5,96.5,120.7,60.3,39.6,38.0,21.6,32.0,17.9,16.7,59.2,26.7,85.0,45.0,44.4,25.5,58.4,42.3,178.5485074626866
117.1,190.5,47.7,119.6,113.0,115.7,126.9,73.9,45.6,44.4,23.0,34.6,18.9,15.8,64.0,29.7,94.5,50.6,46.5,29.6,61.5,44.3,181.23686006825938
88.2,167.1,43.7,107.8,93.1,106.4,122.6,66.2,41.7,42.5,24.3,34.8,17.7,15.4,59.7,27.4,81.7,42.5,39.2,25.9,56.8,42.6,166.9402777777778
74.9,166.9,39.5,101.2,91.9,97.3,109.8,59.9,40.5,37.2,22.2,29.1,17.2,16.0,55.9,25.5,78.6,46.0,39.3,24.6,56.8,39.9,159.36091954022987
95.7,181.0,46.8,112.7,102.5,106.9,117.6,64.8,42.5,39.3,22.4,31.2,18.1,14.0,65.2,29.1,85.2,51.5,42.7,27.1,58.7,41.2,169.25053380782919
88.1,186.5,43.9,99.0,90.3,100.2,116.4,62.3,44.1,40.5,23.3,32.7,18.5,17.2,56.7,27.1,87.9,49.9,42.3,23.7,58.4,43.4,152.53333333333333
71.0,180.1,39.5,95.6,90.9,94.9,109.3,56.6,38.6,36.0,22.3,28.8,17.1,14.9,59.5,26.9,87.4,49.3,43.5,22.1,56.3,40.1,138.83088235294116
78.8,170.7,44.5,105.3,96.1,101.1,112.9,59.8,39.7,35.3,20.6,30.1,16.7,13.8,55.7,25.4,81.1,49.1,40.7,26.2,55.7,39.6,149.63684210526316
84.4,170.7,44.8,105.9,98.3,103.5,115.0,62.8,40.1,38.5,22.4,32.2,17.7,14.6,57.6,26.5,80.4,48.6,39.4,25.2,56.4,41.1,164.48297872340424
89.5,171.5,45.7,110.3,102.7,106.7,118.6,67.6,42.0,37.4,21.1,31.9,16.9,12.8,61.1,27.9,85.8,46.4,41.4,27.5,56.4,39.2,198.1953125
93.1,180.3,48.3,107.7,102.2,107.4,118.9,68.0,39.6,37.7,21.2,31.7,17.6,12.9,64.1,28.0,86.9,49.2,43.7,25.6,58.9,40.8,169.0774193548387
90.4,171.7,46.2,111.7,96.2,106.2,119.7,64.1,41.5,42.3,24.6,33.0,17.5,15.2,54.9,25.1,79.1,46.0,38.7,26.3,57.5,42.5,153.86490066225164
106.1,182.3,45.1,118.3,108.2,106.4,123.0,68.5,47.2,46.7,24.9,33.3,18.7,16.8,58.5,27.2,88.1,55.4,41.9,29.3,57.4,43.0,155.78118811881188
85.8,176.8,41.0,104.9,97.0,104.4,113.1,66.1,41.6,41.5,22.5,30.5,17.1,14.4,58.8,27.2,85.7,46.6,41.7,25.1,56.3,39.4,152.58181818181816
85.8,162.2,43.7,114.7,106.5,106.4,116.6,63.3,41.7,40.7,23.5,30.6,17.1,14.8,52.5,24.2,72.0,50.1,29.8,28.2,58.0,41.4,174.85734265734266
90.9,178.0,45.8,105.9,89.6,105.2,122.5,65.3,43.3,41.3,23.3,32.2,17.8,15.5,57.9,26.5,86.9,45.5,43.2,26.2,57.6,42.6,160.30068493150685
93.9,171.6,44.8,113.0,98.4,99.8,126.1,65.7,43.1,43.1,24.3,33.0,17.6,15.9,61.4,27.1,84.2,46.4,40.7,27.0,60.8,43.3,160.7195945945946
109.7,177.8,50.3,119.3,108.2,111.7,131.1,71.5,44.7,43.6,24.0,34.9,18.5,15.8,63.6,29.1,88.9,47.4,42.5,29.6,58.3,45.2,178.74641638225256
66.9,170.4,42.0,97.7,82.7,89.8,109.6,53.3,37.0,36.3,21.2,30.3,17.2,14.6,60.7,27.7,82.4,46.3,42.3,23.6,56.0,40.3,146.17992424242422
85.6,178.3,45.7,107.2,91.3,101.2,118.3,61.3,40.4,36.3,22.8,30.8,18.3,14.7,59.2,26.0,85.3,45.1,42.9,26.1,58.0,42.7,146.11749174917492
96.4,177.5,45.1,109.8,101.0,109.2,121.0,67.0,41.7,41.1,23.2,33.1,18.9,15.0,59.7,27.5,80.7,50.1,40.6,28.6,57.7,40.6,150.9278350515464
75.9,174.9,42.1,95.1,81.6,95.3,115.6,59.3,38.1,40.7,23.8,32.4,18.5,16.0,58.4,26.2,82.9,44.9,41.9,23.7,54.5,41.2,155.5539033457249
81.8,179.4,41.6,102.7,94.4,95.8,114.1,59.3,40.3,39.6,23.3,30.0,18.1,14.6,59.0,26.0,84.9,49.2,41.8,23.7,58.4,40.6,153.68057553956834
88.5,172.4,44.9,109.0,101.1,104.7,120.5,63.5,41.3,37.8,22.5,32.3,17.5,15.2,55.9,25.1,87.4,45.5,43.3,26.4,58.2,40.4,157.40575079872207
104.6,183.1,46.5,116.3,105.8,110.3,130.1,68.8,43.0,40.6,22.6,33.9,18.0,16.9,63.2,29.7,89.8,52.0,43.4,29.1,59.3,42.8,184.64123711340204
90.5,186.7,42.2,104.5,95.4,105.1,117.1,64.4,38.8,37.0,22.0,30.3,18.5,16.3,64.5,29.4,94.8,50.5,46.1,26.4,54.7,41.5,172.85714285714283
85.6,179.4,42.7,105.6,98.5,99.6,116.2,62.6,39.5,36.8,22.2,29.6,17.8,15.0,58.7,26.3,85.1,47.8,43.5,25.5,57.7,41.1,158.21855670103093
89.3,177.7,43.0,107.8,95.4,103.8,117.4,66.9,42.4,38.8,21.3,33.1,17.8,14.7,58.5,27.0,89.0,49.6,43.2,27.7,60.3,39.8,162.2923076923077
82.7,177.1,44.9,102.2,93.5,99.5,112.0,61.1,42.2,37.3,22.5,30.2,17.8,14.5,57.2,27.0,85.6,50.5,44.5,25.6,60.3,38.7,164.478125
101.2,180.5,45.7,116.5,114.3,109.3,122.5,67.3,41.7,38.7,22.6,32.3,18.0,14.5,58.3,25.6,83.6,51.9,43.6,27.9,58.6,41.2,173.237012987013
83.2,173.9,42.4,104.0,97.0,99.7,112.0,61.6,40.4,39.7,22.4,30.0,17.3,14.1,58.6,26.3,81.2,48.3,42.1,26.0,57.2,39.2,165.1764705882353
94.2,173.3,45.5,114.2,106.8,110.2,121.1,64.8,41.3,38.8,22.4,33.1,17.3,15.5,58.3,26.1,83.4,48.8,40.7,28.9,57.6,41.9,175.8759581881533
96.6,169.4,47.5,122.6,104.4,110.6,130.7,67.3,38.2,38.4,22.6,33.7,19.4,16.0,60.7,27.8,82.7,47.0,42.1,29.2,56.5,43.1,187.1263157894737
103.6,182.1,46.0,112.6,104.4,110.5,125.0,67.5,40.8,38.4,23.5,32.9,18.8,16.0,61.9,28.2,86.3,55.5,47.4,28.8,55.2,43.0,166.8148148148148
78.8,176.5,45.3,104.4,88.8,97.2,119.8,55.9,39.3,35.6,22.7,31.2,18.7,15.9,58.7,26.0,83.2,49.4,40.6,25.5,58.5,43.5,142.53191489361703
87.3,177.9,46.2,109.4,89.3,101.2,121.2,63.1,40.3,40.3,22.5,32.2,18.2,15.4,60.5,27.4,86.3,47.5,38.2,27.9,57.0,41.1,181.03558718861208
92.6,180.2,45.6,111.8,94.8,100.1,127.0,61.8,40.8,38.5,21.9,33.6,17.5,16.4,60.9,27.2,86.9,48.8,43.1,27.4,56.6,44.3,171.5742574257426
84.6,178.3,44.8,102.6,95.2,105.2,118.0,62.8,41.2,37.0,22.5,32.9,17.7,15.8,58.0,26.6,83.6,48.2,40.7,24.3,56.5,41.8,162.18556701030928
87.8,185.3,41.1,106.0,92.4,101.8,116.1,60.2,41.5,39.4,23.7,32.2,18.8,16.5,62.4,28.0,88.2,47.0,41.4,26.1,57.8,40.8,152.2816901408451
80.8,174.4,42.5,108.4,99.2,99.4,118.1,61.4,41.7,38.3,22.0,28.8,16.9,14.2,56.0,23.5,83.6,44.8,40.2,25.6,57.9,40.5,159.17873754152825
81.6,170.9,43.2,109.9,99.4,101.2,115.7,59.9,39.7,38.5,21.5,30.0,17.6,14.5,58.7,27.2,80.1,47.6,37.1,25.2,56.0,41.1,164.66498316498317
89.5,185.5,45.7,105.4,99.1,100.5,115.7,59.7,41.7,39.3,23.1,31.3,18.4,15.8,61.0,28.1,86.7,52.3,42.6,25.1,56.8,41.1,161.87713310580205
88.2,176.5,46.2,107.0,92.8,104.7,119.4,64.8,39.2,39.0,23.0,32.6,17.0,14.3,58.0,26.8,85.8,47.2,41.6,24.6,59.5,41.8,149.8
89.0,176.4,45.3,110.1,97.7,107.1,120.2,65.4,41.2,37.3,22.0,33.1,18.0,14.3,58.0,25.9,83.4,48.8,39.7,25.8,58.7,41.0,160.37900000000002
101.5,180.7,48.2,110.3,105.2,108.8,127.9,65.8,44.6,42.6,23.7,33.7,18.8,16.6,59.6,27.9,85.4,49.0,42.3,26.6,57.0,45.3,154.6362745098039
89.5,177.5,47.2,100.9,92.1,105.2,120.0,64.7,42.9,41.8,24.0,32.7,18.4,14.7,57.9,26.5,85.7,45.9,41.5,24.2,58.6,42.5,147.46923076923076
79.5,176.0,40.6,101.5,88.9,101.6,114.8,60.0,38.7,38.8,21.5,30.0,17.7,16.0,60.0,27.5,88.3,47.6,40.7,24.1,56.0,41.3,162.24907063197026
91.5,185.1,42.0,111.7,102.0,103.0,120.5,62.4,39.7,36.7,21.7,30.7,17.8,15.5,63.0,27.5,93.9,50.5,47.0,27.6,56.6,40.8,164.47734627831716
73.4,173.4,41.5,103.3,93.1,96.8,109.8,57.4,37.6,36.3,21.1,27.8,17.7,15.0,58.6,27.1,83.2,48.0,39.5,25.3,57.4,40.7,147.62649253731345
108.7,178.1,47.5,120.6,113.8,107.3,127.5,68.8,46.8,42.8,24.1,32.4,18.3,15.8,59.7,27.6,88.9,52.0,41.5,30.5,61.5,43.3,
95.9,175.8,44.6,111.3,106.3,108.1,122.8,67.4,44.5,39.1,24.5,32.7,17.8,15.7,58.9,26.5,80.8,52.6,38.3,27.4,56.7,42.9,175.41456310679612
74.3,163.5,42.7,106.9,93.2,96.8,110.0,58.9,39.0,35.4,21.5,29.0,17.3,13.9,53.2,23.8,76.3,47.3,37.6,27.1,54.8,38.6,159.96821428571428
83.7,174.5,43.1,104.8,97.2,103.6,120.0,64.7,40.0,38.3,21.8,29.4,17.5,16.4,56.9,24.1,80.2,46.9,37.4,24.2,59.4,42.4,155.94812286689418
79.1,174.0,38.6,103.8,94.1,100.6,113.1,61.6,41.6,36.7,22.8,30.0,17.2,14.4,58.1,26.2,84.2,49.2,40.3,22.9,55.4,40.4,127.17218543046359
85.1,173.9,45.4,112.5,100.1,102.0,122.5,59.8,40.0,36.3,21.7,31.3,17.7,16.2,56.1,25.1,81.9,44.4,39.8,25.8,55.2,43.2,169.84577922077924
80.2,177.4,40.4,102.8,90.5,100.3,113.8,60.7,40.4,38.0,23.0,29.1,17.5,15.7,60.1,27.9,88.7,44.4,40.0,26.0,57.0,39.8,172.51494252873562
95.8,180.2,46.6,114.0,107.9,105.1,119.9,64.3,42.1,41.2,24.3,30.8,17.8,15.2,61.5,27.7,86.8,51.0,41.1,27.4,58.0,41.7,163.0728476821192
82.8,172.8,42.1,104.3,90.0,102.2,113.8,60.8,42.3,38.0,23.3,30.7,18.1,14.8,62.1,28.3,87.5,44.5,44.1,25.5,57.2,39.8,146.32014388489208
77.9,171.0,42.7,102.2,96.1,100.2,115.6,61.1,39.8,36.6,21.1,28.7,17.6,16.4,58.5,27.3,82.7,43.5,38.2,23.9,58.3,41.5,150.81597222222223
83.3,173.5,44.2,107.7,91.5,98.9,121.2,61.6,39.9,37.4,22.8,32.5,18.2,15.2,57.2,27.3,87.4,43.2,44.0,25.5,57.5,40.9,166.60973154362415
57.8,167.1,39.4,87.9,72.0,88.0,108.2,52.2,34.8,32.3,19.3,27.7,16.9,14.9,56.9,25.9,77.1,44.9,37.3,19.8,54.0,40.4,144.2109375
105.5,179.1,45.2,117.8,106.0,110.3,127.4,72.2,43.7,45.1,23.8,34.8,19.4,16.0,60.5,26.7,85.7,49.5,40.6,28.0,57.7,44.1,163.46188925081432
89.8,179.4,45.8,107.6,98.0,106.9,121.1,64.7,43.3,40.8,23.0,32.5,18.0,16.5,58.0,26.6,86.1,46.7,38.8,26.3,58.5,42.1,166.35767918088737
93.7,185.3,43.9,111.4,95.8,102.5,123.2,63.9,43.0,41.4,24.1,32.8,18.6,16.0,59.7,27.3,90.7,51.0,43.5,27.7,56.6,42.5,175.65460750853242
88.7,171.2,48.0,114.3,105.4,102.6,120.8,59.9,39.6,40.1,23.4,32.0,18.1,15.4,56.3,24.6,79.6,43.5,37.3,26.4,56.8,44.1,176.5764119601329
79.7,177.7,44.3,105.7,91.4,97.3,119.5,57.9,38.1,36.6,21.5,33.2,18.7,15.8,57.7,26.0,86.2,47.1,40.7,25.1,56.8,42.6,166.79609929078015
100.1,181.5,45.8,114.9,102.1,108.7,124.8,68.1,43.3,42.9,24.3,32.8,18.9,16.7,63.4,28.9,87.4,48.5,41.3,28.1,60.0,45.1,168.49429530201343
82.7,185.9,44.8,97.8,86.1,99.1,116.3,59.6,39.4,34.3,21.2,30.4,17.7,14.6,65.1,29.1,90.0,49.8,44.6,23.5,58.8,42.1,158.09774436090225
77.1,160.9,44.9,107.6,104.6,98.4,115.9,57.1,38.0,36.7,21.2,30.2,17.2,15.0,53.7,24.2,75.9,44.2,38.8,26.0,54.7,40.8,161.76107382550336
84.4,166.0,41.9,108.9,98.1,102.8,116.5,62.6,41.9,41.7,23.7,31.1,17.3,13.5,57.2,27.0,82.7,44.1,39.8,27.1,57.0,39.8,154.63024911032028
95.3,186.3,45.5,116.0,105.0,106.2,120.2,63.8,42.6,40.0,22.8,30.1,17.8,14.2,61.9,27.8,89.3,50.4,43.7,27.1,59.0,41.6,173.63057324840764
77.9,181.9,40.7,101.2,94.7,97.5,112.9,57.4,37.8,36.7,20.7,30.2,18.0,16.5,61.0,26.8,86.2,49.7,39.2,24.3,58.0,42.2,143.0758620689655
71.3,172.6,39.4,96.1,93.0,95.3,112.0,56.3,38.5,35.5,21.7,27.5,17.2,15.9,58.3,26.2,83.8,46.6,41.0,22.2,56.3,41.6,135.8655172413793
106.4,171.7,50.2,118.6,109.4,112.4,129.3,70.6,47.8,45.1,24.3,36.1,18.3,15.1,56.2,24.9,79.7,47.3,36.4,29.3,61.0,44.2,187.84709677419355
94.4,176.2,45.8,113.7,109.9,109.2,116.0,65.7,43.3,40.6,23.3,32.1,18.5,14.4,64.0,28.8,85.6,50.1,43.4,27.9,57.6,39.9,164.8268456375839
81.0,178.2,42.5,99.9,90.8,98.4,112.8,58.6,38.0,40.5,22.7,30.8,17.3,14.9,57.4,26.2,84.9,48.1,41.1,25.0,58.5,39.4,146.93321167883212
80.8,178.2,42.8,102.7,95.2,99.3,115.6,61.1,39.5,36.8,21.3,31.2,18.0,14.2,64.3,29.5,87.7,48.5,44.4,25.1,56.7,40.4,153.3111510791367
82.6,173.4,44.9,107.6,92.2,99.8,115.0,61.0,39.5,36.2,22.0,30.8,17.8,13.6,58.4,26.4,80.8,49.4,40.2,25.8,57.8,39.4,159.90555555555557
66.3,152.8,41.3,99.7,96.6,94.8,104.8,61.0,37.6,36.2,20.6,27.6,16.6,12.3,53.6,24.6,74.3,41.3,35.6,23.9,55.3,35.8,141.85257352941179
72.5,175.0,43.6,100.7,82.3,94.3,115.1,54.5,37.7,35.8,20.2,30.0,17.0,14.9,58.8,26.0,81.3,45.7,40.1,22.6,57.4,40.1,140.56757679180888
76.6,179.3,43.1,100.3,92.0,100.0,114.2,59.8,39.6,37.3,23.0,29.1,16.7,14.9,61.8,28.7,87.1,46.4,38.7,24.3,55.6,42.0,150.45
76.6,170.6,41.8,102.7,95.6,97.4,113.1,58.1,38.3,39.6,22.0,31.0,16.8,15.4,59.3,27.2,81.3,43.3,38.1,25.1,57.7,40.0,146.17883211678833
104.7,179.4,46.3,114.3,105.1,111.3,126.5,70.1,44.5,45.1,23.8,34.0,19.2,16.5,62.9,27.8,89.2,47.0,41.3,27.7,57.7,44.2,178.80594059405942
72.7,177.8,43.4,100.9,87.8,95.0,118.2,57.6,38.7,37.7,22.4,28.3,17.0,15.8,60.4,26.9,86.0,49.5,39.0,23.2,57.8,42.8,151.52101694915254
79.7,170.0,44.8,105.2,97.6,102.4,116.8,62.8,40.0,38.9,23.7,30.2,17.2,15.5,60.5,26.8,87.2,42.0,40.7,24.7,58.2,41.3,156.4157894736842
95.0,168.9,50.7,127.2,101.3,101.2,130.0,58.3,42.7,40.6,24.6,35.8,18.9,16.0,56.5,24.9,80.1,45.8,38.8,30.0,58.0,42.9,
87.4,165.9,43.6,109.4,96.9,106.5,121.0,65.8,43.5,42.8,23.6,34.1,17.3,14.9,55.1,26.5,76.4,47.3,36.5,27.7,55.7,41.7,159.2678445229682
91.4,165.3,45.5,113.4,99.6,103.7,122.0,65.9,42.7,45.1,23.7,33.3,18.4,13.6,55.9,24.4,75.3,45.7,36.3,26.8,57.8,40.6,171.40131147540984
85.2,164.7,45.3,113.5,104.1,103.2,123.1,60.7,41.3,39.5,21.8,31.8,17.4,14.8,57.4,26.7,79.4,48.1,34.7,27.7,55.2,41.0,167.45901639344262
78.2,179.4,42.5,98.3,83.8,97.2,117.2,57.9,40.3,36.0,22.3,31.7,18.0,16.0,61.5,28.3,86.7,46.2,43.0,22.3,56.0,42.7,140.6766784452297
76.2,168.1,45.3,107.3,94.7,98.2,114.7,59.7,37.8,37.5,20.1,29.4,16.9,14.2,58.8,25.7,81.0,47.5,38.3,25.8,55.4,40.3,172.85054545454545
90.8,170.0,44.8,112.5,104.3,103.3,120.4,64.6,43.3,41.4,24.3,31.0,17.8,14.5,56.7,25.3,79.2,47.5,36.1,26.6,57.0,41.4,174.9193548387097
76.7,175.5,43.6,102.1,85.1,96.8,118.7,57.8,37.9,36.7,22.2,30.4,18.0,14.5,59.7,27.6,85.6,46.8,41.5,25.0,58.7,41.6,165.63705035971222
85.9,171.0,44.5,104.2,100.4,105.3,114.6,63.5,40.1,41.3,22.6,30.2,17.1,14.1,55.0,25.2,81.9,50.4,38.1,26.7,58.6,39.3,154.8527777777778
106.7,184.5,46.8,114.8,104.3,112.2,125.8,68.9,43.6,41.8,25.5,34.3,18.1,14.8,58.5,27.1,89.2,47.9,41.9,28.5,60.8,41.9,173.93939393939394
84.9,169.6,43.8,109.2,98.2,104.0,115.0,63.3,42.7,39.4,23.6,31.2,17.4,14.4,57.1,26.2,79.3,46.9,38.5,26.8,55.4,39.3,175.41702127659576
70.0,179.2,44.1,92.2,84.0,89.8,113.9,53.7,39.2,35.9,22.8,28.1,17.0,16.0,61.3,27.0,87.6,46.7,42.1,22.1,57.3,41.9,131.0376712328767
65.7,173.5,41.5,89.9,82.7,93.1,110.6,53.3,36.4,34.7,22.5,28.1,16.9,14.6,59.0,26.7,82.7,47.7,42.1,19.8,56.7,40.2,136.53984962406017
84.5,167.7,41.8,108.7,95.1,101.3,121.1,61.6,41.9,43.2,25.3,32.7,18.1,15.1,60.2,26.1,78.9,45.0,36.4,26.4,57.4,41.4,162.51889250814332
98.7,176.7,47.4,116.6,104.7,105.8,128.1,65.8,42.3,39.5,23.1,34.4,18.5,16.1,60.4,28.1,85.3,48.4,42.1,28.4,58.9,43.6,180.23464052287582
85.7,175.1,45.6,104.7,100.1,104.5,114.8,64.7,42.8,38.4,21.8,30.2,16.9,14.3,58.8,26.6,81.4,54.6,38.6,26.2,56.7,40.2,151.23333333333332
104.5,176.9,46.3,114.8,108.6,113.1,127.1,73.5,43.9,40.7,24.2,32.9,18.7,16.1,58.9,27.4,82.5,48.5,38.8,27.9,58.1,42.6,176.55709570957094
89.3,173.6,43.5,105.1,105.9,104.9,115.0,62.9,41.7,39.7,23.0,33.0,18.2,14.8,58.1,25.2,80.3,50.2,37.3,25.3,60.0,40.5,142.99319727891157
103.2,187.3,47.2,113.2,97.8,107.0,124.5,68.0,45.5,40.5,23.4,34.7,19.1,15.2,58.2,26.6,87.2,54.1,43.3,28.5,58.5,42.5,177.7771812080537
89.4,174.3,44.7,106.9,95.7,108.0,123.1,67.7,39.8,39.7,23.7,31.3,17.5,15.3,58.6,26.9,82.1,48.5,39.4,24.6,58.5,44.1,151.62346938775508
66.6,177.5,41.7,90.7,77.3,94.2,110.0,55.4,36.1,35.0,20.8,29.6,17.2,14.1,58.6,26.7,83.4,47.2,40.7,21.5,56.5,40.5,132.6171314741036
89.0,171.7,44.9,116.3,93.6,101.2,129.9,65.7,41.1,36.4,22.3,32.8,17.7,16.7,58.1,25.3,82.8,44.9,39.7,30.1,57.5,44.5,195.48297872340427
105.6,170.6,48.0,124.3,111.2,112.4,134.7,70.9,41.7,41.5,23.8,32.5,17.8,16.6,58.6,27.7,82.7,51.3,38.7,30.0,61.7,45.2,
84.3,176.1,43.8,107.4,94.1,99.2,120.6,62.8,40.6,40.3,22.9,32.3,17.2,15.1,60.3,27.4,85.0,46.8,40.6,27.1,57.8,41.8,160.36438356164382
74.6,166.0,41.4,99.3,86.7,101.0,111.9,61.1,40.7,39.2,22.7,28.8,16.1,15.0,54.5,24.5,78.1,45.2,36.1,21.9,57.4,40.4,127.71919191919191
59.7,166.5,39.2,94.0,76.6,89.4,109.3,50.5,35.6,34.9,20.9,27.9,16.2,15.5,55.8,24.6,77.2,46.4,37.1,22.6,56.6,39.1,138.0732600732601
82.6,177.3,47.3,102.4,94.6,99.8,119.2,59.8,38.2,37.4,22.4,30.2,17.6,14.3,62.3,27.6,85.7,47.1,41.4,23.2,59.0,42.0,152.393265993266
90.7,173.5,44.9,115.1,95.1,100.3,126.0,61.9,41.7,41.3,24.6,31.9,18.2,16.2,58.7,26.8,83.9,51.0,39.7,29.6,57.7,42.8,187.73206896551724
87.7,172.3,46.8,113.3,93.0,97.2,127.5,61.4,38.4,40.3,22.5,34.5,17.6,14.3,59.0,27.6,84.2,48.9,38.6,28.0,57.7,42.1,
68.5,169.3,43.4,101.7,82.2,92.5,116.2,54.3,35.8,35.4,20.4,29.7,16.5,14.2,57.4,26.7,81.3,44.8,37.2,23.5,54.7,41.3,153.79024390243904
76.7,172.8,41.2,102.7,90.8,98.9,116.8,59.8,40.9,38.4,21.7,31.7,17.2,16.0,55.4,24.9,78.4,45.6,38.0,24.1,58.1,42.4,159.0979661016949
108.1,180.9,48.8,121.9,108.2,112.6,129.6,67.7,44.1,45.4,25.6,34.6,19.2,16.1,59.9,27.9,86.7,47.2,41.8,29.3,58.0,43.4,191.2156862745098
77.2,167.1,42.3,104.3,89.8,100.0,109.9,61.8,40.2,39.5,23.0,30.3,16.0,12.2,56.5,25.7,77.5,42.5,36.6,24.5,58.2,36.9,133.99898305084747
82.9,177.5,40.6,104.2,90.9,104.4,117.8,63.1,40.6,37.3,23.5,30.1,16.8,15.5,59.0,26.2,86.2,47.9,40.5,23.6,57.3,41.8,160.03412969283278
85.7,172.7,45.0,105.1,101.0,103.3,115.3,63.4,40.0,37.1,21.8,30.0,17.7,14.5,58.3,26.3,81.9,47.0,39.7,26.1,59.7,38.9,162.95993031358884
69.1,167.5,44.2,100.9,86.0,95.3,112.9,56.9,37.2,33.9,20.6,29.5,16.5,14.0,55.0,24.6,78.6,47.8,37.7,24.2,56.8,39.4,148.69473684210524
80.6,169.7,44.0,107.2,93.8,96.3,112.7,60.1,38.0,38.3,21.7,33.2,17.5,15.3,56.7,25.6,81.1,48.7,40.3,28.0,58.0,38.8,175.8874074074074
73.7,176.0,43.3,101.1,87.5,96.1,110.9,59.0,37.1,34.7,21.7,28.6,16.7,14.8,58.5,26.5,86.3,46.0,38.5,23.8,57.2,39.7,150.75689045936394
77.5,176.6,42.4,102.3,83.6,98.5,116.0,58.8,39.7,40.6,25.0,30.8,18.6,14.5,57.9,26.5,84.1,48.5,38.9,24.9,58.2,40.3,143.69899665551839
100.6,170.7,49.0,115.2,115.5,112.8,121.1,70.0,42.7,41.5,23.1,31.9,17.0,15.6,52.7,25.5,77.4,53.9,36.2,29.0,57.5,42.0,184.9469387755102
86.0,179.8,42.5,103.6,100.7,102.1,119.9,59.5,40.9,39.6,22.7,28.4,17.1,16.6,61.7,27.3,86.5,50.3,40.1,23.7,56.6,44.7,142.98785942492012
59.7,168.2,41.2,87.2,77.8,90.6,103.5,53.1,34.4,33.1,21.1,27.0,16.3,12.6,53.0,24.2,78.1,47.8,37.3,20.1,55.3,36.5,126.371875
97.9,174.7,49.0,116.7,112.9,109.6,123.9,66.2,42.6,40.9,24.1,32.4,17.8,14.9,53.8,25.2,77.6,52.8,37.2,26.8,57.3,41.7,164.9407294832827
89.7,196.6,45.2,99.5,88.0,100.9,123.3,55.9,41.0,36.8,22.7,33.1,19.3,16.0,69.7,32.0,95.4,52.9,44.3,23.8,58.7,44.6,153.49488054607508
101.6,173.7,44.8,116.8,103.4,109.9,126.6,68.5,44.3,42.2,24.7,33.2,17.8,15.3,56.8,24.6,78.8,48.6,36.9,27.1,59.3,42.6,174.65420560747663
111.9,186.3,48.1,121.3,103.6,110.4,129.0,67.2,44.9,40.5,23.2,34.8,18.1,15.0,62.5,28.4,89.6,51.0,40.6,30.9,59.9,44.1,163.2736507936508
71.1,185.7,43.6,94.9,81.5,94.8,112.3,53.8,35.8,35.6,22.6,29.0,17.7,13.7,61.4,28.2,89.3,48.9,42.0,21.1,55.9,41.6,131.2953405017921
105.7,184.9,46.3,115.7,100.8,111.4,129.0,72.0,45.1,42.8,25.1,34.9,18.3,13.9,59.1,26.6,89.0,49.5,42.0,27.5,56.9,42.1,174.45673981191223
82.8,183.6,42.3,103.5,92.4,99.7,113.5,61.6,38.1,36.3,22.0,29.5,16.8,14.2,62.5,28.8,86.5,52.4,39.9,25.8,59.5,40.6,142.7098976109215
85.1,173.0,45.5,103.7,93.9,101.1,119.6,64.2,40.4,41.3,23.3,32.7,18.1,16.6,58.0,27.0,82.3,47.3,37.8,24.8,57.9,41.2,148.71446945337624
104.7,195.0,45.9,109.9,103.0,101.6,122.3,65.2,44.3,44.5,27.0,32.4,18.2,15.6,63.8,29.2,97.3,51.1,46.3,27.2,56.7,43.0,147.39966216216217
78.1,163.7,42.2,103.8,90.9,99.1,118.7,63.8,42.4,37.6,22.0,32.8,17.9,14.5,55.5,26.5,80.6,43.8,39.2,25.4,55.7,40.1,153.4597122302158
98.4,179.6,46.4,106.6,99.5,110.7,120.5,68.6,46.9,41.8,24.2,32.4,17.8,14.5,58.1,26.0,86.1,42.9,42.3,24.9,59.4,41.4,153.34817275747508
76.1,169.2,41.6,104.8,87.6,96.0,113.3,58.1,38.4,38.3,22.8,31.5,17.9,15.1,56.9,26.6,81.3,46.0,37.2,25.8,56.8,40.3,155.6588235294118
76.4,162.4,41.2,100.3,93.3,101.0,114.1,66.0,42.3,39.8,23.7,30.3,17.1,14.7,54.7,25.2,76.7,44.6,36.9,24.5,55.4,40.7,140.8625
97.0,162.0,47.2,113.7,110.5,115.7,123.0,74.3,45.4,43.7,24.6,32.5,18.1,14.7,51.3,24.3,72.0,48.7,33.8,26.8,59.0,41.3,183.83961038961039
86.8,168.6,48.2,114.2,99.7,100.3,127.9,63.2,42.8,37.2,21.3,33.4,17.2,16.0,57.6,25.6,80.0,48.0,37.7,28.6,54.4,44.2,167.22142857142856
80.1,174.4,42.0,104.6,95.5,102.8,115.9,60.1,40.0,37.9,22.3,28.5,17.4,15.0,57.2,26.6,79.7,49.8,35.7,25.0,57.5,41.7,142.22838283828384
86.1,171.3,43.5,106.7,102.6,104.2,117.0,63.4,40.8,37.4,21.0,29.7,16.7,14.8,54.5,24.1,79.2,49.2,38.7,26.2,55.5,41.1,161.64253731343283
79.4,175.0,45.4,109.6,95.8,95.8,116.0,55.7,37.4,35.1,20.8,30.1,17.7,14.6,58.0,26.8,83.7,47.2,39.3,27.0,56.4,40.7,172.45304659498208
105.1,178.8,45.7,116.7,111.5,114.0,120.2,68.1,42.9,40.2,24.0,33.0,17.3,14.2,56.5,25.7,81.3,55.8,39.7,29.3,59.0,41.2,161.40974025974026
84.8,183.0,42.0,102.6,83.8,99.9,121.9,62.8,38.7,38.1,23.0,31.8,18.4,16.3,62.1,29.2,85.4,48.4,39.9,23.5,60.3,42.2,155.43388704318937
63.0,171.1,39.2,96.4,80.1,89.7,111.5,50.5,34.8,35.6,21.7,28.9,17.6,14.9,56.9,26.6,81.2,47.4,39.5,26.5,54.7,39.2,154.88988764044944
134.4,184.1,48.0,131.7,126.3,125.6,135.0,76.2,47.9,47.6,25.9,34.8,19.1,16.9,60.7,28.5,89.7,52.3,40.6,31.7,59.6,44.4,
97.4,178.4,47.4,113.6,100.8,106.2,129.9,68.2,43.7,41.2,23.9,31.4,18.8,16.9,59.6,27.5,82.9,49.7,39.5,26.6,58.6,46.5,170.7463414634146
80.4,191.5,40.2,96.7,85.5,98.9,115.5,55.7,37.9,37.3,22.7,29.2,17.3,17.7,62.3,28.3,94.2,49.8,45.9,21.8,59.2,42.8,138.8598615916955
83.8,183.5,42.5,101.5,94.3,100.1,118.2,61.1,40.4,37.5,23.3,31.4,18.5,16.1,60.4,28.7,85.8,52.5,40.4,24.5,58.6,42.3,155.97166666666666
126.2,190.5,47.3,124.2,121.1,120.1,132.2,75.6,48.0,44.3,24.5,35.3,18.8,14.8,63.7,28.4,91.4,52.5,43.0,31.1,58.3,41.4,
115.6,181.7,43.8,121.4,113.9,119.1,127.0,76.1,45.4,42.8,23.7,33.7,17.7,16.9,64.0,29.5,90.1,51.2,44.0,29.6,57.0,43.8,175.39935064935065
105.3,184.7,45.8,116.8,111.9,111.4,127.6,68.0,43.6,40.4,23.2,33.2,18.5,15.3,61.7,28.0,87.2,49.7,41.2,28.1,58.4,43.1,179.26582278481013
67.8,172.4,40.8,92.8,81.8,94.8,109.2,58.1,37.7,39.6,22.7,28.8,16.3,14.8,57.2,25.8,81.5,43.9,38.2,22.8,55.3,39.7,150.01503759398497
95.7,178.2,47.1,114.4,102.2,102.6,124.3,62.3,41.7,39.6,23.2,32.7,18.9,16.5,59.6,26.6,82.9,51.7,40.3,29.2,54.0,42.2,197.41944444444442
70.3,171.7,43.4,97.6,79.3,93.6,114.5,54.9,37.0,34.5,20.6,32.5,17.3,14.4,57.2,27.7,85.5,46.7,42.2,23.1,57.4,38.8,168.36972111553786
65.7,178.1,41.8,89.0,77.7,93.4,108.7,53.3,35.5,36.1,21.7,27.5,17.0,15.5,60.9,27.9,86.5,46.1,40.1,20.2,56.1,41.3,125.13533834586467
89.5,183.3,44.3,107.2,96.7,103.5,119.4,61.7,40.6,39.5,23.0,30.1,18.5,15.6,61.1,26.7,84.3,51.4,40.5,25.5,59.6,41.7,153.45016722408027
75.8,174.1,43.4,100.8,83.0,94.3,117.4,58.0,38.5,38.1,22.5,31.1,17.8,15.5,56.3,25.7,81.7,45.2,40.5,24.1,58.0,41.0,166.33780918727913
90.6,182.4,44.4,107.2,102.7,106.8,116.5,61.7,42.0,39.9,23.2,31.1,17.7,16.0,60.0,28.3,87.4,53.4,42.8,25.1,58.2,42.6,160.07567567567565
72.0,176.6,40.5,93.7,82.1,94.3,112.7,57.4,39.1,37.4,22.8,29.6,17.0,15.5,58.5,26.4,86.1,46.5,40.3,22.8,57.1,40.1,135.53035714285713
104.8,182.1,45.0,110.6,115.0,111.3,123.6,70.5,45.7,42.4,23.7,33.9,18.2,16.1,62.0,27.6,86.9,55.4,41.2,26.9,60.3,42.3,167.97610921501706
116.1,179.8,46.6,120.1,120.6,113.3,125.5,74.0,48.8,46.4,27.0,35.3,18.8,12.7,59.9,26.7,87.1,54.3,39.9,29.8,57.2,40.8,182.30162866449513
86.6,183.2,41.5,105.2,89.8,100.6,118.3,63.5,40.3,40.3,24.1,30.9,17.7,15.3,61.1,27.8,87.8,48.2,38.8,24.7,57.8,41.3,155.7409252669039
60.1,168.5,40.2,92.2,76.1,87.9,112.3,50.6,35.8,35.6,21.1,28.9,16.4,15.4,56.7,25.2,80.3,44.8,37.5,20.8,56.6,40.9,142.0562962962963
112.0,178.8,47.6,116.4,115.9,116.2,126.2,73.2,47.0,41.6,24.0,33.8,18.3,14.5,60.2,26.7,85.9,54.7,41.3,29.0,59.2,41.8,182.35999999999999
76.2,176.5,44.4,97.9,89.8,95.8,118.9,56.4,37.7,37.5,22.1,29.8,16.5,15.4,58.9,25.8,83.6,47.9,41.8,23.0,58.1,42.5,142.3082474226804
127.8,181.8,48.1,129.9,115.9,125.5,133.9,78.8,50.4,46.3,24.8,36.7,19.3,15.0,60.5,27.8,86.8,51.1,40.5,31.0,58.5,43.7,178.7063583815029
52.9,168.7,38.2,85.5,70.9,84.1,104.1,45.8,32.9,32.6,20.7,26.1,15.8,15.6,58.1,25.5,80.4,45.1,39.2,19.5,55.0,39.2,127.61194029850746
91.8,175.1,47.0,112.1,100.5,103.8,122.0,63.3,41.3,39.8,22.5,29.7,17.5,14.6,58.5,26.3,83.1,46.5,41.3,28.1,57.7,40.8,171.6416393442623
83.0,177.8,42.5,100.2,87.6,101.8,121.5,63.2,41.0,39.6,23.6,30.9,17.3,18.1,57.2,25.5,81.2,47.1,40.3,20.9,57.8,44.8,141.38252427184466
105.3,180.9,47.7,121.3,104.2,110.9,133.6,67.4,41.3,41.6,25.4,35.1,19.4,18.0,64.0,27.9,86.5,47.3,43.1,29.8,59.0,47.2,170.28653846153844
89.9,178.7,47.5,110.0,102.2,105.7,123.5,62.3,41.4,40.2,23.5,30.9,19.4,16.0,59.9,26.8,85.2,49.2,41.9,26.0,59.7,43.9,171.30573248407643
84.9,184.4,44.0,104.7,93.4,98.1,116.0,58.5,39.7,36.9,21.7,30.5,17.4,14.3,61.8,29.1,92.8,48.5,45.0,26.5,59.2,39.9,161.94604316546761
82.3,179.0,39.3,110.6,91.7,100.2,120.9,63.3,40.7,35.6,20.3,28.7,16.8,17.0,62.0,27.4,88.7,45.0,43.2,26.8,56.3,41.9,163.193006993007
65.9,169.3,39.9,95.2,80.0,90.3,102.3,52.8,36.2,35.8,22.2,29.6,16.8,12.6,53.4,24.1,77.9,44.4,38.8,22.8,57.8,37.4,121.36183206106871
78.8,173.4,42.9,104.5,97.2,101.2,114.8,61.0,38.8,35.4,21.2,29.3,16.9,15.7,58.5,26.2,84.1,45.0,40.9,25.7,56.4,41.1,148.85611510791367
78.7,183.4,43.1,99.6,85.9,98.2,116.2,59.0,41.1,35.7,20.7,29.9,17.9,16.4,66.5,30.6,91.7,47.7,45.8,23.7,57.4,42.7,140.12689655172412
95.4,183.0,46.4,107.7,97.7,105.4,123.4,66.2,42.5,40.6,22.1,33.5,18.2,16.0,57.1,25.7,84.3,52.7,42.3,24.1,57.3,43.6,160.5403125
97.0,184.2,44.2,112.9,99.3,104.3,121.5,62.8,43.3,40.8,23.3,32.9,18.8,15.8,62.7,28.1,87.1,49.9,42.1,27.4,57.5,41.8,168.96858108108108
105.2,187.6,46.1,115.4,104.8,112.8,131.0,71.7,41.8,43.7,23.7,31.9,18.5,16.8,63.0,28.2,89.4,50.0,44.6,26.9,58.9,44.7,183.429012345679
64.9,166.5,42.1,99.3,84.1,90.7,111.1,53.9,36.3,32.3,20.6,29.0,16.8,14.7,56.0,26.3,79.5,47.0,38.4,23.5,56.6,40.6,145.15854545454548
102.4,189.0,46.5,121.9,103.4,105.8,128.3,65.8,43.5,38.4,22.7,32.2,20.2,16.3,65.3,29.9,89.9,50.7,44.0,29.3,57.0,44.9,194.49649681528663
77.4,173.7,38.9,100.6,94.2,98.7,113.6,58.8,40.7,35.3,22.0,29.2,16.8,15.2,57.8,26.3,80.7,50.3,38.0,23.6,55.9,40.9,148.45486111111111
89.1,185.6,44.8,111.6,87.2,98.3,123.5,61.5,39.7,38.7,23.2,35.0,17.7,16.8,60.7,27.3,88.5,48.8,42.8,27.1,56.0,42.7,171.5755102040816
70.1,182.7,41.4,96.2,80.8,92.9,113.7,53.1,35.5,33.6,21.1,28.2,16.9,15.3,63.7,30.3,94.5,46.6,44.4,21.3,56.1,41.9,148.0
95.3,177.2,48.1,114.5,104.7,108.3,123.2,67.0,42.3,39.0,23.3,31.5,18.5,16.7,57.4,27.1,82.3,51.5,39.1,27.0,57.4,43.2,176.53678929765888
102.9,172.5,43.8,118.9,112.4,110.8,120.2,69.5,46.8,44.4,23.7,32.2,17.9,15.7,56.8,26.2,80.1,50.4,37.1,28.4,60.6,42.7,171.56711409395973
71.7,174.1,41.4,93.1,85.6,97.4,115.2,58.7,35.1,36.8,21.6,28.4,16.9,17.2,54.1,24.4,82.0,47.9,38.5,23.6,57.8,42.6,154.41887550200804
113.4,192.4,47.0,114.3,110.6,113.3,126.1,67.6,45.3,42.0,23.9,33.5,19.2,15.8,63.7,28.2,93.3,55.0,43.0,27.6,59.4,43.6,138.96656534954406
92.4,185.2,43.3,110.8,94.5,106.2,118.1,63.4,42.4,41.5,24.0,31.1,17.7,14.4,61.7,28.3,88.0,50.7,42.6,27.0,62.2,42.0,147.11571906354516
97.5,183.3,44.6,113.3,103.7,107.3,124.2,67.3,40.4,41.2,23.5,31.9,18.2,16.9,60.5,28.2,88.4,47.8,41.4,27.0,57.9,43.4,182.51864951768488
75.4,164.8,42.0,101.5,88.9,97.3,113.8,59.9,39.4,38.3,23.0,30.7,17.3,12.4,55.0,25.6,79.6,45.4,38.6,23.9,55.5,37.9,152.7956989247312
82.6,173.3,41.7,99.1,93.1,103.8,114.6,62.4,42.0,39.4,24.0,31.1,17.5,14.8,59.0,26.6,82.3,48.6,38.9,24.5,56.8,39.8,148.11720430107528
93.1,168.1,49.2,112.1,102.3,109.1,119.7,66.4,42.9,40.4,25.2,32.4,18.9,12.3,57.8,25.9,79.0,45.2,36.2,26.8,58.7,40.0,169.25625
111.2,174.5,47.8,115.3,118.4,119.2,128.8,78.0,45.5,44.7,24.7,34.9,18.9,15.4,56.9,25.9,79.3,51.3,38.6,27.4,57.8,43.2,171.29233226837061
80.8,170.0,43.7,106.2,87.6,101.6,119.0,64.2,41.7,41.0,23.7,30.7,17.8,15.4,58.9,27.7,82.3,45.8,39.4,25.4,55.0,42.4,154.0408945686901
81.1,168.9,46.4,105.3,83.5,104.7,120.2,64.9,42.6,40.2,23.4,31.6,17.4,15.2,54.8,24.9,78.4,46.2,39.6,24.5,55.2,42.2,143.6234693877551
96.2,180.3,45.1,106.9,99.0,112.8,120.7,69.2,43.4,40.5,23.8,31.8,18.3,14.8,57.3,26.2,84.0,50.2,40.1,24.9,63.0,41.2,155.58712871287128
100.3,186.1,41.2,109.8,100.9,111.7,118.6,69.1,45.5,42.2,24.0,32.2,18.7,15.1,63.5,28.4,89.2,52.0,41.7,26.5,57.6,40.3,162.20454545454544
99.9,175.4,44.8,112.5,108.9,113.7,123.2,70.9,43.1,40.6,24.7,31.7,17.9,13.7,57.8,25.6,83.3,49.5,40.6,26.4,60.2,41.4,156.506309148265
100.3,181.7,44.7,114.7,106.6,108.9,122.0,69.2,44.7,42.0,25.6,32.8,19.1,15.7,63.1,27.0,89.7,50.0,41.7,28.1,58.5,42.7,173.73127035830618
77.3,170.9,43.6,104.6,95.8,102.4,110.7,67.0,44.5,42.2,24.7,29.4,17.1,13.4,57.0,25.7,81.6,47.7,37.9,26.5,60.5,39.9,143.3546762589928
78.2,180.2,41.5,100.6,81.3,97.3,114.1,58.8,40.4,37.8,22.2,28.5,17.5,15.1,62.3,29.4,88.0,46.5,42.8,24.0,59.4,41.4,153.7338028169014
95.6,183.7,45.0,106.4,86.8,106.2,126.2,64.8,41.2,42.5,25.3,36.2,18.6,15.0,63.2,27.9,90.6,51.0,43.4,25.8,59.0,42.3,157.95463917525774
66.0,177.1,40.0,89.7,75.7,92.1,108.5,52.3,35.8,37.0,23.0,27.4,17.0,14.4,61.0,26.5,86.0,45.7,41.2,20.8,57.6,38.7,141.25172413793103
108.7,187.9,47.5,121.8,110.8,111.7,125.7,68.1,41.8,43.2,23.5,31.4,18.0,14.5,64.7,29.1,92.7,50.1,46.0,28.2,59.0,42.9,163.76158536585365
110.7,184.9,46.1,115.9,108.0,113.4,127.9,70.9,47.4,43.4,25.8,33.8,19.2,16.5,62.0,29.6,91.0,49.1,42.3,28.9,58.8,43.5,180.99967532467534
93.5,173.5,42.7,106.8,105.4,113.2,120.4,69.6,43.7,42.5,24.0,30.6,17.6,16.0,60.1,27.7,83.8,44.5,39.2,24.6,58.0,42.2,149.8019801980198
84.8,180.7,43.8,103.1,88.4,102.4,117.8,64.6,41.8,36.9,22.4,30.5,17.8,15.5,57.6,27.3,84.5,50.1,38.6,25.1,57.4,42.0,146.94318936877076
96.3,179.1,45.7,111.6,100.7,107.6,121.1,66.8,43.6,41.1,24.5,31.3,19.0,15.0,60.1,27.8,85.8,48.7,44.2,27.8,58.4,41.7,169.1257731958763
64.6,170.0,42.1,92.2,74.6,90.5,112.3,54.3,36.4,36.7,22.0,29.8,17.3,15.9,55.5,25.4,79.2,43.3,38.7,21.6,56.7,41.5,121.93115942028987
102.6,186.2,40.5,106.3,107.1,117.6,116.2,72.7,48.4,41.3,22.2,29.0,16.9,17.2,61.2,27.2,89.8,49.6,42.1,25.3,57.5,42.1,148.6030612244898
88.4,172.7,45.5,104.8,98.2,105.0,121.3,67.8,43.5,43.6,23.5,32.2,17.6,14.9,59.1,26.0,82.5,42.9,39.7,24.6,59.6,43.1,163.34344827586207
67.4,168.4,42.0,93.9,79.5,90.8,115.2,56.4,38.2,37.2,20.6,29.6,17.3,15.9,57.0,26.1,81.7,46.3,38.7,21.1,57.0,41.5,125.7415224913495
82.3,170.9,43.2,101.8,96.1,102.6,115.9,64.4,42.6,39.5,23.4,29.9,17.6,14.5,57.2,25.9,79.9,48.3,39.1,25.0,57.6,39.6,155.30580204778158
73.0,176.1,41.2,97.8,83.0,98.8,111.9,56.8,36.7,35.6,21.3,29.3,17.2,15.9,60.0,28.0,88.3,46.6,42.5,23.1,54.8,41.3,145.79778597785977
88.9,172.5,44.8,109.3,98.8,103.1,121.4,62.8,44.4,41.1,23.3,32.3,18.2,15.3,57.1,26.2,80.6,49.0,38.3,27.9,58.3,42.9,161.2798045602606
77.1,165.7,43.3,102.6,89.7,98.9,117.7,61.0,40.9,37.2,23.0,30.8,17.9,15.1,57.2,26.1,78.3,44.2,37.9,23.5,55.0,41.7,141.1659574468085
69.9,173.8,42.3,92.0,79.0,89.9,112.2,53.5,37.6,38.6,23.8,28.8,17.6,15.2,57.2,26.2,83.5,44.1,40.2,22.3,58.6,41.1,133.2862190812721
83.1,193.6,41.2,99.3,85.5,100.9,114.0,59.5,40.1,39.4,24.2,28.9,18.6,16.3,62.5,29.2,96.4,49.8,45.3,23.3,56.7,42.1,147.04703832752614
116.3,186.9,47.5,121.3,111.6,115.4,128.5,72.2,45.0,41.2,25.2,34.9,19.5,15.9,61.1,29.1,87.2,51.4,42.1,28.7,59.3,43.6,183.11634615384614
98.6,183.4,44.2,112.4,107.7,108.1,120.5,67.7,42.7,40.1,23.2,32.4,18.0,15.5,60.1,27.0,85.7,54.4,41.2,28.8,58.8,41.8,158.94949494949495
132.5,192.8,47.5,125.5,118.5,123.6,140.5,82.9,47.7,43.8,24.3,35.4,18.3,18.0,65.4,29.8,94.6,50.5,45.4,29.9,61.4,47.8,185.83653846153848
104.8,183.1,46.1,119.3,105.5,111.7,128.2,66.8,42.2,41.3,24.4,31.8,18.6,16.8,63.6,27.8,88.0,53.3,41.5,29.3,57.7,44.1,182.1897763578275
82.4,175.8,42.8,102.6,96.1,103.8,116.0,61.6,39.0,40.3,23.2,30.8,17.7,15.8,59.4,28.0,83.1,48.2,37.5,25.9,56.8,40.8,159.94676806083652
65.0,172.1,39.4,94.3,78.2,89.2,111.0,53.1,36.3,34.2,21.4,29.1,16.9,15.3,59.9,27.2,86.0,43.3,42.3,22.9,53.8,39.4,149.22197802197803
96.1,188.3,43.1,104.2,100.8,105.3,119.7,63.3,44.5,39.4,24.6,32.5,19.4,15.4,64.7,28.7,86.5,52.5,41.0,24.3,59.0,43.0,133.0707006369427
97.9,181.1,46.1,111.5,96.1,110.9,120.9,70.2,45.4,43.3,25.1,33.2,19.2,15.5,62.0,29.1,89.0,47.2,39.6,26.9,58.4,39.7,157.7761437908497
54.0,170.0,35.6,84.8,68.7,83.8,100.2,49.2,34.7,34.2,20.7,26.5,16.9,13.8,57.6,25.9,83.5,43.0,39.9,18.7,54.4,35.5,117.136186770428
60.8,166.4,39.7,89.2,76.3,88.3,112.3,54.4,34.7,34.8,21.0,28.2,15.8,13.7,60.0,26.3,80.4,42.3,39.6,20.9,57.1,39.5,140.34965034965035
73.9,173.3,39.9,99.6,88.7,93.6,111.0,57.4,37.4,35.0,21.7,29.7,16.3,13.5,57.9,26.5,82.6,49.5,40.7,25.1,56.0,37.5,143.26521739130436
104.4,183.9,45.6,111.4,101.8,110.4,126.0,68.7,45.0,44.4,25.0,33.9,18.8,16.3,60.7,27.9,85.3,49.2,42.3,27.4,59.0,43.2,162.8153846153846
39.3,160.0,35.0,77.4,64.8,73.7,92.5,41.2,29.0,26.6,15.6,23.3,15.0,11.9,51.7,23.4,75.8,41.9,38.7,19.5,54.1,33.7,113.58701298701298
89.7,177.1,44.5,111.3,98.7,106.1,121.6,63.6,40.5,38.4,22.4,30.5,18.2,14.5,64.0,28.2,85.7,45.7,39.3,25.9,58.7,41.3,167.83333333333331
125.8,185.9,47.7,118.2,111.3,125.1,132.6,81.2,49.4,51.2,27.1,36.3,20.0,16.0,62.4,28.8,88.6,51.1,41.4,29.7,60.6,45.0,163.31735015772873
81.6,183.9,45.3,98.8,80.9,98.4,120.7,62.5,39.7,37.3,23.7,31.5,18.0,17.2,64.0,30.8,93.7,45.9,44.6,22.8,57.9,43.3,134.57241379310344
73.4,175.9,43.9,99.3,84.6,94.8,116.8,59.1,38.2,35.6,22.2,29.7,17.4,15.7,57.7,26.9,84.0,46.5,40.9,22.7,57.5,42.1,151.36354166666666
87.5,168.8,43.9,114.5,100.8,100.9,117.3,59.4,40.5,38.6,23.3,29.2,17.9,14.0,56.5,25.1,80.1,49.6,38.1,26.4,57.4,40.1,175.66612377850163
75.3,179.2,41.8,101.2,84.6,97.7,117.1,58.3,39.3,37.3,22.0,27.9,17.1,16.0,61.8,29.2,85.9,48.4,42.5,24.2,57.1,43.0,144.7722222222222
81.9,179.0,43.3,105.2,88.0,101.6,123.7,60.9,39.8,39.8,23.4,31.5,18.4,17.1,60.1,27.7,84.9,48.5,41.3,24.9,57.6,42.7,164.61151079136692
85.2,177.3,45.5,108.9,95.0,103.6,117.4,64.6,43.1,36.8,21.7,30.6,16.9,14.3,57.7,25.8,85.0,47.2,39.9,26.1,57.2,42.0,149.69072164948454
65.5,176.5,40.6,94.4,76.2,91.0,107.2,54.1,38.8,37.3,22.2,28.8,17.3,14.0,61.5,28.6,88.0,46.5,41.1,22.0,55.2,39.4,135.76629213483145
99.7,173.2,49.7,114.4,95.6,108.1,126.6,69.5,45.1,44.1,25.6,35.2,18.6,14.1,55.6,24.8,80.3,44.9,37.3,27.6,60.7,41.7,173.10526315789474
86.1,181.0,41.3,103.3,86.9,101.6,117.9,62.9,41.2,41.1,24.5,31.2,17.6,15.7,60.7,26.3,87.3,48.9,42.5,24.8,57.8,41.8,159.4491289198606
59.3,172.8,40.6,91.2,75.5,89.3,106.9,50.8,33.6,33.0,20.3,27.1,17.1,14.1,58.1,27.3,83.6,46.5,38.6,20.4,55.2,39.9,126.50322580645164
101.9,181.4,47.9,117.4,105.4,110.4,126.2,67.4,41.0,41.4,23.9,31.8,18.3,15.1,58.1,26.9,84.6,52.1,37.8,26.5,61.2,43.5,156.1807807807808
79.5,177.2,41.6,105.6,84.7,100.2,117.1,62.1,41.6,40.4,24.2,30.8,18.0,14.0,58.0,25.4,83.8,48.1,39.1,25.4,59.3,40.3,146.24329896907216
70.9,175.0,42.1,93.5,77.5,96.3,114.5,56.5,38.2,36.7,21.9,29.5,17.5,15.9,58.6,27.5,84.1,44.8,40.7,22.6,57.7,42.0,154.088
78.3,180.3,42.6,101.1,79.6,98.5,118.6,60.2,39.6,38.6,21.8,32.1,17.4,15.2,60.1,26.6,85.3,49.0,43.3,22.9,57.7,42.7,148.5760135135135
72.7,173.7,40.1,95.1,80.3,95.7,112.9,59.7,40.9,36.3,21.5,28.9,16.5,15.1,58.8,26.8,82.9,45.4,39.7,22.0,57.0,41.2,144.74779411764706
86.7,183.9,43.8,108.9,89.8,103.5,118.8,61.8,40.5,41.2,23.3,30.3,17.7,15.5,63.9,29.6,88.1,45.9,41.7,26.4,54.9,42.0,152.53588850174216
99.1,188.0,42.5,108.3,105.6,109.3,119.0,67.5,43.3,41.4,23.7,32.8,18.1,15.1,63.7,28.6,90.4,52.9,43.5,26.7,56.8,41.2,138.60921501706486
82.8,178.5,44.3,105.5,87.8,100.0,114.9,59.4,41.6,36.8,24.0,30.2,17.7,13.9,60.7,26.1,85.4,47.6,41.5,25.5,58.3,41.6,136.8259385665529
84.0,179.4,43.2,108.6,90.2,98.5,116.9,61.5,40.3,39.9,23.8,30.8,17.4,14.8,58.6,29.3,87.5,47.4,39.5,25.4,58.2,41.0,170.18859060402684
82.3,172.8,43.2,100.9,88.3,104.4,120.6,66.5,41.3,38.9,22.7,30.1,16.8,15.7,58.6,26.9,82.5,44.1,39.3,22.1,58.4,43.1,145.296
70.8,169.9,39.1,97.1,86.6,93.7,111.6,56.4,39.6,36.4,22.3,27.9,16.8,15.3,57.2,26.3,83.8,46.2,38.5,23.7,59.6,39.4,141.94254545454547
67.0,177.1,40.3,95.4,75.7,92.1,107.8,54.0,36.7,33.7,21.4,27.7,16.4,13.5,56.8,26.7,84.6,47.0,42.1,22.4,56.5,36.9,151.3241379310345
70.3,176.8,42.5,98.0,85.3,94.1,112.0,57.0,38.4,34.8,20.3,29.1,16.6,15.0,55.8,26.9,82.4,49.4,38.1,23.0,56.3,40.4,146.82437275985663
90.2,171.2,44.0,111.9,102.5,105.8,119.5,67.6,44.4,41.0,23.9,31.0,17.7,14.3,56.1,25.8,76.0,49.0,37.8,25.8,55.8,42.2,147.55627118644068
60.0,167.4,39.0,91.2,81.3,88.3,106.6,54.6,35.4,32.6,20.3,27.2,17.2,16.2,58.1,25.9,79.4,46.9,40.0,20.5,56.7,40.8,126.43636363636365
91.0,172.9,44.6,115.0,101.5,108.0,120.7,67.1,43.2,41.6,23.0,32.3,17.9,14.0,57.7,26.9,80.5,45.1,36.5,25.3,58.2,41.4,162.98013245033113
91.2,174.6,42.3,110.4,99.8,104.7,121.6,64.5,43.1,43.3,23.1,31.7,18.2,15.7,60.1,27.1,81.3,45.5,38.2,25.6,56.1,42.2,149.32307692307694
83.7,160.9,41.6,109.7,106.4,104.1,117.9,65.9,39.9,39.9,21.4,31.0,16.3,14.6,50.7,24.1,75.2,42.0,35.8,26.7,57.5,40.2,162.09965635738834
82.0,179.7,42.1,98.0,97.1,104.2,113.0,63.6,41.0,38.2,22.8,28.3,16.6,16.3,58.6,27.5,86.7,50.0,41.9,24.0,56.8,41.1,147.73684210526318
115.5,180.9,48.3,121.5,113.6,114.9,127.7,71.9,46.7,45.4,23.4,35.6,19.0,15.5,61.0,27.9,84.5,52.4,41.1,29.8,61.1,43.4,170.67857142857142
57.9,173.5,40.8,89.0,73.1,85.7,108.6,49.1,35.1,34.7,21.2,25.6,16.6,15.4,57.8,27.5,85.6,45.6,39.9,20.6,56.1,41.1,130.84328358208955
93.5,171.8,47.1,107.5,96.9,114.4,124.5,70.2,44.5,41.5,24.4,33.5,18.2,15.7,58.7,25.5,84.1,46.3,39.0,24.9,58.6,43.7,154.9158249158249
86.4,177.6,45.5,108.4,87.9,99.4,119.4,63.4,39.3,38.2,21.8,32.7,17.0,12.7,61.0,28.0,86.0,44.6,41.8,27.1,61.5,41.1,154.5845070422535
55.8,165.8,43.3,92.6,75.3,85.7,107.3,49.7,33.1,33.7,20.4,26.8,16.1,14.5,55.8,25.4,80.2,41.7,38.4,20.4,55.7,39.9,135.7010909090909
98.5,185.6,43.8,110.9,96.4,109.7,125.4,66.1,43.7,40.8,23.1,33.1,18.2,15.1,62.4,28.1,88.8,48.1,41.9,26.0,59.7,43.7,141.70555555555555
97.2,170.4,44.2,116.1,102.0,105.7,123.6,68.3,46.0,42.4,24.7,32.4,18.0,15.3,56.4,27.3,81.8,44.3,39.0,26.7,56.4,41.6,169.90243902439025
93.4,178.7,46.3,105.8,88.2,104.2,123.0,66.1,42.6,42.3,24.5,33.7,18.9,15.7,61.7,27.4,91.3,46.3,42.8,25.2,58.2,43.3,156.49583333333334
85.7,165.3,42.0,104.2,100.5,111.4,115.8,70.1,42.2,41.6,24.5,30.8,16.8,15.7,54.1,25.2,75.5,45.8,35.1,24.6,56.4,40.3,154.71050847457627
85.6,185.3,41.7,102.2,93.8,106.7,117.0,69.1,37.5,38.3,21.6,29.6,16.7,16.1,61.8,27.5,88.6,48.8,42.3,21.7,56.1,42.7,158.0065789473684
63.4,177.9,39.5,85.1,75.7,89.1,105.1,55.0,36.7,34.2,20.7,25.4,16.5,13.3,63.0,28.9,91.3,42.3,43.9,20.2,56.4,39.1,120.27913385826771
88.3,175.9,44.2,111.8,101.6,103.3,119.1,60.0,41.3,39.4,22.2,31.2,17.2,16.0,58.2,26.0,82.0,49.9,40.7,27.6,55.7,41.6,155.6946308724832
59.1,173.8,40.6,89.5,74.3,90.9,107.7,49.9,34.3,32.4,20.5,25.5,16.8,15.8,58.2,27.5,84.7,45.5,42.0,20.8,56.4,40.6,142.640625
95.8,171.2,52.0,119.7,97.1,100.8,134.2,65.5,42.4,38.7,22.3,34.4,18.4,16.5,56.5,26.8,82.3,49.1,38.3,28.9,59.8,44.8,191.0596153846154
69.8,170.3,42.8,95.7,84.2,94.0,116.0,56.9,38.0,36.6,23.0,29.3,17.5,15.6,59.0,26.5,84.0,44.3,40.0,22.3,56.2,42.7,139.23020833333334
74.2,173.6,43.9,97.7,90.2,97.2,113.5,58.8,38.1,37.7,21.4,31.0,17.8,14.3,58.6,25.5,83.3,47.1,38.5,23.5,54.9,40.7,146.55
79.9,172.0,41.1,102.6,90.2,100.4,117.3,61.3,40.3,39.2,22.0,31.1,17.6,14.9,58.2,25.5,82.6,47.2,39.9,24.1,57.2,41.1,167.08125
109.9,178.6,45.1,119.5,122.9,113.9,127.5,70.4,42.7,41.0,23.7,32.0,17.9,15.3,59.0,25.8,83.5,52.4,38.9,28.0,58.6,43.6,188.62254901960785
87.3,171.1,44.4,109.3,99.7,101.5,117.4,60.3,40.6,40.2,24.1,31.4,18.7,14.8,56.3,24.7,80.5,46.9,40.2,26.4,57.3,41.7,167.29591836734693
65.8,172.4,40.3,92.6,84.6,93.7,109.3,53.0,36.0,34.3,21.2,27.4,17.0,14.5,57.6,25.6,82.1,47.0,40.0,20.8,54.6,41.1,132.67054545454545
98.3,173.6,45.3,110.6,90.8,107.1,122.2,71.6,43.7,40.2,23.0,35.6,18.3,14.0,60.2,29.2,83.7,48.9,40.4,28.3,61.5,41.6,164.56975945017183
63.8,173.6,40.4,92.2,77.8,93.1,108.3,55.7,36.4,35.3,21.6,28.1,17.8,14.4,57.0,26.9,82.3,44.5,40.2,21.3,53.4,38.9,136.37916666666666
129.8,181.0,46.3,124.4,135.6,118.4,125.8,75.3,48.0,46.7,26.3,33.3,19.5,15.0,65.7,29.9,88.1,57.1,39.3,30.0,60.2,42.7,172.55483870967743
74.6,167.8,41.6,100.3,90.9,96.4,113.2,59.8,40.3,40.0,23.0,30.2,17.3,15.0,57.5,25.8,80.3,44.9,37.7,25.3,55.4,39.6,145.32518248175182
80.4,174.6,44.9,104.1,87.7,103.9,117.3,62.4,41.0,36.1,21.6,31.6,17.5,12.6,58.1,26.7,82.4,44.7,37.8,25.1,58.7,38.6,139.62060810810812
77.3,173.6,40.3,99.1,83.6,95.5,110.0,61.0,41.6,41.2,24.2,29.1,17.6,15.3,56.0,25.8,82.3,47.0,38.1,24.3,56.6,39.0,142.58992805755395
98.0,177.4,45.3,115.4,101.3,106.6,126.9,65.3,44.4,39.3,24.2,32.7,18.7,16.7,58.2,26.2,83.0,50.1,39.9,29.7,58.3,44.1,182.43102310231023
79.6,175.0,44.2,100.1,86.4,97.4,114.0,57.5,39.8,38.0,23.7,31.5,17.8,14.8,61.3,27.5,83.3,47.2,41.0,25.7,57.2,41.5,146.27158671586716
106.2,188.0,48.1,107.8,100.4,111.1,129.8,70.3,46.9,43.0,25.0,32.9,19.0,16.4,65.8,31.0,92.3,49.0,43.1,25.3,60.5,46.6,160.47100977198699
79.0,170.3,42.5,105.6,93.3,99.0,116.0,64.7,39.3,38.0,23.4,29.9,17.6,15.1,57.2,26.0,81.1,47.0,39.2,24.3,57.8,41.4,168.66148409893992
100.1,192.1,44.4,109.6,99.5,111.9,123.4,69.4,44.3,44.5,24.2,31.0,18.5,16.0,62.5,28.4,91.6,47.9,42.4,25.3,59.4,43.5,154.4675
84.6,182.6,44.6,102.2,91.1,103.2,117.7,61.9,41.1,38.8,22.2,29.6,17.0,16.0,60.5,27.1,84.8,50.3,40.7,25.6,58.0,42.3,158.26805555555558
74.1,182.2,41.1,91.8,83.4,98.7,112.2,57.9,40.3,37.7,23.1,29.2,16.8,15.8,62.5,27.7,88.1,48.7,42.8,20.7,55.6,42.2,128.7841726618705
59.1,167.9,39.3,86.5,76.6,89.7,102.8,52.4,37.7,36.0,21.4,27.1,16.0,14.1,56.3,25.5,81.9,44.7,39.8,21.2,55.2,36.7,122.48109243697479
82.2,176.6,43.5,105.9,92.4,99.4,117.0,60.2,38.5,36.8,22.6,29.7,17.5,14.1,59.0,27.1,82.6,46.5,40.5,26.7,59.3,39.2,162.4559139784946
64.3,173.5,41.5,91.2,75.8,91.4,110.3,55.9,36.1,34.2,21.7,29.2,17.1,15.4,55.5,25.7,82.2,46.8,41.6,21.3,55.0,40.3,148.41033210332102
87.8,181.2,44.8,105.1,92.1,100.6,118.6,63.0,42.4,40.8,23.6,32.5,18.3,14.2,59.4,27.1,84.6,47.2,39.6,25.7,59.3,41.1,150.14285714285717
79.9,175.2,43.7,101.2,89.4,101.8,116.5,63.7,40.9,38.3,23.4,31.1,17.6,14.5,58.6,26.5,80.1,47.0,38.5,23.3,55.8,42.2,129.05644599303136
81.1,165.3,45.2,107.7,88.0,99.9,119.8,64.0,39.8,37.8,22.6,30.7,17.1,13.9,57.2,27.4,80.0,47.8,38.6,26.6,54.7,39.9,159.08358778625956
109.6,177.4,45.9,119.1,111.2,118.1,127.7,74.5,43.4,42.8,23.4,34.4,18.1,15.0,61.3,26.8,86.2,48.1,40.6,30.8,57.4,43.3,183.8456375838926
68.9,171.4,40.2,95.8,79.8,94.3,109.9,58.5,39.4,36.4,23.0,29.8,16.9,14.2,57.8,27.0,83.2,45.1,39.2,23.9,55.7,39.3,135.9958041958042
82.7,176.4,43.1,100.8,90.0,102.6,118.2,63.1,40.8,40.8,24.6,30.4,17.7,16.5,61.2,27.1,81.0,47.4,38.3,22.8,57.2,43.2,134.85870307167235
88.3,183.2,43.8,103.1,91.4,104.1,122.8,64.9,41.9,38.7,25.0,30.9,18.5,16.5,62.0,28.8,84.6,49.9,42.3,23.1,58.8,45.2,150.3107744107744
89.8,180.0,47.2,111.7,100.1,104.1,120.8,61.4,40.0,39.9,23.4,32.2,17.5,14.2,57.4,25.6,83.0,51.2,41.2,27.3,57.7,42.0,149.67800000000003
112.8,170.4,47.2,122.4,115.5,123.2,124.2,76.4,49.7,44.6,25.7,31.9,17.7,15.7,57.0,27.4,80.6,50.5,37.7,30.8,59.5,42.0,193.76395759717315
94.9,179.9,47.1,118.2,104.9,106.4,126.8,62.4,41.6,40.6,23.5,31.4,18.2,16.3,62.4,27.3,88.2,48.5,43.5,27.8,58.8,44.3,184.82866242038216
76.5,173.3,44.0,102.3,81.3,96.8,116.5,56.3,38.0,38.5,22.7,30.0,18.2,15.4,61.4,27.9,82.2,44.6,39.6,24.8,58.4,42.3,147.6093425605536
105.9,177.5,46.9,117.0,111.3,118.9,125.0,73.8,45.2,41.6,24.7,30.8,17.6,14.3,57.8,25.9,84.3,49.0,37.9,28.1,57.7,42.4,172.875
55.7,165.0,41.0,91.7,75.8,84.7,104.6,50.5,33.4,34.5,19.9,26.8,15.5,14.0,53.0,23.7,78.2,43.3,38.6,19.9,54.4,38.4,128.92140221402215
91.0,168.8,43.7,108.2,101.4,108.2,115.8,69.0,43.7,42.8,24.0,32.4,17.4,14.5,56.0,25.4,78.3,44.5,36.6,25.9,59.5,39.3,162.8428093645485
85.2,168.2,44.8,111.3,106.1,103.2,116.2,60.6,39.4,39.3,22.2,31.5,17.2,13.4,53.9,24.2,77.8,50.2,39.1,25.8,56.2,38.9,171.37251655629137
90.3,171.5,44.5,109.9,104.5,108.9,118.0,67.8,41.5,36.5,24.3,30.2,17.9,13.9,54.6,26.0,82.3,46.2,40.7,26.3,57.1,39.1,162.5444055944056
95.6,169.1,44.8,111.6,105.5,105.0,126.6,65.1,43.5,43.3,25.0,31.8,18.5,15.3,54.5,24.7,79.2,49.8,37.5,26.7,58.6,42.5,185.23298969072167
87.5,175.8,44.0,115.7,95.6,103.5,124.1,63.1,39.7,40.6,23.3,33.4,18.7,15.5,58.6,26.9,86.5,42.8,39.9,26.9,57.1,43.4,156.89881305637982
104.6,184.4,47.0,117.3,99.3,108.3,128.7,69.3,43.7,42.2,24.7,34.8,18.6,15.6,60.0,27.8,89.5,48.8,43.3,30.6,57.0,43.0,188.23479729729732
85.9,182.0,42.9,106.3,92.8,102.9,121.5,60.6,39.7,40.8,22.2,31.7,18.1,15.9,63.7,27.9,88.2,45.7,43.1,24.4,59.0,43.6,150.96677524429967
78.4,174.5,42.1,105.7,91.0,96.6,116.8,59.4,37.6,35.7,20.5,29.6,16.7,14.7,58.3,26.3,84.0,45.2,40.7,25.9,58.2,41.2,157.07167832167832
74.8,184.8,42.5,97.0,83.3,94.4,116.8,55.9,36.4,36.2,22.5,30.3,18.2,15.9,64.7,28.2,87.7,46.7,42.7,21.0,57.1,42.7,128.4935064935065
103.6,176.8,48.1,122.3,106.7,107.2,129.3,65.5,41.4,39.6,22.7,32.9,17.2,14.1,57.5,26.5,81.6,47.7,42.1,28.9,58.7,44.2,195.68
82.8,176.9,42.0,106.5,90.2,98.7,118.0,60.4,41.7,39.6,22.7,31.5,17.8,15.3,57.3,26.3,85.4,50.9,40.9,25.4,55.3,40.2,167.1508474576271
85.7,181.8,44.5,109.2,97.5,101.4,116.3,60.3,39.9,37.1,21.7,29.9,17.7,16.3,62.0,27.7,86.3,51.4,41.8,26.1,57.6,42.4,150.3272727272727
74.5,167.3,42.7,96.6,88.7,98.7,112.1,61.8,39.0,38.7,22.1,31.3,17.0,12.1,54.5,24.9,79.2,45.7,38.2,24.1,55.9,37.6,128.8
87.1,172.4,47.1,109.0,96.5,99.2,123.1,59.9,41.3,40.1,22.4,31.8,17.7,14.4,56.7,24.3,78.0,50.5,38.9,27.4,55.1,41.9,162.76845637583892
73.5,172.2,44.3,102.2,80.4,94.4,117.6,60.3,39.4,37.4,22.6,28.6,18.9,14.5,58.7,25.6,81.8,45.5,41.4,22.2,57.4,41.2,157.88372093023256
78.3,176.1,44.4,103.5,94.0,96.4,113.0,59.3,40.4,38.2,21.7,30.4,16.9,14.1,61.4,27.5,84.7,46.1,39.8,23.8,55.2,40.3,147.20777027027026
90.3,176.1,44.4,112.6,99.9,100.4,118.3,62.4,42.0,41.7,24.0,32.2,18.3,15.2,55.1,24.6,84.6,51.0,38.3,26.7,57.4,41.2,161.7777108433735
64.2,169.3,39.8,97.3,81.9,87.3,107.2,51.8,37.7,34.8,20.4,28.6,17.4,13.3,58.7,25.9,83.2,44.2,39.6,23.7,58.4,38.4,146.69274809160305
82.4,168.6,42.2,102.0,94.7,101.8,118.4,63.9,43.3,39.5,24.4,32.6,17.6,15.3,53.6,24.9,82.1,50.2,38.0,25.1,56.3,40.0,162.5512367491166
69.0,168.3,42.9,99.2,86.7,91.6,109.1,56.1,35.5,36.0,21.0,28.3,16.5,13.2,54.4,25.5,75.8,45.7,37.3,24.3,57.0,38.0,159.46867924528303
76.9,168.8,42.7,104.0,87.2,93.7,118.4,58.4,38.2,38.4,21.7,29.0,16.3,14.5,54.9,25.0,76.4,47.6,39.0,24.1,55.7,42.0,160.38095238095238
88.1,176.4,42.3,107.9,95.6,103.1,117.4,63.2,41.0,40.0,24.0,32.9,17.7,15.0,58.0,26.1,84.1,45.9,39.9,27.3,57.4,41.2,154.1949324324324
86.2,180.2,44.4,106.4,93.3,102.2,116.7,61.2,43.0,40.3,24.0,32.4,18.3,14.1,60.7,27.6,86.0,47.5,43.7,25.0,57.3,42.1,153.25827814569536
80.7,188.1,43.6,98.8,91.3,101.4,117.1,56.2,38.4,37.7,22.6,28.2,17.2,15.9,64.5,28.2,90.3,49.2,44.0,23.7,56.4,42.4,154.18269896193772
92.4,168.2,44.5,121.3,107.0,107.6,125.9,66.3,42.8,40.8,24.5,34.3,18.6,15.5,55.3,24.9,78.5,45.2,36.6,30.3,55.3,43.0,190.8858934169279
101.5,179.9,46.8,110.4,106.0,112.7,124.2,68.1,46.2,42.8,24.7,32.9,18.4,16.0,59.2,26.3,87.6,47.1,41.6,28.1,57.9,43.7,161.35384615384615
110.2,184.1,47.7,112.3,111.1,115.2,124.8,74.3,46.6,42.8,25.5,32.3,18.5,14.8,61.2,29.1,91.2,49.0,43.5,29.0,59.1,43.0,175.11186440677966
77.1,177.6,42.7,101.1,89.7,99.1,114.6,60.0,39.1,35.2,22.6,29.8,17.5,13.7,58.5,25.4,87.5,46.9,41.6,23.4,56.3,40.8,141.0536082474227
99.5,173.4,45.4,109.5,103.8,110.6,122.0,70.7,47.0,43.4,23.6,32.2,18.0,15.8,59.1,26.7,84.0,46.3,40.0,26.7,58.6,42.4,170.90878378378378
63.5,175.9,40.3,94.6,76.6,85.5,111.3,50.5,36.5,33.7,21.2,27.7,16.6,14.8,57.7,26.2,85.1,47.0,42.0,22.4,58.4,40.9,141.5645390070922
105.6,182.7,45.7,114.0,98.7,115.4,126.7,73.6,47.8,42.5,23.7,32.9,18.9,16.0,62.5,27.9,90.5,45.8,43.2,27.7,60.3,44.5,170.04682274247492
109.2,183.5,47.4,129.7,106.8,107.1,136.8,67.2,42.4,45.2,25.3,34.6,18.7,17.1,58.3,27.0,90.6,47.3,42.7,31.1,58.4,46.6,187.88317757009347
73.1,174.4,45.4,104.2,85.5,93.4,119.3,54.3,36.1,37.4,22.5,30.1,17.6,15.9,58.6,25.8,83.7,45.0,38.8,24.2,54.8,43.5,158.10902777777778
83.4,177.2,42.1,104.1,96.1,105.9,116.6,64.9,41.8,39.1,22.3,30.3,17.7,15.1,56.1,26.0,82.9,49.3,39.2,26.2,57.2,42.7,139.2887323943662
73.7,165.0,44.6,100.8,83.5,95.7,115.8,60.9,38.1,37.3,22.3,32.3,17.2,13.4,55.2,25.0,80.8,43.3,39.2,24.7,55.8,39.2,156.63884892086332
80.3,174.5,45.7,101.7,83.4,98.3,116.5,58.2,40.3,38.3,23.3,31.1,17.8,14.3,55.6,25.2,83.3,49.1,41.1,23.6,57.7,41.8,150.38262295081967
83.2,180.5,45.3,102.8,85.7,100.2,123.2,59.9,39.3,38.6,23.8,31.3,17.9,16.7,61.3,29.0,89.5,46.8,43.4,24.7,56.8,43.8,166.54336917562722
66.1,166.0,41.7,93.6,79.8,89.3,110.7,55.4,38.9,39.2,22.3,29.7,16.1,14.2,55.3,25.3,82.2,46.5,40.2,24.5,57.0,38.9,144.28458498023716
102.9,182.4,44.0,116.1,101.2,106.8,127.6,69.2,44.0,43.7,24.3,33.9,19.2,16.1,60.5,28.1,90.8,45.9,42.4,28.8,57.4,43.9,160.13793103448276
108.1,185.7,47.7,117.8,109.5,111.0,125.0,67.1,45.0,41.3,22.3,33.1,18.2,16.0,61.1,27.0,87.7,51.1,43.5,31.3,58.7,44.1,176.50431893687707
103.4,179.0,44.9,107.2,102.3,115.6,122.0,73.8,48.1,48.7,26.7,33.9,18.7,14.5,58.0,25.2,83.8,48.1,38.4,25.2,57.3,41.5,164.62857142857143
81.3,180.7,42.0,106.8,93.7,97.5,118.6,58.2,40.4,36.8,22.1,31.7,17.8,16.2,62.0,27.1,90.9,49.0,44.1,25.6,56.4,43.3,152.41986754966888
69.6,174.6,42.1,97.9,84.0,92.8,111.4,58.2,39.0,36.2,21.3,28.6,17.4,15.3,59.2,27.7,86.9,46.8,40.3,23.5,55.6,41.7,127.77389705882354
81.7,167.6,43.9,105.1,97.1,105.9,118.5,65.6,40.2,39.0,23.3,31.8,17.2,14.1,56.5,25.5,81.2,44.7,38.2,24.7,57.3,40.1,168.08801369863016
91.9,178.9,46.6,104.9,96.3,103.2,127.6,64.7,41.4,37.8,22.2,33.3,18.8,15.5,61.6,27.7,88.0,48.2,42.1,23.8,59.0,44.7,162.4921568627451
107.0,178.5,46.5,117.9,122.2,115.2,120.0,70.7,44.5,41.4,23.0,33.1,19.1,14.4,63.7,27.4,87.5,51.0,39.6,29.8,57.8,40.5,172.3752475247525
106.1,182.9,47.7,113.7,117.1,113.7,115.2,67.9,44.4,42.7,24.3,31.5,19.1,13.1,59.8,27.3,89.2,54.3,41.6,29.4,60.7,39.8,168.40103092783505
75.5,168.0,42.8,95.8,89.4,101.4,113.4,63.7,40.1,42.3,23.3,28.8,17.4,14.7,55.6,26.1,77.3,47.1,36.8,22.6,54.5,41.2,155.62911877394635
86.2,176.4,46.0,107.7,99.4,101.6,116.7,64.6,42.7,38.6,21.6,29.8,17.1,13.3,59.7,27.5,86.3,47.0,39.5,26.3,60.0,41.0,163.92573529411763
80.4,168.2,44.1,106.1,103.4,98.4,109.6,57.7,38.4,35.0,20.7,29.8,17.2,12.5,57.6,24.7,81.5,49.2,41.1,26.3,54.5,37.8,162.58489208633094
96.5,176.4,46.0,111.5,106.6,107.1,125.3,65.5,42.1,41.3,22.6,32.0,18.7,14.5,58.4,27.3,78.9,51.1,40.3,28.8,59.1,42.3,174.5707070707071
88.0,173.0,42.6,105.2,103.1,102.6,115.7,63.0,44.0,41.0,23.4,31.6,17.5,14.4,56.2,25.7,79.3,51.5,39.2,25.1,56.8,41.0,152.151677852349
105.3,186.7,46.1,119.4,105.2,112.5,125.6,65.7,42.2,40.0,23.4,33.6,18.2,15.1,63.2,28.1,89.4,47.6,43.7,29.4,58.3,43.0,161.30124223602485
70.8,167.3,44.1,100.5,86.1,91.9,114.2,56.4,39.4,34.8,21.8,30.0,17.8,14.2,57.8,25.8,78.5,46.2,38.7,23.7,56.8,39.2,149.8684210526316
125.4,191.2,49.2,131.2,114.0,114.5,137.2,75.5,45.1,46.6,24.7,34.7,19.0,16.8,67.6,31.1,92.1,51.3,44.1,32.6,59.3,46.8,196.2018237082067
75.8,173.4,43.3,105.0,89.6,99.1,112.7,59.2,37.8,35.4,21.2,27.8,16.8,14.2,55.8,25.7,80.3,49.9,40.0,27.0,60.3,40.8,176.7169811320755
86.3,167.0,44.6,111.7,100.8,100.1,115.0,61.3,41.8,40.0,23.1,31.1,17.6,12.7,57.4,25.9,76.6,45.8,39.5,26.8,59.3,39.9,168.47161716171615
76.1,173.2,42.9,101.7,83.2,97.1,117.0,58.5,39.5,37.8,22.8,30.3,18.0,14.4,60.0,28.3,84.1,42.3,39.9,24.8,57.5,41.4,151.82357142857143
94.7,180.5,45.7,110.4,108.9,106.3,118.7,65.5,42.4,40.4,23.7,32.8,18.0,14.0,60.5,26.2,87.8,50.8,41.9,26.2,56.4,41.7,158.67781350482318
68.3,170.5,40.4,96.7,79.6,92.2,108.8,56.3,36.8,38.4,22.2,30.1,16.7,14.2,55.8,25.4,79.9,48.2,38.5,22.7,57.7,39.5,150.79272030651342
81.2,168.9,44.7,107.5,95.6,98.5,117.1,61.6,39.5,36.4,20.7,32.0,17.0,13.8,53.0,25.2,75.3,48.0,38.8,25.2,56.9,40.3,167.6706484641638
85.4,177.5,43.0,105.4,96.6,101.6,111.8,62.2,40.7,40.2,23.3,31.5,18.0,11.8,58.9,26.2,84.3,46.5,39.8,26.8,57.6,39.3,144.87972508591065
97.4,180.9,47.0,113.7,105.0,104.2,126.0,65.1,42.5,41.1,23.3,32.8,17.7,15.3,64.3,27.4,88.5,46.6,43.9,28.6,60.1,43.9,178.83278145695363
96.8,180.8,50.1,108.3,105.5,107.9,124.3,65.9,42.7,40.6,23.7,33.5,18.2,14.5,57.9,26.4,87.0,49.6,42.3,24.5,60.6,43.9,169.8259136212625
71.7,171.3,42.7,96.2,85.9,95.7,115.4,57.3,38.2,37.1,21.4,30.7,17.4,15.4,57.2,26.3,79.5,44.1,41.0,23.6,56.6,42.9,146.31178707224333
82.1,174.8,43.2,101.1,96.6,99.3,116.3,61.1,39.3,39.6,20.5,30.9,17.5,15.7,57.0,25.7,81.6,48.8,39.4,24.9,54.6,39.8,159.7804195804196
100.8,171.1,48.9,118.8,103.6,108.4,123.7,66.1,44.7,43.8,23.8,33.9,18.7,14.9,54.7,25.4,80.0,50.0,37.7,28.9,58.7,42.6,174.26498422712933
100.4,182.2,46.5,114.0,105.4,108.2,118.8,70.2,43.2,42.0,22.8,32.8,17.7,15.2,64.0,28.8,87.1,48.7,42.9,27.8,56.6,42.5,158.54304635761588
85.5,174.4,44.8,103.8,96.8,102.4,119.1,61.1,43.0,42.4,24.2,31.9,18.9,15.7,59.8,28.0,81.9,48.5,38.7,24.1,59.1,42.9,146.64362416107383
83.2,186.7,45.0,101.4,94.5,99.9,116.6,57.3,40.0,38.1,21.1,30.0,17.0,14.5,67.7,28.6,93.6,47.5,44.2,24.5,58.0,42.7,140.04545454545453
111.4,192.3,47.5,119.0,106.8,110.6,132.2,69.4,44.4,41.3,24.1,34.7,19.0,17.0,63.8,28.4,95.1,51.5,44.9,26.6,58.8,47.0,176.05
81.4,167.6,44.0,106.1,101.4,101.6,114.4,63.3,41.7,38.4,21.8,31.3,17.3,14.8,54.9,24.8,77.5,48.4,36.4,25.4,58.9,40.9,163.23076923076923
88.1,176.2,42.6,113.4,100.1,106.6,118.0,64.4,42.2,41.0,23.0,29.9,17.4,15.3,59.8,27.6,83.1,48.5,39.1,27.2,57.1,42.7,169.18842443729903
91.9,171.7,45.6,114.2,106.5,103.1,122.1,61.9,42.0,40.3,22.0,32.2,17.9,14.7,59.0,26.8,80.1,49.5,39.0,28.1,57.1,41.9,165.83498349834983
117.9,175.1,48.9,120.2,119.4,117.9,134.7,74.5,46.3,47.0,24.4,36.8,19.6,15.1,58.3,27.4,81.7,48.7,39.2,30.1,60.0,44.5,196.8323624595469
103.5,173.0,44.4,117.6,117.0,110.4,122.5,69.4,46.4,41.8,23.4,32.7,19.0,14.8,57.5,25.3,80.9,50.8,40.4,28.8,57.8,41.6,184.3664516129032
121.3,175.9,49.8,126.1,118.2,121.6,130.1,80.9,53.0,48.9,26.8,34.3,19.0,14.6,58.5,27.7,85.6,47.4,40.4,30.8,61.8,44.1,
68.1,168.1,40.8,96.8,89.5,94.2,108.1,55.9,38.1,35.7,21.0,27.9,16.4,13.3,56.4,24.8,79.5,43.7,39.0,21.7,54.4,37.8,137.13333333333335
105.1,178.1,44.2,117.0,107.6,107.9,122.6,68.2,44.9,46.7,26.7,34.3,19.1,15.4,60.0,26.7,81.6,48.3,39.8,30.1,56.6,42.5,178.30479452054794
65.8,172.4,40.6,96.1,80.4,88.5,108.8,52.6,35.9,36.0,21.7,30.0,17.5,14.0,55.3,24.1,81.4,44.8,41.4,22.9,57.3,38.4,132.1375
95.6,184.7,44.7,111.3,101.2,107.8,122.7,63.8,44.4,44.2,23.8,32.0,18.6,16.7,63.1,28.1,85.8,47.4,42.2,25.9,58.3,44.4,157.1931818181818
86.7,176.0,42.7,106.1,102.2,103.2,119.0,63.0,41.1,38.7,20.5,30.7,16.8,16.2,60.5,27.5,86.9,49.2,40.5,25.9,55.8,42.0,162.88591549295774
103.8,178.5,49.6,118.3,111.4,112.4,121.2,65.4,45.7,42.3,23.7,34.9,19.4,14.9,58.2,26.6,84.2,51.2,38.6,27.8,57.4,42.2,180.81304347826088
81.3,180.5,45.3,96.2,88.5,103.5,112.4,56.8,39.7,35.6,22.4,30.3,19.2,14.5,57.6,25.8,85.5,48.5,42.3,25.6,58.3,41.3,144.85714285714286
97.8,178.1,46.0,115.7,108.4,109.4,122.3,64.8,45.0,42.7,23.4,32.6,18.6,15.2,59.0,26.5,85.9,48.9,40.7,28.5,58.0,43.3,188.8573883161512
76.4,166.1,40.6,106.2,100.0,98.6,108.1,57.5,40.3,37.3,21.8,29.0,17.0,14.6,58.5,26.5,77.2,48.8,39.6,26.3,55.7,38.0,142.83344947735193
97.2,176.0,46.2,114.3,107.3,109.8,127.9,67.2,42.7,40.6,22.8,32.3,18.0,15.0,56.3,25.7,81.5,47.5,42.3,27.9,58.9,43.3,174.24234527687298
93.4,167.9,44.1,112.2,99.1,103.4,125.2,66.1,42.2,40.0,22.4,32.8,18.2,15.5,53.6,26.6,74.9,43.8,39.0,26.2,59.6,43.2,164.15112540192928
96.2,181.9,48.0,110.8,103.5,106.5,119.1,63.9,41.0,42.3,23.5,32.0,17.2,13.9,58.3,26.2,82.7,49.4,41.5,26.2,60.3,41.8,157.24092409240924
84.0,171.9,44.9,107.1,94.7,101.2,116.4,64.4,41.7,38.0,22.8,30.6,18.1,12.9,55.9,26.6,82.9,47.4,39.7,26.2,58.7,40.6,152.73711340206188
89.5,173.0,43.5,110.8,98.1,105.3,120.1,67.1,41.9,38.0,23.0,31.9,17.4,14.3,58.1,27.9,80.4,46.6,39.6,27.0,60.5,41.1,157.2162162162162
91.9,170.2,43.9,114.9,105.1,102.7,123.0,63.2,41.7,38.6,23.3,30.6,17.4,14.6,58.5,27.2,82.3,47.0,41.6,26.6,57.8,41.4,180.1135135135135
92.9,179.6,46.6,107.3,102.3,105.2,119.0,65.7,44.6,42.6,24.0,32.0,18.2,15.1,61.0,27.9,86.0,48.8,42.4,25.9,60.2,42.3,158.94949152542372
119.8,181.8,49.5,127.4,113.7,110.3,133.9,68.2,48.0,47.5,25.5,35.7,18.8,15.9,55.7,27.3,83.2,52.4,39.9,30.7,61.5,44.5,184.8250746268657
75.2,169.5,43.5,104.6,88.9,93.7,113.0,56.6,37.0,37.8,21.7,29.2,17.9,13.9,57.7,26.2,79.7,43.6,39.9,24.4,55.6,40.8,140.80769230769232
95.4,178.0,45.4,116.8,100.2,106.5,119.6,67.1,42.4,42.3,23.3,30.7,18.2,14.1,59.8,28.1,87.9,47.3,40.9,28.1,59.9,40.9,185.25562913907285
109.3,184.8,46.8,115.8,107.4,112.9,125.4,68.7,45.3,43.0,24.8,34.0,19.0,14.7,62.6,28.7,90.0,51.4,42.8,27.7,57.7,44.3,162.33644859813083
105.7,185.1,46.7,115.1,108.0,110.5,128.2,70.9,42.2,41.5,23.6,32.5,18.8,15.5,60.5,28.0,87.6,49.2,41.3,29.6,59.6,43.7,165.1089655172414
102.5,166.6,47.9,117.1,113.2,114.0,127.1,72.4,44.6,43.5,24.3,35.7,19.2,14.6,56.2,25.3,77.1,48.1,38.5,28.1,59.3,42.2,171.06475903614458
86.5,176.8,43.1,105.9,102.6,105.8,119.3,65.3,41.8,40.5,22.2,28.8,17.4,14.7,57.7,26.1,82.8,46.7,39.9,23.8,54.5,41.7,155.6151125401929
99.7,179.0,48.0,112.9,106.2,106.3,128.3,68.1,41.3,39.7,22.5,33.9,16.6,14.2,60.3,27.5,85.0,49.7,42.9,26.3,57.8,43.8,178.26315789473685
97.2,170.2,46.5,120.9,108.7,110.3,124.5,69.5,44.6,42.2,23.6,31.8,17.2,13.8,55.6,25.0,78.7,46.8,37.4,29.1,56.8,41.7,187.77281250000001
113.7,187.7,45.2,119.4,100.4,115.2,133.1,72.9,47.1,42.0,24.3,34.7,19.8,15.5,62.6,27.5,89.1,50.4,42.3,30.1,57.2,44.7,185.73333333333332
84.5,178.0,46.1,108.8,96.1,96.8,116.5,59.1,39.0,38.3,23.4,32.0,18.0,14.8,61.2,27.8,85.7,49.8,42.3,28.0,58.5,41.8,162.46486486486486
77.1,175.2,44.0,98.2,88.2,94.5,118.5,62.0,39.2,37.0,21.7,32.8,17.7,14.9,59.5,28.4,88.3,47.0,42.3,24.7,57.8,41.7,152.67320754716982
84.3,177.6,43.8,104.4,102.3,101.4,113.7,61.1,41.2,39.1,22.3,29.7,17.4,14.0,61.1,26.4,82.0,52.7,41.4,25.0,55.1,40.5,152.25
87.8,167.4,46.0,105.2,106.9,107.2,116.4,68.8,43.4,39.4,22.0,31.3,17.4,13.3,56.0,25.2,77.8,49.2,40.3,26.1,56.7,41.0,166.66093189964158
101.9,172.1,46.2,117.1,118.0,110.7,121.2,69.8,46.0,41.6,24.5,31.8,17.6,14.0,55.9,25.9,78.3,48.8,36.9,27.3,60.2,41.6,164.1522658610272
87.0,171.7,44.3,109.8,99.0,99.5,121.6,62.9,43.3,38.5,23.3,34.5,18.7,15.2,57.0,26.6,81.8,51.0,39.8,26.4,58.0,42.9,148.4467105263158
76.0,170.5,43.5,99.4,90.4,98.1,116.5,60.2,41.2,38.0,21.7,31.9,17.0,14.2,59.7,27.0,83.1,46.6,40.2,24.5,55.6,39.6,150.75055350553507
86.4,169.3,42.9,108.1,103.3,105.4,116.9,62.1,43.4,37.3,22.7,30.9,18.1,15.1,58.9,28.2,81.0,45.7,40.7,26.5,55.2,40.9,173.65
94.6,176.8,46.6,110.2,100.7,104.5,122.6,65.6,40.8,40.8,23.7,32.2,18.1,14.5,60.1,26.3,82.0,47.6,39.0,27.2,59.2,43.0,171.76
101.1,174.0,46.9,118.7,101.1,108.7,127.9,70.1,45.2,43.8,24.9,36.3,18.5,17.0,60.8,27.2,87.7,47.8,41.5,27.5,57.4,46.1,191.53863636363636
87.3,178.0,42.1,111.1,97.9,99.7,120.6,58.4,40.1,38.4,22.6,29.6,17.9,16.3,58.8,26.1,84.2,50.6,40.7,27.1,58.5,42.3,166.45778546712805
73.0,180.3,43.4,98.1,84.0,92.1,116.1,54.3,37.6,38.4,22.3,30.9,17.5,15.8,59.0,26.8,87.3,48.1,40.1,23.4,56.6,41.8,156.25928571428568
71.1,178.5,42.4,99.9,87.0,92.4,111.5,53.8,38.8,36.1,21.1,29.2,17.2,15.2,60.7,26.6,90.2,43.9,42.1,23.5,58.0,41.3,152.17741935483872
99.0,177.6,43.7,117.6,105.8,105.3,124.8,66.2,42.2,40.8,22.2,33.3,17.6,15.8,60.1,27.6,85.5,49.4,41.7,28.8,56.5,43.6,189.26868686868687
100.1,175.5,47.8,116.0,106.3,110.3,121.3,68.0,44.0,40.3,24.5,32.7,18.7,13.8,58.0,25.6,82.2,49.8,42.3,29.0,57.8,41.4,181.006711409396
70.1,159.1,42.4,95.9,96.2,96.8,102.3,57.4,39.2,38.5,23.0,28.7,16.2,12.8,51.7,22.3,73.8,45.3,36.3,23.9,55.1,35.2,152.2892
112.5,186.0,48.6,116.8,115.3,110.9,121.9,68.7,43.2,42.9,25.0,34.8,19.8,14.3,57.2,27.2,83.7,52.1,41.4,31.1,57.2,40.5,180.86421404682275
69.9,174.3,43.1,100.8,82.9,93.4,116.0,55.9,37.8,35.3,20.7,32.7,17.2,14.2,55.8,25.0,82.6,47.7,38.8,23.5,55.7,40.2,159.71830985915494
76.5,174.4,41.6,102.7,89.5,99.6,111.6,59.7,37.1,38.2,21.8,29.7,17.1,14.6,57.1,26.3,83.1,44.6,39.6,25.1,56.3,38.1,160.46875
100.7,179.0,50.0,115.5,110.6,105.1,124.8,63.2,42.5,39.5,22.4,31.7,17.5,14.0,58.5,27.3,84.6,50.2,40.4,28.3,58.8,43.3,176.25
103.4,179.9,45.7,120.4,110.1,110.9,128.1,67.9,42.5,40.4,23.3,33.2,18.3,16.5,57.0,26.0,86.3,51.9,39.7,27.4,57.7,44.3,182.75
103.2,173.0,47.6,116.6,106.5,107.9,131.7,67.7,42.1,41.4,23.8,38.0,18.6,15.8,58.9,25.6,80.1,48.7,40.5,28.6,60.3,44.5,182.37435897435898
65.6,168.2,42.2,94.1,83.8,92.1,110.8,55.9,36.8,35.3,21.1,30.5,17.2,14.1,54.5,24.7,79.2,43.6,38.0,23.1,58.8,40.1,140.63672727272728
92.1,173.5,46.0,112.7,98.3,104.4,121.2,67.1,42.3,42.6,25.4,32.0,17.8,14.4,58.9,25.9,82.5,47.6,41.1,27.3,57.4,43.0,152.03867924528302
105.2,172.8,50.2,125.1,116.3,110.0,127.9,63.1,42.5,42.3,24.4,34.8,18.9,14.6,59.9,25.3,81.0,49.2,41.5,29.1,58.7,43.4,188.22385321100919
63.2,169.2,39.8,96.8,82.6,87.5,110.4,49.8,34.7,32.5,19.3,29.7,17.7,13.8,55.7,26.6,81.9,42.8,40.2,22.2,56.3,39.4,134.79317406143346
67.1,183.4,41.9,94.1,78.2,91.1,109.3,52.3,36.3,34.8,22.0,28.9,17.7,14.5,60.4,27.2,90.0,46.3,42.2,21.9,55.5,40.1,147.48036363636365
102.6,185.3,43.5,114.1,103.9,113.7,124.9,70.3,45.3,41.8,24.3,33.7,17.8,16.9,62.5,26.7,87.5,50.1,41.5,27.7,58.7,44.9,179.8158227848101
97.4,172.2,48.2,115.0,109.0,105.3,122.1,65.1,42.1,42.2,24.7,32.5,18.7,13.8,58.3,25.3,80.3,49.6,39.2,28.5,58.1,42.8,165.08064516129033
75.2,174.0,42.6,98.7,90.9,92.5,114.1,53.7,38.8,38.3,22.2,29.7,17.9,15.1,58.2,27.0,83.7,48.3,40.2,23.5,57.8,41.5,138.99965397923876
85.6,170.7,46.1,109.0,103.5,102.6,118.0,62.6,40.4,37.3,21.8,30.8,17.2,13.8,55.0,24.4,77.4,47.8,40.7,24.4,58.2,41.1,155.22151898734177
72.4,177.1,42.1,92.2,84.7,95.4,112.6,55.8,37.3,36.6,21.3,31.5,18.3,15.5,61.5,27.4,82.5,48.3,42.2,23.0,55.2,41.3,127.45294117647059
87.4,180.3,43.2,105.3,98.1,100.8,118.5,64.9,43.6,39.2,22.2,30.1,17.4,14.4,59.6,27.4,83.4,49.7,41.2,23.2,57.9,42.1,153.19565217391303
99.5,180.5,46.8,113.6,104.6,113.9,119.5,70.6,41.7,43.4,23.3,32.7,18.3,13.8,60.2,27.9,85.2,47.8,42.3,28.4,58.4,41.4,168.86486486486484
94.6,181.5,46.5,116.4,102.5,103.8,124.6,62.4,41.8,39.5,23.3,32.6,18.7,14.8,60.3,26.3,83.8,49.5,41.6,27.2,58.7,42.9,172.8147239263804
103.9,188.2,45.3,104.3,106.7,112.6,120.4,69.8,43.7,41.2,26.7,32.3,19.7,14.6,62.5,28.3,92.7,50.5,45.5,25.6,59.9,42.9,144.64963503649636
93.2,175.4,42.5,108.8,98.9,108.2,118.5,67.9,42.4,42.4,23.9,32.7,17.5,14.3,59.3,27.0,84.4,46.4,41.3,26.5,57.8,41.5,140.3986798679868
75.9,166.8,43.2,105.3,93.6,99.4,116.6,57.2,38.7,38.0,21.3,29.7,17.2,14.8,52.5,23.3,80.2,45.5,38.2,26.7,57.3,39.9,164.2090909090909
85.3,183.5,45.3,106.4,88.6,99.6,126.5,61.1,39.4,37.0,21.6,30.9,17.4,18.2,63.0,29.3,90.5,47.1,43.7,25.5,59.4,46.9,139.80887372013652
103.2,182.9,45.5,116.4,99.4,111.7,123.6,69.0,44.4,44.2,25.3,31.8,18.2,15.6,59.1,27.8,84.3,45.6,40.7,28.0,60.0,43.3,175.14392523364486
107.8,182.7,45.1,111.9,110.4,116.8,117.3,74.8,51.3,46.1,24.7,31.7,17.8,15.6,62.9,28.5,87.2,52.0,40.6,28.6,57.2,42.4,153.53720930232558
96.2,178.5,44.1,105.5,102.7,113.2,116.9,69.4,44.0,43.8,25.8,32.3,18.6,14.5,61.7,27.7,86.2,48.5,40.1,25.1,59.4,40.8,152.63058419243987
96.1,171.5,44.2,114.2,108.7,110.2,121.2,68.8,42.2,44.7,24.9,32.4,18.1,15.7,55.8,24.8,81.5,48.2,38.3,28.4,56.8,41.2,183.0439716312057
76.2,182.7,41.8,98.2,86.4,97.3,116.2,56.4,38.8,37.7,21.8,29.3,17.6,15.9,57.0,26.6,86.8,46.6,41.9,22.3,56.9,42.6,143.89702970297031
71.2,179.6,43.1,99.7,81.5,91.3,116.0,54.1,40.4,35.4,22.7,28.1,16.6,15.1,62.7,28.0,88.8,46.4,42.4,22.3,56.4,42.8,148.3508591065292
78.6,169.3,43.8,108.2,92.4,97.5,117.7,60.0,41.3,40.1,22.1,30.6,17.3,13.4,52.9,23.3,80.4,46.1,37.7,25.2,56.9,39.5,170.08280701754387
81.8,171.3,41.5,111.2,90.5,94.2,121.3,61.3,39.9,39.0,21.5,33.2,17.5,15.3,59.7,26.0,81.5,47.8,37.3,28.6,58.4,42.4,181.58501872659176
76.0,182.3,41.0,93.2,91.8,96.8,108.5,57.9,37.4,37.0,22.0,29.7,16.5,14.2,57.3,26.3,85.2,49.4,41.9,22.4,57.4,38.4,148.5593984962406
95.2,184.2,45.0,110.9,101.3,101.3,119.0,60.5,42.6,37.1,23.7,31.3,18.6,14.8,64.5,28.8,87.0,47.3,41.3,26.6,58.0,43.2,159.0193220338983
76.4,167.3,44.1,105.3,97.4,93.5,106.7,57.3,38.7,36.1,22.2,30.5,17.0,11.5,57.8,25.5,78.7,46.1,38.8,25.2,59.0,37.3,158.90727272727273
100.1,177.1,49.0,116.6,110.8,103.6,125.9,63.7,40.7,40.3,22.4,33.2,18.8,15.5,58.0,25.8,85.7,51.4,40.6,28.8,58.3,44.3,189.37973856209152
75.8,172.9,44.2,97.3,81.5,98.1,115.3,62.4,40.4,37.7,21.9,31.3,18.3,14.0,57.8,26.5,80.8,45.2,38.9,22.7,56.6,42.3,138.2684210526316
92.1,183.3,46.3,111.7,103.2,103.2,123.7,58.7,40.2,37.5,22.4,32.6,18.7,14.8,61.7,27.0,89.2,48.7,42.9,25.8,57.0,42.0,168.22289156626508
84.5,172.4,44.3,107.6,92.5,100.8,121.5,63.9,42.2,39.8,22.7,31.7,17.4,15.4,59.9,27.7,82.2,46.5,38.2,26.0,56.1,43.6,160.27916666666664
92.8,176.5,45.2,114.2,100.0,105.0,123.7,65.1,41.7,39.9,22.3,32.2,17.1,14.8,58.3,25.4,84.7,45.8,42.3,27.8,58.4,42.4,179.51045751633987
91.3,173.0,46.0,114.0,101.4,102.8,120.6,63.3,40.7,38.3,21.8,32.4,17.1,13.5,63.2,28.1,86.3,46.0,42.4,28.1,59.3,41.0,164.89285714285714
96.6,169.4,46.1,111.4,100.9,109.7,125.4,68.2,43.4,41.6,22.8,34.9,17.7,14.5,59.4,28.0,80.5,46.3,40.2,28.0,56.9,43.1,178.1623693379791
79.8,166.8,42.7,104.1,94.8,96.8,118.4,60.0,39.0,39.7,24.5,33.6,18.7,15.7,55.1,24.8,78.3,45.9,38.7,26.0,55.3,40.5,164.88566433566433
91.5,180.3,46.4,115.2,88.5,100.5,129.1,62.2,40.2,37.2,22.9,34.5,18.9,16.3,61.6,28.3,88.6,43.8,43.8,28.3,56.9,44.1,188.77935483870968
95.5,181.4,45.5,110.6,97.7,106.7,121.3,65.1,42.7,39.9,22.8,33.1,18.5,14.9,60.0,26.8,86.7,48.4,42.1,26.4,56.9,42.5,173.68873239436618
114.6,179.6,48.8,121.3,118.5,114.5,126.3,69.6,44.4,42.5,24.9,32.1,18.3,14.9,59.1,27.0,83.1,53.3,41.8,28.8,58.7,42.7,182.8830769230769
114.2,181.1,46.8,127.7,114.6,113.7,130.3,68.8,45.2,45.0,25.4,35.8,19.1,16.7,59.2,26.5,85.8,49.2,42.4,31.9,57.7,43.9,187.07643312101908
69.8,177.1,41.8,97.7,85.7,92.7,111.0,54.7,38.7,34.6,21.3,29.0,17.4,14.4,60.0,27.2,86.5,44.8,42.5,24.0,57.8,40.3,144.79280575539568
95.1,182.6,45.7,106.2,99.3,107.4,119.2,67.5,40.4,40.9,23.4,31.0,17.7,15.8,63.5,27.1,89.1,49.8,42.4,26.7,57.7,42.3,169.26757679180886
102.1,178.5,47.4,114.7,116.8,115.1,114.0,69.5,41.3,40.3,23.8,30.5,17.5,13.2,60.7,26.2,81.1,53.9,40.9,27.5,57.8,40.8,170.60072202166066
83.6,171.7,44.5,109.0,95.3,101.5,118.5,60.9,40.1,36.3,21.5,31.4,17.7,14.0,55.4,24.9,79.7,47.3,35.3,25.3,58.0,40.9,157.28187919463087
108.1,178.1,45.7,114.5,114.2,113.4,127.5,71.2,47.7,42.2,23.8,32.3,18.2,15.8,61.9,29.6,86.6,55.5,41.2,28.2,60.0,44.8,173.08139534883722
84.5,171.8,45.6,107.1,99.0,99.8,121.0,60.4,40.4,38.3,21.6,30.0,16.8,14.6,53.8,24.9,79.0,47.7,36.8,26.1,56.6,42.0,165.21911262798636
91.1,179.7,44.0,107.9,93.5,103.7,124.6,63.2,41.6,43.0,23.8,33.9,18.2,15.4,57.7,26.3,83.1,44.4,41.7,25.3,57.2,44.2,162.93624161073825
97.4,181.7,46.6,113.0,106.8,101.4,123.5,65.8,42.4,37.0,21.3,30.7,17.6,15.0,60.6,27.2,82.7,48.4,37.9,27.2,59.0,43.8,173.53571428571428
90.9,176.7,45.9,113.7,96.5,101.8,124.4,61.1,40.7,40.3,23.3,31.3,17.3,15.8,59.9,27.6,83.2,46.7,40.5,26.9,57.7,43.5,161.26836734693876
86.7,182.2,43.8,107.1,91.5,101.8,125.2,63.1,40.3,36.6,23.0,33.0,18.0,14.8,62.8,28.8,92.4,45.6,45.2,24.0,57.3,43.9,171.86655405405406
59.4,166.5,39.5,91.2,79.3,90.0,107.0,51.4,34.4,34.3,19.7,25.9,15.9,14.4,55.3,25.5,78.0,46.1,39.1,20.3,56.8,39.8,131.2230215827338
89.2,182.7,42.8,104.2,98.4,101.3,119.5,64.4,43.7,39.7,22.5,31.0,17.8,14.8,61.1,28.3,87.1,50.4,40.6,24.1,56.0,42.5,158.63283582089554
87.9,179.1,41.9,104.9,91.5,107.3,117.5,67.4,43.6,39.5,24.6,32.0,17.5,13.4,58.8,27.2,87.0,47.6,41.0,24.7,58.8,40.5,148.99355932203392
100.7,182.2,46.9,110.8,103.5,111.6,121.8,69.0,45.4,39.4,24.6,32.2,19.0,14.2,63.4,28.3,90.2,46.1,43.4,27.7,56.8,42.2,179.3551839464883
101.6,182.0,47.1,114.2,104.1,111.5,124.8,67.9,43.0,40.3,23.7,33.1,18.1,14.5,61.6,26.9,83.7,50.8,42.2,28.1,60.7,43.2,174.84658385093167
96.9,176.6,45.2,115.3,103.8,106.8,122.6,64.8,43.3,44.0,24.3,31.6,18.6,15.6,61.8,27.6,88.1,48.0,43.6,28.6,59.3,43.3,172.75973597359734
104.7,177.4,48.5,120.6,101.7,110.4,130.3,67.3,42.8,44.0,22.8,36.9,18.6,14.6,59.8,27.8,86.0,45.5,44.4,29.1,58.4,43.6,181.31020408163266
110.0,181.4,50.2,118.2,103.2,110.5,129.9,69.7,43.0,43.3,24.2,37.4,18.7,14.0,62.9,30.3,89.3,52.7,43.1,29.0,57.8,43.5,168.2980132450331
119.2,183.8,52.5,126.1,118.7,112.5,131.1,68.4,44.3,45.2,24.7,35.8,19.7,14.7,62.0,28.3,87.9,55.7,42.2,30.8,58.9,44.5,
80.9,184.2,41.2,98.4,93.9,96.3,117.7,56.2,42.2,35.4,22.7,29.6,19.0,16.7,62.6,29.7,92.4,52.4,44.1,23.1,57.6,43.9,150.53473684210527
78.7,178.1,42.8,102.2,84.6,95.9,120.9,59.7,38.4,34.8,21.7,32.3,18.0,16.3,60.5,29.1,89.4,45.2,42.2,23.9,57.1,42.4,166.20761245674743
74.4,189.3,43.2,94.5,77.1,95.7,115.5,53.1,39.3,34.7,23.7,29.7,19.3,15.0,60.2,27.8,91.0,47.9,43.8,22.1,56.7,42.6,132.68835616438358
125.6,180.1,47.1,130.2,126.0,122.9,134.4,77.8,45.0,45.3,24.7,34.2,18.6,15.8,61.8,28.2,86.1,51.6,41.3,32.0,59.5,43.5,
99.7,189.4,42.9,109.9,99.5,107.3,126.1,67.2,44.7,41.2,23.0,33.5,18.0,16.1,66.3,30.5,94.0,48.0,46.3,26.9,56.3,44.0,179.80238095238093
63.2,160.7,41.3,90.7,82.7,90.3,109.8,58.2,36.4,33.3,19.7,28.4,16.2,13.9,53.0,24.7,77.0,41.3,38.0,21.7,54.7,38.1,147.43127413127414
82.9,183.2,41.9,107.7,93.5,95.0,113.3,56.1,40.2,37.2,23.2,28.8,17.1,14.5,63.8,28.4,90.2,45.5,45.1,26.4,58.2,41.2,161.3623693379791
82.2,172.5,42.8,106.5,99.2,100.5,117.1,61.4,39.8,35.8,20.5,30.2,17.7,14.4,59.6,26.5,81.7,46.9,39.7,24.7,56.7,41.2,152.14285714285717
71.4,184.2,43.0,95.1,79.8,94.6,112.0,52.6,37.3,35.0,21.4,28.9,17.5,14.4,64.0,27.9,90.8,46.4,42.7,22.9,57.3,40.6,147.43920863309353
92.7,173.8,47.5,113.0,102.0,107.1,122.0,62.4,44.0,38.3,22.5,32.8,18.9,14.3,60.0,25.6,80.5,48.1,39.7,27.0,59.0,42.0,158.2
74.6,179.2,44.9,93.9,90.0,95.0,113.6,55.4,37.4,35.5,21.3,29.8,17.5,14.3,61.5,27.2,84.1,48.2,41.2,22.1,57.3,42.1,142.23088235294117
108.3,174.6,45.4,122.8,113.6,117.8,121.5,71.4,43.7,41.7,23.5,33.8,18.4,13.4,59.0,26.9,80.5,49.5,40.4,30.1,58.2,41.4,181.64984025559107
80.0,178.0,44.5,103.2,92.4,90.6,118.1,54.4,37.7,38.0,23.5,30.3,17.7,14.1,61.5,28.1,90.9,48.8,42.1,25.6,58.0,41.3,152.12179930795847
94.0,178.0,43.5,111.8,103.3,105.7,125.7,62.7,42.2,38.8,22.4,34.4,17.5,15.9,59.8,27.5,82.5,50.4,40.6,26.4,57.7,43.5,162.51721854304634
69.5,176.7,41.4,95.1,87.3,93.8,110.8,57.7,38.3,37.3,22.5,28.8,17.3,14.9,59.1,25.9,82.9,46.2,40.2,21.8,55.9,40.8,142.29514925373135
110.5,184.5,48.7,120.7,107.1,112.7,123.5,69.5,47.0,43.7,25.4,35.8,20.5,14.4,62.0,27.8,86.1,47.5,40.4,29.0,59.3,40.8,185.53547297297297
85.0,171.9,47.1,110.0,98.0,94.0,122.9,57.6,39.8,37.3,22.3,31.9,17.1,14.1,58.5,26.1,83.3,46.6,42.3,26.1,56.4,42.6,164.0863787375415
93.6,173.0,45.2,120.7,103.2,102.4,123.1,61.7,41.6,41.3,23.8,34.2,18.0,14.1,60.0,26.3,81.5,44.5,38.8,29.0,56.9,41.7,199.9948220064725
84.1,187.2,43.4,102.6,82.8,98.9,118.7,56.9,39.3,39.8,22.7,32.3,17.8,16.2,62.0,27.5,90.8,47.3,44.2,22.8,56.9,44.0,131.2325581395349
85.5,179.7,44.7,108.9,96.4,99.5,121.0,61.7,40.4,39.5,22.9,31.6,17.8,16.1,60.0,26.4,84.6,50.7,41.6,24.5,59.0,43.0,158.11442307692306
118.3,180.5,48.9,127.7,119.2,112.0,130.0,72.9,45.7,48.0,25.3,36.8,19.1,15.5,59.4,26.5,84.9,48.1,41.4,30.2,58.4,43.7,184.5811209439528
84.7,172.5,45.5,109.3,105.0,98.2,110.7,58.1,40.4,39.0,22.8,29.5,17.4,13.8,58.3,26.2,80.3,54.4,39.1,27.1,59.4,40.6,151.22819672131146
81.7,166.4,45.0,108.6,95.1,98.8,114.4,62.6,41.8,40.5,22.4,31.3,17.4,13.9,52.8,23.5,76.9,45.2,36.1,26.1,57.9,39.3,167.66315789473683
85.0,178.8,43.7,107.5,91.0,96.4,120.0,59.4,42.2,40.6,23.2,30.8,17.9,16.4,61.8,28.4,85.3,46.8,41.4,25.9,58.8,42.5,159.34397163120568
78.9,172.3,40.7,98.7,90.7,103.5,115.9,62.1,40.4,38.4,22.4,29.9,17.4,14.6,56.5,25.3,79.9,46.6,39.9,23.1,55.3,40.7,141.59787985865722
104.5,182.1,46.5,114.7,110.5,116.5,123.1,72.5,47.3,42.2,24.5,32.4,18.8,15.6,64.1,29.1,87.2,50.0,41.5,27.5,59.0,43.9,151.96845425867508
80.4,174.5,42.7,104.8,90.5,94.0,116.8,56.8,41.1,39.8,22.8,31.9,17.9,15.6,58.9,26.6,83.1,48.0,40.6,24.7,56.6,41.4,156.11586206896553
89.9,168.5,44.8,108.8,100.4,106.3,117.5,68.1,42.9,40.8,24.5,35.2,18.1,13.3,55.2,23.9,79.8,46.7,37.3,27.0,55.2,39.8,185.03661971830985
72.7,171.5,42.6,97.9,84.2,94.3,114.9,58.3,39.8,36.4,23.7,31.0,17.6,13.4,56.8,25.0,80.0,42.4,37.9,22.7,55.2,38.8,159.043321299639
104.1,177.5,49.1,119.9,110.7,109.5,129.1,64.2,42.9,42.3,24.9,34.0,18.6,15.1,58.3,26.4,82.1,49.4,40.0,30.1,58.8,44.2,189.94059405940595
90.8,176.3,45.3,111.7,97.9,105.8,117.7,62.7,42.2,39.8,23.3,30.5,17.8,13.6,58.6,27.2,83.3,48.2,38.6,28.3,58.9,40.8,147.793537414966
81.1,174.5,43.2,100.7,88.9,95.9,113.7,60.8,40.3,40.0,22.5,34.3,17.8,12.3,56.8,25.9,81.1,47.6,39.0,26.1,58.0,37.0,143.85714285714286
71.0,168.6,42.2,102.7,90.0,94.2,112.9,55.5,37.8,37.8,22.2,28.9,16.7,14.8,56.8,25.1,79.3,47.4,38.6,23.5,56.8,40.4,137.28993055555557
95.3,174.0,46.9,111.4,95.9,106.4,124.9,68.0,42.5,42.7,23.7,33.8,17.8,15.7,57.3,25.4,82.0,48.9,40.0,27.8,59.6,43.4,175.56325088339224
84.0,177.1,47.5,110.2,90.0,97.0,125.1,60.1,39.4,39.8,23.5,33.0,18.3,13.8,60.3,27.4,81.1,50.3,40.9,25.5,57.7,43.1,160.48543689320388
64.6,170.1,38.4,90.7,80.0,92.4,104.7,54.5,37.8,34.7,20.7,27.7,16.2,14.3,54.1,25.3,82.7,45.1,41.1,21.6,54.9,38.9,124.89246031746032
86.3,184.7,45.5,102.3,92.3,101.3,121.8,63.4,39.1,38.4,23.1,31.3,16.7,15.2,63.5,30.4,91.1,46.4,45.0,25.0,57.7,42.8,136.74444444444447
81.2,166.8,41.5,107.6,105.0,105.3,111.2,64.7,39.6,37.6,22.7,29.7,16.8,14.4,54.9,24.5,76.3,49.6,39.3,25.6,55.7,39.3,153.45637583892616
91.5,172.1,46.5,111.2,105.2,104.5,122.3,64.4,42.1,40.8,23.4,33.1,17.8,14.0,58.0,25.2,79.3,47.4,38.6,26.8,56.8,41.4,160.17218543046357
110.8,181.1,49.5,125.1,115.6,112.0,130.5,69.7,42.3,42.9,23.7,34.1,18.5,15.8,56.4,25.5,85.0,51.0,44.3,28.6,58.7,43.5,190.16749226006192
71.0,167.2,43.2,97.7,83.6,94.6,109.4,57.6,38.3,35.4,22.2,29.7,18.0,12.6,54.4,24.6,74.9,45.8,35.3,23.6,57.2,37.4,145.58458498023714
106.7,177.0,50.3,122.3,109.5,107.3,132.6,68.8,44.1,43.0,23.7,34.5,18.2,15.4,59.3,27.3,84.3,47.1,39.9,30.1,57.5,44.3,
96.6,172.2,46.4,113.3,113.2,108.2,121.7,67.5,41.2,38.1,21.9,32.2,18.0,14.5,59.7,27.0,85.1,49.5,40.6,28.4,57.1,41.2,186.86631944444446
115.8,181.1,49.9,128.3,117.9,113.2,129.8,67.7,44.9,43.7,24.4,34.5,18.7,15.4,61.7,27.2,88.3,48.9,41.8,30.4,59.6,44.6,183.28571428571428
96.8,179.5,46.5,113.3,105.7,106.6,118.2,66.3,44.4,39.7,23.7,30.8,18.1,14.9,60.3,27.3,83.4,49.3,40.5,26.4,60.3,42.0,170.88481848184819
77.2,169.0,42.7,104.8,86.9,98.6,117.5,60.8,39.7,40.1,24.3,31.1,17.0,13.9,54.3,24.8,78.8,41.8,37.2,24.4,56.2,40.6,171.52387543252595
69.4,192.7,39.7,84.7,75.7,93.6,105.2,51.3,40.1,38.0,24.0,28.6,18.9,15.4,65.0,31.0,93.6,52.5,46.9,20.3,57.9,41.2,108.29961832061069
81.7,176.3,44.8,103.4,91.2,97.8,113.3,57.8,39.7,39.1,21.4,30.7,17.6,13.7,59.1,26.1,83.8,48.2,40.0,24.5,57.3,40.8,148.07456445993031
79.3,173.7,45.1,99.3,91.7,99.1,115.2,61.2,40.3,39.1,24.0,31.1,17.0,15.4,56.9,26.3,82.5,45.1,39.7,24.5,57.1,42.4,147.45676691729324
97.0,180.5,43.7,112.8,95.2,105.4,118.5,64.9,42.9,40.9,22.6,33.3,17.7,15.2,62.6,28.8,90.5,49.6,42.6,27.0,57.5,41.9,170.01739130434783
81.3,180.4,43.5,100.9,90.0,98.3,114.8,60.5,42.1,38.2,23.1,29.9,18.2,15.3,60.7,26.8,85.3,47.7,40.9,23.1,58.5,41.5,146.02077464788732
85.2,179.8,44.7,103.4,92.3,104.1,119.8,66.6,40.0,38.4,21.7,31.4,17.4,15.6,60.8,27.4,88.6,48.2,43.7,24.0,58.4,41.6,167.17591240875913
113.9,174.5,49.5,123.2,104.4,113.7,132.5,73.2,47.3,46.1,25.5,40.2,20.4,15.5,58.0,26.7,84.1,48.1,40.2,29.9,62.4,44.4,183.1741935483871
74.7,169.4,42.5,100.2,86.6,100.2,114.5,61.6,39.6,37.1,21.3,30.3,16.7,14.7,54.3,23.6,79.0,47.2,37.4,23.8,56.8,40.2,148.24109589041095
97.2,182.4,43.0,105.4,98.1,112.5,116.6,66.2,45.7,42.9,26.4,32.7,19.1,14.7,57.1,25.2,86.1,47.2,41.5,26.3,56.9,40.1,144.55902777777777
82.2,173.9,43.3,104.0,92.5,102.3,117.6,57.7,39.5,38.1,22.6,31.5,18.5,15.5,57.1,27.1,81.6,49.5,41.9,23.9,57.4,42.6,151.04761904761904
96.3,177.2,42.2,114.3,99.7,110.3,118.4,65.9,46.1,44.0,25.5,33.3,18.0,13.8,59.4,27.4,86.3,48.7,38.4,27.7,59.6,40.7,176.609375
77.9,186.4,43.5,107.4,95.1,93.4,116.6,50.8,36.6,34.8,22.0,29.7,17.1,15.2,63.5,27.9,92.8,49.7,44.8,26.1,57.3,41.5,150.35999999999999
59.4,167.0,40.3,88.1,69.8,85.6,106.0,53.3,34.9,36.3,21.0,28.4,16.0,13.3,57.5,26.1,86.0,38.7,40.9,20.2,55.8,38.8,128.5975806451613
84.7,176.0,43.6,107.6,89.7,108.1,120.3,67.1,40.4,37.6,22.8,31.0,17.3,15.1,60.4,28.4,86.1,42.9,39.8,23.9,57.3,43.6,149.92266666666666
69.1,165.5,40.9,92.5,88.5,99.5,109.1,59.0,37.7,37.3,21.8,28.9,16.7,13.0,56.0,26.8,80.2,41.9,38.4,21.9,55.4,38.6,149.26136363636363
74.1,169.6,41.8,104.7,94.6,98.5,111.7,59.4,39.1,37.0,20.7,28.8,16.0,13.6,59.1,25.7,81.7,46.6,39.6,26.4,54.1,39.5,149.72457337883958
70.4,176.1,43.4,96.8,81.3,95.6,115.6,58.5,37.4,35.5,22.9,30.1,17.2,15.1,59.0,25.8,81.1,46.0,39.0,21.5,55.7,43.0,136.4
87.7,179.0,45.5,111.3,98.4,103.0,120.5,64.0,41.5,35.8,21.7,31.4,17.7,15.8,60.7,27.9,85.5,46.6,41.5,27.3,58.7,42.3,179.40314685314686
96.4,177.7,45.6,115.2,106.6,106.6,122.8,66.2,42.8,41.2,22.7,32.7,18.2,15.4,61.7,28.5,86.6,47.5,41.2,27.1,55.8,43.3,184.47058823529412
92.7,178.0,44.5,103.4,97.9,109.4,116.7,69.3,44.0,42.4,25.5,30.2,17.6,14.4,59.5,26.1,82.9,48.5,41.9,24.6,56.8,41.7,154.38194444444446
94.6,177.4,45.1,105.3,96.0,106.8,118.9,67.8,45.0,41.3,24.4,32.7,17.8,13.4,60.7,28.3,85.1,47.0,40.4,25.6,61.7,41.9,157.00645161290325
97.2,178.5,46.8,108.3,93.9,105.2,126.3,68.6,42.6,42.1,23.4,33.5,17.9,14.8,60.2,27.9,83.2,45.3,41.2,25.7,59.6,44.2,177.45999999999998
73.0,178.3,42.3,94.7,81.9,93.3,114.7,57.0,38.8,37.8,21.3,27.9,16.7,14.8,59.0,27.2,88.0,46.6,44.8,20.6,60.0,41.6,136.82633451957295
83.3,169.8,43.7,105.9,101.9,102.3,120.0,58.5,39.2,39.7,23.6,32.8,18.9,14.2,53.1,25.0,77.7,47.6,37.4,25.1,55.1,41.9,169.51107382550336
89.5,170.6,45.7,109.5,100.5,103.1,126.8,67.0,41.3,39.1,23.4,34.4,17.7,15.4,56.2,26.2,82.5,48.0,40.5,26.9,56.2,43.7,178.83737024221452
105.2,183.1,46.1,108.9,102.6,116.7,121.0,72.3,46.3,44.6,27.3,33.1,17.7,14.6,61.4,28.6,89.3,44.8,42.5,26.8,61.5,43.8,160.86631578947367
86.3,170.5,40.8,109.5,99.1,101.8,117.9,62.4,41.0,41.9,25.1,31.2,17.5,13.9,61.1,26.6,85.7,44.1,39.6,25.3,57.5,40.9,170.33333333333331
92.6,180.7,45.7,111.9,90.2,101.9,128.1,64.6,42.9,42.8,24.0,32.7,17.3,16.6,63.2,30.2,89.8,47.5,42.8,26.4,57.8,45.2,169.8340425531915
71.6,164.1,40.7,97.7,81.4,97.4,114.5,62.2,36.4,36.6,20.9,29.5,16.2,14.8,55.4,24.4,74.6,44.2,37.1,22.9,54.7,40.3,143.7638783269962
103.2,190.6,45.0,115.4,104.0,112.0,126.2,66.7,44.4,38.7,23.5,31.0,18.2,15.9,63.0,29.5,89.7,52.4,45.7,27.1,59.7,45.3,172.7301282051282
87.0,174.0,45.6,106.4,97.3,102.5,122.0,65.9,40.5,37.4,23.0,31.0,17.6,14.5,62.1,29.0,86.1,46.6,42.0,26.4,56.5,43.3,160.74820143884892
119.9,181.4,48.2,119.6,126.2,123.3,124.6,81.5,47.2,46.4,25.0,33.9,18.6,14.0,62.1,27.4,85.5,54.2,39.3,30.3,58.0,42.8,170.45980066445182
93.0,188.5,44.8,114.2,103.7,104.3,117.5,63.6,41.4,37.5,23.3,29.6,17.3,13.8,63.4,29.9,91.1,48.2,43.4,28.9,59.3,41.0,163.83594771241832
73.3,166.0,44.2,103.7,85.5,95.1,121.4,59.3,36.4,35.6,20.3,30.5,16.1,15.2,56.0,25.8,80.3,45.0,39.6,25.2,55.9,41.0,169.89963099630998
82.9,181.3,45.5,101.9,90.1,100.0,119.4,59.8,38.6,38.7,24.9,30.2,17.2,15.0,59.7,26.2,87.6,47.4,42.9,24.9,56.6,43.6,162.8262237762238
102.8,173.1,44.6,118.2,115.6,117.7,119.3,72.4,45.1,40.4,24.3,31.2,17.1,14.2,56.3,25.2,83.0,49.2,39.4,28.6,56.7,41.1,177.50170648464163
86.9,179.0,45.5,106.5,95.0,100.5,121.7,62.7,40.5,38.7,23.2,33.1,17.6,14.8,60.1,26.2,86.5,51.0,43.3,26.0,58.4,42.2,157.99450549450552
101.5,176.6,48.3,113.4,112.9,112.6,124.9,70.8,43.5,39.5,21.5,32.4,17.8,14.8,57.9,27.1,82.5,51.1,40.8,27.4,56.5,42.1,178.03412969283278
82.7,174.2,41.9,100.1,96.6,100.6,115.4,62.7,40.4,39.3,22.5,29.7,16.9,14.0,56.4,25.7,82.7,45.7,41.4,23.4,56.0,41.1,152.27978723404254
95.4,178.1,45.6,108.2,101.1,110.0,122.4,66.2,42.8,40.6,24.2,31.3,18.5,15.3,58.4,26.1,86.2,45.8,43.2,27.6,57.1,41.9,162.4911660777385
94.0,177.8,49.0,110.4,98.9,106.0,121.7,66.3,42.2,43.0,24.1,33.3,17.9,15.0,61.3,28.4,86.2,50.9,42.2,28.2,58.4,42.7,168.93950177935943
59.8,166.4,41.0,90.4,80.0,88.2,109.6,50.3,35.3,35.5,19.7,28.0,16.0,15.0,55.3,24.8,78.6,44.7,38.7,20.3,56.0,39.6,144.77593984962405
88.9,166.6,42.2,113.9,101.3,104.7,116.3,65.2,45.0,39.9,24.2,29.3,17.0,13.4,51.6,24.2,76.8,49.7,37.9,28.1,57.1,39.4,160.0654485049834
73.4,175.9,44.5,97.3,87.9,97.8,112.4,57.0,38.7,34.2,21.0,29.2,16.5,14.8,57.3,25.7,82.3,45.7,39.1,23.0,58.2,39.4,132.90615942028987
79.9,158.6,48.0,103.2,100.8,101.8,115.0,59.8,43.5,42.7,24.0,30.5,16.9,13.7,50.3,22.8,70.2,48.3,34.1,24.9,55.8,39.5,184.63418181818182
65.7,171.4,40.9,92.3,77.5,91.8,111.1,54.2,36.6,35.4,21.2,28.5,17.0,14.8,56.1,25.8,77.1,47.4,37.9,19.8,58.1,41.6,126.32299270072993
77.9,178.0,43.1,96.1,88.4,96.8,111.7,60.7,39.8,39.6,23.5,28.2,17.5,13.6,58.3,26.5,83.6,48.8,40.5,22.6,58.1,40.1,150.96305970149254
99.5,176.6,47.2,115.9,103.5,106.9,122.7,67.2,45.6,41.6,24.7,33.3,17.5,14.5,59.6,27.5,86.2,48.1,43.5,28.1,59.8,42.3,175.24398625429552
66.4,162.8,40.4,99.8,82.2,94.1,111.5,56.1,38.3,36.4,21.0,29.5,16.8,14.5,54.8,25.1,74.8,42.3,35.3,23.3,55.3,39.3,152.18544061302683
91.0,167.8,43.4,110.7,102.3,110.8,118.9,71.4,43.7,41.6,25.4,30.8,16.9,13.5,54.8,24.0,76.3,46.3,34.3,26.0,59.5,39.6,162.6841216216216
101.3,176.7,47.0,118.2,98.8,110.7,127.2,67.0,44.0,43.8,25.6,35.1,18.2,15.5,60.0,25.9,85.8,46.5,38.5,27.9,59.0,43.6,190.23434343434343
80.4,172.3,43.1,101.3,90.4,95.7,114.3,59.7,41.3,41.2,23.8,30.1,16.6,14.7,61.8,28.0,86.0,47.7,39.8,25.4,57.4,40.3,145.0951127819549
81.5,177.6,43.7,101.1,94.5,106.3,110.8,64.0,39.8,35.4,22.0,29.5,16.5,14.6,59.1,27.3,86.6,47.0,42.9,24.2,56.3,40.6,141.16555555555556
103.4,175.6,48.7,117.2,108.3,112.6,125.0,69.1,43.3,40.3,23.4,32.4,17.9,16.1,58.5,28.3,84.3,49.5,41.0,31.1,59.4,42.4,167.02020905923345
58.7,168.5,40.9,83.8,78.3,85.7,103.5,52.1,34.3,33.1,20.5,26.1,16.4,13.0,59.5,26.4,80.7,44.9,37.9,20.4,56.3,37.9,130.83399209486169
80.9,173.3,43.9,101.8,95.4,101.1,113.6,63.4,40.8,38.1,22.5,30.7,16.9,13.0,59.4,27.2,84.8,48.6,38.6,24.7,58.0,39.0,157.95302491103203
78.7,174.0,43.2,104.3,91.6,99.5,118.8,64.7,40.3,37.8,23.3,31.1,17.2,16.1,58.4,26.4,79.6,45.4,39.6,23.6,57.7,41.9,162.89964664310952
86.7,167.9,44.8,109.8,106.7,100.9,118.5,59.2,40.6,39.8,21.8,31.5,17.0,15.3,55.9,24.5,74.5,50.0,38.2,28.1,59.0,41.1,170.13378839590445
67.4,166.7,42.8,95.6,84.0,90.2,109.9,57.3,37.5,37.9,21.8,28.2,16.4,14.5,51.5,22.5,75.8,47.7,37.1,23.7,56.3,39.8,148.2170542635659
63.1,168.0,39.3,93.6,84.1,91.2,108.2,54.0,37.4,34.6,21.3,27.1,17.0,14.7,54.0,24.0,77.5,46.2,38.9,21.8,55.9,38.6,148.7389090909091
91.0,175.8,44.7,104.7,105.5,105.2,121.7,63.1,38.4,39.0,22.4,32.1,18.2,16.2,56.7,25.2,82.9,48.1,41.8,24.5,58.7,42.6,163.18758620689655
61.6,164.3,39.7,96.8,80.1,89.9,111.0,50.6,36.8,36.4,21.7,29.0,18.3,14.0,56.4,25.0,80.2,45.7,37.4,26.2,55.4,38.1,150.6614785992218
112.1,179.0,46.9,121.6,121.7,116.4,128.2,71.2,45.6,42.4,23.8,31.9,18.5,16.4,62.8,28.3,86.5,51.2,40.8,30.9,59.1,45.0,184.5231746031746
102.0,179.8,42.8,115.1,119.4,108.6,114.6,67.3,43.4,39.7,23.7,29.9,17.7,14.4,60.1,27.2,85.5,50.7,39.0,28.4,59.8,39.2,162.79554794520547
97.6,170.3,42.9,114.1,114.6,112.7,122.1,71.6,41.1,40.3,24.6,32.7,17.8,15.2,59.2,25.7,81.4,46.2,38.6,28.0,54.8,41.5,171.34470989761093
83.8,171.5,45.5,102.0,99.0,103.2,116.4,65.3,40.0,40.3,22.0,30.6,17.2,14.0,59.1,26.4,82.5,45.8,38.8,25.2,57.2,40.0,145.45126353790616
106.6,186.1,46.6,116.5,113.5,108.9,120.2,67.2,45.7,41.4,24.5,31.7,18.7,14.0,59.1,28.2,85.1,52.5,40.8,27.7,54.9,41.0,180.91296928327645
102.9,180.4,45.1,112.1,111.3,112.4,118.7,69.6,44.4,39.9,24.3,31.5,17.6,14.3,59.3,26.8,85.9,52.3,40.0,27.9,60.4,41.8,156.56
70.5,172.0,42.0,101.2,85.2,93.1,112.7,55.5,38.0,36.4,21.8,27.9,17.8,15.5,57.5,26.0,79.8,43.8,39.4,24.5,56.6,39.2,151.616
108.3,185.0,46.7,116.5,114.6,112.8,127.8,67.0,43.6,43.2,24.9,33.0,18.1,16.6,59.6,27.9,89.0,55.1,41.9,29.0,57.7,45.0,182.10194174757282
57.5,165.1,38.0,86.2,78.4,86.5,102.5,52.3,36.7,37.0,22.6,26.6,16.6,13.8,56.3,24.6,82.2,40.8,40.1,20.8,54.4,37.7,128.92844827586208
80.8,183.5,44.3,96.7,84.0,97.5,119.1,58.6,40.0,38.8,23.0,30.2,17.1,16.8,63.2,28.0,86.7,49.8,43.4,21.8,57.9,44.3,139.79087719298246
91.6,178.4,42.3,106.6,97.0,107.1,120.7,65.4,44.2,40.7,25.0,31.6,18.0,16.1,58.7,26.0,86.1,47.8,40.4,25.2,61.5,42.6,134.39339933993398
76.6,186.4,44.9,99.2,91.2,97.8,112.1,58.4,36.7,33.8,20.2,28.1,17.0,14.1,62.0,27.8,90.8,46.9,43.7,23.0,57.2,40.2,157.5740072202166
142.9,186.7,51.1,137.2,130.0,124.2,141.3,74.4,50.0,48.5,26.4,37.7,20.5,16.7,62.4,28.3,89.3,55.4,44.1,32.8,61.4,48.3,
94.3,174.5,44.5,117.8,106.7,103.1,122.9,65.2,44.0,41.7,24.0,30.7,17.5,14.9,57.7,25.8,83.1,48.2,37.6,27.9,60.5,43.6,171.34545454545454
81.7,171.7,43.8,104.3,88.5,100.0,117.7,62.2,42.3,42.0,25.4,31.7,17.9,13.8,57.1,26.4,81.5,43.7,39.0,23.8,58.4,41.5,148.27317073170732
70.1,173.5,39.4,98.9,83.0,92.3,117.2,55.1,37.8,35.4,21.3,28.9,16.7,15.9,59.8,25.4,80.9,44.7,40.2,22.4,57.7,42.3,153.40328467153284
52.3,160.3,39.0,88.0,72.8,84.2,104.5,48.1,35.9,34.1,20.3,26.4,14.9,13.9,54.0,24.2,77.2,41.9,37.4,19.1,53.5,38.4,124.58039215686276
77.5,172.9,41.8,103.1,91.1,94.8,115.0,58.4,37.7,36.2,21.5,32.9,17.5,14.5,59.6,26.1,83.0,48.9,40.0,24.9,58.1,41.4,148.60620689655173
68.7,180.1,42.7,93.9,82.2,91.6,108.5,53.4,37.4,35.8,21.7,27.2,16.3,14.3,61.5,27.6,86.2,45.4,40.5,22.0,55.7,39.5,124.48863636363635
70.3,164.8,42.3,94.2,84.6,98.4,112.1,59.6,39.8,38.0,22.7,28.5,16.4,13.6,55.5,25.1,76.3,46.8,36.8,22.6,56.8,39.5,130.14911660777386
116.7,182.3,48.9,119.4,118.1,115.4,135.1,72.9,43.2,44.4,23.9,35.5,18.3,16.4,62.6,28.1,88.3,52.3,41.4,28.2,60.1,46.0,183.25632911392404
62.0,159.8,40.8,102.6,85.7,86.8,109.2,52.5,36.3,35.8,21.1,26.5,16.3,13.4,55.5,24.7,75.5,45.3,35.0,23.6,54.8,38.7,149.36326530612246
99.0,177.4,44.8,115.6,94.0,99.7,133.6,66.4,42.3,40.0,22.6,36.7,17.9,16.4,59.6,27.5,81.5,46.0,41.9,28.6,60.4,44.7,195.48305647840533
109.9,187.0,47.3,113.4,95.2,114.4,126.4,76.5,47.0,45.3,24.3,35.2,17.4,14.7,65.9,30.4,95.1,47.7,45.4,27.2,58.7,43.4,178.5951219512195
101.2,182.5,47.3,115.7,102.5,110.2,127.2,67.2,43.7,40.1,22.4,35.5,18.1,15.3,63.5,28.1,88.7,47.6,43.2,27.8,59.4,43.1,171.3391719745223
87.5,179.2,47.5,115.9,92.8,97.9,128.6,58.8,37.8,37.1,21.5,34.1,17.3,15.7,63.5,29.1,87.3,43.2,40.9,27.5,57.5,44.5,182.49650793650795
77.8,170.2,42.6,104.8,89.4,99.6,114.9,61.8,39.6,38.3,23.0,30.0,17.4,13.6,60.9,27.1,83.0,44.6,39.4,25.4,55.7,40.5,170.63104693140795
89.4,177.3,47.0,116.4,97.5,102.2,120.5,62.7,42.5,37.0,21.2,32.8,17.8,13.8,61.5,27.0,85.8,47.9,38.8,28.4,56.8,41.5,154.9552050473186
67.8,176.5,41.8,90.4,80.2,91.1,108.0,53.7,36.2,35.8,21.1,28.0,17.1,14.3,58.7,26.4,83.2,47.6,40.9,20.3,58.3,39.9,122.3058823529412
81.8,179.0,45.4,104.3,88.5,96.6,118.9,59.4,39.3,37.7,21.6,33.1,18.4,15.3,60.0,26.7,84.9,47.9,42.0,25.7,58.0,41.9,151.91521739130434
88.1,182.1,44.5,113.5,92.2,103.3,119.3,62.7,40.9,41.1,23.7,32.4,18.4,13.7,62.7,26.8,89.8,44.2,41.7,25.5,57.2,43.5,167.16773162939296
104.7,179.2,46.8,117.2,103.5,111.7,126.3,73.1,49.3,42.8,24.4,34.2,18.1,14.4,57.9,25.4,84.6,47.0,40.1,26.1,59.7,44.4,175.9814241486068
100.9,186.5,48.2,112.7,108.0,105.8,128.7,67.3,42.7,40.0,24.2,31.6,18.1,16.6,65.2,29.9,87.8,52.5,41.9,27.7,56.0,45.4,182.3760135135135
95.6,176.7,45.3,116.5,98.4,104.9,123.7,67.6,41.5,40.3,24.4,33.5,18.7,14.3,59.5,26.4,85.0,47.5,40.6,27.6,59.2,41.3,186.6418685121107
68.9,167.8,40.9,92.8,79.5,90.7,109.3,57.9,38.2,37.5,22.8,30.0,17.4,14.9,53.0,24.1,76.9,43.8,39.1,22.0,56.9,39.8,131.55555555555554
90.9,172.8,42.5,111.2,95.2,105.8,120.5,67.0,43.2,39.2,22.7,33.1,18.3,15.6,58.1,25.4,84.3,48.2,41.0,28.1,56.0,41.3,156.49006622516555
115.9,174.4,44.5,120.7,112.2,122.4,126.7,77.5,47.4,45.4,25.2,37.2,18.6,14.1,62.0,29.2,84.0,47.2,37.7,29.7,57.5,42.4,165.1901023890785
82.2,173.0,43.3,104.3,91.3,101.8,111.7,61.5,41.4,39.0,22.4,30.7,17.5,15.2,58.2,26.3,82.5,46.0,41.4,25.8,59.0,41.4,150.02054794520546
69.8,180.0,40.6,97.1,78.0,91.2,111.9,57.1,36.4,38.2,22.0,29.1,17.0,15.5,61.0,29.1,88.0,44.5,41.5,22.3,58.1,39.9,152.32788104089218
84.6,182.2,45.2,101.8,83.4,99.9,115.6,62.4,41.2,40.0,23.7,34.0,17.9,13.1,63.0,27.4,89.1,45.2,43.5,23.4,57.8,39.5,136.33928571428572
65.6,175.3,41.4,88.9,80.3,90.5,113.7,51.0,37.3,36.0,21.6,27.4,17.2,15.5,61.2,26.9,87.9,43.5,42.7,20.5,57.3,42.5,137.0263157894737
89.2,171.9,42.0,111.3,103.7,110.5,114.2,68.9,41.4,39.4,23.1,29.8,16.6,14.3,58.6,26.3,79.2,47.7,39.3,26.4,57.9,40.1,160.25670103092784
65.9,169.6,41.0,91.4,77.5,89.9,108.3,53.8,38.9,39.2,23.7,28.2,16.7,14.9,54.0,25.0,79.8,42.8,38.6,18.7,56.6,39.1,139.64832713754646
66.2,166.0,39.6,95.0,86.2,91.1,113.0,57.0,37.7,36.1,20.6,28.0,15.6,15.0,54.2,23.6,77.4,42.3,37.2,21.6,54.8,41.2,147.47292418772562
85.8,181.9,42.5,102.5,93.6,103.4,117.2,63.4,41.5,38.8,22.2,29.5,16.8,16.0,62.1,28.1,87.2,48.7,42.7,24.3,56.7,42.2,147.4820143884892
86.7,171.3,44.9,106.9,87.3,103.2,122.6,64.1,42.2,41.8,25.0,35.1,18.7,15.4,56.6,26.5,81.7,45.0,39.6,24.5,62.3,43.8,168.73066202090592
83.4,171.8,41.1,103.8,96.1,98.0,120.6,62.3,39.1,39.3,22.5,29.5,17.1,15.2,55.7,25.2,79.4,46.7,38.5,25.6,60.7,42.2,153.28172043010753
100.9,169.5,47.9,113.9,103.0,111.9,126.5,70.8,44.7,44.5,27.7,33.4,18.7,15.6,53.3,23.1,76.0,49.7,36.4,27.2,58.3,44.0,192.4135922330097
79.6,167.1,42.1,99.3,94.4,103.4,112.5,63.7,40.0,40.2,22.6,30.8,17.0,13.5,57.5,26.0,79.2,44.9,37.5,24.4,57.5,39.9,142.06423357664235
80.4,174.1,43.2,99.3,86.7,97.4,117.4,58.3,37.5,39.4,22.7,30.6,17.6,15.6,60.6,27.9,85.1,45.6,41.9,24.8,58.2,41.0,141.80611510791366
94.7,175.9,48.2,113.2,93.2,106.5,123.2,66.2,41.4,40.0,22.4,33.9,18.4,14.5,59.0,25.6,81.4,49.5,38.5,27.6,57.5,42.7,164.51211072664358
82.6,177.0,44.1,103.2,89.0,102.9,117.9,61.5,41.6,38.7,23.2,31.2,18.3,14.6,58.2,26.2,83.2,46.1,40.8,25.1,57.0,41.1,156.26382978723404
99.5,181.3,45.5,110.1,101.1,112.0,121.5,68.7,41.5,40.9,25.0,30.9,18.0,16.0,60.5,27.0,84.6,51.4,41.5,28.1,57.2,41.2,180.089219330855
92.2,173.7,44.3,106.5,95.2,105.6,116.8,68.0,45.7,42.4,25.2,32.1,18.3,13.9,55.2,24.9,82.5,47.8,40.7,26.2,57.4,40.1,166.0483870967742
63.9,154.2,39.6,96.0,85.9,93.2,106.0,56.2,38.7,38.5,22.8,28.5,15.6,13.2,49.6,22.4,70.5,43.2,32.7,23.2,55.3,37.2,138.1818181818182
72.0,179.7,40.1,94.9,81.3,96.1,112.2,54.7,39.1,37.6,22.6,29.6,17.4,15.7,58.1,26.4,85.3,47.0,42.1,21.0,56.3,43.1,143.22546125461253
77.1,168.5,42.5,101.7,88.7,94.2,112.4,60.8,41.5,39.6,23.2,30.9,17.4,13.5,55.1,25.6,77.9,50.7,36.7,24.8,55.7,39.3,149.01098901098902
80.0,170.0,44.6,102.8,94.6,98.8,115.0,56.9,39.4,37.3,22.4,31.2,17.9,14.2,54.4,24.5,79.7,48.6,38.9,24.7,57.3,41.3,151.73561643835617
78.2,161.2,43.3,109.8,94.4,100.2,115.6,61.6,40.7,41.3,23.3,31.2,17.5,13.9,52.6,23.8,78.8,39.1,36.0,26.8,55.8,40.0,168.5125
73.4,175.8,42.6,94.0,86.2,94.7,112.5,55.3,38.5,38.3,22.0,29.1,17.5,14.2,59.6,27.0,85.5,45.7,41.6,21.4,56.7,41.9,122.0597014925373
110.3,166.6,48.5,120.7,118.5,115.8,122.5,71.2,48.2,44.0,25.5,33.0,18.8,14.5,55.0,25.2,75.3,51.6,38.2,30.1,58.1,42.2,189.27043189368771
105.4,175.2,44.5,116.8,107.2,112.8,128.8,73.5,44.4,43.5,25.6,32.6,18.5,15.2,59.6,27.3,81.8,49.8,40.7,26.7,57.4,43.2,190.95263157894738
85.1,174.9,42.5,107.4,101.5,105.7,118.7,63.4,42.3,39.5,23.3,29.4,16.5,15.6,59.0,26.0,82.6,48.6,39.8,24.9,57.7,42.1,167.92182410423453
95.9,182.4,46.9,112.3,95.2,105.2,123.8,64.1,43.4,40.5,24.7,33.3,18.0,16.2,62.6,29.0,89.1,48.9,43.1,26.3,57.0,43.6,181.91061643835616
79.8,176.7,43.7,99.2,90.8,100.6,111.0,62.7,39.8,37.8,22.1,28.7,17.4,13.1,60.5,26.0,83.6,50.1,42.1,24.8,59.5,39.3,155.9910780669145
84.3,180.2,42.5,104.2,86.4,101.4,119.3,64.2,40.4,41.2,23.0,29.9,17.9,15.7,59.4,26.2,84.2,45.2,40.8,24.7,59.0,43.6,139.05187713310582
91.4,181.7,44.8,108.1,93.8,103.8,121.8,62.9,41.2,38.7,23.7,32.2,18.1,15.2,59.7,26.9,87.5,48.7,42.1,24.4,56.4,42.7,142.21794019933554
68.6,177.2,43.2,97.1,79.1,90.1,117.4,54.8,36.8,37.6,22.2,29.1,17.0,16.2,57.4,26.9,85.1,46.2,41.2,21.6,56.7,43.9,141.01802120141343
88.9,177.7,44.5,108.3,88.0,103.6,122.6,62.3,39.3,39.2,23.7,32.2,18.5,15.4,60.5,26.8,82.7,48.4,39.3,24.9,57.7,43.5,148.81783216783217
75.8,171.5,42.1,103.7,91.4,100.8,111.4,59.6,41.3,37.8,23.3,29.7,16.7,13.8,57.5,25.0,78.4,42.7,38.7,23.7,57.7,39.6,147.83529411764707
77.7,179.2,45.3,100.0,80.5,96.0,117.4,55.7,39.1,39.0,22.7,31.0,18.4,15.8,60.5,27.5,86.2,45.7,42.4,22.1,60.6,42.7,137.88395904436862
98.6,184.9,46.8,107.3,102.9,111.9,123.6,65.4,43.3,40.1,25.5,32.0,18.8,16.0,60.0,27.3,89.9,51.4,40.8,25.2,59.0,43.6,158.10872274143304
75.1,175.0,41.3,101.3,82.0,96.2,116.0,56.8,39.9,37.3,22.6,28.6,17.1,14.7,58.5,25.9,82.1,46.5,37.7,25.3,61.7,41.4,139.4710144927536
80.9,176.0,43.5,102.1,92.3,101.3,114.2,61.6,39.6,40.5,23.2,30.1,17.2,14.4,59.6,27.8,84.0,45.3,40.3,23.0,56.6,42.2,148.16531986531987
96.0,193.8,45.1,106.2,92.0,105.3,123.8,66.7,40.6,40.1,24.5,31.1,17.7,15.3,68.3,31.6,96.2,50.2,46.6,23.8,61.3,43.8,134.43037974683546
97.0,184.9,46.2,110.4,101.1,105.3,121.1,65.8,41.8,38.6,23.5,31.5,18.0,14.2,59.7,27.3,89.0,51.2,43.5,27.0,57.6,41.7,183.47615658362992
84.6,172.7,44.1,110.1,95.2,98.5,121.2,59.7,39.1,40.6,23.4,33.3,18.1,14.8,57.8,25.2,83.4,45.7,39.8,25.7,58.8,41.1,164.57854671280276
81.9,180.9,42.9,99.1,94.5,101.8,113.7,61.4,39.9,36.3,21.8,30.9,18.2,15.0,62.3,27.4,88.0,49.6,43.6,24.2,58.0,41.5,137.51920289855073
96.3,184.0,45.4,107.4,96.7,108.6,120.1,66.4,42.2,41.7,24.5,34.2,18.6,14.8,59.4,26.1,88.4,49.8,40.4,23.5,60.0,41.0,168.8798586572438
92.0,178.5,44.4,110.7,101.5,101.8,121.5,62.5,41.3,39.1,23.4,33.9,18.4,14.8,61.3,27.7,87.3,49.5,41.9,26.0,57.2,42.2,171.49118644067795
82.7,174.5,44.8,103.2,89.2,99.3,118.2,61.1,41.7,37.1,23.2,31.5,18.2,14.8,61.4,27.7,87.7,46.5,39.8,24.6,58.8,41.6,158.1897810218978
81.1,173.2,43.4,99.4,86.6,97.5,114.5,64.1,40.6,39.3,23.4,30.4,17.4,14.1,57.4,27.8,84.5,44.2,43.4,23.8,60.7,40.3,137.0007490636704
87.8,171.3,42.7,107.3,103.4,104.7,119.7,63.9,39.6,40.0,22.8,30.8,17.7,14.9,58.6,26.1,81.6,49.2,40.7,25.7,55.0,42.3,164.55194346289753
57.9,164.4,39.7,89.6,76.1,88.9,108.8,53.6,35.9,35.6,20.1,28.7,15.9,14.2,55.3,24.7,77.1,43.4,38.8,21.8,57.3,39.8,141.6600790513834
96.7,178.6,45.0,112.2,92.4,108.4,126.0,69.7,43.1,42.7,25.8,32.4,18.0,16.2,59.5,25.6,84.9,47.0,41.9,26.6,58.1,43.7,179.82739726027395
98.2,183.5,43.3,107.6,98.7,111.3,119.4,69.9,46.3,42.2,25.2,32.7,17.7,14.3,59.1,26.0,87.0,49.5,41.7,25.9,57.2,41.0,163.2053691275168
100.1,176.3,48.2,118.0,103.4,106.8,128.2,64.3,44.8,41.2,24.4,34.0,19.4,15.5,59.2,26.7,83.5,45.4,40.7,29.3,58.2,45.2,173.55194805194805
78.4,168.7,43.6,101.4,93.3,97.8,117.0,59.8,39.6,36.6,21.8,30.9,17.9,14.6,54.6,24.3,78.9,48.0,38.9,23.4,57.1,39.9,159.24329896907216
85.8,185.5,43.0,103.2,91.7,99.6,115.1,59.0,40.9,38.6,23.6,30.7,17.4,15.0,61.1,27.8,93.3,47.7,44.4,25.3,56.7,40.9,143.07272727272726
93.3,172.0,44.5,109.7,102.1,106.6,117.8,65.3,43.8,41.9,24.3,33.0,18.5,13.8,56.2,25.7,81.8,47.5,39.7,27.3,58.9,40.8,177.82947368421054
67.5,157.2,40.1,106.1,81.2,94.6,110.6,58.9,37.2,39.2,22.4,29.4,16.0,14.4,53.7,23.7,75.5,39.9,35.6,24.6,57.4,39.5,163.65239852398525
66.8,171.5,41.1,97.7,80.0,92.3,106.7,56.3,36.8,36.2,20.8,28.7,16.3,13.6,58.0,25.7,81.5,46.3,41.1,24.1,58.3,38.6,149.49277108433733
80.2,165.8,42.5,97.5,88.3,99.2,113.0,63.2,41.9,42.7,22.9,32.0,17.0,14.4,54.5,25.4,76.2,43.3,35.9,23.3,58.4,39.0,149.97137404580153
80.4,172.0,44.5,101.3,94.0,100.5,118.2,61.7,41.1,36.3,22.4,30.9,17.3,13.0,51.5,23.4,79.7,46.8,37.0,24.7,59.3,40.3,159.28798586572438
92.5,177.7,46.3,107.2,99.2,101.8,122.0,66.8,41.6,38.8,24.2,31.2,18.2,14.7,59.3,27.7,84.2,50.0,40.4,25.4,61.5,42.1,172.2983498349835
77.8,163.8,42.6,104.9,81.6,100.1,121.2,61.8,43.1,37.4,22.7,31.6,18.2,14.9,57.6,27.8,80.7,39.3,38.2,23.8,56.0,42.1,163.8610344827586
105.7,190.2,48.3,114.7,108.8,111.5,124.0,65.0,44.2,43.7,24.7,30.2,17.5,15.3,61.4,26.7,88.7,51.0,41.9,25.1,59.0,44.6,172.23206349206347
90.1,179.3,49.3,107.3,97.8,102.4,116.8,62.7,42.3,38.3,22.6,32.0,17.4,13.0,59.4,26.5,86.3,48.0,41.7,24.9,60.3,40.7,159.35643564356434
77.2,179.9,42.7,98.5,83.7,95.9,119.7,57.3,38.9,36.2,23.4,31.4,17.2,15.5,60.3,27.3,86.5,47.0,42.1,23.2,56.5,41.7,151.17013888888889
90.4,182.6,44.0,111.3,90.4,103.6,123.6,62.7,43.2,41.6,24.0,33.8,18.0,14.8,61.7,27.0,88.0,48.0,42.2,26.3,59.0,42.3,158.68514851485148
90.1,183.0,46.6,109.1,98.0,100.2,121.3,60.4,40.1,38.8,23.6,32.9,18.8,14.7,61.8,27.1,89.3,50.2,43.7,28.6,58.4,42.4,170.42172413793102
96.1,175.5,46.1,115.7,104.9,108.5,123.5,66.6,42.7,41.6,23.4,32.7,17.8,16.0,57.2,26.0,82.3,49.4,40.1,26.1,61.0,42.8,168.89093959731545
101.7,186.5,46.1,114.3,96.2,108.2,122.0,68.5,44.7,42.2,24.7,35.0,18.9,14.4,61.8,27.9,89.5,47.7,43.1,27.8,56.3,41.2,171.64912891986063
89.7,180.6,46.8,103.8,96.6,103.7,118.8,62.8,42.4,38.7,22.6,32.8,17.7,14.8,60.0,27.2,85.0,47.6,42.0,25.5,58.5,42.6,164.71041666666667
91.6,179.2,41.7,111.6,107.3,104.4,115.3,67.4,42.0,37.4,22.7,29.7,17.6,15.0,59.1,26.6,87.0,48.5,40.9,26.6,57.6,40.4,177.88590604026848
74.4,177.7,42.0,102.6,87.4,94.3,115.4,56.7,38.7,34.8,21.6,28.4,17.5,15.5,59.8,26.8,83.2,47.6,39.3,24.9,58.8,41.9,145.44395604395604
82.8,185.4,45.0,103.9,81.5,92.0,126.2,55.3,38.8,40.0,22.7,33.0,18.5,18.4,64.1,30.3,93.4,45.1,46.2,23.8,57.4,45.8,167.94794520547947
80.6,181.9,45.0,101.1,90.0,100.5,118.3,60.4,38.0,39.8,22.2,29.7,17.1,16.1,61.3,26.8,83.7,49.0,40.4,23.4,56.0,43.8,150.63221476510068
84.1,181.0,43.9,96.9,84.1,96.4,119.4,60.7,40.9,39.5,23.4,32.2,17.8,14.6,60.0,27.4,89.1,45.2,44.4,23.3,58.2,42.8,150.73333333333332
79.4,168.2,41.2,100.2,94.6,101.9,115.2,62.8,41.4,39.9,23.9,32.6,18.2,15.5,57.0,25.0,79.7,45.6,38.1,24.1,58.6,42.0,155.34604316546762
99.2,184.5,43.6,109.7,108.7,110.8,117.4,67.8,43.2,42.3,24.1,33.6,17.5,14.6,62.5,27.4,87.1,50.5,40.2,27.4,57.4,40.7,159.32619047619048
106.3,185.2,48.5,118.1,107.9,112.0,125.0,69.6,44.4,44.6,25.2,33.4,17.6,14.7,64.7,28.4,89.9,49.2,41.4,29.5,57.4,40.9,161.81233766233765
74.9,169.1,41.2,99.9,90.6,98.4,113.6,59.7,38.8,35.8,20.7,30.0,16.6,13.8,59.7,26.9,84.8,44.2,41.4,24.3,55.9,40.1,162.2463503649635
80.4,173.8,44.6,101.1,90.7,101.6,120.0,60.6,40.8,37.4,23.0,30.6,18.2,15.3,59.2,26.6,81.1,44.9,38.1,23.4,58.4,42.8,152.51262798634812
72.6,171.1,42.7,104.1,90.2,93.0,112.0,55.3,39.4,36.2,21.9,28.7,16.8,13.2,56.1,25.6,80.4,46.6,37.9,23.1,55.8,38.9,151.6564748201439
75.6,175.2,43.0,101.0,89.9,98.3,118.8,58.9,38.8,35.3,21.4,29.2,17.0,15.7,58.7,26.1,84.2,46.4,40.7,23.3,57.1,42.5,154.57706093189964
78.3,172.9,41.8,103.7,89.2,99.1,120.2,59.9,40.8,36.4,22.5,31.7,17.8,14.2,55.8,25.5,81.6,45.6,39.1,23.8,55.4,41.6,153.11409395973155
63.9,164.0,39.7,93.3,85.0,92.2,106.5,56.0,37.7,36.0,21.7,28.7,16.4,14.2,52.2,24.8,78.2,43.8,38.0,22.8,55.4,37.1,148.89125
64.3,167.0,41.2,90.8,79.2,91.9,109.1,54.5,36.2,35.0,21.5,28.0,16.8,13.7,57.0,24.8,78.3,44.8,39.1,22.1,56.4,38.0,140.3272727272727
84.6,175.9,41.9,103.4,93.4,101.0,117.4,62.4,42.7,39.8,22.4,31.0,18.0,16.0,57.2,24.9,84.3,45.3,39.8,24.5,57.4,41.5,155.47194244604316
92.0,182.8,43.5,102.6,107.4,107.4,120.7,64.7,41.6,40.7,22.0,30.0,17.3,15.2,61.9,26.5,87.5,47.0,40.4,23.0,58.8,42.1,169.25510204081633
74.0,165.1,40.7,101.7,88.0,96.5,118.1,62.8,41.0,38.0,22.8,30.0,16.7,15.8,55.1,25.8,77.8,42.7,38.7,23.8,55.4,42.3,150.79655172413794
91.6,178.5,43.7,111.2,100.6,105.9,124.4,65.7,42.4,38.8,22.3,32.0,18.1,16.5,61.4,27.8,83.9,46.0,39.8,27.8,58.5,44.5,178.15492957746477
105.1,187.1,48.4,116.1,110.3,106.4,129.6,65.8,42.9,40.2,23.4,34.9,19.1,15.3,65.1,28.2,91.1,47.9,40.8,28.4,56.5,44.8,185.4679245283019
75.4,169.4,42.5,107.2,93.1,101.3,121.0,60.5,37.1,33.3,20.1,29.9,16.6,14.6,60.6,27.4,87.8,45.1,43.0,24.5,57.0,41.5,166.04755244755245
95.6,178.5,44.4,114.6,106.5,107.3,119.5,66.1,41.5,39.1,22.4,32.5,17.0,14.5,59.6,26.0,85.6,46.5,41.4,29.6,58.8,41.7,171.6931407942238
68.4,170.6,39.7,94.3,80.1,91.8,109.7,56.4,37.9,35.8,20.6,29.5,16.5,13.9,57.1,27.1,81.1,44.8,39.3,21.2,58.0,39.7,133.70895522388062
72.6,170.0,41.6,100.6,96.2,95.3,111.1,55.2,37.7,36.3,21.4,28.2,15.7,13.9,57.7,25.2,80.7,46.4,40.9,21.7,55.6,39.6,134.2411575562701
72.1,159.7,42.2,102.1,92.8,95.5,110.6,61.2,37.5,38.9,21.5,30.8,16.3,14.0,52.3,24.0,72.6,42.8,36.2,24.3,57.6,38.2,147.00864661654137
96.2,182.7,44.6,109.6,96.4,109.7,121.9,67.5,43.7,41.8,26.2,31.9,18.4,15.5,60.5,27.2,88.0,47.4,40.9,26.5,59.6,42.6,152.12618296529968
65.0,173.6,42.7,92.9,76.6,91.0,115.8,53.6,36.3,36.6,21.2,28.1,16.2,16.9,54.9,25.0,78.6,49.0,37.9,21.0,57.7,43.1,136.9235074626866
96.7,179.8,46.9,114.4,102.2,104.2,125.1,66.8,41.8,40.7,24.3,34.5,18.6,14.7,60.0,28.4,86.2,47.3,42.5,26.5,58.4,43.5,166.60194174757282
97.5,170.7,48.6,114.3,106.1,106.2,121.7,66.8,44.8,42.4,24.7,33.1,19.0,14.2,53.2,24.1,75.8,50.5,35.1,28.1,57.8,42.1,152.28167701863353
99.2,178.1,45.7,118.2,105.1,106.5,120.8,66.2,43.9,41.6,23.7,33.7,19.0,14.5,59.7,26.4,82.7,52.5,40.6,29.7,61.3,41.8,164.64920127795529
79.8,170.0,43.3,104.3,94.2,96.3,114.8,59.8,39.4,38.0,22.0,30.3,16.9,14.7,56.4,25.2,79.3,45.5,38.1,26.1,58.8,40.5,165.49446494464945
101.7,182.8,46.0,111.1,108.7,108.6,126.4,67.1,44.4,40.3,24.0,32.4,18.1,17.6,62.8,29.6,88.7,49.6,43.0,25.9,59.1,44.5,172.7832807570978
108.2,171.4,43.5,123.7,113.6,113.4,128.0,74.4,47.7,45.6,24.7,32.9,18.4,15.7,55.9,24.9,77.4,47.0,36.8,29.9,58.4,42.2,173.85884146341465
107.7,184.2,40.5,111.9,102.5,121.1,124.6,77.2,47.2,44.4,24.4,32.7,17.4,17.0,64.2,28.4,89.8,45.2,42.2,27.9,57.8,43.1,169.1598662207358
129.2,190.9,49.7,125.8,113.6,124.8,132.3,78.8,47.8,43.4,25.5,35.8,20.0,15.9,65.1,28.5,91.1,50.1,41.3,32.0,61.4,46.1,
66.1,172.6,40.7,93.8,86.4,91.6,108.5,55.1,37.0,34.3,20.7,26.4,15.8,13.8,58.6,25.8,79.6,44.3,40.4,21.6,59.1,40.0,144.36133828996282
72.8,172.6,41.7,98.5,83.1,92.8,120.2,56.4,38.2,37.6,21.7,29.0,16.5,17.0,57.9,27.4,81.9,46.1,40.1,23.8,57.3,43.7,175.23837209302326
65.7,167.0,41.6,98.5,84.2,92.2,113.8,55.9,37.1,33.2,19.9,26.9,15.2,16.5,54.9,24.8,77.8,43.7,40.3,23.2,55.6,42.2,142.84317343173433
79.2,190.0,41.5,96.1,90.0,101.6,112.6,61.2,40.7,37.5,23.3,28.2,17.6,15.6,61.3,28.6,89.6,49.7,42.7,23.2,56.4,41.4,148.0651851851852
78.1,163.0,41.1,104.6,94.7,101.3,114.7,64.0,38.4,39.3,22.0,30.1,16.4,13.7,56.3,24.2,73.0,43.8,33.4,25.2,59.6,39.0,154.33986013986015
114.5,177.9,49.5,121.3,113.7,114.0,132.7,72.1,44.7,43.3,23.4,34.1,19.2,14.1,57.2,24.5,83.2,48.9,40.8,29.6,59.4,43.3,188.81603773584905
115.1,184.9,52.0,120.3,109.7,117.0,131.8,72.6,47.9,45.3,24.2,36.2,19.7,15.3,60.8,26.9,90.6,50.4,42.3,28.4,60.7,45.6,174.50925925925927
91.6,179.6,45.2,111.4,94.7,104.6,125.8,64.9,42.0,38.1,21.8,32.6,18.5,15.7,60.0,25.7,84.8,44.5,40.3,25.4,60.5,44.2,163.38666666666666
104.4,182.2,45.4,115.8,104.0,110.4,122.7,67.5,43.7,44.0,25.6,31.8,17.3,14.0,62.7,27.7,85.5,48.8,40.8,29.1,58.7,42.5,176.34901960784313
66.4,163.5,40.3,95.2,74.8,92.4,113.2,57.4,38.7,38.9,21.7,31.0,17.4,15.6,54.8,24.6,77.2,43.8,37.9,22.0,55.5,40.8,137.78947368421055
88.4,171.0,45.1,109.5,102.6,99.5,120.2,60.8,41.0,39.9,22.4,32.6,18.6,14.6,56.7,25.8,81.6,46.4,39.0,26.7,59.2,40.2,170.95408163265307
86.6,170.3,43.8,108.8,97.1,102.3,120.1,63.0,45.4,41.8,24.8,30.9,17.7,14.6,55.3,25.1,78.1,46.0,37.2,25.1,59.2,42.0,160.02077922077922
91.2,174.9,43.8,108.6,97.6,104.8,124.8,65.0,42.7,40.2,24.5,32.3,18.5,17.8,60.4,27.8,83.7,45.5,38.2,24.8,61.4,45.4,157.8986842105263
80.2,174.2,45.7,100.8,91.9,97.1,117.6,57.7,39.5,40.0,22.5,31.7,17.7,14.6,59.2,24.9,83.0,47.7,39.5,23.2,56.9,41.6,147.1135135135135
79.6,168.7,43.4,104.6,91.0,103.2,120.3,62.8,42.3,39.4,22.7,29.7,16.8,15.7,56.2,24.7,76.6,47.1,35.6,24.9,56.2,42.0,164.47703180212017
71.7,173.1,40.1,96.8,90.6,98.7,111.5,59.7,38.8,35.5,20.8,28.6,17.0,15.7,60.6,27.8,83.2,46.6,39.7,22.0,55.0,40.6,130.4695652173913
82.1,193.1,42.9,102.1,83.6,102.5,116.3,58.6,40.0,38.3,21.8,27.8,17.6,16.6,64.0,28.9,96.0,48.1,46.6,25.2,58.6,42.9,138.03066202090594
91.6,177.5,42.8,111.6,102.2,102.5,119.4,63.3,42.7,38.4,22.3,31.9,18.4,14.0,57.6,25.1,84.6,47.6,40.7,28.2,57.7,38.7,186.39157894736843
80.9,183.0,42.5,102.5,89.5,98.5,118.7,58.8,40.5,36.0,21.0,29.3,16.7,15.5,62.1,28.8,92.4,45.4,44.0,23.4,57.0,41.8,157.80068728522338
99.7,174.0,42.0,121.3,108.0,103.9,119.4,64.4,44.7,43.1,25.0,32.0,18.8,14.6,59.8,26.6,81.1,48.7,41.0,31.2,57.4,40.7,196.1359322033898
89.5,184.7,42.5,108.2,91.6,100.1,121.7,62.3,41.9,40.6,24.5,31.7,17.0,16.0,63.5,28.8,91.4,47.8,44.0,24.1,58.6,40.5,166.43388704318937
91.9,164.7,45.2,114.3,108.4,103.1,122.2,66.9,41.7,38.7,21.4,31.5,16.6,15.0,57.5,25.9,81.0,45.9,37.7,28.6,58.8,42.5,192.50526315789472
96.3,192.8,43.1,112.1,97.5,107.7,123.0,64.0,40.9,37.3,21.7,31.0,18.6,15.9,64.8,29.0,89.7,50.2,43.8,27.3,58.4,44.1,159.98
82.0,178.2,40.9,97.5,84.7,103.2,112.9,64.0,43.9,40.7,24.8,29.1,17.1,16.0,59.5,27.7,84.8,45.8,41.7,24.1,58.8,41.3,143.3596837944664
71.9,178.1,43.1,91.9,80.8,94.4,112.8,54.3,39.7,37.0,21.8,30.1,17.4,14.7,61.1,26.3,85.7,48.4,41.2,21.9,56.8,41.3,147.58661710037174
82.8,176.1,45.0,103.8,86.8,101.7,119.5,61.4,42.7,38.3,23.3,32.5,18.0,15.9,57.3,24.7,82.5,46.6,40.5,24.7,58.6,42.6,158.86236559139783
68.3,172.8,40.7,92.6,83.7,90.2,109.4,52.6,39.0,37.3,22.5,30.7,17.8,14.3,56.6,24.8,82.2,44.6,39.8,22.3,58.9,39.7,137.4969696969697
82.8,170.5,46.1,103.6,96.0,98.4,114.2,62.0,42.1,40.4,23.7,31.5,17.9,13.5,53.8,24.8,81.2,44.0,39.7,25.1,58.1,40.3,162.5839416058394
62.8,172.9,39.7,87.7,77.4,88.1,102.7,51.9,36.2,37.2,22.0,27.4,16.8,14.9,57.3,26.1,83.4,42.5,40.8,22.0,57.2,38.1,130.69019607843137
89.4,175.2,44.9,110.5,100.4,103.2,120.0,65.1,40.4,39.3,22.0,31.4,16.6,15.0,58.8,26.4,83.8,47.3,39.8,26.2,58.1,41.6,160.76086956521738
92.8,177.6,45.0,106.1,107.7,102.2,120.1,64.3,40.0,40.6,24.2,32.0,18.0,14.8,58.9,27.2,81.4,48.9,39.7,26.1,58.2,40.8,170.4372340425532
55.5,164.3,40.2,94.8,70.1,84.2,109.4,49.0,34.3,33.2,20.1,28.3,15.7,15.9,56.9,25.1,78.5,43.9,38.5,21.2,55.4,40.2,149.84516129032258
61.8,157.0,41.5,99.0,89.2,92.0,111.5,54.4,36.3,33.1,20.6,27.7,16.8,13.5,51.2,22.7,71.1,40.8,33.9,24.3,54.3,38.9,150.7
83.4,172.5,44.5,107.4,94.2,102.4,115.5,62.2,40.0,36.5,21.7,29.6,16.9,13.1,58.5,26.1,81.6,47.5,41.9,25.9,56.8,40.2,157.96288659793817
80.6,181.0,44.3,101.8,80.0,103.7,117.6,59.6,39.6,36.9,23.2,31.4,17.7,14.7,58.7,26.1,83.3,48.1,39.6,23.6,56.8,41.2,154.77755102040817
95.5,181.4,43.9,106.9,106.4,104.2,126.0,63.7,39.8,40.4,24.0,33.1,17.8,15.9,60.7,26.7,86.2,45.6,42.8,23.8,55.5,41.4,173.12760942760946
104.1,174.4,45.5,117.4,110.9,113.3,127.9,69.1,46.1,44.0,25.2,34.0,17.4,15.6,59.3,27.2,84.2,49.1,40.0,27.5,57.2,43.8,160.47207792207791
101.2,177.6,49.4,114.1,103.4,108.0,126.6,68.3,45.6,40.7,23.6,33.4,18.0,15.8,62.0,26.7,86.3,49.0,40.8,27.7,57.1,44.1,162.51743421052635
134.5,181.9,47.8,129.1,130.8,126.7,128.4,79.2,51.3,49.8,28.2,38.3,20.2,14.8,59.5,27.1,85.0,49.8,42.9,33.3,59.6,42.5,
93.7,171.5,47.5,113.1,105.7,111.5,125.6,69.4,40.2,37.8,21.7,32.5,17.5,14.0,54.5,25.2,76.8,48.5,40.3,27.2,58.4,41.1,169.06701030927837
75.1,182.6,42.5,100.0,84.4,93.3,116.5,56.9,39.0,36.7,22.2,30.5,17.2,16.4,58.3,26.2,86.0,46.3,41.5,21.5,59.4,41.8,152.233676975945
80.8,176.3,45.5,101.1,90.9,102.1,113.0,64.4,38.4,38.6,22.8,30.1,16.6,13.2,57.2,25.4,82.9,47.1,39.5,24.4,58.0,39.0,142.60421052631577
76.4,184.2,45.6,97.4,80.8,96.5,116.3,54.3,37.2,37.2,22.6,29.7,17.8,14.2,61.2,26.7,88.3,48.4,42.6,22.7,58.2,41.9,150.24468085106383
102.7,172.8,44.9,119.2,111.5,113.5,125.2,73.4,39.8,41.9,22.8,31.8,17.3,14.0,60.5,28.5,88.0,46.8,41.0,29.2,60.0,40.4,177.23157894736843
87.9,182.7,43.4,103.4,85.9,104.6,119.9,63.7,42.7,40.0,24.1,31.8,18.5,15.2,63.0,28.2,92.1,44.7,42.4,25.3,57.3,42.6,150.132384341637
87.4,168.0,43.5,104.6,99.0,105.1,121.8,67.5,44.4,41.1,23.0,30.4,18.1,15.7,58.2,26.0,80.9,48.8,37.9,24.5,56.6,43.1,151.16611295681065
100.8,182.2,42.4,110.5,96.5,113.2,121.7,71.6,44.1,42.3,24.5,31.6,18.1,16.2,60.7,26.6,81.0,48.7,38.9,25.9,57.0,43.6,158.34536082474227
71.4,161.4,42.5,102.4,82.8,95.5,114.5,61.5,41.1,36.3,22.5,31.3,16.7,13.8,53.5,24.0,76.0,40.2,37.1,22.9,57.7,39.3,148.74947368421053
70.2,175.7,41.8,100.5,83.2,95.7,115.8,56.5,36.9,34.4,21.3,28.6,16.1,15.0,58.0,25.4,79.3,44.9,38.8,24.7,56.6,41.0,150.2458193979933
92.7,174.3,44.8,113.4,100.2,106.7,118.7,66.5,43.7,38.7,23.5,31.4,17.5,14.5,58.3,26.3,82.0,46.5,39.4,27.7,58.7,41.3,151.2
80.6,177.7,43.1,105.2,90.0,98.6,119.6,60.9,42.2,38.3,24.4,30.2,18.1,15.6,57.6,26.8,83.7,45.2,37.3,25.0,59.4,43.1,154.48951048951048
94.4,177.5,42.5,117.1,103.0,106.4,121.1,62.8,45.7,42.4,24.0,32.7,18.5,15.6,60.9,27.5,81.9,48.0,41.9,27.8,56.7,42.8,181.81315789473683
85.7,188.9,44.0,101.9,89.5,101.8,116.4,59.1,41.9,38.8,24.2,32.1,18.8,15.2,62.9,27.2,90.4,49.6,43.4,23.2,55.5,42.3,137.1204697986577
63.8,178.8,43.0,94.3,78.8,89.4,113.6,54.1,34.3,34.4,21.0,26.2,16.0,15.5,60.0,25.8,86.8,43.8,41.1,19.3,57.2,42.9,140.13111888111888
73.6,165.7,41.7,103.5,89.2,97.3,113.4,60.0,40.0,36.3,20.8,29.7,15.6,13.1,54.8,24.8,76.3,43.9,36.2,23.8,56.2,38.6,157.8941605839416
76.9,171.3,40.5,98.8,90.7,99.6,111.5,60.7,42.6,38.5,22.8,29.3,16.6,13.8,57.4,24.6,79.4,45.5,38.4,23.1,54.5,39.5,151.27619047619046
92.7,168.5,44.8,119.7,107.7,103.7,122.7,61.7,40.3,39.8,22.6,30.6,16.4,13.5,56.9,25.4,79.6,46.0,40.2,28.8,56.0,40.6,199.62507836990596
93.7,177.4,42.4,112.8,99.4,109.8,119.5,70.1,42.2,39.5,23.8,31.6,17.8,15.7,61.2,27.0,87.1,44.3,42.9,28.0,56.2,41.9,185.2
94.0,173.7,46.1,113.2,103.2,102.5,120.0,64.5,44.2,41.3,23.9,33.4,18.2,13.9,57.7,24.7,81.7,48.2,40.6,27.1,56.1,40.6,175.15405405405406
106.0,179.0,46.6,109.5,103.7,116.2,122.2,73.8,47.4,47.0,27.6,33.7,19.9,15.0,58.2,25.7,82.2,46.6,39.9,26.6,61.0,41.8,182.37282229965157
79.9,174.7,43.1,105.4,84.2,100.8,117.6,65.1,41.3,37.1,21.6,31.0,17.5,15.7,60.6,27.8,85.2,46.2,40.0,24.4,58.5,41.5,165.40875912408757
95.4,187.7,43.3,108.2,99.5,109.2,120.1,64.9,42.5,43.5,23.5,30.3,18.2,16.3,64.5,27.2,91.2,48.4,44.9,23.4,56.2,44.3,145.04110429447854
110.3,185.4,47.9,126.7,111.5,109.4,131.5,67.8,46.0,40.8,24.5,34.8,19.3,15.9,60.7,26.5,89.0,50.0,42.8,30.2,59.9,44.9,
97.4,185.4,44.1,113.1,101.4,110.3,118.5,67.1,40.0,39.0,22.8,31.5,17.6,15.3,63.3,26.8,87.6,50.9,44.5,28.9,58.4,41.7,174.5759581881533
118.0,179.9,49.2,124.8,114.2,115.4,132.4,75.5,46.9,45.4,24.7,35.9,19.8,16.3,61.6,28.5,84.9,48.7,43.5,31.9,62.5,45.9,191.38791946308726
76.0,164.2,42.2,103.2,90.5,97.4,112.3,60.5,39.0,37.2,22.5,30.1,16.7,13.6,55.0,24.1,76.0,45.1,36.6,24.7,58.7,39.5,142.74744525547445
99.7,178.4,49.3,116.7,108.2,106.7,121.6,62.2,42.0,39.0,22.8,32.9,18.2,14.5,61.5,26.9,86.8,50.5,42.1,29.2,57.6,41.8,186.17357859531774
91.8,173.9,43.7,111.4,101.6,104.6,125.5,63.5,42.1,38.7,23.1,31.2,17.4,16.2,57.7,25.4,79.3,46.0,38.3,26.1,57.2,43.6,157.66837060702875
87.0,173.0,44.8,105.4,96.7,107.5,121.1,68.3,43.0,38.0,21.5,31.9,16.7,16.0,58.1,25.7,82.7,47.8,41.1,24.3,58.6,42.9,157.560409556314
87.3,175.6,41.5,109.6,91.5,103.7,122.8,66.7,43.3,39.2,22.8,32.9,17.5,16.3,59.7,27.0,84.2,49.3,41.0,26.4,54.3,43.0,160.6138181818182
71.7,175.7,42.6,100.5,87.9,98.0,112.8,58.9,36.6,35.5,20.8,27.7,16.1,15.2,59.4,27.0,83.2,46.2,39.4,24.2,57.4,41.5,150.37218045112783
99.2,176.8,47.0,117.0,104.3,104.4,127.3,67.2,39.8,41.1,23.7,33.2,17.8,15.2,59.7,26.1,87.0,47.9,39.9,28.2,59.0,42.7,191.45454545454547
77.9,168.8,41.1,98.7,88.7,96.3,113.0,63.9,40.3,36.2,21.8,31.4,16.4,14.0,60.6,27.3,82.6,43.6,41.3,24.8,54.1,38.8,163.73488372093024
119.3,180.5,47.9,125.7,115.2,118.4,130.4,72.2,48.5,44.0,25.3,33.5,19.6,15.4,61.6,27.3,85.5,49.0,42.2,31.6,60.0,44.4,186.91753246753248
80.3,172.5,42.4,103.1,93.8,100.9,115.3,63.1,41.4,39.3,22.4,29.9,16.9,15.3,56.5,25.9,81.3,46.2,37.5,25.4,56.7,41.6,143.4269372693727
91.6,181.7,45.8,105.8,96.3,105.9,117.7,65.3,43.3,40.2,23.1,32.1,17.5,15.3,60.2,26.3,83.1,51.1,40.7,25.6,59.0,43.9,144.76013513513513
90.8,187.9,45.2,107.7,99.2,108.2,117.5,64.7,42.4,39.2,23.1,31.3,17.5,15.8,61.5,27.3,86.3,50.4,41.1,24.8,56.7,42.0,151.498
86.1,173.4,44.7,109.5,99.9,102.5,118.5,62.3,40.8,37.7,21.9,31.4,17.4,14.9,56.9,26.6,81.8,49.4,39.4,26.5,59.0,41.4,159.84060402684565
101.1,178.8,43.7,120.5,109.7,108.4,123.4,66.2,42.5,39.5,23.3,33.5,18.7,15.8,62.1,27.8,84.2,48.4,40.4,28.6,58.5,43.3,168.40062111801245
76.9,180.7,43.8,103.5,86.5,98.9,118.8,57.1,39.6,36.9,21.2,30.1,17.2,16.6,59.2,27.2,84.1,47.4,39.8,23.7,58.7,43.9,153.33333333333331
63.0,172.7,39.8,91.2,79.1,87.8,107.5,50.7,35.2,34.2,20.8,28.3,16.8,12.8,55.9,25.1,81.0,46.3,39.4,20.9,56.1,38.3,134.45294117647057
98.4,175.5,44.4,111.4,107.3,106.2,125.6,67.0,44.6,43.0,25.3,32.3,17.5,15.7,59.0,26.2,83.8,46.5,40.8,26.9,57.2,42.8,183.7525773195876
83.5,187.2,44.2,103.4,90.7,101.9,119.5,59.9,41.2,39.3,23.3,31.6,16.7,15.6,61.5,27.0,92.9,48.7,45.9,24.9,56.4,43.8,154.0376712328767
65.1,171.7,39.9,93.6,79.8,91.9,108.7,55.3,38.1,37.1,21.3,28.4,16.5,15.1,58.4,26.2,80.6,46.1,39.2,20.7,55.0,40.2,130.54736842105262
111.5,181.0,43.7,122.3,110.8,120.5,122.1,74.9,44.4,42.3,23.8,33.2,18.4,14.3,63.0,28.2,86.4,48.0,43.9,30.2,58.4,40.4,160.08704318936876
78.0,170.3,39.7,101.9,97.5,99.8,113.0,60.3,41.1,37.4,22.1,31.1,17.7,14.5,55.7,25.6,79.2,43.8,39.5,23.6,53.1,40.2,146.59298245614036
89.1,179.0,44.2,105.9,99.2,104.2,116.0,63.7,41.3,38.1,23.8,30.3,17.4,14.7,59.0,26.5,86.9,47.6,41.5,26.4,57.7,40.7,164.65017667844523
92.0,170.5,44.0,108.8,104.0,107.9,121.5,66.8,42.0,41.8,22.8,30.4,16.8,15.8,59.1,26.5,79.7,46.8,37.9,26.6,56.4,42.8,156.44689655172414
74.1,183.3,40.0,99.8,85.7,92.8,111.9,56.1,39.1,36.6,21.4,28.5,17.0,15.5,60.8,26.3,90.5,48.8,40.2,23.1,55.5,40.5,139.28131868131868
116.1,182.9,50.4,119.8,119.7,113.7,131.3,70.9,47.3,42.6,25.8,33.7,18.8,15.1,61.1,26.7,88.2,50.4,41.6,26.7,57.6,44.5,185.63603603603605
90.2,184.2,44.3,102.3,96.1,108.7,118.3,66.0,41.1,38.6,23.5,30.6,18.3,13.7,61.1,26.9,85.6,47.3,39.9,25.6,56.0,41.9,153.6346570397112
71.0,162.0,44.2,98.9,87.9,94.8,111.7,58.9,40.6,36.3,22.4,30.2,17.2,13.1,53.6,23.6,75.3,43.0,36.5,23.2,58.8,38.6,146.1358208955224
70.4,172.1,41.4,94.4,77.0,93.1,114.1,57.6,37.6,37.9,22.5,30.0,17.8,15.0,59.4,27.8,81.7,47.0,38.5,22.6,57.9,41.2,143.2790513833992
65.3,172.8,42.5,93.2,76.3,91.5,112.4,54.1,36.2,32.6,21.3,29.0,17.3,14.8,56.8,25.9,81.9,46.8,40.0,20.5,56.3,40.9,144.75744680851062
64.6,176.7,40.5,92.2,78.9,91.6,107.6,54.0,36.1,35.4,20.5,28.9,16.5,13.0,61.3,27.0,84.3,48.5,38.6,21.6,55.0,39.8,129.42792452830187
82.3,169.7,43.3,108.3,97.5,99.1,119.2,61.0,40.7,39.4,22.9,30.8,17.1,13.9,58.8,25.3,82.2,44.9,40.1,26.7,58.4,40.8,168.50874125874128
65.5,163.4,38.8,100.8,86.2,90.4,107.9,56.8,36.5,35.1,20.5,26.7,15.4,14.2,57.9,25.7,78.5,43.9,38.9,24.8,56.3,38.0,150.43636363636364
92.1,177.2,43.6,112.8,97.4,106.3,122.6,63.4,42.5,38.9,24.0,30.9,18.0,16.4,58.6,26.2,84.9,47.6,39.8,28.5,59.1,43.3,160.73099041533547
74.1,187.7,43.0,101.3,80.4,94.4,116.6,53.8,36.4,35.9,21.1,30.5,17.2,15.0,61.5,27.2,87.8,49.5,42.1,24.0,56.7,41.1,133.9890070921986
73.7,178.2,42.5,100.9,83.8,94.4,114.3,55.6,37.4,39.3,22.5,29.1,17.1,15.5,60.0,25.9,85.8,45.7,41.4,21.8,58.7,41.9,119.71186440677965
103.5,180.0,46.8,119.7,98.6,107.1,132.4,65.3,42.5,42.6,24.3,34.0,18.7,17.0,60.1,26.4,84.0,47.0,39.3,29.8,57.8,45.9,
81.1,175.4,44.0,105.4,89.0,99.1,121.6,61.1,39.6,37.9,22.7,31.7,16.5,15.5,58.4,25.4,82.6,46.9,37.8,24.1,60.2,41.7,164.3
125.3,191.0,48.7,118.2,112.5,118.3,134.4,77.8,49.0,50.0,26.4,36.8,20.0,17.7,62.0,28.1,89.9,50.3,41.7,28.7,58.4,46.8,187.0203947368421
82.1,172.3,42.5,110.9,96.3,99.3,116.1,60.7,38.7,38.7,22.2,29.9,17.0,14.0,57.7,25.4,81.9,46.4,39.1,25.1,57.3,39.4,166.1567944250871
69.5,165.1,41.5,100.0,82.6,90.4,115.0,59.3,38.5,39.3,22.7,30.4,16.8,15.3,56.4,24.8,80.0,41.3,36.1,23.3,56.4,41.2,142.33576642335765
117.6,188.6,49.0,125.7,111.8,110.8,127.1,68.6,45.8,45.3,24.7,35.1,19.0,15.0,67.0,28.9,92.5,50.0,45.2,34.2,59.8,43.2,185.26246153846154
79.6,166.8,42.7,104.7,91.7,100.5,113.8,63.8,42.0,39.3,22.6,29.9,17.0,15.5,53.9,24.0,77.2,44.2,34.2,24.3,58.3,40.5,156.30214285714285
76.1,168.8,42.6,102.3,93.9,98.0,109.7,60.5,39.9,38.7,22.2,28.9,16.7,14.3,54.7,24.1,78.4,45.6,38.3,24.1,56.5,39.5,156.98399999999998
70.1,179.5,40.9,99.5,79.9,92.2,109.8,54.3,37.6,37.5,22.0,27.8,17.2,15.4,61.1,27.1,86.1,45.9,39.1,23.5,54.7,40.9,139.64912280701753
82.4,174.4,43.8,102.9,93.5,101.6,117.1,64.1,42.6,39.0,22.6,31.4,18.2,15.4,59.6,26.1,82.4,44.9,40.1,21.0,59.2,42.1,156.8167808219178
95.3,169.3,46.8,112.3,108.1,106.2,122.1,65.8,43.3,43.9,23.5,31.1,17.9,14.2,56.2,25.0,79.0,51.1,35.7,26.8,57.7,41.7,179.8292358803987
61.0,167.8,41.5,93.1,82.1,88.2,109.5,54.3,35.1,34.0,20.6,27.2,16.7,15.0,55.8,25.5,77.9,43.7,39.0,19.9,54.9,40.1,136.1711743772242
97.2,174.0,46.0,108.8,105.0,114.0,118.2,68.8,45.2,39.6,22.7,33.1,18.6,13.8,59.0,27.6,78.5,49.2,38.7,28.0,57.6,39.1,153.6225352112676
88.1,172.3,45.0,111.3,105.7,102.7,117.5,63.4,40.7,37.7,21.3,29.4,17.0,15.0,57.7,25.2,81.4,47.2,40.0,28.3,58.2,40.6,175.27857142857144
74.9,173.4,42.7,102.6,87.4,95.9,111.1,56.2,39.6,37.8,22.1,29.0,16.8,13.9,56.6,25.2,80.2,47.0,39.7,23.7,59.8,38.5,150.1
99.8,186.8,44.8,110.7,105.6,108.7,122.0,66.3,44.7,40.9,22.8,31.0,17.9,16.4,66.7,29.2,89.0,50.5,42.1,27.6,59.4,44.2,167.14966887417216
93.9,167.7,43.5,113.8,104.7,110.7,123.9,67.5,41.4,40.5,22.4,31.2,16.4,15.2,56.3,24.6,76.4,43.6,40.4,27.1,56.7,41.5,173.42808219178082
103.0,167.8,46.2,125.3,106.2,111.4,131.5,68.7,45.5,41.4,23.5,37.8,18.8,14.8,52.4,23.9,78.3,44.2,36.4,29.8,58.9,43.3,
119.4,177.9,49.3,126.0,119.5,118.3,126.7,75.9,45.9,46.6,25.7,32.9,18.2,13.2,61.7,27.1,83.2,52.7,37.1,29.8,60.0,40.8,177.24770642201833
88.6,175.3,47.0,113.4,104.8,101.8,120.5,62.4,38.9,38.2,23.4,31.4,17.8,14.0,57.4,25.5,84.5,47.2,41.1,27.6,56.3,41.4,174.23046357615894
90.8,182.9,42.9,103.1,96.9,107.0,120.1,64.9,41.7,38.3,24.5,30.8,18.3,15.2,62.9,26.5,91.1,44.6,43.6,24.0,58.2,43.4,154.827147766323
104.0,190.0,44.2,111.6,104.0,111.2,123.8,69.3,43.3,40.5,24.3,32.1,18.7,17.3,68.8,31.6,94.2,52.1,47.0,27.0,58.3,45.8,157.30648464163824
83.1,181.6,41.4,102.4,86.3,102.2,116.9,61.0,38.2,39.0,23.7,32.4,17.5,16.1,63.0,27.8,89.7,46.3,42.7,23.7,57.0,42.0,154.72116788321168
124.0,187.1,47.3,124.3,118.1,119.3,126.7,73.5,44.8,44.6,25.7,35.0,19.0,14.9,63.6,28.8,85.9,51.7,40.7,28.6,61.3,43.9,187.7643504531722
69.7,170.2,39.7,107.5,88.2,91.0,113.7,55.7,36.4,36.5,21.8,29.1,16.9,14.3,57.5,25.9,82.8,46.5,40.7,25.8,56.3,39.4,153.1294964028777
75.7,175.4,44.2,98.0,80.9,98.0,115.8,58.3,39.1,35.2,20.8,30.2,16.3,14.1,58.6,26.4,86.8,44.1,42.8,23.1,60.4,40.5,148.26568265682656
93.2,165.9,45.8,119.0,102.3,109.4,130.2,66.5,41.1,40.0,24.1,33.8,17.8,16.0,54.4,24.3,78.3,44.0,35.4,27.8,58.7,42.4,185.06688963210703
73.5,172.5,41.2,101.7,84.8,95.5,113.8,56.7,36.1,38.4,22.0,30.5,17.3,15.0,57.1,24.4,80.8,45.5,38.8,22.8,56.8,40.6,152.02935153583618
111.6,171.7,47.2,123.9,113.6,112.4,127.7,74.2,44.4,45.7,24.4,34.5,18.7,13.8,57.2,25.7,78.9,48.9,35.8,29.5,59.7,41.7,188.0411575562701
92.0,177.0,44.8,111.9,98.4,107.5,124.5,65.8,41.9,39.7,24.3,33.5,18.2,15.0,58.0,26.0,82.5,50.4,39.5,26.9,56.3,41.5,162.21744966442952
70.0,185.0,40.9,93.9,82.0,92.7,109.2,55.1,39.4,34.3,20.6,27.5,16.6,14.5,60.6,25.9,89.7,48.8,44.2,22.9,57.4,41.0,139.29077490774907
90.6,177.9,44.8,109.4,100.2,108.6,116.8,66.7,43.9,42.3,23.3,31.2,17.0,13.6,59.1,25.7,83.3,46.7,40.5,26.5,57.8,41.0,154.13745704467357
102.5,184.9,46.0,119.6,102.3,110.4,134.5,63.2,41.6,41.1,22.7,33.7,18.7,17.7,64.3,28.1,87.6,50.8,41.8,27.3,57.5,46.8,187.83573667711602
109.9,180.9,45.0,121.9,111.4,111.7,131.2,67.4,45.3,44.1,24.6,33.5,19.4,16.5,63.2,27.9,85.5,51.2,40.9,30.3,62.0,45.0,198.4326860841424
76.5,171.0,42.2,100.8,89.4,98.3,113.6,62.5,37.5,38.3,21.2,29.4,16.8,14.3,57.2,27.5,82.3,46.3,37.8,24.1,58.9,41.3,150.83478260869566
99.0,171.5,44.9,114.6,107.7,114.7,120.0,72.7,43.3,38.1,23.6,32.4,17.0,14.2,57.2,25.6,82.2,45.0,40.7,26.9,58.8,41.6,168.8234899328859
78.0,162.9,42.8,101.6,88.0,101.4,118.0,61.3,41.3,40.5,23.5,30.9,16.7,15.5,54.2,23.9,76.1,42.8,36.0,24.6,57.7,41.8,152.4
82.5,167.4,44.7,107.4,99.2,99.3,120.5,60.2,38.8,38.4,23.7,31.4,17.4,14.9,55.6,24.7,76.8,44.5,37.5,24.6,57.4,40.2,155.91517241379307
102.8,183.4,47.3,114.7,106.3,111.6,120.4,67.7,45.1,42.2,22.7,32.6,17.3,13.0,59.5,27.7,84.8,52.3,43.2,28.7,59.8,40.7,179.68361774744028
95.8,181.3,44.8,109.2,101.4,106.8,117.4,67.2,45.1,43.5,24.3,32.2,17.6,14.4,60.0,26.2,85.8,50.0,42.1,25.0,59.4,39.8,179.94929577464788
91.8,176.9,46.5,109.6,99.4,103.4,121.5,64.1,41.4,39.4,22.8,32.7,18.4,14.4,60.1,26.8,81.5,48.0,38.5,27.3,60.3,41.5,179.45070422535213
112.7,185.3,49.2,126.0,114.8,111.9,131.7,67.8,44.7,43.2,23.2,33.4,17.8,16.5,60.2,27.7,83.8,55.7,40.1,29.8,59.9,45.3,
78.1,175.0,42.1,97.6,85.9,96.0,111.6,59.6,41.8,40.8,24.4,30.8,17.9,14.1,57.7,25.8,81.1,46.4,38.3,22.4,58.5,40.7,130.59154929577466
63.4,172.1,39.8,90.6,79.0,91.3,110.3,54.1,36.4,36.1,21.2,27.5,16.4,15.5,56.1,24.6,81.8,44.9,38.8,21.2,56.2,42.1,125.18015267175572
99.8,170.6,45.3,117.2,108.1,105.8,123.9,67.3,44.0,40.8,24.4,33.9,18.4,16.1,56.3,26.5,80.9,48.1,38.5,27.6,59.0,43.4,177.17190635451507
64.7,167.3,40.9,94.7,78.1,92.2,105.3,55.2,37.3,37.4,22.4,28.2,16.4,13.5,54.7,24.4,77.8,44.7,37.9,22.3,56.4,38.0,139.26470588235296
69.0,171.5,41.1,94.9,81.0,92.8,111.7,59.1,39.0,35.4,21.5,28.0,16.9,14.7,57.5,25.7,81.4,42.5,36.4,22.7,57.5,40.5,134.35280898876402
83.5,177.0,43.2,106.3,86.5,101.5,121.2,62.6,41.0,38.9,22.7,31.2,17.4,16.0,59.5,25.9,83.7,46.2,40.2,25.4,56.3,42.5,168.12755102040816
66.1,168.2,41.7,96.2,84.3,88.2,110.3,53.3,35.0,33.8,21.7,30.8,17.0,14.4,55.7,23.8,80.1,45.6,37.4,24.8,57.5,39.1,153.18
84.4,178.2,42.0,99.4,89.5,102.6,118.1,62.3,41.7,40.2,23.3,32.5,17.6,15.9,59.4,25.4,82.4,45.6,39.1,23.9,57.3,42.9,156.047311827957
83.9,174.8,41.3,102.6,91.4,105.4,115.0,65.3,42.2,39.4,23.3,30.8,17.5,15.3,57.5,25.3,82.8,47.1,39.0,24.7,57.8,41.8,155.2250922509225
137.1,189.5,48.5,128.5,126.5,130.5,129.9,81.4,52.2,48.7,28.3,37.2,20.8,16.2,64.2,29.0,89.8,51.7,41.6,31.0,60.4,45.3,185.8370253164557
88.8,178.2,43.1,102.3,99.0,108.7,118.9,69.5,45.1,39.2,24.0,30.8,17.6,16.2,58.2,25.9,84.1,48.0,39.4,24.1,57.6,42.9,137.423
64.7,169.9,41.4,95.2,86.8,90.5,107.0,52.9,35.5,35.4,20.7,27.2,16.2,14.8,57.1,24.7,79.9,46.1,38.4,23.8,52.7,38.5,135.13408239700374
71.9,185.9,41.9,93.1,85.2,95.2,110.8,53.5,38.4,35.9,21.8,30.0,17.6,15.7,60.3,26.8,89.1,47.5,41.3,20.4,57.3,41.5,116.93105802047782
82.7,176.3,42.5,106.2,87.5,96.9,117.5,57.7,41.4,40.6,22.9,31.8,16.9,15.0,61.4,27.4,87.0,43.3,41.3,24.4,56.8,41.1,147.35709342560554
90.3,179.0,43.5,105.8,96.1,106.1,115.3,64.6,43.4,43.3,24.8,30.3,18.0,14.4,58.8,26.5,82.6,47.2,37.6,24.3,55.8,41.3,148.6153846153846
105.7,179.9,47.9,116.5,105.5,110.9,131.6,71.1,44.8,44.7,25.3,34.9,19.9,15.7,57.4,26.2,84.1,48.0,39.5,28.3,61.3,44.0,182.28391167192427
116.2,181.9,48.5,120.4,114.4,123.0,128.6,75.6,46.6,41.9,25.0,34.9,19.2,14.6,58.1,27.0,84.0,51.6,41.2,29.3,57.7,43.4,190.76891891891893
86.0,171.6,42.7,104.8,100.6,104.9,116.7,63.7,42.3,39.4,23.4,30.0,17.1,16.2,58.5,26.9,76.9,49.1,38.1,25.8,58.1,41.7,163.98561151079136
96.3,173.2,46.6,119.9,104.9,106.7,120.1,64.0,44.5,41.6,25.0,31.7,18.9,15.3,59.0,26.6,84.5,47.8,41.0,29.8,56.6,42.5,177.4030612244898
104.5,182.3,47.4,113.5,110.8,110.3,125.8,70.3,42.8,40.4,24.7,33.8,18.4,14.7,60.0,27.2,87.1,53.4,42.4,27.0,57.0,45.2,171.0168918918919
88.2,164.1,42.5,110.8,102.1,111.1,120.4,68.8,43.3,40.7,23.5,30.1,17.4,14.7,56.4,24.4,77.3,43.6,36.3,27.4,57.6,41.0,168.59136690647483
87.4,170.4,44.1,103.7,87.7,101.7,119.4,65.3,42.8,43.2,24.9,32.5,18.0,15.1,58.8,27.3,84.0,44.3,39.9,25.3,62.5,42.6,156.14144486692015
122.5,189.0,46.1,128.9,114.7,116.0,133.0,72.2,45.4,44.4,26.4,34.2,19.3,16.9,63.7,28.9,92.4,47.1,42.8,30.6,59.7,46.5,199.1749271137026
72.3,165.3,44.0,99.1,83.1,96.0,112.5,59.2,40.6,37.8,22.9,28.8,16.9,14.3,53.3,24.2,75.7,44.7,35.3,22.2,56.7,40.2,150.85222222222222
77.3,180.3,43.3,94.9,84.3,97.5,116.1,62.1,41.5,36.4,22.6,29.8,17.4,16.1,60.2,27.9,87.2,46.8,42.3,21.1,56.3,42.6,139.14163701067613
78.6,168.3,43.4,107.2,101.7,101.8,113.6,60.5,38.7,37.4,21.6,26.8,15.8,17.3,59.5,26.5,81.3,45.5,38.6,25.9,56.0,42.1,157.07777777777775
97.2,182.2,47.6,108.5,96.5,106.4,126.7,61.8,44.3,43.7,23.2,33.0,18.4,15.4,60.2,27.1,81.6,53.7,40.1,26.0,60.0,44.8,167.32954545454544
105.2,181.2,47.2,114.1,101.6,107.8,129.1,67.8,44.4,41.6,25.3,34.5,17.9,14.8,58.8,27.1,87.8,48.8,43.0,28.4,59.1,41.7,166.9463157894737
85.5,179.0,44.6,106.3,87.5,99.2,125.8,61.9,41.5,40.8,23.1,32.2,18.3,16.4,60.8,28.3,85.9,45.4,40.2,23.8,59.4,44.6,166.26410256410256
98.2,179.7,45.5,111.7,105.1,105.7,122.0,65.2,42.9,39.3,24.2,33.0,18.3,14.6,56.1,25.3,82.2,54.4,39.6,26.6,58.6,42.5,174.03580645161293
69.4,179.6,42.5,92.2,79.0,92.4,113.2,54.6,36.5,36.2,22.6,29.8,17.4,16.3,57.4,26.3,88.3,44.5,41.7,19.9,58.2,41.8,127.2910447761194
96.8,165.4,47.8,114.3,105.0,114.8,124.7,74.1,41.7,40.2,21.9,32.5,17.0,13.8,53.6,25.2,77.6,44.3,39.1,28.5,57.8,40.9,173.98566552901025
82.1,171.4,43.2,103.2,94.7,98.6,113.1,63.6,41.3,41.2,23.3,29.5,16.7,13.6,58.3,25.3,79.6,49.7,36.1,24.8,58.7,39.5,149.5123674911661
91.0,177.4,45.5,102.9,99.4,106.6,115.4,67.1,44.0,43.0,23.4,30.2,17.3,14.6,59.3,26.9,83.6,47.6,40.9,26.5,58.3,39.5,172.73826714801447
94.0,174.4,44.7,111.9,105.8,102.3,124.8,66.5,43.2,41.4,23.5,33.8,17.8,15.0,58.8,26.9,83.9,48.0,41.5,27.3,56.4,41.5,184.10574324324324
104.1,186.3,46.1,108.4,96.0,111.7,119.2,71.2,45.0,43.9,26.2,33.1,19.3,14.4,62.1,29.8,92.6,45.3,43.7,26.7,60.1,42.2,150.83565891472867
99.6,177.2,48.3,114.3,106.0,109.6,122.6,66.7,44.6,41.1,24.4,31.8,18.4,13.6,60.1,27.5,84.7,49.2,39.8,27.7,58.2,41.3,168.58294314381268
99.6,178.8,45.5,115.6,95.0,108.6,128.0,68.2,43.0,40.8,24.4,34.5,17.5,13.7,61.5,28.3,88.3,46.5,42.0,27.4,57.4,41.2,175.96450511945392
70.5,170.9,44.0,99.0,76.8,90.0,115.3,54.2,37.8,36.7,22.9,29.8,17.8,13.6,57.3,25.7,81.0,44.4,38.4,22.7,54.7,40.0,137.90526315789472
67.0,169.2,42.2,97.8,85.3,93.3,110.1,55.2,35.2,34.3,21.0,28.1,16.3,14.2,55.2,25.1,80.6,45.7,38.3,23.6,57.0,39.7,140.15704225352113
107.3,180.9,47.0,112.8,104.1,115.3,127.7,72.0,45.4,43.3,23.6,34.4,17.8,16.5,62.4,28.5,90.1,44.5,43.0,28.1,58.2,43.7,165.38918918918918
96.1,170.8,47.9,115.1,103.0,109.7,124.1,67.2,45.4,42.8,24.7,32.4,18.2,14.4,55.2,25.7,82.9,45.2,38.7,26.5,58.6,41.4,175.33925233644862
59.9,171.0,40.0,88.7,73.1,85.5,106.0,52.8,35.1,33.3,20.3,28.7,16.4,12.9,55.5,25.6,80.8,42.5,36.9,20.1,57.5,38.0,121.43062730627307
85.9,174.6,43.8,107.4,95.8,102.2,121.5,62.3,40.8,38.5,22.5,31.5,17.1,14.6,58.1,26.6,84.1,46.8,37.1,24.8,56.6,43.0,164.55864406779662
97.1,179.8,46.5,111.4,106.2,113.1,122.9,68.7,44.3,39.5,22.9,32.2,17.7,15.7,59.7,27.0,86.7,47.0,39.2,26.4,59.8,43.1,156.90653594771243
90.6,176.5,44.0,108.5,100.0,104.6,117.5,66.2,42.0,40.7,23.7,30.0,17.3,13.6,61.0,28.0,84.6,47.7,40.1,25.2,57.4,40.2,155.9915824915825
72.1,177.2,42.1,92.5,84.0,91.4,111.9,55.2,37.2,38.3,22.0,29.1,16.6,15.6,58.8,25.9,81.2,48.1,39.1,20.9,59.5,40.2,152.5089605734767
98.1,184.2,45.0,114.2,103.1,105.7,121.6,66.2,42.5,38.6,24.2,31.7,18.1,14.7,61.4,27.1,88.1,48.4,41.9,27.5,60.3,41.1,158.39383561643837
88.6,179.2,45.9,111.6,95.6,101.1,125.8,61.8,41.0,39.6,24.6,30.3,17.2,17.3,59.0,25.6,82.1,48.1,40.5,26.6,56.5,44.7,169.80996677740865
68.9,172.8,41.7,99.3,76.8,90.7,110.3,51.6,36.3,36.7,20.7,32.2,18.4,14.4,59.3,26.9,82.4,53.7,38.7,25.2,55.0,38.3,160.69923664122138
81.8,182.5,41.2,103.4,89.5,96.6,113.5,56.3,40.4,37.7,22.6,29.1,17.4,14.7,58.9,26.1,82.6,50.0,38.0,24.4,58.4,42.3,142.3029702970297
95.2,173.2,42.6,115.3,114.6,108.5,119.0,68.8,40.2,37.7,20.4,31.3,16.0,13.2,61.6,27.3,83.9,47.9,39.3,28.3,56.2,39.3,178.8845588235294
88.2,187.0,45.9,106.9,90.7,102.3,119.5,62.7,42.6,38.4,23.4,33.5,17.5,14.2,62.7,28.1,92.9,48.5,44.4,25.0,59.3,42.5,153.75551948051947
90.5,164.9,48.6,114.0,91.7,103.2,128.2,64.4,42.7,39.8,22.7,35.6,18.4,15.7,54.4,25.6,79.7,44.3,37.5,27.1,59.9,43.7,168.75000000000003
94.1,170.1,44.5,110.6,102.3,112.0,117.8,72.3,43.7,42.5,23.7,30.8,17.4,14.5,55.2,24.8,78.6,47.5,36.4,26.3,58.4,39.6,176.19724137931036
67.0,180.0,39.8,90.4,77.1,90.8,105.7,54.5,37.6,35.3,21.2,27.7,17.0,13.9,57.7,24.9,84.4,47.7,41.7,21.0,57.8,39.7,131.46080586080586
84.8,174.5,44.9,105.4,97.3,103.4,113.9,66.4,41.1,39.1,22.8,29.2,16.8,13.9,59.6,25.8,83.3,49.5,37.4,26.3,57.8,40.6,145.29097222222225
83.3,165.4,40.5,102.0,92.4,109.6,113.2,65.5,43.5,40.4,23.0,31.6,16.8,13.9,56.5,24.0,75.7,45.2,32.7,24.3,57.9,39.6,140.71532846715328
86.1,184.7,42.5,100.5,91.8,100.6,119.6,62.8,41.7,39.3,22.9,32.6,18.2,17.2,62.5,27.9,89.7,51.4,39.1,21.8,59.0,43.6,155.105
83.2,173.5,45.7,107.6,97.1,103.9,116.1,62.3,41.1,35.7,24.4,29.7,17.8,15.7,61.1,26.1,81.2,47.6,39.5,26.6,59.7,40.5,155.59424460431654
84.8,173.4,45.4,103.8,93.2,101.3,122.4,61.5,41.2,38.8,22.4,29.9,16.9,15.3,60.5,26.5,86.4,45.5,39.7,25.7,56.2,42.0,153.3814432989691
97.2,194.2,48.2,104.7,93.8,108.1,124.8,66.9,40.6,40.1,23.2,32.4,17.4,14.0,67.5,30.0,97.9,48.5,45.4,25.2,57.5,43.7,154.8534965034965
84.7,191.9,40.7,93.8,83.0,98.0,111.2,61.8,41.8,39.3,23.3,30.0,17.6,15.0,64.5,29.3,100.1,46.5,45.9,22.3,57.4,40.0,140.01029411764708
97.7,174.2,46.1,107.8,101.0,114.4,123.5,72.0,46.2,41.8,23.0,33.0,17.5,14.8,60.1,27.0,86.1,48.3,38.7,26.0,59.2,42.7,175.2213058419244
119.5,176.6,51.6,127.5,117.7,119.6,131.8,76.8,46.4,43.8,25.4,38.2,18.6,14.3,58.5,26.1,86.0,49.0,38.4,30.5,58.8,44.2,191.64110429447854
58.5,168.6,39.1,93.6,73.3,89.0,110.1,50.1,34.7,35.0,20.3,25.9,15.8,15.6,57.6,25.6,80.9,45.8,37.5,21.0,55.7,40.5,147.1350553505535
114.4,189.0,46.1,119.4,101.3,115.2,132.3,70.0,46.2,47.5,27.6,37.6,19.6,17.0,64.0,28.3,94.1,48.0,40.6,28.9,59.3,44.5,182.22156862745095
97.5,175.1,45.4,112.7,109.7,109.8,123.2,69.1,43.0,42.1,24.9,33.0,17.8,15.1,57.2,25.8,81.1,46.8,38.1,26.2,57.4,42.8,188.44918032786887
77.5,175.2,43.0,102.2,86.7,96.1,116.1,59.6,39.3,39.2,22.6,30.3,17.6,16.5,60.7,26.6,86.8,47.4,39.9,24.1,57.8,42.2,162.3393501805054
89.7,184.7,41.2,101.8,94.8,107.5,113.3,66.5,44.2,40.7,23.0,31.4,16.7,15.2,59.8,26.8,85.9,45.8,43.2,25.5,57.8,39.2,146.19398496240603
93.8,177.4,42.0,111.7,104.5,104.4,118.7,61.8,40.7,39.8,23.4,31.1,18.0,14.5,58.8,26.7,82.9,47.8,38.7,28.5,56.8,39.9,181.56048109965636
110.6,188.2,47.9,123.7,106.0,109.2,135.9,64.7,44.2,40.8,24.5,37.3,19.5,16.2,64.1,27.6,92.0,52.7,41.2,30.3,59.8,45.5,172.43030303030304
89.4,179.4,46.0,102.7,93.2,105.3,122.0,64.9,43.4,41.3,23.6,32.2,18.6,15.2,59.3,27.3,82.7,49.2,37.8,23.9,58.0,42.9,153.14275618374558
101.1,194.0,44.0,108.2,105.9,107.2,115.5,63.8,43.6,42.6,24.0,29.8,17.8,15.3,66.0,28.9,92.7,53.6,44.4,27.1,58.2,42.0,157.4496551724138
118.0,191.1,46.5,116.7,116.2,120.8,119.2,76.8,49.6,44.5,26.5,34.1,18.8,14.2,64.2,29.6,94.2,52.0,45.1,30.1,59.7,41.5,170.4735294117647
79.1,178.8,44.1,97.8,91.2,101.0,111.4,59.6,40.7,38.8,23.3,29.5,17.8,14.8,57.2,25.2,82.6,49.1,39.6,22.8,58.4,40.4,151.27338129496403
127.3,177.4,46.5,124.1,123.8,130.1,134.1,82.5,49.0,46.9,26.0,35.9,19.9,16.1,58.7,26.1,80.3,50.7,35.9,28.6,57.7,45.7,193.3828220858896
85.4,166.0,47.2,109.5,99.5,99.1,117.3,60.8,41.4,40.7,24.0,29.8,17.6,13.6,54.8,24.3,74.7,48.2,36.3,27.5,55.8,38.6,157.61937716262975
76.8,171.3,43.3,107.9,93.2,97.9,120.2,58.2,37.9,36.4,21.3,31.1,17.0,14.9,58.3,25.4,83.6,43.9,40.5,26.6,56.9,41.7,167.49819494584838
83.7,176.7,42.4,104.2,95.0,102.4,117.5,61.4,40.3,40.2,23.0,30.4,18.2,13.8,60.6,26.7,83.6,49.6,35.0,24.1,57.7,40.9,138.59611650485436
85.9,178.1,42.6,102.8,97.5,110.0,118.2,66.3,43.7,40.0,23.5,30.2,17.1,15.3,60.6,27.7,87.7,45.8,42.6,24.2,59.7,42.9,153.65124555160145
94.0,177.3,42.7,110.1,111.3,105.4,112.2,67.7,42.9,38.6,23.3,31.9,17.4,13.7,59.2,26.3,84.8,47.4,41.3,27.9,58.3,38.2,155.03051470588235
96.6,180.4,44.8,112.4,94.6,105.1,125.2,63.1,44.0,45.8,26.9,32.8,18.1,15.8,60.7,27.3,89.1,44.6,38.8,27.1,59.3,45.7,180.14276094276096
65.3,170.2,41.0,95.9,82.3,92.8,110.0,55.8,37.6,34.0,20.4,30.0,17.1,15.5,58.7,27.6,82.4,45.6,38.8,21.8,56.5,38.3,140.75057034220532
77.3,180.9,42.1,100.6,86.2,97.8,115.7,59.8,40.1,36.1,21.7,28.0,17.7,15.1,61.1,27.4,83.4,43.1,41.5,22.4,58.2,42.9,148.83287671232875
123.5,179.7,47.9,132.7,121.1,119.8,134.3,74.8,48.0,44.0,25.6,36.2,19.1,16.0,56.9,24.7,83.9,51.9,39.1,31.7,57.3,46.3,192.172256097561
84.2,187.9,44.6,101.1,85.5,98.6,121.8,60.5,39.8,38.6,24.0,31.4,19.0,16.7,62.9,26.8,88.7,47.4,43.1,23.4,59.1,44.3,150.47441860465116
101.2,186.2,45.8,111.4,97.0,109.9,122.0,66.1,43.0,42.8,24.7,33.0,19.4,15.4,59.9,26.1,87.2,50.2,42.1,29.4,59.0,42.7,165.31601423487544
77.5,176.7,44.4,100.0,85.5,97.9,114.9,60.7,39.7,38.0,22.8,30.3,17.3,13.2,59.8,27.9,84.0,46.9,40.6,23.5,55.5,40.3,146.18055555555557
94.0,177.1,45.9,116.7,101.2,106.5,121.7,64.5,44.3,40.9,23.9,33.6,18.0,14.4,59.2,26.5,85.4,47.0,39.2,27.8,57.3,40.8,160.1764705882353
95.8,174.8,45.2,108.8,105.7,112.8,122.0,72.1,43.2,40.7,23.0,31.8,17.4,14.0,58.2,27.1,81.2,45.4,37.0,26.2,58.4,41.6,164.47357859531775
76.0,170.3,45.5,106.2,97.4,97.3,114.2,56.4,37.9,35.6,21.7,28.7,17.3,14.9,56.9,26.1,81.2,48.2,37.5,26.7,57.9,39.8,156.44516129032257
90.6,174.3,45.5,112.3,97.4,105.3,123.6,65.3,42.1,39.2,22.5,33.2,17.8,15.2,59.5,27.9,85.6,44.1,38.0,27.2,58.3,41.2,175.2501730103806
97.3,179.8,47.0,109.0,100.4,112.5,122.6,68.5,44.8,46.3,26.9,34.3,18.9,14.3,62.3,26.9,85.9,45.6,38.5,23.7,58.6,42.7,166.91749174917493
112.9,188.9,44.1,122.6,112.0,115.3,126.5,71.4,45.7,40.4,25.4,33.6,18.3,15.7,62.8,28.7,92.3,49.4,44.7,29.5,58.6,43.5,185.92980132450333
89.5,179.2,44.0,110.8,94.0,102.2,121.8,62.5,43.4,40.9,25.7,31.1,18.6,15.8,59.2,27.2,85.9,48.4,40.2,25.8,57.9,42.3,154.32857142857142
64.0,174.1,41.5,92.2,82.5,91.3,104.5,55.2,36.4,35.0,22.0,28.1,16.7,14.2,55.2,23.7,81.2,45.2,39.6,22.0,54.8,38.1,137.75335968379449
74.5,167.9,42.2,103.1,88.1,99.5,116.0,62.1,39.7,37.6,21.4,31.8,16.7,15.5,57.2,24.5,80.4,42.3,37.2,23.7,57.7,40.8,161.7992700729927
82.3,180.3,42.5,109.5,79.4,98.0,124.0,59.8,38.0,38.8,23.5,33.7,18.0,15.7,59.0,26.7,86.9,47.2,38.4,26.2,56.8,42.6,180.21033210332104
88.2,170.2,45.8,106.7,101.6,106.2,115.7,65.6,41.7,37.6,22.0,31.0,16.8,13.8,58.7,26.5,79.5,45.4,39.0,25.7,59.3,40.5,165.0039285714286
58.2,170.7,38.3,93.5,76.1,86.2,109.1,48.2,33.2,32.0,20.5,28.0,16.6,17.2,55.3,25.2,81.8,45.5,36.4,23.5,58.1,40.7,142.44140625
102.6,180.7,44.7,116.9,113.7,114.8,126.0,69.4,42.3,41.0,24.2,29.5,17.4,15.1,61.0,26.9,89.1,49.8,40.8,29.2,56.3,42.7,175.16561514195584
82.5,177.4,40.2,101.6,87.5,102.9,113.5,61.4,42.7,40.7,22.6,29.7,17.3,15.3,58.7,25.1,82.5,46.6,39.1,25.1,55.7,39.5,138.04347826086956
72.2,177.4,41.4,98.1,87.4,96.5,113.7,55.7,37.3,35.2,21.2,28.4,17.3,15.5,60.0,27.0,87.5,45.6,40.5,22.1,56.2,41.1,147.8608695652174
89.6,179.5,43.1,110.4,98.8,104.8,117.2,67.4,42.6,40.7,23.9,31.6,17.5,14.3,63.0,27.5,87.5,46.5,39.5,26.9,58.9,38.5,164.24421052631578
57.2,178.7,37.9,90.8,68.7,87.1,102.1,47.2,34.7,34.1,19.7,24.8,16.2,16.0,55.5,25.1,80.5,48.8,38.8,20.7,56.2,39.0,130.96153846153845
95.8,174.3,43.6,114.6,97.3,111.3,127.0,70.9,44.1,43.6,24.4,33.5,17.2,16.0,57.4,27.0,82.7,45.0,37.3,25.3,58.6,43.6,167.28179104477613
80.8,183.5,41.6,99.7,88.2,100.4,114.1,60.2,39.9,38.7,22.8,30.4,17.2,16.0,60.8,26.9,88.4,46.2,42.6,25.1,59.0,42.6,147.9065934065934
82.4,183.8,41.7,103.2,90.8,99.2,117.6,60.4,38.4,39.7,23.0,31.4,18.7,16.2,63.6,30.0,90.9,48.3,42.4,28.6,54.5,41.6,171.59529411764706
76.1,174.5,43.1,97.7,83.2,96.2,116.2,60.2,36.4,38.5,22.7,31.8,17.0,14.3,61.9,27.7,82.6,43.9,39.7,22.4,59.2,41.9,146.55
88.7,179.8,44.8,101.6,90.0,103.5,117.8,64.9,43.8,42.0,24.4,31.7,18.2,15.6,58.1,26.5,87.4,47.5,40.3,25.1,58.2,42.8,163.36402877697842
68.2,172.0,40.6,94.2,79.6,93.8,111.8,55.2,37.7,36.6,22.3,29.1,17.1,14.4,55.5,24.8,79.6,43.0,37.9,22.6,54.8,39.4,144.73795620437957
102.5,168.7,43.9,123.2,109.1,117.1,125.9,73.5,43.9,39.3,23.7,33.2,17.9,15.4,57.0,25.7,78.3,46.0,38.7,30.1,56.9,42.6,
86.0,184.4,43.5,103.7,96.0,103.8,117.6,58.0,40.8,39.9,23.7,31.0,18.8,15.5,62.8,28.9,90.8,44.9,44.2,26.1,58.0,40.9,154.4845890410959
64.5,169.3,40.7,93.3,81.3,88.6,109.5,52.7,36.4,35.6,20.4,29.5,15.4,13.4,56.3,25.8,80.7,42.5,39.6,23.2,54.8,39.8,127.6546511627907
74.3,167.4,44.1,98.7,84.2,96.1,113.5,59.6,38.8,37.2,20.6,31.7,17.1,12.8,60.3,28.2,86.5,44.8,39.1,24.7,56.8,39.1,147.86091954022987
82.5,178.6,42.4,97.2,90.7,100.2,114.0,64.6,42.5,40.2,21.7,28.9,16.5,14.9,58.8,25.5,80.4,45.5,40.9,23.3,54.6,41.0,128.88791208791207
68.8,174.0,39.6,95.7,83.8,96.2,111.1,56.4,39.7,37.4,23.7,29.1,17.5,15.1,60.5,27.7,84.1,46.5,38.4,22.8,55.0,40.9,150.33599999999998
88.9,182.7,44.2,105.7,97.8,103.7,120.5,63.3,39.7,39.5,22.8,29.7,17.3,13.8,61.0,27.8,85.5,49.0,42.6,25.7,58.2,43.0,139.6371237458194
100.7,178.3,42.9,114.5,111.0,112.0,120.8,69.3,42.9,38.6,23.8,31.6,18.0,15.6,57.2,26.3,83.1,50.7,38.0,27.7,59.6,41.6,195.02747252747253
84.6,186.8,44.1,102.3,95.6,101.8,115.9,59.7,40.3,38.2,23.8,29.3,17.9,14.8,61.4,26.9,90.2,49.2,41.9,24.1,57.8,43.1,146.0928082191781
89.2,185.8,44.7,107.6,103.6,105.0,118.7,63.8,40.7,37.3,22.5,29.6,18.1,15.4,63.0,28.2,90.6,50.0,40.9,25.6,58.8,43.4,158.87248322147653
77.3,169.6,41.5,98.6,91.7,99.3,112.6,59.1,41.2,38.7,22.5,31.0,18.3,14.8,57.0,25.3,76.3,47.2,36.8,23.9,59.6,39.5,149.73955223880597
100.5,183.6,43.7,113.6,98.3,113.3,123.0,72.6,45.5,43.7,25.4,30.7,17.8,15.5,59.5,27.9,87.3,47.4,39.9,26.3,58.7,43.7,181.44982935153584
87.5,172.1,43.5,106.9,99.3,102.7,117.1,63.7,42.8,38.7,23.7,34.3,17.7,14.6,60.1,27.4,84.1,44.0,40.1,25.8,60.6,40.9,157.38055555555556
65.0,176.7,39.9,92.6,76.9,89.3,108.7,51.4,36.9,34.8,21.7,30.0,17.2,14.3,58.2,25.5,82.8,47.4,39.0,20.5,55.3,39.5,130.54511278195488
61.1,176.9,41.0,92.2,74.6,85.5,110.9,49.8,34.7,36.3,21.3,27.5,16.6,15.7,59.7,26.6,87.5,43.0,38.8,20.7,55.8,41.4,136.31007194244603
72.1,163.8,42.0,98.8,88.0,99.3,115.8,61.4,39.7,36.9,22.3,29.2,16.7,15.3,56.0,24.3,79.1,43.3,37.7,24.4,55.5,41.1,146.50950570342206
59.2,157.2,39.9,98.1,82.7,86.8,114.8,52.8,33.9,34.8,20.3,28.9,15.8,14.7,55.3,23.4,75.2,43.3,35.5,23.4,53.7,38.7,170.1421875
118.6,187.8,45.2,122.4,111.0,117.5,130.0,71.6,46.6,46.8,26.8,34.2,18.8,15.7,63.3,27.3,88.7,47.3,42.5,29.0,59.7,44.4,188.3962382445141
61.3,173.0,40.4,88.6,77.1,88.0,105.6,49.4,36.5,35.6,21.6,27.6,16.6,14.1,57.2,25.3,84.3,45.2,41.1,19.8,56.8,38.8,133.97177419354838
90.1,171.4,45.3,112.3,101.6,102.5,116.7,66.2,38.4,40.2,24.0,31.0,17.0,12.3,56.8,25.4,83.1,47.8,40.2,27.3,56.5,40.0,164.1307692307692
83.2,172.2,41.2,106.5,95.7,103.2,118.7,64.5,40.4,38.0,22.1,30.0,17.3,14.8,58.9,26.0,81.8,44.8,39.7,25.9,57.3,41.2,156.375
89.5,171.0,45.3,112.6,91.2,105.6,127.7,65.8,41.2,40.3,24.0,33.4,17.5,16.7,59.7,26.7,82.2,44.6,39.8,26.1,57.7,43.8,184.36267605633802
67.0,183.8,41.4,90.6,78.5,91.5,106.7,52.8,37.1,36.2,22.4,26.8,16.5,15.8,61.6,27.2,88.5,47.7,42.8,19.6,57.1,41.8,125.77802197802198
101.6,183.0,45.5,113.7,107.5,107.5,118.5,68.8,44.4,40.7,23.3,31.7,18.3,13.6,63.3,28.3,90.1,51.0,42.0,27.9,61.3,39.7,169.61803278688527
83.3,182.2,43.8,101.8,91.0,103.3,117.2,63.6,39.5,38.3,21.2,31.4,17.6,16.7,60.3,26.7,86.0,45.6,41.4,24.6,57.7,42.5,144.5013422818792
105.1,183.6,47.3,120.7,105.6,113.8,125.8,70.1,45.3,43.6,24.6,34.8,18.8,15.0,58.7,27.4,90.2,47.0,40.6,27.0,56.8,42.6,178.95583596214513
70.4,172.0,40.2,98.8,82.7,96.0,112.5,56.8,40.1,36.6,20.9,29.2,16.3,14.3,57.1,25.4,80.6,45.8,38.8,22.8,57.4,40.8,132.78439716312056
83.6,176.5,41.4,106.4,96.3,98.3,119.8,62.3,40.0,40.2,22.7,31.3,17.6,16.0,58.5,25.0,83.1,46.8,42.8,24.7,58.2,41.7,173.25
68.2,176.0,44.4,93.6,79.7,92.1,117.1,55.2,36.0,34.5,21.8,30.0,17.0,14.5,57.3,25.3,83.1,47.7,43.4,22.0,56.8,42.1,149.2728624535316
77.5,179.3,42.1,98.5,84.3,92.5,117.0,55.2,38.1,37.1,22.8,32.1,17.7,14.7,57.9,26.7,87.8,46.7,45.2,24.1,58.8,40.8,146.4778597785978
85.1,172.5,42.8,112.8,96.6,100.6,121.9,60.1,40.4,38.5,22.7,30.9,17.7,16.5,57.9,25.4,83.0,47.0,43.0,27.2,56.7,42.5,178.43623693379794
81.7,178.3,42.1,100.8,87.5,96.5,119.3,60.1,40.8,41.3,23.6,32.2,17.6,15.6,57.5,24.8,84.3,46.4,42.5,23.9,56.6,41.4,150.15
92.2,183.2,42.9,114.1,99.1,105.9,120.7,62.2,42.2,38.7,24.0,33.2,17.6,16.0,63.0,26.8,90.6,50.7,45.1,27.9,59.8,42.3,169.037037037037
88.3,177.4,42.9,109.4,103.3,101.6,118.3,60.9,40.2,41.0,22.4,31.3,17.6,15.0,59.8,25.7,81.8,51.3,42.8,27.1,57.3,41.9,161.14324324324326
76.1,173.5,42.5,104.3,99.5,94.8,114.0,57.0,36.1,34.0,21.0,28.8,16.8,16.3,59.7,26.0,83.3,51.9,42.3,23.9,57.0,42.1,142.2595238095238
80.6,177.3,42.6,103.5,87.2,95.2,120.8,60.8,37.5,37.7,21.8,32.0,17.0,16.6,61.1,29.2,90.3,46.2,46.9,25.2,59.4,43.0,161.34980988593156
91.8,181.0,47.5,110.0,96.0,103.7,123.6,65.7,39.5,39.4,22.9,31.6,17.0,14.6,59.8,26.2,85.4,47.0,42.9,24.8,58.0,43.3,165.0
88.8,164.1,44.4,111.8,106.5,109.2,116.7,67.3,43.3,38.3,24.2,31.2,17.5,13.3,55.4,24.0,76.9,48.0,38.8,26.8,58.7,40.4,155.4834437086093
68.6,176.2,41.0,96.2,81.2,91.7,115.4,54.2,35.7,34.4,20.3,29.4,17.2,15.1,59.7,25.4,83.4,48.2,37.8,22.9,57.5,41.1,138.76330935251798
72.0,173.0,40.1,94.1,78.1,93.4,113.8,56.6,40.4,40.7,22.8,30.6,18.1,15.2,58.9,26.4,81.2,47.3,38.9,20.9,55.8,41.6,129.67844522968198
92.0,174.2,42.3,109.8,106.4,103.3,120.2,65.5,42.2,40.0,23.1,31.3,17.7,15.6,58.7,24.9,84.6,51.8,39.4,27.8,57.4,40.6,159.98350515463918
69.8,175.6,38.5,96.8,76.7,90.5,111.7,56.3,39.4,36.4,22.8,29.8,17.8,15.5,59.9,26.6,85.1,44.8,41.4,22.6,57.0,40.2,153.76173285198556
82.8,171.3,41.2,99.3,101.9,108.3,111.0,66.0,40.7,41.3,24.3,30.1,17.5,14.7,56.5,24.0,80.7,48.1,39.9,24.1,56.1,39.5,146.82490272373542
99.7,176.9,47.0,109.2,101.5,107.5,125.7,70.2,44.7,42.2,23.3,35.5,18.4,13.8,55.2,24.6,84.9,50.3,43.5,25.2,57.5,41.8,163.42857142857144
88.0,185.0,46.7,103.9,84.1,101.4,122.1,62.8,40.2,36.7,22.4,33.4,18.1,14.9,62.5,27.1,85.0,51.1,41.9,23.6,58.7,43.0,141.5892156862745
85.6,180.2,43.2,105.6,91.4,103.6,115.6,64.2,41.2,39.5,24.3,30.2,17.6,15.1,61.0,26.8,89.9,46.4,44.4,25.6,56.6,41.8,154.9812949640288
63.4,175.3,39.3,92.2,78.6,90.7,107.1,51.6,34.6,33.3,20.2,29.2,17.7,15.8,56.7,25.2,82.0,48.0,41.3,22.1,58.3,39.9,132.98076923076923
67.7,169.4,43.7,98.8,80.7,94.7,116.6,56.3,37.1,34.7,20.0,29.2,17.1,15.8,57.8,25.4,80.6,45.1,46.0,22.1,55.0,42.8,155.40416666666667
84.2,174.0,44.3,102.7,89.9,100.5,120.7,60.5,39.4,38.8,24.6,33.5,18.2,15.5,58.1,24.1,80.2,48.1,38.6,24.2,60.0,42.8,159.4829351535836
65.8,157.2,40.4,98.1,81.2,90.5,106.5,56.8,39.7,38.5,21.8,30.1,16.6,13.4,52.6,23.1,75.1,43.1,35.6,23.5,57.3,37.0,149.6703557312253
72.4,169.6,39.8,102.3,91.0,95.1,109.9,58.9,37.2,37.0,21.2,31.7,16.1,14.7,55.8,24.8,81.3,46.5,39.4,24.8,55.6,37.8,156.7816091954023
90.3,182.8,46.0,106.4,96.7,99.6,117.0,60.5,41.7,41.0,23.4,32.4,19.2,15.1,60.5,27.3,87.8,50.2,42.8,25.4,59.5,42.2,152.6909090909091
86.3,175.4,41.3,109.3,101.0,101.5,112.1,63.1,41.3,36.6,22.3,29.5,17.2,13.5,58.1,25.4,82.5,48.2,42.9,25.4,56.8,37.4,166.55238095238093
77.8,168.2,44.5,103.4,95.5,99.1,110.7,59.3,39.5,36.8,22.0,31.2,18.6,13.8,56.8,24.8,80.5,46.8,39.7,25.2,58.1,39.7,157.4918149466192
80.1,178.9,42.4,102.0,94.8,98.1,118.2,57.9,38.5,35.8,21.2,30.0,17.1,15.5,60.1,25.4,85.1,47.3,41.5,22.9,58.1,43.1,146.66666666666669
119.7,189.0,49.3,122.4,112.2,113.0,139.5,72.0,44.7,44.2,24.4,36.5,19.3,16.8,67.3,30.1,94.2,51.6,47.7,30.6,59.0,46.3,188.7
89.7,182.8,43.1,107.7,97.3,101.5,121.4,62.6,38.8,39.6,23.0,31.9,18.2,16.0,60.6,26.4,86.7,50.5,46.5,24.2,57.4,44.6,160.8367549668874
76.3,176.3,43.9,95.8,85.7,97.6,111.3,58.4,40.4,37.4,23.4,31.1,18.3,13.3,58.8,26.3,83.6,45.9,40.1,22.6,57.1,38.6,141.17894736842103
75.3,177.6,42.9,93.9,84.0,97.5,112.7,60.8,40.4,36.3,22.5,29.9,17.3,14.8,57.9,24.8,84.3,47.0,41.0,21.8,57.7,39.4,155.68550185873605
95.6,173.8,45.3,114.1,99.3,109.9,122.3,68.9,43.2,40.6,24.4,32.2,18.1,14.1,53.9,24.4,81.6,49.0,36.7,28.8,55.5,41.1,178.32847682119206
58.3,165.7,37.7,91.8,83.0,85.5,105.8,50.5,34.8,33.4,21.0,28.8,17.0,15.3,55.2,23.6,78.9,45.6,40.7,20.7,54.8,39.2,124.90260223048327
91.9,175.8,44.0,111.2,104.1,108.0,122.2,67.4,42.6,38.8,22.3,29.3,16.8,15.8,60.2,26.4,81.5,52.3,39.1,26.2,58.4,42.2,162.3750865051903
81.3,181.2,43.2,100.5,82.9,98.9,116.2,60.2,39.9,37.8,24.1,30.7,17.9,15.0,57.6,26.0,86.1,45.8,41.9,23.8,58.6,41.4,153.16051660516604
74.5,169.1,41.0,104.2,79.6,93.3,114.2,60.5,39.6,38.5,21.8,31.8,17.2,13.8,53.7,22.2,77.0,46.3,35.6,25.2,56.0,38.5,124.84939024390243
63.4,173.7,39.6,93.0,80.2,88.0,107.0,54.2,35.3,33.7,21.1,28.4,15.8,14.4,56.1,24.2,81.5,46.5,40.1,21.4,56.3,39.7,147.74716981132076
82.1,175.5,42.0,100.0,93.8,100.6,114.5,63.1,41.0,41.2,23.3,30.8,17.5,13.6,58.8,26.1,87.7,44.7,41.1,23.9,57.1,39.1,159.19117647058823
56.5,166.2,39.0,86.6,74.2,86.8,103.9,51.8,36.3,33.7,20.4,27.3,16.5,14.1,54.7,23.8,76.9,45.3,36.3,20.7,54.5,36.4,135.84313725490196
94.5,172.5,44.8,112.4,103.7,106.4,122.8,66.2,43.5,42.0,25.8,33.7,18.2,16.1,59.6,26.3,85.0,49.8,40.3,28.3,57.2,42.3,181.9053003533569
87.3,181.7,42.0,107.2,95.8,100.9,114.7,62.7,41.2,41.0,23.8,29.9,17.9,14.0,60.8,26.4,86.7,48.5,41.1,23.8,56.7,39.4,157.52540192926045
99.5,180.7,46.9,110.7,106.3,107.8,125.2,67.3,42.3,42.9,24.9,31.3,18.0,15.1,61.4,26.8,88.4,50.2,47.3,25.9,55.0,43.6,171.24466019417474
92.6,183.0,46.3,113.1,94.2,100.3,119.4,62.8,41.7,39.7,23.2,32.2,17.9,14.9,59.0,26.3,89.5,46.2,44.6,27.6,61.3,40.8,182.3961904761905
69.4,183.1,40.8,92.3,77.3,92.8,110.6,55.1,36.9,36.3,21.5,28.2,18.1,14.9,61.4,27.7,85.8,51.5,41.2,23.4,57.6,42.0,156.58677042801554
57.8,169.3,38.7,89.2,72.9,87.5,110.9,52.3,35.5,33.3,20.6,27.9,16.5,16.3,56.5,24.7,81.6,41.0,41.1,20.2,56.6,40.3,142.1625
81.6,179.2,43.0,101.2,95.5,99.7,113.9,63.4,40.7,38.9,23.6,31.0,18.0,14.9,60.0,26.0,89.3,47.9,45.3,23.0,55.5,40.9,151.06666666666666
87.5,182.8,43.5,102.1,86.1,103.3,117.3,63.3,43.5,39.5,24.0,32.3,18.4,14.3,61.1,26.6,84.5,47.8,39.6,24.6,58.2,41.0,148.50909090909093
95.2,174.7,42.9,110.7,98.9,103.3,121.9,67.7,47.0,41.6,25.6,33.4,18.0,14.1,59.0,26.0,82.5,48.3,36.7,26.5,60.2,40.4,173.44201954397394
90.0,184.0,44.5,106.1,96.0,102.2,119.0,62.3,41.4,39.7,23.8,31.7,18.3,15.5,60.0,26.4,87.6,49.3,44.7,27.2,61.5,41.6,170.00113636363636
91.0,182.8,45.5,107.0,92.9,102.3,123.3,62.7,42.2,40.2,23.4,33.0,18.2,15.0,61.5,26.8,88.6,49.9,44.5,24.2,59.0,43.3,156.16216216216216
125.8,187.1,48.9,128.0,113.5,115.9,137.6,74.8,49.3,47.7,25.7,36.5,20.1,18.3,63.9,26.2,89.9,52.4,41.2,31.5,58.3,48.2,198.93975903614458
103.1,175.0,46.0,114.6,108.8,110.4,123.8,70.8,42.7,44.0,26.4,32.3,19.7,15.0,56.2,25.5,81.0,50.8,37.5,28.1,58.8,42.2,171.32890365448503
72.9,176.3,42.0,99.4,85.9,95.1,116.5,57.8,38.8,36.8,22.7,30.1,16.9,15.1,61.5,25.9,83.2,50.1,39.5,24.0,56.4,40.9,150.0102564102564
86.4,168.7,45.4,110.8,100.8,102.3,122.8,64.7,41.2,39.3,23.5,31.1,17.5,14.2,55.4,24.7,77.6,49.1,40.3,27.1,58.5,41.5,172.78601398601398
97.6,180.5,48.3,114.6,102.2,106.1,125.4,62.6,41.3,39.7,22.6,31.3,18.8,15.8,57.7,25.5,83.9,49.5,43.3,24.5,58.0,45.7,163.4111111111111
76.5,172.8,43.0,102.9,87.1,96.9,115.2,60.8,38.6,38.3,23.0,29.1,16.9,15.1,57.2,25.5,83.8,45.4,40.5,25.8,58.3,39.8,160.70898876404493
79.5,165.9,41.9,104.6,93.0,100.0,115.9,62.2,41.2,41.3,25.0,31.2,17.1,15.0,54.5,24.2,76.6,43.8,36.9,24.8,59.7,40.0,174.83682310469314
73.7,169.0,42.4,98.8,81.4,95.5,113.4,60.2,39.3,39.3,22.2,30.9,18.1,14.0,54.7,24.4,76.9,41.2,41.1,23.5,57.1,38.2,157.16447876447876
72.2,176.9,42.3,97.1,87.4,94.0,115.3,56.9,38.2,36.2,21.7,29.4,17.3,15.3,59.1,24.9,82.0,46.9,39.1,23.0,55.8,41.8,125.84671052631579
84.1,183.5,42.8,101.8,89.4,97.1,118.0,60.8,41.1,42.9,24.1,29.2,18.1,16.1,60.7,26.2,90.0,49.0,44.8,24.5,56.6,42.1,151.00333333333333
113.0,177.7,46.5,119.7,119.4,116.9,125.6,77.2,49.4,42.3,24.7,33.2,19.0,15.0,58.3,26.8,84.9,51.2,42.0,28.9,58.7,41.6,189.0
111.0,179.6,51.3,114.8,114.3,110.9,127.7,71.2,47.7,45.0,26.2,35.5,19.6,15.0,57.3,25.2,86.1,54.5,40.6,27.9,59.5,43.3,174.40769230769232
108.3,182.4,48.1,118.7,111.9,108.2,126.5,71.7,41.4,42.0,23.8,33.1,17.7,13.8,56.0,26.3,88.6,49.8,41.8,29.7,59.3,42.3,179.98954248366013
78.9,181.9,45.2,96.3,87.7,97.5,114.5,59.3,39.4,37.8,22.4,31.0,18.1,14.7,61.1,27.3,91.1,49.1,41.1,23.7,55.3,41.5,146.69354838709677
81.2,172.9,42.6,101.1,92.6,100.6,117.3,62.9,42.8,38.9,24.2,30.9,17.9,14.2,55.6,23.9,84.0,46.3,38.9,23.2,58.2,40.7,149.61442953020133
106.3,180.3,45.9,114.3,111.6,115.6,123.6,71.7,45.7,41.8,24.5,32.0,18.2,13.9,60.0,26.0,84.6,49.6,39.2,26.8,58.8,40.9,190.896875
69.5,173.5,42.2,97.3,89.1,94.0,109.2,54.6,38.7,34.8,21.7,29.3,16.8,13.3,58.1,25.0,85.6,44.5,43.3,21.9,56.2,40.5,125.44750000000002
90.2,179.4,43.7,112.7,108.5,108.8,120.1,64.8,40.2,36.6,21.4,29.1,16.3,15.6,63.1,27.3,87.6,49.6,40.2,28.2,57.6,40.2,162.19662162162163
118.9,184.4,48.6,124.9,127.0,114.1,130.2,71.9,46.0,42.7,23.4,33.3,18.9,16.0,65.2,28.3,92.3,56.5,43.3,30.8,58.0,45.1,191.46347305389222
125.1,189.0,48.4,116.2,117.1,117.2,125.5,75.2,54.0,46.9,29.3,36.8,19.7,14.0,63.1,28.0,90.0,53.8,42.0,28.1,56.4,43.7,171.4426229508197
60.0,168.9,40.5,85.6,74.2,89.4,105.1,51.2,34.7,34.9,22.8,27.7,17.1,14.0,51.2,23.0,78.3,45.4,39.3,19.2,59.7,37.6,126.6741935483871
133.7,193.7,47.2,128.5,130.6,113.9,122.0,75.6,49.7,43.8,26.3,35.8,20.4,13.5,67.3,29.0,95.1,54.2,43.5,34.0,59.7,41.6,171.0729483282675
101.2,182.2,45.0,110.2,103.0,108.5,127.6,68.2,44.6,40.7,25.4,34.1,18.9,15.6,60.5,27.7,84.0,52.1,42.1,27.6,58.3,43.1,171.89647887323946
92.0,174.2,43.7,104.1,103.2,106.8,121.0,66.8,42.5,41.7,23.5,31.9,17.8,16.4,56.6,25.0,83.3,49.5,37.2,26.2,58.5,43.2,159.5201438848921
104.4,177.3,46.6,110.8,111.6,113.1,118.8,70.6,46.5,42.9,25.4,33.2,19.2,14.0,59.9,25.9,82.3,52.1,39.3,28.0,61.4,41.5,160.0
88.4,168.3,45.4,110.7,104.1,102.5,119.4,63.3,40.7,39.0,22.7,33.2,18.1,14.7,54.7,23.9,77.2,49.9,37.2,28.1,58.3,40.3,173.7320284697509
76.7,182.2,43.9,100.5,80.7,96.1,118.2,58.2,40.1,38.8,22.6,31.4,17.7,16.1,60.8,26.2,84.6,49.7,39.8,21.5,58.3,43.3,133.55481727574752
95.1,176.3,45.2,117.0,107.0,103.8,122.0,59.6,43.1,40.5,22.9,32.4,18.5,14.6,60.3,27.1,83.7,49.3,42.2,29.2,55.4,41.0,193.5747508305648
77.1,170.8,41.4,97.8,83.9,94.6,113.6,62.8,39.7,38.8,24.0,31.6,17.8,14.1,57.2,25.0,80.7,44.8,41.9,22.6,56.3,40.5,142.63971119133575
81.9,163.9,42.2,108.8,98.9,99.3,116.5,60.6,42.2,40.7,23.7,31.5,17.8,14.1,51.6,23.3,78.0,45.9,39.8,27.6,56.5,37.8,163.2
97.0,172.8,46.1,114.6,104.6,105.6,119.8,62.9,46.7,42.8,25.1,33.3,19.7,14.1,59.3,25.4,80.0,50.4,42.3,28.1,58.4,41.2,170.20918032786886
73.4,171.4,42.2,99.7,85.1,96.4,115.7,59.7,37.9,35.8,21.2,30.5,16.5,16.4,57.6,25.2,81.9,46.0,41.7,21.7,55.3,43.0,144.83445945945945
107.4,185.3,43.9,119.5,105.9,108.5,128.7,69.1,44.3,41.6,24.1,33.3,18.9,14.6,62.6,28.3,89.4,50.4,42.1,28.0,57.8,42.2,183.50338983050847
89.3,170.0,43.4,115.4,101.2,101.8,121.5,61.5,41.8,39.4,21.7,32.6,17.5,14.9,59.8,25.4,83.6,48.6,40.8,28.9,57.6,41.8,172.70206896551727
80.1,174.9,41.2,106.3,96.0,99.2,115.5,59.8,39.7,37.6,21.5,30.6,16.8,14.9,59.1,27.0,83.6,47.5,39.8,25.1,57.3,40.5,157.29527027027027
102.0,185.5,44.0,118.3,98.8,110.8,131.9,71.7,43.8,43.3,24.7,32.5,18.6,18.3,60.5,25.8,89.1,49.4,41.5,28.0,58.7,46.1,190.19292604501607
95.1,174.8,44.7,116.4,108.2,105.4,125.4,63.7,40.7,41.3,23.3,31.4,18.2,16.7,58.7,24.5,81.9,47.7,42.2,28.1,57.5,42.1,192.71523178807948
58.7,173.4,40.2,86.1,74.5,87.5,106.2,50.5,34.6,33.7,20.7,25.6,16.6,15.9,57.7,25.8,81.3,48.9,43.1,19.1,55.6,40.2,117.32307692307693
88.8,176.7,42.7,114.1,87.8,99.5,124.7,63.0,40.1,39.4,22.2,34.6,18.8,17.1,60.0,27.0,85.2,49.4,45.0,27.7,57.6,41.7,179.52252559726963
92.1,178.4,44.5,105.6,98.4,108.6,120.7,67.4,43.4,40.8,23.3,32.6,17.7,15.0,57.2,25.6,87.2,48.5,41.3,24.9,58.4,41.6,166.37697841726617
76.1,175.4,39.7,111.9,82.8,90.9,120.5,57.0,36.9,37.6,22.2,30.0,16.8,17.2,60.8,27.2,86.5,47.2,40.5,26.2,55.7,42.3,173.48525179856114
80.2,172.7,44.8,106.0,99.6,98.3,114.1,60.1,39.6,39.1,22.7,32.2,17.3,13.8,58.5,26.2,80.8,47.1,36.0,25.2,57.8,38.8,163.9927536231884
87.6,170.6,42.6,106.6,99.7,105.5,117.7,68.0,43.2,38.4,23.0,32.5,17.2,13.9,56.7,24.8,83.0,46.2,41.6,25.6,57.7,40.2,145.49964912280703
105.2,183.0,47.8,117.2,106.1,110.2,127.4,66.8,41.8,40.4,23.2,33.0,18.7,15.2,58.5,25.2,88.5,51.4,45.0,26.4,60.0,43.6,163.32827988338192
84.4,173.3,44.2,106.2,92.9,102.3,118.6,63.8,45.4,42.0,23.8,30.2,17.8,14.7,59.5,26.3,82.7,46.5,38.1,25.0,59.3,41.3,166.8857142857143
93.1,184.7,43.8,107.6,93.3,106.7,125.2,66.2,42.2,40.3,23.6,32.0,17.2,15.6,60.8,26.3,90.5,48.0,43.6,25.7,57.0,43.2,168.71972789115648
85.7,167.6,42.8,111.7,99.2,105.1,114.2,64.2,41.6,40.2,23.6,29.5,17.3,13.7,56.3,25.5,78.6,46.8,38.8,27.8,55.7,39.7,152.7718213058419
84.6,172.1,43.4,102.5,94.0,102.1,116.8,62.3,40.9,40.7,24.2,31.9,18.8,14.9,58.0,25.5,82.2,45.9,40.5,25.7,55.4,40.9,149.55516014234874
74.9,169.4,42.7,99.0,84.8,95.2,117.2,60.8,40.3,38.6,23.0,30.8,17.4,15.5,57.2,25.4,81.0,47.0,37.1,24.8,58.5,41.7,155.41544117647058
75.6,176.3,40.0,94.6,81.9,90.6,112.1,57.4,38.1,38.6,23.6,31.1,17.0,15.3,61.8,28.6,92.1,45.9,43.5,24.9,56.5,39.6,134.1072796934866
91.6,177.9,44.7,110.2,96.3,103.2,117.8,65.1,46.5,41.4,23.3,32.7,17.5,15.1,55.8,25.4,82.0,50.6,44.1,26.1,58.8,40.5,179.3953488372093
89.2,179.3,47.7,103.4,94.8,101.1,118.1,60.1,42.3,39.4,21.7,32.6,18.8,13.8,60.0,26.8,83.3,50.8,45.2,25.0,60.8,40.6,153.10456140350877
112.7,194.8,48.3,115.3,108.0,110.0,128.4,64.0,44.4,44.0,25.3,35.6,20.2,15.6,66.8,29.1,92.3,55.3,45.3,28.2,59.1,44.9,187.50426229508196
98.3,187.5,42.0,114.1,101.2,110.0,118.0,66.2,43.3,40.9,23.5,31.1,18.0,16.0,66.0,29.1,91.0,52.2,43.3,28.2,59.3,42.3,156.6003355704698
68.2,169.4,40.9,93.8,94.0,95.1,109.5,55.7,37.6,36.8,21.1,27.6,16.5,14.8,59.5,25.9,81.9,48.7,37.8,22.9,57.9,40.9,142.12121212121212
67.2,169.6,38.7,97.5,85.1,94.0,111.9,55.7,37.2,37.2,20.7,27.2,16.0,16.7,58.5,25.5,80.1,48.0,36.6,22.5,56.4,41.4,138.45724907063195
93.3,174.3,42.8,114.1,103.0,105.3,118.0,62.7,43.7,39.3,24.4,31.3,18.6,16.1,61.1,27.2,83.0,52.0,40.6,28.8,58.8,42.2,168.96341463414635
74.4,183.5,43.7,96.8,85.2,93.2,117.5,57.3,37.7,36.1,21.2,28.6,16.9,15.7,61.0,26.7,89.3,47.1,45.3,21.5,54.9,43.9,136.63945578231292
88.9,166.8,46.8,113.6,99.2,101.8,121.1,66.1,41.7,39.8,23.4,32.2,18.0,12.0,54.4,24.0,80.1,48.6,39.4,27.4,58.1,39.3,164.5241379310345
68.4,168.7,39.1,101.2,81.1,88.7,110.9,56.4,37.8,37.9,24.2,32.4,17.5,14.4,55.2,24.6,82.4,45.7,39.0,25.6,52.3,39.1,155.80981132075473
86.9,174.4,44.5,109.1,96.0,103.3,114.0,62.4,43.0,38.8,22.7,32.0,17.7,13.1,58.2,25.0,79.9,48.4,40.7,28.1,54.6,39.4,158.50377358490564
107.6,171.2,45.3,121.7,112.3,111.8,122.2,69.1,47.6,42.8,25.7,33.1,18.1,14.5,59.8,26.0,82.3,55.0,40.3,30.4,57.0,41.1,
87.3,157.0,43.5,110.6,107.3,107.7,112.9,68.3,47.3,41.3,23.8,33.1,18.4,12.5,51.0,22.7,71.5,48.5,34.8,26.7,56.4,36.8,152.41696113074207
83.0,168.6,41.1,102.2,88.5,101.3,117.4,64.8,42.7,43.8,25.5,31.9,18.1,14.9,55.6,25.1,79.2,47.6,38.1,25.5,57.4,39.6,142.72758620689655
107.2,190.0,46.3,115.2,112.0,105.6,119.4,65.4,46.1,41.4,24.4,33.5,19.4,14.0,64.3,29.5,90.4,55.0,45.3,28.5,57.5,40.0,155.9235668789809
66.5,168.7,40.2,96.4,84.8,90.6,110.8,54.7,36.7,35.9,21.0,28.7,17.2,15.0,57.6,25.3,79.5,46.5,38.7,22.3,54.7,40.0,143.36410256410255
116.0,182.7,45.9,120.2,122.1,117.8,126.7,73.4,49.6,47.8,26.0,34.4,18.6,16.0,62.0,27.3,88.2,49.7,41.1,29.7,55.7,43.7,175.7076411960133
97.4,165.2,43.1,116.2,109.1,108.6,119.7,69.8,44.3,43.7,25.7,34.0,17.7,14.8,57.6,25.8,78.0,48.9,37.6,29.2,57.0,40.5,162.44285714285715
69.9,173.3,38.5,91.8,78.7,91.6,111.4,56.8,39.6,36.6,22.3,29.5,17.8,16.0,58.5,26.4,85.4,43.6,38.9,21.1,56.3,40.4,146.94850746268656
100.3,188.9,45.7,114.7,104.1,107.3,125.0,63.6,41.7,39.7,22.6,30.7,18.7,17.9,65.7,28.9,90.8,49.6,44.1,27.5,60.4,45.4,168.8109634551495
76.8,172.2,40.7,97.3,94.4,99.2,112.4,59.9,40.7,37.5,21.3,30.9,17.7,14.4,60.6,26.1,83.5,50.0,42.1,23.7,58.1,39.9,157.2639534883721
88.2,175.8,45.4,111.8,102.7,100.3,121.1,60.1,38.8,36.8,21.2,30.7,16.8,15.0,62.0,27.7,86.5,50.5,42.4,27.3,57.1,41.0,183.85714285714286
98.0,171.7,45.0,116.1,108.3,107.2,123.1,68.4,44.0,40.2,22.3,33.2,17.8,14.5,56.7,26.0,80.5,48.7,39.8,28.8,60.0,41.4,194.160409556314
91.9,171.7,44.8,111.5,104.7,105.5,121.1,66.4,42.7,40.2,24.3,30.8,17.4,15.2,57.0,25.3,79.4,50.3,39.2,27.2,58.8,42.1,160.18833333333333
89.6,176.3,44.2,106.8,100.5,105.9,118.2,64.3,41.9,39.7,21.7,31.1,17.1,14.0,61.5,27.1,82.3,50.6,41.0,26.8,56.9,40.4,147.93498233215547
81.4,181.5,41.6,96.2,93.7,104.2,115.7,60.9,40.2,40.1,23.4,29.3,17.1,17.0,60.7,27.3,86.0,48.0,44.9,23.1,57.6,42.8,135.28125
90.2,173.5,46.9,112.2,102.7,102.9,117.9,65.6,45.5,40.3,24.4,32.2,18.3,15.2,58.1,25.9,81.0,48.3,36.4,29.2,56.7,41.9,171.9586956521739
104.6,179.4,45.5,110.7,112.8,107.4,120.3,64.7,44.2,44.9,23.9,33.9,19.0,14.7,60.5,26.7,88.5,55.8,41.7,27.6,57.5,41.2,163.4496644295302
63.9,156.8,39.7,98.9,79.0,92.2,111.7,57.4,40.2,36.0,21.3,28.9,16.5,14.0,53.2,24.2,74.0,41.2,36.0,23.4,55.1,38.0,143.75427509293678
63.3,171.1,39.1,96.6,79.6,86.2,111.6,54.9,36.4,33.5,21.4,27.8,16.6,14.8,61.0,26.0,82.4,44.4,40.4,22.7,53.9,41.2,132.73555555555555
108.2,174.3,43.9,121.7,116.0,110.6,124.1,66.4,44.7,44.8,26.1,33.6,19.2,16.8,57.1,24.6,80.8,51.2,38.1,30.0,57.9,42.7,177.98624999999998
75.2,172.3,43.1,99.5,83.4,94.8,117.7,58.7,40.7,37.0,24.1,30.6,18.3,14.9,57.1,24.3,81.2,47.5,38.0,24.7,54.7,40.7,166.1899641577061
92.5,180.9,43.7,108.0,100.3,106.5,117.1,63.7,43.2,40.1,23.0,31.7,18.6,15.6,60.9,26.9,87.1,49.9,43.1,27.7,57.6,40.4,171.46391752577318
83.0,183.0,42.2,102.3,85.9,97.7,117.7,59.5,41.3,38.6,22.8,34.0,19.3,14.5,59.0,25.9,85.1,48.6,40.0,24.5,57.7,40.7,150.22126245847178
82.2,176.0,43.4,110.8,92.5,97.0,118.3,57.5,38.4,37.9,22.9,32.1,17.2,14.8,59.1,27.1,86.9,46.5,42.4,26.3,59.5,41.0,167.8675585284281
73.7,171.4,42.2,98.0,85.5,98.0,114.2,60.8,40.6,37.5,22.3,28.6,17.1,13.8,57.5,25.6,85.2,41.8,40.6,22.9,57.8,40.2,143.0874524714829
92.7,171.0,45.7,109.3,105.7,109.4,123.2,66.9,41.4,38.6,22.0,31.7,17.5,14.5,55.9,24.3,80.8,51.5,38.2,25.8,56.1,41.0,162.56645569620252
89.0,173.1,41.8,105.7,100.0,103.9,118.3,62.5,39.6,40.4,22.9,32.6,18.5,13.6,57.7,25.0,82.9,50.5,40.3,26.0,59.0,40.4,144.6421052631579
66.2,172.4,41.2,93.9,81.2,90.4,114.2,54.6,36.7,35.7,21.6,29.6,17.4,15.8,58.2,24.7,81.0,46.5,40.0,20.7,55.6,41.3,124.66034482758621
61.6,163.8,42.1,91.4,79.5,88.2,112.2,51.7,35.3,35.5,21.7,30.2,17.0,15.6,55.2,23.9,76.4,43.5,39.0,21.8,56.1,38.7,144.6618705035971
85.1,164.9,45.3,108.3,99.1,102.1,118.6,62.2,41.1,40.6,24.9,32.8,16.8,14.2,51.6,23.2,75.2,44.2,37.9,26.4,56.2,40.4,171.3838383838384
102.8,176.8,46.9,118.2,111.6,107.6,125.2,67.3,42.0,40.5,22.5,34.0,18.2,14.9,60.5,26.6,83.0,50.0,41.5,29.5,55.7,40.8,169.24983388704317
99.0,181.8,48.5,114.6,102.5,107.1,124.0,65.9,42.8,41.8,22.6,32.8,19.1,14.5,61.5,28.2,88.8,46.8,44.0,27.0,56.4,42.9,179.48940397350992
107.4,184.0,44.2,121.3,110.2,110.2,126.4,66.7,44.6,43.6,24.2,34.7,19.8,16.8,61.8,27.9,88.0,52.0,40.8,29.6,56.1,43.4,189.84412698412697
112.2,172.7,46.5,121.6,118.0,109.6,123.3,67.0,45.2,43.2,25.5,33.8,18.1,14.5,55.6,26.0,79.1,55.7,40.0,31.6,58.3,41.6,197.75353535353537
80.5,174.2,43.1,103.1,89.5,100.9,116.0,59.9,41.2,40.9,22.4,32.9,18.0,15.3,58.5,25.6,80.2,51.1,36.0,25.4,58.3,40.7,146.70501792114698
69.1,170.0,40.9,96.8,81.1,95.4,111.2,57.9,38.2,35.8,20.2,28.8,16.8,13.2,53.7,24.2,81.1,41.0,37.4,23.2,55.5,38.1,134.816
84.2,172.2,43.5,107.4,97.8,96.3,119.5,60.4,41.7,39.3,22.2,31.9,17.4,14.9,57.1,25.7,83.2,47.9,39.0,25.4,57.3,42.5,150.84660194174756
84.9,180.9,42.8,106.6,96.3,97.5,116.8,57.6,40.4,37.6,23.5,31.4,17.5,14.3,57.4,26.5,86.1,48.2,39.1,27.3,60.8,39.5,159.72292358803986
66.4,169.5,38.8,100.2,80.0,92.3,115.3,55.7,35.6,36.7,21.4,29.2,17.0,15.6,59.6,26.7,81.0,45.1,34.7,26.0,57.1,42.4,153.9915789473684
58.5,164.9,40.7,91.3,69.2,85.4,112.0,50.2,34.6,34.4,20.6,28.2,16.1,14.7,54.7,23.5,76.7,45.5,40.7,21.5,54.7,38.8,136.95
80.9,171.9,42.3,104.6,101.0,99.5,111.3,60.2,39.0,38.5,22.0,29.8,16.9,13.3,57.8,24.8,83.9,49.2,37.2,25.5,56.9,38.1,153.88992805755396
87.1,173.1,45.0,108.1,92.1,104.1,121.0,66.2,42.1,41.8,24.0,32.0,18.4,15.3,57.3,27.0,82.7,50.1,41.6,26.2,58.5,42.7,170.82013651877133
118.9,177.3,46.2,128.4,122.2,120.4,133.9,76.9,46.7,43.7,27.0,36.8,19.0,16.0,60.2,26.8,83.1,50.7,39.9,31.3,58.8,44.4,181.5310344827586
102.9,177.0,45.9,119.4,108.6,108.8,124.0,67.4,42.4,41.2,24.8,32.7,17.9,15.4,58.3,26.1,86.6,52.6,44.8,29.1,58.8,42.2,177.71162790697673
102.6,177.3,48.1,115.8,107.5,108.5,130.2,68.1,43.1,45.7,27.3,33.5,19.0,15.4,60.3,27.1,85.3,50.9,41.5,28.4,57.3,43.9,169.57708978328174
94.0,176.3,43.0,108.6,101.1,106.4,120.7,66.3,44.6,41.4,25.4,31.0,18.4,15.4,60.8,27.7,87.1,47.6,40.8,27.2,57.7,41.7,160.81881533101046
94.4,181.4,45.1,110.3,99.6,105.4,124.6,64.4,43.7,40.3,23.8,32.3,18.8,15.8,61.5,27.4,86.2,49.0,43.4,27.6,58.0,43.6,167.1734375
85.6,180.5,44.0,103.7,89.0,100.2,121.0,61.2,39.1,38.3,23.5,31.8,18.6,15.2,60.9,27.5,87.1,48.5,42.3,23.7,60.0,42.2,159.14356435643566
100.0,183.8,45.0,114.7,101.6,108.2,123.5,65.9,44.1,43.9,25.7,33.0,18.7,16.5,62.0,28.1,88.1,49.7,48.4,25.9,56.3,43.0,183.00032362459547
88.3,188.4,43.5,104.7,97.0,101.5,120.0,60.3,41.8,38.3,23.1,31.1,18.5,16.8,64.0,28.3,93.1,49.2,46.1,25.4,57.1,44.6,166.28823529411764
100.5,181.1,45.5,116.4,106.6,105.2,123.9,66.5,42.4,42.5,24.0,33.2,18.8,14.8,62.7,26.9,88.6,48.0,48.4,27.2,57.7,41.9,168.50285714285715
93.8,166.9,43.5,113.9,111.5,105.6,122.4,67.5,45.1,42.7,25.3,33.6,18.3,14.0,55.3,25.3,76.6,46.2,36.9,27.7,56.6,40.7,181.07179487179485
80.4,178.7,41.7,102.2,91.8,99.7,117.7,62.2,41.5,38.8,21.1,30.6,17.5,16.5,60.0,27.2,86.5,49.1,40.3,22.6,56.6,42.5,151.71958762886598
86.7,178.0,43.1,102.0,93.0,99.1,116.3,64.4,43.3,42.3,25.4,31.1,17.5,15.0,57.8,27.3,86.0,47.4,44.5,24.3,54.9,40.6,152.08602150537635
106.3,173.2,47.7,120.9,107.5,113.7,133.6,70.4,47.2,43.7,27.0,36.3,18.9,14.6,56.2,25.8,81.1,45.5,38.1,28.4,57.0,43.0,196.6111475409836
70.5,160.4,43.3,93.2,83.5,97.4,111.7,59.4,42.2,37.3,22.0,29.9,17.4,14.3,53.8,23.9,72.9,44.6,37.0,21.1,55.5,39.7,139.6200772200772
102.1,177.0,46.3,118.1,117.0,111.5,118.7,70.2,45.0,42.5,25.6,31.7,19.1,14.1,60.6,26.3,84.9,52.0,39.7,28.6,56.6,41.6,180.01650485436895
70.7,173.2,38.5,97.5,81.1,98.1,108.8,59.0,37.7,39.0,23.9,27.4,15.7,15.3,57.1,25.4,83.8,44.0,43.3,23.4,57.5,40.2,141.6509433962264
85.9,168.8,44.6,109.8,94.7,101.7,123.1,64.5,43.8,39.0,22.3,32.9,17.3,14.8,57.4,25.1,82.4,42.2,38.8,25.7,58.4,41.5,158.64080267558526
64.3,171.0,41.2,95.2,79.8,89.5,111.6,53.3,37.1,35.6,21.7,28.2,17.7,16.1,54.7,25.5,80.5,48.8,39.3,22.6,56.4,40.0,134.0705882352941
62.3,179.2,39.0,87.9,75.3,86.8,105.3,49.2,35.4,33.7,21.2,27.7,16.7,14.7,59.1,27.5,86.5,48.2,43.0,19.6,57.2,38.3,122.73444444444445
99.7,186.7,43.1,105.4,99.0,101.6,127.1,66.3,44.4,41.7,26.0,32.0,19.6,17.4,62.5,28.3,91.3,52.3,42.9,25.6,56.4,44.6,157.9249169435216
85.1,182.5,43.9,105.9,85.8,97.8,120.5,62.0,42.3,37.3,22.8,31.6,18.0,17.0,64.8,29.0,95.7,46.6,45.7,24.9,60.7,43.0,161.53586956521738
81.2,180.8,43.1,99.9,86.9,96.1,116.6,58.3,39.8,35.7,21.2,31.7,17.4,14.6,61.1,28.1,90.6,47.5,49.0,23.0,57.6,41.3,143.14029850746266
97.2,178.9,45.0,110.4,101.1,114.3,118.6,69.9,45.8,42.0,24.5,33.7,18.1,14.3,60.2,26.4,86.5,46.5,41.6,26.2,55.5,40.3,161.23711340206185
73.7,175.4,40.6,93.9,83.5,91.7,114.1,58.2,38.7,36.4,20.8,29.4,16.9,16.0,58.8,26.2,84.5,45.3,44.2,21.9,56.5,40.3,149.87884615384615
81.6,174.2,45.1,101.6,85.0,99.3,118.0,59.6,40.7,41.2,24.7,30.4,18.2,14.0,58.3,26.6,82.6,45.6,41.6,23.1,59.0,41.7,144.36094276094275
71.4,171.5,42.9,96.2,81.8,93.1,116.8,57.4,37.7,37.5,22.3,30.0,17.7,16.2,57.0,25.3,79.5,49.1,41.4,22.3,57.3,41.8,146.1696113074205
62.7,158.5,37.7,95.9,78.0,87.8,110.8,54.6,37.0,37.2,22.5,28.2,16.2,15.2,52.5,23.1,75.4,40.3,40.9,22.8,54.7,39.4,131.21335740072203
84.7,189.7,44.5,104.2,85.3,100.0,122.0,62.4,40.4,38.6,23.7,30.1,17.7,14.8,64.6,28.9,95.1,48.5,47.1,24.1,56.0,43.9,158.46389776357827
60.9,177.2,38.3,85.5,71.1,86.7,106.6,51.1,33.7,34.7,22.8,27.0,17.2,17.0,59.0,25.7,85.7,44.7,45.4,20.2,56.9,41.0,131.255859375
67.5,173.8,41.2,95.7,80.1,92.7,113.7,54.4,37.4,35.6,22.2,29.3,17.5,15.6,56.6,24.8,83.1,47.0,40.1,22.3,55.5,40.4,142.44455445544554
80.2,173.8,41.7,107.2,90.4,94.5,115.7,61.0,42.4,37.6,23.3,31.6,17.9,14.0,56.7,26.7,83.5,47.1,45.2,25.1,57.7,39.8,159.6986301369863
102.0,170.5,45.5,120.3,114.6,109.1,122.9,66.7,46.0,42.3,23.6,33.4,18.4,14.4,58.1,24.5,79.5,52.3,39.9,30.3,56.6,42.4,186.873786407767
61.8,176.4,41.7,89.5,76.6,90.5,107.1,52.6,37.0,34.4,21.1,26.2,17.4,15.0,58.1,26.6,87.0,46.4,39.6,22.0,56.7,40.3,125.57751937984497
80.2,173.3,44.0,100.2,87.7,98.6,115.8,62.8,41.6,38.0,23.3,30.9,18.2,15.2,57.1,25.4,82.9,43.6,42.9,24.0,58.7,40.2,140.28
70.8,175.6,42.6,102.4,81.1,91.5,119.7,55.9,37.5,35.5,21.2,30.2,16.9,16.0,64.5,30.4,89.0,43.8,45.2,22.3,56.5,43.8,153.06480836236932
85.2,182.0,42.4,105.9,92.9,96.8,120.5,60.2,40.9,38.7,23.8,31.2,18.3,15.6,62.2,28.4,86.3,48.7,38.5,25.5,57.5,42.3,159.39965397923874
81.3,160.8,44.4,107.8,95.0,97.8,119.8,60.4,42.0,40.7,23.8,32.0,17.7,13.5,52.4,23.7,76.1,47.6,37.4,26.0,58.6,40.0,151.8831615120275
88.3,174.1,44.7,107.4,94.2,102.1,121.6,62.5,42.4,40.7,24.7,31.7,17.8,14.3,59.4,25.3,81.2,48.7,38.8,25.6,58.5,41.3,146.85306122448978
126.8,190.2,49.2,121.3,122.2,123.3,127.1,78.2,48.4,44.5,25.3,33.4,19.3,16.1,68.5,31.3,90.2,53.6,47.1,31.2,57.7,44.5,193.34731543624162
63.1,168.0,39.5,91.0,80.5,87.1,106.4,53.2,37.4,35.4,21.7,29.0,16.5,13.1,56.6,24.3,80.0,43.7,40.9,21.8,54.1,38.0,129.16129032258067
62.1,179.0,40.5,91.5,74.3,89.6,108.8,50.0,34.7,33.8,21.3,27.2,17.1,15.6,63.5,27.8,86.5,47.4,41.0,20.8,55.6,40.6,126.4236641221374
107.6,182.5,44.9,120.9,115.6,114.3,125.1,67.9,44.9,41.6,24.3,33.1,18.6,15.5,64.4,28.9,89.3,50.4,42.4,30.7,58.2,42.2,186.70131147540982
116.2,180.1,44.0,120.2,116.0,121.2,129.0,75.9,47.7,46.9,27.3,35.0,19.9,16.8,58.0,25.8,83.5,52.1,39.9,29.4,62.6,43.8,172.14763406940062
92.2,175.2,43.2,107.3,99.6,108.2,116.1,69.6,44.0,41.8,24.6,32.9,18.6,14.6,58.9,26.5,80.3,46.2,43.7,25.8,56.0,39.8,154.512
74.3,168.9,39.5,99.5,94.4,97.5,109.1,60.5,39.4,38.6,23.5,28.3,16.9,14.3,54.2,24.8,80.7,47.1,40.4,24.3,59.7,39.3,149.06776556776555
86.6,184.5,44.9,105.6,97.8,99.6,118.5,60.6,39.1,38.9,22.0,33.0,18.0,14.0,60.1,26.8,91.8,48.4,45.8,24.1,59.8,41.2,155.39799331103677
72.8,163.8,42.2,105.0,83.8,96.1,120.6,56.1,38.9,37.3,21.8,31.1,17.2,16.6,54.9,24.5,77.3,46.1,37.4,24.4,55.9,42.0,170.30927835051546
78.0,166.3,41.6,101.7,94.5,99.1,116.3,61.6,41.2,41.6,23.4,31.6,17.0,14.9,56.1,24.6,79.1,43.3,37.3,24.0,56.0,40.2,164.2846153846154
83.6,180.7,44.9,107.1,101.0,99.0,122.5,59.7,38.2,37.5,20.3,30.7,17.9,15.5,62.4,28.1,87.3,48.8,43.8,25.1,59.0,43.2,161.7281879194631
72.9,175.8,39.4,96.3,84.6,97.3,110.0,59.0,39.7,38.6,22.2,27.9,16.5,14.2,59.6,26.2,81.7,45.1,36.1,22.6,56.3,40.9,119.09893992932862
86.0,171.8,45.0,107.2,101.9,97.9,114.9,59.7,40.6,38.3,22.2,32.0,18.0,12.4,60.1,26.0,80.7,51.5,38.3,25.7,57.1,37.5,162.2888888888889
100.6,174.6,42.8,109.4,107.9,114.4,121.1,73.9,45.4,44.7,25.8,32.6,18.3,15.5,58.1,26.0,84.1,47.8,38.5,27.1,57.2,42.5,163.3241134751773
73.1,164.6,39.7,98.4,93.1,98.2,110.0,61.6,42.2,37.8,21.6,29.2,16.9,14.0,54.4,24.8,78.6,44.4,38.3,23.3,56.4,39.5,145.20449438202246
94.7,175.7,45.5,107.8,97.3,106.5,121.7,67.2,43.3,43.0,24.2,32.8,18.5,15.4,58.1,25.7,80.1,48.2,40.3,26.8,56.6,43.0,166.38695652173914
72.0,185.3,42.6,89.5,78.5,92.9,109.8,54.4,38.4,36.3,21.7,28.3,17.5,14.4,60.8,27.4,92.5,49.4,46.2,21.9,55.8,40.8,131.82170542635657
88.2,170.3,45.0,110.6,95.7,102.9,119.7,62.3,41.7,42.3,23.9,33.3,18.4,15.0,57.5,26.7,80.2,46.2,39.0,26.4,58.5,41.7,166.45484949832777
83.0,185.0,42.3,100.8,85.7,100.6,109.1,63.5,41.8,36.7,22.7,30.5,18.1,13.8,61.7,28.5,88.9,47.2,44.0,25.1,57.5,39.6,156.38823529411766
106.5,168.4,47.5,125.6,115.8,110.6,129.3,66.8,44.4,45.1,23.8,35.4,19.0,15.4,58.0,25.9,81.1,48.4,41.5,30.9,57.0,42.2,
90.4,174.5,43.8,108.4,96.0,108.2,123.4,68.9,42.6,41.2,22.6,30.8,17.8,17.0,56.5,25.6,80.7,46.1,40.9,26.4,58.6,41.9,164.1597122302158
72.4,181.4,42.1,95.3,78.1,91.3,110.5,53.7,37.3,35.3,22.6,28.9,17.0,12.6,60.0,26.5,89.0,48.2,45.3,22.6,57.2,39.0,128.6897810218978
65.9,164.2,40.2,93.7,77.8,94.0,112.2,57.8,38.1,38.7,22.1,29.9,16.9,16.1,52.9,23.9,75.8,46.0,37.2,21.2,55.8,40.5,151.94594594594597
99.6,187.5,45.5,114.4,105.9,110.6,121.0,65.5,42.5,39.5,24.0,31.3,18.0,14.3,65.6,29.5,94.6,50.5,48.2,28.8,58.4,43.0,173.5194630872483
73.4,176.1,41.1,92.5,84.4,95.3,109.5,60.0,37.5,36.2,23.5,28.0,16.6,14.8,62.1,27.8,86.0,45.4,42.7,22.6,58.6,39.3,139.82558139534882
77.7,178.8,41.5,96.8,82.3,98.6,113.2,58.5,39.7,38.4,23.3,29.2,16.9,15.5,59.4,25.7,85.5,44.2,41.0,19.4,58.0,41.3,132.32592592592593
62.1,172.6,39.1,92.6,79.1,87.9,108.2,51.2,35.3,34.8,21.9,26.9,16.9,15.0,58.6,26.8,83.0,45.6,38.9,21.3,56.3,39.9,134.25278810408923
76.6,166.0,43.1,99.8,91.9,97.7,114.3,60.7,40.3,39.7,22.0,28.9,16.5,13.5,54.4,26.4,75.9,48.5,37.8,25.7,56.0,39.4,142.05109489051094
69.3,159.8,43.1,101.6,87.6,96.5,116.2,58.2,39.6,37.0,21.6,28.6,17.0,14.1,51.2,21.6,71.5,44.3,36.1,22.8,56.3,41.8,148.51827242524917
86.7,171.9,42.2,106.5,96.2,106.1,114.6,65.4,44.8,39.4,24.5,32.1,18.2,13.4,59.0,25.9,81.9,43.5,39.9,25.5,55.8,38.0,172.42857142857142
90.6,169.2,45.6,117.0,100.6,100.0,120.4,60.7,43.7,39.8,23.6,30.2,17.4,14.0,55.4,25.4,78.6,51.2,37.8,28.5,58.8,40.7,178.5
85.1,174.1,44.9,106.7,99.1,104.4,115.7,63.0,39.9,38.7,23.6,31.6,18.2,14.1,61.5,27.2,84.7,45.4,38.2,25.1,57.1,40.0,149.45185185185184
78.1,176.0,39.9,100.8,94.3,94.2,112.0,56.7,40.7,40.3,24.7,29.2,17.4,15.0,57.5,27.7,87.9,48.0,41.2,23.5,56.8,40.9,134.28373702422147
99.4,174.6,49.6,119.9,111.0,108.3,123.7,63.6,41.6,39.6,22.5,33.2,18.8,13.1,58.8,26.5,81.4,51.9,36.6,29.3,56.7,42.2,161.63510324483775
93.2,173.9,44.1,112.9,99.8,110.9,122.0,68.0,44.7,41.7,24.4,32.5,18.5,13.9,61.2,27.0,82.5,48.0,37.3,24.8,58.5,40.8,176.8056603773585
102.8,176.0,51.9,125.0,106.6,107.2,130.8,63.8,43.5,40.7,24.5,32.7,19.0,16.3,60.8,26.4,84.1,49.1,43.0,29.4,57.8,46.7,187.30769230769232
82.2,175.0,44.5,107.2,99.0,98.3,117.1,54.8,36.1,36.2,22.0,29.0,17.9,14.5,59.0,26.9,82.1,51.3,40.6,25.7,58.7,41.0,158.8148148148148
93.2,174.2,47.5,112.2,101.8,104.4,120.0,63.4,42.0,42.7,23.3,32.6,18.5,15.0,59.5,27.5,81.6,50.2,41.3,26.7,59.0,42.0,161.37857142857143
126.0,180.3,53.0,126.9,115.0,118.1,134.5,72.7,44.5,46.0,25.3,36.0,19.1,13.7,63.6,28.0,87.6,52.9,46.5,31.9,59.3,45.9,186.11999999999998
77.9,176.6,43.0,102.0,96.5,98.8,116.0,55.4,40.0,39.9,22.5,30.9,18.5,15.4,60.0,27.8,84.2,48.3,41.3,24.9,57.5,42.1,162.5084745762712
90.1,183.0,42.4,106.7,100.2,101.5,113.0,57.9,39.1,38.2,23.4,30.3,17.1,13.9,63.6,27.6,88.1,47.4,40.9,25.8,60.5,41.6,144.53687943262412
115.7,174.8,47.2,124.8,123.8,115.3,126.5,73.4,48.3,42.4,23.7,35.0,18.7,15.1,58.4,27.1,80.7,51.0,44.3,29.8,58.3,41.7,
92.5,176.2,47.0,113.0,104.2,103.4,120.7,60.6,41.8,39.4,23.2,32.5,18.8,14.4,59.3,25.7,85.2,50.5,42.8,26.2,57.5,41.5,149.97553516819573
82.8,171.4,42.6,107.6,88.9,104.9,115.5,65.9,41.0,39.5,22.0,32.0,18.0,15.0,57.5,25.6,80.5,46.8,39.8,25.5,56.7,40.4,162.13698630136986
79.8,171.6,42.2,103.5,96.1,100.2,112.6,62.8,40.9,38.5,21.7,29.4,17.7,14.5,57.0,25.2,80.0,50.5,41.1,26.6,57.4,40.9,158.4593023255814
109.2,167.7,46.8,121.3,123.5,118.2,127.0,73.9,46.2,44.8,24.7,33.2,18.8,15.6,55.0,25.6,80.0,51.4,40.4,29.6,57.9,43.1,188.0346278317152
100.1,171.4,44.7,117.8,110.1,110.2,124.1,69.2,44.7,41.9,23.5,33.5,18.0,14.5,57.9,26.0,80.2,50.5,39.8,29.1,58.5,41.8,174.83607594936706
87.3,182.0,43.9,109.6,97.0,96.4,119.1,56.7,40.4,37.9,22.5,30.4,18.1,15.5,61.2,27.2,87.9,51.3,43.5,26.9,59.0,41.0,168.7549668874172
89.4,175.3,45.4,112.2,100.7,102.7,118.3,60.4,41.2,41.7,23.3,31.9,18.4,15.0,61.0,27.1,83.8,49.0,36.2,26.3,57.5,42.8,141.1320754716981
105.2,178.4,50.2,116.2,110.2,110.4,127.0,67.3,44.2,41.1,26.0,33.7,19.3,13.9,62.5,28.7,84.3,50.4,43.5,27.9,57.1,44.1,164.7071651090343
84.7,175.8,43.7,100.6,92.4,105.9,116.4,63.5,40.0,38.5,24.4,31.1,18.9,14.5,55.6,25.1,78.9,48.9,38.8,23.7,58.2,40.0,158.23186440677966
74.4,165.9,43.5,105.1,95.7,96.8,117.9,59.4,38.4,36.7,22.4,30.2,17.4,15.8,58.8,27.1,80.0,46.6,40.4,23.9,57.9,41.2,147.28546712802768
82.0,179.3,44.5,100.3,88.0,101.9,116.2,60.1,42.7,36.9,22.7,30.5,18.5,15.6,61.5,28.4,88.2,46.3,46.1,23.5,57.9,42.8,134.86283783783784
111.9,172.7,46.1,120.2,102.4,110.7,126.0,72.4,47.6,45.1,26.2,35.6,20.0,15.5,58.5,26.2,75.9,54.0,39.0,29.8,60.0,42.7,182.4121405750799
128.7,177.7,49.0,128.5,125.4,121.2,136.6,78.3,50.4,47.0,27.7,36.4,18.3,15.0,59.1,26.7,82.4,51.4,41.0,32.1,59.6,44.1,
105.0,188.5,47.2,116.6,110.8,110.8,124.2,64.6,45.0,41.2,25.0,32.3,18.6,14.2,64.7,28.7,89.2,56.2,41.4,28.0,61.5,43.8,165.36
69.4,171.6,42.7,95.7,83.9,92.7,113.1,56.6,38.0,35.9,22.3,28.7,16.5,14.5,57.5,26.8,83.5,44.5,42.3,21.6,56.8,41.0,153.74187725631768
66.2,163.4,41.4,95.7,86.2,86.6,111.1,54.2,37.0,37.6,22.7,30.5,17.9,13.7,54.5,24.0,72.9,43.3,38.3,23.2,57.7,39.4,133.3691489361702
130.7,176.3,53.3,137.4,128.2,120.2,136.6,74.2,48.0,45.4,25.1,37.7,19.6,15.3,59.0,27.2,81.5,49.6,40.1,31.8,60.3,45.3,195.67921348314607
95.3,177.5,47.0,111.7,103.5,104.0,123.0,66.2,43.3,42.6,24.3,30.8,18.5,14.6,59.5,25.2,84.0,50.8,44.6,25.6,57.4,42.9,169.39933774834438
78.1,182.3,40.9,91.7,78.7,99.2,109.7,60.0,42.3,42.0,26.7,30.5,18.2,15.8,57.9,26.3,83.0,47.5,41.2,20.8,56.9,39.8,131.91929824561402
86.8,181.6,45.3,106.6,93.8,100.3,122.0,57.1,40.1,41.1,24.4,33.1,18.7,17.6,62.4,27.9,88.7,49.6,41.9,25.2,57.0,46.3,163.94587458745875
92.3,188.6,43.8,97.9,93.3,106.4,118.9,65.5,43.2,43.0,23.8,32.2,18.3,14.7,59.8,26.8,91.7,51.9,44.6,22.2,56.8,42.5,132.6494880546075
85.0,170.0,43.6,106.4,98.6,103.3,115.5,62.2,38.8,38.3,22.0,29.0,17.0,13.9,59.0,25.9,78.5,51.5,38.6,26.8,55.0,39.7,161.6678445229682
83.5,175.9,40.0,103.1,94.6,103.9,111.6,65.8,39.3,39.7,22.8,29.1,17.1,15.7,61.1,26.5,86.1,51.9,40.4,27.2,57.7,41.3,159.9022641509434
64.6,172.0,39.2,91.9,74.8,92.1,106.1,54.4,36.3,35.5,21.5,28.1,16.7,14.0,53.4,24.7,82.7,43.5,43.7,22.6,55.0,36.3,134.83397683397683
85.8,171.6,42.2,109.8,93.4,105.0,119.6,65.1,43.8,42.2,24.8,31.5,17.7,15.3,55.3,25.2,80.3,48.8,39.8,26.0,57.8,41.8,165.25083612040135
74.2,174.1,43.1,100.0,80.2,92.4,114.6,57.4,37.4,36.8,22.4,31.0,18.4,15.5,62.5,28.2,85.2,47.0,43.0,23.2,59.1,41.2,149.64788732394365
88.7,173.0,44.3,111.2,96.8,103.7,120.8,64.5,42.7,39.2,23.0,32.4,17.6,13.9,58.4,26.0,82.1,47.6,39.3,25.6,58.6,41.3,166.43421052631578
105.7,177.3,44.2,112.4,114.4,112.2,119.3,73.8,45.8,43.0,23.7,33.7,18.3,15.1,59.7,27.1,85.3,51.0,40.1,27.9,56.2,42.0,153.8498338870432
73.6,166.5,40.6,96.5,88.3,96.6,114.1,59.9,38.9,37.5,22.3,31.2,17.7,14.5,56.2,25.1,76.9,47.1,39.0,22.7,55.6,39.6,144.9267399267399
69.6,174.7,40.5,99.7,79.5,90.1,113.2,56.4,36.2,35.7,21.5,31.2,17.4,15.0,58.2,25.8,82.7,46.6,40.6,23.9,55.9,39.5,139.36167883211678
113.7,177.9,45.7,119.2,114.3,121.4,129.1,76.7,48.6,44.2,25.9,34.4,19.3,15.4,57.2,26.1,83.4,49.4,40.7,29.5,61.1,44.0,175.45610561056105
58.4,162.9,38.0,91.0,77.8,89.3,104.6,55.3,36.4,35.1,22.2,26.2,16.0,14.0,52.8,24.0,75.9,44.9,38.8,20.2,55.0,37.4,137.55813953488374
72.0,165.6,44.6,99.8,81.8,94.2,112.4,57.5,39.5,36.5,22.6,29.5,18.0,13.0,56.5,25.3,78.0,42.8,36.7,23.3,57.4,40.0,141.29390681003582
100.9,174.9,44.0,114.5,105.4,114.1,123.5,70.4,43.7,45.4,24.0,34.1,19.0,15.8,63.0,28.6,86.0,48.6,43.4,29.0,58.4,42.4,158.82258064516128
81.6,185.8,44.9,96.1,86.2,98.2,112.9,61.1,44.2,39.3,24.1,30.0,18.4,14.3,61.4,27.9,87.4,49.0,44.2,21.1,58.1,42.3,130.92369337979093
92.1,176.9,46.9,112.0,100.3,101.4,122.7,62.2,42.5,41.7,23.7,33.4,18.7,15.3,58.1,26.0,83.2,51.1,42.2,26.7,58.0,42.5,180.58631921824104
90.7,183.7,45.8,108.3,97.2,105.9,124.5,59.6,40.8,38.5,23.8,32.7,18.2,15.5,66.0,29.3,87.2,50.2,43.7,24.4,62.0,44.1,164.43109756097562
81.3,169.1,41.7,106.2,91.4,100.1,119.5,63.2,40.0,40.9,23.4,31.8,18.1,15.0,55.5,24.1,82.3,45.4,39.7,24.8,57.8,42.0,163.67741935483872
91.4,177.5,43.1,105.8,109.4,109.4,116.8,65.6,45.0,39.3,23.3,33.0,19.2,15.0,56.6,25.6,82.8,50.5,41.2,25.9,59.5,41.7,163.47569444444443
91.8,174.3,44.7,106.7,100.4,107.7,117.2,66.3,44.4,40.5,23.7,32.4,18.6,14.4,60.0,27.5,84.2,48.2,39.0,26.5,59.3,39.4,167.7276752767528
95.7,172.1,44.0,112.7,102.6,106.1,124.5,68.2,44.7,42.5,24.8,33.3,19.6,14.8,59.2,26.5,81.0,48.2,38.2,26.3,58.5,42.2,168.3181818181818
67.5,162.9,40.9,98.5,81.1,92.2,109.2,57.0,38.2,34.5,20.7,29.5,16.3,13.5,53.0,24.0,75.6,44.7,35.3,24.1,56.3,38.6,146.66360294117646
75.2,167.2,41.6,104.4,94.8,93.7,114.5,57.0,38.1,38.3,23.4,30.0,17.6,15.2,56.6,25.7,81.0,45.8,40.0,25.4,55.8,39.7,161.1391304347826
81.4,165.9,43.5,102.5,95.8,97.5,115.0,61.7,45.4,39.7,22.7,33.1,16.9,13.9,53.8,23.5,81.4,44.1,40.0,25.1,56.6,38.2,160.2037037037037
77.1,189.6,39.1,93.9,85.3,99.8,111.0,60.2,40.5,35.5,22.5,28.5,17.7,16.2,63.9,29.8,93.5,48.3,45.8,21.9,57.3,41.1,125.2
77.4,173.0,41.8,100.5,88.2,101.7,113.0,61.6,42.1,36.8,23.5,29.4,18.0,14.0,61.4,27.8,86.4,45.8,37.3,25.4,60.0,40.0,148.74
71.2,168.4,42.1,97.4,80.0,96.5,114.6,57.1,38.8,38.3,23.4,30.7,16.8,15.8,57.8,26.9,80.2,45.5,38.0,22.3,56.6,40.4,147.54296296296297
84.4,175.7,42.6,108.2,87.0,103.8,121.2,61.8,42.4,39.4,23.3,30.3,18.0,15.5,57.6,25.5,83.5,44.3,42.8,24.8,57.4,42.2,167.18402777777777
94.6,174.7,44.8,117.9,101.9,106.5,115.7,63.7,43.7,41.0,23.5,30.5,17.6,11.7,57.6,25.8,83.6,47.6,41.5,29.4,59.7,38.9,164.51162790697674
67.4,164.6,39.9,96.7,82.9,92.6,111.1,59.6,38.4,36.8,21.2,27.4,16.2,14.0,55.2,25.6,79.1,44.6,37.1,20.9,56.4,39.6,136.9353146853147
89.0,174.4,44.1,105.1,98.2,104.6,121.6,65.2,45.2,43.3,25.0,32.2,18.3,15.7,60.1,26.7,82.3,46.8,39.1,25.3,59.8,41.6,160.18689655172415
90.2,179.8,47.0,108.2,91.9,104.7,119.0,66.1,43.0,38.5,24.1,31.8,19.2,14.6,60.0,28.4,84.3,49.4,41.8,28.1,59.7,41.6,177.44799999999998
135.4,188.3,46.0,131.3,126.6,129.9,128.9,82.6,49.1,46.4,25.4,33.7,18.8,15.0,62.6,26.9,89.0,54.2,46.5,31.4,57.7,44.3,175.84821428571428
102.0,183.7,42.6,116.2,96.6,112.7,122.1,73.9,42.5,42.5,25.5,31.4,18.2,15.2,62.4,27.1,89.2,47.9,40.7,28.1,57.2,42.5,170.50261437908495
64.6,166.3,38.9,92.8,85.7,92.1,109.6,55.7,37.0,34.7,20.4,28.0,15.6,14.0,54.0,23.8,78.4,47.1,37.3,20.7,56.6,38.7,148.83018867924528
83.1,183.2,42.3,100.7,86.3,100.6,117.1,62.4,42.1,38.0,24.2,30.7,17.8,15.2,63.0,27.7,87.3,49.2,42.5,24.7,59.1,41.8,141.25033557046982
88.8,184.5,42.7,107.4,92.6,102.9,119.0,63.8,41.3,38.3,23.8,31.0,18.2,14.2,64.0,27.9,90.0,48.1,43.5,25.7,58.6,41.2,155.40192926045015
85.0,175.4,45.2,106.9,98.5,102.7,124.9,61.5,40.7,37.7,22.8,33.0,19.3,16.4,60.0,26.7,82.5,50.4,40.4,24.0,56.2,44.0,149.5246835443038
87.0,186.7,43.7,108.1,84.9,103.4,123.1,62.7,42.4,40.3,23.2,29.7,17.7,16.3,63.1,28.5,88.3,50.9,42.4,26.2,58.6,44.2,164.77743055555555
103.0,181.9,46.7,116.2,97.0,110.3,124.7,69.0,46.3,44.4,24.9,33.9,18.2,16.9,62.1,27.8,86.2,49.2,42.0,28.9,60.5,43.9,155.95263157894735
90.9,177.1,43.0,105.5,101.9,107.1,118.5,65.4,41.6,40.0,23.7,31.0,18.0,14.5,60.5,26.8,87.5,46.9,43.8,26.3,59.6,39.7,161.18055555555554
69.1,181.4,39.7,100.4,86.2,88.2,109.1,51.9,35.8,37.0,22.3,28.6,17.1,14.0,62.7,28.7,92.0,47.7,44.2,26.6,55.2,39.3,154.15748031496062
77.8,179.0,42.2,99.4,85.4,96.5,118.5,59.7,38.7,37.3,24.3,30.7,18.0,15.2,60.5,28.0,87.2,46.0,42.8,23.2,57.8,43.1,137.99862542955324
77.8,182.3,39.7,97.4,89.1,96.5,112.7,60.0,41.2,36.7,23.1,29.5,17.8,15.2,62.7,27.4,87.7,47.9,42.4,25.4,56.5,37.1,138.58014705882354
86.6,180.7,41.7,103.4,94.0,102.3,117.3,62.0,42.7,41.0,24.6,30.0,18.4,16.1,60.2,26.8,86.4,49.9,40.7,25.6,58.6,41.4,154.03034482758622
100.1,187.1,43.1,108.5,103.8,108.3,123.3,68.3,44.3,39.4,25.0,32.6,19.4,16.3,63.5,31.0,92.7,52.4,42.6,27.6,59.5,42.5,185.386690647482
62.0,164.5,40.6,95.2,75.7,87.8,111.7,53.2,37.8,37.3,21.7,29.3,17.1,13.5,54.7,25.4,76.5,41.5,33.3,23.9,58.2,37.6,138.21629629629632
69.2,176.2,41.7,93.4,75.2,88.8,113.3,53.3,38.8,37.0,22.0,31.0,18.0,16.4,61.1,29.0,88.5,46.1,39.7,22.0,58.1,41.1,136.08671875
66.0,173.5,40.3,93.8,72.3,87.0,108.3,54.1,35.5,33.8,21.1,28.4,16.5,15.0,57.6,27.1,85.5,46.0,40.5,22.8,57.2,39.3,151.26640316205535
112.9,179.7,45.3,121.4,110.8,112.1,128.5,72.8,45.5,45.0,24.7,35.1,18.5,15.2,63.5,28.4,92.3,48.1,42.1,30.6,58.7,42.5,179.8366101694915
79.7,175.1,42.8,102.4,79.2,90.3,121.6,57.9,38.9,38.0,21.9,33.2,16.7,15.3,60.5,28.7,87.6,43.3,40.7,25.5,56.9,41.4,154.34202898550726
73.2,174.5,42.6,96.9,79.8,91.8,115.7,55.1,38.2,35.8,22.8,31.1,17.4,15.0,58.4,28.1,85.6,45.8,39.2,24.0,58.4,40.8,157.55496183206105
75.1,177.8,41.4,97.7,87.9,91.3,110.7,58.2,38.2,37.3,21.2,28.5,16.8,13.1,62.3,27.9,93.9,44.6,44.3,23.8,57.9,39.9,148.85787401574802
71.3,172.3,40.0,96.4,85.1,90.5,111.4,55.4,38.5,38.8,22.4,29.3,17.5,15.7,58.5,26.5,83.0,44.1,40.0,22.3,59.2,41.6,134.33357400722022
91.2,169.2,43.4,115.6,104.3,105.5,127.2,66.3,42.8,40.1,22.3,31.5,17.3,16.7,55.5,25.2,80.9,45.6,43.7,26.6,58.7,44.8,166.93674121405752
93.2,174.9,47.4,110.0,92.6,103.1,127.7,65.9,41.9,39.4,23.8,32.4,18.3,16.2,64.3,30.0,87.2,43.9,41.2,27.2,59.0,45.4,164.45544554455446
76.6,172.5,42.2,101.2,88.6,99.4,123.0,59.0,37.4,38.4,22.3,30.2,17.7,17.5,58.5,28.0,84.6,44.4,38.4,23.2,55.2,44.6,159.6394366197183
77.1,177.7,42.7,99.4,83.5,94.5,116.3,57.7,41.3,36.3,22.7,31.6,17.8,15.3,61.6,28.7,89.2,44.2,45.3,22.3,56.4,41.5,141.08387096774194
79.4,172.8,46.0,101.6,84.4,95.1,120.7,59.1,40.0,39.5,23.0,31.1,18.0,15.9,59.2,27.3,85.0,44.1,41.2,23.0,57.5,43.8,135.46666666666664
78.9,165.8,42.4,106.1,93.6,101.4,121.1,59.7,41.5,37.7,22.2,30.6,17.8,15.3,57.5,25.6,79.7,43.9,33.0,24.4,56.1,41.9,148.11275167785234
76.1,165.6,41.0,103.1,91.6,96.9,117.7,60.3,41.4,38.8,22.4,31.2,16.7,14.8,53.8,24.6,77.0,42.5,36.6,23.6,56.1,38.0,151.2133333333333
75.3,169.8,42.1,103.6,86.6,93.5,114.8,57.6,37.9,40.1,22.5,31.9,17.1,15.3,59.2,25.9,81.6,47.1,37.6,23.8,57.3,38.9,149.8568265682657
98.1,176.5,46.5,118.3,105.1,106.4,126.6,67.1,43.7,41.7,22.2,33.2,17.7,14.1,57.2,25.1,86.0,49.9,40.3,28.6,57.1,42.1,184.0681818181818
85.8,171.0,44.9,104.4,96.7,101.3,120.6,66.4,41.0,42.4,22.8,30.9,17.4,14.3,61.2,27.6,82.8,44.0,41.9,23.9,56.4,41.3,150.84128113879004
86.6,176.6,45.6,108.4,95.2,100.4,120.9,62.4,40.4,39.0,24.0,31.1,17.5,13.8,59.4,25.9,83.2,45.1,40.4,25.9,56.7,40.9,152.65189873417722
101.0,174.3,44.9,122.2,108.8,108.2,124.9,66.9,43.4,38.5,23.5,31.5,17.4,14.9,60.5,26.9,84.6,50.8,39.9,28.9,58.8,41.6,174.51916167664672
124.0,174.4,47.6,121.4,127.0,125.6,129.5,81.7,50.8,49.0,25.6,35.3,18.7,15.7,54.5,25.6,83.2,52.1,37.3,28.1,60.4,42.7,180.55350318471338
101.4,180.5,43.8,114.4,110.5,114.8,120.5,66.5,43.3,39.4,23.6,32.3,17.8,14.9,59.4,27.3,89.3,47.2,40.4,27.3,58.6,41.5,158.68387096774194
113.8,178.3,47.7,119.7,110.4,112.8,132.9,71.8,49.0,48.0,27.7,36.8,20.7,16.9,62.2,27.4,86.5,50.0,43.3,29.8,58.8,45.0,188.20754716981133
89.8,170.1,47.9,110.4,106.6,107.9,115.2,64.8,42.3,39.2,23.4,31.7,18.5,13.4,56.4,25.1,80.0,47.5,38.3,27.2,59.4,38.6,173.31612903225806
117.8,195.5,46.5,114.3,108.6,117.8,132.6,75.2,46.8,41.1,25.6,33.0,19.6,16.1,65.1,30.5,94.2,52.0,46.6,26.9,58.7,45.4,164.9801886792453
126.3,182.3,48.3,128.8,121.0,118.8,134.5,74.8,51.0,49.9,27.6,34.3,19.7,16.0,61.5,27.5,87.5,51.7,37.1,30.5,61.2,44.8,194.4
105.4,181.6,43.9,116.1,109.4,111.6,126.1,70.8,46.2,42.8,22.7,31.8,17.6,15.1,60.5,26.9,85.0,47.2,39.8,26.6,59.3,41.6,165.59717868338558
72.7,176.2,41.8,94.9,86.6,94.2,115.9,57.4,35.4,36.6,22.5,29.2,17.5,15.2,59.4,27.2,83.9,46.0,43.7,22.6,56.7,41.2,149.73111111111112
66.0,161.9,41.1,93.6,81.6,94.2,112.6,56.7,38.9,36.1,21.8,29.6,16.5,14.6,55.2,24.5,75.9,42.4,36.3,22.2,55.5,38.4,145.0987951807229
74.6,161.4,42.6,98.2,98.1,96.3,112.5,57.8,39.7,36.8,21.5,30.1,17.4,12.9,52.7,23.3,73.8,46.1,34.2,23.1,55.2,38.5,140.60454545454544
71.3,165.4,40.8,101.2,89.2,96.2,114.0,55.1,36.7,41.1,22.2,30.0,17.5,14.4,56.5,25.6,81.2,44.1,39.1,25.3,55.9,38.8,139.5013888888889
83.8,179.1,45.5,103.9,96.0,100.5,116.9,60.5,40.3,37.0,22.4,30.0,17.2,13.6,59.1,26.6,87.2,50.0,40.0,24.5,56.8,39.6,142.21773049645392
70.8,173.7,41.6,93.7,88.6,91.9,110.3,54.6,38.6,34.5,21.7,29.7,17.2,14.0,57.5,25.2,85.6,47.1,38.4,22.0,55.6,38.9,133.62147887323943
90.6,169.4,47.1,113.7,101.1,104.2,125.2,64.2,43.3,40.0,23.7,31.4,16.8,15.1,57.0,25.6,83.6,45.3,42.1,27.1,55.4,42.6,181.17442622950819
75.4,177.4,43.6,98.2,75.4,91.7,119.5,57.8,39.4,37.7,22.3,31.5,17.1,14.9,58.7,27.5,88.0,47.5,40.2,23.4,57.1,41.5,151.96730038022812
93.0,179.8,45.4,115.2,103.4,100.4,121.7,60.0,41.3,36.5,22.1,32.6,17.5,14.5,60.6,27.1,88.1,48.1,41.2,27.3,58.0,40.0,169.01052631578946
111.1,183.4,51.4,122.8,106.5,108.9,130.0,68.4,44.8,41.9,24.0,34.8,18.2,14.6,60.1,26.2,90.1,52.6,40.5,30.4,59.1,43.9,197.65753424657535
89.5,186.0,45.2,102.7,85.9,105.7,122.5,65.5,42.5,38.8,23.7,31.5,18.1,17.0,66.5,31.2,91.6,46.0,43.2,23.9,58.6,41.9,161.13275862068966
69.4,166.4,40.0,97.8,89.1,99.2,107.2,58.7,38.5,35.3,21.2,28.3,16.6,15.3,53.1,24.8,79.1,46.4,38.2,24.6,54.4,38.8,150.5809523809524
93.5,180.3,46.3,115.2,93.1,108.6,130.0,67.8,40.4,41.1,23.3,32.3,19.0,16.3,62.1,27.4,89.2,48.0,38.9,25.6,57.3,46.0,165.48854489164086
68.0,177.4,40.1,98.3,83.2,91.8,112.1,55.7,35.8,34.7,20.0,29.0,16.4,15.5,58.6,25.7,87.1,46.9,41.9,23.3,55.5,40.5,140.18728522336772
94.2,174.8,43.4,104.7,106.1,112.1,120.3,69.9,45.9,40.0,24.5,30.7,18.2,14.2,57.6,25.9,83.5,50.5,38.4,25.7,59.7,40.1,145.31316725978647
89.6,185.9,45.3,109.1,85.9,100.8,120.3,60.1,40.1,40.9,22.8,34.0,17.5,16.1,61.8,27.7,90.0,48.3,43.3,26.1,57.4,41.6,180.25217391304346
76.2,165.5,41.9,107.3,90.2,92.4,120.5,58.7,40.0,36.5,21.7,30.7,18.0,15.2,58.5,25.3,80.8,46.0,39.8,24.8,57.0,42.5,165.7624584717608
79.9,163.4,41.8,106.2,90.1,101.4,119.2,62.1,40.9,42.7,23.8,31.3,17.7,15.7,59.1,27.4,82.1,40.9,39.4,25.8,58.0,42.5,149.57746478873239
109.6,177.4,44.7,117.4,108.3,115.5,124.3,70.3,48.8,47.9,28.0,34.0,19.4,16.1,61.5,27.9,84.6,51.0,37.8,28.1,57.4,44.4,160.72619047619048
97.6,176.2,43.1,111.2,107.1,115.1,118.5,71.9,42.4,40.6,23.3,29.7,18.1,15.6,61.0,27.8,84.5,51.2,39.9,28.3,57.3,42.4,162.8
89.0,175.7,43.4,106.6,91.0,105.3,121.5,66.1,43.6,41.7,23.3,33.0,18.5,15.6,60.4,28.6,89.3,46.0,43.1,25.9,55.6,43.7,152.44545454545454
76.2,178.5,42.0,98.6,84.0,97.4,115.5,57.3,39.7,38.1,23.9,30.7,18.5,15.6,60.7,26.1,88.0,44.5,41.4,22.5,56.0,41.7,131.92957746478874
75.6,174.6,42.3,98.6,78.5,95.6,115.5,59.7,38.7,38.8,21.8,31.2,17.3,15.2,60.3,27.8,85.7,44.4,42.4,22.8,56.7,42.8,141.8966789667897
71.7,162.2,41.2,99.8,86.4,98.1,108.5,61.9,40.3,38.0,22.5,29.6,16.3,14.1,55.2,23.6,77.2,40.0,34.8,23.8,59.8,37.8,154.86206896551724
82.2,171.2,44.4,105.6,94.0,102.5,117.5,63.2,40.9,37.5,21.4,31.6,17.6,14.9,59.8,26.9,84.6,47.8,37.8,26.5,55.7,39.7,147.6972972972973
95.1,165.7,45.5,111.2,104.7,107.5,123.2,71.5,43.4,41.1,24.4,33.9,17.9,15.2,53.5,25.9,80.9,42.9,41.9,27.6,57.3,41.6,182.03036303630364
86.7,178.4,44.7,104.2,90.2,102.5,119.4,63.5,40.5,40.0,23.6,31.7,18.1,15.1,57.0,27.5,86.9,47.2,40.2,23.0,56.7,43.6,147.81860465116281
76.1,175.0,42.5,101.7,82.5,97.6,121.2,60.9,40.7,39.8,23.7,30.2,17.5,16.3,59.0,25.7,82.8,44.4,40.4,22.2,56.1,44.9,157.53529411764708
77.2,176.0,42.6,99.6,89.6,96.8,114.3,59.2,39.7,37.6,22.7,30.0,17.5,16.5,61.9,27.5,84.4,49.6,39.5,22.6,58.8,42.7,147.81625441696116
94.1,179.0,39.9,114.7,97.2,111.0,118.5,70.8,44.7,38.0,23.1,29.7,17.0,15.6,61.2,28.5,89.4,49.7,39.6,28.6,57.7,42.3,164.95317725752506
70.8,172.1,40.7,95.9,85.2,98.1,113.5,59.8,36.6,36.6,21.5,27.0,16.8,14.6,57.5,26.6,86.9,46.3,41.2,22.3,56.4,39.7,133.72906574394466
92.2,182.0,46.0,108.0,95.5,106.5,122.0,63.7,43.3,40.0,24.7,32.0,19.4,16.2,60.3,27.4,87.0,47.0,38.8,27.0,59.7,44.4,146.67567567567568
109.6,180.9,46.7,120.1,114.4,118.6,121.0,72.7,44.9,41.3,24.4,32.2,18.5,14.3,59.5,26.4,85.7,52.3,40.9,29.4,60.4,41.1,179.34933333333333
66.8,174.9,41.5,94.7,73.7,87.9,113.2,53.0,36.9,37.5,23.1,28.6,17.4,16.6,58.5,26.2,81.2,44.1,38.6,20.0,58.0,40.5,134.6771626297578
110.3,177.1,47.4,113.9,114.4,118.0,126.6,76.5,47.1,46.4,25.1,33.7,18.7,15.9,61.9,28.5,87.4,47.0,43.9,27.8,60.5,44.3,171.2127388535032
89.7,170.7,42.2,108.4,92.0,106.1,119.2,67.6,44.4,42.4,23.4,32.5,18.0,15.4,58.4,26.4,81.5,49.0,40.2,25.1,57.5,42.7,161.83661971830986
65.5,162.2,40.9,95.3,81.5,98.3,108.5,62.1,37.5,35.4,22.7,27.9,16.0,14.8,52.3,23.0,78.9,42.8,35.3,21.0,55.2,39.8,138.55424354243544
63.0,171.4,40.3,90.7,73.1,90.9,111.5,53.3,37.5,36.3,20.8,26.8,17.4,16.7,58.9,26.7,84.3,44.2,40.9,20.3,56.2,41.3,139.4597744360902
77.0,173.9,41.4,97.5,86.2,100.1,113.7,63.4,40.4,39.1,22.7,29.0,17.4,14.9,61.1,26.9,82.2,48.0,39.2,24.4,56.6,41.7,135.92007434944236
95.1,180.3,43.1,113.3,96.8,106.3,123.9,63.1,40.0,39.9,25.0,32.2,18.0,15.7,60.3,26.9,88.3,49.7,37.6,28.1,57.1,42.0,180.25
69.6,180.1,40.3,94.4,83.7,94.1,111.4,55.2,36.7,34.6,20.3,28.8,16.4,16.2,60.6,26.4,90.2,47.7,43.9,19.4,52.7,42.1,138.6293706293706
94.1,182.7,45.7,111.5,93.7,102.2,121.5,63.6,42.8,44.4,25.7,32.1,18.9,15.3,63.8,27.5,86.4,51.0,40.2,26.6,59.2,42.1,157.24358974358975
64.4,175.0,39.9,93.2,72.6,91.1,111.8,57.0,35.0,32.6,20.9,28.0,16.6,15.4,59.5,26.4,87.1,44.6,43.3,21.0,55.3,41.6,136.62652329749102
101.2,184.4,45.4,116.4,95.6,109.2,128.5,68.2,45.6,41.1,24.8,34.8,19.0,17.0,62.0,28.0,92.0,49.3,44.0,25.0,61.2,46.0,154.62089552238805
76.5,184.6,40.0,92.0,81.1,94.9,111.2,60.3,40.6,36.7,24.5,29.7,17.9,15.2,63.6,29.5,90.8,45.9,44.7,21.9,59.1,40.4,134.8153846153846
90.1,185.4,42.1,104.6,92.5,106.8,117.3,67.5,43.5,37.7,22.5,30.8,18.2,15.0,65.5,29.8,91.9,45.2,42.9,25.8,58.1,40.6,159.931884057971
68.5,160.4,41.2,101.7,79.8,96.5,111.7,58.9,38.3,35.6,22.0,29.9,17.7,13.2,52.6,23.2,75.5,41.2,34.0,23.6,54.6,38.5,137.2202205882353
60.7,168.7,39.0,90.7,74.4,88.5,105.8,53.8,36.1,34.3,20.6,28.7,17.2,14.9,57.7,25.9,81.7,42.0,38.4,20.2,57.8,39.8,128.3237037037037
70.2,165.9,42.4,103.0,91.0,93.5,113.5,55.2,38.7,34.2,20.3,28.4,16.5,15.5,56.0,25.4,79.9,47.7,39.5,25.1,54.9,40.2,167.23247232472323
59.5,173.6,39.7,91.8,77.0,82.2,103.2,48.2,34.4,33.5,20.9,28.3,16.2,16.2,60.5,26.2,86.1,47.3,43.1,21.8,57.6,37.7,126.225
70.5,171.3,41.5,98.9,78.7,94.7,111.4,56.7,38.3,37.0,23.5,29.8,18.0,14.2,56.2,24.4,81.6,46.6,36.6,21.7,57.3,39.5,156.9120141342756
70.4,168.2,40.2,97.3,77.9,94.1,113.0,60.0,40.8,39.8,22.3,30.0,17.0,15.7,58.1,25.9,80.2,43.5,35.9,21.5,57.5,41.0,144.7293906810036
89.4,172.9,43.2,108.3,96.9,103.8,117.2,65.4,45.5,40.4,23.7,31.4,18.2,14.7,60.4,26.2,84.6,44.7,40.5,24.7,58.5,40.9,169.59479166666668
80.4,166.2,42.7,105.8,88.8,101.4,112.6,62.2,40.6,41.0,24.6,31.0,18.0,13.8,54.4,24.7,78.0,46.8,35.6,25.2,57.8,39.6,157.61301369863014
92.4,176.6,43.8,118.4,102.9,103.2,124.2,64.7,41.4,40.1,23.1,31.4,17.5,15.0,60.5,27.2,83.4,49.5,38.5,28.6,59.4,41.7,167.6186046511628
97.8,169.2,46.7,112.3,101.7,107.4,125.6,71.3,44.7,42.7,24.2,35.4,17.2,14.9,61.1,28.4,84.5,48.8,41.6,27.2,59.1,44.5,160.8726643598616
86.7,179.0,44.4,103.4,95.3,103.5,117.0,64.4,42.7,38.7,24.5,31.6,18.0,15.6,59.7,26.6,88.3,47.7,43.0,23.9,59.6,42.1,153.31724137931036
77.5,173.8,38.5,100.0,81.6,97.7,112.5,64.9,41.4,37.4,21.1,29.5,17.6,15.2,61.1,28.9,87.0,42.7,42.7,24.5,55.6,37.9,144.53125
76.0,160.2,43.6,106.6,98.0,98.1,117.8,59.9,38.8,36.3,21.4,29.8,17.2,14.2,57.2,24.9,78.1,47.4,37.4,26.0,54.6,40.9,161.97173144876325
84.4,183.9,42.1,105.8,89.6,99.2,117.2,61.4,41.6,41.1,24.8,30.8,18.5,15.3,63.1,27.9,91.2,45.5,43.6,24.7,58.5,41.6,134.1076923076923
87.2,179.4,43.4,105.4,89.7,103.1,120.8,65.4,40.1,39.2,24.8,31.6,17.9,15.2,59.9,26.9,87.7,46.6,44.0,25.5,56.5,41.8,157.56767676767677
90.7,170.4,43.9,111.6,100.0,103.8,121.9,63.8,41.2,40.8,24.0,31.4,18.0,15.7,57.2,25.1,79.0,49.4,38.5,26.6,58.1,43.3,174.6299003322259
84.8,184.5,45.2,100.2,88.0,99.9,119.0,59.2,40.1,38.0,22.8,31.2,17.7,15.5,64.1,28.5,91.4,49.3,46.0,23.3,58.4,44.6,156.02076124567475
101.7,179.6,42.4,113.1,109.0,110.3,120.4,69.7,45.7,39.4,23.3,32.6,17.5,14.4,63.5,29.7,92.4,49.4,46.3,28.8,59.7,42.9,157.81395348837208
82.9,164.0,44.9,109.1,95.5,101.4,114.0,65.2,42.4,38.3,20.8,32.0,17.1,13.0,55.5,24.7,78.1,44.3,37.8,25.8,56.0,38.7,188.5183823529412
84.0,174.8,45.0,110.2,94.6,96.0,121.2,60.8,40.0,35.6,22.2,32.8,17.8,14.6,61.6,26.3,88.3,48.0,46.9,24.6,58.7,43.3,162.2808219178082
95.7,179.9,44.5,107.9,97.8,108.3,120.3,68.5,45.3,42.0,23.3,33.4,18.5,14.6,60.1,28.2,89.3,46.2,41.1,25.3,58.7,42.1,163.54181184668988
120.5,197.0,48.9,118.8,107.6,110.9,129.8,69.5,48.1,43.2,24.0,34.9,19.8,15.1,68.6,30.8,96.8,50.8,43.8,29.8,59.2,44.1,175.7793103448276
78.1,171.7,47.5,99.8,93.3,97.7,115.1,62.2,39.8,37.0,20.8,28.7,17.8,13.8,59.2,27.5,84.8,46.0,43.6,23.4,56.4,40.3,150.37891156462587
63.9,169.7,38.7,89.4,73.2,87.1,104.9,53.3,37.8,38.0,22.5,30.0,18.0,14.6,56.6,25.1,83.3,44.2,41.8,21.9,57.2,38.1,139.49182879377432
85.5,160.4,43.2,113.9,106.5,105.3,120.2,65.1,42.1,39.4,22.0,32.6,18.4,14.5,55.4,24.1,75.5,46.7,34.6,26.3,56.3,41.2,171.59444444444443
130.1,185.6,50.7,119.8,123.4,129.7,129.6,84.3,47.8,45.3,25.1,38.0,19.0,14.2,65.3,30.0,95.7,50.4,47.3,29.2,59.6,44.3,168.26278317152102
69.8,161.1,41.2,97.8,85.7,94.6,111.4,60.8,40.1,39.3,22.0,28.7,16.4,14.7,54.6,24.8,79.6,45.8,35.9,22.5,57.1,39.0,137.28222222222223
99.2,172.7,46.0,114.0,103.0,111.3,127.1,70.5,43.0,40.2,22.3,34.3,18.9,14.4,59.5,26.7,86.2,42.0,43.8,26.6,57.5,43.1,195.48453608247422
113.0,172.8,47.1,115.9,107.6,118.2,128.0,79.1,48.1,45.5,24.5,35.9,18.9,14.8,56.0,25.6,82.2,50.0,41.6,28.3,60.3,43.8,175.98193979933112
81.0,176.0,41.5,97.6,89.2,100.6,116.9,63.5,41.2,38.6,21.6,31.0,17.4,14.8,58.5,27.8,87.0,47.4,42.5,22.0,57.2,41.5,145.53167259786477
58.1,166.1,38.6,86.8,76.3,89.1,103.9,54.2,35.9,32.8,20.7,25.5,16.2,14.4,58.1,27.0,81.3,45.2,41.5,19.9,56.8,37.4,112.90526315789472
100.1,177.2,45.4,115.7,103.5,106.3,121.7,66.7,43.7,42.0,24.7,31.8,18.5,15.2,59.1,26.1,85.4,50.6,42.7,27.2,56.0,42.1,182.46459016393442
72.9,170.7,41.1,97.7,86.2,95.2,114.1,62.0,38.0,38.2,22.7,28.4,16.5,14.8,56.0,24.6,81.3,48.3,39.8,21.6,59.2,41.6,154.69166666666666
77.9,169.0,41.8,103.1,86.8,100.4,115.0,63.8,41.2,37.8,21.8,30.2,16.5,15.0,59.0,28.2,83.6,43.3,38.1,26.2,55.8,40.3,167.97191011235955
79.1,172.7,41.1,102.9,98.5,100.8,110.5,63.1,40.8,39.4,23.5,29.3,17.2,15.5,59.5,26.4,83.4,49.0,39.6,23.9,56.4,39.8,154.35
104.2,177.5,43.4,121.6,113.0,115.1,126.2,67.7,43.0,39.8,23.9,31.1,17.5,15.9,61.0,26.2,85.0,52.8,40.4,28.8,58.3,45.0,180.86075949367086
86.2,168.1,45.5,100.9,100.6,107.8,113.7,65.7,42.8,41.9,25.4,32.5,17.8,13.1,53.0,24.1,79.7,50.0,37.4,22.9,58.4,40.0,139.7076923076923
94.8,175.7,44.6,112.9,105.6,104.7,120.2,65.3,42.7,39.4,24.1,29.8,16.8,16.7,61.8,26.7,86.0,50.4,43.2,28.1,58.3,41.3,175.45270270270268
85.9,174.9,39.1,108.1,92.0,99.7,118.4,63.8,40.4,39.5,24.2,30.3,17.3,15.8,59.6,27.4,86.6,45.8,39.0,24.6,59.2,41.7,163.88113879003558
82.9,168.5,38.2,98.5,101.3,110.9,107.6,68.0,43.3,40.1,23.3,31.9,17.0,15.2,55.3,24.2,79.8,46.6,38.0,23.9,55.3,37.0,160.83203125
87.0,172.4,43.1,107.0,100.0,106.7,116.9,68.8,42.7,38.3,22.3,30.3,16.9,14.9,57.2,25.8,82.2,51.7,39.8,27.0,56.7,40.8,151.55160142348754
72.4,184.6,38.4,95.3,76.5,93.1,113.7,52.7,37.7,39.2,22.7,28.0,16.4,17.8,60.8,27.5,87.5,48.6,45.0,20.1,57.3,43.1,136.24115523465704
99.2,175.4,40.6,112.2,112.7,116.7,123.0,73.7,44.8,39.1,22.3,29.9,17.5,16.1,60.3,27.9,85.8,47.8,38.4,25.6,56.0,42.6,158.8846153846154
76.9,176.3,41.2,96.9,84.1,96.8,112.5,60.8,38.5,40.7,23.8,29.0,16.6,15.9,59.7,27.1,87.0,44.8,46.3,21.6,57.7,41.5,144.33356643356643
120.0,178.3,48.4,127.8,118.8,123.4,129.5,76.0,46.2,43.0,24.4,34.6,18.8,14.9,60.1,28.4,86.9,50.4,43.5,31.6,60.3,43.6,195.8289230769231
69.4,163.0,41.5,98.6,86.0,98.8,111.1,59.7,39.1,35.8,22.2,29.6,16.2,13.5,53.6,25.1,78.5,46.5,38.2,23.1,55.5,40.2,142.38134328358208
89.4,169.4,42.4,110.2,101.0,104.7,118.3,65.9,41.0,40.7,23.4,33.0,17.8,14.5,57.5,26.5,84.7,46.4,39.6,25.5,58.2,41.8,177.37671232876713
90.3,175.0,42.7,112.7,101.2,106.6,117.3,64.4,40.5,38.0,22.4,31.9,16.9,14.5,61.6,28.4,86.0,49.4,40.0,27.0,56.7,40.6,166.66901408450704
67.7,170.3,41.1,89.0,83.1,90.2,107.0,57.7,41.0,37.4,22.4,28.1,16.7,15.8,60.8,27.8,82.6,47.5,37.0,20.6,54.5,39.9,128.1060606060606
81.1,171.1,43.8,99.6,90.7,102.2,114.2,64.5,42.3,40.1,24.7,30.8,17.7,15.5,59.2,25.9,84.5,46.9,41.4,23.6,55.8,39.8,162.12262773722628
75.3,175.4,43.0,104.3,80.3,93.7,111.1,56.6,39.3,38.3,22.8,31.3,17.4,13.1,58.4,25.5,85.1,46.7,38.7,24.1,56.0,40.1,152.15089605734767
86.9,183.7,42.8,104.9,94.0,103.2,115.2,62.6,40.1,38.0,23.0,30.9,17.7,14.0,61.1,28.1,89.1,48.5,47.0,22.8,58.5,40.9,151.0695792880259
97.5,182.8,42.5,110.0,101.2,107.3,119.0,65.3,43.7,40.1,22.7,32.0,18.7,15.0,64.9,29.5,91.7,47.2,44.5,26.6,57.5,43.0,173.48993288590606
85.2,176.2,44.6,102.0,85.1,98.6,113.3,62.6,41.1,39.7,23.3,33.4,18.0,13.5,61.8,28.7,87.3,47.5,38.0,23.7,57.0,40.1,143.0258302583026
80.3,165.4,41.6,105.5,91.0,102.1,112.0,64.2,40.6,38.3,23.1,31.2,17.9,12.5,56.6,24.7,80.6,44.0,38.7,24.8,57.7,38.4,159.16262975778548
74.9,176.1,41.0,96.2,83.4,95.5,111.5,59.7,38.9,41.3,24.3,29.2,17.4,13.9,56.7,25.0,81.5,45.4,41.8,23.1,57.2,39.6,155.71942446043164
81.0,172.0,44.7,101.9,94.0,102.4,114.9,61.7,40.5,37.2,22.4,30.9,17.3,14.3,60.2,27.8,84.0,47.1,39.1,24.9,57.0,42.1,144.20505415162455
69.6,173.7,39.9,91.8,76.0,92.9,110.2,57.4,40.1,36.8,21.5,28.1,17.7,14.9,59.3,28.1,89.0,43.3,41.5,20.7,57.6,40.8,136.29847328244276
64.4,164.8,41.1,96.8,81.8,92.5,105.3,57.2,34.8,35.4,21.5,29.3,16.8,13.4,52.0,24.4,80.5,47.3,38.3,24.0,54.8,37.2,143.9310861423221
73.6,174.1,42.7,101.4,88.0,98.2,117.3,60.5,36.4,37.1,22.7,29.2,17.3,17.8,59.2,27.1,86.3,48.1,40.1,22.2,55.3,43.5,150.59405940594058
73.0,167.5,40.1,98.4,82.7,92.4,117.1,57.2,38.4,39.3,21.3,30.8,17.1,16.4,60.2,28.1,82.9,42.5,41.5,22.2,58.6,44.3,153.18297872340426
77.2,169.5,44.3,100.7,82.1,97.5,114.9,60.8,40.3,38.7,21.8,28.8,17.1,15.1,58.2,26.0,81.2,45.5,37.4,23.8,60.3,41.7,140.56757679180888
86.8,177.2,41.9,102.6,87.5,103.1,116.5,63.5,43.7,42.7,24.7,33.5,18.0,16.0,59.7,26.5,85.6,44.4,38.8,24.6,58.8,41.5,163.48351648351647
101.5,174.7,48.1,117.3,104.5,111.2,125.7,67.4,43.7,43.2,24.7,34.7,19.6,15.9,59.0,26.3,84.6,48.1,41.2,28.6,58.8,43.2,194.17905405405406
80.2,169.0,42.0,105.8,92.3,102.1,120.6,63.1,41.3,39.4,23.5,30.4,17.8,16.4,59.0,27.2,82.4,47.0,38.7,26.6,55.3,43.0,162.57073170731707
84.0,178.4,44.5,98.4,84.4,100.9,113.5,61.4,40.2,40.9,24.8,31.4,17.6,15.3,61.2,29.9,89.1,47.5,43.5,23.9,57.8,38.3,133.85294117647058
80.7,182.3,43.2,101.0,88.2,99.5,119.0,60.5,40.2,37.5,22.6,28.8,17.5,16.8,61.3,28.0,91.4,47.3,40.9,23.9,57.7,42.2,143.8904109589041
120.2,181.4,46.3,116.1,109.6,125.2,123.4,81.4,52.2,46.6,26.0,35.9,18.3,15.1,64.0,31.6,94.9,46.9,43.9,28.8,59.6,42.2,173.57524752475246
96.2,192.3,45.4,113.1,92.0,101.6,124.6,63.9,40.3,37.3,24.1,31.6,19.1,16.8,66.8,30.0,97.3,46.0,48.4,26.1,58.7,44.3,169.8295238095238
67.6,180.2,39.5,92.2,78.7,91.8,111.7,53.1,37.1,35.4,20.7,28.5,17.1,16.0,58.9,27.7,87.8,47.0,44.6,20.8,55.5,41.7,125.81805054151626
88.0,173.0,44.0,110.8,90.0,103.2,124.0,67.8,42.4,40.0,23.8,34.2,17.7,15.8,55.5,24.9,82.6,44.2,38.3,25.3,60.5,43.2,180.6191780821918
78.4,171.2,43.0,102.8,101.2,102.8,112.9,61.7,39.1,35.4,20.9,28.0,17.0,14.9,58.3,26.1,82.1,48.7,44.8,23.9,56.0,39.9,141.35
61.5,172.5,41.2,95.7,75.2,86.1,108.5,51.7,36.4,34.2,20.6,27.0,16.0,13.4,58.5,26.2,84.1,42.3,41.3,21.9,55.7,39.9,145.33544776119405
75.2,170.0,40.5,96.6,90.6,99.2,109.9,61.5,40.2,36.5,21.8,30.3,17.2,13.8,56.8,25.2,81.2,46.7,38.0,23.9,55.0,37.3,133.89729729729729
65.7,177.0,40.5,91.7,77.3,89.1,108.7,53.1,36.8,34.4,22.0,26.9,16.8,16.6,60.1,26.9,86.1,45.7,42.2,19.2,58.9,41.7,128.83204225352114
68.6,189.9,42.0,90.2,73.0,88.2,110.5,54.1,36.9,35.5,23.2,29.5,17.4,15.6,67.0,31.3,99.3,46.0,48.9,18.9,55.5,43.6,139.4
86.5,182.5,43.3,110.1,88.2,97.8,115.9,61.0,39.8,38.8,25.2,32.0,18.0,13.9,61.9,27.2,89.0,46.7,42.4,25.9,58.6,40.3,166.57987012987013
74.6,177.9,40.0,95.6,81.9,92.4,115.1,56.8,41.3,35.5,21.3,31.7,17.5,15.8,57.5,27.9,86.1,46.5,40.5,23.0,58.3,42.3,132.28782287822878
77.5,176.0,43.1,100.7,85.5,98.5,114.6,60.5,38.1,34.1,20.7,31.7,17.1,14.9,58.5,28.2,86.8,44.4,42.4,23.4,58.2,40.6,156.565371024735
72.0,180.6,41.2,95.5,73.5,91.4,111.5,55.3,40.4,37.3,22.7,29.0,16.9,14.9,61.0,26.5,84.7,47.9,40.8,23.0,56.7,40.1,144.89655172413794
64.1,173.4,38.3,97.1,78.1,91.0,110.0,52.2,33.8,34.6,20.7,28.1,16.9,14.2,56.1,25.7,81.2,50.8,42.1,22.4,56.6,40.4,138.4574074074074
84.2,181.3,41.9,99.3,87.0,102.3,115.0,64.9,41.5,38.1,22.6,30.6,17.5,14.0,63.5,29.4,89.7,50.0,41.5,23.7,58.1,41.1,158.06179775280899
73.3,182.3,39.7,96.0,80.7,94.2,115.0,56.8,37.5,35.7,22.3,27.9,17.5,15.4,59.4,27.6,88.9,47.4,44.0,21.9,59.8,41.7,134.4
95.5,176.8,44.4,112.1,97.2,105.6,123.3,66.8,42.5,39.8,24.0,31.6,18.2,14.0,62.5,28.4,84.5,48.5,40.0,27.1,58.2,43.3,164.22292993630572
121.9,174.1,46.2,125.5,122.4,118.1,130.5,75.5,49.5,46.7,26.0,36.9,19.5,15.0,58.0,25.6,82.8,49.9,42.7,30.1,60.2,44.0,183.26984126984127
84.7,180.4,43.4,100.7,90.5,101.0,116.7,60.7,41.1,41.8,25.4,30.0,18.4,15.5,61.0,26.7,88.5,46.4,40.1,23.6,57.3,43.4,152.62891986062718
89.6,183.1,42.5,107.1,92.0,109.3,116.0,67.8,42.0,39.9,25.2,30.2,18.0,15.1,62.0,27.4,87.0,49.8,38.2,26.4,58.4,42.0,150.609375
115.8,181.9,46.3,117.2,110.5,115.7,126.2,72.8,47.9,45.2,25.8,36.1,20.0,15.0,60.1,27.3,86.8,50.0,39.9,28.0,59.9,43.5,171.43229813664595
85.7,173.9,45.2,105.3,91.7,101.1,119.0,65.1,40.8,39.4,22.0,30.6,17.0,14.3,61.0,28.5,87.7,45.2,41.3,22.9,56.2,42.2,149.8228187919463
67.2,171.6,39.2,98.4,75.2,88.1,113.3,54.2,39.3,36.7,21.5,29.2,17.4,16.7,57.6,26.3,82.9,47.7,38.5,22.3,56.2,42.4,141.08823529411765
89.3,166.4,45.4,107.1,91.1,105.8,120.8,67.5,44.3,41.7,24.5,32.7,18.0,14.9,58.7,27.7,83.1,41.7,37.9,25.4,56.7,41.1,153.68116438356165
97.7,167.4,46.3,116.3,108.2,109.2,124.5,69.2,43.3,40.8,21.7,32.7,18.0,15.0,62.0,26.9,84.4,47.0,39.7,29.1,59.4,42.9,188.93920265780733
82.2,176.3,42.5,108.5,87.5,94.1,122.1,60.2,39.8,38.2,21.7,33.7,18.0,15.8,62.1,29.8,87.3,43.4,40.8,26.2,57.7,42.4,157.34364261168383
83.0,176.1,47.4,101.9,90.4,101.4,117.1,63.6,40.0,37.8,21.7,30.7,16.7,14.7,60.5,27.2,88.4,48.0,41.0,23.3,57.0,41.6,148.28458781362008
86.9,175.1,41.6,105.8,94.6,104.1,117.2,63.5,43.7,40.2,23.6,29.8,17.9,15.0,57.9,25.2,81.9,46.1,38.2,24.1,58.8,41.3,139.38730158730158
76.0,173.8,43.5,99.3,88.5,97.1,117.1,59.8,37.7,37.4,22.8,30.3,17.0,14.8,58.2,25.2,86.3,45.7,43.1,21.6,57.4,42.6,147.9083916083916
80.1,161.0,43.2,103.4,91.5,103.1,113.5,63.9,43.8,40.3,24.2,31.7,17.1,14.0,51.2,22.9,71.3,44.7,36.1,23.8,56.0,39.6,159.7326164874552
68.9,176.7,42.8,90.9,73.9,94.4,114.5,54.8,37.2,37.8,22.2,27.9,16.9,16.8,60.5,27.4,85.8,48.3,38.2,21.4,57.6,43.1,137.78149606299212
69.5,164.9,43.2,102.8,77.6,91.0,113.2,57.2,35.9,35.0,21.7,31.4,16.5,13.7,57.5,26.3,80.7,41.0,38.3,25.0,59.2,40.5,152.29629629629628
79.3,166.0,42.8,104.7,96.1,100.0,113.6,61.8,40.4,37.6,22.7,31.4,17.2,14.8,52.7,22.5,77.2,48.6,37.2,24.6,58.2,39.9,153.14328358208954
99.4,186.3,44.1,112.9,104.2,105.5,122.7,67.2,41.8,41.3,24.6,32.1,18.7,15.9,64.8,29.3,91.1,47.4,46.7,27.0,58.8,45.5,163.59713375796179
86.9,168.8,43.8,104.4,102.8,110.5,114.5,70.3,41.4,41.1,24.2,30.2,17.0,13.9,56.7,25.6,82.1,45.0,36.6,24.9,56.1,39.8,156.4115523465704
80.6,186.1,43.7,102.1,82.8,96.3,123.4,55.9,40.1,37.6,23.9,30.1,18.5,17.8,67.3,30.7,94.2,48.2,44.5,21.4,59.7,46.7,139.7157894736842
98.6,172.5,43.8,110.1,95.2,107.8,122.7,71.8,47.0,42.9,23.6,35.5,18.1,15.9,60.2,27.5,87.6,44.6,45.0,27.8,58.0,41.9,179.10102739726025
86.8,170.2,43.7,106.6,101.2,105.2,116.0,62.8,42.1,40.8,23.5,30.0,17.3,14.2,58.1,26.0,84.0,49.4,39.7,25.2,58.2,41.1,164.11271477663232
76.1,172.1,42.1,99.6,86.0,93.6,111.6,59.4,37.8,39.0,22.1,29.7,16.7,13.4,61.1,29.2,90.7,38.3,45.5,24.1,57.6,37.9,160.25864661654137
71.9,185.3,40.5,93.4,76.1,91.5,112.9,57.2,36.4,35.8,21.6,29.1,17.9,17.0,64.3,30.0,96.6,45.5,46.9,21.1,56.4,41.9,139.37596899224806
72.7,165.2,40.4,98.7,80.2,93.0,113.6,58.2,40.6,38.1,21.6,32.7,18.4,15.1,57.0,27.3,82.0,43.7,40.6,23.1,58.5,39.9,148.8034351145038
126.5,182.7,49.0,130.2,114.2,122.4,131.4,78.8,50.5,44.0,27.8,35.7,19.5,15.5,63.5,27.9,90.3,48.4,44.6,31.4,55.6,46.5,
81.8,170.9,41.6,112.1,106.1,98.8,115.4,59.6,37.8,33.6,20.4,28.8,16.5,15.7,57.0,26.1,83.0,50.9,41.5,26.6,56.7,40.8,181.40506756756756
87.5,172.7,45.1,110.0,105.3,104.1,116.3,63.1,42.5,40.0,22.3,30.2,16.7,14.6,58.5,25.3,82.4,49.8,39.4,25.8,58.0,41.7,147.8343949044586
80.1,172.1,41.3,107.1,91.6,94.7,114.2,56.3,37.9,38.7,23.3,29.9,16.7,14.6,58.4,27.0,81.3,49.6,38.2,26.0,56.8,40.1,172.178125
112.3,183.3,47.2,116.3,110.3,111.6,122.5,73.0,47.5,42.8,25.0,33.7,18.4,14.7,62.0,29.4,93.2,48.5,44.6,29.6,60.3,43.3,186.56458333333336
72.5,178.6,40.1,95.1,90.0,94.3,108.8,57.3,37.3,34.6,22.0,28.8,17.6,15.5,60.2,26.1,86.1,50.9,41.0,23.5,56.1,39.0,146.8149635036496
77.5,163.9,43.5,101.6,89.9,96.4,112.0,59.9,40.0,40.3,24.7,29.5,17.7,14.2,57.8,27.2,77.5,47.6,36.1,25.3,58.8,41.4,146.99574468085106
63.7,168.9,40.5,89.0,82.2,90.0,106.6,52.5,37.0,35.7,20.1,28.0,15.8,14.6,57.1,26.1,80.2,49.6,38.2,22.2,55.5,37.5,132.04098360655738
81.9,172.0,46.7,104.2,88.0,94.1,125.9,60.4,38.0,39.4,22.0,33.7,18.7,14.8,60.6,28.4,83.5,46.9,41.7,24.5,56.0,44.7,146.42483660130716
101.3,175.1,49.2,114.8,106.2,105.8,125.0,67.7,43.0,43.9,24.4,33.4,18.5,13.9,57.6,28.1,88.1,48.0,44.1,28.5,58.4,42.7,178.28211920529802
93.2,163.3,44.8,107.7,105.0,103.8,119.2,69.8,45.8,43.7,24.1,33.5,18.3,14.9,56.1,25.6,80.1,44.5,40.1,27.6,57.1,38.5,166.0868131868132
95.6,168.7,47.4,114.9,100.7,107.9,127.2,68.9,43.7,40.2,23.3,33.5,17.6,15.7,55.8,26.9,84.2,44.8,41.5,27.8,59.3,44.1,188.84948096885813
107.8,181.6,46.7,115.8,106.5,112.7,125.0,70.5,43.0,39.6,23.1,34.3,18.0,14.4,65.0,30.4,92.5,52.0,44.4,30.0,59.0,41.4,174.92323943661972
82.0,177.7,39.0,100.3,84.1,99.7,113.7,62.5,40.4,39.7,22.7,31.5,17.3,15.1,59.7,28.3,85.8,46.4,43.9,24.3,57.9,40.3,145.8909090909091
81.4,179.6,45.3,101.1,91.6,98.7,119.0,59.5,40.0,35.5,21.3,30.5,17.1,14.9,61.0,26.8,88.2,47.5,39.4,23.2,59.4,44.1,148.88013698630135
104.0,181.8,47.1,115.8,104.8,106.3,125.5,63.4,42.9,41.2,25.3,34.5,19.0,15.1,63.8,28.6,90.7,49.4,41.4,29.9,61.3,43.2,189.60211267605632
90.8,176.7,44.1,107.4,99.7,106.8,120.0,65.8,42.6,41.7,23.8,31.7,16.8,13.8,57.5,25.6,84.8,46.8,40.4,24.8,56.0,42.6,140.31290322580645
92.7,166.9,43.2,106.8,98.8,110.9,116.0,68.1,45.5,42.1,25.3,32.6,18.7,13.8,58.2,25.8,75.8,43.3,38.9,25.2,56.0,39.6,151.23776223776224
77.5,168.9,40.7,103.6,98.1,98.8,113.0,61.8,38.9,38.1,22.3,28.8,17.3,14.7,59.9,26.7,83.4,48.1,39.2,25.6,57.7,41.7,138.36986301369865
76.4,171.3,42.3,98.0,81.1,96.2,118.2,62.3,39.2,35.9,21.5,31.5,16.7,14.5,60.3,26.4,85.3,41.9,42.6,22.8,56.6,41.7,157.80882352941177
70.2,178.1,41.4,94.0,76.7,92.1,113.1,57.3,38.8,37.4,21.5,28.0,16.7,14.7,61.5,27.2,86.9,47.4,38.3,19.9,57.4,40.5,132.43986254295532
87.4,175.6,44.6,104.4,96.6,104.2,116.1,65.3,41.1,38.8,24.1,31.6,17.6,14.0,61.0,27.3,84.5,47.4,40.0,23.3,54.4,38.3,164.60399999999998
72.7,167.4,40.6,98.1,90.0,97.6,111.3,60.3,40.2,40.2,21.9,28.0,16.8,16.2,56.4,26.3,78.9,47.4,38.4,24.2,57.4,40.6,146.6070110701107
71.3,164.4,42.2,100.6,89.7,93.5,113.6,57.3,37.7,37.0,21.2,30.4,16.9,14.9,54.5,25.4,77.6,46.0,34.4,23.1,55.8,42.6,147.0576388888889
71.4,183.8,41.7,101.1,75.4,88.2,119.5,54.2,34.0,34.8,21.5,29.4,17.2,16.9,67.2,31.4,96.0,44.7,48.1,22.5,56.0,45.6,144.62916666666666
75.0,173.3,41.1,99.6,85.3,96.2,114.6,61.7,39.7,38.3,21.7,31.1,16.8,14.2,58.9,28.2,82.2,45.5,39.6,23.2,57.1,39.5,139.81584905660378
81.2,168.1,41.7,107.2,91.5,98.1,116.7,64.8,40.4,37.5,22.6,32.7,17.7,13.5,56.5,26.2,84.5,44.5,41.0,24.6,56.9,40.0,166.0845070422535
108.4,182.1,43.7,115.8,110.7,113.8,119.3,72.5,46.3,42.9,25.2,31.2,18.6,14.1,59.6,26.4,85.8,50.5,44.1,28.3,57.8,41.9,175.63
93.7,171.3,41.3,118.1,107.6,104.3,121.2,69.8,40.6,40.0,21.8,31.1,17.1,15.0,56.0,26.7,85.4,43.5,40.3,28.8,55.8,41.5,164.2450331125828
83.5,170.4,43.7,103.2,95.0,103.8,115.5,62.9,40.0,37.9,23.4,30.8,18.1,14.6,57.3,25.9,79.6,47.8,42.7,23.6,58.5,39.3,147.67105263157896
119.7,178.5,43.6,120.4,119.9,128.8,124.5,82.7,49.4,43.7,24.4,34.0,18.2,15.9,62.4,28.4,86.6,51.6,46.2,29.2,57.5,41.5,193.72051282051282
100.4,179.3,42.8,108.4,104.8,117.2,124.8,75.9,47.3,42.5,22.2,30.9,17.2,16.6,63.6,30.2,89.3,45.2,40.2,26.4,56.6,43.5,167.52727272727273
99.8,180.3,43.6,108.6,107.0,105.0,117.2,64.4,45.1,43.6,23.6,33.7,18.7,14.0,60.1,28.0,84.2,50.8,42.8,25.2,57.0,42.1,159.4950495049505
92.9,172.5,43.7,105.8,96.6,105.2,123.9,70.3,44.3,41.7,24.4,34.1,19.4,16.0,54.5,26.0,83.2,47.9,42.1,24.4,53.5,42.3,162.4914675767918
91.2,166.6,42.2,108.1,100.9,114.2,115.0,72.7,46.4,44.1,23.1,32.6,17.2,13.0,56.2,27.0,81.4,44.6,39.2,25.7,54.8,39.4,154.88955223880595
78.6,168.7,41.6,98.5,88.0,99.1,109.7,59.9,40.6,39.4,23.8,30.4,17.6,14.0,59.5,28.7,89.4,42.2,43.6,22.9,58.8,38.4,148.63898916967509
78.0,176.8,43.2,97.0,84.9,100.3,116.2,60.2,38.4,37.7,23.0,28.7,18.2,14.5,59.1,26.3,85.4,44.5,42.8,21.5,58.8,40.9,155.47038327526133
66.3,162.6,40.7,94.2,85.0,93.8,111.1,58.6,37.8,37.3,21.3,28.8,16.0,13.7,53.1,23.7,77.2,46.5,37.9,22.2,56.8,38.4,140.22137404580153
64.2,168.4,40.2,94.3,78.8,91.8,108.0,55.6,36.8,34.8,20.4,27.6,16.5,13.8,59.4,25.9,84.4,41.0,41.8,21.0,55.7,38.4,147.69044117647059
91.3,175.1,44.0,108.2,99.8,107.4,119.1,66.1,43.0,41.1,23.8,31.5,17.7,15.0,57.8,25.7,83.1,47.9,41.4,26.2,58.5,42.2,173.42160278745644
85.8,185.2,44.1,101.4,87.5,99.1,123.2,58.1,40.1,41.2,23.9,32.0,18.1,17.0,63.5,28.6,91.6,47.4,43.2,22.8,57.6,43.7,153.94059405940592
64.7,162.4,42.0,95.5,80.1,90.9,110.0,55.6,36.5,37.1,20.5,28.4,16.0,14.3,54.3,24.5,74.5,43.1,38.1,22.2,54.4,39.6,137.12820512820514
77.7,172.3,40.6,100.5,85.0,96.7,115.5,61.0,39.5,38.5,23.0,31.5,17.3,15.7,56.1,26.0,82.5,46.4,40.6,23.6,58.4,41.2,142.73913043478262
114.6,177.5,48.6,120.1,113.2,117.8,134.5,76.2,45.5,42.5,24.4,32.9,18.2,15.9,58.5,26.6,85.5,48.3,41.5,28.8,59.8,47.0,188.01597444089455
59.1,178.4,39.8,85.8,75.9,87.0,104.9,49.3,35.5,34.3,21.6,26.4,17.1,14.0,60.0,27.7,88.1,47.1,41.7,19.2,56.2,39.7,125.32584269662921
55.2,166.2,37.9,84.8,74.0,85.2,100.8,50.5,34.5,32.3,22.0,25.8,16.3,14.5,55.0,25.4,82.0,43.3,39.0,20.9,55.6,38.1,134.59744680851063
85.8,171.9,45.7,103.0,101.5,101.4,115.9,62.8,40.4,37.3,22.2,32.4,17.7,13.3,58.5,28.4,86.5,46.3,42.1,24.3,57.7,39.9,154.13986013986013
114.3,181.4,47.4,123.6,112.8,119.3,133.0,75.3,45.5,40.0,24.0,33.5,19.5,16.2,65.0,31.9,94.6,50.0,46.7,30.6,59.4,44.1,
107.8,187.7,44.3,114.8,108.7,117.3,123.0,72.2,46.5,40.8,23.8,31.8,18.2,15.0,64.5,29.4,93.0,50.0,46.8,28.2,60.0,42.0,180.078431372549
81.1,165.3,45.2,103.3,100.2,101.1,110.6,62.4,40.5,39.5,23.5,31.7,17.2,12.4,55.5,26.5,79.5,44.8,37.6,24.6,56.0,38.0,164.018320610687
83.7,175.7,42.1,108.2,95.3,98.3,113.1,59.1,40.5,38.8,22.3,31.4,18.2,14.6,56.7,26.5,83.5,48.0,41.5,26.1,55.8,39.3,152.53194444444446
87.8,171.8,44.6,106.3,102.9,102.7,118.0,61.8,41.8,37.5,21.2,32.1,18.1,14.2,61.3,27.6,85.6,48.0,41.2,25.5,57.5,41.9,163.3939929328622
73.2,184.2,41.2,94.9,78.9,87.5,114.4,54.6,37.5,37.2,21.5,29.7,18.0,15.6,63.7,30.3,94.6,46.9,48.1,21.8,58.7,40.4,129.49895833333332
73.2,186.3,39.4,98.2,84.8,91.8,116.8,54.6,37.6,36.4,22.1,31.1,17.4,14.6,65.0,29.2,95.7,47.7,46.7,22.0,56.2,42.8,138.6556338028169
87.3,196.6,41.1,101.4,84.0,98.7,116.8,59.1,42.2,38.3,23.1,31.8,19.0,17.2,70.9,32.3,103.1,51.2,47.3,23.7,58.5,42.0,150.4162361623616
123.1,178.6,48.7,129.0,124.5,114.8,131.2,77.4,47.9,42.6,26.7,38.3,21.1,14.0,59.1,26.1,82.8,50.4,43.7,30.2,59.6,45.3,
68.5,168.9,40.1,93.3,85.6,95.7,106.1,58.1,40.5,37.2,23.7,28.4,16.8,14.3,56.9,26.9,81.6,45.9,38.5,22.6,57.4,39.2,124.16349809885932
91.6,170.0,44.0,109.8,110.0,102.9,119.0,65.9,42.5,35.4,21.1,32.5,17.6,15.7,57.4,27.2,82.1,50.4,40.4,26.1,57.2,41.6,172.76223776223776
78.6,173.0,42.9,101.7,91.3,98.1,111.9,61.9,41.5,35.8,22.6,31.0,17.2,13.2,56.0,25.5,81.6,47.6,40.7,23.5,58.8,40.0,155.520618556701
78.3,178.1,40.5,103.6,91.9,98.2,113.1,60.5,38.5,36.4,22.3,30.5,16.3,15.3,63.0,28.9,89.9,44.5,45.6,24.9,57.3,40.9,157.828125
69.0,164.7,40.4,94.4,82.5,96.4,110.4,63.2,37.5,35.6,20.5,29.2,15.9,13.6,56.5,26.2,81.9,41.3,41.1,21.7,55.8,38.4,155.6125
63.3,169.8,39.7,90.9,82.6,90.2,108.2,50.0,36.0,34.7,21.5,28.4,17.7,16.3,58.2,27.1,82.5,44.4,41.4,22.0,58.0,41.0,138.76022727272726
80.0,167.1,43.9,98.0,88.8,102.8,114.5,64.7,40.7,39.0,23.8,30.6,17.0,14.5,56.0,26.3,81.1,43.4,38.5,23.1,59.3,40.2,148.65168539325842
74.9,181.2,42.9,94.9,81.7,95.8,114.5,52.6,40.5,35.8,22.4,33.6,19.0,15.4,63.9,29.0,87.0,48.0,40.4,22.3,57.6,42.7,133.9764705882353
72.1,171.5,41.5,96.4,91.2,95.8,109.4,58.1,39.2,36.6,20.7,29.2,17.0,13.9,57.5,26.5,83.0,41.7,38.4,23.4,55.7,39.4,141.76470588235296
84.5,180.7,43.8,99.7,89.1,104.0,116.2,61.9,42.4,39.7,24.5,32.0,18.0,15.2,58.8,28.2,85.1,51.1,44.4,23.6,59.8,41.4,143.40905797101448
75.9,174.8,42.4,100.1,85.3,97.5,115.3,58.3,40.2,37.1,22.7,29.8,18.6,13.9,58.3,26.6,84.9,48.1,39.9,22.0,56.5,41.0,145.8904255319149
76.5,179.5,39.9,102.5,84.5,92.8,115.7,55.2,40.0,38.2,22.6,31.0,17.6,15.5,59.0,27.0,86.0,47.4,38.8,24.0,57.8,40.9,158.75420875420875
117.8,168.8,46.2,122.1,120.0,121.0,132.0,81.2,49.0,43.8,25.2,34.9,19.8,15.4,57.1,26.8,84.2,47.0,44.1,29.5,57.9,44.1,171.96077170418005
83.5,185.4,40.9,100.6,95.4,101.0,115.0,61.2,41.2,37.0,21.5,29.0,17.4,15.3,64.9,30.5,95.5,51.4,46.1,24.3,57.9,41.1,150.53284671532847
64.4,181.6,40.0,88.8,72.5,88.9,109.8,51.9,36.3,34.8,21.8,27.5,17.4,16.5,56.7,25.2,84.2,48.9,39.4,18.8,54.8,42.4,112.81708185053381
79.1,176.0,42.9,104.3,100.5,98.4,112.8,57.9,40.4,37.9,21.3,29.2,16.2,14.0,59.1,27.4,87.6,47.0,41.0,25.3,58.5,40.8,162.1625441696113
91.9,169.4,46.5,118.9,106.1,103.8,117.1,62.6,41.6,39.3,23.1,31.6,19.0,14.8,57.5,27.2,79.9,48.5,39.1,28.5,60.0,41.4,198.16666666666669
74.4,175.7,41.4,99.8,86.0,96.2,114.6,58.7,38.4,37.4,23.4,29.1,16.7,15.4,56.7,26.0,85.2,45.8,42.6,21.9,58.4,40.5,143.35532646048108
81.9,179.9,42.2,106.3,88.0,101.6,119.1,61.5,38.4,38.8,22.7,29.9,17.5,14.9,60.6,27.5,90.6,47.8,40.0,23.7,58.6,42.2,147.34653465346534
118.1,176.5,47.2,125.4,114.8,116.8,128.9,73.1,45.5,45.0,25.2,38.5,18.8,14.4,59.7,27.8,86.7,51.8,37.7,31.4,58.7,43.2,189.69745222929936
69.7,167.4,44.0,100.9,85.7,93.1,106.6,56.2,37.1,37.3,22.0,29.6,17.5,11.3,56.5,24.4,83.6,48.3,37.9,23.7,54.9,37.6,161.59172932330827
107.1,181.9,45.8,115.5,108.4,112.1,124.0,72.2,44.3,42.1,22.2,34.4,18.0,14.0,63.0,29.6,90.0,50.0,41.9,26.2,57.8,42.7,178.24074074074073
109.0,172.9,50.1,125.5,117.5,109.7,127.3,67.5,43.5,42.2,24.6,33.8,18.0,14.8,59.6,27.8,81.9,46.6,41.1,30.6,59.6,45.0,197.37388724035605
92.5,176.1,43.5,105.5,103.8,104.4,109.9,64.2,42.7,41.6,24.4,31.9,18.2,13.1,59.2,27.2,83.3,47.3,38.5,25.8,57.5,40.6,148.96302816901408
102.6,189.9,43.5,106.5,92.0,113.2,120.6,70.3,47.1,39.4,22.2,34.1,18.4,16.4,66.0,30.1,93.3,50.8,43.8,26.6,58.9,42.7,168.93103448275863
119.6,186.4,48.2,123.3,115.5,120.3,131.9,72.8,46.4,42.6,25.4,32.6,18.1,17.1,64.0,30.2,89.6,54.5,42.8,31.2,59.9,47.6,177.92658227848102
88.2,188.1,42.6,101.2,83.8,100.2,117.0,65.4,42.2,37.7,22.8,30.9,18.0,16.3,64.0,29.9,94.7,49.5,47.6,24.9,57.4,43.4,148.98888888888888
63.4,174.6,39.5,90.0,77.0,86.3,107.8,52.7,35.1,33.3,20.2,28.4,15.8,15.3,58.5,28.3,90.8,44.0,44.2,20.2,57.2,40.2,118.22878228782288
84.0,179.8,44.9,104.2,88.1,97.4,120.3,59.1,40.9,39.9,23.3,33.5,18.2,14.6,63.1,27.6,89.8,48.0,43.5,24.1,57.2,42.8,144.52397260273975
99.1,177.3,46.1,111.2,101.0,109.0,123.9,67.0,43.3,39.8,23.3,34.3,18.1,15.4,63.7,29.0,85.1,49.5,42.3,26.2,59.3,44.2,173.42781456953645
67.7,178.4,38.4,92.0,73.7,88.2,108.6,53.4,33.9,36.5,21.7,29.7,17.2,15.2,63.5,29.7,91.1,44.7,46.1,21.4,56.7,40.7,139.08661417322836
104.7,174.0,44.9,119.2,108.4,110.0,120.1,67.7,46.7,44.2,25.5,32.9,17.8,13.4,56.6,25.1,81.7,51.1,40.9,27.7,56.9,40.8,173.45382059800664
92.2,197.9,42.9,100.5,96.0,104.8,111.1,65.6,40.7,37.2,22.8,30.8,17.8,15.8,63.4,28.3,97.6,52.0,47.4,24.3,59.5,41.7,139.28947368421055
82.2,174.4,43.3,104.0,91.5,103.6,111.7,62.6,41.9,39.7,22.9,29.3,16.5,13.2,57.1,25.7,83.6,48.6,36.6,26.1,55.5,38.9,154.31046931407943
89.9,179.4,43.9,110.2,91.4,103.0,125.5,63.1,41.8,37.2,21.6,34.6,17.6,16.0,60.4,28.1,88.3,48.6,44.7,26.1,55.3,43.7,170.79106529209622
85.0,163.7,45.5,112.0,96.0,99.0,123.5,64.3,41.2,36.1,20.7,32.7,16.8,14.1,61.1,28.1,81.7,44.5,38.9,26.2,57.4,42.6,178.96907216494847
60.1,173.7,39.7,89.6,72.4,87.5,107.7,48.4,36.1,33.1,22.6,27.0,16.3,15.8,59.0,26.6,83.8,45.5,38.7,20.4,55.8,40.6,138.6911877394636
120.6,166.6,46.5,125.8,123.8,120.5,131.4,82.8,49.4,47.5,24.7,34.0,17.8,15.4,59.1,28.4,86.0,49.1,45.3,32.3,56.0,44.3,
81.6,178.0,43.2,104.5,87.8,102.1,119.3,62.4,38.0,37.0,22.4,29.0,16.8,15.2,60.5,27.7,85.8,46.5,39.7,23.5,58.8,42.1,162.55555555555557
78.3,174.0,42.0,104.3,87.2,97.7,118.0,60.6,40.3,38.1,23.6,32.3,17.5,15.5,57.5,25.2,82.5,46.1,39.7,23.3,56.5,42.8,155.5477508650519
90.6,174.8,44.9,109.2,100.4,104.8,119.5,65.5,41.5,40.3,22.5,30.9,16.7,14.5,60.4,28.0,87.7,47.0,41.9,25.3,58.2,42.5,167.24651162790695
81.7,166.7,44.4,110.9,93.8,99.8,120.5,60.8,38.4,36.6,21.4,30.4,17.5,15.1,53.5,24.6,79.6,48.4,40.2,26.7,59.6,41.2,187.8590747330961
87.2,178.1,45.0,107.6,93.6,105.1,120.3,64.3,38.5,39.0,22.7,28.8,16.2,15.3,57.0,26.2,86.6,49.1,41.4,24.8,57.7,41.5,172.44503311258276
84.8,175.6,41.9,103.7,96.3,105.4,112.0,64.7,42.1,40.9,25.7,31.2,17.4,13.8,59.6,27.6,85.8,49.0,43.7,22.7,57.1,40.7,140.53137931034482
86.9,169.4,45.1,104.7,95.0,102.2,116.9,66.3,44.3,40.6,22.4,31.1,16.9,14.5,55.6,26.1,83.7,48.0,41.8,25.1,58.3,42.6,166.42611940298508
110.8,179.0,47.0,120.2,117.0,120.4,128.2,75.4,46.0,44.5,25.4,32.4,18.4,17.0,58.6,27.2,84.5,55.0,37.3,28.4,59.7,46.4,184.68825396825397
97.4,173.6,43.3,110.9,107.8,116.0,119.5,73.5,43.2,39.3,23.0,31.2,17.2,14.0,61.4,27.9,87.5,46.5,41.4,25.7,56.3,41.6,174.5311475409836
103.9,183.6,44.3,112.9,103.8,113.3,120.6,72.2,44.8,42.5,25.3,35.8,19.4,14.0,61.1,27.4,86.6,53.0,41.0,27.5,57.7,42.2,158.21901408450702
77.6,174.0,42.8,99.4,86.2,98.9,113.4,60.9,42.3,38.2,22.7,29.8,18.2,13.6,55.6,26.5,80.0,48.1,39.6,23.9,57.0,38.9,126.25543859649122
71.8,175.0,43.4,97.4,87.0,95.5,106.5,56.2,37.4,38.2,20.9,27.7,15.7,11.9,56.1,25.1,81.0,51.7,40.6,22.1,55.3,38.4,150.88145454545455
88.4,177.0,45.9,107.7,101.0,107.8,116.0,67.3,40.1,38.3,23.1,30.3,17.1,14.0,57.6,27.4,82.6,48.5,39.3,23.8,60.3,41.7,145.69006849315068
59.6,180.7,37.5,82.6,65.0,85.8,105.4,50.9,35.3,35.5,21.8,27.0,16.9,15.1,64.5,29.5,94.4,45.4,45.9,18.0,56.4,40.9,121.76095617529882
60.5,162.3,41.2,93.1,86.0,94.4,109.0,55.3,36.3,36.3,21.5,29.6,16.5,14.0,55.5,24.8,78.2,44.3,38.5,20.4,54.6,38.2,145.8110294117647
79.6,174.2,42.0,103.2,90.2,103.4,112.8,64.1,38.4,37.7,22.1,29.1,17.2,12.5,58.1,26.8,83.0,46.5,39.8,24.2,56.7,41.0,150.85833333333332
78.6,180.6,41.5,105.0,83.0,97.7,116.0,61.2,39.4,37.7,22.2,30.6,16.7,15.3,60.0,27.5,92.4,47.4,43.3,23.5,57.6,42.2,150.51194539249147
102.1,178.7,44.9,119.2,106.7,111.7,125.5,71.4,43.3,41.2,22.6,33.6,17.8,16.4,60.2,27.5,88.7,51.6,42.6,27.9,57.9,45.1,179.92452830188682
95.5,175.0,44.4,111.6,99.9,108.7,121.5,68.9,42.4,44.4,25.5,32.6,18.2,14.0,59.5,26.7,85.5,52.2,36.5,26.4,57.0,41.8,163.07746478873239
62.9,165.2,38.0,95.3,83.9,88.3,109.7,52.5,34.1,35.8,20.6,27.2,16.0,15.5,54.6,24.4,79.3,45.7,39.8,19.9,58.3,40.6,150.2670411985019
76.0,184.0,43.0,97.9,80.2,96.3,117.5,55.7,38.6,36.3,22.2,29.0,17.0,15.8,62.0,28.7,88.6,49.1,41.6,22.2,58.7,43.2,134.1095890410959
68.7,178.2,41.8,92.8,73.0,90.0,111.9,52.9,36.3,39.6,23.6,30.6,18.0,16.7,62.0,28.8,86.4,45.5,41.9,22.0,57.3,43.0,146.8125
92.2,177.9,44.7,110.6,96.6,106.9,123.7,66.0,41.1,42.0,22.5,30.9,17.5,15.5,61.5,27.5,84.2,48.2,41.3,25.8,56.4,42.6,170.01618122977348
67.8,166.5,42.0,99.3,83.8,91.8,116.2,55.7,37.7,34.8,22.0,28.5,16.9,15.2,57.1,25.1,84.0,44.9,37.9,23.2,55.9,43.1,150.1868327402135
71.5,169.0,40.9,97.6,86.6,94.3,108.0,61.1,36.6,37.2,21.0,28.5,15.8,13.5,57.0,26.0,81.3,45.6,38.2,22.5,58.6,37.4,148.2074074074074
78.5,160.9,43.1,107.0,93.2,97.4,119.5,59.2,40.0,41.3,22.2,29.3,17.3,15.7,55.1,25.7,76.1,43.1,34.8,25.3,55.5,42.5,161.40677966101697
73.2,188.8,42.1,91.7,81.6,92.8,110.9,56.4,36.4,34.7,21.7,28.2,18.3,15.5,62.5,28.6,91.7,52.9,44.2,21.4,58.2,40.7,116.06783216783217
73.9,169.7,40.5,102.3,80.8,95.1,116.0,59.2,39.1,37.0,21.8,28.8,17.7,16.1,58.4,25.4,82.7,47.3,40.6,23.5,57.7,42.0,165.171875
72.3,181.8,39.2,93.4,83.6,94.6,108.0,54.6,36.4,36.8,22.0,28.8,17.3,14.0,64.5,27.7,87.2,48.6,43.5,23.3,58.8,40.2,121.62910447761195
85.7,178.0,46.6,107.4,92.5,102.6,118.5,60.1,38.4,35.4,21.6,31.7,17.6,12.7,63.0,27.6,87.4,49.8,41.7,25.4,58.3,42.0,153.42857142857142
70.0,179.1,40.0,97.9,77.5,96.1,117.1,56.5,35.7,34.7,20.7,28.6,16.7,18.0,59.5,26.6,86.5,47.4,42.3,22.1,57.0,45.0,137.88732394366195
76.0,182.8,43.3,98.0,83.0,98.1,118.4,57.4,38.4,37.3,23.3,28.8,17.1,16.9,60.4,26.1,86.6,49.2,38.2,19.1,59.0,45.2,146.52117263843647
71.7,167.4,42.4,98.4,85.7,91.9,112.0,58.4,38.8,36.0,22.2,31.6,17.8,13.5,54.1,24.5,80.0,46.3,36.0,23.4,59.6,39.4,147.6
96.5,171.6,46.4,116.1,105.8,107.5,122.8,66.4,42.0,40.8,22.7,34.4,17.9,14.0,59.5,28.0,82.0,47.8,41.2,27.2,58.7,42.1,170.557328990228
88.0,177.8,45.5,107.7,93.7,104.5,120.0,64.6,41.1,37.5,22.5,32.3,17.6,14.0,63.4,29.0,89.9,46.5,43.7,24.7,59.7,42.6,167.04489795918366
76.5,179.7,42.8,100.2,80.9,95.2,114.6,57.8,37.6,38.3,23.6,31.1,17.4,16.0,58.1,27.0,85.8,47.0,40.3,23.1,57.8,42.4,137.15589353612168
97.4,172.3,45.7,114.1,100.3,107.8,124.5,66.9,41.3,42.1,22.8,35.8,17.5,14.5,58.0,28.5,84.5,47.9,40.0,27.5,57.8,42.7,174.0508474576271
84.6,178.4,42.0,105.2,93.0,100.8,117.5,63.8,39.7,39.7,23.7,28.5,17.6,14.9,61.9,28.0,87.5,49.3,40.4,24.1,58.2,40.7,150.28571428571428
73.4,168.8,42.0,105.9,86.6,90.7,112.0,55.1,37.2,36.5,20.6,29.9,16.0,12.6,57.3,25.7,81.0,48.5,40.3,25.7,57.4,37.0,179.12453531598513
80.4,174.5,42.1,102.4,91.1,99.6,114.7,62.4,39.8,39.4,23.1,29.9,18.0,15.1,61.1,28.4,84.6,47.0,44.3,24.8,57.6,42.0,148.5874125874126
70.8,170.8,41.5,93.8,86.5,93.0,106.2,55.6,40.0,39.0,23.6,28.2,18.4,13.5,60.7,27.5,85.8,46.0,40.3,21.6,58.8,39.0,133.0
88.0,177.9,43.5,110.6,86.8,97.7,121.7,63.0,40.2,38.1,22.3,33.7,17.8,14.8,61.0,28.3,92.9,43.1,41.8,26.2,57.5,40.4,183.5048689138577
71.5,168.5,40.4,98.7,86.5,96.0,114.2,60.1,38.2,37.0,21.3,26.4,16.1,16.9,57.1,25.9,81.2,46.4,36.9,22.9,56.6,41.0,144.62291666666664
101.4,184.1,44.2,114.3,103.0,108.2,127.0,68.2,45.9,40.9,24.1,32.7,19.5,16.0,60.5,27.0,88.9,53.2,39.8,29.1,59.5,42.3,178.6631067961165
77.5,164.0,43.0,109.7,92.5,98.6,117.1,61.5,38.0,35.8,20.7,28.5,15.9,14.1,54.0,25.1,75.6,45.3,37.1,26.6,56.7,40.4,173.63112582781457
108.9,176.2,46.3,123.3,110.1,116.8,128.5,70.7,43.2,44.5,24.2,35.3,18.5,15.0,61.8,28.1,85.0,50.8,41.1,30.4,56.7,44.1,
96.5,180.4,45.8,106.3,92.7,107.3,119.7,66.8,42.1,42.3,23.8,32.8,17.9,15.0,60.9,26.7,87.6,50.5,38.7,26.5,60.1,40.5,163.51006944444444
86.4,173.6,40.7,105.3,95.7,104.7,113.2,66.8,42.3,41.8,23.1,29.9,16.0,14.1,59.7,27.6,88.0,45.6,42.7,24.9,58.8,40.3,150.80464285714285
73.8,180.4,42.8,98.6,78.6,93.1,112.6,56.8,37.4,36.5,22.7,30.9,17.4,14.6,60.6,28.1,87.8,45.7,42.0,24.4,57.7,40.6,150.02805755395684
74.1,172.0,42.9,101.1,84.9,95.1,113.5,58.7,37.7,37.8,21.5,30.3,16.6,13.8,57.8,25.7,85.3,48.0,38.6,23.6,56.2,40.4,155.0679715302491
93.4,177.9,42.3,107.7,91.8,112.1,117.8,70.5,44.3,41.4,23.3,32.4,17.9,15.2,58.5,26.5,84.6,49.4,39.0,24.9,57.2,41.5,154.91095890410958
76.7,179.5,39.5,100.4,85.1,95.7,118.0,58.4,39.7,38.4,21.7,28.6,17.3,16.9,65.5,29.7,90.0,47.8,40.5,23.4,56.4,44.2,146.50204081632654
80.9,170.3,39.1,103.3,101.1,102.9,110.3,65.9,39.2,39.1,23.4,29.4,17.3,14.6,56.6,26.6,81.0,50.5,35.3,24.8,56.9,39.7,151.36319444444445
79.7,169.9,42.1,102.7,90.5,101.5,116.5,62.8,40.4,38.1,23.3,30.4,17.0,15.7,56.4,26.7,80.5,45.5,36.2,23.8,57.6,40.9,162.92745762711866
104.6,180.9,43.0,114.2,109.6,113.2,116.4,71.8,45.7,45.3,23.5,31.6,17.4,14.0,61.0,28.2,90.6,53.9,37.1,27.7,58.5,40.8,161.49494949494948
78.7,166.6,41.0,101.7,89.1,102.1,115.9,63.3,39.5,38.5,22.4,30.0,17.4,14.1,56.5,24.9,83.1,43.2,37.0,25.0,57.9,40.5,150.88581818181817
79.8,177.7,41.7,102.1,85.5,96.2,118.6,58.8,40.1,39.5,23.2,30.9,17.4,15.6,59.6,26.6,87.0,46.3,40.0,24.3,56.7,42.0,151.47072368421053
77.4,163.4,41.9,103.7,94.0,102.4,113.8,63.8,41.7,40.6,22.7,29.4,16.3,14.0,55.5,25.3,79.0,44.6,36.0,23.5,56.1,40.5,152.6081560283688
76.6,182.2,42.1,99.4,88.0,93.8,110.4,56.9,38.4,37.2,22.7,28.8,16.6,13.6,59.4,26.7,88.5,47.6,41.8,21.9,56.1,40.5,128.39166666666668
80.8,172.2,45.3,109.5,83.2,95.5,121.8,58.8,39.0,39.8,23.1,32.6,18.6,15.2,61.4,28.6,85.8,48.0,36.2,26.3,56.7,45.5,133.04436860068262
69.0,164.0,40.6,101.2,81.7,93.3,114.4,56.8,38.0,36.9,21.7,28.0,15.9,16.0,56.4,25.3,80.9,46.3,36.9,22.6,55.9,41.8,155.5547703180212
69.5,157.7,41.8,102.9,92.9,99.2,111.4,59.2,37.3,37.0,21.2,28.6,16.9,14.0,54.5,25.1,76.8,46.1,37.2,24.2,56.8,38.0,158.88970588235296
72.6,165.0,43.3,101.4,90.5,98.1,113.5,57.2,38.9,37.5,22.2,30.9,16.6,13.7,55.0,24.2,77.4,47.2,36.8,23.9,56.7,41.4,145.28955223880595
59.0,174.3,37.6,88.3,79.4,89.5,104.0,52.2,35.5,31.2,19.3,26.8,15.8,15.6,59.2,26.1,87.0,46.3,39.8,22.8,54.3,39.3,137.0682008368201
87.2,176.4,42.0,102.4,94.1,105.3,116.4,62.7,42.8,42.1,23.9,30.3,18.2,15.9,61.1,27.6,82.2,50.2,38.0,25.2,58.4,40.1,137.84615384615387
101.7,194.5,43.0,109.8,102.2,107.0,121.1,65.3,42.8,42.7,24.2,31.6,18.6,16.8,67.5,31.8,96.3,55.2,45.9,27.8,59.6,44.5,143.78571428571428
87.3,176.5,42.6,104.4,97.0,104.2,115.5,63.9,41.1,40.2,22.7,31.1,16.8,15.1,58.9,27.6,84.2,48.2,42.5,24.4,57.4,41.6,152.53016949152544
77.1,172.5,42.0,105.6,87.3,99.5,116.0,59.2,40.3,39.3,22.2,31.1,17.0,15.5,59.5,26.9,86.6,44.8,38.9,24.4,58.9,40.7,157.84028268551236
114.6,182.7,45.7,125.2,112.7,115.3,125.9,69.2,46.9,43.6,25.3,33.0,18.9,16.0,61.8,28.1,84.1,54.1,40.2,31.3,59.8,45.0,183.4140127388535
88.0,175.9,41.6,108.3,91.8,103.6,117.9,64.2,42.3,42.5,24.7,29.6,17.5,15.7,62.2,27.9,82.9,47.9,37.9,24.3,57.8,42.4,162.08412162162162
103.5,178.1,45.8,116.2,110.0,115.7,124.6,72.5,43.5,41.2,26.1,33.2,18.7,15.3,58.0,27.0,85.7,50.6,41.6,27.4,58.4,43.5,176.72861736334406
98.8,167.3,43.3,116.2,101.5,110.5,124.0,71.0,43.6,43.5,22.8,32.1,17.3,14.7,57.1,26.0,81.7,47.8,37.6,27.2,58.5,42.2,175.62475570032572
99.2,178.7,46.0,110.4,91.0,108.9,128.5,70.8,44.6,44.4,24.7,33.8,19.0,15.8,61.0,29.1,88.1,49.0,36.5,25.7,59.2,44.4,160.210101010101
88.4,179.8,42.9,108.4,85.6,103.2,124.4,65.0,42.6,39.4,24.0,31.5,17.3,17.6,61.8,27.2,88.1,48.0,41.4,24.9,56.4,46.0,168.13061224489795
78.8,172.0,42.0,100.2,94.5,99.3,113.0,61.7,39.9,38.7,23.1,29.2,16.7,14.0,58.5,27.4,81.0,48.6,39.2,24.3,56.8,40.0,147.98220640569394
75.0,179.0,41.4,96.6,78.3,91.5,114.1,56.3,39.4,37.4,23.4,31.8,18.4,15.4,60.0,28.7,90.5,46.0,41.8,22.2,58.9,39.9,146.67573529411763
75.3,167.8,39.0,102.3,98.8,104.7,109.6,59.4,38.8,34.7,20.8,29.4,16.5,14.7,56.1,26.5,79.6,48.8,37.7,23.5,55.3,39.5,148.0164835164835
93.5,175.7,43.9,113.1,101.4,110.1,118.9,65.2,43.3,42.4,25.5,32.2,17.1,15.5,61.0,28.8,87.3,49.5,38.2,28.0,58.6,39.8,163.995
82.6,174.0,42.9,104.2,96.7,103.1,118.4,63.6,40.7,39.2,23.2,28.4,17.1,16.3,62.5,28.2,83.1,50.9,37.8,24.4,57.8,44.2,166.78993288590604
78.9,169.6,43.3,113.8,96.1,97.9,113.8,59.2,39.4,36.3,21.7,30.4,16.7,14.0,57.4,26.5,83.8,50.0,39.6,27.6,54.7,40.4,161.18430034129693
87.4,179.1,42.7,105.2,94.2,106.7,112.8,64.2,39.7,39.2,22.4,30.7,17.4,14.5,58.0,27.1,84.7,49.0,41.1,25.1,60.1,40.4,141.01276595744682
79.7,169.4,43.4,100.4,91.1,100.4,113.4,61.7,44.3,40.7,25.2,29.2,17.0,14.2,55.5,24.8,80.5,48.4,38.5,23.3,57.0,41.0,130.4837545126354
63.9,167.9,40.2,99.2,81.1,94.3,112.0,53.8,37.7,33.3,20.0,27.0,15.5,14.7,57.6,26.7,85.4,46.0,37.2,22.4,54.0,39.8,148.22988505747125
82.8,173.3,43.7,100.8,87.5,101.1,115.3,64.5,39.4,37.4,23.2,31.6,17.6,14.5,60.1,28.7,85.8,47.5,39.9,24.5,57.7,40.6,158.13913043478263
72.2,181.4,41.1,93.3,78.9,96.4,105.6,57.5,37.3,36.4,21.6,28.7,16.8,14.2,61.0,28.1,90.7,47.0,42.2,21.2,57.2,38.4,131.41867704280156
96.7,170.9,45.0,109.0,102.1,114.8,120.6,71.3,44.2,41.3,22.7,34.0,17.7,14.3,59.5,28.4,86.2,48.0,40.2,26.4,60.0,42.9,179.83032490974728
97.0,174.6,43.6,118.3,103.3,106.9,119.0,65.5,42.7,45.4,24.7,30.7,18.0,15.5,60.5,26.5,82.5,49.5,35.9,29.8,59.2,42.0,155.17746913580248
81.9,180.0,41.4,102.4,77.5,96.2,116.0,59.6,40.6,39.9,23.2,32.7,18.3,14.2,63.5,29.8,93.1,45.8,45.0,23.8,54.6,40.5,149.69018181818183
94.6,171.6,44.4,113.3,99.1,106.1,124.4,68.7,42.2,40.7,23.4,32.3,18.0,14.6,58.6,27.6,82.6,47.1,38.7,25.9,59.3,42.5,155.36347305389222
77.5,173.5,43.9,102.5,83.4,96.8,119.6,58.9,37.4,41.6,23.0,32.1,16.5,16.0,56.0,24.2,81.9,48.0,37.3,22.1,57.7,43.8,137.9559748427673
68.6,169.2,41.0,95.1,79.0,95.7,111.7,57.9,38.8,35.4,21.7,28.8,15.8,14.9,56.5,26.6,83.0,44.2,39.0,20.8,58.1,40.3,150.11954022988505
79.9,169.7,40.5,102.3,100.5,103.1,118.0,63.3,40.2,37.5,22.2,29.0,16.7,15.2,57.5,26.2,81.1,51.1,37.0,25.9,58.5,41.9,151.20985401459853
71.9,182.6,41.1,96.2,73.9,89.9,115.2,52.9,35.8,36.6,24.0,31.2,17.4,15.2,62.6,27.5,89.0,46.1,41.8,21.3,56.9,43.0,141.02437275985662
84.1,174.0,44.8,110.8,95.2,101.1,114.5,61.9,38.7,39.3,22.5,30.8,16.8,14.5,57.2,25.2,85.0,46.2,40.5,26.8,57.1,39.2,171.66197183098592
64.3,175.2,38.7,95.5,78.9,92.8,104.9,53.8,37.4,33.5,21.3,27.8,17.5,14.5,59.5,27.3,87.2,44.1,41.2,21.2,55.1,39.4,140.0187969924812
94.8,182.8,47.4,109.9,98.9,103.8,122.1,63.4,40.7,40.0,23.8,31.2,17.7,15.2,59.6,28.0,91.5,54.7,42.2,28.0,59.4,42.3,190.39014084507042
66.9,170.7,40.6,92.0,82.0,91.7,109.6,55.3,36.5,36.3,19.8,28.5,16.0,14.7,59.5,26.0,83.5,46.0,39.7,22.0,53.7,38.9,144.828125
82.3,172.1,42.5,105.2,88.7,98.3,119.4,59.8,39.2,38.0,21.7,31.5,16.5,14.8,59.7,26.3,85.4,47.9,37.5,26.3,58.5,41.5,161.55714285714288
76.8,185.2,41.0,98.2,78.2,94.9,114.2,57.1,41.1,39.8,24.4,30.4,17.8,16.7,60.5,28.5,91.9,48.1,43.7,22.8,57.7,42.7,134.5444839857651
81.5,165.1,41.7,105.4,94.3,102.5,117.6,62.3,42.0,41.0,23.0,30.1,17.0,14.9,55.9,24.5,79.0,47.4,37.5,23.2,56.8,41.5,161.75247524752476
83.8,170.7,44.2,110.2,94.2,99.3,120.0,64.3,38.1,39.5,23.1,30.1,17.0,15.1,60.6,26.3,80.5,47.7,37.3,25.3,57.3,43.1,167.53378378378378
76.8,179.5,42.2,98.8,81.4,95.0,115.7,57.6,38.8,37.3,21.9,30.0,16.9,16.4,63.4,28.9,90.6,48.9,45.2,21.7,59.7,43.0,146.9605734767025
69.5,170.7,42.3,96.3,83.2,95.8,110.5,58.8,38.2,37.2,21.8,28.1,16.4,13.9,60.2,26.8,81.7,42.7,35.7,20.6,56.6,40.1,126.32903225806452
69.2,167.9,41.0,95.2,79.6,97.0,110.4,58.6,38.3,36.0,21.4,28.7,17.0,13.0,62.4,29.6,83.9,43.3,38.3,23.2,54.7,38.3,142.2730627306273
95.9,173.5,43.2,108.9,99.1,108.7,124.9,68.6,41.7,42.9,23.3,33.3,17.3,14.9,65.2,29.5,87.4,47.7,42.6,26.8,58.4,42.0,169.35551470588237
83.0,173.1,45.0,106.4,96.7,103.2,116.5,61.8,40.9,36.8,22.3,29.2,16.5,13.9,60.1,26.7,82.4,51.7,39.0,25.3,54.8,41.2,142.95238095238096
93.7,170.9,44.0,110.5,102.2,114.7,119.2,69.3,43.8,42.2,23.5,32.2,17.2,14.0,56.5,26.2,78.9,47.9,33.1,26.2,57.7,39.7,159.1639072847682
90.3,168.3,44.5,109.7,104.3,107.9,118.0,68.1,42.2,40.8,24.3,30.3,16.5,14.5,55.5,23.4,78.4,49.9,34.9,26.6,57.0,41.5,160.99317406143345
64.0,180.2,37.5,97.3,70.7,89.8,110.8,50.4,37.3,35.0,21.5,28.6,17.4,16.0,63.1,27.0,88.2,45.2,43.2,22.7,55.5,41.4,154.4942652329749
78.7,172.3,42.5,103.5,87.9,100.0,119.5,61.3,42.6,40.7,24.3,30.3,17.5,14.9,59.5,26.6,83.7,46.4,38.9,23.2,55.6,44.2,153.85135135135133
111.2,172.1,44.8,117.6,118.8,116.6,123.0,77.3,46.0,41.8,22.7,33.2,19.0,14.0,59.5,25.6,79.2,54.9,39.3,29.5,57.5,40.7,184.47058823529412
83.7,178.3,42.7,101.9,90.7,103.8,118.1,65.5,40.6,38.0,21.6,31.2,17.4,15.3,58.9,25.7,81.2,51.5,38.7,23.8,59.3,42.3,159.66725352112675
66.0,161.8,40.9,97.7,82.8,91.2,111.2,55.7,37.0,37.0,22.2,29.2,17.0,13.6,54.5,24.8,73.9,43.8,35.5,22.8,56.5,39.4,148.13718411552347
78.1,172.1,42.5,101.4,96.0,97.0,111.3,59.1,39.7,38.6,23.1,28.1,17.9,15.0,58.2,26.9,81.3,49.1,36.8,24.4,58.1,39.9,152.8740458015267
82.1,182.9,42.4,103.2,87.1,99.2,114.7,61.7,39.4,37.8,22.7,29.2,18.0,16.0,62.2,27.9,85.7,51.1,41.0,23.6,58.8,41.0,138.30204081632652
92.2,165.3,46.3,112.3,103.7,109.6,121.1,66.8,41.5,44.3,23.3,31.8,17.5,13.3,57.6,25.9,76.8,47.2,37.2,26.5,59.5,41.7,173.93265993265993
74.1,180.4,39.7,99.6,86.5,92.2,115.5,56.7,37.1,35.6,22.3,29.7,16.3,15.6,63.9,28.6,89.5,49.8,42.8,23.4,56.9,42.0,153.50537634408602
71.8,178.5,40.9,92.4,75.8,91.4,115.0,54.8,37.7,37.2,21.6,28.7,16.6,15.6,62.9,27.8,89.0,47.0,41.0,22.3,57.0,41.4,145.1046931407942
83.6,177.1,47.2,100.9,88.4,99.6,119.5,60.3,40.5,39.3,23.3,30.6,17.9,15.8,59.6,26.0,84.1,48.3,38.8,23.8,58.6,43.7,164.26382252559728
72.5,167.6,41.0,93.4,86.5,96.3,109.8,59.4,42.7,39.1,22.5,30.4,17.5,14.1,55.0,24.4,78.4,47.5,36.8,21.7,56.2,39.2,128.0712121212121
64.5,164.6,43.0,97.6,79.1,86.8,111.1,53.3,34.0,37.5,22.7,28.9,16.1,13.0,56.1,23.6,78.2,44.6,37.8,22.2,58.5,40.3,146.57875457875457
76.6,185.9,42.7,96.4,84.9,98.3,114.3,60.2,39.7,36.9,22.2,28.2,17.6,16.3,60.9,28.2,88.5,50.2,40.4,22.6,57.1,43.5,157.0962962962963
74.4,171.0,41.5,95.7,77.6,95.0,119.1,60.5,39.3,38.4,22.8,30.5,17.2,16.4,59.3,26.1,82.9,46.0,40.5,22.2,59.7,44.1,145.55769230769232
63.3,178.9,40.0,93.8,82.5,89.6,108.3,50.1,34.7,32.5,20.7,27.2,16.5,15.5,65.5,28.9,91.6,48.1,41.7,22.2,55.7,39.3,157.25294117647059
77.5,173.7,42.7,99.2,87.7,98.4,109.0,60.6,39.7,39.2,22.5,31.0,16.9,13.6,61.9,25.2,86.5,47.7,39.3,23.8,55.4,38.2,142.50746268656718
53.5,162.4,37.7,89.0,74.1,84.6,105.0,51.7,35.5,32.4,19.0,26.3,15.7,14.0,54.6,23.7,79.4,41.8,40.1,20.9,53.8,39.0,141.83266932270914
77.0,167.0,41.2,101.1,91.8,100.8,111.8,61.9,40.9,38.3,22.7,29.8,17.0,13.2,57.9,25.9,81.2,46.6,38.7,23.9,59.2,37.8,142.62321428571428
84.7,167.6,43.7,108.4,95.0,106.1,117.7,65.9,40.6,40.4,24.0,31.1,17.4,13.3,55.3,23.9,81.1,49.0,39.2,24.3,54.8,40.8,145.11612903225804
96.3,169.2,45.1,115.0,103.2,110.7,119.1,69.3,44.0,43.8,24.7,32.3,19.2,14.5,57.0,26.3,78.6,51.0,39.4,27.0,56.8,41.1,160.37414965986395
76.2,162.2,42.7,98.6,90.7,100.8,116.4,62.2,41.8,38.1,23.7,30.6,17.1,14.8,52.8,23.8,76.6,46.5,36.3,23.2,58.8,39.5,147.20070921985817
80.7,176.0,45.6,108.2,79.5,93.9,119.5,57.9,38.0,40.3,23.2,33.3,17.0,14.8,57.5,25.4,86.0,49.1,39.3,25.1,57.1,41.1,180.33333333333334
104.9,168.7,48.1,126.3,113.1,110.2,130.6,66.1,42.2,42.2,25.5,33.3,18.6,15.6,59.4,27.5,82.8,49.5,39.5,31.3,61.7,45.0,
66.7,170.5,40.1,92.3,77.5,91.5,111.4,54.2,39.2,35.8,22.4,28.0,16.8,15.0,56.2,25.0,80.4,44.0,38.8,21.0,56.6,39.5,146.53467153284672
86.9,181.0,44.5,105.8,91.6,103.0,122.0,63.4,42.2,38.5,23.1,30.2,17.2,15.3,63.8,29.1,93.0,48.0,41.5,24.8,56.4,43.6,157.41868512110725
100.7,183.1,42.6,111.9,107.6,108.8,120.0,65.5,44.0,42.2,24.7,32.2,17.9,15.3,59.8,28.0,85.8,52.8,41.5,26.0,59.7,43.1,173.89864864864865
75.8,166.3,42.7,99.3,96.5,100.6,107.8,62.2,39.4,37.8,22.2,31.0,16.4,12.7,56.4,24.7,78.7,47.5,36.9,24.2,55.2,37.1,131.90037735849054
88.9,180.9,44.4,103.8,89.1,102.2,120.0,62.2,42.2,39.8,23.0,34.1,17.7,16.6,63.1,29.1,91.1,47.5,45.4,24.8,57.7,41.8,147.61868512110726
90.2,179.1,45.6,103.5,91.3,100.2,120.0,62.2,39.7,40.5,23.8,33.5,18.0,14.2,61.0,28.9,89.4,48.5,45.6,24.9,58.3,41.6,153.06338028169014
73.5,167.8,41.4,101.9,89.1,96.6,109.6,58.7,37.7,37.3,21.5,29.4,16.6,13.6,55.3,24.7,82.3,43.6,36.6,23.1,56.2,39.4,151.0685314685315
93.0,183.2,44.6,113.5,90.3,102.3,123.5,62.9,40.9,38.7,22.5,33.5,16.9,14.5,62.5,27.7,93.1,48.4,44.0,26.1,61.5,43.2,190.44915254237287
76.6,172.6,44.7,100.1,79.4,94.4,116.8,58.3,39.4,42.0,24.3,30.6,17.4,16.4,61.6,28.6,86.3,46.4,42.6,21.9,57.4,44.2,148.54697508896797
88.8,175.5,44.1,107.8,93.5,107.4,117.7,66.8,45.2,42.0,24.6,32.9,17.4,14.5,60.9,27.5,84.6,47.2,38.4,24.2,59.5,42.7,165.3917808219178
78.8,181.3,44.1,101.8,89.8,99.6,116.0,59.0,38.3,35.3,20.4,29.9,16.2,13.7,60.9,26.5,84.8,50.0,41.6,23.5,59.0,42.7,144.15734265734267
96.8,183.5,43.7,109.2,96.6,106.6,121.5,67.3,45.1,41.4,23.0,32.9,17.6,14.6,61.5,26.9,89.6,50.4,41.9,26.2,57.3,43.4,165.33802816901408
65.8,169.0,38.3,94.8,83.1,98.8,106.8,58.8,38.1,34.0,21.4,27.5,15.4,13.9,57.0,24.5,84.5,42.9,38.4,20.6,57.8,37.9,142.2
71.6,174.9,40.4,95.6,80.4,95.9,112.3,58.0,37.8,37.1,21.7,29.5,16.1,15.4,59.9,27.2,84.9,48.9,39.7,21.8,58.7,41.7,133.0403041825095
86.0,187.1,42.1,107.6,92.4,99.5,116.1,61.1,40.6,38.6,22.6,29.6,17.9,15.5,64.5,28.2,91.5,51.0,42.3,26.1,59.1,42.1,148.89718309859157
85.2,187.5,46.2,102.0,90.4,104.9,110.4,62.0,42.9,38.2,23.0,30.4,18.1,14.0,64.2,28.4,94.8,47.9,43.3,22.3,58.7,41.1,139.75088967971527
81.1,173.0,44.2,106.4,92.8,99.8,118.9,63.3,41.8,37.0,22.2,31.4,17.1,15.7,58.9,25.5,84.3,48.6,39.9,24.0,57.8,42.1,152.10704225352112
100.0,185.0,44.2,112.1,100.5,111.4,124.4,68.7,41.9,42.6,25.1,33.5,18.5,16.2,65.3,29.4,91.0,50.0,42.3,26.7,59.8,41.1,176.59589041095893
78.4,166.3,45.5,100.5,85.2,97.6,115.0,62.3,40.3,40.5,22.9,31.2,17.5,14.1,57.5,25.1,78.8,49.0,34.9,24.5,57.4,40.8,156.37237762237766
75.8,185.4,42.0,99.3,78.5,94.0,111.8,56.5,39.2,35.7,22.7,29.8,18.2,15.7,63.5,28.2,93.5,48.2,47.0,23.6,56.2,39.0,146.47701149425288
56.9,168.8,39.4,87.0,72.8,85.3,106.2,48.5,33.9,36.2,21.2,26.7,16.9,16.5,57.5,26.6,81.5,44.6,36.7,19.2,55.1,41.9,134.76470588235296
108.1,179.9,44.2,116.1,109.3,115.8,119.0,71.1,46.0,44.8,25.3,34.6,18.7,14.1,60.5,28.0,88.9,50.9,40.5,29.0,57.7,40.7,157.14545454545456
93.3,177.2,44.7,111.9,97.7,109.2,122.1,67.6,42.7,39.4,23.5,32.0,18.0,15.0,60.9,27.4,88.1,48.0,40.2,26.8,57.1,42.7,174.54951456310678
101.0,182.6,42.7,111.0,101.4,110.3,114.3,67.1,44.1,43.8,25.3,32.3,17.2,13.5,61.6,27.9,86.4,52.5,39.2,27.9,58.5,39.8,172.84285714285716
75.0,173.3,42.0,99.1,83.3,93.1,110.4,57.3,37.8,37.8,24.2,29.6,17.0,14.6,58.2,27.0,84.5,46.1,39.4,22.8,59.2,41.0,140.77102473498235
73.6,167.3,39.8,103.1,87.8,96.8,116.7,59.2,38.6,36.3,21.8,30.4,16.8,15.3,57.2,26.0,83.4,48.2,39.9,25.7,54.4,40.0,145.96594982078852
75.5,171.3,40.5,100.4,86.2,97.2,114.9,58.0,40.2,37.0,23.3,29.5,17.3,14.9,59.4,26.5,84.0,48.5,39.5,23.4,56.8,41.4,160.36111111111114
79.6,170.0,42.8,101.2,84.6,98.1,112.4,61.5,40.4,38.2,22.5,31.3,16.6,15.2,61.5,28.5,88.3,46.3,40.2,24.7,58.2,41.2,171.54634146341465
74.2,177.5,41.3,97.9,79.6,93.1,110.2,57.8,38.8,38.8,22.7,31.1,16.7,14.9,61.0,26.2,88.3,43.8,40.8,23.9,56.4,39.0,151.55338078291817
86.3,170.4,42.2,104.3,95.6,104.6,116.9,65.5,42.4,40.6,23.6,31.8,16.9,14.3,58.5,26.3,80.6,50.3,37.6,24.1,58.9,40.6,145.61363636363635
79.5,183.8,43.7,98.9,81.0,98.0,111.0,59.5,39.1,38.4,23.4,28.9,17.8,14.1,61.1,27.1,91.2,48.0,44.7,23.2,56.2,40.7,141.7679180887372
75.3,175.2,40.2,97.7,82.8,95.8,116.1,56.2,38.9,39.3,23.7,29.6,17.3,15.5,58.6,27.3,85.9,45.4,41.2,23.2,58.2,41.4,146.19601449275362
90.0,179.0,42.5,102.7,94.9,105.3,114.6,66.1,43.7,41.1,24.7,30.1,17.0,13.9,59.9,27.2,88.4,46.4,44.9,26.2,56.6,40.3,169.86501901140684
67.2,168.8,40.6,98.6,83.1,95.0,111.1,57.6,35.5,35.0,21.1,28.7,15.5,14.5,56.2,24.3,80.9,45.7,39.4,21.2,55.2,40.3,158.33576642335768
90.4,168.4,44.1,114.1,101.7,104.6,122.7,68.2,44.1,40.6,22.8,32.1,17.7,15.2,55.4,25.6,79.2,47.7,38.3,28.4,59.8,42.7,168.52269736842106
114.4,175.9,45.2,119.5,110.1,121.7,136.0,77.3,49.3,43.7,25.1,35.4,18.1,17.3,59.5,26.1,82.0,50.7,41.8,28.2,59.1,47.1,194.6693548387097
78.5,168.4,43.5,105.3,83.5,97.7,119.8,58.2,40.9,41.3,22.6,30.5,17.5,14.8,56.2,24.5,79.2,47.1,39.1,24.7,56.5,42.5,160.53934426229506
75.4,175.5,41.0,96.8,82.4,94.9,110.9,59.2,40.4,39.9,23.3,28.6,16.4,14.2,60.1,28.3,84.2,52.1,40.7,21.6,55.5,40.8,140.34200743494424
95.2,171.8,51.0,113.4,100.2,107.8,119.9,67.3,46.3,40.5,23.4,33.1,17.4,13.4,55.9,25.9,78.2,50.8,37.0,26.2,56.4,41.0,163.05882352941177
97.8,174.5,43.5,119.4,100.1,108.6,118.4,67.7,44.8,39.8,23.6,32.4,18.5,14.6,59.1,26.7,84.0,49.2,41.1,28.6,59.4,40.3,170.28523489932886
106.9,195.3,45.4,112.3,100.7,106.5,125.5,67.4,45.1,41.5,24.0,34.5,19.3,14.5,65.7,30.0,102.1,52.0,48.7,26.8,57.6,44.0,160.0185303514377
83.5,180.8,42.7,103.9,90.5,100.3,116.0,62.2,40.0,39.4,22.0,31.2,17.5,15.1,59.5,26.9,88.0,47.2,43.9,24.0,57.0,41.5,168.8375
69.0,177.9,40.2,98.2,78.6,92.2,114.4,51.4,36.6,33.7,21.7,29.7,16.7,15.8,59.6,27.3,85.5,50.5,42.9,23.2,55.6,42.3,141.96704119850187
66.0,177.9,40.1,92.9,74.4,88.7,112.0,53.1,34.5,33.8,20.8,29.2,17.4,15.0,62.0,29.5,90.4,47.0,43.3,21.7,56.5,41.9,145.72549019607843
78.6,176.7,42.5,99.7,85.5,98.6,115.8,60.0,40.5,38.8,22.2,30.2,16.6,15.0,58.6,26.7,81.9,52.5,38.1,22.5,57.3,40.6,160.7481884057971
72.9,165.7,44.0,103.5,88.4,94.2,112.2,56.5,37.3,35.9,21.3,29.5,16.6,14.5,57.0,26.3,79.1,46.8,35.2,23.8,56.8,40.3,164.91758241758242
73.6,158.3,43.0,102.5,92.8,97.8,118.9,63.3,39.6,39.9,23.1,31.1,16.7,13.7,51.7,24.5,74.9,47.8,34.9,23.0,52.4,40.0,157.8228476821192
62.2,168.1,41.2,92.8,83.5,93.5,106.8,56.0,36.3,34.8,21.0,27.1,16.3,14.4,56.0,25.2,78.8,47.8,38.1,21.8,56.3,38.0,134.66466165413533
89.3,181.2,46.6,106.5,97.2,101.8,114.8,59.2,40.0,39.1,24.4,29.8,16.8,14.7,60.6,27.4,85.2,53.3,43.1,26.0,59.3,41.2,161.5016447368421
93.6,183.8,44.4,110.5,90.0,102.5,128.4,63.6,42.7,40.5,23.3,34.5,18.5,17.6,63.3,28.9,88.4,49.5,44.7,26.5,58.0,44.2,175.70671378091873
87.7,172.7,47.3,108.4,93.4,103.4,119.3,62.6,41.8,41.2,23.9,30.7,17.5,13.7,59.2,26.7,83.6,49.2,39.9,27.0,57.1,42.5,156.2235294117647
78.5,167.3,42.2,106.4,94.0,100.2,109.8,62.1,41.8,38.0,21.6,29.7,16.4,14.6,56.0,26.1,81.2,45.3,37.2,26.3,57.1,37.6,168.20588235294116
79.8,173.7,43.8,111.3,90.7,100.6,117.2,61.4,38.5,36.0,20.8,29.7,15.3,14.7,59.6,27.5,85.5,47.9,40.7,25.1,57.4,40.9,170.15694915254238
65.4,181.1,38.2,93.7,73.0,90.3,107.2,53.4,37.2,35.8,21.4,27.0,16.7,14.6,60.0,27.4,86.5,47.4,40.2,21.9,54.8,40.0,136.4214559386973
90.5,183.5,42.5,102.9,96.1,104.5,116.5,62.5,43.2,40.4,22.7,30.6,17.0,14.3,65.6,28.8,90.5,52.5,41.6,24.6,58.0,41.6,155.22203389830509
76.7,176.0,40.1,94.8,83.0,95.1,110.4,56.2,39.2,37.4,22.5,27.8,16.9,16.6,57.5,25.4,84.4,50.9,40.1,23.3,57.7,40.8,141.6752767527675
79.7,179.3,43.4,101.2,93.2,103.2,114.8,59.9,39.8,36.4,21.1,30.3,17.2,15.3,63.1,27.6,89.0,48.6,44.1,23.0,58.4,43.2,161.4121863799283
77.9,182.4,43.5,104.5,84.7,94.4,120.4,57.5,38.6,37.5,22.2,30.7,17.2,15.3,64.0,28.6,91.9,50.8,42.6,24.5,56.7,45.1,149.01624548736464
69.5,171.6,38.0,96.3,80.7,95.1,110.0,58.7,39.5,40.0,23.5,28.0,16.4,13.9,56.1,23.7,82.5,45.5,38.9,21.9,53.7,39.2,150.42209302325583
76.5,174.5,39.0,98.2,85.8,95.9,108.5,61.2,43.3,38.0,22.7,30.0,16.9,13.9,60.3,25.9,87.0,44.9,38.9,23.1,58.0,38.5,151.4671586715867
76.3,176.5,40.2,103.0,83.7,98.1,116.1,60.2,37.5,39.9,23.1,28.8,17.2,14.5,58.7,26.2,82.3,47.3,40.3,23.6,56.5,41.8,148.93728222996518
79.7,176.1,42.0,105.7,84.9,97.6,116.7,58.9,38.8,37.2,21.8,31.5,17.5,15.3,62.4,28.0,86.1,49.5,40.3,25.8,57.8,41.5,168.79847908745248
63.2,164.7,39.7,95.2,75.5,86.3,100.9,52.2,37.5,36.1,22.4,27.4,16.7,12.1,56.2,25.6,80.3,41.3,36.5,22.9,57.0,34.8,147.9203187250996
90.6,171.5,45.0,107.9,93.4,106.5,117.0,66.4,46.8,43.5,24.2,32.8,17.1,13.4,56.4,24.8,81.9,46.8,39.9,25.1,59.2,38.7,165.69050847457626
72.6,175.6,40.7,95.5,83.0,93.6,107.4,57.6,39.7,37.8,22.7,29.8,17.1,14.3,60.0,28.0,83.2,49.1,39.3,22.3,55.5,38.9,138.5316205533597
64.5,163.7,40.5,95.3,78.6,88.2,111.4,54.3,36.9,36.5,21.2,29.2,16.1,13.5,55.9,25.0,76.3,44.8,38.1,20.6,54.3,39.3,164.10733590733588
74.3,170.4,42.3,100.2,85.0,97.3,115.9,59.7,38.2,39.3,22.0,29.9,16.8,15.7,58.0,25.4,82.6,46.3,37.4,23.0,56.8,40.9,153.38835616438357
112.2,182.2,48.1,113.9,103.1,112.3,126.4,71.6,46.7,48.1,25.6,36.2,19.6,15.3,63.2,27.9,86.9,49.1,44.3,27.3,59.3,44.0,178.8336448598131
77.5,176.7,40.6,101.8,87.0,97.5,114.1,59.6,39.4,37.2,22.8,29.9,18.3,15.5,58.4,26.8,84.0,49.3,41.6,25.2,57.3,41.7,148.92962962962963
76.9,180.9,41.3,98.6,81.8,95.3,113.0,57.6,38.7,39.2,22.7,29.7,17.5,16.0,62.0,28.0,91.6,47.3,45.1,23.1,58.4,43.0,142.8
96.2,177.6,43.1,106.5,92.8,109.3,120.9,70.5,46.7,44.6,24.6,33.6,18.0,14.4,61.9,29.0,87.2,48.0,42.5,24.5,60.0,42.5,171.54107142857146
91.6,179.8,39.3,102.8,98.5,105.7,113.3,65.7,45.1,42.0,25.5,30.8,17.4,15.4,63.0,29.4,90.5,50.3,45.7,24.2,56.2,40.4,152.8319391634981
84.8,175.8,42.4,104.4,86.2,99.5,117.1,65.9,41.9,40.9,22.7,31.5,16.7,15.5,63.0,28.4,89.6,44.5,45.2,24.2,58.1,42.8,157.87317073170732
75.3,167.3,40.5,105.3,87.5,96.6,116.2,60.2,36.1,37.3,20.6,28.7,16.0,14.8,56.7,24.8,79.6,47.4,36.5,25.0,56.6,40.8,169.29858657243818
80.2,181.7,42.5,102.2,83.6,98.9,115.0,59.2,40.6,36.4,22.2,30.0,17.0,15.5,60.9,27.5,90.5,49.7,43.5,23.9,56.8,40.7,177.83537906137184
92.9,174.5,48.2,112.1,95.8,104.2,122.6,64.5,40.5,41.7,23.6,32.1,17.2,14.5,59.3,27.2,83.6,48.8,41.5,26.4,59.4,42.5,191.42657807308973
74.6,173.6,40.5,100.5,87.0,98.1,115.3,58.8,38.2,38.1,22.4,27.9,17.4,15.7,59.0,26.0,84.2,47.6,38.9,22.9,55.3,42.1,146.5625
82.9,174.8,40.6,104.7,85.0,98.8,111.3,61.5,42.0,41.1,22.7,31.6,18.0,14.7,58.4,26.7,83.2,45.5,39.9,26.0,57.4,38.2,170.57865168539325
82.7,177.4,46.0,103.1,83.3,99.3,123.0,58.7,40.4,40.3,23.8,34.2,19.2,17.0,60.0,26.3,86.2,46.8,42.0,23.6,55.4,43.6,156.02466666666666
73.8,173.6,39.1,102.3,89.5,97.1,113.5,59.9,38.2,35.4,20.5,27.3,15.2,16.0,60.6,27.1,87.0,45.3,41.5,24.3,54.7,41.6,153.2679715302491
76.4,174.5,43.6,102.7,87.3,97.1,116.1,59.4,40.8,35.2,21.5,30.6,16.8,14.2,59.3,27.1,85.8,45.2,42.2,23.1,57.8,40.2,158.62574257425743
75.8,167.2,42.5,104.2,91.9,101.2,111.1,61.7,38.2,36.6,21.1,30.0,16.1,14.1,59.7,26.1,81.1,47.0,38.0,23.9,57.9,39.8,160.1660777385159
74.1,161.2,40.5,103.7,95.8,100.1,110.5,62.4,39.3,37.7,21.3,29.5,15.9,12.5,55.1,24.2,76.2,46.0,36.6,23.7,56.3,37.5,154.42282608695652
79.5,172.7,42.5,107.7,94.2,98.0,116.6,57.9,37.9,35.4,21.7,28.8,16.0,15.6,60.6,28.7,84.5,48.6,42.0,26.0,55.3,41.8,170.40205479452055
79.7,170.6,42.9,103.4,91.5,100.6,119.9,64.0,41.0,40.0,22.7,30.7,17.3,15.4,57.2,25.9,81.1,47.2,39.4,24.1,55.3,42.2,170.15649122807017
81.0,163.9,43.0,107.5,96.8,101.3,118.0,62.9,38.8,39.4,22.2,29.1,16.5,14.2,56.3,25.0,77.8,45.9,36.7,26.4,56.7,39.2,166.73469387755102
86.5,171.1,44.2,108.8,98.5,101.0,121.0,61.3,42.0,41.8,23.7,33.8,18.4,15.0,58.5,26.7,81.0,46.4,41.5,25.0,55.8,42.3,170.86711409395974
68.2,182.1,39.7,92.0,74.0,91.1,113.7,52.2,36.3,34.4,20.5,30.2,15.9,17.3,63.5,28.2,90.9,48.0,44.9,21.6,56.7,43.8,142.46268656716418
87.3,173.7,45.0,106.0,86.2,104.7,116.7,63.2,41.3,40.7,26.0,33.9,18.8,13.2,59.2,26.2,81.2,49.8,38.2,24.3,55.8,41.1,153.4910394265233
86.9,183.0,44.7,104.7,90.7,101.7,125.3,64.0,40.0,36.2,20.0,29.7,16.0,17.1,65.0,28.8,91.8,48.5,46.3,24.1,58.2,45.2,184.41894736842104
70.5,163.9,40.1,102.6,84.9,96.8,113.5,61.5,38.2,35.5,21.1,28.1,15.7,14.2,53.8,24.8,78.4,43.0,37.3,23.4,54.7,39.0,167.82156133828997
87.3,185.4,43.5,109.2,98.9,101.7,121.4,59.4,38.4,37.2,21.8,31.1,19.1,15.7,62.8,28.6,91.3,52.2,46.6,26.0,56.4,46.3,158.12727272727273
120.0,184.6,47.1,115.1,107.2,120.5,132.0,79.5,47.7,44.8,24.4,36.0,18.5,17.0,67.5,30.1,91.2,48.1,43.7,27.9,61.4,47.6,187.91836734693877
76.2,172.5,40.3,103.3,93.6,97.8,112.0,59.7,39.0,35.7,21.3,29.1,16.4,14.6,58.1,26.0,83.4,47.1,40.2,23.7,56.8,39.7,152.82739726027395
68.9,171.7,41.8,97.6,86.1,93.2,106.4,55.2,35.5,36.6,20.7,29.0,16.5,14.1,56.6,24.7,80.4,48.8,38.5,23.6,56.3,38.2,148.94925373134328
65.4,175.1,42.2,96.0,75.1,90.1,113.6,53.4,36.8,36.5,21.8,30.1,17.2,15.6,58.5,25.5,85.4,46.6,41.3,23.4,55.1,41.3,152.0
86.2,171.9,41.8,105.3,103.2,100.9,112.1,63.8,40.1,41.1,24.0,29.1,17.7,13.8,57.0,24.9,82.2,48.2,39.7,26.9,55.8,39.0,171.51136363636365
62.0,171.7,43.2,91.8,78.0,89.3,109.0,51.4,36.0,33.7,20.3,26.8,16.4,14.0,59.8,26.1,84.1,43.8,36.6,20.3,58.4,39.6,132.41654676258992
65.1,171.8,40.4,89.5,70.5,89.9,108.8,51.4,37.9,38.2,22.8,30.1,17.5,15.5,57.5,24.8,82.6,46.4,40.9,20.7,58.7,40.9,130.9351851851852
83.3,171.6,46.5,108.5,92.1,98.9,117.2,60.8,41.5,40.0,22.3,32.0,17.8,14.5,58.5,27.5,81.8,47.0,38.8,24.4,60.3,42.4,154.32608695652172
56.7,169.0,40.1,86.6,69.8,82.8,108.6,48.5,34.7,31.8,19.0,26.5,15.9,15.6,59.0,26.7,87.1,43.1,42.0,20.2,55.8,40.7,131.10756972111554
84.2,176.9,42.3,107.5,92.2,101.4,117.0,64.0,40.6,40.6,23.3,30.8,17.3,14.1,60.5,26.7,90.6,47.4,42.5,26.4,58.7,41.2,165.69827586206898
93.8,190.5,45.8,109.8,88.5,101.9,120.3,61.8,41.4,38.6,22.7,35.1,19.4,15.0,68.4,31.6,94.8,49.3,47.9,26.6,58.4,43.3,147.64914675767918
76.4,171.6,43.1,102.0,80.3,95.5,119.1,60.2,37.7,36.2,20.7,33.6,16.7,15.0,56.4,26.1,84.8,46.0,41.4,25.3,56.2,41.2,148.67158671586716
82.5,180.0,43.5,106.4,90.2,101.1,121.3,58.7,38.5,37.3,22.2,31.0,17.3,16.1,66.5,28.8,91.0,49.7,41.7,22.6,58.3,42.4,153.95498392282957
88.6,183.6,44.3,108.1,92.5,100.8,121.8,62.3,41.1,38.9,22.7,29.4,16.7,15.5,62.5,27.8,91.9,51.2,44.0,25.7,59.7,43.3,181.40068493150687
94.6,180.4,43.0,114.2,104.1,109.8,121.8,67.6,39.7,39.6,23.0,29.6,17.6,15.2,61.3,26.7,85.1,49.6,38.0,25.1,58.6,43.5,166.76825396825396
81.1,168.0,42.3,101.4,91.2,103.3,114.0,64.9,42.4,40.3,23.3,32.0,16.4,14.5,56.4,25.0,83.1,45.3,37.4,24.1,56.4,38.1,157.09859154929578
82.8,179.4,46.0,105.7,89.3,100.9,119.9,58.8,37.7,36.7,22.3,31.5,17.9,16.1,61.4,27.6,88.5,52.0,39.1,24.6,57.2,44.3,176.75
89.0,180.1,44.1,108.6,92.2,105.7,121.8,63.5,41.9,41.5,23.6,33.8,18.2,14.0,60.6,27.7,85.1,48.1,38.7,24.4,56.6,42.2,162.7171717171717
64.0,178.7,40.2,89.8,80.0,89.5,105.4,50.3,36.5,33.6,21.2,27.6,16.6,15.0,60.6,27.9,85.1,49.5,40.3,22.9,56.6,37.0,129.7111111111111
93.8,183.6,45.2,113.7,99.9,105.8,120.2,64.8,40.6,41.1,23.5,32.6,17.5,15.0,61.8,26.9,89.6,51.3,43.8,26.1,57.3,43.3,160.95194805194802
114.9,174.3,47.8,125.8,115.8,116.5,132.7,74.7,47.7,45.2,24.7,35.4,18.1,16.1,59.0,26.6,85.6,52.3,41.2,30.3,59.4,44.3,191.82546583850933
89.5,174.6,41.1,108.7,97.5,107.4,115.5,64.7,41.2,40.3,25.2,29.7,17.1,14.0,60.0,26.2,84.2,49.5,38.9,27.8,57.2,38.6,174.3651877133106
74.2,178.5,40.5,95.0,78.8,93.4,113.3,59.4,40.0,36.8,22.4,29.4,16.5,16.4,61.0,29.0,89.4,47.3,45.2,21.0,57.2,41.3,130.66914498141264
99.8,172.6,45.0,116.8,103.6,110.4,123.6,68.9,42.5,43.9,25.7,32.5,18.1,15.2,59.6,25.6,86.0,50.4,39.9,28.5,56.8,43.0,
68.2,174.1,39.7,91.4,76.2,91.5,107.2,54.7,40.3,37.0,22.9,27.8,17.2,15.2,57.9,27.2,83.8,49.4,42.3,21.6,57.4,39.8,143.98146718146717
74.3,180.4,40.3,94.7,83.8,98.2,109.0,59.3,37.8,36.3,21.5,29.8,16.4,16.1,61.0,26.2,86.4,51.8,42.1,23.8,56.0,38.4,145.020295202952
80.8,178.8,42.0,99.8,91.3,97.4,113.9,60.1,38.8,40.8,23.3,28.7,17.1,16.2,60.8,26.4,87.5,52.0,42.1,26.2,57.9,41.8,172.3453815261044
95.8,182.9,44.4,113.3,98.8,106.1,125.0,66.4,41.2,41.2,23.0,33.1,18.2,16.2,67.4,29.4,91.1,47.8,43.4,25.6,57.8,44.6,176.79362416107384
112.4,183.6,50.0,125.1,118.2,111.2,128.7,66.3,42.9,41.3,22.8,34.4,17.8,18.5,66.6,27.4,91.3,53.5,46.1,30.6,59.5,43.1,
91.2,180.1,44.3,108.1,98.4,104.8,121.5,63.0,39.6,37.6,22.8,30.4,18.0,15.1,60.0,27.6,86.6,52.0,44.5,24.4,57.4,44.3,153.92880258899677
111.6,181.8,47.5,111.1,106.0,113.1,124.6,73.7,47.3,43.5,25.3,35.0,18.6,14.9,65.5,29.5,92.5,49.5,46.7,27.6,58.7,42.2,162.94666666666666
60.6,161.2,39.0,90.5,77.0,90.5,102.6,55.4,36.7,39.0,23.8,28.5,15.9,13.1,52.0,23.5,77.0,39.8,35.9,20.0,56.4,36.3,143.173828125
63.9,165.9,41.2,94.2,81.9,93.7,109.8,55.1,35.7,32.3,20.1,26.7,15.4,14.8,53.9,25.0,78.1,46.1,37.3,21.2,58.3,40.9,145.715625
81.6,177.6,42.9,102.9,91.7,99.3,112.5,60.9,40.2,36.3,21.6,30.4,17.3,14.1,59.6,26.4,88.6,51.5,40.4,24.7,58.1,38.9,158.72872340425533
86.1,173.9,40.8,106.8,94.0,106.3,118.1,65.7,41.0,40.7,21.8,30.6,16.6,15.4,60.0,26.8,85.7,48.4,37.9,25.4,56.0,40.4,174.55483870967743
120.1,183.6,51.3,127.8,118.6,117.2,134.5,74.2,47.0,44.0,25.4,34.2,19.5,16.5,60.8,26.6,87.0,56.4,41.5,28.9,60.0,48.4,195.88392857142858
90.1,170.2,41.5,109.2,101.9,105.3,116.2,67.4,44.0,41.9,23.7,32.2,17.4,13.5,58.2,26.1,82.5,46.8,41.4,26.4,59.0,40.0,175.52888888888887
81.4,167.0,41.5,108.5,95.7,103.9,115.0,64.9,41.6,37.7,22.4,30.5,16.7,14.2,56.0,24.8,76.3,49.0,40.9,24.4,56.1,40.2,159.0595238095238
75.4,174.2,43.0,100.0,93.1,100.3,114.4,59.8,38.8,34.6,22.2,29.0,17.4,14.4,59.0,27.4,86.3,46.7,38.6,22.6,57.5,40.9,153.90070921985813
86.8,180.0,41.9,108.2,92.6,99.2,124.9,63.8,38.5,40.1,22.4,31.2,16.8,17.4,61.5,26.9,83.0,51.0,41.0,25.1,58.8,44.8,161.41311475409836
89.4,183.1,42.4,108.8,93.5,106.5,119.6,67.3,41.6,38.6,21.8,31.4,17.5,15.2,62.5,27.8,92.5,48.4,43.2,25.3,58.0,41.9,162.82993197278913
69.2,177.0,42.5,94.9,79.6,92.5,114.5,53.8,38.0,35.1,21.3,27.6,16.6,16.3,58.4,25.5,84.5,49.9,39.8,20.7,58.5,42.9,153.3
86.5,169.7,42.2,111.7,103.4,103.7,120.0,63.6,39.6,38.7,21.9,30.4,18.0,14.6,58.8,26.5,81.9,49.2,38.0,26.8,56.3,41.8,174.7687074829932
106.0,177.8,47.0,110.0,98.0,112.8,126.2,72.7,47.0,45.7,27.7,35.7,18.4,15.1,62.2,29.2,86.0,47.9,45.1,26.3,60.5,43.6,174.48275862068965
89.8,170.7,41.3,112.4,101.1,104.8,112.1,61.3,41.3,39.2,24.7,30.5,18.3,14.1,59.5,27.3,81.6,50.6,37.7,28.1,54.7,38.8,167.02797202797203
79.2,173.5,42.8,100.5,88.0,98.8,115.5,58.6,37.6,38.7,22.5,32.6,17.0,14.2,59.0,27.1,86.6,48.5,41.5,23.1,59.2,39.6,157.82490974729242
83.3,165.4,45.8,107.9,101.3,101.7,111.1,60.0,40.8,36.9,21.6,31.4,17.4,13.0,53.8,23.7,78.3,48.1,39.8,26.0,57.1,39.2,154.631338028169
81.0,179.4,42.5,102.6,95.3,97.7,117.5,60.8,39.3,35.3,21.6,29.6,16.8,15.0,61.5,28.0,88.9,49.6,41.7,24.4,56.9,41.5,165.42391304347828
97.5,179.9,43.5,111.3,110.5,108.4,118.0,64.8,40.7,39.7,23.1,30.3,16.7,14.5,57.8,27.5,85.3,51.9,40.6,26.5,58.6,41.2,191.55714285714285
73.4,187.2,40.2,95.1,79.1,93.1,109.2,54.8,37.6,36.5,23.2,28.6,17.6,15.7,65.5,28.5,92.1,51.0,46.5,23.6,56.0,42.4,126.45913978494623
58.4,158.9,39.2,89.5,75.7,89.6,106.0,52.2,37.5,36.5,22.0,26.4,15.6,13.4,51.5,22.8,73.0,45.5,34.6,19.8,57.6,38.3,127.85714285714286
70.1,175.5,41.2,91.0,81.2,92.6,111.3,55.8,38.6,38.7,22.5,29.0,17.0,15.0,60.0,26.7,86.8,47.5,42.0,19.6,57.1,40.3,122.19081272084807
71.9,179.5,40.0,97.1,86.9,96.8,108.5,55.5,36.3,36.3,22.0,27.1,17.0,16.5,65.0,28.7,89.6,49.0,42.8,22.4,54.8,41.0,147.6062271062271
76.4,172.2,43.9,98.9,84.7,99.1,113.5,60.9,41.3,38.3,22.4,29.9,17.4,14.5,58.5,26.1,83.3,48.3,40.1,23.9,56.3,40.5,149.9006968641115
70.2,186.4,40.4,92.5,76.8,94.5,103.9,55.8,38.0,34.8,20.9,27.4,15.9,13.5,62.0,26.3,91.0,47.7,45.3,21.6,55.2,37.8,119.35483870967741
71.3,166.0,42.0,98.3,85.6,95.9,112.7,57.6,37.3,38.4,22.5,27.9,15.9,13.6,55.5,23.7,77.9,47.0,40.1,22.9,55.8,40.7,127.58085106382978
84.3,180.2,40.8,100.3,88.0,103.8,111.4,63.5,42.0,40.3,23.8,29.9,17.8,14.8,60.0,26.4,88.6,49.7,43.8,24.1,57.2,39.3,144.34317343173433
79.1,183.1,42.6,96.3,85.8,96.1,103.5,59.1,41.3,40.3,24.3,30.8,17.5,12.2,59.2,26.8,89.0,51.2,42.5,23.8,57.2,37.1,128.28022388059702
69.1,169.6,41.4,92.9,80.0,93.0,112.4,56.6,38.4,37.7,23.3,30.6,17.2,14.5,58.1,26.8,83.1,45.0,40.4,21.0,54.9,40.0,124.6219512195122
74.3,177.2,41.6,97.1,79.6,97.8,117.1,58.6,39.8,36.0,21.9,29.6,17.3,15.7,60.4,27.7,85.2,47.0,41.1,22.6,57.3,42.9,136.9621052631579
61.1,169.3,39.9,96.3,79.2,90.2,110.5,53.5,33.1,33.3,20.7,28.5,15.9,13.5,55.0,24.7,78.0,47.2,38.0,21.4,54.3,40.0,139.8810218978102
63.0,171.3,39.8,89.4,71.6,89.6,110.1,51.5,35.9,35.2,22.1,28.1,17.8,14.0,59.0,28.0,85.4,42.4,41.8,20.7,57.8,41.6,129.59534883720931
67.3,165.2,40.0,96.1,82.2,92.8,110.9,58.9,38.5,38.2,22.7,26.8,15.8,14.4,55.1,25.1,77.8,46.0,37.0,23.8,55.8,39.3,147.01865671641792
76.4,171.5,43.5,99.7,79.4,96.3,116.6,61.8,39.4,39.4,22.5,31.0,16.6,15.0,59.5,27.1,84.6,43.0,40.2,24.1,56.9,41.5,157.03663003663002
81.1,171.3,42.3,102.2,83.5,100.3,115.5,65.1,41.9,40.4,21.9,30.2,16.2,15.4,61.5,27.7,87.9,44.7,45.1,25.2,56.0,41.7,168.46153846153845
77.5,171.0,41.8,102.8,89.1,97.7,115.9,60.8,41.1,37.5,22.7,28.3,16.5,15.5,61.0,27.0,86.3,47.8,39.8,25.3,57.1,41.1,160.7418181818182
86.7,175.1,46.4,102.6,82.9,98.9,121.9,62.7,41.6,39.7,24.1,33.5,18.4,15.3,60.0,27.7,85.2,45.8,41.8,25.3,55.3,40.0,154.25874125874128
56.7,166.8,38.8,84.2,72.0,84.6,104.0,50.2,36.0,33.0,20.6,26.6,15.3,14.5,56.5,24.3,83.2,45.0,39.4,20.6,53.9,37.9,139.75103734439836
93.5,172.0,44.5,109.3,92.2,108.9,121.0,68.1,45.0,44.3,24.7,31.3,18.0,15.2,61.1,28.8,85.0,44.7,41.3,26.6,59.0,41.5,168.15384615384616
64.8,166.5,39.8,89.7,74.1,93.7,105.0,56.2,37.6,34.9,21.7,27.5,16.3,14.2,57.5,25.6,81.9,44.6,38.9,22.6,55.3,37.3,136.58024691358025
77.4,167.0,38.3,108.2,83.2,98.6,116.2,60.8,39.1,39.8,22.0,29.5,16.5,15.8,61.0,27.1,81.5,47.0,40.4,27.3,57.5,41.2,161.14893617021275
75.8,186.9,42.3,97.5,76.8,95.6,116.0,56.1,39.3,37.3,23.0,30.9,17.2,15.0,65.3,29.8,92.4,51.5,42.0,21.4,57.8,42.8,135.5084745762712
71.6,168.1,40.5,98.5,78.0,91.2,111.1,56.6,38.2,37.5,23.1,28.3,16.2,14.7,59.2,26.5,82.1,43.2,38.6,23.8,56.2,38.8,136.86704119850188
63.9,155.9,40.8,94.0,81.2,91.5,106.5,57.0,38.6,36.3,20.8,28.2,16.0,13.0,52.0,24.2,78.2,42.8,34.4,24.2,57.3,35.9,144.08196721311475
88.2,179.8,42.9,105.7,84.5,98.8,118.0,64.0,41.8,41.0,23.2,33.5,17.5,14.7,63.4,29.0,88.7,46.8,44.3,25.0,59.3,42.1,154.10134680134678
69.4,168.2,41.7,93.2,76.2,94.4,114.3,61.0,39.0,39.5,22.3,28.4,15.7,15.9,58.1,27.3,83.4,42.8,39.8,21.5,53.6,40.4,135.7554716981132
72.8,168.1,39.5,100.1,93.2,97.1,110.2,60.2,40.5,37.8,21.7,27.7,16.4,14.2,59.1,27.2,81.3,46.1,38.3,23.8,55.3,38.6,130.41197183098592
76.5,181.7,41.7,100.0,84.0,93.2,116.0,56.2,38.9,37.8,22.1,29.4,17.6,14.8,62.0,29.0,93.1,44.8,45.8,25.3,57.8,41.0,142.75362318840578
109.6,179.2,46.0,120.1,101.2,112.8,122.0,71.9,48.8,46.3,27.0,34.9,19.7,15.6,63.5,28.6,87.5,53.0,39.0,31.8,59.3,41.5,
71.0,180.6,42.0,92.4,78.1,95.4,106.4,54.3,37.7,35.8,22.6,28.6,16.8,13.7,64.0,26.4,86.9,47.1,38.8,20.8,57.2,39.2,127.05
90.2,176.6,45.4,108.0,90.1,103.1,122.0,64.7,42.3,43.3,26.1,31.2,18.2,14.6,60.8,26.4,84.0,47.4,38.0,25.5,59.8,43.2,165.0498338870432
77.3,173.8,44.3,96.8,78.7,94.6,116.5,58.8,40.8,37.8,23.7,31.8,17.8,14.4,60.2,26.9,85.3,46.0,42.9,21.9,58.8,42.8,141.74285714285713
68.6,168.4,39.3,98.2,83.7,92.6,110.1,57.4,40.3,37.3,22.6,28.8,16.7,14.6,58.0,27.1,81.5,45.0,42.4,23.1,56.1,40.5,141.72454212454213
56.0,167.4,40.5,89.4,70.1,81.9,104.7,49.7,34.8,32.4,20.3,27.5,16.3,13.0,58.6,26.3,82.2,44.5,40.3,21.2,55.2,38.3,128.6818181818182
78.2,178.6,39.3,99.4,78.8,96.2,108.8,58.4,43.0,39.7,23.9,32.2,18.4,14.2,63.0,26.9,86.3,46.0,42.4,24.1,57.6,37.9,146.5037313432836
70.3,169.7,41.3,95.7,78.3,99.2,113.7,60.5,40.2,37.0,21.1,28.7,16.2,15.2,58.0,26.2,80.5,43.3,39.3,22.0,55.9,41.2,140.92087912087914
95.0,183.0,43.9,106.3,99.1,110.4,116.6,65.9,42.6,40.8,24.9,30.4,17.8,15.2,61.1,27.8,87.5,51.4,43.0,26.0,58.1,41.6,157.059169550173
61.4,169.7,39.5,88.5,75.5,87.0,109.0,52.1,38.3,34.8,20.7,26.9,16.8,14.6,56.8,24.3,82.2,45.4,41.9,20.6,56.3,41.5,130.65818181818182
75.6,181.6,41.4,98.2,83.6,97.0,114.0,59.7,39.3,36.7,20.2,30.3,17.5,15.3,62.1,27.5,91.6,45.6,44.9,23.5,54.6,42.6,130.21391941391943
73.5,166.0,40.0,96.8,85.5,97.0,112.0,60.4,39.0,34.5,19.8,28.9,16.2,14.0,61.5,29.2,82.4,47.0,41.2,23.7,58.2,40.5,155.77011494252875
78.1,168.1,41.7,104.6,87.4,99.7,115.7,60.5,41.4,40.4,23.0,33.3,17.3,13.8,58.0,25.3,83.8,43.6,37.7,25.7,57.3,39.9,171.23131672597864
91.8,186.6,42.8,108.3,95.8,100.6,117.8,61.8,41.3,40.8,23.2,32.6,17.8,15.1,62.0,27.1,94.8,47.6,44.0,26.8,59.4,41.5,137.22945205479454
66.7,163.5,37.9,94.9,77.6,93.9,115.2,59.9,38.5,38.5,20.8,28.1,15.7,15.6,53.6,24.1,77.6,42.8,32.9,23.1,55.1,41.1,146.49961977186314
69.1,171.7,40.3,95.1,74.8,90.0,116.0,54.1,37.4,33.4,20.5,31.6,17.1,14.9,60.5,27.9,85.0,44.8,44.2,23.4,56.6,39.1,151.8707224334601
100.1,180.3,44.6,111.4,93.7,112.8,122.8,69.8,47.5,41.7,25.6,33.2,19.1,16.0,64.2,29.7,87.0,47.0,43.2,26.3,61.9,44.2,172.09634551495017
70.6,162.3,41.1,96.7,76.7,97.3,112.1,61.3,42.8,39.4,22.5,27.8,16.3,15.3,54.6,27.0,79.0,40.3,39.4,22.4,56.5,41.0,142.24710144927536
77.7,174.5,42.0,102.3,83.7,97.4,116.0,62.0,40.8,39.5,23.3,30.2,18.1,13.1,59.6,26.4,85.1,48.0,42.0,25.6,57.0,40.5,161.91620689655173
81.9,180.0,41.7,97.8,84.3,100.2,122.7,60.7,40.5,36.7,22.9,32.2,18.2,16.6,61.1,28.4,83.5,47.7,40.4,23.1,56.4,43.5,149.04452054794518
88.8,167.3,41.3,105.5,96.2,109.3,114.5,67.7,46.0,42.8,25.6,30.4,17.4,14.8,55.1,25.7,80.3,47.5,39.0,25.9,57.2,40.3,167.0729537366548
82.3,176.0,43.3,101.8,91.1,106.9,116.8,63.8,40.8,38.2,23.6,28.5,17.1,15.4,58.1,26.7,85.9,47.0,42.2,23.7,56.8,38.9,140.53198653198655
76.3,187.4,39.2,97.5,79.0,97.8,115.6,57.2,38.8,36.1,22.7,29.1,17.6,15.7,66.3,28.4,96.0,45.4,47.0,22.3,56.8,41.9,150.6818181818182
94.7,173.9,46.3,112.5,93.0,106.1,124.9,68.7,43.6,44.9,24.6,31.3,17.4,14.7,59.8,26.8,87.0,43.7,42.3,27.9,59.6,43.1,180.91216216216216
79.7,175.3,43.6,101.7,85.6,99.9,117.4,61.0,40.1,40.2,23.3,30.8,17.1,15.4,59.0,27.5,87.1,44.6,41.8,23.7,58.3,42.7,162.51030927835052
91.8,183.9,44.2,106.1,94.4,106.3,122.6,62.4,42.3,40.3,23.8,31.3,18.0,17.2,62.8,28.8,90.4,47.6,43.4,25.7,58.3,45.2,152.54107744107745
82.5,180.3,40.8,101.6,83.7,103.0,112.6,61.2,38.8,40.4,22.3,29.4,17.7,14.2,63.5,27.6,85.9,47.0,39.9,24.8,58.4,39.7,118.47349823321557
76.1,172.0,44.5,107.1,84.0,96.3,117.2,59.2,39.5,37.0,22.2,29.7,17.0,13.7,59.6,26.4,84.1,42.8,37.7,25.8,56.3,39.1,161.7
82.1,178.8,40.3,101.6,82.6,96.3,115.6,61.1,42.9,39.3,23.3,30.6,17.5,13.4,61.1,27.7,91.1,47.0,45.0,23.8,58.4,40.7,140.43686006825936
70.3,177.1,38.9,94.4,83.1,95.6,109.3,57.0,37.9,35.9,21.3,28.1,17.0,15.0,61.8,27.4,85.3,46.7,39.3,23.8,59.0,40.7,134.40594795539033
60.8,169.1,39.6,89.6,76.6,87.2,108.3,51.4,36.0,35.9,21.8,26.4,15.4,16.0,56.5,24.9,79.6,49.0,41.0,20.6,56.7,41.4,128.47058823529412
69.7,172.3,40.1,97.8,78.2,91.4,112.1,55.2,38.9,38.3,22.6,30.1,17.3,15.4,59.0,26.8,82.0,45.8,38.8,22.5,57.6,40.4,145.63695652173914
77.9,184.0,43.0,98.9,81.7,98.0,116.0,56.8,39.6,35.0,22.3,29.6,18.1,16.0,65.0,28.4,90.3,46.0,42.5,22.8,56.0,42.7,142.59212328767123
88.8,179.3,43.0,109.5,90.0,104.2,118.5,65.3,44.4,43.3,24.4,30.9,17.9,16.1,59.2,25.7,84.0,46.3,36.9,25.7,58.4,41.9,182.5
79.4,177.8,42.6,101.1,83.3,99.6,116.7,62.1,41.0,39.0,23.5,30.0,17.7,14.1,63.0,28.5,86.1,48.0,41.2,23.2,55.4,41.4,156.46428571428572
84.3,182.1,44.4,103.1,84.1,100.5,122.3,59.0,42.0,39.7,25.5,32.1,19.3,16.2,60.1,27.6,87.1,46.0,43.8,22.6,57.8,45.4,135.46472491909384
70.7,168.5,40.5,96.3,82.1,97.4,107.3,58.4,38.8,35.7,22.3,27.8,16.4,14.5,56.0,26.4,80.3,45.9,36.7,22.1,56.9,38.1,151.9627659574468
88.5,172.2,42.3,109.4,97.4,106.8,118.2,66.2,44.0,39.5,23.4,31.4,17.6,14.7,56.5,25.7,82.8,47.7,39.5,25.8,57.0,40.6,172.93470790378007
109.3,178.6,44.1,114.8,115.6,121.7,128.0,75.7,48.2,41.3,24.6,31.1,17.3,15.3,62.3,27.7,84.7,52.5,43.8,27.8,58.9,41.4,168.86709677419356
75.4,178.0,41.0,96.5,86.1,96.0,110.8,57.7,37.8,37.8,21.7,27.8,16.5,15.6,61.1,27.2,86.8,49.0,40.7,22.5,59.3,40.1,150.78125
82.6,181.1,39.6,103.6,89.7,102.2,115.2,61.3,41.9,37.8,22.2,29.3,16.7,15.5,59.0,27.3,85.6,49.7,41.9,24.6,56.5,40.9,151.0101694915254
89.4,178.7,45.4,110.1,85.0,100.3,122.3,61.7,42.7,40.9,25.3,33.3,18.8,15.0,61.2,28.1,88.1,43.1,40.3,25.5,59.4,44.3,164.6013289036545
77.2,174.8,41.8,100.5,83.2,97.9,116.5,59.7,41.2,38.3,23.0,30.9,17.0,15.1,59.2,25.3,85.8,44.3,38.0,24.1,58.3,40.7,156.13392857142858
71.6,183.0,39.1,93.0,78.3,91.0,108.1,54.9,39.5,40.5,23.9,29.6,17.8,13.1,60.0,25.8,87.8,47.8,41.5,21.1,56.3,38.5,116.01355932203391
68.1,165.6,41.6,96.2,86.4,90.3,113.7,56.8,39.9,37.2,21.1,30.1,16.0,14.5,53.5,23.6,77.0,46.3,36.9,21.1,56.2,41.6,140.70533807829182
88.8,181.6,43.0,104.0,90.2,101.0,120.4,63.5,43.6,41.7,23.6,29.6,16.7,16.6,64.5,29.7,88.7,47.4,40.4,25.3,59.6,44.1,155.64625850340138
73.5,174.1,41.2,94.5,78.8,95.3,115.0,56.5,41.0,39.9,21.8,30.3,16.4,15.8,59.5,26.8,85.7,45.6,41.1,22.2,55.6,41.9,148.81034482758622
79.1,174.5,42.7,99.0,87.7,99.9,112.5,60.4,40.3,38.4,23.3,29.8,17.3,15.0,60.0,27.0,88.4,46.6,38.2,23.4,57.1,40.2,144.0
81.3,179.5,40.0,99.0,92.7,102.5,109.7,61.4,39.5,38.8,23.0,27.3,16.5,14.0,65.0,27.5,88.5,49.5,43.0,26.2,59.3,41.0,141.42857142857142
81.5,174.8,44.8,108.1,91.8,98.5,114.5,58.7,38.9,37.0,22.2,29.1,17.2,13.8,58.5,26.0,81.3,46.8,36.8,25.4,56.0,39.7,151.33999999999997
83.0,180.6,43.3,100.6,85.8,101.4,114.0,63.2,43.3,39.5,23.3,29.4,16.8,16.1,60.6,26.6,88.2,49.4,40.3,23.8,60.7,42.0,150.2248322147651
72.4,169.8,41.1,97.2,86.0,97.2,110.6,58.4,38.4,38.3,23.5,29.4,17.0,13.5,56.0,24.9,80.6,45.5,37.8,22.2,56.7,39.3,137.01254612546126
67.6,179.1,41.4,91.2,76.5,91.0,110.6,55.7,35.8,34.9,22.7,28.7,17.7,15.0,60.6,27.3,87.1,48.2,42.3,22.2,58.4,41.2,126.55652173913043
66.7,170.3,40.7,92.5,83.5,93.7,107.5,55.3,37.8,35.9,22.0,27.4,16.8,14.7,57.0,26.3,81.6,45.7,38.6,22.5,55.5,39.3,129.16363636363639
74.0,174.4,40.1,99.2,85.4,93.7,109.5,59.3,38.8,38.3,23.1,29.2,17.2,13.1,60.5,28.5,87.5,45.1,40.2,22.8,55.2,38.5,145.03971119133573
60.6,167.7,40.7,93.4,75.3,90.5,102.5,55.1,36.3,33.4,21.0,27.2,16.0,13.5,54.3,25.4,81.1,45.0,39.2,22.1,53.7,36.6,135.91791044776122
82.6,173.6,40.8,104.6,87.7,101.5,117.6,63.7,42.8,40.2,23.2,29.4,16.1,15.2,62.0,27.3,86.0,46.6,40.2,25.0,58.0,42.0,152.98639455782313
74.7,178.6,42.0,99.3,82.5,95.2,114.7,56.2,38.8,37.7,23.3,28.4,17.4,15.3,60.0,27.1,86.4,47.4,42.9,23.6,58.4,41.3,164.9089285714286
107.1,185.8,46.0,115.2,105.6,109.9,124.0,68.6,46.4,46.7,25.7,32.4,18.3,15.5,63.1,28.1,92.5,50.7,43.3,26.9,58.0,44.3,157.28544891640868
86.2,183.3,43.4,102.7,85.1,98.5,122.6,61.2,40.4,41.7,25.1,32.9,17.7,17.7,62.5,29.3,92.5,47.0,41.1,24.2,60.2,44.3,150.48402777777775
93.2,190.0,44.2,100.8,86.5,103.7,118.4,63.7,42.9,43.9,24.3,32.1,18.5,16.7,64.0,28.2,91.8,53.1,44.8,23.9,57.7,42.8,144.0
72.6,174.3,41.3,97.9,81.4,94.6,115.3,57.3,39.3,39.1,21.4,28.6,16.6,15.7,59.6,25.9,86.7,49.2,39.3,23.9,55.6,42.7,150.06569343065692
67.7,173.3,40.5,97.9,78.5,91.1,105.8,56.1,38.0,35.8,21.7,27.0,16.1,13.4,59.3,26.4,84.4,46.6,41.1,22.0,54.7,38.1,145.037037037037
86.6,174.5,44.0,100.2,89.3,102.6,115.7,64.8,41.9,41.0,23.0,32.8,18.3,13.8,61.0,27.3,88.9,46.5,40.3,24.6,58.7,40.8,144.1726618705036
72.5,180.3,42.8,98.2,76.6,93.2,110.9,54.3,37.5,36.0,22.3,28.6,17.5,13.0,62.1,27.7,89.2,46.2,40.8,22.6,56.1,39.8,143.79285714285714
77.5,171.3,40.8,101.9,93.6,100.8,117.8,60.7,39.1,38.0,22.2,30.7,16.1,14.3,56.2,25.8,82.7,48.5,36.8,25.6,58.5,42.9,147.10915492957747
47.8,149.1,39.4,84.1,71.5,80.8,96.0,47.4,33.3,32.3,19.0,26.2,15.2,12.0,48.8,22.5,70.2,40.4,31.8,19.3,55.0,35.6,110.13095238095238
76.6,176.5,41.1,99.6,90.1,97.2,113.1,58.6,39.3,37.4,23.3,28.2,17.5,15.7,60.1,27.3,85.0,48.5,37.7,24.4,58.4,41.4,146.36559139784947
89.7,176.7,42.4,106.6,94.2,106.4,116.7,64.8,42.8,41.7,24.4,32.5,18.0,15.1,59.5,26.4,84.3,47.5,36.9,26.6,59.6,41.6,153.8556701030928
70.3,177.3,42.0,100.2,85.8,90.9,107.4,53.9,36.6,36.0,23.3,26.8,17.3,15.2,62.1,28.0,88.0,46.5,39.1,23.1,56.0,40.8,141.62544169611309
75.0,176.0,42.6,97.5,81.7,98.9,116.6,59.7,37.7,37.6,22.3,30.1,17.7,15.6,56.6,25.3,80.2,47.8,36.0,22.0,57.4,42.7,134.02061855670104
84.6,174.5,43.5,105.7,89.2,101.4,118.5,60.2,42.1,41.9,24.5,29.9,17.5,16.6,57.5,26.0,83.2,50.0,39.1,26.3,57.8,41.7,161.78571428571428
62.9,176.9,37.8,95.2,75.4,85.9,102.8,52.4,36.4,34.3,21.2,26.3,16.2,13.8,61.1,27.4,86.0,47.2,41.2,23.8,56.8,37.4,133.63924528301885
63.8,165.3,42.2,94.3,81.8,92.5,110.6,56.4,37.8,34.8,21.4,28.4,16.4,15.6,56.5,26.4,80.4,43.2,38.5,21.5,54.6,40.4,141.79166666666669
89.2,185.1,42.2,105.6,89.8,102.2,118.4,64.5,42.4,37.9,23.6,32.8,18.1,14.3,60.5,27.2,90.1,49.6,43.9,24.8,57.7,40.0,161.2931506849315
67.4,176.8,40.9,90.2,79.5,93.9,110.6,55.8,36.2,37.0,22.6,26.7,16.5,15.0,59.0,27.5,87.6,46.8,41.4,20.4,56.2,40.5,115.2189781021898
72.1,179.8,39.2,92.1,81.5,94.6,107.5,56.2,38.9,37.6,22.4,29.0,16.8,14.7,63.5,28.8,88.9,49.1,42.9,22.3,58.1,38.1,136.034628975265
68.9,165.6,40.8,98.3,77.0,94.6,115.8,57.4,39.4,37.5,22.2,29.5,16.7,16.7,57.0,26.0,84.0,40.2,37.6,22.5,57.4,41.7,139.47972972972974
73.7,176.3,41.9,95.5,78.3,97.9,108.8,58.5,41.1,37.0,23.3,27.9,16.2,13.8,59.5,25.4,86.2,44.4,39.0,23.3,57.1,39.8,148.55555555555557
76.5,178.1,42.4,100.4,84.6,97.4,118.8,59.0,39.2,37.1,22.2,31.7,17.4,15.6,60.6,25.9,88.2,47.0,41.8,23.6,56.1,42.4,161.49750889679714
81.7,176.4,41.8,99.2,86.7,98.1,115.0,59.3,39.8,41.3,23.2,29.1,17.8,14.6,62.5,27.7,92.3,44.4,40.8,23.5,57.8,41.5,155.08732394366194
82.8,170.4,39.8,106.1,91.3,107.5,118.2,64.3,41.7,40.3,24.8,29.8,17.4,16.0,56.7,24.7,81.9,44.0,34.6,24.4,56.2,44.1,156.70690789473684
68.1,171.5,40.1,98.0,83.0,92.4,107.4,54.6,38.3,37.7,22.5,28.0,17.0,14.0,60.4,26.8,84.8,46.2,36.3,23.1,57.4,38.8,147.34027777777777
88.8,177.4,41.8,106.7,93.5,105.8,115.2,64.3,42.0,43.0,24.3,30.4,16.8,14.0,61.2,27.6,84.6,50.8,40.9,26.8,57.1,41.3,149.30459363957596
79.3,168.1,44.4,107.4,93.4,99.6,112.4,58.1,38.7,38.4,22.3,33.1,17.0,13.8,56.8,25.4,81.7,46.0,37.9,26.1,57.7,38.9,145.21690140845072
85.8,178.6,41.8,106.2,96.7,104.8,113.2,60.9,38.1,40.0,23.4,27.9,16.4,15.0,61.5,26.7,87.2,51.7,37.6,26.6,59.3,39.8,165.5806451612903
66.9,168.1,38.4,97.9,76.3,90.7,114.6,57.1,37.9,37.9,21.8,28.8,16.6,16.2,57.5,25.6,84.4,44.2,38.9,23.5,55.6,41.2,149.21561338289965
72.2,180.8,39.5,91.7,79.7,99.5,110.0,58.4,38.3,37.1,22.3,26.9,16.4,15.4,63.0,28.8,89.0,47.2,44.4,22.3,57.8,41.3,133.4440298507463
69.9,165.0,39.9,96.4,85.2,93.4,106.6,58.1,41.3,39.7,24.6,29.1,17.3,13.6,54.5,25.0,80.5,42.6,37.2,24.5,57.5,37.5,143.84094488188975
88.9,167.4,44.6,99.5,88.3,102.7,119.1,67.4,44.1,46.1,26.0,32.2,18.2,14.5,58.6,27.0,80.2,42.6,39.3,25.3,57.5,38.9,139.52443609022555
70.5,160.4,40.4,99.8,90.3,97.3,107.5,60.4,39.7,38.3,20.7,28.2,15.3,13.3,53.8,22.5,76.6,44.3,36.9,24.9,56.6,37.2,150.0751879699248
66.5,167.2,40.1,95.3,84.3,92.5,108.6,56.2,37.2,35.3,21.7,28.7,15.5,14.4,58.1,26.1,76.7,46.6,36.9,23.0,54.2,39.6,139.8423913043478
78.3,176.6,40.3,98.0,86.2,98.1,113.0,61.2,40.2,39.2,21.8,27.5,16.3,14.8,60.5,29.5,89.1,46.2,40.7,24.6,58.0,39.6,148.48484848484847
97.2,186.5,46.8,106.9,92.6,108.3,121.3,63.9,45.5,41.3,25.2,33.8,19.2,14.6,60.8,27.4,89.4,49.0,42.0,24.6,59.3,43.2,144.52598684210528
83.5,180.6,41.3,111.3,95.4,102.0,114.2,61.2,40.0,38.7,22.3,30.1,17.4,15.1,61.2,28.7,89.0,50.0,42.3,28.5,55.5,40.1,177.34615384615384
81.6,174.0,42.8,108.0,97.4,102.9,113.7,60.4,39.4,36.5,22.3,28.4,17.3,13.8,61.4,26.4,85.1,46.9,39.3,26.3,57.5,40.0,167.83783783783784
81.6,171.3,40.7,108.8,90.8,102.7,116.8,62.5,42.7,40.1,22.7,27.9,16.2,15.6,56.6,25.3,79.4,47.1,33.4,26.2,56.8,41.3,156.4647619047619
68.5,174.0,40.2,95.1,79.6,93.5,107.1,55.0,37.6,36.0,19.8,29.4,16.5,15.1,57.5,26.8,82.2,50.3,38.7,23.2,57.5,39.7,125.15018587360596
85.0,174.0,43.8,100.2,83.2,104.3,120.0,62.5,42.0,42.7,24.0,34.4,18.3,15.2,59.4,27.9,84.0,46.1,40.4,23.1,61.3,41.4,159.32862190812722
72.3,177.6,42.8,96.2,77.2,93.2,117.4,57.3,37.7,36.6,22.2,30.2,17.1,16.2,62.8,28.8,89.9,43.8,46.2,22.8,60.0,43.3,144.97272727272727
93.5,185.2,45.2,108.8,95.7,104.8,117.5,61.5,40.9,42.3,24.8,31.1,18.5,16.3,65.5,29.3,91.4,53.8,45.2,28.6,59.8,42.4,165.39060402684566
72.2,185.3,38.6,94.9,80.1,95.3,112.9,55.3,39.8,34.8,22.0,28.9,17.7,16.1,65.0,29.7,94.2,47.2,47.0,21.8,58.4,42.1,123.37
111.3,191.6,46.0,113.3,106.2,111.5,125.2,71.4,46.1,44.6,25.7,35.4,20.2,15.2,66.5,30.2,90.1,53.4,44.2,28.6,59.3,44.0,172.44402515723272
113.5,184.2,48.7,119.4,109.7,114.8,127.2,71.6,45.0,44.8,24.9,33.6,18.3,15.9,63.5,27.8,88.5,52.0,45.1,29.1,59.3,44.6,165.2670731707317
78.7,175.3,44.0,99.4,88.9,101.2,115.7,59.8,40.7,37.5,22.5,29.3,18.0,15.3,59.0,25.8,83.5,48.2,41.5,21.8,57.6,41.3,145.07027027027027
67.1,176.4,41.5,97.6,77.9,92.0,112.2,54.4,39.3,34.8,22.7,27.5,16.6,14.0,61.0,27.6,86.5,46.6,41.4,20.5,56.1,40.2,145.69784172661872
94.9,180.7,43.2,109.5,97.6,109.1,119.0,66.2,42.4,39.4,23.7,30.2,18.4,15.0,58.6,27.0,86.6,50.3,43.8,25.2,57.3,41.5,157.89968652037618
90.9,181.0,42.8,106.3,98.4,109.1,114.3,64.9,43.2,40.9,23.8,28.4,17.2,14.2,63.9,28.7,85.3,48.6,40.6,25.3,55.8,40.1,144.78793103448274
60.4,164.3,39.0,95.6,80.1,89.9,109.5,54.7,35.4,34.7,21.0,26.1,15.5,15.3,55.3,25.9,80.6,40.8,39.3,20.4,57.4,41.4,132.04949832775918
82.4,176.4,42.4,103.8,89.0,102.1,118.3,60.1,39.8,38.8,22.6,29.8,17.8,15.3,60.7,26.8,84.1,46.9,40.8,24.2,57.4,43.0,137.4834437086093
88.5,177.3,46.2,105.7,93.9,101.7,117.2,63.9,40.7,42.8,24.3,32.5,17.5,13.7,60.8,26.8,89.4,50.2,46.4,24.7,55.7,39.0,171.85
78.0,177.7,42.0,100.1,85.5,98.9,115.6,60.1,39.3,37.7,22.7,28.6,16.8,15.5,59.3,27.4,85.8,50.0,44.1,24.1,57.4,42.5,147.0
71.7,171.4,37.1,94.0,80.2,93.8,108.7,60.5,42.3,40.4,23.2,27.9,16.7,15.5,59.0,26.6,84.2,46.0,43.8,22.7,58.3,40.2,149.39285714285714
77.3,179.0,42.0,99.4,83.3,98.3,114.8,60.0,40.2,37.7,23.2,30.0,17.0,15.0,61.5,27.4,87.5,47.5,41.2,25.6,56.9,41.2,153.45328467153283
80.7,186.7,41.8,99.8,84.1,98.3,116.4,59.4,39.3,39.4,24.0,30.4,17.3,16.2,62.0,28.2,91.0,49.8,44.5,24.5,58.4,42.3,118.5125
77.6,169.7,41.8,106.2,90.6,102.6,113.1,64.4,40.7,36.9,21.5,31.1,17.0,14.6,56.7,24.5,77.2,46.4,38.3,25.1,57.3,40.4,144.41730103806228
93.9,179.6,41.4,102.8,104.9,112.9,115.0,68.5,45.3,42.7,25.0,30.9,17.6,15.5,60.0,27.4,84.4,50.1,41.8,25.1,58.6,40.9,147.68450704225353
96.5,183.4,45.4,108.2,101.0,108.1,121.9,67.3,45.3,39.8,23.3,32.4,18.1,15.5,61.4,27.0,88.5,51.7,42.7,25.4,58.7,43.8,146.51344262295083
81.4,172.7,42.1,102.2,87.4,100.4,114.6,62.6,46.1,44.0,25.8,32.3,16.9,15.5,57.6,25.6,86.0,46.0,39.1,23.2,57.6,41.2,147.0
94.3,181.9,43.2,107.9,91.5,104.1,124.7,65.1,45.3,41.8,24.5,32.5,18.2,17.0,64.0,29.5,91.2,48.4,49.1,25.6,56.8,44.7,161.48299319727892
83.1,178.8,43.0,104.4,84.2,97.7,118.6,60.4,41.0,40.0,23.8,30.4,17.6,16.1,60.6,29.1,92.8,46.2,45.5,23.8,56.8,42.6,143.84755700325732
82.1,174.7,43.8,104.4,91.1,95.9,115.3,61.7,40.6,34.0,21.2,30.5,17.4,14.8,62.5,29.4,89.8,47.7,45.6,24.9,61.2,41.8,163.0105263157895
92.2,174.2,47.4,105.6,94.8,107.4,124.2,67.6,42.1,42.7,23.9,33.7,17.2,16.5,60.1,27.9,84.9,48.0,42.9,25.9,58.7,44.3,169.76666666666665
103.9,179.7,48.1,120.5,104.6,108.1,125.7,65.9,44.8,43.5,23.8,34.3,18.5,14.3,58.4,26.6,87.8,48.0,47.0,29.1,61.4,44.0,182.25625
76.4,178.3,41.5,97.7,83.5,97.0,111.4,61.0,42.1,41.5,23.7,29.3,16.7,14.6,58.2,26.9,86.7,45.2,39.9,23.4,57.3,41.1,138.61407942238264
66.1,172.4,41.2,90.5,79.7,88.8,108.0,53.5,38.3,37.2,22.7,28.8,17.0,13.6,55.5,25.0,83.2,46.1,40.4,21.4,57.4,40.2,126.7677902621723
97.2,186.7,45.9,109.7,97.8,106.8,126.1,65.5,41.7,42.6,24.5,34.0,18.1,17.0,64.0,28.8,89.7,47.9,42.9,26.8,57.6,45.4,158.45555555555555
61.5,168.0,40.5,94.2,76.9,89.8,106.6,51.2,35.7,33.6,21.2,27.0,17.3,15.0,57.0,25.2,77.9,45.3,40.9,22.4,57.3,39.2,137.95957446808512
72.7,175.4,40.4,98.7,85.3,95.6,110.3,56.8,38.7,38.5,22.7,28.9,17.3,15.0,59.8,26.9,86.3,46.0,41.5,24.6,57.2,39.6,144.1163043478261
65.7,162.4,39.3,93.2,81.6,94.4,108.2,57.6,38.8,38.5,21.5,28.6,16.2,13.0,51.6,23.1,74.9,43.2,35.0,21.8,54.9,36.8,136.64661654135338
68.6,162.9,42.0,96.8,80.3,94.1,109.8,57.6,39.6,38.1,22.6,31.9,17.7,12.6,55.6,24.2,78.8,42.8,37.6,23.2,57.2,38.3,138.66851211072665
69.1,179.4,41.4,93.9,76.6,93.4,109.7,54.9,36.3,37.2,21.6,28.8,16.7,15.0,59.3,26.7,86.1,48.2,42.0,21.0,58.4,41.9,119.05178571428571
73.0,158.8,42.8,101.7,91.2,100.6,108.5,62.7,37.8,40.5,21.2,29.7,16.1,12.5,55.0,24.8,74.3,43.0,37.5,25.2,55.8,37.7,153.1344827586207
73.8,173.8,41.0,96.4,80.2,90.1,117.4,55.3,37.4,38.9,21.5,31.3,16.7,15.9,63.3,28.7,89.0,43.7,42.5,23.9,58.0,41.7,146.21263940520447
86.4,180.6,42.3,101.0,90.9,103.3,116.4,64.6,42.4,37.8,22.6,32.7,17.0,15.6,63.0,28.4,91.3,48.4,45.5,25.2,56.7,41.6,141.2536231884058
78.1,179.8,41.5,97.1,81.4,101.2,118.8,62.1,39.3,36.9,22.6,30.1,16.9,16.4,63.8,28.5,90.5,44.1,42.2,23.2,58.7,43.5,140.3656462585034
78.7,162.5,43.3,103.2,97.8,98.1,115.6,60.2,40.7,39.4,22.7,30.0,16.6,15.3,56.0,25.5,77.1,45.2,39.6,24.8,53.5,41.1,157.8778947368421
105.8,170.8,47.4,118.3,116.8,119.7,123.8,74.8,45.8,42.6,25.4,32.5,18.1,15.0,53.5,24.3,79.4,48.8,43.5,28.1,59.2,42.4,178.38296529968454
86.1,167.9,43.3,104.4,93.2,105.1,116.2,67.3,43.1,42.6,23.7,30.5,17.4,14.8,59.1,24.7,79.8,46.1,38.7,24.5,58.1,40.8,155.49718309859153
83.9,175.0,41.1,104.4,91.3,100.8,115.5,64.8,41.2,40.2,22.7,29.4,17.0,15.3,58.6,27.8,87.5,44.7,39.8,24.5,57.2,39.7,146.58904109589042
95.4,179.6,41.8,114.9,96.6,107.2,125.7,65.2,44.4,43.0,25.5,31.3,18.4,16.1,61.2,28.4,91.2,49.3,41.9,27.9,56.9,44.4,164.24807692307692
75.2,184.3,41.0,97.6,83.3,94.7,114.3,55.1,39.7,36.3,22.9,26.7,17.2,13.8,63.6,27.7,88.4,50.7,41.6,23.7,60.3,41.3,154.28178694158075
84.5,174.2,43.3,107.8,101.6,101.9,117.0,58.0,39.4,37.5,21.7,29.4,17.2,15.3,57.5,25.4,83.6,47.9,45.1,26.1,54.9,41.8,158.0368932038835
77.1,166.7,38.1,103.9,96.1,101.6,107.1,63.7,42.3,39.2,23.0,28.8,16.6,14.1,54.8,25.1,80.4,45.5,39.1,25.6,58.0,37.7,143.8062283737024
72.3,168.9,43.8,102.4,89.9,94.6,116.0,57.1,35.2,38.1,20.7,30.1,16.4,15.0,55.8,25.2,81.1,47.4,38.3,24.7,56.8,41.2,151.8344827586207
80.7,184.3,42.6,102.1,82.8,94.0,115.9,56.8,40.6,40.5,24.6,31.4,18.0,16.2,66.6,29.3,94.0,46.2,45.3,26.7,55.7,44.0,153.6950177935943
97.7,189.1,46.4,107.5,96.2,106.8,125.5,67.0,43.2,38.0,23.3,29.7,17.7,15.0,64.0,27.2,91.9,48.3,45.0,25.2,58.5,44.2,162.13696369636963
100.8,192.5,46.8,106.8,94.1,109.5,121.0,65.3,44.4,42.4,23.3,32.7,18.6,15.9,65.1,28.9,92.7,52.7,45.9,24.4,60.7,43.8,149.18095238095236
105.9,171.7,43.9,116.1,108.0,118.5,125.3,73.3,44.5,43.9,25.7,34.3,18.2,15.0,59.0,27.1,85.2,45.2,46.0,28.5,59.8,42.7,158.4857142857143
95.4,179.9,45.2,115.6,95.0,110.6,121.5,67.2,42.4,39.7,24.5,31.0,17.8,14.5,61.8,27.8,84.2,48.0,43.5,27.2,56.2,42.0,182.4252491694352
95.6,169.5,46.0,112.9,109.5,112.5,117.4,69.3,43.5,39.9,22.4,28.7,16.4,14.0,60.7,27.5,84.9,46.1,43.4,27.0,57.5,40.1,159.57980769230772
120.5,177.3,48.7,126.6,111.6,116.9,134.3,77.1,48.1,45.4,24.7,36.3,18.3,15.1,65.0,29.8,84.6,50.0,45.1,31.3,61.6,44.3,
87.6,180.6,42.6,105.9,99.0,102.9,114.0,63.7,40.6,42.5,24.7,30.7,17.7,14.2,59.3,26.9,87.7,48.5,42.9,24.7,57.6,39.8,142.965
94.1,172.5,44.6,118.8,103.0,105.6,120.5,66.4,43.3,39.6,22.6,30.9,17.3,13.8,60.5,25.2,83.2,47.8,42.4,28.3,56.8,40.4,173.30823529411765
83.8,167.6,44.8,110.9,97.0,102.2,124.3,64.5,39.3,39.8,22.2,32.7,17.3,15.2,55.1,24.3,81.3,41.1,38.6,26.7,56.0,42.1,177.44
86.0,171.6,42.8,105.8,99.9,101.2,117.5,62.5,43.2,42.3,22.7,29.2,17.0,14.8,57.5,25.2,83.2,43.7,40.8,25.0,57.4,40.2,153.42700964630222
100.2,181.9,46.8,115.3,98.8,106.3,127.9,64.2,43.0,42.0,23.0,34.5,18.5,16.5,61.3,27.4,88.9,50.2,46.4,28.5,57.9,42.2,173.4756838905775
79.8,173.9,40.3,102.7,93.2,101.6,114.5,61.2,39.3,39.0,22.1,28.9,16.1,13.6,57.1,25.5,85.7,44.6,42.8,24.4,55.2,39.3,154.73013245033113
81.3,177.8,40.8,98.0,93.8,100.8,111.6,60.2,40.2,38.3,24.3,30.6,18.5,15.9,59.1,27.8,86.0,48.9,40.0,24.6,58.9,41.5,149.82014388489208
131.2,191.9,46.3,120.1,119.2,121.4,133.4,77.7,51.7,47.0,25.6,37.1,19.4,15.7,63.8,29.1,97.1,51.2,50.3,29.0,60.1,44.4,175.5307692307692
93.7,172.8,44.6,109.1,97.8,108.3,122.6,67.2,42.8,40.7,24.3,31.4,17.1,15.5,58.2,29.0,84.2,48.5,41.1,27.7,57.9,42.9,156.4020979020979
76.3,166.9,40.8,101.1,78.7,99.8,115.2,62.8,40.1,38.3,21.9,32.5,16.5,15.2,62.3,28.8,86.8,43.0,42.2,24.7,55.5,40.4,163.99809160305344
62.6,169.7,42.4,95.3,78.6,89.8,110.4,54.0,37.2,36.7,21.8,26.5,15.7,14.0,54.0,24.4,78.9,46.4,39.2,21.8,58.3,40.8,128.6897810218978
88.7,177.3,45.0,112.3,100.0,101.2,123.0,62.1,39.1,41.7,23.2,32.3,17.7,16.7,61.5,27.6,86.7,45.5,43.9,27.5,58.4,43.0,176.6958041958042
71.0,176.4,41.2,96.3,88.3,96.2,108.1,55.6,36.3,36.8,22.3,26.3,16.5,12.7,59.5,26.1,86.3,46.0,43.8,22.3,59.8,39.1,131.2878892733564
88.7,171.6,45.5,107.9,102.1,104.8,119.8,66.3,41.7,39.0,22.6,32.6,17.6,12.4,56.8,24.5,81.3,47.9,40.3,24.6,57.3,39.8,154.24166666666667
81.7,180.2,43.2,100.4,92.6,103.1,115.2,60.8,39.8,37.4,22.1,28.7,17.7,16.4,60.6,28.2,84.6,51.1,42.0,25.2,56.7,41.9,149.34946619217084
78.2,170.7,43.2,105.2,81.1,96.9,124.0,60.2,40.4,39.5,22.8,28.4,17.1,16.8,63.5,28.2,85.7,41.3,42.3,25.8,56.6,44.0,161.3820788530466
84.1,180.6,40.3,100.4,94.3,105.2,113.8,64.9,41.5,38.7,22.8,30.0,17.6,15.4,61.6,27.8,88.4,46.0,44.2,24.3,57.0,41.6,139.77950530035335
54.9,171.2,39.8,86.9,74.5,87.1,102.0,48.9,32.4,30.9,19.7,25.6,15.8,13.3,57.6,25.0,84.7,43.1,42.4,19.5,57.0,38.3,121.33207547169812
109.2,187.0,42.4,119.7,102.0,113.2,126.2,71.7,46.5,43.8,24.8,31.9,17.9,16.8,65.0,30.1,92.3,50.0,43.6,29.1,59.2,44.1,190.0667731629393
66.3,177.2,42.5,90.0,77.5,89.6,109.3,51.5,37.1,35.2,22.0,28.1,16.6,13.9,61.1,27.3,87.6,46.5,44.2,19.7,54.7,41.0,128.71323529411765
107.2,180.5,46.7,121.3,112.8,110.5,125.1,68.9,44.9,44.3,25.2,32.0,18.4,15.3,61.6,28.3,88.0,52.0,42.6,29.7,57.2,41.5,185.67928802588995
114.7,182.0,46.3,123.7,109.4,114.2,134.0,71.3,44.8,42.7,24.9,36.4,18.5,15.7,61.1,29.0,89.0,49.4,46.1,29.5,60.4,44.7,197.0748447204969
54.6,157.9,40.4,87.9,73.0,84.6,102.2,50.8,34.3,34.2,20.8,27.3,15.8,13.2,51.9,24.4,78.7,41.0,38.5,19.3,55.6,35.7,127.3720754716981
85.9,167.8,45.9,117.2,97.6,100.1,123.5,62.0,41.0,38.8,22.7,31.4,17.3,14.0,57.8,23.8,81.0,45.6,40.7,27.2,54.6,40.1,177.69032258064516
97.6,185.8,44.3,114.1,100.2,105.8,120.7,62.2,44.1,40.0,25.1,31.1,18.5,14.6,61.6,30.1,95.2,53.2,48.5,28.5,56.7,44.0,172.56739130434784
87.0,177.3,42.3,105.4,88.3,102.4,114.8,64.4,42.3,40.5,23.2,32.2,17.5,14.2,60.7,25.8,87.3,48.4,42.7,24.4,57.9,40.2,152.08724832214767
69.7,182.1,38.9,87.6,80.6,97.0,110.5,56.6,37.1,35.0,21.3,25.8,16.2,15.5,63.6,28.0,89.6,49.5,44.0,20.0,57.1,42.2,137.28358208955223
94.2,184.6,46.5,106.0,99.7,107.9,126.4,63.2,42.6,40.8,24.8,31.0,17.9,17.4,64.6,28.5,89.6,51.2,43.3,25.2,56.2,46.2,158.29333333333335
62.0,173.7,37.9,91.0,74.1,88.7,107.0,55.8,36.9,35.5,21.8,27.4,16.4,16.1,56.2,25.1,84.9,46.8,41.3,20.8,55.7,40.2,140.26315789473682
94.0,173.7,45.4,113.1,102.9,104.3,116.8,64.8,47.5,43.9,24.6,32.2,18.0,14.4,56.5,26.8,82.6,49.8,39.6,26.8,57.4,42.5,155.9409090909091
73.5,169.3,42.7,98.6,89.5,96.1,113.7,60.5,38.0,36.7,21.1,26.9,16.3,14.4,59.4,26.4,81.8,46.6,40.7,21.8,57.8,41.2,147.23378378378376
80.9,178.2,42.0,102.9,94.4,100.3,117.7,59.9,40.3,38.3,22.2,29.8,17.3,16.3,58.6,25.2,84.3,52.0,42.1,24.8,55.1,43.2,157.8042402826855
104.5,175.9,44.2,120.2,114.7,116.7,121.6,72.1,45.3,38.8,24.7,30.4,18.0,15.5,57.4,26.4,84.6,50.5,39.2,31.4,60.5,41.9,162.83975535168196
106.9,173.2,45.9,121.7,113.9,114.5,131.9,72.9,46.8,42.6,23.5,33.2,18.0,16.5,58.0,25.0,81.2,51.4,41.8,30.9,57.5,45.0,
82.6,170.7,43.0,108.6,103.2,104.6,114.2,62.3,40.2,37.5,22.5,29.6,16.7,13.2,55.0,24.9,81.5,51.2,39.4,24.7,55.5,40.8,138.88979591836735
71.3,175.1,41.1,96.7,77.1,94.8,114.1,56.0,38.4,35.2,22.0,30.2,17.6,15.4,60.3,27.0,88.1,45.6,44.7,24.3,56.9,41.1,135.94057971014493
90.7,176.3,42.7,105.2,95.7,109.0,119.4,67.8,43.5,42.4,26.3,31.6,18.4,15.9,57.7,25.6,84.6,49.9,40.2,27.7,57.5,42.1,140.26666666666665
87.6,180.4,43.3,105.8,93.8,106.4,122.0,63.6,41.3,39.4,23.7,31.6,17.7,15.4,58.9,26.5,87.2,48.3,40.5,26.3,56.7,41.6,157.62770270270272
112.8,174.2,48.2,119.7,115.9,115.9,131.3,74.1,44.2,43.3,24.6,34.3,19.0,15.6,58.0,26.6,79.8,53.5,39.7,30.3,58.8,44.1,
106.3,182.3,46.0,123.7,115.3,113.1,123.5,70.9,46.7,40.1,22.8,31.6,18.2,15.7,61.5,26.0,89.1,50.5,42.5,31.3,58.6,43.1,178.7639498432602
67.3,180.7,38.7,94.6,80.0,92.8,104.4,53.7,36.7,35.2,21.7,26.9,16.4,14.2,59.7,25.7,89.4,47.7,44.3,26.5,56.8,38.1,148.3921568627451
89.3,177.5,44.7,117.7,101.3,98.5,121.1,59.0,40.2,38.8,22.4,30.8,17.1,14.6,62.7,27.1,88.2,50.0,42.1,30.0,59.8,42.8,173.3253424657534
78.4,179.7,42.4,103.0,87.4,96.8,116.7,58.4,38.9,38.8,22.9,27.8,16.4,15.9,61.0,27.5,88.5,51.6,42.8,26.5,57.1,41.5,159.14930555555554
71.7,173.1,42.2,97.0,87.1,93.7,113.0,56.4,37.6,35.9,21.5,27.5,16.4,14.7,59.6,26.1,85.1,47.6,40.2,24.4,57.0,39.9,163.0190114068441
77.6,174.4,41.8,92.1,85.7,100.2,116.4,62.3,42.4,39.7,24.2,29.7,18.0,15.6,57.1,26.5,83.9,46.2,39.8,22.7,58.9,42.8,138.6635687732342
74.9,167.3,43.5,101.7,82.8,98.2,118.4,62.1,40.2,38.3,22.7,30.9,17.4,15.0,55.0,24.3,79.2,45.0,39.8,24.4,55.6,42.1,155.8905109489051
69.4,164.8,39.8,94.8,79.3,95.3,111.3,58.6,39.4,41.7,22.7,30.4,17.2,14.8,55.4,25.2,76.5,44.9,37.5,22.8,56.5,38.4,142.37362637362637
80.1,186.8,41.1,98.8,77.2,95.6,120.0,56.2,40.1,38.7,23.4,31.2,18.7,17.3,66.1,29.6,91.2,49.9,43.0,24.1,56.5,44.8,139.1734219269103
77.8,177.3,39.7,101.7,89.0,97.2,112.5,58.2,38.3,40.7,24.3,27.0,16.5,15.8,59.2,26.6,87.6,45.5,42.3,25.3,60.1,42.0,149.45161290322582
92.4,192.3,42.7,106.6,89.3,102.3,119.2,64.8,43.3,41.3,23.5,31.1,17.5,16.7,64.0,28.8,95.7,47.7,46.8,26.1,60.4,45.3,139.82597402597403
88.5,177.9,44.7,106.6,98.1,110.5,114.5,67.9,42.3,39.8,23.2,28.3,16.5,13.6,63.1,28.0,87.8,50.0,41.2,26.4,57.4,38.2,155.7711267605634
75.7,181.1,42.4,97.7,84.0,97.6,110.6,57.3,38.5,38.1,22.7,28.0,16.3,15.4,61.5,26.0,89.9,46.4,44.8,24.3,58.6,41.2,140.55087719298245
93.8,171.5,44.8,110.8,103.5,105.1,119.2,66.8,42.4,43.2,23.0,33.2,17.7,14.7,57.5,25.5,82.5,47.5,40.5,25.4,56.0,41.3,174.00805369127517
92.4,174.7,43.1,112.7,113.3,109.6,118.4,67.3,39.4,35.9,20.6,29.3,16.7,13.4,57.8,28.2,84.4,49.6,44.0,27.8,59.5,40.7,162.91666666666666
88.8,174.4,46.1,111.1,98.8,101.7,122.8,60.1,39.7,40.3,24.1,30.7,17.6,17.5,57.3,25.6,82.1,46.5,42.4,27.4,56.5,42.3,189.96962457337884
66.1,178.3,41.2,94.0,82.5,93.7,109.2,54.6,36.6,35.2,22.2,26.2,16.9,14.8,61.0,27.5,91.0,47.0,41.9,20.4,55.2,40.3,150.92041522491348
91.0,176.4,43.9,114.5,96.7,100.8,122.6,64.7,40.4,40.9,24.3,30.7,17.6,14.8,59.3,26.6,84.8,47.8,40.7,28.2,57.3,42.2,172.68852459016392
80.9,170.1,42.5,109.1,98.2,97.8,117.1,56.9,39.0,37.4,22.0,29.8,16.8,14.6,60.1,26.9,85.1,46.6,39.9,28.6,57.7,40.7,175.96774193548384
62.1,172.4,38.4,88.0,82.5,95.3,104.9,55.8,36.5,33.7,20.0,26.6,16.0,15.0,57.4,27.4,82.5,44.5,42.3,20.7,54.9,39.9,132.0
79.6,176.5,43.5,103.8,87.9,99.6,115.3,59.5,41.5,37.6,22.0,29.5,16.8,15.5,59.8,25.9,85.1,46.0,43.3,24.1,57.5,42.8,149.7737024221453
63.6,163.0,39.7,91.4,75.2,88.3,114.0,54.2,36.5,35.3,22.5,28.5,17.0,16.6,56.1,26.4,78.1,41.1,37.3,19.4,56.9,42.2,155.20754716981133
60.8,171.3,40.2,89.2,71.9,88.4,111.6,51.4,35.0,35.2,21.3,27.2,16.3,16.2,61.6,27.9,87.2,41.5,44.7,20.6,54.8,41.8,121.66743295019157
121.0,183.8,45.8,122.6,108.4,124.6,129.5,79.2,47.8,43.7,26.7,32.9,18.5,16.9,64.2,28.8,86.9,53.1,40.5,29.7,59.9,46.0,182.05361445783132
85.5,170.4,43.3,115.2,95.9,99.1,119.6,61.7,39.7,38.4,22.5,33.6,18.0,14.5,55.3,25.3,81.8,49.4,43.2,27.2,56.8,40.1,165.84520123839008
74.4,177.2,41.2,98.2,87.3,99.2,111.6,58.8,38.5,34.6,20.7,28.1,16.1,13.5,60.6,27.8,87.4,47.4,40.6,23.7,56.9,39.7,143.35766423357663
111.4,184.6,44.5,125.9,108.3,109.9,134.7,69.2,42.3,41.7,24.0,33.6,19.1,18.0,65.0,29.4,87.2,50.7,45.0,29.8,60.4,47.8,179.2879746835443
91.3,180.5,42.7,110.6,92.0,105.2,119.8,64.9,43.5,42.0,24.8,32.6,18.3,15.5,60.7,27.2,91.3,49.3,39.0,26.6,57.5,42.3,156.8046052631579
107.4,180.5,47.6,115.9,105.2,108.8,126.1,67.4,46.7,44.0,26.4,35.0,19.4,14.2,61.0,27.3,87.5,47.7,42.7,29.1,60.6,43.9,157.91375
71.3,168.0,40.4,99.9,89.7,98.2,109.8,59.8,39.4,36.3,21.9,29.8,16.8,14.2,59.3,25.8,81.8,44.8,42.2,23.1,54.0,39.8,143.7157894736842
90.2,183.9,43.6,101.1,92.6,103.2,115.2,62.1,41.5,42.9,25.1,29.3,17.9,14.7,66.0,29.5,88.0,53.0,45.6,24.4,56.2,41.6,150.74408602150538
82.9,172.3,43.8,106.0,90.1,101.7,114.5,61.4,40.5,39.5,23.6,31.1,17.0,13.8,62.6,26.9,84.1,45.7,42.4,26.0,56.3,40.8,146.5808580858086
86.9,180.0,43.1,105.7,93.6,103.7,119.0,64.2,42.8,37.4,22.5,31.3,17.0,15.0,58.7,26.7,92.5,48.8,43.3,23.6,58.5,39.1,161.22594936708862
86.6,186.1,39.7,99.7,86.4,106.8,111.7,64.1,42.7,38.5,25.1,29.3,17.9,14.8,63.9,28.9,90.5,47.2,45.1,22.4,58.7,41.5,120.1596091205212
77.2,172.4,43.3,107.3,85.9,96.7,119.5,58.9,37.3,38.5,22.5,32.0,16.5,14.9,58.5,26.0,81.7,49.5,41.1,26.4,56.1,42.1,153.82167832167832
80.1,181.2,44.2,100.2,83.6,100.6,119.1,60.6,39.4,38.1,23.0,30.2,16.7,16.7,59.7,26.8,87.7,46.2,43.8,22.6,56.2,42.7,146.626
72.5,166.4,42.8,99.4,88.6,96.8,115.0,61.2,37.7,35.5,21.8,30.6,17.2,14.1,56.8,26.0,82.2,44.5,39.6,23.6,54.9,40.3,146.4842105263158
66.7,170.6,39.8,94.1,72.2,91.4,108.6,55.3,38.0,38.3,22.9,31.2,17.1,14.4,57.8,26.5,81.4,44.4,37.7,22.7,55.9,38.3,135.75691699604744
68.0,168.7,40.0,94.2,82.0,93.8,107.9,58.7,37.8,37.2,20.7,27.7,15.4,13.1,57.9,25.5,80.3,45.4,38.9,23.1,58.1,38.1,138.5088888888889
107.9,185.8,46.7,115.7,107.5,112.3,125.6,67.9,42.8,43.5,25.0,31.7,18.0,16.4,64.8,29.4,90.9,49.9,44.6,28.1,58.7,42.8,160.8846153846154
74.5,162.9,40.1,99.1,100.3,103.9,115.8,63.8,37.1,36.9,21.2,28.7,15.3,15.8,55.7,24.1,79.1,43.7,37.8,23.7,55.6,41.0,166.3992537313433
79.2,185.6,39.7,97.5,84.2,98.9,112.3,60.8,38.2,37.7,23.3,29.1,17.2,16.0,64.3,28.9,92.5,49.5,46.7,24.1,57.9,41.6,144.83695652173913
105.2,175.7,46.7,116.7,106.2,112.6,127.4,71.2,45.3,43.1,23.8,33.4,19.0,14.6,61.1,27.0,90.0,46.2,43.6,27.7,60.5,43.4,180.526213592233
66.3,175.0,39.3,92.9,76.5,94.2,110.4,57.0,37.9,36.1,21.3,27.2,16.3,15.3,59.0,26.5,82.4,44.0,39.8,21.2,55.7,41.4,115.7057761732852
90.5,173.5,45.0,112.6,101.1,109.6,117.9,64.4,39.9,40.4,22.9,32.9,17.7,13.0,59.3,28.4,81.8,47.3,41.0,26.7,56.9,38.6,143.87777777777777
58.7,173.9,39.0,86.4,75.0,90.8,104.2,54.3,36.4,33.2,21.7,25.5,15.3,15.5,59.0,26.4,82.6,45.2,39.1,19.3,54.2,40.2,117.8181818181818
68.7,163.4,42.2,97.2,89.9,96.1,110.1,57.1,36.3,35.4,21.3,27.8,17.0,13.8,54.6,24.6,76.2,47.0,39.4,23.2,56.2,40.6,145.8
109.0,177.2,45.4,123.5,116.6,112.4,128.1,67.8,43.6,40.5,21.8,34.5,18.3,13.2,62.0,27.4,86.1,51.5,42.1,30.9,58.5,39.2,175.36253776435044
57.6,160.0,36.4,89.0,74.4,88.9,105.8,54.4,36.3,33.8,20.2,26.5,15.6,15.1,53.2,24.8,78.5,43.0,37.4,20.4,54.7,38.9,140.9732824427481
92.2,165.7,45.5,105.8,104.8,111.4,116.5,72.0,44.4,43.0,24.2,32.3,17.6,14.1,55.8,26.2,77.4,48.8,41.1,26.2,58.6,40.7,168.58241758241758
81.5,189.8,41.3,98.3,91.3,96.5,118.1,56.2,38.8,38.2,23.3,28.9,17.3,16.5,65.1,28.4,91.9,53.2,44.6,22.6,57.4,44.5,147.6212543554007
91.2,183.0,42.3,101.9,90.2,105.0,115.5,65.8,41.6,38.5,23.2,31.2,17.3,14.8,65.4,29.6,94.4,45.7,46.8,25.0,57.7,42.6,155.932384341637
85.0,171.2,45.2,108.4,97.3,103.4,119.4,63.6,38.8,38.2,22.8,31.8,17.1,13.6,58.4,26.2,81.5,50.0,40.9,26.9,58.1,40.7,166.41690140845068
92.0,169.3,48.3,110.4,101.1,107.3,125.0,66.9,43.3,41.1,23.7,33.5,18.3,13.6,59.6,26.1,79.3,48.0,39.2,26.5,59.1,41.9,158.976
144.2,191.0,51.7,127.9,132.8,129.3,131.4,81.2,48.3,45.9,26.9,37.0,21.6,13.8,63.4,29.2,93.4,57.0,46.0,32.0,61.4,44.2,177.68143712574852
73.9,181.7,37.9,101.7,85.0,97.5,112.6,59.4,38.7,35.1,21.8,27.4,16.3,14.2,60.6,26.8,91.2,48.2,41.3,25.0,58.0,40.4,149.8736842105263
106.2,179.0,47.5,117.5,108.9,109.2,126.8,69.1,43.8,45.1,25.7,32.5,18.0,16.2,61.5,26.3,87.2,48.8,40.5,29.6,59.0,42.7,180.41935483870967
104.9,178.9,45.2,120.6,107.1,111.8,130.6,69.2,42.7,40.6,24.4,32.2,17.9,16.6,60.0,27.2,85.8,48.1,39.9,27.2,58.3,45.0,177.940490797546
66.0,172.8,40.9,95.3,82.5,95.2,114.5,53.3,35.5,35.8,21.3,27.5,16.1,16.3,58.5,26.2,87.0,45.7,41.7,21.6,54.8,42.8,146.2421818181818
62.2,168.4,40.6,91.4,86.4,92.7,105.8,54.1,35.5,33.8,20.5,26.8,15.9,15.0,58.4,26.6,82.3,45.0,40.2,21.4,54.8,40.5,133.77318007662834
102.2,186.1,47.4,110.1,100.3,108.4,125.2,67.6,44.5,42.7,24.3,35.7,18.4,16.5,62.7,30.7,91.4,51.2,45.3,28.4,58.8,43.4,186.0845070422535
69.7,176.3,39.3,91.5,78.5,97.2,112.9,55.0,36.7,36.6,22.4,28.6,16.5,15.7,61.0,27.1,86.5,45.0,40.4,21.2,57.9,41.3,145.18450184501847
93.9,195.2,43.1,103.4,89.0,103.5,122.7,61.6,42.8,41.2,25.3,31.5,18.6,17.5,66.5,29.1,94.9,53.9,45.8,24.1,58.5,44.9,140.7125382262997
79.3,175.0,40.9,98.6,83.0,106.6,113.6,65.7,42.3,38.8,23.3,29.8,16.6,14.7,59.9,27.2,83.0,46.2,41.1,22.9,59.6,42.0,148.625
89.9,176.3,39.8,108.8,101.7,105.3,117.6,64.8,41.8,40.9,24.3,28.8,17.8,15.6,60.5,28.1,86.7,51.7,40.8,28.6,57.9,39.5,158.32544802867383
72.7,185.4,39.5,94.8,78.5,96.2,112.1,54.9,39.3,35.7,22.8,29.5,17.4,14.8,63.0,27.6,93.3,45.5,46.0,23.1,56.1,41.3,137.63555555555556
69.0,166.9,41.4,96.3,79.1,94.2,110.9,57.2,39.8,36.5,23.0,29.2,17.4,13.9,57.5,25.4,79.1,44.4,38.5,22.9,57.7,39.9,149.64604316546763
114.0,185.8,50.2,121.1,107.1,112.6,135.0,69.0,45.4,42.7,22.7,35.0,19.2,16.2,62.0,30.3,88.9,50.4,45.6,29.4,60.3,46.2,182.3581871345029
99.5,178.6,46.0,116.2,102.8,106.2,118.7,66.5,43.0,39.9,23.0,33.5,17.6,13.6,61.0,26.8,86.5,52.6,42.8,31.3,57.7,40.9,181.61059602649007
88.7,171.2,43.0,109.1,97.6,105.9,122.4,64.0,42.0,40.3,22.9,31.6,17.7,15.8,58.5,26.4,80.5,42.4,39.5,26.6,55.6,43.4,149.25732899022802
89.4,175.2,42.6,106.9,96.0,104.6,114.4,63.7,41.8,42.3,26.0,31.6,17.9,14.8,59.5,26.6,82.0,46.9,41.7,26.2,60.0,41.0,157.16423841059603
84.2,165.3,40.4,107.7,97.6,106.4,115.9,65.7,41.8,39.6,21.1,30.6,17.4,15.1,59.0,27.1,80.7,44.5,40.2,27.0,56.8,40.8,147.89788732394365
80.4,168.7,42.2,100.6,90.0,104.3,117.0,64.3,44.2,39.7,22.5,30.8,17.0,15.2,54.9,23.7,78.0,49.3,37.6,23.2,58.9,40.7,161.10069930069932
76.0,168.9,41.1,99.7,94.3,99.8,112.4,61.9,40.3,36.8,22.8,29.6,16.9,14.7,57.5,25.8,82.4,45.2,40.8,24.6,56.3,39.4,151.63498098859316
91.3,167.4,44.5,109.0,104.6,108.4,125.4,69.0,42.5,41.3,22.2,30.5,16.8,15.7,57.6,25.1,77.9,50.5,40.5,26.9,56.5,43.4,165.83828382838286
67.3,181.9,38.6,93.1,75.4,92.2,107.0,55.7,36.2,36.4,20.8,27.7,17.4,15.5,60.5,27.2,87.2,48.0,42.3,22.3,56.5,40.0,135.54264705882352
85.7,178.8,44.4,103.7,90.5,102.3,116.5,64.4,41.4,36.0,23.9,31.2,17.5,14.5,60.1,26.6,85.7,48.9,44.1,27.7,58.0,40.1,154.82986111111111
68.8,167.9,42.3,96.4,76.7,91.5,112.7,56.2,38.0,36.1,21.7,30.3,16.3,15.4,60.3,26.9,83.4,43.2,41.5,22.9,54.8,41.0,139.62562277580074
88.5,176.3,41.3,108.7,96.4,103.6,119.4,63.8,41.8,39.9,23.7,30.7,17.4,14.5,61.4,27.0,84.6,50.0,42.0,27.3,56.9,41.6,148.9874125874126
70.8,173.3,40.4,96.4,75.3,90.5,113.5,57.6,38.0,38.6,23.7,30.1,17.5,15.8,61.0,27.7,88.6,42.0,47.1,23.2,57.8,40.9,134.31011235955057
74.3,170.3,43.3,101.1,81.7,96.5,113.5,57.4,39.4,35.9,22.3,31.1,17.7,13.2,55.2,23.5,81.9,46.3,37.7,25.0,59.5,40.0,156.11029411764707
98.5,181.4,43.4,108.1,101.0,111.6,120.6,70.4,45.5,43.0,25.3,32.9,19.0,15.4,61.1,26.5,86.5,51.1,42.2,25.7,56.0,42.8,154.32697368421051
90.2,182.5,44.2,109.5,100.5,106.2,118.4,63.9,39.9,38.2,22.5,30.5,16.2,13.8,64.1,30.1,89.2,51.3,42.8,27.2,59.8,41.2,159.6875
85.2,181.5,42.0,98.1,83.6,100.2,119.4,60.5,42.2,40.7,24.3,32.0,17.8,16.0,65.4,30.3,92.6,49.4,46.4,24.6,57.8,41.5,149.74982332155477
85.1,177.8,42.5,102.0,88.2,105.2,117.7,62.8,42.5,40.2,24.3,32.2,18.2,14.1,57.1,26.7,82.4,48.4,41.1,25.5,57.3,40.8,136.70103092783503
68.5,174.4,39.7,96.3,86.3,89.6,106.5,54.7,37.5,36.5,22.8,29.7,16.4,13.6,58.1,25.9,84.5,46.5,39.8,24.1,55.9,36.8,142.8022813688213
106.5,178.1,47.2,120.5,115.1,113.2,121.5,70.1,45.3,42.5,25.8,33.0,18.3,14.0,60.5,26.8,87.2,52.0,42.2,30.6,57.9,38.8,199.19387755102042
104.4,171.6,51.3,118.1,105.2,110.5,122.9,72.1,44.7,45.0,25.3,33.1,17.6,13.5,58.9,25.9,81.9,48.6,38.3,29.9,59.9,42.3,171.67891373801916
96.8,176.6,48.9,114.9,98.2,104.7,121.0,63.7,44.3,42.9,24.7,33.6,18.7,15.1,61.0,27.0,86.2,51.0,42.5,28.6,58.0,44.4,169.1893203883495
90.2,173.6,47.0,109.2,95.1,103.2,126.6,63.7,41.9,40.5,24.3,33.9,18.5,15.6,59.3,26.4,83.1,51.5,41.0,25.2,57.8,44.7,158.23566878980893
93.8,181.0,44.7,115.7,93.5,107.3,125.9,62.6,42.3,42.1,24.1,32.2,17.8,16.0,63.0,27.4,88.1,45.7,43.0,26.2,58.7,44.4,164.7626582278481
92.8,183.9,46.0,108.4,99.9,105.9,121.2,66.2,40.3,37.9,21.8,31.1,17.3,15.0,59.0,27.5,91.3,50.6,44.5,26.7,57.0,42.4,160.07066666666665
87.3,166.8,43.7,108.4,97.4,107.7,118.0,65.6,41.9,41.9,23.7,30.2,17.2,14.0,56.6,24.9,79.8,46.8,36.8,26.2,60.4,40.7,154.85714285714286
76.9,178.4,43.6,104.8,92.8,96.7,110.8,55.9,38.2,35.2,22.7,30.2,17.5,14.0,60.2,25.8,85.0,53.0,41.5,25.4,56.7,39.6,138.80794701986756
89.2,175.7,42.0,108.3,91.5,106.2,121.4,68.0,41.8,39.2,22.0,31.2,18.2,16.0,62.1,27.9,87.5,44.5,42.8,27.2,56.7,44.1,155.5372340425532
96.3,177.7,46.0,118.4,107.0,104.2,121.6,61.1,41.1,38.0,22.8,28.9,17.2,14.1,59.0,27.5,81.5,54.6,40.5,28.6,57.9,42.3,173.50440251572326
94.7,174.9,45.5,111.5,99.4,107.5,124.0,67.0,44.3,41.8,24.4,34.5,17.7,15.7,59.7,26.6,90.2,45.0,42.1,27.3,55.8,41.1,170.50687285223367
66.5,184.2,39.4,94.6,81.2,95.7,108.0,51.0,34.3,32.2,20.0,25.7,17.0,14.2,61.0,27.9,88.0,49.0,44.4,20.9,57.6,40.7,112.23728813559322
75.4,178.2,41.4,98.0,82.2,95.0,111.3,56.5,40.7,38.4,22.2,31.3,17.7,14.7,61.0,27.2,86.5,47.0,43.2,24.2,55.6,40.9,139.32089552238807
93.5,173.4,47.7,112.3,102.4,106.3,123.4,65.9,40.8,41.2,24.3,33.2,18.1,14.1,57.8,25.3,83.0,50.7,40.2,27.6,56.9,42.3,141.81474358974359
95.0,189.7,44.7,112.1,96.4,102.2,124.1,63.3,42.6,38.4,23.5,32.5,18.8,15.1,63.2,29.0,90.8,52.1,44.1,25.4,57.8,43.6,159.75107033639145
82.2,165.0,42.5,112.7,96.3,102.8,123.2,62.5,41.1,36.1,21.2,30.2,17.2,16.0,53.5,24.2,77.6,51.0,41.0,28.2,55.8,41.5,173.56585365853658
105.2,176.0,46.0,116.7,102.0,113.8,125.8,72.0,44.4,43.5,27.7,35.4,19.4,15.4,60.4,27.5,81.2,49.3,42.0,27.6,61.0,44.6,159.69473684210527
74.7,183.7,42.8,99.2,83.0,92.9,119.4,58.3,37.3,32.6,22.0,28.7,17.3,17.0,64.4,29.8,91.6,48.5,49.2,24.0,58.1,44.6,138.41860465116278
84.5,171.8,42.0,104.2,88.3,100.7,118.7,65.7,44.5,40.5,23.1,31.5,17.5,15.0,61.4,27.7,88.5,43.3,43.0,24.2,56.1,42.1,144.08344827586205
84.3,165.4,43.1,110.2,103.1,103.7,117.4,61.3,38.0,38.4,22.4,29.9,17.3,13.2,56.8,25.5,77.6,45.5,39.0,26.2,56.2,40.2,162.79545454545456
92.5,183.4,44.0,110.6,104.8,108.3,115.9,67.3,41.0,40.0,22.1,30.2,17.7,14.2,63.0,28.9,90.8,48.0,42.4,28.3,55.4,38.9,137.79672131147544
92.6,181.0,43.4,104.4,99.2,110.1,116.0,65.8,42.8,38.2,23.0,31.1,18.1,14.8,63.4,29.0,87.1,50.0,42.5,25.9,56.7,41.8,161.5108013937282
75.0,172.2,42.2,96.7,90.4,95.1,108.7,57.7,39.0,38.7,22.8,29.0,17.7,14.2,56.5,25.3,82.7,49.6,41.5,23.5,58.0,39.8,125.16134751773049
73.3,164.6,43.2,101.5,92.0,94.4,108.4,58.2,40.1,38.0,22.0,31.1,17.0,13.5,55.6,24.4,80.6,45.2,37.0,24.7,55.0,38.8,145.10211267605635
81.5,172.8,41.6,105.7,99.2,103.8,114.5,59.8,38.9,37.4,21.0,30.5,17.2,14.7,56.5,25.6,79.7,46.4,39.2,25.2,58.0,41.1,140.7022950819672
87.5,176.1,41.7,107.7,91.5,104.6,119.4,63.6,42.3,41.4,22.0,32.0,17.3,15.2,58.2,26.2,83.1,51.5,39.8,25.3,56.3,41.9,145.560409556314
77.0,178.0,39.4,96.6,93.0,98.8,111.7,59.9,40.0,36.7,20.6,28.3,16.2,14.1,61.6,29.0,85.2,48.5,46.6,23.1,57.0,40.9,129.5
86.9,171.9,44.2,115.2,102.4,106.1,115.4,63.2,39.8,38.2,21.2,30.1,16.3,13.8,57.8,26.0,81.3,48.3,43.7,28.6,57.3,40.8,174.69473684210527
85.0,183.0,43.5,98.3,86.1,100.5,117.0,62.6,42.0,40.0,23.8,31.8,18.6,14.1,60.1,27.4,89.3,50.5,42.2,23.0,55.9,41.6,141.91197183098592
96.2,175.1,45.7,118.2,102.6,101.1,122.4,60.2,41.9,40.4,22.5,33.1,18.0,13.8,62.0,27.9,84.1,51.0,41.0,29.4,59.7,42.5,162.6675241157556
81.1,175.8,43.4,102.9,88.4,98.5,120.4,57.9,40.9,41.6,23.9,30.2,17.8,16.0,59.9,26.6,85.6,47.7,40.5,24.4,56.4,44.8,148.81954397394136
85.7,168.1,43.0,112.2,98.3,97.7,120.4,59.2,40.3,38.9,23.4,30.8,16.9,14.5,58.3,25.1,78.4,47.6,40.7,28.2,57.7,41.6,172.788
87.9,180.5,42.5,104.2,95.7,104.9,113.5,62.4,39.9,39.8,23.0,31.7,18.0,13.5,62.6,27.9,85.6,52.0,38.9,26.6,57.6,40.0,135.25298013245032
88.2,176.6,46.0,111.2,98.1,101.8,122.5,62.2,39.4,40.7,22.0,31.2,17.1,15.5,60.0,26.4,82.7,50.6,39.9,26.8,58.9,44.0,160.35109717868337
71.2,174.0,40.2,92.8,82.6,95.3,112.0,57.2,39.1,37.0,22.8,27.2,17.2,14.3,57.0,25.1,83.2,45.4,43.4,20.7,57.8,41.0,134.29859154929576
83.2,176.8,43.0,103.6,92.5,101.7,112.2,61.4,40.2,39.8,22.8,30.7,17.5,14.0,59.0,27.2,85.8,50.2,44.2,27.2,57.7,40.0,155.5870036101083
74.2,170.3,43.7,100.6,86.3,96.6,110.0,59.4,40.0,38.2,22.2,30.0,16.5,13.4,56.3,24.0,80.2,50.7,38.9,23.9,58.3,39.8,142.19081272084807
83.3,184.5,41.7,104.3,85.0,99.5,122.0,60.0,40.3,38.8,23.4,30.8,17.3,17.3,62.0,27.6,87.8,54.5,40.8,25.3,56.1,44.8,166.73809523809524
115.1,185.3,47.8,119.5,107.2,111.1,131.2,69.4,45.2,42.8,23.4,34.5,17.2,15.5,62.0,27.5,92.2,50.5,47.1,29.2,58.3,43.7,182.3187311178248
79.2,175.6,40.2,107.2,87.8,103.0,116.9,62.6,39.9,38.7,21.2,28.5,16.3,15.8,58.2,26.3,82.1,49.2,38.1,23.8,58.0,40.7,162.0893470790378
86.2,185.8,42.7,99.2,91.5,104.4,113.5,63.6,41.8,40.4,22.7,29.4,17.5,15.0,62.1,26.7,91.3,48.6,43.3,24.1,59.2,41.0,142.81985815602837
75.3,176.3,40.8,103.8,81.2,97.2,113.3,59.5,40.4,38.3,22.0,29.6,16.4,15.6,58.5,26.4,82.4,49.3,41.9,23.8,58.8,40.7,129.9241610738255
82.3,175.8,40.8,99.8,93.3,103.8,112.5,64.3,41.0,38.4,21.7,29.5,17.0,14.6,61.2,27.4,84.8,46.9,39.9,22.7,57.8,40.8,147.07368421052632
83.7,176.8,41.5,101.7,84.7,103.4,119.5,62.3,41.7,40.5,23.8,30.2,17.1,16.5,58.3,26.4,83.2,47.5,38.4,24.4,58.0,43.3,164.12275862068964
93.2,180.1,45.7,111.8,98.7,104.2,118.0,64.2,40.2,38.9,23.3,31.9,17.5,13.7,60.1,27.8,87.1,51.1,43.1,26.6,58.7,40.7,175.57594501718214
87.9,176.1,43.2,105.1,95.6,104.8,122.4,65.5,41.1,36.8,22.3,32.8,17.2,13.5,63.0,28.5,87.6,45.0,45.6,26.1,57.6,41.2,155.1291512915129
81.9,175.6,43.8,106.7,94.2,101.2,115.7,59.5,40.3,37.3,22.5,30.5,17.8,14.4,55.0,25.5,83.3,46.5,41.7,25.8,58.5,41.7,149.0973509933775
106.1,183.0,44.2,119.2,108.7,111.3,126.8,69.1,43.4,42.1,23.7,31.8,16.3,15.0,63.8,27.9,90.4,49.3,44.1,30.4,56.4,42.5,
73.3,172.6,42.2,99.2,86.5,96.8,111.3,58.3,36.9,36.2,23.1,27.7,16.4,14.3,58.0,25.0,84.3,48.0,40.5,23.6,56.2,40.5,136.57464788732395
81.8,171.8,44.5,103.1,96.5,102.2,115.5,64.6,41.7,40.2,22.1,30.1,16.5,13.6,58.9,26.7,84.8,46.8,38.7,25.4,55.1,40.9,163.55071942446042
90.7,171.7,42.5,111.8,99.1,106.3,111.8,66.1,43.5,39.8,21.7,31.4,17.3,13.7,58.3,25.6,80.7,49.6,34.3,27.3,57.6,39.7,161.72327044025155
87.5,181.1,40.5,111.6,97.4,103.8,120.0,62.3,39.7,36.0,22.7,31.0,17.8,16.3,61.5,27.4,88.2,49.3,41.4,27.2,55.8,43.4,162.75
90.2,178.0,46.2,107.8,90.3,102.9,123.0,62.2,42.9,42.3,24.5,31.5,18.0,15.3,58.6,26.0,82.6,47.1,44.6,26.0,60.5,43.0,162.91318327974278
66.3,166.4,40.4,100.8,76.1,88.3,114.2,53.3,36.9,36.5,21.0,30.9,16.9,15.1,56.0,24.5,76.8,45.1,38.5,24.4,56.8,40.2,157.61454545454546
74.0,175.1,41.8,98.4,77.3,96.6,114.3,61.1,38.8,38.0,21.3,29.4,17.3,15.3,60.6,28.4,87.2,43.4,41.0,23.5,56.1,41.3,145.77777777777777
109.3,197.2,46.7,114.3,106.6,117.1,120.9,70.2,45.0,42.5,24.2,30.1,18.1,16.4,69.8,30.4,95.9,53.0,44.3,27.4,59.5,45.0,157.77607361963192
66.1,169.9,41.4,94.5,75.0,87.3,112.3,54.0,38.2,34.6,21.9,29.7,16.5,15.2,60.5,27.7,88.4,40.4,41.5,23.3,57.8,42.2,152.53937007874015
99.3,181.9,46.7,111.6,98.3,108.3,125.3,67.6,44.4,43.7,23.7,32.3,17.5,15.9,58.8,27.3,86.6,51.3,40.4,27.3,60.0,43.8,156.94857142857146
76.6,166.5,41.4,103.7,94.5,97.7,110.6,57.6,40.2,37.7,21.8,30.8,16.2,13.7,55.0,25.2,76.8,50.5,35.3,24.8,57.1,37.7,157.72552447552448
61.9,156.7,37.2,96.1,82.8,90.3,105.4,54.4,36.7,37.0,20.0,26.8,15.1,13.6,51.1,23.7,72.8,41.6,34.6,21.7,54.3,36.7,141.7126811594203
79.2,168.6,44.2,108.2,84.7,100.9,123.1,60.2,38.3,35.7,21.6,32.4,16.7,14.7,59.5,27.8,88.9,42.1,42.0,26.5,59.5,42.0,169.13174061433446
98.4,177.1,46.5,111.6,106.5,108.4,116.7,64.9,43.9,41.3,23.0,31.8,18.0,13.0,62.7,27.7,85.2,49.6,42.5,27.1,58.3,40.9,161.42752293577982
77.4,180.0,42.4,100.9,79.8,96.2,115.3,58.3,39.8,37.4,22.2,30.8,17.3,15.5,63.1,29.9,90.5,45.7,43.8,23.3,57.2,41.6,146.82689655172413
87.9,178.3,42.2,117.4,98.0,100.4,125.1,60.9,39.8,38.8,22.3,32.6,17.0,14.9,61.1,26.6,91.0,49.3,40.7,27.2,56.4,43.7,169.74394904458597
92.8,175.6,43.9,109.4,104.4,107.2,123.1,66.8,42.3,40.1,23.3,31.1,16.8,15.3,56.6,25.0,84.6,49.5,39.1,26.5,59.1,42.3,159.25316455696202
80.3,172.2,40.3,97.2,87.6,102.6,114.6,65.4,40.8,39.0,22.8,31.7,16.8,14.9,58.0,25.9,84.5,44.7,38.7,24.3,55.9,39.5,140.63736263736263
88.4,176.1,43.5,107.8,95.7,104.6,121.6,63.6,41.3,39.5,24.0,30.2,18.0,15.1,60.3,27.5,88.0,45.6,42.8,26.7,55.6,42.4,184.85422535211268
83.6,185.0,42.1,99.0,83.0,99.4,116.6,59.1,40.8,38.8,24.5,30.7,18.9,15.7,63.1,26.7,87.8,50.0,40.0,24.2,59.0,42.9,140.4255319148936
81.0,181.6,42.4,104.3,89.5,98.5,116.6,59.6,38.8,36.7,22.1,31.2,17.5,15.9,61.5,28.1,90.7,49.1,41.5,24.5,56.2,43.2,140.08921568627449
93.6,177.2,45.5,110.9,93.3,105.7,123.7,64.6,43.3,39.3,24.0,32.7,17.7,14.2,61.1,26.3,82.8,49.1,41.5,27.3,60.3,43.4,178.63087248322148
61.9,173.5,40.9,90.8,78.4,86.2,108.9,51.6,35.4,35.2,21.8,29.0,17.0,16.0,58.1,27.0,85.2,46.0,40.8,23.0,58.5,40.6,134.59764705882353
77.2,170.5,41.2,104.2,84.0,98.5,113.2,61.9,40.7,40.9,23.6,30.4,17.3,13.9,59.5,24.5,78.1,45.5,35.8,26.8,55.4,39.9,161.82575757575756
90.8,180.3,42.7,101.8,97.3,109.4,116.2,67.5,45.3,38.6,23.0,31.8,17.1,13.7,63.0,29.3,89.2,49.5,45.4,24.4,57.5,39.8,153.0661870503597
66.1,175.0,40.1,94.9,81.5,96.1,113.3,54.9,37.7,36.0,22.6,26.7,16.4,17.0,59.8,25.7,85.7,47.2,38.5,21.1,54.3,42.9,150.82321428571427
109.0,177.7,43.2,116.7,111.2,116.6,125.0,74.6,48.2,44.0,27.4,34.3,18.8,15.1,60.6,28.9,90.4,44.8,43.8,27.8,58.6,43.0,162.36521739130436
95.7,175.9,44.2,112.0,102.2,108.3,121.1,65.6,43.8,42.1,23.5,30.0,18.0,14.2,57.2,26.6,80.7,50.4,41.4,27.1,58.3,40.7,172.72727272727272
87.7,178.7,41.5,109.4,89.6,100.8,116.8,63.2,40.3,37.3,22.4,31.4,16.9,14.7,59.7,27.2,88.6,48.5,43.2,27.3,55.3,41.4,179.58113207547171
99.1,176.6,45.0,112.3,107.6,109.2,121.4,68.4,43.4,41.5,23.3,32.5,18.2,14.6,59.6,27.3,87.4,50.3,42.6,27.1,57.9,42.6,183.62567567567567
60.3,176.2,36.4,88.8,72.0,84.0,104.7,49.3,35.6,35.8,21.7,28.6,16.5,14.9,60.5,26.8,89.1,47.0,45.0,20.0,54.7,39.3,122.59701492537314
79.1,168.8,43.2,98.8,92.1,100.5,110.0,65.8,41.8,39.3,23.0,29.0,16.2,13.7,56.1,24.4,78.7,46.0,40.6,24.2,56.6,37.5,153.84571428571428
79.1,185.0,41.8,99.1,81.3,97.1,116.8,56.5,39.6,40.8,23.9,29.3,17.1,16.0,64.0,28.2,93.6,45.9,44.1,25.1,58.6,43.0,163.99110320284697
77.1,176.4,39.4,97.6,82.1,97.2,114.7,58.9,42.1,39.7,21.7,29.6,17.2,15.0,63.7,29.4,89.0,47.2,42.9,23.8,58.3,42.2,161.30076335877862
92.7,179.8,45.0,103.7,93.5,108.5,119.9,66.8,46.6,42.6,25.0,31.8,17.7,14.7,60.0,27.2,82.7,53.7,41.9,24.8,56.8,42.0,135.79761904761907
80.1,167.8,41.4,106.2,89.7,103.1,114.2,64.3,41.8,41.3,22.5,29.0,16.4,14.5,55.7,24.6,80.2,45.7,38.2,25.2,56.2,40.2,153.55945945945948
96.9,173.8,44.2,117.5,102.8,106.6,127.7,67.1,42.3,42.2,23.1,33.1,18.6,15.6,59.2,26.2,85.3,47.5,40.3,28.8,57.3,42.2,177.60726072607264
77.5,173.9,42.0,101.8,95.8,98.4,116.5,59.6,39.5,39.2,21.7,29.5,17.2,16.8,60.0,25.7,85.0,45.9,38.2,24.7,55.8,42.5,166.34710144927536
56.4,157.7,36.5,85.8,73.5,89.8,102.5,55.1,37.8,34.6,20.5,25.0,14.9,14.5,52.0,24.1,75.3,42.5,37.4,19.8,55.7,38.3,133.9493670886076
72.8,170.7,40.3,99.3,82.3,96.1,112.6,59.9,38.7,36.6,21.5,29.4,16.4,14.7,62.0,27.9,85.1,44.6,41.9,25.3,55.8,41.2,143.22825278810407
103.3,186.3,46.1,110.9,101.8,109.8,119.6,67.6,45.7,43.7,27.0,33.3,19.8,15.5,63.5,28.5,89.6,51.7,44.0,25.9,59.0,43.2,143.95673076923077
71.0,182.0,38.5,94.9,86.7,98.3,108.2,55.5,38.5,35.1,21.7,27.6,17.1,14.1,64.6,29.7,92.2,47.1,42.8,24.5,56.9,40.1,128.41486988847583
94.8,181.6,42.3,109.2,93.8,107.1,120.5,66.7,44.5,39.5,23.0,31.4,18.0,15.0,60.8,27.1,88.3,49.8,42.4,27.1,58.8,42.1,151.66666666666666
102.0,185.6,41.2,111.2,101.1,117.2,118.8,74.2,46.3,41.6,25.8,32.2,18.1,15.2,62.7,27.4,91.2,47.4,43.2,28.3,59.7,41.2,165.4983277591973
93.5,180.6,44.1,103.8,91.6,102.0,118.0,65.9,44.2,40.9,23.2,33.2,18.0,14.1,59.6,27.9,89.8,48.0,44.9,26.1,61.4,41.4,144.79347826086956
100.7,193.4,44.6,111.2,100.0,109.8,122.5,65.8,42.3,41.8,24.5,34.2,18.9,15.3,68.7,29.8,96.6,48.8,49.3,25.4,57.6,44.9,138.41208459214502
68.8,177.4,42.6,94.5,77.7,91.8,111.6,52.9,36.8,38.5,21.7,29.8,18.1,14.7,59.5,26.6,84.9,47.2,43.2,21.4,58.6,41.3,125.13993174061434
94.1,180.0,45.7,112.6,98.4,107.4,126.7,63.7,39.8,39.3,24.1,31.8,17.9,16.6,61.7,27.1,88.6,49.3,45.4,28.4,60.0,44.2,186.2950166112957
69.0,167.3,40.9,97.7,82.0,94.0,111.9,55.7,37.7,36.5,21.7,28.1,17.2,13.4,55.5,25.1,81.8,42.6,40.6,22.2,55.1,40.1,140.84489051094891
112.6,194.4,45.7,115.1,98.0,108.0,134.1,71.0,45.9,43.7,26.4,35.1,19.6,18.1,69.5,32.7,101.1,51.6,52.0,28.1,58.3,48.9,169.08827361563516
93.5,184.1,43.7,106.7,94.1,107.7,121.0,64.8,42.5,40.0,23.7,30.5,17.2,16.0,64.2,27.8,88.9,50.5,44.2,27.3,58.5,42.9,156.93333333333334
93.2,176.1,42.8,109.4,94.3,105.5,117.6,69.6,43.8,41.4,22.9,31.5,17.3,13.0,59.2,28.2,85.8,46.2,44.4,27.0,58.8,40.3,171.64482758620687
97.9,187.2,42.2,107.6,91.4,106.7,123.0,67.0,42.4,41.2,24.4,33.0,18.5,15.0,64.4,29.0,92.7,50.0,45.9,26.4,56.1,44.3,154.44625850340137
91.7,172.6,45.0,117.2,108.1,108.7,114.4,67.2,39.5,38.5,20.8,29.5,16.8,13.0,61.0,27.2,86.3,49.1,42.7,31.4,56.4,38.9,170.90033444816052
85.0,176.4,43.7,107.6,97.8,101.3,115.2,62.1,40.2,39.5,22.8,31.7,17.6,14.7,59.4,26.3,85.7,50.2,42.2,26.6,57.3,40.4,153.71428571428572
54.2,167.0,35.8,87.8,67.7,86.2,105.9,48.3,32.5,35.4,19.0,27.2,16.1,14.8,54.6,25.4,81.5,43.5,43.1,18.8,53.5,39.7,119.03970037453185
94.8,176.5,43.2,111.0,106.2,109.3,116.0,64.7,43.5,42.9,23.7,32.4,18.7,14.5,61.1,27.8,85.4,49.4,42.9,27.5,58.0,41.0,134.21568627450978
85.8,172.0,41.0,114.6,99.0,102.8,112.7,61.3,41.2,41.3,23.3,28.8,16.4,14.5,59.0,26.1,83.2,50.5,39.2,29.2,54.9,39.9,169.91041666666666
91.3,171.8,43.8,113.8,104.0,103.2,117.2,60.9,41.8,40.2,24.4,30.0,17.1,15.3,60.4,26.2,80.5,50.4,38.9,27.8,58.0,40.3,166.6482972136223
83.4,178.4,40.5,106.6,92.1,99.0,114.1,62.8,39.9,40.3,23.3,29.5,17.0,14.2,59.5,27.1,82.0,50.7,41.7,25.9,54.3,40.1,160.9731543624161
89.1,165.1,44.5,111.2,102.4,104.7,117.5,65.8,42.4,43.6,22.8,32.9,17.4,13.8,54.4,24.6,79.3,47.0,39.6,26.7,57.8,40.0,171.0769230769231
98.8,180.8,45.0,111.2,107.3,106.2,121.9,64.9,42.7,42.0,22.5,33.0,17.8,13.5,60.8,27.3,86.7,49.6,42.6,27.2,59.4,42.4,161.3627760252366
80.1,174.0,40.8,101.4,90.8,102.3,114.7,64.1,41.6,39.6,22.7,30.7,17.7,15.0,59.1,27.1,82.3,49.2,44.5,24.5,57.0,39.5,146.95652173913044
94.0,171.0,47.3,114.3,107.2,103.3,121.0,64.7,40.8,40.8,22.5,31.2,16.5,14.2,55.5,24.8,81.9,49.0,43.5,29.9,57.9,41.1,164.18350515463916
100.2,180.4,46.4,118.8,101.6,107.1,130.2,67.8,44.5,42.7,23.8,33.8,18.7,17.2,63.0,27.7,87.5,49.3,42.6,27.1,58.9,46.8,159.0769230769231
89.8,171.9,44.1,110.9,100.2,104.3,119.9,62.7,42.4,40.2,22.4,30.5,17.1,15.5,58.1,25.6,78.7,49.5,40.1,26.4,55.1,41.7,167.59009584664537
64.5,179.4,38.7,90.2,77.2,89.6,108.6,53.8,36.8,34.8,22.3,26.4,16.6,14.7,59.7,26.4,87.9,46.0,45.0,21.6,58.3,40.6,129.57835820895522
62.3,173.6,38.0,88.6,78.7,92.7,108.7,53.6,37.2,34.3,21.1,26.6,15.8,16.4,56.6,25.3,83.0,49.0,40.6,19.5,55.9,42.5,135.56466165413534
76.9,161.6,41.2,104.7,91.8,102.1,120.0,62.8,42.2,39.3,21.9,29.5,17.4,15.3,54.6,24.0,77.0,43.8,39.3,26.3,56.3,40.7,158.8551724137931
62.7,174.4,40.3,91.7,72.5,87.5,112.0,53.9,32.8,35.0,21.3,27.8,15.9,16.0,63.5,30.1,86.8,45.6,45.4,21.7,56.2,41.1,138.0810810810811
85.5,181.6,39.7,104.7,95.2,107.4,116.0,63.4,42.3,41.0,24.8,28.3,17.2,16.5,62.6,29.4,92.4,49.6,40.6,24.9,60.3,43.1,145.89344262295083
85.5,174.9,40.2,107.6,98.5,97.8,120.7,63.9,38.9,38.3,21.0,30.1,16.0,15.5,58.1,25.2,81.3,49.5,41.7,25.6,54.2,42.7,171.13174061433446
88.1,174.9,42.7,114.3,95.1,106.4,122.0,63.8,40.1,38.0,23.5,31.0,16.8,15.5,59.0,26.0,84.6,50.0,38.1,29.6,58.6,42.5,187.99342105263156
76.5,166.8,42.2,108.2,89.3,97.3,121.5,59.1,39.7,38.3,21.9,29.2,17.0,15.5,56.0,24.8,78.0,46.3,41.6,25.6,57.0,43.1,176.72666666666666
62.8,157.5,40.7,99.1,86.0,88.5,110.3,56.1,36.0,35.2,20.7,26.6,16.1,15.0,51.0,22.2,72.5,42.2,37.1,22.6,55.5,39.9,136.3059649122807
75.6,170.8,41.5,103.4,88.3,96.1,115.5,57.5,39.0,37.0,22.5,29.1,17.1,14.4,57.6,26.3,82.0,45.5,39.7,24.8,58.5,40.9,159.76736111111111
81.3,164.5,43.2,104.8,89.6,101.9,121.5,63.9,38.0,38.0,21.0,33.0,17.3,15.0,58.0,26.0,82.0,46.0,39.5,25.2,58.0,40.4,141.3421052631579
95.6,182.5,43.5,108.3,91.8,104.8,121.5,65.9,43.4,41.8,24.4,34.0,18.4,14.8,62.5,27.9,92.0,46.7,43.5,26.4,57.2,43.0,170.13344594594597
76.5,180.0,40.6,100.4,89.1,98.8,110.8,57.7,38.5,38.5,23.2,27.7,16.5,15.0,62.0,27.0,88.1,48.1,41.1,23.5,57.4,40.9,144.28344370860927
82.3,181.0,42.3,104.4,84.3,97.8,118.0,60.7,38.1,39.0,23.1,31.4,18.1,15.5,64.4,28.2,88.4,48.3,46.2,23.8,58.8,41.8,148.39464882943145
82.5,171.8,41.2,104.1,89.6,103.0,113.0,63.8,40.3,41.4,23.1,31.3,17.8,14.0,54.6,24.1,79.9,47.1,39.7,26.7,57.2,40.0,163.96703296703296
110.0,180.8,46.2,113.8,102.2,120.4,125.7,75.1,46.3,43.6,25.1,34.8,18.4,15.8,62.3,28.4,89.2,46.6,43.3,29.1,58.7,42.3,183.67719298245612
77.3,181.4,44.0,99.1,87.0,97.2,118.7,59.6,39.1,38.7,23.2,30.4,16.8,15.8,61.1,26.3,83.1,49.9,42.1,22.6,56.8,44.0,145.52225913621265
80.7,164.9,43.0,107.3,97.5,99.6,115.2,62.7,40.4,38.4,22.6,28.2,17.1,14.0,55.9,25.0,76.3,48.7,36.4,25.4,56.4,40.6,161.29837662337664
109.9,185.7,44.5,117.6,109.7,113.3,123.7,69.4,45.3,41.1,25.4,34.5,19.8,14.6,61.0,27.1,87.1,51.9,42.7,27.2,60.7,43.0,164.06808510638297
105.9,176.5,44.3,123.8,118.7,111.3,125.8,71.5,45.3,40.6,22.7,32.1,17.3,14.5,61.2,26.6,87.5,51.8,41.5,30.7,58.3,42.4,190.95947712418302
104.4,174.8,44.4,116.5,105.5,114.5,126.0,72.1,48.0,45.9,24.7,31.2,17.9,16.1,57.6,25.6,80.3,49.5,38.2,28.8,56.4,44.4,166.95859872611464
84.6,173.0,42.3,105.7,102.8,103.2,112.5,60.3,41.9,38.7,22.0,28.8,17.0,15.5,57.2,26.1,83.7,48.2,41.4,24.4,57.5,41.3,147.71324921135647
122.3,187.0,46.7,123.8,121.7,116.8,125.0,72.1,47.8,45.2,25.4,32.9,17.8,15.7,63.0,27.5,93.3,59.8,42.8,32.4,58.3,44.1,193.26771159874608
100.0,187.0,43.1,105.9,103.6,106.2,117.5,66.4,42.7,43.8,24.7,32.3,17.8,15.2,64.3,27.6,90.8,52.6,49.0,27.7,55.8,41.3,146.85783972125435
83.5,178.0,41.5,97.8,87.4,101.2,115.6,62.3,42.2,42.0,23.9,30.9,18.0,14.9,62.4,27.7,87.5,47.0,42.0,23.0,54.9,41.4,139.4620938628159
69.0,176.1,39.0,98.2,85.0,95.8,111.7,58.8,35.1,35.3,20.8,26.3,15.8,14.8,58.5,26.0,84.7,44.5,41.9,22.9,55.3,40.5,129.19219858156026
100.2,179.3,44.0,112.5,101.1,109.8,120.6,66.7,44.9,43.3,24.5,32.2,18.5,15.6,58.5,24.8,85.4,51.1,43.5,27.7,56.7,42.9,152.01740506329116
94.1,178.1,41.9,105.3,95.3,110.8,119.5,69.0,44.5,42.0,24.7,32.1,17.7,15.0,59.1,27.1,88.0,46.6,44.3,24.6,58.4,43.2,154.34853420195438
83.4,170.5,45.5,113.4,97.5,98.4,119.4,58.3,41.0,35.9,21.5,31.0,17.0,14.4,58.0,26.0,81.1,48.5,38.8,28.4,56.5,41.6,166.59087947882736
114.5,176.1,45.4,122.3,116.4,117.9,127.7,76.3,49.7,44.3,24.3,35.7,18.5,14.0,59.4,26.6,82.0,50.1,39.5,29.3,60.9,41.7,170.61604938271606
83.3,183.6,42.3,105.6,94.7,102.4,121.3,61.2,39.7,37.3,21.6,30.3,17.8,16.5,62.0,27.4,91.8,49.0,48.0,23.8,55.3,44.1,140.5879518072289
94.5,163.9,42.0,121.3,109.3,108.8,120.2,65.9,44.7,42.1,23.9,31.8,17.8,16.5,52.7,24.2,74.9,51.1,37.4,29.9,56.9,41.5,155.35583596214514
86.8,180.9,43.1,110.9,95.6,101.1,118.0,62.0,39.3,37.8,23.2,31.0,17.3,13.9,61.2,26.2,87.6,47.7,44.9,26.1,57.0,42.4,153.7227722772277
93.8,173.8,48.9,113.7,104.1,105.7,121.0,64.7,42.9,40.5,22.8,33.2,17.8,14.0,55.6,24.9,82.5,49.2,37.7,28.0,58.0,40.9,169.27859424920126
96.6,175.1,47.0,110.4,108.6,105.2,122.8,65.3,41.4,41.6,22.5,32.2,18.2,12.5,58.7,25.9,82.2,48.7,42.6,26.4,58.3,42.5,163.041059602649
100.8,174.1,46.0,112.7,105.8,102.8,123.5,67.2,41.7,42.0,23.5,33.2,18.3,13.5,57.0,24.9,83.0,51.1,46.0,28.8,55.9,41.5,166.6
92.1,170.7,47.8,111.9,104.9,107.4,120.5,69.4,40.7,39.5,22.0,30.7,17.3,12.8,57.3,25.0,82.9,49.0,40.8,29.3,59.5,41.0,182.38505338078295
102.3,173.6,50.3,112.7,105.3,113.0,124.8,71.2,45.4,41.6,24.0,33.4,18.2,13.5,56.0,25.0,81.3,51.6,44.5,26.7,58.3,42.4,178.7407643312102
94.9,164.9,45.8,118.5,102.4,109.1,114.9,65.7,44.4,40.8,23.3,32.1,18.2,13.0,52.2,25.1,80.5,47.8,39.0,31.1,55.8,40.5,154.49488054607508
95.0,176.7,46.0,112.6,103.8,105.9,119.6,65.5,42.0,37.8,23.7,32.5,17.6,14.7,55.5,25.2,84.1,49.9,41.7,27.1,59.7,43.8,143.1109677419355
113.5,183.1,42.7,116.6,108.8,121.8,126.7,75.8,46.3,45.3,24.7,33.6,17.9,14.6,62.4,28.8,87.5,50.0,39.0,29.0,59.3,41.6,156.30897832817337
73.5,162.1,40.8,105.8,97.7,96.2,111.4,57.2,37.4,38.3,21.4,29.0,15.4,13.0,55.0,25.0,80.2,44.1,37.7,25.7,54.3,37.2,163.6474820143885
74.8,174.7,40.0,101.8,79.0,97.2,117.3,58.2,40.5,36.6,22.7,31.9,16.5,16.1,59.0,27.1,84.1,47.8,42.0,24.6,57.3,40.8,159.5105633802817
76.5,172.8,41.7,100.2,79.6,97.7,117.1,59.2,41.4,41.2,22.9,31.7,17.2,15.5,56.5,25.5,80.6,45.5,38.6,22.9,58.1,41.2,160.11340206185568
84.2,180.1,42.0,102.9,86.8,97.4,118.0,60.8,40.0,39.4,22.3,33.2,16.9,14.4,63.5,26.8,86.4,50.6,42.3,25.2,59.5,41.7,158.89505300353358
88.6,181.4,42.2,105.4,87.3,105.2,122.0,64.8,42.5,39.7,23.0,33.5,17.9,16.4,60.7,27.2,84.9,47.4,40.7,25.7,57.9,44.1,142.43243243243245
72.6,187.0,39.8,95.7,82.0,98.5,111.8,55.8,37.0,35.7,23.1,27.4,17.1,15.1,67.1,29.9,92.1,47.5,46.4,23.6,56.4,40.3,120.8842105263158
82.9,186.1,42.2,102.1,94.6,99.3,116.7,58.3,39.0,37.6,22.7,29.4,17.3,16.7,60.1,28.0,90.7,50.4,43.1,23.9,57.6,43.8,136.69867109634552
82.8,180.6,42.7,101.2,89.5,103.3,117.1,60.7,39.6,37.6,21.9,30.9,17.8,15.0,61.8,28.1,89.8,49.1,41.0,24.9,60.1,42.4,141.88513513513513
91.7,179.4,41.0,112.8,98.0,105.1,118.5,65.4,41.4,39.7,22.6,33.4,17.1,14.7,57.6,25.9,83.7,51.5,41.4,29.5,56.0,40.3,177.67032967032966
106.4,180.5,45.0,117.4,107.3,114.4,128.3,69.3,43.7,41.6,23.2,32.7,18.0,16.9,61.2,27.2,85.1,52.3,45.6,29.2,58.9,46.1,193.275884244373
80.4,184.3,42.3,101.2,85.4,97.6,115.7,61.2,40.3,38.8,22.7,30.7,17.4,14.0,60.4,26.7,91.7,48.3,44.4,24.6,56.7,41.4,144.06944444444446
94.7,199.3,42.9,103.4,89.9,106.1,117.7,64.4,42.4,40.7,23.3,30.5,17.5,15.2,70.0,31.1,97.5,54.4,46.9,24.7,57.5,42.4,146.3668918918919
95.1,184.7,45.1,111.2,99.4,108.2,123.7,67.3,43.4,40.6,23.0,31.6,17.7,17.7,65.9,29.8,87.2,50.4,41.7,26.6,58.0,45.5,173.90950819672133
71.4,169.4,43.0,99.6,86.0,95.9,114.0,58.7,37.9,34.6,21.5,28.4,16.7,14.1,54.3,24.4,78.5,47.0,38.2,23.8,56.7,41.0,138.29352517985612
57.8,167.3,38.0,89.9,72.2,86.9,108.0,51.6,35.0,34.5,19.8,27.8,14.8,16.0,56.0,24.2,79.0,46.0,40.7,19.9,57.3,41.0,142.04839857651245
80.3,187.4,40.1,101.7,84.5,98.1,112.3,60.4,38.8,39.7,23.9,30.6,18.1,14.6,62.9,28.2,92.9,47.6,45.8,24.4,59.4,41.3,138.52241379310345
77.5,173.6,44.4,107.6,90.6,96.4,111.4,58.7,39.0,36.2,21.3,28.9,16.3,12.7,61.6,27.0,86.2,46.2,40.8,25.1,56.5,40.2,138.03947368421052
93.8,178.9,44.0,113.3,94.2,108.6,126.5,65.6,42.2,41.6,24.0,30.9,17.9,16.2,61.1,27.4,89.0,47.8,42.6,25.8,57.3,44.7,164.30211480362536
96.2,167.2,43.0,117.7,107.0,113.2,123.6,70.9,43.7,40.8,23.5,33.4,18.0,14.0,57.0,26.7,78.9,47.4,41.5,28.7,58.0,41.9,156.20679012345676
82.2,172.1,45.0,101.7,93.2,100.5,110.6,63.6,41.4,37.6,22.3,32.2,17.0,12.3,56.0,24.9,79.3,48.8,41.2,25.9,57.2,36.3,153.50943396226415
88.0,186.4,42.2,107.4,90.6,100.8,123.4,60.5,38.2,38.5,22.3,32.1,17.0,16.3,65.4,29.7,91.5,49.5,43.9,26.8,57.7,44.1,166.9054054054054
95.5,184.0,42.2,115.1,98.0,111.4,121.8,65.6,40.7,40.4,23.0,32.3,18.1,15.2,63.1,27.5,89.8,49.5,41.1,28.1,57.5,44.2,147.8207357859532
59.6,177.4,38.1,85.7,72.5,87.9,105.3,48.4,34.9,33.0,21.3,26.4,16.5,15.5,58.5,27.4,85.6,46.0,43.5,20.2,57.5,40.2,113.42647058823529
79.4,166.4,41.5,106.0,92.1,102.5,114.1,62.4,39.8,39.3,22.7,30.9,17.5,14.2,59.5,26.5,80.8,47.6,38.2,25.7,57.3,40.6,141.09215017064847
68.2,178.1,39.1,90.4,77.4,93.0,111.5,53.8,38.2,36.3,22.0,29.2,16.5,15.6,63.0,29.2,87.7,47.2,43.4,21.4,55.2,40.9,123.36541353383457
86.3,177.8,40.3,103.4,92.6,101.2,116.2,61.1,40.7,41.3,25.1,30.9,16.8,16.0,60.2,27.5,84.9,53.5,39.9,28.1,57.6,43.0,137.74357142857144
80.1,176.0,40.4,100.7,82.5,97.5,119.9,62.8,40.4,39.8,24.2,30.6,18.1,16.7,63.5,29.5,88.5,45.3,44.0,25.2,57.0,43.3,130.08576512455517
72.3,173.0,42.6,96.2,83.3,96.7,116.5,60.3,37.3,35.9,20.5,29.0,16.2,15.7,59.0,28.8,87.3,47.1,44.8,22.2,58.2,41.7,143.1349480968858
102.3,189.0,44.0,111.4,89.1,106.2,133.9,66.2,41.3,43.1,24.1,36.0,18.3,17.0,64.0,30.7,92.7,50.1,46.7,26.6,58.3,46.4,186.2754098360656
101.0,192.6,45.2,104.8,91.8,109.9,129.2,68.4,43.5,41.9,24.6,32.8,18.0,16.8,66.9,28.7,94.3,51.5,47.5,24.4,55.7,46.3,152.34504792332268
83.0,179.5,41.3,106.8,90.2,96.7,117.6,59.7,40.3,36.6,22.2,30.5,16.8,14.8,58.0,26.0,82.8,52.0,39.0,26.5,57.3,41.8,167.6058394160584
78.4,173.0,42.5,102.7,87.6,98.7,113.5,63.2,40.8,39.1,23.2,28.5,16.6,15.3,57.5,25.0,82.2,44.8,42.4,23.6,59.8,40.0,135.79601328903655
106.9,178.5,45.8,115.1,101.1,112.1,128.0,70.8,47.8,46.4,26.7,34.4,18.7,17.0,61.5,27.9,89.1,48.2,40.6,26.7,60.3,45.8,165.72943037974682
80.9,180.5,44.2,103.9,83.5,98.2,120.1,59.7,38.0,37.2,21.5,31.8,16.8,16.5,60.0,26.2,87.0,47.0,44.1,22.2,59.0,44.3,133.14337748344371
79.4,163.8,43.1,104.7,93.1,103.2,115.5,64.4,41.8,39.9,22.7,30.7,16.7,14.0,55.0,24.7,79.6,46.0,36.9,26.1,57.3,40.1,167.73367346938772
60.6,178.9,38.0,90.6,73.1,88.5,104.4,49.5,35.0,34.3,22.7,26.7,16.2,13.4,59.2,25.3,88.4,43.7,44.6,18.2,54.2,39.3,125.66095890410959
65.4,168.5,40.7,96.1,79.8,94.0,110.1,56.1,35.7,33.3,20.8,27.6,15.5,15.0,55.0,26.5,81.1,46.1,37.5,22.3,55.2,40.8,148.93726937269372
74.8,169.3,41.5,104.0,86.0,99.2,111.7,62.6,37.5,39.2,21.6,30.1,16.3,14.1,57.5,25.0,80.5,46.0,36.3,25.3,56.4,39.2,146.29850746268656
68.2,170.0,42.9,96.8,74.2,90.4,112.0,53.2,35.5,35.8,21.3,29.5,16.6,13.7,54.5,24.1,77.0,46.4,38.7,20.9,55.5,39.4,134.26027397260276
83.3,173.8,42.5,104.1,92.5,99.8,113.3,62.8,42.5,40.3,21.5,31.2,16.4,14.6,57.0,24.8,84.0,47.7,43.2,26.7,56.4,41.5,153.41052631578947
102.5,186.2,45.1,117.3,100.0,109.4,122.0,65.9,43.0,42.6,25.2,31.7,18.8,15.1,64.0,28.9,90.7,49.2,42.1,29.3,60.3,43.7,161.6451219512195
82.8,169.6,43.8,105.1,86.0,101.8,117.1,66.3,43.3,40.6,22.9,32.0,16.7,14.6,56.8,25.3,80.4,46.1,39.8,26.8,54.5,38.7,148.89166666666668
89.1,179.8,43.7,106.1,89.3,103.8,119.9,65.3,43.3,40.7,24.1,31.0,17.8,14.8,62.1,27.8,85.9,50.9,44.4,25.9,58.5,42.2,164.67604166666666
94.9,176.8,44.0,112.8,99.5,110.5,124.0,66.1,43.5,41.0,24.0,31.0,16.8,15.0,60.1,26.8,86.2,49.8,38.7,27.2,57.3,43.5,165.81955835962145
70.2,162.9,41.0,97.9,92.0,98.2,108.1,59.8,38.8,35.7,21.2,27.7,15.5,12.8,55.5,23.9,76.9,45.7,36.4,23.7,57.7,37.8,146.49007352941175
122.3,186.6,48.1,127.7,111.0,114.7,129.6,70.4,45.0,44.3,24.7,35.3,19.7,15.5,65.0,28.5,91.8,52.2,47.7,33.1,58.3,47.8,167.22619047619048
95.4,189.4,44.2,115.9,103.2,107.5,123.0,60.7,38.5,39.6,23.7,29.6,17.0,16.3,65.1,29.3,91.1,50.5,44.2,28.4,60.0,43.7,176.6095238095238
72.7,164.8,42.5,104.1,86.8,97.2,107.6,58.8,38.1,36.3,20.8,28.0,15.8,12.7,57.1,25.4,82.8,47.0,38.6,25.9,56.4,36.3,144.25285714285715
100.8,178.8,47.0,118.7,106.4,110.6,132.6,68.1,42.2,40.3,23.0,32.5,16.7,14.8,61.5,26.8,88.2,47.9,42.4,28.2,58.6,45.4,185.8685628742515
88.0,180.8,42.4,111.5,100.2,105.2,116.0,61.3,42.3,39.3,22.6,32.4,17.6,13.3,62.0,27.4,89.7,45.9,42.3,26.7,59.0,39.7,136.95498392282957
110.3,184.7,45.0,115.8,113.7,112.5,122.2,69.2,46.3,43.6,24.9,32.5,19.6,15.1,62.5,28.4,88.5,55.8,44.6,29.2,57.8,41.3,166.50980392156862
70.0,167.6,40.4,93.3,79.9,92.4,111.3,61.1,40.5,37.7,22.6,29.1,16.0,13.8,57.1,24.5,81.6,42.1,37.8,22.1,54.4,39.8,128.2011111111111
86.1,177.4,42.8,107.6,91.2,100.7,119.0,63.1,40.4,38.3,22.0,31.6,17.0,15.0,62.7,28.1,88.5,50.2,41.4,26.8,53.7,43.7,131.63066666666666
78.6,166.0,42.3,105.3,89.4,103.5,116.8,63.4,40.8,38.3,21.9,30.8,17.3,14.2,56.2,25.1,79.5,45.0,36.1,25.3,55.7,40.8,157.95
79.2,176.0,42.6,100.4,81.3,100.9,115.5,63.0,41.8,41.2,23.3,29.1,15.8,13.7,60.2,26.3,86.9,48.0,40.0,22.7,54.5,40.0,145.8773519163763
78.5,175.7,40.2,99.1,89.7,100.5,115.7,60.3,40.4,39.3,23.4,28.7,16.7,14.6,60.2,26.5,85.5,47.6,41.3,22.9,56.8,41.2,137.29854545454546
53.3,169.8,39.8,86.2,70.3,84.7,103.1,47.2,31.7,32.0,19.5,26.7,16.0,15.2,58.6,25.8,84.6,42.7,40.1,21.3,53.7,36.0,142.5219123505976
67.7,176.1,39.4,90.6,78.8,92.2,108.9,54.5,37.7,36.3,21.9,27.8,17.4,15.6,60.2,27.0,85.8,48.1,39.2,22.9,56.5,40.7,124.01520912547528
84.3,167.8,43.0,106.8,99.1,107.7,117.7,66.8,40.3,39.3,22.3,31.3,17.3,14.5,57.1,26.3,79.9,46.8,36.4,25.4,55.3,40.4,154.91467576791808
90.8,179.6,45.7,109.3,86.0,104.1,124.5,66.2,42.6,41.2,24.7,32.0,18.7,15.6,61.1,27.4,88.4,49.5,40.7,26.8,58.7,42.9,168.67750865051906
75.7,164.1,41.0,98.7,94.5,100.8,108.5,60.7,39.8,38.7,22.5,29.0,16.4,14.0,53.5,23.4,78.2,46.6,36.9,24.4,54.2,38.5,146.77527675276752
62.9,185.7,39.8,94.0,77.6,86.9,105.1,50.7,34.3,33.4,20.8,27.7,17.2,14.3,63.0,28.5,91.7,47.7,45.2,22.6,55.1,37.7,136.9424460431655
55.1,170.8,38.8,83.7,70.3,88.7,103.2,49.6,34.2,32.7,20.3,26.5,16.5,15.6,57.9,27.2,83.6,45.4,41.0,20.6,56.8,38.5,135.49795081967213
96.2,181.6,43.5,113.7,104.6,103.9,123.0,62.8,41.6,39.8,23.8,34.5,18.7,15.4,60.0,26.8,85.0,50.9,36.8,28.8,58.5,40.9,185.0033898305085
75.1,168.0,41.6,97.3,94.0,102.0,108.1,62.4,40.7,39.3,22.7,28.4,15.8,13.9,56.0,25.4,79.8,47.1,40.7,23.8,54.5,38.0,137.48913043478262
93.9,175.8,43.9,113.2,99.4,112.8,122.6,69.1,40.7,40.7,22.8,32.8,18.5,14.0,62.0,28.8,91.2,46.0,41.0,26.4,58.4,41.6,170.52564102564102
105.5,189.8,41.1,109.1,100.0,117.1,116.4,72.8,45.5,44.2,24.7,31.4,18.0,15.5,63.5,26.7,93.0,49.9,44.3,25.3,58.2,39.5,133.72445141065833
63.3,173.3,38.1,92.8,78.5,91.3,107.0,50.2,34.5,32.6,20.2,27.3,15.5,14.8,58.4,25.4,86.1,48.5,42.6,22.1,57.1,38.9,140.9185185185185
70.4,168.0,40.3,100.6,90.5,96.2,110.9,57.3,37.0,35.3,20.3,28.7,16.5,14.0,56.6,25.2,77.1,46.0,37.3,24.4,56.3,38.5,159.37347670250898
123.9,190.6,46.2,124.4,117.8,119.1,131.5,74.4,47.9,46.1,27.3,36.3,19.0,16.8,62.5,28.4,92.6,50.8,44.2,29.8,58.1,43.4,191.41309523809525
71.4,183.4,42.3,96.0,82.3,95.5,110.2,55.5,37.4,35.0,22.8,28.3,17.3,14.3,61.5,27.2,91.1,47.8,46.3,23.4,54.5,40.7,127.20848056537105
85.9,166.7,41.4,109.9,101.8,105.9,113.0,65.6,40.9,40.5,23.3,30.8,18.5,13.0,57.0,26.2,78.9,47.5,36.7,27.0,58.1,37.7,143.1592105263158
93.2,182.6,43.8,108.9,101.1,105.0,120.6,64.8,42.4,39.2,22.0,30.9,18.2,14.3,66.3,30.7,96.0,50.2,45.3,26.2,57.0,42.2,163.35
80.2,180.3,40.7,100.8,93.2,98.0,114.3,57.6,40.3,38.9,23.2,28.8,17.4,15.8,59.6,25.8,85.8,49.2,44.7,23.4,55.9,42.2,140.3027027027027
84.5,174.0,43.3,108.7,100.6,104.6,112.6,62.6,41.0,39.5,23.0,29.3,17.8,13.6,58.5,26.9,86.1,48.5,42.3,28.1,60.0,39.3,171.77773722627737
68.7,177.7,40.9,93.1,86.5,94.0,112.8,55.0,37.0,37.0,20.7,27.1,16.2,17.3,62.1,27.6,86.8,48.0,40.7,21.5,56.3,43.8,124.35034965034966
82.3,167.8,44.0,110.6,100.1,102.2,119.0,63.3,40.6,39.8,22.2,29.6,17.4,14.0,59.7,27.5,80.1,45.0,37.9,26.2,58.0,40.8,160.15454545454546
92.4,172.6,45.8,114.2,97.4,102.1,125.0,65.2,40.5,39.8,22.3,32.4,16.3,15.0,60.0,26.4,85.2,46.4,38.4,28.1,57.3,43.3,171.4801261829653
80.4,168.9,43.0,100.8,95.3,100.5,118.0,64.7,40.3,38.3,21.7,30.4,16.6,13.7,60.1,27.0,84.0,47.5,41.5,23.8,55.3,42.7,151.2
81.6,185.2,40.9,99.5,84.2,99.3,116.5,62.8,42.2,38.2,22.6,29.8,17.5,15.8,61.2,26.9,87.4,50.1,45.8,24.3,57.8,43.6,148.40102389078498
87.1,186.4,44.7,107.2,88.8,99.3,124.1,59.2,40.7,39.1,23.3,33.6,18.0,17.7,65.7,29.2,93.9,49.7,47.1,25.0,54.5,47.1,152.73311036789295
79.7,179.0,42.6,104.4,80.3,98.3,117.1,57.4,38.8,37.3,22.3,31.6,17.9,15.5,61.8,25.5,90.2,47.6,43.8,24.4,54.7,42.2,145.68235294117648
99.1,184.5,44.3,114.6,98.4,110.0,125.5,68.4,42.5,40.4,23.3,33.0,17.5,16.0,66.0,28.5,93.4,51.0,45.3,28.9,56.4,44.7,164.76038338658148
82.9,181.7,42.7,101.1,85.1,102.6,119.5,61.7,41.5,36.5,23.6,30.8,18.3,15.3,61.0,27.5,90.3,46.5,43.8,24.9,57.8,42.5,157.70176056338028
110.5,195.1,46.0,117.9,108.1,112.2,124.5,68.8,42.0,39.5,22.0,32.0,18.3,15.0,65.5,29.1,94.5,54.9,50.7,28.2,58.5,43.8,170.7393292682927
103.8,175.1,45.4,117.2,102.7,111.5,130.5,72.4,44.6,46.4,26.7,34.8,20.0,17.0,59.6,27.0,82.2,49.3,42.5,27.7,57.9,45.7,152.10282131661444
78.1,171.7,41.1,108.5,82.5,95.7,117.6,59.8,40.1,38.2,22.3,34.0,17.2,15.0,57.4,25.9,84.3,44.1,38.2,24.3,56.8,41.0,148.27170418006432
71.8,171.1,39.6,106.6,78.2,95.1,113.1,57.3,38.3,36.0,22.0,31.0,17.4,15.5,57.0,25.0,82.1,45.5,39.8,24.6,56.3,40.5,148.6394366197183
87.9,167.8,44.1,117.9,101.3,103.5,120.9,63.4,42.2,41.2,22.3,31.2,17.2,14.3,55.6,23.7,82.1,46.5,41.2,31.0,55.7,41.5,183.5758389261745
79.9,173.8,42.2,103.2,96.0,99.4,112.0,58.8,42.5,36.6,22.0,30.5,17.3,14.1,57.0,25.0,83.6,48.4,40.9,25.5,59.4,40.2,148.10105263157897
80.9,178.3,39.9,103.8,95.1,99.7,113.5,60.9,38.0,38.6,22.0,28.5,16.4,15.7,60.3,26.3,84.7,50.5,41.3,25.3,53.8,41.7,154.59574468085106
89.0,169.5,42.6,111.7,96.0,103.4,120.6,67.1,44.3,42.5,24.0,32.4,17.4,14.0,59.0,26.8,82.2,44.9,43.8,26.3,56.8,40.5,164.71016949152542
72.1,172.6,41.2,100.6,84.2,92.8,114.4,55.8,38.9,37.6,22.3,29.0,17.6,14.7,59.3,26.4,82.1,48.6,41.6,23.7,56.8,41.1,132.1010101010101
91.0,165.1,44.8,110.7,99.5,108.4,121.0,68.8,44.0,43.9,24.0,32.4,17.5,14.8,54.1,24.0,77.8,47.6,35.0,26.5,56.1,42.4,151.31396103896103
78.9,169.0,43.3,104.4,88.3,100.5,115.5,61.7,39.7,37.3,22.2,29.3,16.7,13.4,57.5,25.2,81.3,45.8,37.2,25.4,57.3,39.9,161.8020618556701
87.9,179.0,44.0,108.3,103.7,107.7,113.8,63.9,39.5,37.9,20.6,29.7,16.6,14.2,60.2,27.2,82.5,51.7,40.7,27.0,57.9,41.0,145.1443298969072
89.3,174.4,44.4,114.1,104.8,103.7,119.6,60.1,40.2,36.6,22.4,32.2,18.3,14.7,58.6,27.5,89.5,50.7,40.6,29.1,58.7,41.3,168.18892733564013
88.9,176.5,43.7,106.3,101.9,103.1,114.5,66.3,41.0,38.7,22.9,32.3,17.8,13.5,58.4,26.8,86.1,51.3,43.8,25.7,56.4,40.7,143.85933333333332
100.7,184.9,42.5,113.9,106.0,107.2,124.5,65.7,45.9,42.2,24.7,30.3,18.6,16.3,62.7,28.2,89.9,52.2,39.8,29.1,57.2,43.9,176.09795221843004
107.4,179.0,49.4,119.6,107.2,109.6,123.8,66.0,45.2,42.8,25.1,35.7,19.9,14.8,62.2,27.5,87.6,49.3,43.9,28.4,58.5,43.0,189.52587859424918
77.5,167.2,38.5,105.7,95.1,103.6,111.2,63.5,41.8,38.3,22.8,27.6,16.5,15.4,56.0,24.8,81.2,48.2,38.0,22.9,55.5,40.0,137.95909090909092
77.9,174.0,39.3,106.2,87.5,97.9,115.3,61.0,39.3,37.2,21.8,31.7,17.8,15.8,61.0,27.3,85.5,44.9,46.0,24.7,57.5,41.8,146.5705479452055
67.0,175.1,37.8,96.8,85.0,92.7,109.0,56.3,35.5,35.4,20.3,26.7,15.9,15.0,59.6,27.6,88.0,48.0,37.8,24.7,54.3,39.8,150.57777777777778
51.6,167.0,38.8,84.0,67.0,86.2,102.9,48.2,33.8,32.3,18.9,25.2,15.2,14.7,53.7,25.5,79.1,45.0,41.2,17.6,56.5,40.0,117.28301886792451
88.7,176.8,40.8,104.6,96.3,105.1,119.4,65.2,43.3,43.5,22.7,30.2,17.5,15.2,58.5,26.8,80.5,51.8,39.1,24.8,56.5,42.0,156.02541806020065
64.4,166.4,38.7,95.9,87.6,91.6,106.5,54.9,35.6,35.3,20.7,26.6,16.4,13.5,56.2,25.7,83.2,45.3,41.9,23.1,57.6,39.6,150.168992248062
94.9,185.5,46.1,111.5,96.5,101.6,122.9,61.3,40.6,41.0,23.7,33.5,19.4,14.1,66.1,29.1,92.7,48.3,43.0,27.9,57.2,42.8,167.4469964664311
71.0,167.5,39.1,94.7,87.4,101.1,107.4,63.5,39.8,38.8,23.6,26.5,17.6,15.0,60.1,26.5,77.3,48.1,37.0,23.8,54.6,40.0,136.0874074074074
74.8,169.3,39.8,99.9,90.8,100.3,110.2,65.0,40.9,37.6,22.6,27.4,15.7,13.4,54.3,24.4,82.2,45.3,39.8,23.1,57.5,39.3,149.66967509025272
80.8,180.7,43.2,104.1,77.8,96.7,121.5,59.1,40.0,40.9,23.7,30.5,17.3,17.2,60.7,26.8,86.6,48.0,41.1,23.0,56.7,44.7,156.6687707641196
74.1,179.0,41.5,98.4,79.3,95.8,113.5,57.1,38.5,37.3,22.5,28.3,16.2,15.8,59.5,27.4,92.1,45.8,45.5,23.6,56.2,41.3,158.3737226277372
61.1,171.1,38.8,91.9,73.0,89.5,106.7,53.9,35.5,35.7,21.7,27.6,17.2,14.9,58.0,26.3,82.0,46.1,41.9,22.8,54.8,38.7,147.25289575289574
65.8,167.8,40.9,98.7,75.2,93.6,113.5,54.8,38.4,36.0,21.5,29.0,16.6,15.0,56.0,25.4,80.5,45.5,40.5,23.3,55.5,41.0,146.81182795698925
82.4,174.1,41.7,104.0,95.2,106.8,116.5,63.4,40.3,37.2,21.5,29.4,17.2,15.0,56.0,25.3,79.4,46.8,38.0,25.9,58.1,39.3,157.71428571428572
75.3,176.6,42.7,99.2,80.1,96.8,115.9,58.0,39.8,37.8,22.5,31.0,17.8,15.0,60.4,28.3,89.6,43.1,44.7,22.8,55.7,42.7,133.55194346289753
85.6,180.4,42.9,101.7,93.0,104.1,114.0,63.8,41.7,38.7,23.3,31.2,17.7,13.7,61.1,27.4,87.6,48.2,42.3,25.1,59.0,40.1,158.88362989323844
93.9,177.3,40.7,109.7,101.7,108.3,119.5,68.8,41.7,39.8,23.8,30.8,17.6,14.9,61.0,26.3,85.6,51.4,42.0,27.4,55.5,40.3,181.45582191780824
76.2,164.3,42.3,102.9,89.3,98.2,116.6,60.7,39.3,36.5,21.1,29.3,16.3,13.2,51.5,23.9,74.3,45.5,38.3,24.2,54.8,41.4,137.2
72.5,171.8,40.7,97.2,80.6,93.1,114.6,55.4,39.8,37.0,21.3,30.2,18.6,15.8,60.6,27.7,82.9,48.2,42.1,23.8,56.3,42.1,142.51127819548873
70.0,168.0,40.5,94.9,80.1,92.6,113.3,58.1,38.3,38.6,21.9,29.1,16.4,14.0,56.8,26.1,79.7,46.5,39.2,21.8,56.3,40.1,151.9827067669173
78.6,172.6,41.2,102.6,89.1,103.9,117.0,63.7,40.7,39.7,24.0,28.8,16.8,15.5,59.2,27.2,81.9,46.2,37.8,24.3,54.7,42.0,164.08455882352942
99.4,167.1,47.1,121.2,110.5,109.9,123.0,68.6,42.6,44.4,25.1,31.5,17.5,15.0,56.1,25.2,79.5,48.2,38.5,31.3,57.7,41.4,188.668
93.9,183.1,42.3,108.1,97.2,107.7,122.8,68.3,43.3,39.0,24.2,31.0,17.2,15.8,62.5,29.2,88.0,52.4,43.4,25.3,59.4,44.0,163.26827586206895
65.2,173.0,41.1,95.9,72.7,90.3,111.6,51.8,38.0,35.0,22.2,29.2,17.6,13.7,58.3,26.9,84.7,44.4,40.4,22.3,58.3,40.7,151.51486988847586
84.9,180.9,43.7,103.9,95.7,102.6,115.0,63.8,41.8,39.4,22.9,31.2,17.3,15.0,62.2,28.3,88.6,51.1,42.8,24.6,56.3,42.0,145.80633333333333
80.9,172.6,39.3,103.9,94.8,106.1,115.7,62.2,40.8,38.3,22.6,27.0,16.2,15.5,58.8,26.5,82.4,51.3,39.1,25.0,55.4,41.4,150.75686274509803
95.5,169.0,44.3,106.2,106.5,110.2,118.6,66.8,44.8,41.0,21.7,31.4,18.7,13.4,57.6,24.7,80.5,49.0,38.9,25.2,58.0,41.6,117.12733118971062
83.8,180.8,46.0,103.9,84.7,98.4,118.9,57.8,40.1,39.8,22.9,31.3,18.1,15.0,61.1,26.7,88.7,49.4,42.8,24.5,59.8,43.5,151.79966101694916
91.4,182.8,42.0,105.7,94.1,104.1,121.9,64.3,42.4,41.6,23.7,31.1,17.3,17.0,59.0,26.6,89.6,48.2,41.5,25.4,60.5,44.7,156.99049180327867
108.4,176.5,45.1,118.2,117.4,121.2,120.1,71.1,44.4,43.5,24.5,30.3,18.2,14.9,58.3,25.9,84.5,49.5,42.2,29.5,58.0,42.3,181.3960396039604
92.1,181.8,45.2,115.7,101.9,105.5,128.5,62.1,38.5,36.8,22.2,29.2,17.3,16.5,63.6,28.3,89.2,48.4,47.2,25.4,56.4,47.1,168.79018987341772
104.3,178.7,46.2,115.3,112.3,112.1,120.7,65.7,46.3,42.1,24.0,33.2,17.9,13.8,60.0,27.5,84.7,52.8,42.0,28.9,59.8,41.0,165.20032786885244
62.9,180.5,40.4,101.4,70.6,87.8,109.2,51.7,34.8,34.7,20.6,27.2,16.6,16.0,60.7,26.9,86.3,46.8,43.8,24.2,56.5,40.2,156.49399999999997
80.0,172.7,40.4,101.7,91.0,102.4,114.7,62.5,38.7,39.5,22.3,29.8,16.6,15.4,57.4,26.4,83.1,46.6,40.1,24.1,57.0,40.7,150.79655172413794
86.9,174.8,40.3,112.2,99.2,102.1,119.7,64.5,42.5,39.6,23.9,32.3,17.8,15.5,59.5,25.5,85.7,50.5,37.9,28.3,58.1,41.2,171.2526315789474
94.8,187.3,42.0,108.6,99.9,106.2,121.7,64.1,40.9,42.7,24.8,32.0,18.4,16.4,65.0,29.8,91.3,51.7,41.7,26.7,56.9,44.0,146.34295081967213
67.2,169.5,40.1,95.8,74.0,90.9,116.0,53.5,35.3,34.5,20.0,30.5,16.5,16.1,59.5,26.3,84.5,45.0,39.2,22.6,57.0,43.0,150.7550387596899
74.1,176.1,42.1,100.7,83.5,96.1,117.4,59.2,37.5,36.4,22.0,29.9,16.5,17.0,59.9,26.1,83.2,48.5,40.5,23.0,55.4,43.7,143.24929577464792
101.2,179.7,43.0,117.1,108.5,109.0,122.5,68.2,42.4,42.3,24.0,30.8,17.3,16.0,63.7,27.7,87.6,49.4,41.7,28.9,56.4,43.7,163.14241486068113
85.6,173.0,44.8,104.7,91.2,104.7,119.4,64.8,41.8,39.5,22.2,30.1,17.2,15.0,56.0,24.5,80.5,47.6,39.3,25.0,57.7,42.7,133.44117647058823
78.8,169.0,40.7,108.2,85.6,97.0,118.2,60.5,40.8,38.8,23.3,29.7,17.2,13.9,57.1,26.5,82.9,43.7,39.4,26.1,57.4,41.1,154.21196013289037
100.2,178.3,46.3,117.7,101.8,108.1,124.0,69.4,39.0,39.4,22.6,31.2,18.2,14.5,59.5,25.7,83.7,51.2,44.7,27.9,55.2,44.4,166.24688427299702
68.9,182.9,39.0,93.4,83.9,97.1,107.7,58.1,36.7,36.4,20.7,27.9,15.8,16.0,61.9,28.4,91.2,48.0,43.9,20.4,55.7,39.3,112.48905109489051
87.7,182.2,43.9,113.2,93.2,102.2,123.0,63.5,40.3,38.6,22.4,30.6,17.6,15.6,63.9,29.0,89.7,51.3,39.7,27.7,57.3,44.6,168.87213114754098
85.7,174.4,40.6,108.2,89.7,101.7,121.6,62.7,42.0,39.7,23.4,31.9,17.4,16.0,56.8,25.7,84.4,50.0,39.1,27.1,57.7,41.2,181.40594795539033
90.0,180.3,45.3,106.8,94.5,105.8,118.7,64.2,41.8,41.9,23.1,33.0,17.8,15.0,60.0,27.4,83.6,52.9,37.9,26.3,56.6,41.5,153.59197324414714
95.8,176.5,42.2,110.3,102.9,112.4,115.7,70.2,44.4,43.3,24.6,29.4,16.5,14.5,59.1,25.5,85.4,50.0,40.5,26.1,59.6,40.5,147.41682539682537
75.3,168.8,41.7,108.0,88.7,96.4,119.6,58.9,39.0,39.4,22.0,29.1,16.3,16.6,57.0,25.7,80.9,46.2,37.2,24.4,58.8,44.5,166.26315789473682
81.8,166.2,44.7,102.3,89.7,104.7,120.4,67.9,42.4,39.3,20.7,33.5,16.1,15.2,58.8,26.6,82.2,44.5,37.5,24.7,56.6,41.9,166.1
59.7,166.3,40.6,91.3,76.8,88.2,109.0,49.3,34.5,34.7,20.4,28.2,16.2,15.4,54.0,23.2,78.8,45.1,39.4,21.2,54.7,40.2,135.2716911764706
73.0,166.3,38.7,104.2,86.6,98.2,118.3,60.2,36.4,35.7,20.5,29.6,16.0,15.7,56.3,25.4,77.6,45.3,39.3,24.6,56.5,40.8,169.325
80.6,172.1,40.9,96.9,90.7,100.7,113.6,61.1,43.4,42.4,22.5,32.5,16.9,14.7,61.4,27.7,84.9,47.7,41.6,24.0,58.5,40.3,130.34946619217084
76.0,177.0,39.2,100.3,91.8,99.8,113.6,62.0,39.0,34.7,20.7,27.9,16.8,14.3,59.1,27.6,85.0,48.8,43.5,22.7,56.2,40.7,124.23122807017543
66.8,172.5,40.0,93.8,71.6,90.7,107.5,56.6,39.2,35.5,21.7,30.4,17.4,14.7,58.3,25.8,83.0,45.5,41.6,20.8,56.7,39.8,134.7940740740741
96.5,178.8,46.9,108.7,93.4,106.4,125.5,71.1,42.5,41.9,23.7,33.5,17.4,15.4,63.5,28.7,90.8,46.2,45.6,26.3,54.8,43.2,167.84558823529412
79.4,189.3,41.7,96.8,84.5,96.9,115.5,59.8,38.6,36.0,21.0,30.4,16.8,15.6,65.6,30.0,95.4,49.8,46.2,21.1,57.3,42.3,141.92740213523132
70.5,179.4,41.0,95.1,82.7,93.6,112.6,56.4,36.5,35.8,21.8,27.5,16.5,14.8,63.0,28.0,85.4,48.7,44.2,23.3,57.0,41.0,128.78125
107.6,176.3,46.4,111.2,110.1,112.2,129.1,73.3,47.7,45.0,25.3,33.0,18.4,15.9,63.5,28.7,86.5,48.5,45.8,26.9,55.7,44.3,178.43720930232558
95.7,183.1,42.7,113.3,104.7,106.6,121.1,66.1,43.4,39.5,22.7,30.8,17.6,15.7,64.0,28.7,91.0,50.4,46.3,27.7,57.1,42.2,176.52870967741936
95.8,164.0,43.0,116.2,107.0,108.8,123.4,67.8,45.1,43.7,24.3,31.9,18.2,15.7,52.5,23.7,76.9,47.0,39.6,29.1,56.7,42.0,175.87027027027028
98.3,168.7,45.2,117.7,113.5,110.6,118.5,67.4,40.9,44.1,22.6,31.5,17.5,13.3,59.3,26.7,80.3,49.5,40.5,29.0,58.5,40.4,172.2255591054313
67.5,182.7,39.5,96.3,75.9,92.1,109.6,52.1,35.4,34.2,21.5,27.6,16.9,16.2,66.0,29.6,95.2,44.8,47.4,22.1,58.5,42.3,142.17381818181818
79.8,179.8,42.8,100.1,88.8,100.1,117.5,58.9,40.4,39.2,22.3,29.3,16.5,14.7,58.9,25.9,89.0,51.2,39.9,23.1,56.5,42.8,152.76585365853657
91.2,170.8,45.3,106.5,98.1,111.7,123.1,71.9,44.1,42.1,24.2,32.2,17.8,16.2,57.6,25.5,81.9,49.1,40.5,25.2,57.2,44.2,168.68456375838926
87.6,175.3,43.3,103.7,95.6,107.7,120.4,66.3,42.6,41.6,23.2,30.7,17.0,15.8,58.7,25.4,82.3,47.0,38.8,24.3,58.3,42.1,151.90836120401337
78.3,179.3,38.4,99.4,92.8,101.4,113.5,62.3,38.3,38.1,22.0,27.5,16.0,15.3,62.5,27.2,89.8,45.4,44.1,24.6,56.3,39.8,140.04810996563575
84.9,185.8,43.9,103.0,85.0,99.4,120.0,56.6,40.0,39.8,24.0,29.1,17.7,16.6,61.5,28.2,91.6,49.7,45.1,22.3,58.3,44.1,151.35369774919613
60.3,167.7,41.7,86.7,74.3,87.1,104.4,53.3,36.3,33.6,19.6,28.5,16.5,14.8,58.5,27.7,82.0,43.3,40.9,19.8,57.1,39.4,111.2816091954023
88.7,174.4,43.3,106.3,97.0,107.2,114.8,65.2,41.1,43.3,23.8,29.8,16.5,14.4,57.1,26.1,84.1,51.5,39.8,27.3,56.6,40.2,159.07304964539009
94.7,180.5,43.5,106.6,97.0,104.6,121.3,65.6,44.5,40.3,23.7,32.0,19.0,15.1,63.6,28.3,86.1,51.8,43.3,26.7,57.9,42.9,155.45833333333331
70.8,162.3,42.0,98.8,93.2,96.4,111.1,57.9,37.3,36.8,22.0,28.1,16.5,13.2,53.6,23.3,77.8,45.0,34.5,23.4,55.5,39.3,144.05454545454546
86.0,175.4,45.8,102.2,85.7,100.4,121.1,64.3,40.8,38.9,23.1,30.5,17.2,16.1,62.8,29.1,86.3,45.8,43.6,24.7,57.5,43.0,139.45685618729095
74.3,174.3,43.9,100.3,80.7,96.8,114.8,57.3,39.0,36.5,21.6,30.9,17.5,14.8,58.6,25.2,85.2,44.5,41.2,23.6,55.7,41.2,154.03214285714287
94.6,171.8,45.7,111.0,100.1,101.4,117.2,66.8,47.5,43.3,25.2,33.3,17.7,13.5,57.5,25.7,82.0,47.1,42.8,28.1,55.7,40.3,160.41528239202657
88.9,169.7,44.4,106.8,105.2,109.7,115.3,68.6,43.4,40.5,22.7,32.1,17.3,12.3,56.5,24.9,81.7,51.7,39.0,27.1,56.3,39.9,164.0695652173913
95.6,188.1,44.0,105.8,96.1,103.6,122.0,65.9,43.6,39.4,22.6,32.4,18.3,17.0,65.5,29.8,95.3,52.2,46.6,25.3,58.8,44.7,153.4641638225256
60.2,175.5,37.3,90.8,72.1,86.2,107.1,48.3,35.3,33.0,21.2,25.3,15.9,14.4,57.1,24.8,82.7,46.1,42.8,20.4,55.7,39.5,143.59851851851852
115.3,173.8,47.8,124.7,117.5,121.8,131.7,77.5,46.7,44.0,24.8,32.3,18.3,15.0,60.0,26.9,82.7,52.5,41.2,30.0,58.0,44.6,185.92319277108436
94.7,178.6,42.5,109.6,98.3,108.2,122.8,69.2,44.3,43.0,24.6,33.7,17.2,14.8,58.0,27.1,87.0,50.5,42.2,27.6,57.8,41.5,160.09829351535836
72.0,171.4,41.1,98.1,81.6,95.8,111.5,58.2,38.8,36.6,21.0,29.5,16.7,15.7,54.5,24.6,80.1,44.8,41.7,23.5,54.7,40.6,152.6
75.2,170.3,42.5,98.3,85.8,99.9,112.3,60.8,37.5,38.0,21.9,29.5,16.5,13.0,57.8,24.4,82.0,42.6,41.3,23.1,57.5,38.8,143.8284210526316
66.9,165.0,40.0,94.2,80.1,93.3,109.5,58.8,36.9,37.4,21.1,29.8,16.7,15.0,56.0,24.6,77.6,48.0,37.6,22.0,55.8,39.9,124.81499999999998
106.2,183.9,44.2,110.8,102.6,113.6,125.9,74.8,45.7,42.0,23.6,31.8,18.6,15.1,61.1,29.4,90.2,48.8,48.9,26.8,57.6,44.3,149.9897106109325
108.8,165.2,45.5,118.4,109.5,121.9,126.1,79.8,46.7,44.9,24.5,34.3,18.5,14.7,55.0,24.7,77.3,44.8,42.3,28.9,60.0,44.1,161.7464406779661
71.0,172.6,41.0,98.4,76.7,95.9,115.4,58.7,37.4,37.5,20.5,31.1,16.6,15.4,57.7,25.6,85.9,42.9,42.4,22.8,55.4,42.1,149.81954887218043
99.7,173.8,46.4,113.3,108.2,108.8,124.8,67.4,44.9,41.3,23.3,34.0,18.0,14.0,55.5,24.8,84.1,47.2,41.5,27.4,56.7,41.2,174.27873754152824
91.6,174.0,44.1,113.9,96.7,101.4,125.6,61.0,42.2,42.0,24.3,33.2,18.2,15.9,60.0,27.1,87.0,45.6,39.5,27.6,58.2,44.4,167.77650793650793
94.7,164.7,47.0,117.0,107.3,109.5,130.2,66.8,40.6,40.4,23.2,31.4,18.0,14.9,53.7,23.4,76.5,49.6,36.2,29.2,59.3,41.8,
76.1,170.2,39.5,105.3,93.3,98.6,115.2,58.1,38.7,38.5,21.3,30.0,16.4,15.7,60.5,27.1,82.7,46.7,41.2,24.2,57.0,41.4,152.9439344262295
95.0,163.7,44.9,119.6,113.9,103.8,127.4,64.1,40.7,39.2,21.9,32.6,17.1,15.4,54.5,24.4,78.7,45.2,41.3,28.4,56.2,42.0,185.3981762917933
77.3,165.7,41.4,103.7,86.7,95.8,114.9,59.5,38.0,38.8,21.4,32.7,16.9,15.5,57.0,25.9,80.7,46.1,36.5,26.5,56.3,39.8,149.2361623616236
84.6,177.5,42.8,104.6,90.4,101.2,118.0,63.1,41.4,38.4,23.3,32.4,18.4,15.1,60.0,26.8,85.8,49.9,42.9,27.6,58.3,41.8,156.16338028169014
91.7,177.7,42.3,112.2,100.6,109.3,119.1,68.3,42.7,39.0,22.5,31.1,16.9,15.2,58.8,26.3,85.3,49.2,42.5,27.8,56.0,41.0,163.7204081632653
100.8,177.4,45.8,113.3,115.6,111.7,118.5,63.0,41.5,42.8,24.6,33.4,18.1,14.8,59.8,26.1,80.5,56.0,39.7,28.7,56.3,42.9,166.27142857142854
82.1,170.6,40.8,108.1,96.4,102.5,117.4,61.7,39.4,38.4,21.2,29.3,16.4,14.1,58.1,25.4,83.1,50.5,41.8,26.4,55.3,40.4,148.097
74.7,178.8,40.4,100.8,93.3,97.0,112.9,56.2,36.9,35.4,21.8,27.2,16.4,14.4,61.7,27.6,89.1,49.5,42.2,23.1,57.1,42.1,136.63255813953486
110.7,188.6,43.9,115.9,104.7,115.8,130.1,74.3,43.6,42.2,25.2,34.9,20.1,17.7,65.3,29.8,87.2,54.3,41.9,28.1,58.6,46.5,179.11818181818182
77.4,168.3,42.0,99.3,91.0,98.6,115.8,59.0,39.6,39.9,23.5,31.4,18.4,14.5,57.1,24.8,80.3,45.5,40.7,22.6,56.6,41.1,142.82876712328766
127.1,190.0,48.7,126.7,125.4,120.8,131.4,77.0,47.5,43.0,24.7,34.5,19.8,16.7,66.3,29.8,91.4,57.7,45.8,32.8,60.0,46.2,193.08594249201275
84.2,178.6,47.3,110.4,99.6,99.6,112.4,57.7,39.1,37.4,21.0,29.7,17.4,12.5,61.5,28.0,86.7,49.0,41.1,27.8,57.0,40.0,159.18967741935484
79.2,171.2,41.0,104.8,96.0,101.1,117.1,61.2,40.8,37.3,21.7,29.9,16.8,15.1,59.0,25.4,84.3,47.3,39.9,24.8,56.4,40.0,165.16183745583038
84.8,176.0,45.0,110.2,89.2,100.4,123.4,60.5,40.0,39.9,22.6,32.0,18.1,16.0,61.6,29.4,89.0,47.0,42.1,26.7,57.5,43.4,157.9413680781759
83.2,171.1,44.2,108.3,100.2,101.3,110.8,65.4,39.5,35.8,20.7,31.2,17.0,13.1,58.5,26.0,79.8,47.7,41.9,26.9,56.5,40.4,144.2750865051903
88.0,172.0,40.5,111.3,102.1,104.7,108.9,64.1,42.1,40.4,22.0,30.2,17.0,13.3,58.6,25.9,84.0,46.9,42.4,27.3,56.5,38.2,157.6433447098976
88.7,179.8,41.5,103.9,97.2,109.1,117.8,65.2,42.5,40.3,24.1,30.1,17.0,14.0,57.9,26.6,84.9,49.8,42.0,24.3,56.8,41.3,153.7295918367347
106.7,173.0,45.0,123.4,117.1,114.7,125.7,70.1,44.2,41.7,21.9,32.8,17.4,14.2,62.7,28.2,89.0,47.9,43.0,31.4,56.2,42.0,183.05695364238412
90.8,174.0,42.0,108.1,102.0,104.7,114.3,64.7,42.7,40.9,22.8,31.7,17.8,14.9,58.5,26.6,82.7,50.9,42.4,28.3,56.8,39.4,163.72810218978103
69.9,175.5,41.3,95.4,81.1,91.3,109.7,54.9,37.7,38.2,22.6,29.0,16.8,15.4,59.3,27.0,86.6,42.5,45.2,21.3,59.3,40.7,141.92842105263156
100.9,183.7,45.1,112.0,111.5,108.3,121.1,63.3,43.6,40.0,22.8,32.9,18.7,13.8,64.3,28.7,86.2,53.0,42.0,28.2,60.0,41.6,170.03300330033002
81.3,172.6,40.3,106.3,102.0,105.0,117.6,63.8,39.1,40.0,23.1,27.9,17.6,15.7,58.7,25.9,85.1,45.9,39.9,24.0,55.9,41.4,156.16058631921823
96.7,179.0,45.5,114.1,103.6,106.5,122.2,64.7,44.6,40.7,23.4,31.9,18.0,14.8,62.1,27.9,88.6,48.8,43.8,27.7,58.0,41.2,172.23322784810128
72.4,173.1,39.2,95.7,82.6,100.8,110.8,61.1,39.1,38.7,21.7,29.7,17.0,14.1,58.0,26.1,81.2,47.4,41.0,22.4,55.5,40.7,135.34714285714287
65.6,166.3,42.3,94.8,79.5,92.4,111.6,54.8,37.2,33.2,20.4,27.8,16.3,14.5,56.1,24.7,79.5,43.1,41.0,22.4,58.1,40.4,133.65795053003532
105.4,181.8,43.4,115.1,103.6,114.2,124.0,71.5,46.7,42.7,25.3,32.6,18.2,15.5,61.1,28.3,89.2,48.6,41.7,27.8,59.5,42.2,164.95222929936307
95.8,177.7,44.8,107.7,100.9,108.4,121.1,66.4,43.7,42.9,25.2,33.6,18.6,14.2,59.8,26.7,85.8,46.8,40.4,26.1,57.4,42.7,167.93898305084747
113.5,178.6,49.3,118.7,107.6,114.9,132.5,75.2,48.3,45.2,23.9,35.6,18.5,15.5,61.3,28.7,87.5,45.0,44.0,30.0,61.0,44.4,193.5413559322034
88.6,179.9,41.0,112.3,93.4,101.1,124.7,60.5,39.4,38.5,23.6,34.3,18.2,15.1,63.1,28.1,91.5,48.4,42.6,27.6,56.6,42.3,159.12214983713355
83.4,185.5,41.9,107.2,90.3,99.5,113.0,61.4,37.7,38.2,21.6,30.9,17.1,14.0,62.3,27.9,92.3,50.0,46.9,26.5,56.7,41.2,146.99665551839465
83.4,172.6,43.8,100.5,92.3,102.8,117.4,60.7,40.5,35.4,21.7,28.6,16.0,14.3,56.5,24.6,81.8,47.0,40.8,24.6,54.8,40.3,152.39454545454547
86.2,170.8,41.9,102.5,90.4,103.4,115.7,65.8,43.3,43.0,24.8,30.6,18.4,13.7,59.1,26.7,82.5,44.2,39.7,24.5,58.7,40.4,157.85714285714286
73.8,174.8,41.3,95.5,84.6,96.9,111.5,60.2,38.3,35.8,21.8,28.6,17.3,13.1,59.8,27.0,86.1,47.8,39.2,23.1,55.7,39.0,136.7230215827338
76.0,175.7,41.5,96.0,87.2,96.7,110.5,58.7,39.3,39.1,23.1,29.3,17.1,14.2,61.0,27.4,83.3,47.2,42.4,24.3,56.8,39.3,154.48275862068965
77.8,180.0,41.4,105.5,80.5,92.6,121.3,56.7,38.3,37.8,22.1,30.0,17.3,15.9,61.6,27.7,86.3,48.5,39.2,25.2,58.7,43.0,173.93243243243245
93.1,174.9,44.7,112.6,95.6,105.1,126.8,64.6,41.9,40.3,24.0,32.6,17.7,15.3,59.5,28.1,86.0,50.2,44.3,28.6,57.4,43.2,182.0924092409241
69.5,170.6,40.5,93.4,83.8,94.3,111.2,56.8,37.5,35.5,21.1,29.5,16.8,15.4,54.8,24.3,80.2,44.1,41.8,23.0,56.2,40.3,138.37037037037038
101.7,198.0,44.0,104.1,93.9,107.9,122.6,63.3,45.8,41.2,24.7,36.4,20.6,14.7,65.3,28.5,97.8,52.9,46.0,25.6,60.7,44.9,143.5265780730897
81.5,174.7,42.1,104.7,96.0,102.8,113.7,60.6,38.0,35.7,21.5,31.3,17.4,14.3,60.5,26.9,85.3,46.8,42.4,26.1,55.7,39.5,155.98163265306124
100.6,181.6,45.9,113.4,101.8,111.2,121.8,66.9,45.1,42.3,24.0,34.0,18.5,17.0,62.1,26.5,85.4,51.4,42.0,29.6,56.7,42.2,168.76363636363638
60.6,171.9,38.0,90.5,76.1,91.0,105.0,52.9,37.2,32.9,19.8,26.3,16.0,13.9,57.7,27.2,84.3,45.7,35.7,23.6,53.2,37.8,132.66064257028114
77.8,179.0,41.3,92.6,87.1,99.7,112.0,60.1,41.3,39.1,22.5,30.5,17.6,14.2,60.5,27.7,85.4,49.3,40.2,22.1,57.0,40.4,131.45314685314685
65.0,168.8,41.5,93.6,83.8,95.4,107.6,56.7,35.5,33.5,20.0,27.4,15.8,13.1,57.0,26.6,84.8,43.8,38.6,23.5,56.5,37.2,137.6895752895753
112.6,176.2,46.1,122.8,113.7,117.4,131.9,71.7,44.3,43.9,24.3,33.3,18.5,16.0,59.0,26.8,87.9,52.8,42.5,29.2,59.8,44.3,178.5519287833828
90.7,169.4,49.5,107.0,97.8,101.6,125.8,66.5,40.6,41.9,23.1,33.9,17.0,15.5,53.7,26.5,80.9,47.0,40.7,25.3,58.0,44.0,145.65806451612903
81.5,176.4,42.0,103.6,84.3,98.0,120.2,60.9,39.2,38.8,22.8,33.4,18.0,15.7,61.6,28.7,86.5,43.6,43.5,25.6,59.1,42.7,159.60989399293288
67.3,172.7,41.5,95.7,77.7,91.1,115.2,54.0,35.1,35.8,20.5,27.8,15.8,14.7,61.0,26.7,89.0,44.4,37.0,22.6,57.2,42.3,144.59021739130435
72.7,184.0,41.2,98.7,81.0,93.0,111.1,54.7,37.8,34.9,21.4,30.2,16.9,14.8,61.5,26.8,94.4,47.5,46.2,24.4,56.1,40.9,139.2375
82.9,173.5,42.0,105.4,94.4,103.2,119.4,62.8,39.7,39.6,23.0,30.0,16.7,14.6,59.6,27.0,83.4,46.0,42.2,24.7,58.1,41.3,142.62046204620464
93.6,175.8,44.6,109.1,100.4,109.9,121.8,67.7,44.6,41.3,22.9,32.3,17.4,14.3,57.6,24.6,84.0,48.3,42.2,26.4,57.3,41.2,168.50719178082193
93.2,180.2,44.5,109.0,94.7,105.2,118.8,62.9,41.3,41.6,23.8,33.4,18.1,15.6,61.7,27.5,88.4,49.8,46.5,27.2,58.4,42.3,158.68027210884355
87.9,180.2,44.7,105.6,85.8,102.3,121.1,65.4,40.7,37.5,21.3,35.0,18.0,14.6,61.5,28.1,87.1,48.1,43.0,26.6,57.2,43.5,136.25806451612902
95.1,180.0,41.7,114.0,99.0,106.8,119.5,65.7,42.3,41.4,23.7,32.3,18.1,16.1,62.8,28.1,86.5,47.7,42.8,27.1,59.5,42.8,159.6
75.6,176.9,39.7,98.4,88.7,100.9,112.2,60.1,40.5,37.5,22.4,30.1,17.0,15.0,61.1,27.7,85.2,48.5,40.8,23.6,55.7,41.0,136.41818181818184
78.0,189.7,40.5,97.6,83.3,92.1,117.2,54.9,38.1,35.8,22.7,29.1,16.8,17.4,67.2,32.3,96.6,50.4,45.6,23.0,57.3,43.7,141.28111888111886
92.6,169.0,45.8,114.7,99.6,110.2,125.3,68.8,42.4,42.3,23.4,32.4,18.0,13.8,59.0,26.9,79.8,47.2,40.3,27.3,57.6,41.0,168.02207357859533
130.2,178.6,47.7,128.2,116.8,123.3,134.7,80.9,51.9,48.5,27.5,35.4,19.1,15.8,62.3,29.2,84.9,50.1,42.6,31.1,60.8,44.6,194.07507692307692
82.1,190.7,42.1,105.7,91.2,98.1,117.4,56.1,40.2,36.6,20.3,29.3,17.1,16.5,65.6,27.8,94.5,51.3,48.3,24.2,56.5,43.2,158.55
109.8,177.9,46.2,118.3,111.3,117.3,123.1,73.3,45.2,42.8,23.5,32.7,17.8,14.6,58.0,26.8,86.6,51.3,41.9,29.7,59.4,38.8,153.8625766871166
95.6,186.1,42.9,109.8,89.7,106.7,125.2,64.5,40.5,40.9,24.5,32.4,18.3,17.1,62.3,28.2,90.2,48.2,41.5,25.6,57.0,45.3,160.58249999999998
63.3,168.5,41.2,94.2,75.3,88.8,110.0,52.8,36.3,35.5,20.2,28.8,16.0,14.1,59.0,27.2,85.7,44.0,41.1,21.9,55.0,40.3,128.45454545454544
97.1,179.7,51.5,108.3,98.1,106.7,122.0,65.1,41.2,41.3,23.6,35.3,18.0,13.0,60.5,27.3,86.2,52.0,41.6,26.3,58.5,42.6,160.11129568106313
76.0,168.7,40.0,97.9,80.5,95.7,116.1,61.2,37.9,41.5,22.7,30.8,16.4,16.5,61.5,28.3,85.9,43.3,41.2,23.3,56.6,41.6,151.00442804428044
92.6,180.5,44.5,110.4,100.3,105.4,118.3,64.6,43.3,39.5,23.4,32.4,17.9,14.2,59.0,27.1,88.3,51.5,42.1,26.1,57.1,41.2,159.1259259259259
108.4,175.5,44.6,120.2,116.2,116.6,122.0,72.2,46.0,43.5,23.7,32.7,18.8,15.9,59.6,26.7,84.0,53.7,39.6,30.1,56.4,42.4,171.6062893081761
56.2,170.2,40.5,86.2,75.7,86.5,105.0,51.1,34.8,32.8,19.7,26.9,15.6,14.4,61.5,28.4,86.0,46.3,39.8,19.8,56.1,37.3,137.04453125
87.4,174.6,44.2,104.2,94.3,103.3,121.8,66.3,43.1,40.9,23.6,31.0,17.7,13.9,61.7,27.5,82.0,48.6,41.1,25.2,56.8,41.1,169.3697594501718
63.3,167.0,40.7,94.7,82.4,92.2,107.1,52.4,36.0,34.0,20.2,28.0,17.3,14.1,52.8,24.2,77.1,48.0,37.1,24.1,55.8,38.5,132.93735849056603
82.6,162.4,44.0,107.7,101.7,105.1,114.4,63.7,38.8,37.4,21.5,31.7,16.9,13.1,55.0,25.7,76.4,48.5,41.4,28.3,55.7,39.5,157.0625
103.3,175.1,46.5,115.2,111.7,116.8,123.7,69.8,41.7,41.1,22.3,34.3,18.3,15.5,60.8,27.0,84.9,51.2,42.3,29.1,58.3,44.5,166.9069306930693
77.2,177.0,40.8,100.2,88.0,97.9,114.5,59.3,39.3,36.0,20.7,29.8,17.9,15.5,62.5,30.0,89.7,43.9,45.8,23.9,55.0,40.3,147.5734693877551
88.0,172.2,44.8,105.9,100.5,105.3,116.2,65.5,40.5,39.2,22.3,30.6,16.7,14.5,57.3,26.6,84.4,48.3,43.0,25.4,56.8,41.7,149.27201365187713
105.0,168.1,45.4,119.6,118.2,113.5,128.1,73.4,44.4,41.7,23.3,34.0,18.0,15.3,58.4,26.4,84.2,48.4,44.2,30.6,55.8,41.5,188.1818181818182
98.2,177.9,44.8,112.8,102.0,108.4,125.6,66.4,42.4,41.2,22.6,35.7,18.6,14.8,64.5,30.2,90.1,48.0,43.1,28.2,58.4,42.6,179.28476821192052
68.9,193.0,39.8,91.0,76.0,91.4,108.2,53.3,34.5,32.3,20.2,27.5,15.9,15.8,67.0,30.9,96.6,49.8,49.0,22.3,56.9,41.2,140.54054054054055
85.3,179.6,43.3,102.2,96.0,100.7,114.6,63.5,39.8,38.8,22.3,30.3,16.8,14.3,56.0,25.2,83.2,50.0,43.9,24.2,57.3,39.6,158.26805555555558
98.4,165.8,43.8,118.1,120.0,110.9,121.4,67.7,43.3,39.9,22.3,32.7,17.8,14.0,57.5,25.8,76.9,47.6,39.7,29.6,56.5,40.2,178.74594594594595
68.1,158.2,40.6,97.1,87.0,94.7,111.9,57.4,38.7,37.1,20.8,28.2,16.4,14.7,53.1,23.9,71.8,44.7,36.4,22.9,56.0,39.8,140.60358422939066
112.9,180.7,42.0,122.7,112.2,120.8,124.0,77.4,46.5,41.9,23.0,33.4,17.2,15.6,60.8,28.9,91.1,44.4,44.6,31.6,57.7,42.9,191.47452229299364
93.9,192.9,43.1,100.9,86.1,103.9,123.6,66.3,42.3,40.0,24.3,34.6,19.0,16.6,66.4,31.6,95.7,46.2,47.8,25.2,56.3,44.8,146.9858131487889
99.4,174.3,47.3,111.0,97.4,109.9,124.6,67.2,45.4,44.7,24.2,35.1,19.7,14.6,62.0,29.2,88.8,47.8,45.1,27.2,57.7,45.0,170.3639240506329
105.4,171.4,46.6,111.2,119.5,114.8,117.0,69.9,47.0,42.9,24.4,34.1,19.4,14.4,59.5,28.6,86.0,48.7,46.3,28.1,56.0,42.0,161.7792642140468
66.4,169.7,39.3,98.7,83.5,94.2,105.0,57.1,37.5,34.2,20.2,27.5,16.6,14.0,56.7,26.4,78.9,47.1,37.1,22.5,57.6,38.2,142.07335640138407
75.3,172.7,41.8,102.2,97.2,95.9,114.0,56.8,39.3,36.2,21.0,28.7,16.7,13.3,59.0,25.6,82.1,47.0,40.3,24.2,56.0,40.2,142.66845637583893
109.5,170.9,46.3,121.6,111.3,118.7,124.3,75.3,47.4,47.5,26.8,33.8,19.3,13.2,57.0,26.7,83.4,50.9,40.8,29.9,57.6,41.2,170.86559485530546
67.9,175.1,41.0,92.7,78.5,92.4,108.9,54.6,38.0,35.8,21.0,30.8,16.8,14.7,57.5,26.3,86.5,43.8,42.9,21.9,56.6,39.8,124.203515625
75.7,171.9,41.6,96.2,80.2,100.9,112.3,62.8,40.3,36.1,20.3,30.5,16.7,14.8,60.0,28.3,85.0,49.0,44.3,24.5,57.5,41.0,127.04274809160306
99.6,181.7,44.5,106.6,102.0,112.8,121.5,68.7,43.4,43.7,26.0,32.6,18.2,15.5,59.5,26.8,85.1,52.3,40.3,25.4,57.0,43.0,157.91254237288135
98.1,192.7,43.5,103.5,90.4,106.1,121.3,66.1,43.7,43.2,24.5,34.2,18.5,16.6,68.0,31.2,95.1,51.5,45.9,26.1,58.3,42.1,164.31569343065692
111.6,185.1,46.3,112.3,109.5,116.6,128.0,72.9,47.1,43.2,25.0,35.0,19.2,16.8,62.5,28.8,87.3,52.8,45.3,27.4,55.9,45.0,151.71655629139073
72.9,180.8,41.5,96.9,79.3,93.9,115.7,57.6,37.2,36.3,22.4,28.6,16.7,16.1,60.6,26.2,88.7,47.8,40.4,22.8,57.5,42.4,138.244
98.3,166.3,44.4,120.3,110.2,108.5,120.5,69.7,43.0,43.5,24.3,30.3,17.5,14.8,56.0,25.1,77.9,51.6,37.1,29.6,56.5,42.2,174.435
86.5,183.4,41.7,97.8,95.5,104.4,112.4,67.4,43.4,41.5,24.3,30.5,17.4,14.0,61.6,30.3,95.9,49.7,41.4,23.7,55.8,40.9,136.4820895522388
123.9,181.5,50.9,124.8,111.3,119.3,132.1,77.2,48.5,48.2,27.9,39.2,19.8,16.3,63.0,27.3,86.3,51.7,43.4,29.9,59.5,45.4,189.21290322580643
63.1,170.0,39.4,89.1,80.2,91.2,109.1,53.3,37.5,34.2,20.5,28.1,17.1,15.3,58.1,25.8,83.0,44.8,39.2,19.1,54.6,40.2,124.34835164835165
96.5,180.8,42.7,111.6,102.7,110.4,121.4,68.7,44.9,40.0,24.0,32.4,18.2,14.0,59.1,27.9,88.1,51.0,43.6,27.3,58.0,41.1,166.13592233009712
77.8,172.2,42.7,103.9,83.9,97.5,118.5,60.8,38.5,38.3,22.5,31.3,17.2,16.2,58.3,25.7,82.2,49.0,43.0,26.6,59.3,42.2,155.0687969924812
68.2,167.9,39.6,92.6,82.5,95.2,109.2,58.0,39.3,36.7,21.7,30.1,17.3,14.3,56.0,26.2,82.1,44.8,36.3,23.3,58.1,36.5,147.86719367588935
87.6,177.5,43.0,100.4,89.6,105.3,122.0,65.5,41.6,38.9,23.5,32.2,17.3,16.1,59.5,27.8,88.1,45.4,44.7,24.3,59.5,43.3,160.64000000000001
102.8,182.6,48.0,112.2,108.2,110.8,121.0,67.8,43.5,42.0,23.8,32.6,19.2,14.3,61.6,26.9,87.3,50.8,42.4,26.7,57.6,41.7,155.90981595092023
93.5,176.7,43.0,110.6,96.7,104.3,125.1,68.8,43.8,41.7,24.5,32.6,18.0,15.8,61.0,26.9,87.3,47.2,40.7,25.9,57.9,45.8,159.87371794871794
78.4,168.5,39.9,103.2,91.0,100.9,116.5,62.0,39.7,38.7,22.3,28.6,16.7,15.5,57.2,25.5,78.9,45.5,36.9,23.2,57.0,42.0,161.22828282828283
91.4,173.5,44.6,114.6,102.0,99.3,114.6,63.3,42.7,41.5,24.0,33.9,19.0,14.0,58.5,24.6,79.7,53.0,40.1,28.6,57.0,39.9,161.5314285714286
87.5,166.8,44.5,105.4,92.2,103.6,123.5,66.3,43.9,44.2,24.4,32.2,18.4,15.0,57.5,26.4,83.1,44.2,37.6,24.5,58.1,41.5,169.50927835051547
63.7,167.8,40.1,94.2,72.8,88.7,111.3,52.9,35.5,34.2,20.3,28.2,16.8,13.7,60.0,27.2,81.9,43.8,37.3,21.8,55.6,40.7,142.18867924528303
93.9,180.8,46.5,109.0,97.5,106.4,126.1,64.1,40.3,37.5,21.3,35.0,17.1,14.9,63.6,28.4,91.1,49.1,41.4,26.7,58.7,43.4,156.43853820598008
72.9,184.6,43.5,94.4,87.4,95.1,109.8,55.4,37.8,36.3,21.1,29.2,18.0,14.6,63.2,29.4,93.7,50.8,45.5,23.4,54.0,40.2,123.31830985915492
84.1,177.1,40.4,100.6,86.8,108.2,115.7,69.8,41.8,40.0,22.7,29.4,16.7,14.1,58.1,26.2,85.5,45.7,40.7,24.7,57.3,39.3,142.2519298245614
87.7,177.4,41.2,106.6,97.7,106.2,116.1,64.4,40.9,38.5,22.8,31.2,18.4,14.5,62.0,27.6,88.9,47.3,41.3,28.0,58.1,40.0,159.9
96.5,174.8,43.4,114.7,101.9,110.3,120.6,69.3,43.1,42.1,23.3,33.6,18.3,14.6,54.6,26.0,79.7,48.7,37.4,28.7,59.3,40.3,173.20469798657717
99.1,178.9,43.3,108.3,91.0,111.2,122.1,75.5,44.1,44.0,23.7,33.1,18.4,15.1,61.4,28.4,88.2,46.6,44.8,24.4,57.8,43.2,163.68469055374592
100.1,182.5,45.3,113.0,105.8,108.5,121.6,65.2,45.2,41.5,25.7,32.4,19.3,15.7,62.6,28.3,88.0,54.7,43.6,30.2,57.4,44.5,166.92280701754385
87.2,169.8,45.5,106.2,93.3,102.9,121.6,61.4,42.5,40.0,23.9,31.9,18.7,14.8,58.8,25.5,80.7,44.4,38.3,25.2,58.8,44.3,160.00331125827816
113.1,185.0,46.5,117.4,110.0,119.8,126.3,75.7,46.2,44.1,24.2,35.6,18.1,14.3,61.2,27.3,87.2,54.7,42.6,29.6,55.4,42.6,177.98141025641024
74.4,176.6,41.2,97.3,86.0,96.6,111.1,60.1,38.0,36.8,20.9,28.7,16.1,14.0,60.0,26.7,85.4,48.4,38.6,23.1,55.7,39.2,157.3753787878788
64.7,163.8,40.7,91.9,74.8,92.2,109.5,54.8,38.2,36.0,23.3,28.8,17.2,13.3,56.6,25.5,76.5,46.4,37.0,22.3,57.5,38.2,135.4674074074074
101.9,181.8,44.8,117.2,100.7,110.2,124.7,68.8,43.8,42.0,25.0,34.1,18.7,15.5,60.9,27.7,87.8,49.0,41.1,27.7,58.3,41.8,182.9371794871795
68.1,166.4,40.6,92.7,88.3,93.9,111.5,58.1,35.9,37.4,20.7,28.0,16.4,14.6,55.5,24.6,81.3,46.7,37.7,21.9,54.3,41.6,137.0200729927007
89.2,190.2,44.7,107.6,99.2,101.8,122.8,62.8,39.0,37.0,21.8,31.2,17.3,16.1,63.5,28.2,93.1,52.5,44.5,23.7,59.8,44.4,156.846394984326
82.4,172.2,42.7,103.7,85.3,101.6,120.2,62.3,39.8,39.2,23.4,32.0,17.6,14.4,59.6,29.5,86.1,42.5,39.0,24.5,57.5,42.3,152.72181818181818
79.3,183.3,41.1,98.1,88.8,99.8,117.5,59.5,38.2,35.1,21.1,30.2,17.0,16.0,61.4,28.1,88.5,46.8,41.9,23.6,58.1,42.3,150.73029197080294
116.6,184.7,49.5,118.2,114.6,114.2,130.2,71.4,47.5,43.9,26.7,35.8,19.1,14.8,59.2,26.1,84.3,53.8,40.7,28.1,58.6,44.1,180.2813056379822
94.8,169.0,43.8,111.7,112.7,106.4,118.3,68.8,42.9,40.5,25.3,30.8,16.3,12.8,57.0,26.6,79.0,46.3,34.5,26.8,59.8,41.0,156.2237762237762
113.2,193.4,45.0,117.8,98.2,108.6,132.6,68.5,44.0,44.5,26.2,34.0,19.3,17.8,68.5,32.8,101.4,50.5,46.7,30.0,55.8,45.2,181.55973597359736
109.3,180.7,45.3,115.4,115.3,115.7,125.3,72.9,44.7,41.8,24.0,34.1,18.6,13.5,62.0,28.1,88.2,50.8,42.6,27.7,59.9,43.1,173.47712418300654
68.8,165.1,38.3,99.3,83.2,95.9,110.8,60.3,38.7,37.8,21.9,29.7,16.1,14.2,54.6,24.5,75.6,45.1,36.4,24.7,55.8,39.3,139.88978102189782
105.2,176.8,45.5,116.7,110.2,111.4,126.5,67.9,44.3,44.3,24.9,32.3,18.7,15.0,60.0,27.6,84.7,53.7,38.5,27.9,58.8,42.7,190.8254071661238
76.8,181.2,39.0,100.7,87.3,98.1,111.5,60.6,40.4,39.2,24.6,30.1,17.5,14.0,62.6,27.1,90.2,49.0,43.5,25.2,56.1,39.3,126.78057553956835
92.7,174.3,44.8,110.1,101.7,108.2,123.3,66.0,42.3,40.7,23.7,30.5,17.5,15.5,59.1,26.0,83.0,50.5,36.7,27.3,57.4,43.8,169.50103092783507
82.0,171.5,41.8,105.9,87.5,99.7,115.8,61.7,41.8,41.0,24.5,32.8,18.3,14.2,56.5,25.1,79.1,47.5,34.2,25.9,58.1,40.0,166.52120141342758
87.7,168.1,45.1,113.1,99.6,105.3,119.7,65.0,44.0,40.3,23.3,32.8,17.8,15.0,57.0,25.2,80.4,46.3,37.2,26.6,58.5,43.7,161.7715170278638
82.5,184.7,42.5,105.4,88.3,98.7,119.3,59.6,40.5,37.3,21.0,30.5,18.0,16.0,61.5,25.8,85.6,51.0,43.0,23.3,59.2,44.0,142.619375
76.2,168.4,42.1,98.8,85.9,97.9,110.6,60.0,41.0,39.0,24.2,30.0,18.3,13.5,57.3,25.4,80.3,43.1,36.8,23.4,58.1,39.4,138.32
89.4,186.5,40.6,105.9,88.7,103.4,119.0,62.6,42.2,42.4,24.3,32.0,18.5,15.8,61.3,28.2,93.6,50.0,44.6,25.3,57.8,42.8,135.16184210526316
79.1,173.2,43.3,105.3,91.7,97.1,113.9,58.8,38.3,36.6,20.8,29.9,16.9,13.5,59.0,27.3,84.2,47.0,39.6,25.9,56.8,38.5,159.11139705882354
67.7,165.5,39.6,96.5,87.8,93.0,112.5,56.4,38.5,37.3,22.8,30.2,17.4,15.0,57.6,26.9,82.9,43.3,35.9,22.4,54.6,40.0,131.92832167832165
85.0,175.9,43.4,103.8,97.0,103.9,116.0,63.5,43.4,40.4,23.3,33.3,18.0,15.6,57.3,26.4,84.4,52.2,34.8,24.9,55.6,42.3,163.32167832167832
75.0,176.4,43.1,99.7,82.1,96.4,115.3,56.6,38.3,36.1,22.9,29.2,17.4,15.6,59.5,26.1,81.2,49.8,37.2,23.3,60.0,43.4,159.93541666666667
78.0,174.0,43.9,102.8,88.8,96.8,116.8,59.6,37.8,40.3,22.4,30.2,17.5,15.6,62.0,27.4,86.5,46.6,40.3,24.9,57.3,41.8,145.21398601398602
75.2,176.6,40.9,97.5,78.2,97.1,110.6,59.0,41.5,37.6,22.7,29.3,16.5,13.9,59.7,26.6,83.3,46.5,38.9,24.5,59.0,39.8,147.85714285714283
70.6,165.6,41.7,100.8,89.3,99.3,109.6,58.8,37.9,35.3,21.1,30.1,16.9,13.5,56.6,25.4,81.4,46.4,35.8,25.5,55.3,37.6,127.48235294117646
59.6,168.1,41.9,90.1,73.0,88.4,105.0,50.2,34.3,35.0,21.0,28.2,16.0,12.5,53.3,24.5,79.5,44.8,37.7,21.2,56.3,38.5,142.4505928853755
86.1,165.8,43.4,99.4,95.3,101.6,116.5,65.1,41.2,42.3,24.0,32.2,18.4,14.4,56.0,26.1,78.2,44.6,37.9,25.7,58.7,41.1,155.01666666666668
55.2,158.8,36.5,88.9,74.2,85.3,104.7,52.8,33.2,34.0,19.5,25.1,14.1,14.0,55.6,25.3,76.5,42.4,38.0,21.4,55.0,37.9,130.88055555555556
72.3,175.4,42.5,94.7,83.5,92.7,110.9,58.2,39.5,35.4,21.8,29.4,17.0,14.5,58.5,26.6,81.9,45.0,42.4,20.9,56.0,40.8,136.25899280575538
90.7,178.8,44.5,110.7,97.0,103.9,123.0,63.8,40.7,38.9,23.2,33.1,18.1,14.8,60.6,26.9,85.8,47.0,38.5,28.6,62.2,42.1,154.44742268041236
69.0,180.6,39.1,93.8,78.0,93.7,114.4,55.9,37.3,34.4,20.4,29.1,17.1,16.0,59.6,28.6,88.0,47.5,41.4,21.4,55.3,42.5,145.5279411764706
95.9,169.7,47.1,112.2,108.5,114.2,123.7,66.8,43.9,40.3,23.0,31.4,18.0,14.0,55.6,24.5,78.1,48.6,36.2,27.2,56.0,42.0,168.66666666666669
69.0,177.0,41.7,95.9,77.5,90.8,119.0,54.9,35.4,34.8,21.6,29.6,16.5,16.9,60.5,27.2,86.8,47.6,41.0,20.5,57.0,44.7,128.31690140845072
84.0,179.6,41.3,105.5,87.3,100.6,121.0,61.9,39.1,38.4,21.5,31.2,16.8,15.7,59.3,26.7,87.1,49.3,40.0,25.9,56.6,42.2,166.0912162162162
79.2,181.5,40.3,101.7,85.3,97.7,115.1,61.6,38.7,37.8,22.8,29.3,17.3,14.4,62.5,28.8,88.4,49.1,41.6,24.0,56.7,42.0,141.44894366197184
70.6,175.6,42.2,94.3,84.4,94.6,112.0,54.8,36.1,35.2,21.0,28.5,17.2,14.7,60.0,27.4,84.5,50.8,43.1,22.1,55.6,40.9,134.34520547945206
79.1,170.1,42.7,103.1,89.3,102.0,120.1,61.5,40.0,36.7,21.3,30.5,17.8,15.5,58.7,26.6,82.4,47.5,39.5,24.4,58.0,43.7,153.82122186495175
88.7,175.1,41.8,112.8,90.4,100.1,125.0,65.6,42.0,41.2,23.8,33.1,18.6,16.5,57.4,26.9,82.2,49.8,40.8,27.3,57.3,44.7,172.05569620253164
87.1,180.1,44.1,103.2,88.0,101.8,120.8,62.4,42.3,39.1,23.9,30.3,18.5,15.7,61.2,27.5,83.3,46.7,40.3,24.9,60.0,43.2,153.2773770491803
87.4,173.7,41.3,102.8,90.3,107.7,115.0,67.2,43.4,38.4,23.3,30.7,17.0,14.3,56.5,25.4,81.6,46.7,38.7,23.8,59.3,40.4,142.3918918918919
81.2,178.5,40.5,104.6,90.1,103.2,115.5,62.5,40.0,37.5,22.0,30.5,17.6,16.0,62.1,28.0,86.2,51.2,40.8,27.4,56.8,42.0,158.91859649122807
87.5,177.1,42.4,104.7,98.0,101.7,120.8,65.0,42.8,40.0,22.8,30.7,17.8,15.5,59.3,27.1,87.7,51.4,39.9,24.9,54.4,42.7,163.35928338762216
77.2,177.1,42.8,96.2,84.7,100.1,113.3,62.6,41.7,37.5,20.7,30.2,16.8,14.1,59.5,27.7,86.9,45.0,44.2,23.7,57.3,41.2,134.39705882352942
65.4,158.0,40.7,94.9,81.1,93.7,112.5,59.1,39.2,33.8,21.0,30.6,15.6,14.4,52.0,23.6,75.8,42.8,35.9,22.6,55.5,39.4,149.93494423791822
87.2,168.5,43.7,111.4,100.5,106.9,123.1,66.4,40.1,37.2,21.6,31.5,17.1,15.3,56.0,25.9,79.0,46.0,38.1,27.6,58.0,41.2,165.30322580645162
70.0,167.5,44.3,97.1,87.5,91.6,113.8,54.8,36.3,33.9,19.5,28.3,16.7,14.1,55.5,24.6,80.2,48.2,39.0,22.6,57.2,39.5,151.78447653429603
78.5,167.5,41.4,103.3,94.4,96.6,115.6,60.8,38.6,39.7,21.0,30.7,17.4,14.3,56.3,26.4,81.9,45.2,36.8,24.4,57.2,38.2,163.95658362989326
87.0,169.0,44.1,111.8,98.0,101.3,117.0,60.4,44.2,41.5,23.3,31.6,18.1,15.0,57.6,25.1,82.0,44.6,41.5,27.9,57.4,42.0,180.5704467353952
70.0,159.3,41.3,102.7,83.6,92.3,114.3,58.2,38.7,37.5,21.0,29.9,15.4,13.8,55.1,23.8,76.2,42.1,36.1,24.6,56.4,39.3,159.71360294117648
82.4,173.7,42.1,106.4,96.5,100.8,115.6,59.8,39.3,37.8,20.0,31.3,17.3,14.5,57.3,25.9,85.7,50.0,41.8,26.7,57.8,41.1,149.52558139534884
81.3,169.3,44.6,107.3,94.9,100.8,116.9,62.3,40.6,38.5,21.5,31.8,15.8,14.2,56.3,24.8,79.8,49.0,38.4,24.7,58.5,41.3,148.70192926045016
87.3,170.6,45.1,108.8,96.8,99.2,119.4,61.5,41.4,40.8,22.9,33.2,17.8,14.6,57.5,25.6,82.0,50.5,41.9,26.7,58.7,41.5,155.6902356902357
78.7,188.8,41.3,96.8,83.6,96.7,118.8,57.4,39.8,37.8,22.7,30.8,18.0,16.6,64.2,29.0,95.2,49.0,45.4,21.7,57.2,44.5,132.17541528239204
74.8,170.6,41.2,102.0,81.5,99.2,119.0,60.4,37.7,35.2,20.5,29.8,16.3,15.0,61.2,27.5,87.5,46.0,38.6,25.1,57.3,40.7,152.26618705035972
79.3,184.1,43.2,98.7,81.2,96.6,118.3,57.1,38.5,36.8,22.8,31.3,17.8,15.3,61.7,26.7,92.2,48.8,42.1,23.1,57.7,43.0,145.16590909090908
94.2,190.6,45.3,106.1,103.7,105.1,124.3,61.3,39.3,39.4,23.1,33.0,18.1,15.5,64.0,29.0,93.1,51.7,45.0,25.1,58.3,44.8,164.66168831168832
86.7,186.6,43.1,99.4,92.5,101.8,117.5,61.2,40.0,39.0,22.9,32.9,18.1,15.8,63.1,28.0,92.7,49.6,44.1,24.2,58.3,42.4,132.75348837209305
88.9,178.8,42.8,112.7,100.8,100.8,126.6,60.2,37.0,39.7,22.2,29.8,17.7,15.7,63.2,28.1,86.3,50.5,41.4,29.2,60.7,43.0,171.255871886121
97.0,188.7,43.6,106.9,93.3,109.7,123.1,65.5,42.6,39.8,24.2,34.6,19.3,15.7,68.1,30.5,95.2,49.2,43.8,26.1,57.0,44.9,158.24013157894737
93.8,168.7,45.9,110.7,107.4,111.5,125.4,66.8,42.2,39.2,23.0,35.0,18.6,13.5,57.6,26.1,81.1,48.0,39.1,25.9,57.6,40.9,176.97434210526313
104.6,172.4,49.0,124.2,113.7,111.2,124.6,62.8,43.3,45.2,24.5,34.2,18.7,14.0,58.4,24.6,81.0,52.2,38.8,31.8,57.5,42.6,193.24285714285713
76.8,171.0,42.0,98.9,83.8,97.3,116.8,60.2,40.8,40.2,23.3,32.3,18.1,14.8,61.6,28.6,83.4,46.0,39.9,22.7,58.3,41.6,143.5985765124555
110.4,176.3,48.6,121.1,112.7,113.8,129.2,69.6,44.5,45.7,23.5,37.6,18.5,14.3,58.6,26.5,86.4,52.2,42.5,30.2,60.1,42.0,185.16819571865443
99.1,172.2,47.0,113.5,108.0,113.8,121.6,68.8,44.6,40.3,23.0,32.7,18.1,13.2,58.3,27.3,83.4,48.2,41.4,27.5,58.5,40.5,184.23767605633802
83.7,172.2,42.7,101.7,101.4,101.7,110.5,64.4,40.8,41.5,23.1,30.8,16.8,13.3,59.0,26.0,82.3,52.3,42.3,25.1,56.4,39.6,145.33723404255318
68.7,165.9,39.9,100.0,81.8,94.6,115.5,55.1,36.5,36.7,21.5,29.7,16.5,15.9,58.7,25.7,80.1,44.4,38.5,23.2,56.5,42.3,143.72759856630825
88.5,174.1,42.2,109.2,100.2,105.9,118.3,63.2,42.6,39.0,21.3,30.2,17.6,15.7,62.5,26.4,81.1,50.4,37.7,26.2,56.6,43.0,152.23973941368078
86.9,171.0,43.9,111.3,100.0,104.0,114.7,61.3,40.7,40.6,23.0,31.0,17.6,13.5,58.0,25.8,83.8,47.8,41.2,27.3,58.5,40.0,166.57142857142858
103.4,177.4,44.6,112.7,110.0,110.6,123.0,70.5,46.7,41.5,24.2,33.4,19.0,13.8,62.5,27.4,86.4,52.2,41.0,27.7,56.2,40.7,191.06487455197131
79.2,173.0,42.6,101.9,90.0,99.0,115.0,63.6,41.3,36.3,21.8,31.8,16.8,13.1,55.0,24.8,81.1,47.0,39.2,25.3,55.4,39.8,148.15248226950354
65.1,179.8,38.8,93.9,81.7,91.9,109.4,51.8,34.5,33.0,20.0,27.2,17.0,14.5,61.1,26.1,86.4,49.3,42.8,22.2,55.4,42.0,142.96804511278194
83.1,173.8,44.0,104.4,97.6,99.1,115.5,57.7,37.2,37.2,20.5,29.0,17.1,15.4,59.1,27.3,82.7,46.7,41.1,26.6,58.1,41.1,157.5157894736842
99.9,178.1,45.2,112.5,109.0,108.4,126.0,65.1,41.7,37.3,21.6,32.5,18.6,15.2,64.6,29.3,90.4,48.0,45.7,27.6,56.6,43.4,153.4090909090909
96.8,162.3,45.7,121.9,107.1,110.9,124.0,69.4,43.5,42.6,24.0,35.2,18.8,13.5,53.6,24.0,76.3,49.7,34.6,31.0,55.1,41.1,198.95384615384617
84.7,172.5,45.7,104.3,91.6,100.2,118.7,64.3,40.7,38.8,22.8,30.0,17.8,13.8,55.5,24.0,78.8,48.3,38.8,24.7,57.2,40.2,169.08703071672352
73.7,175.6,40.4,100.9,92.2,94.5,115.6,55.6,38.0,36.5,22.1,28.9,18.3,15.5,60.7,27.3,84.8,48.7,38.6,24.0,55.7,42.6,138.14496644295303
84.9,180.0,40.2,109.7,91.7,104.4,120.7,63.6,40.3,38.0,23.8,30.8,17.4,16.0,60.0,27.5,87.3,49.0,38.0,24.4,56.7,43.5,147.6029900332226
98.5,177.8,44.9,107.9,101.1,108.4,119.5,67.4,46.0,44.1,23.0,32.5,18.3,15.2,62.6,29.7,89.2,50.2,44.2,26.4,57.5,42.2,152.00777027027027
77.4,167.4,42.4,102.5,86.7,101.6,114.4,64.3,40.6,38.3,21.6,31.1,16.7,15.2,57.5,27.3,81.8,46.3,40.0,24.7,55.6,41.0,165.13888888888889
85.5,177.4,41.8,99.7,87.2,106.8,117.9,65.5,42.1,39.0,22.4,32.0,17.3,14.2,60.5,28.0,90.3,45.5,41.6,24.1,58.0,41.6,144.28415492957748
111.1,170.5,46.9,125.0,121.4,123.2,133.3,71.8,45.0,42.8,22.5,33.3,17.2,15.1,56.1,25.2,81.8,49.0,38.1,30.5,57.4,44.3,181.32716049382717
82.9,174.9,42.8,107.5,96.8,99.4,118.1,59.5,42.2,37.2,22.2,30.7,17.8,15.1,61.0,27.8,86.0,49.1,40.7,27.0,58.3,42.5,165.66780821917808
96.6,182.1,45.3,116.1,105.1,102.4,126.0,63.1,38.8,40.7,23.0,33.6,18.4,13.2,63.2,28.8,90.3,52.4,42.9,28.8,56.2,42.0,150.22523961661344
66.5,169.1,40.6,101.4,79.8,87.5,114.0,54.4,34.3,37.6,21.3,29.8,16.6,15.3,54.0,26.1,80.0,46.0,37.7,26.2,56.1,40.8,170.26119402985074
86.8,168.6,45.0,108.7,98.0,106.2,117.5,65.9,43.2,39.3,23.0,33.7,18.1,13.0,56.3,24.5,78.3,47.0,36.3,25.5,56.9,40.7,146.60197368421052
93.4,182.3,43.8,110.0,97.1,105.2,123.6,63.6,41.8,40.1,25.4,32.2,17.6,16.3,62.3,29.0,88.1,49.0,41.0,25.4,57.8,44.0,178.32764505119454
112.3,177.1,47.4,129.7,110.3,112.2,135.1,67.5,44.9,42.0,24.8,34.6,18.7,16.4,59.1,26.8,86.2,48.2,40.3,31.1,56.6,44.7,
95.4,175.0,45.0,111.7,99.8,107.7,121.2,68.1,45.5,42.2,24.1,33.6,18.3,13.2,56.6,24.8,82.3,50.1,37.0,27.7,59.8,40.8,155.7355769230769
77.6,168.7,40.3,101.7,88.3,100.3,114.5,62.5,41.3,39.0,22.6,29.3,15.8,15.5,56.1,24.6,79.3,47.5,36.0,25.4,56.8,40.7,153.2661971830986
72.7,164.2,41.8,101.4,87.0,93.2,114.4,61.7,38.9,36.7,19.6,30.3,16.2,14.2,55.2,24.6,78.9,44.8,36.6,22.4,56.0,41.0,146.4259927797834
91.5,173.4,42.6,113.2,104.3,105.8,116.0,67.1,43.0,42.7,21.8,31.5,16.7,13.0,57.1,25.7,81.1,51.0,35.6,28.1,58.6,40.5,159.880412371134
107.6,175.7,47.5,117.3,111.3,110.7,126.9,69.2,45.8,42.7,23.0,35.8,19.2,15.5,60.7,28.3,84.4,49.5,42.7,29.6,59.5,42.9,179.01666666666665
102.7,178.4,45.8,114.4,105.0,109.4,124.3,71.6,43.7,40.2,23.0,33.8,18.4,14.2,61.5,27.3,90.9,51.5,40.7,28.0,58.0,42.2,177.87586206896552
79.8,168.5,42.0,107.2,96.5,99.4,120.4,59.6,38.5,38.0,21.5,31.2,17.1,15.4,58.6,26.8,80.4,48.2,39.0,24.9,55.1,42.2,167.6810810810811
83.9,174.2,45.3,101.7,93.5,103.2,118.4,60.6,40.6,38.0,21.3,31.7,17.9,13.5,58.0,27.1,79.4,49.8,38.3,23.2,56.3,41.0,153.93367346938777
88.8,178.8,45.0,106.6,96.6,105.7,123.4,63.5,39.0,38.4,21.0,29.8,16.7,15.5,60.0,25.4,85.8,49.4,40.2,25.8,56.5,43.9,163.14121621621624
89.1,169.4,42.9,112.7,110.3,103.8,117.6,62.1,40.5,36.9,22.0,32.0,17.8,12.7,57.5,25.9,81.9,51.3,38.5,26.8,57.0,40.2,157.19644012944985
99.8,187.3,47.0,110.1,100.7,105.2,123.0,64.3,44.3,41.7,24.0,34.5,19.3,14.8,62.6,28.8,90.2,54.3,41.8,26.8,60.5,43.5,180.1958199356913
116.1,184.3,49.0,121.5,112.2,113.0,131.2,69.1,46.5,41.6,24.3,32.8,18.7,16.0,64.5,28.2,87.8,52.0,42.0,30.1,61.5,46.6,198.53943217665616
76.7,163.5,43.6,105.7,95.5,98.3,111.6,61.5,39.3,36.7,20.5,31.0,16.2,13.0,55.0,24.9,79.0,46.5,34.9,25.1,57.0,39.1,158.73807829181493
117.9,183.3,48.2,119.4,112.3,117.0,130.8,75.4,50.1,45.1,24.4,36.0,19.3,16.0,63.5,29.9,89.3,52.5,39.3,29.6,58.2,45.0,175.61103896103896
108.6,191.9,45.2,112.7,99.5,114.1,128.2,72.6,43.5,39.3,22.0,34.5,18.5,14.8,66.5,31.3,97.0,51.9,42.8,26.7,57.2,43.5,157.78
132.9,177.9,44.8,127.7,128.7,123.2,129.7,75.3,52.2,52.3,28.8,38.3,21.2,15.5,65.4,28.4,87.0,58.4,40.6,34.1,56.9,44.2,190.51682847896438
95.2,182.5,45.7,107.2,98.3,101.9,117.4,64.1,42.7,41.4,24.0,36.4,19.8,13.0,65.0,30.7,94.2,46.5,46.2,27.3,59.5,39.3,149.31428571428572
87.8,173.4,45.0,104.1,97.3,101.7,121.0,64.8,38.4,39.7,24.0,31.3,17.1,14.7,61.3,26.2,85.8,44.8,39.3,25.2,57.0,42.1,146.7986440677966
82.2,166.3,42.3,105.3,93.9,103.4,116.6,63.1,41.0,41.9,23.2,29.3,17.1,14.5,54.5,25.3,77.1,43.7,37.6,24.7,56.9,40.0,159.046875
87.0,171.8,42.8,108.8,100.0,107.6,118.6,65.6,42.7,40.2,23.2,31.0,17.3,13.5,57.4,25.8,83.2,48.2,38.1,24.8,57.0,40.0,147.02702702702703
95.4,181.4,44.7,108.0,89.3,105.7,119.7,69.0,44.9,39.4,23.0,33.6,18.0,14.0,61.0,28.3,87.3,49.4,44.1,26.1,59.0,42.3,145.45454545454547
83.5,176.0,43.1,106.6,99.6,100.8,114.1,62.3,42.1,36.5,21.2,31.4,18.0,13.5,62.4,26.8,87.6,46.9,37.2,26.7,56.7,40.2,164.99485294117648
67.2,163.1,40.5,97.7,84.7,91.2,106.7,55.3,36.6,35.6,21.5,26.8,16.3,13.6,57.0,25.3,78.2,46.5,38.7,23.9,55.7,38.4,152.23023255813956
93.8,174.0,45.4,114.9,105.8,101.6,120.3,60.7,40.0,39.7,22.5,32.8,18.8,15.0,61.5,25.9,83.4,52.3,41.2,29.1,55.7,42.3,173.11599999999999
91.3,174.9,44.4,110.6,98.8,103.7,127.4,63.5,39.5,39.8,22.5,31.3,17.3,15.8,61.6,27.4,87.0,46.8,39.7,26.4,57.5,43.8,184.33333333333334
94.7,175.7,47.3,114.4,102.9,106.9,123.1,63.5,41.0,39.8,22.7,32.8,17.6,15.0,59.4,27.1,85.8,49.6,39.2,27.8,58.0,43.4,161.26709677419356
96.4,187.0,45.2,112.4,106.2,103.7,118.1,63.4,42.0,39.6,22.5,31.1,18.4,14.1,63.0,27.3,90.6,52.0,41.1,27.5,58.5,42.3,166.352
72.0,175.4,40.5,97.1,79.3,94.1,110.0,53.5,38.2,36.6,21.2,29.6,18.3,13.2,59.3,26.7,84.4,47.0,41.3,25.1,56.7,39.5,152.53395522388058
66.6,170.0,39.4,94.8,80.5,94.3,107.4,57.7,36.9,35.0,21.5,27.9,16.8,13.1,57.6,26.1,82.1,43.8,38.4,23.7,57.0,37.6,129.27272727272725
70.0,168.3,41.3,103.4,87.3,91.8,115.7,55.3,35.9,33.4,20.3,30.5,16.0,14.1,56.8,25.8,80.6,46.7,38.0,25.1,54.7,40.4,148.51999999999998
76.7,171.7,42.4,105.6,93.1,94.3,112.0,59.6,37.2,38.5,20.0,29.9,17.2,13.8,59.0,25.8,81.9,45.7,41.5,25.7,54.3,39.7,144.6020905923345
78.5,182.0,44.5,96.9,83.5,94.7,113.3,57.0,37.7,38.5,22.7,30.7,18.4,15.1,62.6,28.0,87.1,51.0,40.2,22.9,56.5,42.3,129.2
120.9,170.5,54.5,133.6,122.3,120.7,131.8,75.3,51.6,44.2,24.6,36.3,20.4,15.5,56.2,25.8,79.4,53.0,36.6,33.2,58.5,44.8,
110.0,184.4,44.0,123.3,111.8,113.4,121.7,67.7,44.1,41.5,22.9,31.5,18.0,15.2,63.6,28.7,88.2,54.7,42.9,29.2,59.2,42.3,187.6126245847176
78.1,172.7,43.3,106.2,91.2,96.8,115.0,57.9,38.8,38.4,22.1,29.7,16.8,15.0,57.5,25.9,83.2,49.2,38.0,24.3,55.6,41.5,148.53887043189368
76.1,169.7,41.0,101.5,86.6,97.1,108.6,57.8,38.7,38.6,23.1,29.3,17.6,13.8,58.7,26.7,82.1,46.8,36.4,23.8,56.8,38.7,148.34615384615384
72.3,169.5,41.5,98.6,84.4,97.7,114.6,60.3,40.3,37.3,21.9,29.3,17.6,14.8,56.4,24.4,78.2,46.7,35.3,23.2,55.2,39.7,161.765625
82.0,178.1,43.0,98.7,86.0,98.4,116.0,58.3,39.2,40.2,22.1,32.7,18.4,14.2,60.5,27.2,84.9,49.0,39.0,24.4,58.1,41.1,144.80802919708032
79.8,178.4,41.8,107.2,93.0,101.1,117.4,58.2,37.3,37.5,22.3,31.4,17.9,15.0,61.8,28.0,84.5,49.0,40.4,24.1,55.2,42.4,137.87894736842105
77.9,171.9,42.3,102.4,89.8,97.2,112.7,62.2,41.5,36.8,20.0,29.7,16.7,13.1,61.1,28.2,87.1,46.6,42.2,24.2,56.7,39.2,155.584496124031
79.8,175.7,42.2,103.7,88.0,103.7,119.6,62.1,39.4,40.7,22.0,28.9,16.4,15.5,59.0,26.6,83.2,47.5,35.8,24.2,56.1,43.7,148.08956834532373
68.0,174.4,41.1,94.9,82.6,92.3,112.2,54.6,35.0,34.9,20.8,29.4,18.5,14.1,61.1,27.8,85.3,47.5,41.7,23.1,54.2,41.2,145.66046511627908
109.6,178.7,45.7,125.4,105.2,110.3,128.4,71.0,43.6,44.7,24.9,35.3,19.0,14.8,60.5,27.2,85.8,49.4,43.9,30.9,60.0,42.9,
85.8,173.3,43.5,113.0,98.2,99.7,118.9,59.3,39.5,39.2,23.0,30.6,18.4,16.0,58.0,26.5,81.2,51.6,40.2,28.2,57.5,42.2,167.31929824561402
82.9,169.8,40.5,107.7,101.0,103.7,111.8,58.3,40.6,39.5,23.5,28.3,16.9,14.2,56.6,26.0,80.2,52.5,34.6,26.8,53.4,40.4,164.76492537313433
116.2,187.4,45.1,117.4,107.3,115.9,131.2,69.7,46.8,48.8,26.8,35.8,19.7,18.1,60.5,27.1,87.6,54.5,39.0,27.4,60.0,47.1,165.34147909967845
77.4,177.4,42.7,99.9,88.7,100.2,116.3,58.8,39.3,35.2,21.5,29.7,17.3,14.7,61.6,26.9,86.7,47.8,39.5,24.6,55.3,42.4,143.49896907216495
98.9,182.3,43.8,109.3,102.4,110.6,121.8,66.9,42.2,39.4,23.9,33.2,18.8,15.6,61.0,26.8,87.8,50.7,42.6,26.3,58.0,42.2,166.78896103896105
84.4,175.3,43.3,107.1,85.0,99.4,120.5,60.8,40.3,40.7,22.7,32.7,17.3,16.4,61.5,27.1,86.1,48.4,38.8,24.9,57.4,43.7,141.6808777429467
85.1,179.3,45.1,110.6,87.0,100.3,122.8,60.7,41.7,41.0,24.5,32.0,17.7,15.0,59.8,26.6,83.3,47.0,40.2,24.6,61.5,43.6,165.17712418300655
73.1,167.9,40.5,102.4,89.7,94.7,117.4,56.3,37.6,36.5,20.5,30.2,15.9,14.5,57.4,25.0,83.9,48.3,38.5,25.2,53.8,40.3,173.05977859778596
77.6,168.2,42.5,103.8,94.8,99.0,117.8,62.3,41.8,36.0,21.5,32.0,17.6,14.0,57.7,25.2,81.7,46.7,40.6,24.9,54.0,39.5,152.43356643356645
75.4,176.1,42.0,99.4,78.9,97.7,115.3,58.7,38.1,38.3,22.5,29.0,17.3,14.7,59.6,27.0,84.3,44.3,37.7,23.4,58.0,41.0,153.19713261648744
96.3,171.7,47.7,114.9,101.0,106.7,123.2,67.8,44.6,43.0,23.5,33.3,18.1,14.0,57.1,26.2,82.3,48.2,37.0,28.7,58.4,41.7,188.01818181818183
86.3,175.5,42.9,104.4,95.5,104.3,118.2,63.4,41.4,41.0,23.8,29.8,17.6,14.2,59.0,26.2,82.7,48.2,39.4,24.2,56.2,41.5,153.63210702341138
92.8,168.1,45.8,118.0,98.5,105.4,127.2,62.6,40.4,42.7,23.3,33.1,17.6,14.3,58.0,26.4,80.5,48.5,40.7,28.1,56.7,43.5,169.04702194357367
83.6,180.0,42.2,104.3,97.5,98.5,117.6,57.2,40.5,38.6,22.7,29.3,18.1,15.0,60.5,27.3,85.0,55.0,41.9,26.1,57.5,42.6,152.10416666666666
136.9,186.2,45.8,126.5,132.5,128.1,134.2,82.3,49.5,48.4,26.7,34.6,19.4,16.3,62.5,27.6,88.2,57.2,42.3,32.6,58.2,45.0,183.5929203539823
86.1,170.6,43.1,105.8,102.6,101.1,115.0,63.8,40.7,39.5,22.5,30.0,17.0,12.8,58.4,25.8,82.2,49.1,39.9,26.6,57.2,38.9,159.6280701754386
78.6,178.8,41.8,100.7,92.6,98.2,117.2,58.2,37.3,36.5,21.0,29.3,17.6,15.3,57.8,26.7,86.3,51.1,42.0,24.4,55.5,41.7,132.96654929577466
105.5,171.2,45.2,117.7,110.0,112.4,133.0,71.2,44.5,44.2,24.0,32.1,18.2,17.5,57.7,26.9,81.9,47.6,38.3,28.6,56.8,46.2,194.2621359223301
69.3,166.3,38.6,95.0,82.5,96.7,106.5,58.9,39.8,36.5,21.9,28.5,16.5,14.1,58.5,27.2,79.8,45.7,38.5,22.5,56.8,40.0,124.64285714285714
68.3,167.5,41.0,95.3,80.0,93.2,111.1,58.1,37.3,35.5,20.8,29.1,16.4,14.7,54.9,25.3,82.2,43.1,37.8,22.5,57.3,39.8,135.44468864468865
58.7,170.7,38.3,88.8,72.9,86.2,109.0,51.5,34.0,32.1,19.7,27.0,16.5,15.4,55.8,26.2,78.6,44.5,38.9,21.4,56.7,41.2,138.05625
71.2,163.5,40.9,99.9,85.0,101.1,110.6,61.2,40.4,37.3,21.6,28.0,16.2,12.8,57.5,26.7,80.1,42.5,37.2,25.9,53.0,39.1,130.20674157303372
74.6,169.4,42.4,102.9,89.1,96.4,115.3,59.0,39.3,37.0,22.4,28.3,16.7,16.3,57.0,26.7,82.5,49.5,38.9,23.9,56.7,42.4,162.32112676056337
99.5,174.0,45.4,122.3,109.7,107.4,127.0,66.1,43.7,39.5,22.3,31.5,18.3,15.0,62.0,28.0,81.7,48.5,42.7,30.1,57.6,44.7,194.37648902821314
84.7,168.0,42.2,106.8,93.8,104.4,121.4,67.7,43.5,42.5,23.0,30.5,17.8,16.8,58.1,26.1,80.7,48.8,39.3,24.7,56.0,42.5,155.18255033557045
128.5,188.5,48.6,124.6,111.0,117.7,136.0,72.9,49.9,46.0,27.2,38.0,21.2,16.5,66.5,29.4,96.1,50.4,48.2,32.2,60.8,46.0,192.67220447284348
83.0,169.8,43.8,107.4,95.3,101.6,117.8,62.5,39.5,38.6,20.5,29.7,17.2,14.8,60.5,27.5,81.2,50.7,38.8,25.4,58.7,41.8,158.15753424657532
88.1,184.8,43.3,99.4,89.3,104.2,119.5,63.9,42.2,39.3,23.2,31.5,17.6,15.8,62.6,27.8,91.4,48.6,46.7,24.1,57.2,42.4,132.53333333333333
89.7,169.7,45.4,110.5,99.1,106.9,122.0,66.7,43.9,40.0,23.3,31.2,17.5,14.0,58.5,26.3,78.1,49.3,36.7,26.9,56.7,43.0,169.8564189189189
86.2,181.4,40.7,108.2,89.7,103.2,119.0,62.5,41.2,40.2,24.0,32.0,18.5,14.8,64.6,28.3,91.3,46.0,38.3,28.5,55.5,41.5,163.32075471698116
97.9,181.9,42.5,105.2,98.6,110.6,122.0,69.2,43.4,41.3,24.5,30.1,18.4,16.5,62.2,29.8,92.2,47.0,43.8,25.5,60.3,43.3,160.8941176470588
86.8,172.8,39.1,102.2,91.7,102.3,116.0,67.6,44.1,40.9,24.2,30.6,18.4,15.7,60.6,27.7,88.7,42.8,42.3,24.6,58.8,42.0,139.29750889679715
69.3,172.3,40.9,98.6,73.1,90.3,117.0,54.3,35.3,34.7,21.2,28.9,16.2,16.3,59.5,27.9,85.1,43.6,41.0,23.1,58.8,43.0,147.35824175824175
88.8,180.8,44.3,111.1,97.8,100.2,118.0,62.7,39.8,36.3,22.8,29.9,18.2,14.8,61.5,27.0,84.4,51.5,42.5,25.7,60.0,43.0,166.11757188498405
75.8,178.6,41.7,98.6,88.4,96.8,113.8,58.1,37.5,35.9,22.3,28.0,16.8,14.0,57.0,26.6,89.7,48.2,43.2,22.5,56.3,40.7,141.77777777777777
70.3,169.6,41.5,95.0,78.0,90.5,115.7,56.8,37.8,34.7,20.6,30.1,16.8,15.3,58.5,29.6,87.1,45.4,43.2,22.7,58.1,40.8,146.42857142857142
74.3,174.7,42.7,100.5,84.5,96.4,112.5,59.2,38.4,37.7,23.2,29.5,16.6,13.7,57.8,24.8,81.5,48.7,36.5,23.6,56.6,42.0,149.84296028880868
92.6,177.5,42.8,102.5,89.6,107.7,121.2,68.2,43.0,38.7,22.5,31.6,17.5,15.6,65.0,29.5,89.8,47.4,39.6,24.0,57.7,42.6,145.69397993311037
90.3,180.2,44.2,105.3,99.1,104.6,119.0,63.8,42.5,39.9,24.0,31.0,17.6,14.2,62.5,26.7,86.5,49.4,38.7,25.4,57.8,39.8,145.90588235294118
90.8,189.1,44.3,109.2,87.7,101.8,126.4,60.2,39.7,39.3,22.7,31.3,18.0,18.1,63.0,26.9,94.1,50.3,43.6,27.5,57.5,46.0,172.09611307420496
56.3,166.5,39.3,87.9,72.1,86.5,106.0,48.4,33.0,33.9,20.2,27.0,16.4,15.5,54.6,25.6,77.1,45.0,37.4,19.1,54.8,40.5,130.26906474820143
133.6,180.0,44.0,128.2,133.4,128.1,130.1,80.3,49.9,46.0,26.8,34.8,19.3,15.0,62.0,28.3,86.4,53.8,40.0,32.7,55.9,43.2,179.48
87.9,179.3,44.9,100.9,89.2,103.5,121.2,67.5,43.0,37.8,21.7,31.2,17.0,14.8,59.5,28.6,89.7,50.4,44.5,25.9,57.6,40.7,169.48046875
83.9,170.1,40.5,106.4,95.3,100.8,120.2,62.9,39.7,36.2,21.4,30.3,16.5,14.0,60.5,27.1,79.7,46.1,36.9,26.8,57.4,40.8,168.75897435897434
76.9,180.8,42.4,98.5,80.0,95.5,121.3,57.7,37.1,36.5,21.8,31.7,17.7,16.8,63.3,29.5,92.6,42.3,42.4,21.8,55.0,44.3,147.91808873720134
80.7,176.5,40.4,104.4,92.8,99.6,115.0,59.8,37.2,37.0,21.9,30.7,17.5,15.0,58.6,27.2,83.2,47.6,37.9,24.6,57.9,40.7,127.3531914893617
112.1,187.4,49.1,127.2,104.2,110.2,127.6,67.3,42.9,41.9,24.3,33.8,19.0,14.5,66.4,30.2,91.5,53.1,41.9,33.3,58.5,44.0,185.5
67.6,168.6,39.5,97.0,79.4,94.2,112.4,58.1,38.5,36.0,22.5,28.6,17.0,15.6,56.9,24.8,76.5,47.4,35.8,23.5,55.8,40.0,136.0147601476015
100.4,167.6,44.1,118.5,111.7,114.3,125.7,71.8,44.1,41.3,22.5,33.7,17.7,14.5,54.1,24.5,79.5,45.7,36.8,29.9,58.6,41.7,177.75
78.1,168.9,43.7,107.2,90.8,101.0,120.6,60.8,36.3,35.9,21.5,30.8,17.2,14.1,58.2,26.0,82.5,42.0,39.9,25.5,58.1,41.2,167.8576512455516
70.9,171.1,40.1,97.9,80.0,92.5,115.4,54.4,36.5,37.0,22.8,31.0,18.1,14.3,60.3,28.0,87.0,41.8,40.8,22.8,57.7,40.6,142.5561403508772
79.0,188.7,43.7,93.2,78.3,99.8,115.4,62.3,37.5,36.5,23.3,30.0,16.7,17.6,63.8,29.7,95.1,46.0,45.0,20.0,58.1,43.1,131.47857142857146
68.8,172.5,41.5,93.2,78.5,92.7,112.8,56.3,37.8,34.2,22.3,28.8,17.3,14.2,60.2,27.8,84.7,44.7,38.4,22.0,59.1,40.6,127.6283582089552
74.8,176.2,41.4,98.9,79.9,91.8,116.6,59.2,38.2,37.5,22.5,32.5,17.5,14.0,59.1,28.4,89.0,44.2,43.9,22.6,56.7,40.0,123.625
74.6,168.9,43.3,99.2,86.5,98.6,111.4,59.7,39.5,36.4,23.3,30.6,18.0,13.5,55.1,25.3,79.4,47.0,36.8,22.9,57.2,39.6,140.8
94.5,173.5,44.3,115.5,106.2,109.4,126.6,66.2,42.0,41.2,22.2,33.3,18.6,16.4,57.3,27.1,83.0,50.2,40.0,25.7,55.5,44.4,173.79310344827587
79.7,170.8,43.8,102.4,93.6,101.1,115.6,60.1,39.8,38.5,23.2,30.2,16.8,13.8,57.5,26.2,82.2,47.8,36.7,23.6,55.0,40.3,151.12827586206896
87.7,178.0,42.8,107.6,94.3,104.4,120.0,63.4,40.7,41.0,23.8,29.4,17.3,15.7,59.0,25.9,84.0,50.4,39.0,25.3,58.2,43.4,169.5068493150685
79.9,178.3,41.8,100.4,97.3,99.2,114.2,58.8,37.5,35.5,21.0,28.9,17.4,15.0,60.5,27.6,87.0,50.9,42.1,24.7,53.4,40.8,146.7942238267148
90.0,177.8,41.5,110.5,96.5,108.6,122.7,67.2,42.0,35.7,20.8,31.4,17.3,15.3,61.0,27.8,88.4,48.5,41.4,26.9,57.4,42.2,165.37157534246575
94.3,181.4,43.3,110.2,101.5,98.7,118.8,62.4,41.2,37.9,21.5,32.0,18.7,15.5,67.1,29.5,95.9,48.0,43.1,28.3,57.5,42.4,157.20286738351254
93.3,167.5,45.9,118.2,106.3,102.4,120.2,61.9,40.6,39.6,22.5,33.2,17.5,14.5,57.0,25.1,79.5,49.2,38.1,30.4,57.4,39.4,187.68243243243245
87.8,173.3,46.3,108.8,96.5,101.8,120.1,63.3,42.0,36.2,20.7,30.3,17.8,14.8,59.4,26.3,87.0,48.3,42.2,26.0,57.0,42.0,164.2736842105263
57.2,160.5,39.4,93.7,78.7,87.7,107.1,52.5,34.0,32.0,19.1,28.8,15.3,14.1,50.8,23.2,73.3,44.3,36.2,22.2,54.8,37.6,133.5723404255319
107.9,173.8,46.0,120.2,109.6,109.4,126.0,65.3,45.9,45.5,25.3,32.5,18.4,13.8,58.0,25.0,84.7,51.2,36.0,30.1,58.2,40.5,
79.1,171.1,42.0,105.4,94.3,101.1,110.0,58.1,39.0,36.9,21.9,30.6,17.5,12.6,60.4,27.5,86.1,45.6,40.7,25.5,56.0,39.3,153.3411371237458
78.0,166.5,43.0,109.7,93.0,99.7,114.2,61.0,36.7,36.0,21.0,31.9,17.1,14.3,59.0,27.5,81.2,44.3,39.5,24.6,56.0,41.3,156.01777777777778
91.2,181.2,47.5,113.2,95.5,98.3,122.0,58.6,38.7,40.2,23.5,32.8,17.8,15.5,60.0,26.8,84.8,51.5,42.6,27.9,57.0,44.0,167.56578947368422
116.6,182.3,50.3,122.4,112.7,115.4,139.0,70.9,43.4,41.6,23.8,36.0,19.4,16.8,59.6,27.7,87.3,49.0,44.0,28.4,62.5,46.8,185.82545454545453
110.7,180.1,45.4,117.4,114.0,117.2,124.3,73.8,47.6,44.3,24.0,36.0,19.8,16.3,63.5,27.8,92.4,52.3,40.8,28.1,58.0,43.5,177.0622950819672
96.3,175.0,42.0,114.3,104.1,111.4,118.3,66.8,42.2,40.3,22.6,31.2,17.5,15.3,61.7,27.8,84.2,48.0,38.4,27.8,56.9,42.1,168.30582524271844
95.2,168.6,41.9,115.8,108.1,111.7,120.9,68.8,45.3,43.6,23.3,32.6,17.9,14.2,57.4,28.0,85.5,46.6,38.8,27.7,54.3,39.4,175.69655172413792
105.5,180.2,46.9,117.6,106.0,112.7,125.0,69.0,43.3,40.4,23.2,34.1,18.2,14.4,61.3,27.8,86.6,49.8,41.3,28.4,58.5,42.9,166.94006309148264
98.2,182.0,45.4,110.3,98.3,105.4,124.0,65.7,44.2,39.2,23.2,34.7,19.2,15.0,65.4,29.0,90.3,52.0,42.7,27.6,56.5,42.3,170.1055194805195
96.5,175.7,46.4,113.7,104.6,105.3,118.3,63.8,43.0,41.2,22.9,33.6,18.1,13.8,57.5,26.8,83.5,52.2,40.3,29.7,55.3,40.5,191.89368421052632
95.9,178.0,42.5,110.8,112.9,107.6,118.6,65.0,41.6,39.6,22.7,30.3,18.0,16.3,63.0,27.8,84.1,52.8,45.2,27.2,56.0,43.3,166.37928802588996
76.7,178.0,42.3,103.2,88.2,95.6,114.2,57.8,40.9,39.5,22.2,31.8,17.5,13.2,64.0,29.0,91.6,45.3,41.6,25.2,55.6,39.7,150.85963636363638
84.5,168.2,42.9,107.7,95.7,102.0,120.6,63.7,42.4,40.7,23.2,33.3,17.3,14.6,56.5,26.0,81.3,46.3,40.9,25.2,58.1,41.5,161.92395833333336
95.7,171.1,45.9,117.3,106.7,110.6,126.0,65.6,41.2,40.6,22.3,32.6,17.9,15.3,57.5,26.5,78.9,48.9,36.4,28.1,56.9,43.7,180.75737704918032
80.9,167.9,41.9,110.4,93.1,99.9,118.4,63.0,39.4,37.3,22.0,31.4,16.8,13.1,58.6,27.4,85.5,45.3,38.2,27.8,59.1,39.3,167.39350180505414
84.0,167.4,43.3,111.7,96.6,102.1,117.7,62.1,41.0,39.1,21.5,31.0,17.0,14.7,58.5,25.2,80.1,45.0,37.8,28.6,57.8,40.6,178.40972222222223
84.3,175.5,42.5,102.4,93.1,98.9,117.7,60.5,39.6,36.2,21.3,32.9,17.8,15.4,60.5,30.3,87.2,50.0,40.5,25.0,56.0,41.2,157.62285714285716
84.2,170.6,41.6,107.6,98.1,105.8,120.1,68.8,40.3,39.3,22.0,32.3,16.9,15.0,58.1,26.6,83.2,48.1,36.9,25.6,58.8,41.2,164.86508474576272
87.0,185.0,42.4,105.8,92.4,105.4,119.1,61.2,40.5,41.2,23.4,33.3,19.0,15.6,63.0,28.4,90.2,48.0,43.3,24.7,57.1,43.8,143.16171617161714
64.9,167.6,40.8,94.9,81.4,93.2,111.8,55.7,34.7,34.3,20.3,27.5,15.7,14.8,56.4,25.1,82.3,44.5,39.1,23.4,53.5,40.9,140.31906614785993
94.4,190.8,44.8,105.7,97.6,103.2,121.3,61.4,41.2,40.0,23.7,30.4,18.3,16.2,65.7,29.7,91.0,50.7,45.1,25.8,61.0,45.3,156.8
92.6,182.5,45.5,108.2,102.5,101.7,125.0,63.9,42.4,39.5,22.8,32.3,17.2,15.9,61.5,27.7,84.1,52.0,39.9,24.9,58.3,44.3,147.23417721518985
97.3,179.9,45.0,121.7,103.8,103.6,124.0,61.7,42.1,40.9,24.0,33.0,18.1,15.5,63.5,29.0,91.5,50.5,40.1,31.1,58.5,42.5,188.0473520249221
81.0,181.0,41.5,101.6,93.9,100.2,108.9,58.5,39.3,36.9,22.0,29.5,18.0,14.5,64.7,29.7,88.5,49.3,40.4,24.6,55.5,39.1,154.52471482889732
80.2,179.2,42.8,105.2,89.9,99.1,120.5,61.3,37.8,35.8,20.3,32.1,17.3,17.5,60.5,27.3,87.6,47.5,42.6,23.4,56.0,44.4,145.88710801393728
66.7,172.2,40.6,92.3,79.6,88.8,110.3,52.2,36.1,38.3,22.5,30.0,16.6,15.3,56.0,25.4,84.5,44.3,42.0,21.4,58.0,40.6,126.34220532319391
84.0,171.3,43.5,105.6,93.7,102.4,122.0,64.2,42.2,39.1,23.1,30.6,17.7,15.3,58.7,25.8,82.5,46.5,34.6,25.2,57.5,41.8,149.3684210526316
92.3,177.5,45.0,115.5,98.3,102.8,125.3,63.7,41.2,38.6,23.2,34.7,17.8,14.5,59.5,25.6,86.5,45.3,41.2,26.8,58.2,43.0,174.88958990536275
88.7,186.1,44.2,111.0,84.5,98.1,129.0,60.2,37.7,38.5,22.2,33.8,17.8,14.9,64.5,29.5,96.7,47.0,43.8,26.1,58.8,44.6,175.77917981072557
79.0,166.0,42.2,103.6,95.7,100.5,115.0,61.3,41.6,39.4,22.0,30.4,16.8,15.2,54.5,24.7,77.3,42.6,37.4,23.8,55.9,41.2,149.2251655629139
110.2,175.4,45.1,123.7,116.7,117.8,125.5,73.0,46.0,41.8,23.0,33.9,18.8,14.1,58.0,26.6,81.2,51.4,37.5,30.4,57.5,41.9,180.85253164556963
82.9,176.2,42.6,104.3,93.9,100.8,108.5,60.9,41.0,41.7,23.0,29.2,17.0,12.4,59.2,27.5,85.1,48.3,39.9,25.8,54.7,37.4,148.46975088967972
88.3,172.4,46.5,106.8,102.5,104.9,115.5,65.2,41.5,38.2,23.2,32.1,17.3,11.9,59.8,25.8,83.3,48.3,39.9,26.4,55.7,37.8,165.12340425531914
82.6,162.7,43.3,117.7,103.9,101.5,113.0,58.0,39.8,35.3,21.2,29.6,18.0,14.3,55.5,24.1,78.9,45.7,35.1,30.4,57.4,39.0,186.7355769230769
107.4,173.1,44.2,115.8,107.3,119.1,123.6,76.5,43.4,44.5,24.6,33.6,18.3,15.0,57.0,24.9,81.2,48.0,37.1,28.1,57.4,41.0,175.2236842105263
75.0,186.2,42.0,99.2,90.0,96.8,111.8,56.2,35.3,32.3,20.0,28.0,16.8,14.7,64.3,28.9,87.5,50.7,43.4,23.6,56.5,39.5,142.57777777777775
100.4,183.4,43.3,112.8,110.0,109.8,118.0,67.9,43.8,41.4,23.3,29.8,17.9,13.0,62.0,27.6,84.4,49.4,41.7,25.5,56.5,39.4,172.61818181818182
126.4,188.1,47.3,128.7,112.8,118.3,137.0,77.2,48.3,45.5,25.6,36.0,19.4,13.4,65.1,28.7,93.3,49.2,41.9,31.8,61.2,42.8,184.14000000000001
95.7,177.0,42.2,112.0,104.2,110.6,119.2,69.9,46.9,40.7,22.0,33.0,18.0,14.6,59.0,26.4,85.2,46.0,39.4,27.1,53.6,40.0,164.16938110749186
89.4,167.5,45.3,110.4,102.8,107.3,123.1,68.0,43.6,40.5,22.7,31.7,17.5,14.2,57.5,25.6,80.5,44.1,35.0,27.6,59.0,42.2,155.595
84.9,172.1,43.8,106.7,98.7,104.1,118.2,61.7,41.2,40.3,22.2,32.5,18.2,15.2,59.1,27.3,86.0,45.7,38.9,25.1,58.5,42.2,162.4908496732026
93.0,167.3,45.4,112.6,105.2,107.8,118.0,67.6,43.3,38.8,23.0,33.9,18.5,15.0,53.9,25.0,78.9,46.8,35.0,26.7,58.0,41.7,145.07398119122257
119.3,190.9,50.6,121.8,113.7,113.5,134.4,69.6,42.3,42.3,23.3,38.3,18.8,15.6,68.5,31.5,96.2,54.0,43.1,29.8,59.2,46.6,192.49779179810724
104.2,175.0,48.8,114.2,108.0,109.3,126.5,72.8,45.5,45.0,24.2,36.1,19.2,15.6,56.6,26.7,82.8,49.5,42.2,27.2,57.5,43.4,155.8920634920635
90.7,178.0,44.3,108.6,100.5,101.7,122.0,62.9,41.2,41.2,22.7,31.7,17.8,16.0,63.0,29.2,88.0,49.4,38.8,25.4,59.5,41.6,155.9567213114754
68.2,184.0,40.1,92.8,75.7,94.5,113.1,52.4,35.3,34.6,20.7,28.1,17.3,16.5,65.0,28.0,91.3,45.7,42.6,21.1,56.8,40.3,133.83401360544218
90.2,187.3,44.5,108.9,93.2,102.8,118.4,62.6,40.6,38.5,22.4,31.0,18.0,14.3,67.0,30.4,97.1,48.7,44.6,25.2,57.5,41.9,170.45217391304348
118.9,178.0,51.0,125.3,114.7,114.4,131.6,69.6,48.5,44.9,25.0,34.8,19.1,14.5,59.2,27.9,83.9,48.2,41.6,31.2,58.5,44.7,189.51624999999999
92.2,176.8,48.9,117.6,105.4,105.4,122.4,63.9,37.5,37.2,22.0,30.7,18.0,14.5,60.0,27.5,87.7,49.0,42.5,28.8,58.5,41.9,178.89454545454547
101.0,182.1,45.5,115.1,95.0,108.7,125.9,67.2,43.1,43.3,25.2,34.3,18.9,14.7,64.5,29.7,92.2,49.1,44.6,28.3,57.3,44.8,167.2060810810811
79.6,169.8,45.8,112.3,95.3,96.1,118.0,57.3,36.9,37.2,21.9,31.5,17.4,15.5,56.6,25.5,79.0,50.5,38.9,26.8,56.0,42.2,164.70666666666665
104.9,169.0,46.5,123.3,112.0,111.5,126.1,71.7,44.7,41.5,23.2,34.1,18.0,14.0,59.7,27.4,79.3,48.2,38.5,31.3,57.1,41.7,
99.4,177.3,45.9,111.7,106.8,110.3,121.5,67.8,42.0,42.8,25.3,31.4,17.9,15.0,55.5,26.0,84.5,48.7,42.1,26.8,59.2,42.7,176.64186046511628
85.9,174.4,46.2,107.9,95.8,100.8,121.0,61.7,39.0,38.4,22.0,31.0,17.5,14.2,58.5,27.2,83.0,48.0,40.2,24.2,55.7,42.1,142.9920972644377
72.9,173.3,40.0,98.8,78.8,96.9,106.1,58.8,41.0,37.3,22.7,28.4,16.1,15.0,57.5,26.4,80.0,48.6,36.4,24.1,56.5,38.6,132.58088235294116
69.6,181.3,42.4,93.2,80.8,95.4,112.0,52.9,35.8,31.3,20.7,30.0,17.3,15.0,58.3,26.2,84.7,50.1,41.1,21.7,58.7,41.4,134.32740213523132
103.8,183.4,48.0,117.9,116.5,108.3,120.6,61.9,40.5,40.0,21.9,30.9,18.5,13.6,65.1,28.4,90.0,48.5,43.4,30.9,59.2,41.7,185.50136518771333
94.4,186.4,44.8,104.5,95.0,109.7,120.4,64.6,42.3,40.5,24.6,34.6,18.8,15.0,61.0,28.0,87.9,49.1,42.1,24.3,56.9,42.0,157.27777777777777
137.5,188.5,46.6,127.6,130.0,126.8,134.8,82.0,50.0,48.0,27.3,35.4,19.3,13.0,64.5,28.6,89.3,55.5,43.7,31.3,57.7,41.3,184.76184971098266
85.3,180.7,42.0,106.7,97.6,100.4,114.4,60.6,42.8,38.5,23.2,32.2,17.1,15.4,60.5,28.4,88.2,48.8,41.0,25.6,60.0,42.2,152.5308724832215
84.3,180.0,43.3,105.3,85.5,101.8,114.4,64.6,40.6,38.5,21.7,31.2,16.9,14.5,60.7,26.5,86.6,46.7,42.0,27.6,56.8,40.8,149.71745454545456
66.0,172.5,40.5,90.1,77.7,90.4,106.0,56.2,36.1,36.6,20.7,28.3,16.0,13.3,58.3,27.9,83.8,44.6,40.4,20.6,56.7,37.8,137.839552238806
93.7,174.8,44.9,113.6,107.7,108.6,117.5,64.7,42.5,42.4,23.5,28.8,17.3,13.8,60.0,26.5,84.7,51.5,37.7,28.1,56.0,41.3,187.15118644067798
94.1,176.3,41.2,114.6,103.3,107.7,121.5,66.8,41.7,40.7,22.6,32.2,17.5,14.5,61.0,28.7,87.7,47.0,41.6,29.2,56.3,40.4,174.956
77.0,172.8,42.4,102.4,96.1,97.7,111.7,56.8,39.2,35.5,21.2,30.0,17.7,14.1,58.1,26.1,84.6,48.9,35.2,25.4,57.3,40.6,141.54266211604096
93.7,170.8,40.5,112.2,111.8,108.2,119.7,66.9,44.4,39.6,22.7,31.2,17.1,14.6,58.8,27.2,81.5,50.4,38.1,27.1,55.0,41.5,172.01393728222996
67.3,165.7,40.8,94.2,78.6,96.2,111.1,57.4,36.2,36.5,21.9,29.0,17.8,12.5,55.1,25.3,79.1,42.2,37.1,22.2,56.8,38.2,135.30545454545455
83.0,174.0,42.3,105.4,96.6,104.6,114.1,64.2,43.0,38.8,22.3,30.7,17.9,14.8,58.5,26.7,83.5,48.0,38.4,26.1,55.0,40.9,159.36769759450172
78.3,168.6,42.8,106.3,90.7,95.1,116.2,60.4,38.9,38.7,21.3,30.5,17.1,13.5,60.6,27.8,82.7,45.2,40.0,25.4,56.7,40.7,151.32986111111111
90.0,162.1,42.8,111.4,102.5,106.1,120.4,70.0,44.6,44.0,24.3,33.4,17.4,14.3,55.1,25.3,73.6,45.6,35.6,27.2,58.0,42.0,169.99100346020762
67.3,162.3,41.4,94.5,79.5,95.2,109.8,58.7,37.7,37.0,21.5,29.4,16.0,12.3,52.0,23.2,75.2,44.0,34.6,22.4,56.3,38.5,128.86363636363635
79.0,162.9,38.7,103.9,89.3,102.5,121.1,65.8,41.6,38.9,22.3,30.4,16.2,15.0,55.0,25.0,76.2,43.8,37.1,25.3,57.0,41.0,147.76089965397924
101.5,170.7,48.5,117.7,110.8,110.6,126.4,69.2,43.6,40.6,23.3,34.1,19.3,15.1,60.0,27.6,81.2,47.2,38.1,29.2,59.2,43.2,198.02229729729729
57.4,171.7,39.0,91.6,73.6,83.6,108.9,49.8,32.5,32.3,20.2,25.6,15.8,16.9,58.8,25.7,89.6,46.4,43.9,20.9,54.5,41.2,141.05072463768116
76.5,176.7,39.4,94.6,89.0,103.9,112.5,63.3,41.6,38.5,23.0,29.7,17.1,16.1,58.5,26.6,83.6,50.1,37.7,21.8,57.6,41.4,138.6080586080586
91.9,184.7,44.6,109.4,91.4,102.8,120.2,62.5,41.5,40.3,24.0,32.6,17.6,15.4,64.0,29.0,91.4,50.4,41.7,26.5,58.3,42.9,154.300325732899
79.7,179.0,39.4,102.4,85.1,97.3,113.5,57.6,38.1,39.6,23.3,30.6,17.5,13.9,63.5,27.8,90.2,46.4,40.5,26.4,55.7,39.0,166.2089552238806
73.1,169.7,42.5,96.1,84.1,98.3,109.3,61.9,41.1,35.9,21.2,31.2,16.7,12.2,58.2,26.9,84.6,44.6,38.3,23.2,57.3,38.2,146.7709090909091
106.5,175.8,44.2,120.9,117.6,109.7,123.7,65.6,47.0,44.2,24.0,32.4,18.7,14.7,58.5,26.4,84.2,52.7,40.1,30.1,60.0,41.0,183.3
67.5,164.3,41.0,105.3,90.8,90.8,111.4,55.1,34.3,33.2,19.1,26.3,15.2,13.8,56.0,25.7,78.6,45.6,38.4,24.8,57.2,39.9,159.940206185567
77.8,175.3,43.5,106.4,82.8,97.2,118.3,57.8,37.8,38.4,23.2,31.2,16.7,13.7,57.6,26.6,87.5,45.5,42.3,24.1,55.8,40.6,153.88724832214766
73.9,175.9,42.8,96.3,81.5,97.7,113.4,59.5,38.5,33.9,20.6,28.8,16.4,14.3,58.6,27.7,91.9,45.3,40.9,23.0,56.5,42.2,143.93594306049823
77.9,174.8,42.4,98.5,88.7,98.4,111.8,60.8,39.2,41.1,22.7,30.2,17.3,14.4,57.0,26.1,85.2,47.4,39.0,21.9,60.2,40.4,143.64583333333331
120.7,183.4,49.8,126.8,115.8,115.9,128.5,71.1,48.0,45.6,25.9,35.2,19.6,13.0,60.3,28.2,88.1,53.0,36.3,31.8,59.0,42.8,168.94450867052024
71.9,171.2,44.0,95.6,83.6,95.3,112.9,54.2,39.2,39.0,23.7,29.3,17.7,13.7,58.6,25.7,83.2,46.0,38.5,22.3,57.2,40.9,150.57875457875457
87.1,178.7,46.3,108.6,90.3,103.4,123.0,63.2,39.8,40.1,23.2,32.5,17.6,15.8,58.5,26.3,88.9,46.7,39.1,24.9,58.9,44.3,179.2993288590604
103.4,164.5,47.3,124.2,112.8,110.4,121.9,68.6,47.5,43.3,24.3,32.3,17.4,13.8,54.5,24.3,75.6,51.4,34.7,30.9,57.3,40.7,190.3855263157895
81.2,175.5,42.5,103.7,83.1,100.0,115.6,66.5,42.0,40.9,22.0,30.4,16.9,14.8,58.1,26.6,81.7,46.3,38.6,24.7,56.0,41.0,163.9375
80.7,176.5,43.0,103.5,83.2,98.1,120.2,58.2,38.0,38.2,23.2,30.8,17.8,15.4,57.5,26.7,84.6,45.4,38.8,25.7,58.5,42.0,162.5361010830325
66.4,171.7,41.3,92.2,76.3,91.4,106.8,54.6,34.8,36.8,21.6,29.3,16.8,13.4,60.5,26.2,83.9,47.3,37.7,22.7,54.8,38.2,135.7293680297398
100.2,174.9,47.7,118.9,106.8,109.8,127.5,66.2,44.0,41.0,23.5,31.5,17.8,15.3,58.7,26.0,81.4,52.5,38.4,30.4,56.5,45.3,
78.9,175.8,42.7,97.6,92.8,99.8,112.0,59.9,39.6,38.2,21.5,29.8,17.5,14.8,61.6,27.6,86.3,49.5,37.8,23.8,57.6,39.2,139.0273381294964
83.6,160.4,42.8,105.7,101.3,106.8,114.8,66.3,44.5,41.4,22.7,31.6,16.8,13.0,55.5,24.0,75.4,47.4,34.5,24.3,58.1,38.1,165.28926174496647
75.5,174.6,40.8,95.8,76.4,99.3,112.0,60.2,40.7,40.5,22.7,30.9,17.6,14.0,61.2,26.5,86.2,43.4,39.9,24.1,57.0,39.1,126.5145038167939
88.5,170.9,44.2,106.7,96.8,104.3,120.5,66.2,44.9,41.9,24.3,32.5,18.1,14.2,59.0,28.2,82.5,47.2,37.7,25.6,55.0,41.7,163.18823529411765
83.5,165.6,42.7,107.6,106.3,106.8,115.5,65.2,40.6,37.2,21.0,31.2,16.7,14.0,59.0,26.2,78.0,49.2,35.7,25.5,54.6,39.6,159.74744027303754
101.3,168.4,45.6,119.1,114.0,109.6,124.2,68.6,46.0,43.7,24.0,33.2,18.2,15.0,56.3,26.1,81.3,49.0,37.5,29.9,54.5,43.8,183.0258785942492
71.3,178.1,39.7,91.8,77.5,90.9,115.4,55.0,35.6,39.5,22.2,30.0,17.3,17.0,62.0,27.6,86.1,46.4,40.0,20.4,58.0,43.7,143.83104693140794
77.6,175.0,43.8,102.9,85.3,99.3,118.3,61.2,38.9,38.6,21.6,31.5,17.3,16.7,57.5,25.8,85.0,44.8,39.9,24.6,55.5,41.6,160.73689655172413
90.2,173.7,43.4,107.8,103.0,106.5,118.4,65.2,41.6,41.3,24.2,32.4,18.1,14.1,56.5,25.1,84.3,47.8,36.7,25.7,57.8,41.5,162.58360655737704
79.4,189.1,41.5,94.9,84.0,99.7,114.5,55.1,39.8,35.7,22.0,29.5,18.6,15.9,64.4,28.7,94.1,48.2,42.5,22.7,55.7,42.7,128.41363636363636
84.2,178.8,41.2,105.4,94.3,100.0,116.5,63.7,44.3,41.5,23.7,30.8,16.5,14.8,61.0,28.0,89.2,46.0,40.2,23.6,59.5,41.1,156.38896103896104
93.2,171.8,44.2,111.2,102.6,110.6,119.8,65.3,42.6,40.6,21.5,33.3,17.8,14.0,56.0,24.8,80.0,46.1,39.6,28.3,56.3,40.0,164.18791946308727
66.7,164.0,42.6,96.4,88.5,96.3,105.9,57.7,38.5,35.0,21.8,27.2,16.7,13.0,54.0,25.5,77.5,45.3,33.5,23.0,55.5,38.0,126.19027777777777
104.3,183.6,43.6,120.8,105.4,108.7,133.0,65.1,42.7,42.4,24.6,32.6,19.1,16.7,60.1,27.3,89.5,50.0,41.0,28.3,57.7,45.2,177.44844720496894
73.6,160.4,43.8,102.4,88.2,96.2,113.5,62.6,40.8,39.7,22.8,31.1,17.5,13.2,52.0,24.5,73.2,43.7,34.0,25.0,56.7,40.0,157.25714285714287
80.9,170.7,41.1,105.8,91.7,104.3,113.3,64.2,38.7,39.8,23.2,30.0,17.2,13.5,56.1,25.9,79.8,46.4,35.6,24.9,56.4,39.3,152.20350877192982
83.0,168.1,43.2,108.6,99.5,101.1,116.3,63.4,41.5,37.9,21.7,30.0,17.1,13.7,57.4,24.7,76.4,50.5,35.1,26.3,56.0,40.8,177.07322033898305
80.2,184.0,40.3,104.3,92.7,99.3,114.4,57.9,40.1,39.5,23.3,29.5,18.2,16.0,63.6,29.3,90.0,51.0,41.3,26.1,55.0,41.1,155.37842465753425
60.6,171.1,40.3,87.1,75.8,87.1,106.3,49.1,35.1,34.4,19.4,26.5,15.9,15.0,57.4,25.4,82.8,44.5,40.1,20.0,55.5,39.5,125.92364341085269
80.1,180.7,42.9,104.2,92.4,97.7,118.0,56.5,37.4,37.8,22.3,29.7,17.4,15.3,63.5,28.3,91.7,48.7,39.1,25.7,56.2,42.3,153.03300330033002
66.8,173.9,40.5,98.6,76.0,92.0,114.1,52.2,35.8,36.3,21.2,30.6,17.8,14.0,60.0,26.6,83.9,45.2,40.1,21.8,55.2,40.8,151.69230769230768
81.1,170.3,39.2,104.1,101.6,101.9,116.0,61.6,39.8,38.5,22.2,29.1,17.6,16.0,59.5,27.1,83.1,49.3,37.6,24.6,55.8,42.5,151.01830985915495
59.1,177.0,37.6,88.2,76.9,88.7,105.5,50.6,35.0,31.9,20.3,26.5,16.4,17.8,56.5,26.0,82.2,47.7,37.7,20.1,56.1,41.3,133.26569343065694
92.4,174.7,42.2,111.7,106.1,106.3,114.1,65.4,44.0,40.5,23.8,29.8,18.0,15.0,58.0,26.5,82.6,51.0,37.7,26.2,56.5,41.2,148.1960396039604
93.8,184.8,43.9,117.0,103.8,101.7,120.1,61.8,40.5,40.5,24.0,29.9,17.2,15.5,61.7,27.0,91.8,51.4,44.8,28.8,58.5,42.6,166.2233009708738
73.5,178.8,40.2,98.1,81.7,93.5,118.3,55.5,38.0,36.4,21.8,32.0,17.0,16.1,61.1,27.7,88.1,44.3,40.4,21.2,55.3,41.8,135.0156794425087
88.5,181.4,43.0,112.8,96.8,104.5,125.6,62.7,39.5,37.3,22.4,32.3,18.5,15.6,63.7,27.8,87.8,47.6,40.5,25.7,57.0,44.8,174.39473684210526
85.5,175.4,42.6,103.8,90.4,104.5,121.4,63.4,41.8,40.5,23.3,31.7,18.2,14.6,59.5,27.4,85.5,46.5,38.2,26.8,57.3,42.7,151.67957746478874
83.9,168.4,42.3,105.3,95.4,102.4,120.0,63.2,42.2,40.7,23.0,32.0,17.6,13.8,54.8,25.1,80.9,45.3,36.5,26.1,57.0,40.2,167.76610169491525
67.8,176.4,38.0,91.4,81.5,88.6,106.5,50.8,35.5,34.0,21.4,27.5,16.8,13.9,59.0,27.2,85.2,47.6,38.0,20.3,56.3,40.0,137.72602739726028
81.1,172.9,42.4,104.4,96.0,100.0,117.6,59.1,41.3,38.3,21.6,30.3,17.4,15.0,56.0,25.7,81.1,50.1,38.3,24.8,54.9,42.1,164.10702341137124
93.0,174.6,45.6,106.5,97.6,104.2,120.0,66.4,43.4,39.6,24.3,32.1,18.0,16.0,57.0,26.0,84.6,48.0,39.1,26.3,57.8,42.4,166.6326530612245
84.6,168.8,45.3,107.5,89.6,102.2,119.9,63.5,44.0,41.1,24.0,31.0,17.4,15.0,53.5,24.6,80.1,44.2,35.8,25.2,59.0,41.8,162.73275862068965
72.9,172.9,41.3,96.8,85.7,94.8,110.8,60.4,39.0,38.5,21.8,29.0,15.6,14.7,57.5,26.8,83.2,46.8,38.4,22.8,56.0,39.4,142.2508960573477
58.8,183.5,38.3,89.8,72.8,87.0,106.8,47.2,34.0,33.0,20.4,25.4,17.3,17.0,63.5,28.3,90.7,48.4,42.7,19.4,54.8,42.1,131.34448398576512
94.1,173.9,48.7,117.5,105.1,107.3,123.6,63.5,41.8,43.1,22.5,30.6,18.0,15.0,60.0,27.0,84.2,52.1,35.4,27.5,56.9,43.2,173.914373088685
100.3,178.2,47.0,114.7,102.1,106.7,123.0,65.0,42.6,43.4,23.3,33.0,18.2,14.8,59.0,26.6,87.1,50.5,40.3,27.6,59.6,43.2,163.2407523510972
81.7,174.5,41.1,102.6,98.0,99.2,116.5,61.8,41.3,39.5,23.3,31.1,17.5,14.2,58.0,26.6,84.5,46.5,36.0,23.2,57.4,40.6,161.72542372881355
80.4,174.9,44.0,106.6,87.6,97.1,118.5,60.2,40.6,39.5,22.3,30.3,17.2,15.7,61.2,28.6,88.0,48.6,39.8,25.4,57.2,42.0,183.0301886792453
73.0,172.0,41.1,100.8,83.8,95.0,109.2,57.7,38.5,37.7,22.9,28.0,16.8,13.5,60.5,26.4,85.9,46.9,39.8,25.7,56.0,38.9,162.18947368421053
80.4,173.5,44.9,99.2,94.6,99.1,114.3,61.9,40.0,38.8,23.0,29.8,17.1,13.5,59.5,27.3,83.9,46.7,37.1,22.7,58.8,41.0,141.47079037800688
84.9,175.0,42.4,104.8,91.1,102.4,120.4,63.6,39.5,39.2,22.5,30.7,17.3,14.1,64.1,30.8,89.4,48.3,39.2,26.0,56.7,41.4,156.66348122866896
102.5,177.2,44.4,117.3,108.0,115.6,124.2,71.7,46.7,42.6,24.0,32.2,18.3,14.2,59.0,27.6,87.1,46.8,42.7,28.1,58.7,42.4,162.63680981595093
86.4,183.2,42.0,104.6,88.2,102.8,121.2,63.0,39.4,38.9,21.9,30.2,17.0,15.5,64.0,28.5,90.0,50.2,39.5,26.2,56.2,42.8,171.35836177474403
109.4,185.0,46.6,117.0,107.6,110.3,123.9,70.9,46.4,43.2,25.0,33.4,18.8,14.4,62.6,29.4,87.2,52.8,40.2,29.5,58.0,42.2,196.2828947368421
88.2,166.4,44.3,108.6,91.6,106.6,118.5,67.3,43.5,38.3,23.5,33.0,18.3,14.0,54.4,24.9,79.2,44.6,35.4,27.2,57.3,41.2,169.10034602076126
93.6,167.5,46.8,112.2,110.1,108.8,118.5,64.1,43.8,39.6,22.4,31.5,17.8,13.0,57.0,25.2,77.5,48.0,37.3,27.7,59.3,38.8,184.84474576271185
92.0,180.7,43.9,107.8,95.8,103.8,120.3,65.2,42.2,40.4,24.0,31.8,18.0,13.6,59.4,26.7,86.9,47.2,41.8,25.5,56.9,41.7,165.43564356435644
86.2,176.5,44.7,108.7,94.4,101.8,117.5,63.4,41.5,39.0,23.9,29.5,17.0,13.6,58.0,26.7,81.8,47.3,36.9,26.5,63.3,41.7,166.11960132890366
86.1,179.2,45.5,104.2,88.8,102.2,122.2,65.0,40.7,39.5,22.4,32.3,17.0,15.4,57.8,26.3,87.2,47.8,38.3,24.1,57.8,44.3,154.80191693290735
97.7,179.5,44.5,120.3,105.8,104.8,125.2,63.8,42.5,42.0,23.2,31.9,17.0,14.3,61.5,28.9,87.5,48.1,42.3,29.3,57.3,42.0,184.4856230031949
70.7,175.3,40.5,93.5,77.7,97.1,112.5,57.7,39.5,36.4,22.1,27.8,16.8,15.1,58.5,26.5,84.5,44.0,38.8,23.9,56.5,41.3,139.88188976377953
96.9,181.6,42.0,110.6,88.2,102.5,124.0,65.8,44.3,40.5,24.7,33.9,18.3,15.5,66.5,31.0,92.4,46.7,43.2,26.7,57.1,43.5,173.642
71.8,160.0,45.8,104.2,87.0,96.5,117.6,59.3,39.0,37.0,21.5,32.2,16.4,14.3,52.0,24.2,76.5,44.4,37.1,23.8,55.7,41.7,156.83711340206185
69.9,165.5,43.4,97.8,76.1,91.4,118.0,57.2,37.7,37.9,22.0,31.5,16.7,14.0,56.0,24.7,77.0,45.5,35.2,24.3,57.5,41.6,154.87900355871884
71.1,160.8,40.4,97.7,82.2,101.3,112.1,59.4,40.7,39.8,23.0,30.4,17.1,14.8,53.6,23.9,78.5,42.8,39.1,23.2,55.9,39.5,140.7720430107527
93.9,175.3,43.0,109.8,101.4,111.8,118.4,67.0,41.6,42.5,24.0,31.2,17.7,14.4,60.5,27.8,81.7,51.0,37.0,26.3,60.9,42.3,145.78175675675675
85.9,170.4,44.2,108.8,90.7,105.5,118.6,66.2,42.6,41.2,23.9,31.0,17.1,14.6,56.0,25.3,79.2,48.0,36.6,24.1,58.5,41.8,158.00254777070063
89.2,188.7,45.4,106.4,91.3,102.5,121.3,59.6,39.1,39.2,22.3,31.6,18.1,14.8,64.5,28.3,94.2,51.2,42.6,27.3,59.4,41.6,151.57333333333332
74.4,178.4,43.9,93.5,82.0,96.5,117.4,57.2,37.6,35.3,22.7,31.2,17.7,15.6,60.4,27.3,86.8,45.8,39.6,22.9,56.4,42.4,142.84722222222223
63.2,177.8,39.7,93.0,74.5,88.6,115.1,50.3,36.0,34.0,20.2,29.3,16.7,17.1,56.4,25.4,86.8,44.1,40.9,21.8,56.5,43.7,132.90671641791045
91.3,187.7,42.7,106.3,85.5,102.5,122.0,63.2,42.5,40.8,25.0,34.4,17.8,15.0,64.1,28.5,90.8,48.2,41.0,25.2,56.5,39.9,137.39455782312925
71.6,173.4,41.0,96.6,79.5,95.2,114.0,55.5,38.2,37.7,21.8,30.7,16.8,14.3,60.2,27.7,87.5,45.3,38.2,21.9,56.7,39.2,128.57081850533808
89.9,180.8,44.6,102.9,84.5,106.0,121.4,68.5,43.2,40.3,24.8,33.2,18.3,15.5,60.7,27.3,87.0,45.4,40.5,24.6,58.5,42.4,165.84615384615387
85.9,181.5,45.6,100.4,87.2,99.2,121.0,61.8,41.5,39.6,23.7,33.0,17.6,15.7,58.0,26.5,87.8,51.0,41.2,24.1,58.0,42.8,148.37269624573378
82.6,179.3,45.8,101.9,91.2,102.2,116.5,61.0,39.4,38.5,22.3,29.2,17.7,15.5,61.0,26.8,83.7,48.2,39.9,25.0,57.9,42.4,164.9123674911661
91.1,175.8,42.7,106.5,91.7,107.8,118.4,69.2,44.0,44.4,24.9,30.8,17.4,14.0,60.5,28.0,84.4,48.4,36.7,25.8,58.0,41.0,164.12671232876713
96.7,177.2,45.6,116.2,99.5,108.1,124.4,64.7,43.0,42.2,24.8,34.8,18.3,15.4,60.6,27.9,90.5,47.9,39.7,28.1,56.7,43.7,163.4617737003058
78.9,169.4,39.4,105.5,95.7,97.0,117.3,56.8,40.7,37.9,20.5,31.6,16.0,15.2,60.4,26.6,85.1,49.4,37.7,25.4,55.8,40.2,146.52777777777777
73.3,166.1,43.3,97.6,82.2,98.4,116.1,60.8,40.5,38.2,22.0,29.3,15.8,15.0,55.5,25.2,78.7,44.5,36.3,23.6,55.8,41.0,155.05248226950354
90.1,173.0,45.7,106.1,90.2,109.9,122.6,69.8,44.7,41.0,24.1,35.0,17.3,15.5,56.2,25.4,85.1,43.8,36.4,25.2,58.4,42.6,153.5209003215434
69.3,165.3,40.2,95.6,75.3,91.6,110.5,55.6,39.6,38.3,22.2,30.1,16.7,14.5,53.6,25.5,76.4,46.0,34.4,23.3,56.3,38.7,129.76882129277567
81.7,175.3,43.2,106.8,96.0,102.3,115.8,64.2,36.1,34.7,22.1,29.6,16.7,12.8,56.5,25.9,84.6,46.6,38.4,26.2,55.8,38.8,150.888256227758
84.6,174.0,44.7,108.2,91.8,101.1,118.2,60.5,39.2,39.4,22.1,31.5,17.3,13.7,59.5,27.1,81.2,47.8,38.1,26.7,55.5,41.7,147.5777049180328
75.2,171.1,40.7,95.2,82.3,99.8,114.1,62.7,40.3,39.8,22.2,29.5,17.0,15.0,56.3,25.5,79.8,43.7,38.1,23.8,55.1,41.2,147.93669064748204
94.4,175.8,44.4,114.2,97.2,106.7,124.6,66.3,44.1,41.9,23.5,33.0,18.0,15.0,57.8,25.0,83.8,48.2,36.6,28.4,59.5,42.5,188.33639344262295
69.3,176.1,40.1,94.8,84.3,98.6,111.8,58.2,36.8,34.5,20.3,28.0,16.4,15.1,60.0,27.0,85.5,46.7,37.2,21.8,55.3,40.3,149.40212014134278
87.2,172.5,43.8,111.9,106.3,104.7,114.0,62.9,40.2,39.5,22.4,28.7,17.8,13.7,62.7,28.0,84.0,46.5,40.8,26.8,55.4,39.9,163.00100000000003
74.9,170.2,44.6,101.7,82.4,92.6,118.4,57.7,38.5,38.3,23.0,31.2,17.8,15.4,58.2,27.0,81.3,45.6,36.7,23.4,58.0,43.2,145.38098360655738
89.9,177.5,43.0,107.4,97.0,100.8,120.4,63.0,41.8,39.1,22.3,30.8,17.4,14.5,61.3,27.3,86.5,49.0,38.7,25.4,55.7,41.9,169.34744027303753
86.2,167.0,41.5,109.9,102.3,104.3,120.2,65.0,43.5,39.6,23.3,31.1,18.4,15.6,57.4,26.3,77.6,44.3,33.9,27.3,57.8,41.4,164.47871621621624
82.5,176.8,42.6,103.5,90.0,99.3,119.4,61.3,39.8,41.2,23.0,32.1,17.6,16.4,60.6,26.1,88.0,45.7,42.8,24.9,57.8,42.6,163.515625
80.3,168.7,42.1,104.2,93.3,103.7,119.1,64.6,42.7,39.7,22.7,30.3,16.9,15.5,56.2,26.2,77.1,47.6,38.0,25.3,56.5,41.7,164.05190311418684
74.0,170.0,43.1,101.7,82.8,98.1,116.0,54.9,39.6,36.6,20.5,30.6,16.9,14.7,58.5,26.8,80.9,45.8,38.7,24.3,56.3,40.2,154.744964028777
96.6,174.9,47.1,117.1,103.0,108.3,122.3,65.6,41.6,41.8,25.0,31.2,17.2,14.7,62.3,26.8,82.0,44.7,39.5,27.3,58.4,44.4,180.59253246753246
87.9,171.0,40.7,108.8,98.6,101.4,115.5,64.7,42.8,39.4,22.6,32.8,18.3,13.3,57.1,25.7,82.7,46.1,38.7,27.0,59.7,38.2,155.1058823529412
75.7,192.4,43.3,98.6,82.1,95.4,114.9,55.2,36.0,34.7,22.3,30.0,17.7,15.8,66.6,29.3,95.9,49.5,47.4,22.3,57.7,44.1,122.67290969899666
88.2,172.9,44.0,115.7,83.7,99.8,129.5,62.3,38.8,37.7,22.5,36.6,17.9,16.6,61.4,28.5,85.8,42.1,39.6,27.8,58.1,45.2,175.46556291390726
73.3,171.3,42.4,99.4,79.7,91.9,114.6,55.8,37.0,38.9,23.0,31.8,18.4,13.5,57.5,26.5,83.0,46.0,40.3,25.2,58.0,39.5,145.19101123595505
73.0,173.7,42.1,99.3,84.4,93.9,112.6,58.1,37.6,36.7,21.7,31.5,16.9,14.0,59.7,27.0,84.8,43.0,42.6,23.4,56.2,40.2,138.18935361216728
114.2,174.1,50.1,120.8,116.5,113.4,129.4,71.9,50.3,47.0,24.3,33.1,17.5,14.5,61.0,27.9,86.1,52.0,37.2,30.3,56.3,43.8,182.81305637982197
78.0,163.5,45.3,109.5,91.3,98.9,113.0,61.2,42.2,39.9,22.5,28.5,17.3,13.0,57.7,27.7,79.0,44.7,34.5,27.0,58.4,39.6,175.12093862815885
101.9,174.4,46.0,118.7,106.8,108.7,125.7,68.5,45.9,43.0,25.2,31.1,17.8,14.6,59.5,27.7,82.4,48.6,37.3,29.1,59.6,41.8,177.85667752442995
109.5,174.5,46.3,123.8,114.7,113.9,123.9,69.6,48.0,43.8,23.0,33.7,18.2,14.5,59.6,27.1,83.8,51.0,39.9,32.0,55.7,41.1,182.39866666666666
68.7,174.4,42.1,93.9,74.6,89.9,113.0,55.1,36.5,37.4,21.8,30.3,17.0,14.5,58.5,26.0,88.4,44.3,41.3,21.9,56.2,40.3,143.1808510638298
99.7,173.3,48.6,119.6,113.1,111.7,121.8,66.0,44.6,41.5,25.0,33.7,18.2,13.2,56.5,26.5,80.8,51.6,39.1,27.9,57.8,41.5,175.59108280254776
102.1,178.6,48.3,113.5,110.0,114.9,121.0,70.9,43.9,40.5,23.8,32.2,17.9,14.0,60.5,26.4,84.6,53.0,38.7,29.3,56.3,40.7,175.37326388888889
95.0,179.7,43.9,111.7,108.3,106.7,119.0,63.6,43.3,41.7,23.8,30.6,18.8,16.5,62.5,28.9,87.9,53.0,37.9,29.2,58.0,43.2,173.62891156462587
83.8,182.4,41.8,103.9,96.4,102.4,117.6,61.7,38.7,38.5,22.8,28.9,17.1,16.0,62.7,27.3,88.5,50.0,36.2,24.3,56.5,42.5,145.59449838187703
97.0,164.8,44.8,117.4,110.0,110.3,124.6,69.7,44.0,43.5,24.3,33.8,17.8,14.7,56.5,26.9,80.5,44.0,35.4,27.0,58.5,42.5,174.97834394904459
69.7,162.7,41.9,97.3,79.1,96.7,118.6,59.6,38.4,36.3,20.7,30.0,17.0,15.3,54.4,23.8,76.4,44.0,34.8,23.3,56.3,41.2,151.81560283687944
101.2,179.3,48.0,114.7,111.1,109.6,121.6,69.3,42.3,41.9,23.6,32.8,18.8,13.5,58.0,27.6,82.5,50.4,37.8,29.4,57.3,41.7,179.3355048859935
62.5,170.3,39.9,87.3,77.1,88.8,106.1,51.6,35.6,35.3,22.3,29.1,16.8,14.0,55.4,24.5,79.8,45.0,37.5,20.8,54.7,39.8,120.52611940298509
105.1,181.0,44.4,115.9,105.4,110.2,119.8,67.6,46.5,45.8,25.6,33.1,19.2,14.3,59.5,27.8,84.4,53.8,37.9,28.6,55.8,41.1,156.91076923076923
89.8,186.8,44.5,104.4,89.4,107.6,119.9,67.4,40.1,42.1,24.0,30.4,17.4,16.1,62.7,28.2,89.0,47.7,38.5,22.8,58.1,44.6,145.95394736842104
91.4,169.8,44.7,113.0,100.2,106.2,114.4,64.8,43.5,41.0,23.8,33.0,18.9,12.5,57.5,25.7,79.2,46.7,33.4,28.8,57.7,41.8,138.44370860927154
80.5,172.0,44.1,105.6,91.1,100.4,116.4,60.8,38.5,40.9,23.1,32.9,17.2,13.2,60.0,26.8,81.8,45.4,37.8,25.7,59.3,40.6,157.66666666666669
77.0,175.2,43.0,100.4,90.7,97.2,118.0,56.8,40.5,37.5,22.8,29.7,17.3,14.3,62.0,27.8,88.0,47.7,37.8,22.6,55.8,42.9,149.6092105263158
98.0,168.2,44.5,110.8,101.0,113.9,123.3,71.6,46.5,41.3,25.0,33.7,19.0,15.2,56.3,26.0,78.0,47.3,33.9,28.8,58.9,42.3,176.37551020408165
102.0,185.3,43.2,110.6,98.7,113.7,115.4,72.8,44.2,43.3,25.3,32.4,18.5,13.5,62.0,27.9,88.0,46.5,37.6,27.3,57.6,41.3,146.4390243902439
78.3,177.7,43.5,101.9,85.1,98.6,112.6,60.3,38.6,36.0,22.7,29.6,17.3,14.4,59.5,26.8,84.8,49.0,39.5,24.6,58.0,39.6,154.15641025641025
80.1,172.8,43.0,105.6,90.1,99.5,118.1,58.2,38.6,37.2,22.0,30.6,17.0,15.0,60.1,27.1,83.7,47.1,36.7,26.1,56.1,42.0,168.4484429065744
91.2,172.6,43.8,112.0,101.4,105.9,124.6,67.0,43.3,39.9,22.5,32.0,17.2,15.4,59.5,26.7,86.3,49.0,37.4,28.8,56.5,42.6,173.92491467576792
78.7,165.1,43.3,109.3,93.3,99.8,119.0,59.9,38.5,37.4,22.0,31.8,17.4,15.0,52.1,24.4,76.4,44.7,36.5,26.1,57.5,41.3,161.38255033557047
60.7,167.4,39.9,94.3,75.5,87.4,110.4,51.5,34.7,34.0,19.7,29.9,16.5,15.8,54.6,24.8,78.9,46.7,36.9,20.8,55.6,39.7,152.73943661971833
79.8,175.3,42.6,102.3,83.7,97.6,116.2,59.1,39.6,36.4,22.0,33.8,17.4,13.1,61.0,27.3,83.0,48.5,41.3,24.8,57.8,40.5,138.05190311418684
101.1,172.1,47.7,115.3,106.6,109.8,123.7,69.7,47.4,43.0,24.3,33.4,18.2,13.2,60.0,27.6,83.9,49.0,37.8,29.2,57.6,41.1,179.40034965034965
89.0,178.3,43.2,104.2,94.6,101.7,121.3,66.4,42.2,39.5,24.0,33.7,17.5,15.4,57.0,26.4,85.8,48.4,38.3,25.1,59.9,42.0,158.41216216216213
69.0,173.2,41.5,96.2,83.0,97.1,112.2,56.9,35.3,32.5,19.7,28.3,16.3,14.0,58.6,26.2,86.2,47.4,42.6,21.3,55.7,40.0,129.3391304347826
68.4,178.7,42.2,97.4,77.1,90.9,115.5,50.1,34.7,34.5,21.0,29.0,17.0,13.2,60.2,27.1,87.2,45.3,38.6,23.0,57.3,41.2,144.86036363636364
108.5,176.6,45.0,118.3,109.2,115.7,119.3,70.9,47.3,44.5,27.1,35.8,19.0,12.4,61.5,27.2,87.3,51.4,35.9,29.8,56.9,40.3,164.60822368421051
65.5,172.3,42.8,96.4,78.6,88.4,110.8,50.7,35.3,36.1,20.8,31.0,16.7,14.0,59.3,26.2,83.1,47.4,36.8,21.4,56.1,40.4,142.3047619047619
79.7,175.7,43.2,97.7,87.3,103.5,116.1,61.4,38.7,40.2,23.6,32.0,17.1,13.8,59.0,26.4,82.7,44.7,39.8,22.6,56.9,41.4,135.7308724832215
84.5,170.0,44.3,101.7,93.3,105.2,116.7,66.3,43.2,40.6,23.0,32.8,17.0,13.2,58.5,26.3,79.2,45.8,36.9,25.0,57.6,39.5,165.49032258064517
57.8,175.0,38.8,85.3,72.0,87.5,105.7,45.9,35.1,35.2,20.8,27.7,17.7,15.4,60.1,27.0,82.4,47.6,38.7,19.4,53.2,38.7,124.24830188679243
96.2,163.7,46.2,115.9,103.6,107.7,124.2,66.5,48.1,42.1,22.7,34.9,18.0,14.2,55.5,24.8,78.6,48.8,35.9,28.5,57.2,41.5,174.79381107491855
92.1,177.3,44.5,112.1,91.6,104.5,122.6,66.4,41.7,39.8,21.5,33.4,17.2,13.8,59.3,27.0,84.3,48.6,38.7,27.7,57.0,40.9,160.95439189189187
109.3,170.2,50.5,125.3,119.1,113.5,130.3,65.2,45.6,41.4,24.0,33.0,18.3,14.5,57.5,26.8,80.7,50.5,38.3,30.3,57.5,43.3,
89.0,179.8,41.7,108.4,100.2,100.9,116.8,61.2,41.0,40.5,24.3,30.8,18.0,15.1,61.5,27.1,87.1,54.8,42.6,27.3,57.2,41.6,158.67763157894737
87.3,179.6,43.7,103.8,93.4,104.7,119.5,64.9,41.5,40.3,22.2,30.2,16.8,15.5,65.1,29.4,85.6,48.8,40.3,24.1,56.6,41.7,152.62697368421053
76.8,171.7,45.1,101.7,90.1,97.5,118.1,57.1,39.3,36.3,21.2,30.8,17.2,13.1,58.5,27.0,85.6,46.6,40.2,24.4,56.1,39.5,151.86744966442953
81.9,171.8,41.5,100.9,89.6,101.4,114.2,63.2,44.2,39.8,23.7,30.8,17.3,14.1,58.6,26.1,85.5,47.0,36.9,24.3,57.0,40.4,146.05804195804197
82.1,183.9,43.3,104.4,85.0,97.8,120.4,56.3,40.1,38.7,21.5,30.2,17.0,16.0,64.6,29.3,88.5,44.3,42.6,25.1,61.2,42.6,137.1169014084507
69.1,161.9,43.8,99.0,83.0,95.2,111.4,59.4,39.3,35.6,21.7,30.5,16.3,13.5,57.0,25.3,77.5,46.5,34.5,23.3,57.3,37.7,166.2043795620438
91.3,179.0,40.1,111.4,97.7,109.6,122.6,68.3,39.3,39.5,22.0,31.4,17.2,15.0,62.0,27.7,85.3,47.4,40.0,26.9,56.6,42.3,163.12142857142857
88.2,189.3,44.3,106.6,92.0,97.9,124.3,60.7,39.6,35.9,22.5,32.5,17.4,15.1,62.1,30.2,93.0,50.4,45.9,24.7,57.5,44.6,168.57674418604648
86.1,180.7,45.0,104.9,87.5,101.8,121.5,59.8,38.6,38.0,23.1,34.4,18.2,15.5,60.7,27.7,88.6,47.8,41.1,24.9,58.4,41.5,132.46757679180888
108.3,174.6,47.4,117.1,117.6,109.8,124.3,69.8,46.3,44.8,23.8,35.7,18.0,14.7,59.6,27.2,84.2,53.4,37.7,29.3,60.3,43.0,176.79058441558442
71.8,176.0,42.7,95.2,90.0,98.8,109.0,55.3,34.9,34.3,20.5,27.5,16.5,12.7,61.2,27.8,86.2,49.0,43.3,22.4,56.0,36.8,125.8237762237762
106.9,182.3,44.5,120.0,117.5,114.2,119.4,65.8,45.3,38.0,22.0,30.0,17.8,14.8,62.7,28.7,88.6,53.2,41.2,30.3,62.0,41.2,182.05607476635515
88.3,167.3,41.7,110.6,104.7,104.3,113.0,66.1,41.8,42.9,23.5,27.5,16.1,13.3,60.0,26.8,81.2,48.0,36.7,27.0,56.0,38.2,165.1818181818182
86.2,172.4,43.3,108.3,95.0,102.3,120.6,62.6,42.5,40.4,23.0,31.2,17.7,14.3,59.0,26.2,82.4,46.8,34.4,24.6,59.5,41.5,162.10509554140125
104.7,175.7,43.0,109.7,110.0,115.0,114.6,71.4,47.9,47.0,26.0,32.0,18.7,14.1,59.1,26.2,80.9,51.1,40.7,26.0,58.9,40.9,160.89333333333332
68.2,164.9,42.3,99.0,84.1,92.7,110.4,56.4,37.3,35.8,20.8,29.5,16.4,13.1,55.5,25.2,79.0,47.8,39.7,24.5,56.9,39.5,148.14130434782606
87.7,171.8,42.6,108.7,93.5,107.4,118.4,66.5,42.0,41.9,24.6,31.1,17.4,14.6,56.5,26.0,85.2,46.5,36.3,25.9,55.8,42.5,161.58108108108107
77.6,178.9,42.6,102.4,87.5,95.8,116.6,53.8,38.0,36.5,22.6,31.2,18.9,15.0,61.2,28.4,87.5,47.8,40.4,22.8,56.4,42.8,150.11700680272108
75.3,166.9,44.5,103.2,87.7,100.0,119.4,60.4,38.5,35.7,21.0,28.7,16.3,15.5,59.3,26.6,80.0,45.5,40.6,23.9,58.2,43.1,160.14983277591972
92.4,173.2,45.0,111.2,101.6,104.1,116.4,63.4,40.6,41.9,23.0,32.7,17.8,13.0,61.0,26.6,81.7,53.0,41.8,28.1,58.5,38.9,155.45685618729095
76.7,184.6,42.3,103.8,85.8,95.8,115.0,55.1,36.6,35.1,21.2,31.5,18.0,15.0,62.4,27.5,91.8,54.1,42.4,25.5,55.9,40.1,134.6885813148789
83.9,173.7,43.0,101.1,85.0,103.8,118.1,67.3,42.3,41.4,22.3,32.0,18.2,16.5,58.0,28.0,87.2,46.5,40.4,24.7,57.5,42.9,149.34421052631578
86.8,170.6,42.1,109.5,93.2,101.1,113.5,61.7,46.0,42.3,24.0,31.1,18.2,14.5,57.0,26.2,80.6,46.7,37.1,28.1,55.7,40.1,146.25
110.8,186.5,45.3,114.4,111.7,112.2,123.3,71.0,46.2,42.2,23.0,34.4,18.3,15.0,68.1,30.9,93.1,49.7,51.8,29.9,57.8,43.3,163.14084507042253
76.2,185.8,39.3,97.6,80.0,94.9,115.0,56.9,39.1,39.8,22.7,28.3,17.3,16.7,65.2,28.4,90.3,50.3,43.1,23.1,56.4,43.4,145.89690721649487
96.8,180.0,43.8,114.7,100.0,103.7,123.5,65.2,43.3,41.7,23.3,30.0,18.2,15.8,60.5,27.5,87.4,51.5,41.1,27.9,57.5,42.6,164.6875
71.1,164.0,40.1,93.1,83.1,97.7,110.0,58.8,40.6,38.7,22.0,29.1,16.5,13.0,55.1,24.9,75.1,44.8,35.3,23.6,56.5,37.9,139.82699619771864
101.0,176.1,42.6,111.8,111.0,113.4,123.4,71.8,45.9,41.7,23.4,31.9,18.0,14.3,58.5,26.3,81.4,51.0,38.6,28.9,59.5,40.4,152.62171052631578
101.2,180.9,40.9,108.3,110.4,114.9,115.5,69.9,45.4,42.5,24.7,31.5,19.1,14.1,58.6,27.2,89.2,49.8,39.8,27.5,55.6,39.3,179.59100719424458
87.0,167.5,45.5,115.8,105.6,98.2,122.7,59.1,40.6,39.0,21.7,31.7,17.0,14.0,55.5,24.2,79.8,46.2,39.8,28.3,55.7,41.6,166.6760655737705
97.9,177.7,44.3,114.2,106.6,112.1,125.4,71.4,42.0,40.2,23.2,32.0,17.8,15.1,59.1,27.7,84.9,47.5,39.9,27.6,57.8,43.2,174.50363036303628
103.8,181.8,45.9,115.5,112.7,116.3,118.6,69.7,46.4,43.0,23.2,30.2,17.7,13.7,64.0,30.1,88.7,54.9,40.9,30.9,57.2,42.1,169.59493670886076
89.1,177.0,41.8,106.6,98.4,105.6,117.6,64.3,43.7,39.9,23.8,30.1,17.2,15.7,61.0,27.8,84.1,51.7,42.0,26.3,59.3,42.5,160.83508771929826
74.6,166.8,41.5,99.6,84.6,99.1,110.3,61.9,39.4,39.3,20.5,28.6,16.2,13.7,54.5,25.7,80.7,45.9,38.3,24.2,56.5,38.7,149.4
84.0,174.0,40.4,105.6,95.0,103.2,114.1,61.9,41.7,37.9,23.6,31.8,17.8,13.7,57.0,26.3,83.9,49.4,39.6,26.8,55.3,38.7,152.45070422535213
75.0,179.0,40.4,98.9,84.0,95.9,114.8,56.5,37.6,39.3,23.5,29.8,18.0,16.3,59.9,26.9,86.8,48.2,39.2,22.8,56.0,43.0,137.92176870748298
110.6,170.8,45.0,126.3,117.6,112.7,124.1,69.9,47.1,44.5,26.4,32.7,20.0,15.7,60.0,26.0,79.2,51.7,36.1,31.4,58.0,44.2,195.70447284345047
72.7,168.4,38.8,98.9,90.5,97.7,112.0,59.8,38.4,36.8,22.3,28.2,17.0,15.6,58.5,25.7,77.2,46.5,36.8,24.5,55.0,39.4,161.30553505535053
88.2,182.8,43.4,100.4,88.5,105.0,116.6,62.1,44.5,39.7,23.5,28.3,17.5,15.0,61.5,27.3,89.5,48.8,42.1,25.4,57.9,41.4,147.11388888888888
66.3,168.2,38.0,87.7,91.2,94.7,102.0,56.4,37.9,36.0,21.3,25.3,15.6,13.2,56.5,26.3,81.4,49.4,38.6,20.5,57.3,36.6,141.9579766536965
85.2,180.5,43.4,106.2,97.1,103.2,114.1,61.0,38.3,39.5,22.8,29.9,17.7,14.6,60.0,27.7,86.6,48.7,40.7,26.7,57.1,42.5,147.3795918367347
73.4,166.6,42.3,98.1,84.6,99.4,116.8,62.1,41.8,36.3,20.3,32.0,17.2,15.7,56.1,27.5,82.4,44.7,37.5,23.3,54.5,41.2,147.8875939849624
68.7,172.7,39.0,97.4,83.5,98.0,116.0,58.1,38.7,34.9,20.8,27.5,17.0,15.8,59.2,27.4,85.7,46.5,37.4,22.4,56.2,43.2,149.50559440559442
92.5,182.8,43.8,111.9,98.8,102.2,117.5,64.9,41.2,39.9,24.0,30.2,17.4,15.4,66.6,29.9,88.3,47.9,41.4,25.8,59.4,43.0,136.50451807228916
76.2,168.3,43.0,102.0,89.7,99.3,111.1,57.6,40.3,40.2,22.3,31.4,17.7,13.5,55.2,26.2,79.0,45.4,38.1,24.3,56.9,39.2,146.3321554770318
80.4,170.9,40.7,106.3,86.8,101.3,116.1,63.7,40.9,39.6,23.1,31.6,16.1,14.5,55.5,25.6,85.2,44.4,40.3,26.0,54.0,40.2,163.51006944444444
92.1,169.6,46.0,112.8,104.6,109.9,120.0,63.8,41.1,42.1,24.7,30.8,17.0,13.5,54.4,25.2,81.3,46.0,34.9,27.1,58.3,41.3,165.63986710963457
91.4,179.0,44.8,102.1,90.1,105.8,120.0,64.0,42.3,42.8,24.6,32.8,18.0,14.5,60.9,27.4,86.0,49.5,40.2,25.2,56.8,41.1,155.91444043321297
79.6,179.5,43.1,99.4,80.5,99.7,115.2,60.4,40.9,39.0,23.3,29.1,17.3,16.4,60.6,27.8,84.4,46.5,37.5,22.0,57.5,43.3,142.64545454545456
74.6,173.6,40.3,97.2,79.2,97.2,110.7,59.0,39.0,38.5,22.6,30.5,17.5,14.0,56.6,24.3,77.7,49.7,37.4,24.4,59.0,39.9,131.61021897810218
72.6,177.8,40.7,93.0,83.0,94.2,113.7,58.1,39.2,35.9,22.3,29.6,16.8,16.0,59.0,26.6,87.4,48.4,41.6,22.1,54.5,42.8,152.70817120622567
68.7,177.1,42.1,91.5,80.8,94.0,112.1,53.8,36.4,32.8,20.5,27.3,16.8,15.5,61.0,27.7,87.9,45.0,39.7,20.3,57.9,41.7,136.76501766784452
89.2,184.5,45.9,104.2,91.7,102.2,119.0,63.5,40.1,38.2,23.3,30.7,16.9,14.4,66.0,28.9,91.2,46.9,43.4,25.3,59.2,42.8,146.2393103448276
69.0,173.8,38.1,93.6,76.3,94.0,114.3,54.0,39.2,37.7,23.0,30.6,17.4,16.4,60.3,28.5,84.2,45.0,40.3,24.8,55.8,41.3,146.01600000000002
68.2,171.0,39.4,94.0,78.4,91.6,108.2,55.3,37.6,36.6,22.7,30.4,16.6,14.0,57.0,27.0,85.0,43.9,37.6,22.4,55.4,38.8,126.88212927756656
75.7,164.5,44.9,108.8,94.5,95.2,117.3,58.7,37.2,36.5,21.2,29.0,16.9,13.5,56.9,25.7,78.9,45.0,38.1,26.0,56.0,41.2,169.712676056338
82.7,170.0,43.0,103.6,91.0,104.0,118.8,62.3,40.0,40.9,23.5,28.9,17.1,14.5,57.0,25.2,79.3,46.2,37.2,24.1,56.8,41.3,170.33167259786478
80.1,168.7,45.2,100.1,90.7,101.7,112.4,62.9,38.0,37.2,22.5,30.1,16.6,12.1,59.0,25.7,81.5,47.4,36.6,22.9,58.7,38.2,155.5125
93.0,181.0,42.5,101.1,102.0,106.8,116.0,68.2,43.2,41.0,25.2,33.1,18.3,15.0,61.5,27.4,87.9,51.1,41.6,25.0,59.7,42.2,145.17820069204151
76.0,172.2,40.7,95.3,90.6,99.5,109.9,59.3,38.8,37.2,22.2,30.3,17.6,13.7,56.3,26.5,77.8,47.8,36.5,23.3,56.1,39.2,142.95
95.0,178.8,44.4,108.3,103.3,104.8,120.5,63.8,43.3,40.5,24.4,31.6,18.8,16.4,63.0,27.8,86.1,49.4,40.9,27.1,57.7,42.2,168.6332179930796
69.1,178.4,41.2,91.4,81.5,94.8,109.9,55.2,37.4,36.5,22.5,28.5,16.6,14.7,57.5,26.6,83.3,46.8,39.0,21.9,56.7,41.3,138.64044943820224
81.1,178.0,41.5,101.2,89.1,99.9,110.0,65.5,39.3,37.0,21.2,28.6,17.0,13.9,64.5,27.8,86.7,47.7,42.5,25.8,58.1,41.7,134.56666666666666
84.7,177.7,42.6,106.7,86.5,100.3,119.6,61.8,42.3,40.8,24.7,32.6,17.9,15.5,58.6,26.5,85.9,46.5,40.4,23.9,55.8,42.3,147.3641693811075
73.0,174.6,42.1,98.3,85.6,96.1,115.5,57.0,37.5,36.3,21.5,28.1,16.9,14.5,60.5,27.2,86.2,46.4,41.5,23.3,54.3,38.6,152.01392857142858
79.1,177.5,44.1,103.5,90.0,97.5,119.3,59.7,36.9,35.7,20.7,30.5,17.1,14.6,63.1,28.7,83.9,47.8,42.2,25.6,57.3,42.4,161.87543252595157
96.3,177.4,43.6,113.6,102.4,109.0,125.0,66.3,43.4,40.8,24.3,34.3,18.4,16.0,61.7,27.9,84.7,47.6,40.5,27.4,58.0,43.9,164.28307692307692
104.9,173.5,52.3,123.8,112.0,109.3,129.1,65.5,41.4,41.8,24.0,33.1,18.2,12.8,58.2,25.5,80.0,51.2,40.6,30.3,57.9,43.2,197.48157099697886
87.0,174.8,39.5,102.7,98.5,108.0,113.5,67.7,42.9,41.0,22.8,29.3,16.7,14.7,58.0,25.9,81.8,50.5,36.8,24.8,55.2,40.3,169.1749090909091
70.5,170.4,42.0,95.1,81.6,95.3,111.1,58.2,37.4,36.1,21.8,31.2,16.8,14.1,58.1,25.8,84.3,46.3,36.2,22.5,56.2,39.8,151.8707224334601
97.8,172.8,45.4,117.2,104.8,106.9,126.2,66.4,43.4,41.5,23.9,30.7,17.4,15.0,61.5,26.1,84.2,50.0,36.5,29.2,59.5,42.4,186.62420382165607
103.9,176.7,47.5,118.3,110.8,111.2,127.0,66.9,45.7,42.7,23.6,33.6,18.3,13.8,60.8,27.6,84.8,52.0,36.7,28.6,58.0,43.4,160.39447852760736
96.9,171.9,47.9,117.1,109.6,107.2,128.5,66.4,40.7,41.5,22.8,31.7,17.8,14.7,59.9,25.7,82.5,51.6,40.1,26.7,57.7,43.2,173.9279411764706
78.3,187.8,40.2,97.5,85.4,96.6,117.2,57.3,37.8,35.3,21.5,30.5,18.0,16.6,66.7,31.6,96.5,49.2,46.3,23.4,56.9,42.7,149.3081180811808
83.6,170.3,42.3,107.4,93.0,102.8,116.5,64.6,40.1,38.9,23.0,30.5,16.8,14.3,59.0,27.1,82.4,50.0,38.7,26.5,57.3,39.7,156.47682119205297
69.4,172.6,42.4,95.6,82.7,92.2,113.1,53.3,36.7,35.5,22.0,30.3,17.4,14.6,56.2,24.9,79.0,48.2,36.9,22.9,56.3,39.9,151.18962962962962
95.8,170.3,45.8,114.4,108.2,110.6,120.8,68.6,42.0,41.0,23.7,33.1,17.6,15.4,57.5,25.2,83.2,48.8,38.2,29.7,56.3,41.2,186.41438848920865
94.5,170.1,44.4,112.9,98.8,107.3,124.0,67.1,44.2,41.2,23.0,33.3,18.1,14.0,60.0,26.1,81.0,47.0,36.2,27.9,58.3,42.9,168.42459016393443
80.7,178.8,42.8,102.0,97.2,99.2,114.5,61.0,39.3,36.3,20.3,30.2,17.1,14.1,59.0,27.4,87.2,48.5,40.9,25.1,55.6,39.4,144.20689655172413
91.2,179.7,42.8,106.8,104.0,104.8,116.4,63.6,42.0,39.5,23.0,30.6,17.8,13.8,64.3,28.8,87.5,48.7,40.6,26.8,59.7,39.5,157.94366197183098
85.0,177.2,42.8,103.8,96.7,102.1,115.5,63.1,41.0,38.8,23.2,29.4,17.0,14.8,61.6,27.3,84.5,49.0,38.7,25.0,59.0,40.4,169.15555555555554
74.4,165.7,44.5,100.7,89.0,96.2,113.3,58.2,38.1,38.3,23.3,28.0,17.0,14.0,57.0,25.0,76.7,48.0,33.5,24.2,56.4,40.1,150.8695340501792
98.0,178.6,41.5,107.6,107.4,109.5,122.2,69.7,44.3,41.9,23.2,32.0,18.0,15.6,62.1,28.7,84.5,53.0,34.6,26.9,58.0,44.0,160.25531914893617
92.6,174.3,44.8,108.1,93.8,101.9,122.4,67.8,41.4,40.3,21.8,33.6,18.1,14.8,63.1,29.1,88.8,43.8,41.6,27.3,56.2,41.2,157.9923076923077
84.3,175.1,44.0,110.9,92.7,98.9,120.5,58.9,41.0,39.3,22.0,29.5,18.0,14.3,61.0,26.3,85.4,48.2,40.1,28.7,55.9,41.5,175.84486301369864
78.2,169.8,41.5,102.3,89.5,99.4,115.9,61.7,40.2,37.5,23.6,30.6,17.3,14.8,57.6,26.1,81.1,47.6,37.8,24.7,56.1,40.5,161.43085106382978
96.9,172.2,45.0,116.7,109.8,108.4,119.9,67.4,44.4,41.2,23.4,30.6,17.4,15.4,57.5,26.6,80.9,49.0,36.5,28.9,58.8,41.8,183.3857142857143
86.9,166.3,46.5,108.6,100.1,100.2,115.3,61.8,41.1,39.8,23.0,31.0,17.0,13.0,54.6,23.6,76.8,46.3,38.4,26.1,59.2,39.7,165.89586206896553
95.6,181.3,44.2,109.6,96.5,105.3,119.4,63.9,42.2,43.5,26.6,32.7,18.4,13.6,60.5,27.7,85.9,50.7,39.9,27.6,57.8,41.3,166.3894389438944
87.6,178.4,41.8,103.7,99.5,100.3,116.3,60.7,43.1,40.3,23.4,32.2,17.1,15.0,61.8,27.9,81.4,49.0,34.3,24.6,57.7,42.4,153.476
89.2,185.4,40.6,100.7,94.0,102.8,111.2,60.1,43.7,43.7,25.2,31.3,18.2,14.8,64.3,30.3,93.1,48.5,41.7,25.7,58.1,39.5,149.59057971014494
60.9,165.3,39.4,93.4,77.5,91.6,109.3,54.4,35.5,32.7,21.2,26.6,16.7,14.5,55.0,24.6,77.3,43.2,35.2,21.6,56.8,40.8,148.96277372262773
79.6,170.0,42.8,106.0,98.8,98.1,115.7,57.4,39.3,38.9,23.0,31.1,17.0,14.2,57.0,25.1,82.2,48.6,37.4,25.8,55.4,41.6,152.79598662207357
98.1,196.0,44.7,108.1,105.8,109.9,122.0,62.7,41.4,37.0,22.1,30.7,18.0,15.2,66.0,28.7,95.5,52.2,44.4,25.3,59.1,43.1,169.52825396825398
74.2,173.4,39.9,99.3,86.2,96.2,109.4,59.3,39.4,37.0,22.0,29.3,17.1,15.0,57.2,25.1,83.8,49.3,37.6,24.3,56.8,38.6,148.2304347826087
95.5,173.7,47.3,110.6,104.2,107.9,124.7,67.8,43.5,41.2,22.8,33.3,18.4,13.6,58.0,26.2,81.7,48.7,37.9,25.8,57.1,42.1,166.25
95.2,183.8,44.8,105.3,93.8,106.6,118.0,64.8,44.4,42.0,24.6,34.1,17.7,14.2,62.5,27.2,87.8,51.0,43.3,26.8,59.5,41.1,169.4112244897959
84.8,169.9,45.4,112.5,99.8,100.8,118.7,60.8,43.0,39.3,23.0,32.5,18.0,13.8,59.0,26.3,80.0,52.0,40.5,26.0,58.0,41.0,171.2579617834395
87.1,180.5,43.5,109.9,90.2,99.4,125.9,61.4,39.8,40.0,23.4,30.3,18.8,16.0,64.0,28.4,87.0,46.0,39.7,25.7,57.0,44.7,172.17666666666668
104.1,183.0,44.5,115.8,108.2,107.5,122.8,63.5,43.6,41.5,23.3,32.9,17.2,13.7,61.0,28.7,81.8,53.0,39.7,28.3,59.8,43.6,153.435
66.2,176.4,40.4,90.8,78.0,91.9,106.2,53.4,37.1,34.8,20.9,28.4,16.4,14.5,55.2,25.4,83.4,46.9,39.5,21.4,58.3,39.1,111.50877192982458
82.1,172.4,42.0,105.5,92.0,100.5,117.8,61.7,41.2,40.5,23.7,32.7,18.1,16.0,59.1,26.0,80.2,47.8,38.8,24.8,55.4,41.8,131.055900621118
84.4,175.5,42.6,104.7,96.1,101.0,118.3,61.4,39.9,37.9,21.7,31.0,17.2,15.0,57.5,24.1,82.5,48.2,39.9,25.8,57.9,41.8,149.07615894039733
87.6,181.8,41.4,106.2,94.5,102.2,118.3,60.9,42.3,40.0,23.0,32.0,18.2,16.0,62.5,28.3,86.2,50.3,41.3,26.7,58.6,42.4,164.38217821782177
80.0,180.8,41.2,99.4,86.0,98.0,116.1,58.9,38.6,39.5,22.8,30.1,18.3,14.9,62.3,27.9,88.1,46.1,39.1,24.9,55.5,42.7,134.75704697986578
98.4,191.7,44.5,113.0,94.9,105.6,128.2,64.0,42.7,38.0,22.6,33.9,18.4,16.5,65.0,29.4,89.5,50.2,44.3,27.1,59.0,45.7,165.68488745980707
78.7,177.1,41.9,95.5,81.0,100.7,115.4,62.6,39.8,41.2,22.7,31.0,17.0,15.5,59.8,27.7,88.9,44.5,38.9,22.5,57.3,41.3,148.26653696498053
95.2,180.3,43.2,109.7,93.9,104.7,119.4,66.3,45.3,40.4,23.4,34.3,18.1,15.8,59.4,26.6,85.7,52.0,40.1,26.8,55.7,42.3,162.13522012578613
67.6,179.2,41.0,89.9,73.2,88.4,110.3,48.6,33.5,33.3,22.2,27.3,16.7,14.1,60.6,26.1,85.8,45.3,42.3,19.8,55.1,40.3,142.78235294117647
68.3,175.6,41.0,97.3,82.5,92.1,114.5,52.7,36.7,36.5,22.1,29.5,16.8,16.1,58.5,26.9,83.6,45.5,39.7,22.0,56.3,41.6,142.93034482758623
84.1,178.0,44.3,103.8,86.8,97.6,120.1,60.8,40.7,38.6,21.9,31.5,17.4,16.0,62.5,27.7,84.7,50.8,42.7,25.4,57.3,42.5,153.89791666666665
82.8,179.2,42.0,101.6,95.2,97.4,113.9,59.3,39.7,41.6,24.4,29.9,17.5,15.2,63.0,27.5,87.8,49.9,42.9,23.8,57.1,41.4,143.41496598639455
93.7,186.3,42.1,108.3,94.8,104.3,122.0,66.7,43.8,40.5,24.3,31.1,17.5,16.5,64.7,29.6,92.4,50.2,42.2,25.1,57.3,43.0,156.1207792207792
106.0,182.0,44.3,115.8,109.0,114.9,119.5,70.8,45.7,42.8,24.6,33.3,18.4,13.0,62.4,27.3,89.2,52.5,41.0,30.2,57.8,40.2,174.8503311258278
86.9,179.8,42.2,106.6,88.0,100.3,118.0,60.8,40.7,38.3,22.5,31.8,17.2,14.2,60.0,27.9,88.1,49.5,41.7,27.5,57.5,40.6,162.90281690140844
85.3,191.3,42.8,101.4,91.5,97.6,117.1,58.8,40.1,38.2,21.7,28.6,17.5,15.9,60.5,27.6,93.6,51.8,47.1,24.1,58.2,42.8,143.59328859060403
75.3,169.1,41.8,103.4,85.3,95.5,122.0,59.7,37.0,36.3,21.7,33.0,16.7,15.5,56.1,25.5,80.2,47.1,37.5,25.2,55.7,42.2,162.64341637010676
93.3,182.2,43.0,108.9,95.5,107.7,120.5,68.4,41.6,37.8,22.0,32.2,16.8,14.7,61.0,26.1,88.7,47.5,41.0,28.2,60.5,42.9,157.80095541401275
84.9,171.8,43.0,105.3,97.8,100.6,120.6,62.0,41.8,39.3,23.3,30.4,16.8,15.0,55.5,24.9,76.7,50.2,34.2,26.1,57.2,41.5,157.59183673469389
95.7,178.9,44.3,111.6,96.0,105.2,123.1,65.5,42.4,39.6,21.9,35.0,18.2,15.2,60.0,28.2,89.6,48.5,39.9,28.1,58.3,42.7,165.43521126760564
75.5,167.4,42.2,101.4,81.6,96.0,115.0,59.3,41.0,38.8,24.3,32.1,17.2,14.0,55.3,25.6,81.0,47.0,38.1,25.1,54.3,40.3,135.2
77.3,169.2,43.5,107.7,95.1,94.9,115.5,56.8,38.0,40.2,22.4,28.4,16.6,14.2,59.2,26.1,83.3,48.4,40.2,26.6,55.5,40.3,165.14000000000001
73.5,180.4,39.4,101.0,81.0,95.3,113.2,57.7,36.9,37.6,22.2,28.8,17.6,15.0,63.0,28.2,88.3,45.8,40.6,25.7,57.1,40.3,143.20895522388062
84.9,180.0,44.0,101.8,88.5,102.3,116.5,62.6,41.3,39.3,23.2,30.5,18.4,13.7,60.0,26.3,88.4,46.7,42.1,24.8,57.9,40.8,154.86595744680852
101.0,186.2,44.3,109.9,100.3,107.6,127.3,66.9,45.7,41.4,24.3,32.5,18.3,15.9,62.5,27.8,91.6,49.2,41.1,25.7,57.0,45.8,156.00946372239747
74.1,166.7,44.6,103.2,93.5,97.9,112.5,58.4,39.0,38.3,21.9,28.5,16.2,14.5,56.5,24.7,79.0,48.5,38.6,24.8,57.6,38.7,151.26064981949457
77.3,163.3,43.8,105.4,88.7,96.3,121.0,60.5,41.8,39.3,24.0,30.4,17.5,15.2,51.0,22.4,73.0,44.0,36.7,23.3,59.1,42.2,154.28618421052633
83.3,167.3,45.1,112.6,102.6,101.8,117.5,59.1,41.5,38.3,21.6,29.5,17.3,14.0,58.2,26.6,79.6,50.3,37.1,29.4,56.4,39.5,168.09571428571428
94.5,189.6,43.5,103.2,90.8,103.1,124.9,62.7,41.5,37.8,21.8,34.7,18.0,15.8,65.3,30.4,95.8,48.5,45.4,23.4,57.6,44.2,150.8051612903226
98.4,182.6,41.6,113.3,107.7,110.8,118.7,69.7,43.1,40.0,22.7,31.0,17.4,15.3,62.0,29.2,88.2,54.5,42.4,28.4,57.9,42.7,169.95
74.6,168.0,41.8,104.1,94.0,95.5,114.2,57.0,37.1,36.0,20.5,29.9,16.0,13.5,57.2,25.7,78.7,48.5,37.6,25.9,55.8,38.9,159.69081632653064
91.7,179.9,44.3,104.8,96.0,108.2,122.4,66.3,43.5,40.0,24.2,31.4,17.3,15.5,60.3,28.0,87.5,47.8,38.7,24.9,57.7,44.5,157.903355704698
88.3,179.3,42.2,108.7,93.6,102.7,119.2,63.4,40.5,39.3,23.2,30.5,17.4,14.7,60.4,26.7,86.9,49.0,38.3,25.9,58.3,41.8,167.51712328767124
101.6,182.0,47.2,115.4,104.8,106.2,121.6,65.6,44.0,42.2,26.9,34.0,19.3,15.5,61.3,27.3,88.0,50.4,42.3,30.0,58.7,42.3,166.95326460481098
67.0,178.8,42.4,92.7,75.5,89.6,113.5,50.7,36.3,33.9,20.5,30.3,16.8,15.5,60.6,27.2,86.5,46.8,39.5,20.8,57.7,41.3,144.236013986014
72.6,170.8,43.8,99.0,83.0,92.8,115.0,57.6,36.2,35.7,22.8,29.3,16.3,13.7,58.0,26.0,82.8,44.2,38.0,23.9,57.9,40.2,144.77054794520546
118.5,187.2,51.8,124.2,111.2,116.7,131.2,70.5,45.8,42.9,23.8,35.2,19.1,15.5,64.4,29.4,91.4,50.7,40.4,29.7,58.8,45.9,188.25283018867927
82.9,189.7,41.3,104.1,87.5,96.8,118.0,57.7,38.6,36.5,22.1,30.2,17.1,15.5,63.5,28.9,94.0,48.3,43.2,25.3,58.8,42.9,148.46476510067114
78.6,173.9,40.0,95.8,95.0,102.9,111.3,63.5,42.8,39.0,23.8,28.6,17.5,14.4,59.0,26.9,83.7,48.5,38.6,23.3,56.5,40.2,136.09963099630997
78.1,170.6,40.7,99.4,82.6,100.4,119.1,61.8,41.2,38.6,23.3,31.4,17.3,15.7,59.6,28.4,84.5,45.5,38.0,22.9,58.5,42.3,145.97202797202797
71.3,174.9,40.4,96.2,82.2,96.7,111.5,58.0,37.0,35.5,22.2,27.7,17.0,15.3,56.6,25.4,82.8,49.0,40.0,22.4,56.5,40.5,148.14068441064637
83.1,172.1,42.2,102.4,89.0,104.1,116.7,64.9,41.8,39.8,23.1,31.9,17.7,16.2,58.7,25.9,77.4,47.7,35.4,23.9,57.7,42.9,145.4976430976431
77.1,183.8,42.6,104.7,88.0,92.4,115.1,53.8,37.7,37.7,22.7,27.2,17.8,15.6,63.5,29.7,90.0,46.3,41.6,25.4,58.8,44.0,132.5528846153846
73.1,171.4,41.1,99.4,97.5,96.3,113.4,57.7,37.7,36.3,21.8,28.4,16.3,16.0,59.0,26.5,85.3,45.5,38.2,23.1,55.8,39.8,140.4946996466431
77.5,168.3,43.9,104.3,82.5,98.9,117.1,58.9,39.7,37.5,21.9,31.3,17.5,15.5,59.5,27.4,83.7,41.3,39.6,24.9,58.8,42.0,164.7586440677966
72.7,168.8,40.4,101.2,84.6,99.4,110.6,61.9,39.0,34.5,20.5,29.2,17.1,14.7,57.0,25.5,79.9,45.0,35.8,23.7,54.7,39.7,146.2925170068027
75.8,169.6,42.6,102.0,86.0,98.7,113.7,60.3,42.0,37.3,23.2,29.9,17.3,15.5,54.4,26.0,79.7,44.0,35.1,23.5,57.5,41.6,139.73626373626374
89.8,178.0,44.8,106.0,91.5,104.6,123.2,66.1,41.7,40.8,23.7,34.0,18.4,16.3,59.6,27.4,83.6,49.4,38.6,25.5,55.1,43.3,139.1919191919192
134.6,181.2,50.1,132.1,130.2,124.5,130.0,78.5,48.6,45.0,25.4,36.4,19.8,15.6,65.5,29.5,86.9,50.5,39.0,33.7,58.3,43.3,
87.0,174.8,44.2,108.6,82.5,103.4,120.0,63.3,41.8,39.1,23.8,32.5,18.0,15.4,60.7,27.7,85.2,46.2,38.8,25.7,58.0,41.1,167.38019801980198
67.0,167.0,43.3,94.5,86.4,91.2,109.2,53.7,35.8,34.0,20.5,27.3,15.8,14.0,55.5,25.9,81.5,42.0,38.9,22.7,56.9,39.6,129.63898916967509
84.7,181.1,45.5,100.5,90.0,100.6,114.6,59.0,39.0,38.7,22.3,31.8,18.5,13.7,63.1,29.2,89.7,45.2,45.0,24.5,58.1,40.7,145.08545454545452
101.3,178.1,45.3,117.2,107.0,109.6,122.6,65.0,43.3,41.0,24.0,33.9,18.8,16.0,60.2,27.5,84.0,47.8,39.5,28.9,58.9,42.3,164.31756756756755
80.2,176.4,41.5,98.7,90.8,98.6,110.2,61.7,39.5,37.3,22.0,30.5,16.8,14.1,58.5,27.9,83.3,47.2,41.7,24.6,56.9,39.0,139.01408450704224
69.7,166.1,42.5,93.7,80.8,92.7,113.4,58.8,39.1,41.3,24.6,29.4,16.5,16.0,55.0,23.9,76.1,45.7,34.6,22.6,54.0,41.4,153.32727272727274
94.7,173.7,44.7,107.6,95.5,107.2,117.0,66.4,43.9,44.1,25.0,33.3,17.7,12.6,59.5,26.3,82.8,47.3,40.5,27.2,59.8,39.1,156.64734982332155
79.1,170.2,43.2,102.7,83.0,98.0,119.0,57.6,39.6,37.7,22.9,29.7,17.5,15.3,59.0,25.9,84.3,42.0,39.0,24.1,57.5,43.3,148.72608695652173
73.6,163.6,42.5,99.6,77.1,96.8,116.3,60.0,42.5,39.6,22.7,29.2,16.8,13.9,54.6,25.3,77.8,44.5,35.9,23.2,55.1,41.5,156.4088888888889
85.5,170.9,45.4,114.3,95.5,101.2,123.2,58.3,38.8,36.2,20.7,32.2,16.5,14.5,56.6,26.5,80.3,46.9,38.9,27.8,56.6,41.7,169.98461538461538
103.6,171.0,43.3,114.7,106.5,111.8,125.3,72.7,46.8,42.8,25.8,33.3,18.6,16.3,58.5,26.2,79.0,48.0,35.2,26.6,57.7,44.9,172.58934169279
75.9,166.9,43.1,102.4,86.6,97.5,111.7,59.1,40.6,37.5,21.1,31.1,16.7,14.6,57.2,25.5,81.0,43.5,36.9,25.5,56.3,40.4,152.1159420289855
93.2,179.0,44.5,109.8,99.0,102.2,117.7,60.9,41.7,39.1,23.0,32.0,18.2,15.5,62.9,29.2,89.7,51.1,40.8,27.9,59.6,41.8,171.68041237113403
95.5,179.2,44.8,112.8,104.8,105.7,120.0,63.3,41.9,38.3,21.7,29.3,18.1,16.0,60.0,26.9,86.0,51.0,41.2,26.5,58.0,42.7,174.09646302250803
66.1,169.6,39.5,95.9,83.3,94.3,108.3,54.4,36.5,35.9,20.3,28.6,15.8,15.5,58.2,26.4,83.5,46.0,37.6,23.7,54.1,39.0,144.37692307692308
93.6,178.4,45.2,110.1,98.7,103.1,118.7,62.7,41.2,38.8,23.7,33.1,17.8,14.0,60.6,27.9,85.3,47.4,41.9,26.0,57.4,42.4,136.26574074074074
86.5,176.7,43.0,109.4,99.2,103.4,117.2,61.5,41.0,38.8,21.3,30.0,17.0,15.8,58.6,26.2,83.4,45.4,39.4,28.1,55.5,42.4,161.16308724832214
78.4,166.6,42.5,106.2,95.8,99.0,110.5,60.1,38.6,37.8,20.8,29.3,16.9,13.5,58.5,25.8,81.0,45.2,37.2,25.8,55.0,39.9,162.0184300341297
72.4,172.1,44.6,96.3,83.6,97.7,111.0,57.3,37.3,37.5,21.9,30.1,16.8,14.5,56.6,27.3,82.5,46.4,39.8,23.8,57.7,40.5,139.17328767123288
73.7,164.4,41.8,100.7,89.2,96.2,112.6,59.8,38.7,37.9,22.3,29.0,16.5,14.1,52.8,23.8,78.0,42.6,35.3,23.7,58.0,39.2,149.83044982698962
83.8,172.4,44.2,107.7,97.6,102.1,112.3,64.2,38.5,38.8,22.3,28.9,16.5,14.1,61.5,28.7,83.0,47.8,36.0,27.2,55.5,40.2,154.98292682926828
79.2,164.6,43.6,109.3,97.6,99.2,114.1,61.7,40.7,37.7,22.3,29.3,16.2,14.4,54.5,24.9,74.3,48.0,33.1,26.5,55.3,41.2,167.120819112628
70.0,177.1,42.2,97.3,91.1,97.7,111.0,58.0,36.2,33.8,20.2,29.0,15.6,15.1,59.3,27.2,90.4,47.6,39.6,21.8,57.3,41.3,143.8943661971831
88.6,178.1,42.9,107.8,99.9,104.4,118.1,62.7,41.3,40.7,24.4,31.6,18.2,14.6,59.7,26.9,86.0,47.8,40.7,26.4,57.1,41.7,156.29255663430422
70.3,170.0,42.8,103.2,82.1,92.7,115.6,56.1,35.6,37.4,21.3,30.3,16.6,14.0,57.0,25.6,82.9,43.2,38.1,23.8,52.6,39.7,156.04123711340205
75.0,178.0,42.6,101.6,83.5,92.7,111.8,58.2,37.9,36.7,20.2,32.0,18.0,14.3,63.2,29.2,88.3,44.0,43.4,25.1,54.8,40.7,133.9432525951557
95.3,175.8,45.3,114.7,99.5,106.4,121.5,65.6,42.9,40.8,24.5,30.8,17.7,15.8,59.6,28.1,84.7,49.2,36.5,28.5,58.0,42.8,178.82939297124602
78.5,181.8,43.8,102.8,87.7,96.1,118.5,57.9,38.2,37.5,22.2,28.9,16.9,14.3,63.3,28.8,89.0,50.0,41.4,22.6,55.3,41.1,145.22539682539684
98.0,170.3,47.0,110.1,101.9,110.6,121.4,70.7,45.2,40.4,23.0,34.4,18.0,15.0,58.5,25.2,81.1,50.0,35.2,27.0,59.0,42.7,162.33174061433448
71.7,170.6,41.5,96.4,89.0,95.9,112.5,57.1,40.2,36.6,22.5,27.9,17.3,15.2,57.8,25.3,78.0,48.4,36.2,23.4,56.2,40.4,146.33381294964028
64.2,172.6,39.1,96.8,73.0,89.7,110.3,50.3,33.0,36.8,21.3,27.9,16.9,16.0,61.2,26.7,84.9,46.4,39.0,22.1,57.6,40.2,134.3019867549669
78.4,176.3,42.1,104.4,82.3,93.2,117.0,54.7,39.8,35.0,22.3,30.8,17.7,13.7,60.0,26.6,83.0,48.6,37.2,25.3,57.0,42.7,155.68421052631578
73.4,165.2,40.1,101.0,94.8,99.9,108.8,57.4,39.6,37.4,20.4,29.7,17.5,14.3,56.8,25.8,79.7,47.2,36.3,26.4,57.0,37.4,158.4313725490196
100.0,180.5,45.9,108.8,108.0,112.2,125.3,70.0,45.8,41.6,24.2,31.9,18.2,15.7,62.4,28.3,86.0,53.7,41.1,27.4,57.9,43.0,157.1157894736842
96.2,187.4,43.0,106.4,94.1,104.0,122.7,63.4,42.8,39.5,24.3,31.1,18.4,16.0,63.6,28.6,93.3,51.1,42.9,25.5,56.2,44.8,166.16363636363639
80.9,181.6,38.4,103.1,89.5,97.7,112.7,58.3,38.3,40.3,23.3,28.1,17.0,16.0,61.5,29.1,87.0,49.1,40.1,25.8,56.0,41.1,148.12033333333335
79.1,174.0,41.5,101.0,90.6,95.5,117.0,57.9,39.0,38.4,21.7,30.3,16.7,15.5,59.5,28.0,84.3,48.7,39.1,25.2,55.6,41.6,152.55208333333334
68.0,168.1,42.2,95.3,83.4,91.7,112.0,55.4,38.1,34.4,23.4,29.4,17.1,14.5,53.1,25.1,78.0,45.7,36.7,20.4,56.8,41.2,144.0962199312715
65.6,165.5,42.6,96.9,80.4,90.3,111.6,54.5,36.5,37.3,21.8,28.8,16.4,13.3,54.5,24.8,78.8,44.5,35.3,23.7,56.3,39.5,135.7941176470588
84.1,176.3,43.4,101.2,94.9,99.8,114.0,62.2,42.8,38.3,22.5,30.9,16.7,12.9,58.7,26.8,85.4,48.7,39.9,24.6,57.2,39.2,163.79407407407408
58.8,174.6,37.3,88.4,72.2,87.6,106.5,49.7,34.4,34.4,20.6,26.6,15.5,14.9,59.5,26.8,84.6,46.8,41.0,20.9,55.2,40.0,131.15345454545454
73.8,173.3,43.1,96.9,85.2,96.2,116.4,56.8,38.0,39.1,23.6,29.4,17.4,14.4,58.1,25.5,81.9,45.6,38.0,22.3,55.3,41.5,147.52941176470588
67.2,175.7,40.7,93.4,77.4,92.4,113.3,57.0,36.0,35.7,20.7,28.9,16.8,14.0,59.7,26.3,84.9,46.8,39.4,22.3,55.2,41.0,133.331884057971
62.0,156.7,40.9,90.7,82.6,92.2,105.5,55.8,35.5,36.4,21.7,28.4,16.2,13.1,52.4,23.4,73.8,44.0,33.3,21.6,53.6,36.6,141.76338582677167
73.7,170.3,40.5,95.7,80.7,96.3,113.8,58.6,36.8,39.6,22.6,29.5,16.8,15.6,59.5,26.3,82.2,44.2,37.4,24.7,56.5,39.8,149.68461538461537
84.8,171.8,41.2,108.6,87.0,100.0,120.0,64.1,40.5,39.7,23.3,34.7,17.7,14.1,57.8,24.2,82.2,47.5,37.5,26.2,56.0,40.1,167.66315789473683
79.2,187.1,44.2,92.5,83.5,98.9,116.9,58.0,40.1,37.9,22.8,29.5,19.0,15.1,63.4,28.6,87.2,54.6,41.4,22.3,56.4,42.4,122.70408163265306
85.8,172.8,42.7,105.4,105.1,105.6,117.6,67.2,41.2,36.6,21.7,28.8,17.0,13.9,56.0,26.9,82.7,49.5,40.3,25.5,56.5,40.9,164.03549488054608
84.8,178.8,44.0,100.3,94.7,103.3,114.4,64.3,44.7,39.3,23.1,30.7,17.8,14.0,60.1,26.8,85.5,49.2,39.9,24.1,56.2,39.4,158.78
67.5,168.8,42.7,95.4,81.6,91.7,109.6,57.9,37.1,34.5,21.6,27.7,16.3,15.0,56.8,25.9,80.7,44.2,39.3,23.8,55.4,38.4,145.25187969924812
89.6,176.5,43.0,107.2,97.8,104.9,119.9,66.2,42.0,39.9,23.4,32.7,17.8,14.6,60.6,26.5,84.8,47.5,37.6,24.2,55.8,42.8,155.32383900928795
83.2,169.0,44.4,104.5,99.1,103.8,118.1,60.5,41.3,37.8,22.7,31.2,17.8,13.5,57.1,25.7,78.7,48.3,39.2,24.7,55.5,40.7,156.38965517241382
73.1,171.8,41.4,98.4,78.3,92.9,116.2,54.4,36.4,38.9,22.3,29.9,17.2,15.4,57.6,25.4,84.6,43.0,39.7,22.8,56.0,41.9,152.45070422535213
98.5,182.8,47.7,114.4,108.0,100.9,123.1,62.2,41.0,39.6,22.6,31.7,18.2,15.2,63.8,29.5,93.1,51.1,43.4,28.1,61.5,44.2,169.74285714285716
