weight_kg,stature_cm,neck_base_girth,chest_girth,waist_girth,hips_buttock_girth,shoulder_girth,thigh_girth,thigh_low_girth,calf_girth,ankle_girth,forearm_girth,wrist_girth,shoulder_length,sleeveoutseam_length,forearm_length,crotchheight_length,waistback_length,thigh_length,chest_depth_length,head_girth,biacromialbreadth,scyecircoveracromion
65.7,156.0,36.8,92.2,85.0,101.1,106.2,62.2,40.4,36.0,20.4,26.5,15.2,14.8,51.3,23.5,75.9,40.6,39.7,24.5,54.8,37.3,122.14817518248176
53.4,166.5,34.5,83.9,70.8,89.3,101.4,52.4,33.4,35.0,20.7,24.7,15.5,14.2,57.5,25.9,83.5,42.2,40.9,20.6,53.5,37.2,109.2950191570881
66.3,171.1,36.9,87.4,72.7,98.7,104.9,57.7,40.1,38.4,23.3,26.2,16.2,16.4,56.8,25.8,82.1,41.9,41.3,22.3,58.8,39.7,105.06271777003482
78.2,166.0,38.6,100.8,92.3,101.2,112.1,67.9,40.2,37.2,21.4,30.9,17.3,15.7,53.6,25.0,80.4,45.1,38.8,28.5,59.3,38.4,146.8907063197026
88.6,157.2,35.8,108.9,116.3,128.1,115.1,76.6,47.9,43.3,21.4,26.0,15.2,15.6,55.9,24.2,72.6,45.2,35.9,29.0,52.2,37.8,152.81704918032787
83.7,170.7,37.9,103.1,96.8,108.5,109.4,67.4,42.3,39.6,22.8,29.7,15.9,13.6,59.2,27.1,86.4,46.6,42.7,30.1,57.0,35.6,134.57263157894738
73.2,164.4,36.5,98.8,96.4,104.9,107.2,65.0,37.4,37.3,22.3,26.7,15.4,14.1,52.5,23.8,77.8,45.6,41.1,27.1,58.2,35.8,151.0431654676259
76.0,167.1,38.6,96.8,91.4,109.5,106.6,67.5,39.1,37.3,20.5,28.0,15.5,13.6,57.4,25.0,80.3,44.5,40.2,25.0,55.1,36.5,129.06666666666666
54.5,152.1,34.0,83.1,75.5,96.5,99.4,59.2,34.0,34.5,19.3,24.6,14.3,14.4,52.7,23.0,75.3,38.7,36.1,21.4,56.2,35.5,112.67796610169492
68.4,159.0,36.2,101.0,94.4,104.5,98.5,60.4,38.6,36.7,20.8,25.3,15.1,12.5,49.0,23.3,75.0,44.5,39.1,27.3,52.8,32.3,138.01027397260276
99.0,170.7,42.2,106.5,93.5,124.8,117.4,74.0,46.0,45.3,24.5,32.9,18.0,16.1,57.3,27.0,81.0,42.7,41.3,29.4,61.4,40.6,140.56565656565655
74.2,166.8,40.5,103.4,94.2,101.4,111.0,60.0,37.8,35.8,22.0,26.7,16.0,14.6,60.0,27.2,82.2,43.2,42.5,25.9,59.8,38.7,136.05263157894737
78.1,165.4,38.6,106.3,99.5,104.9,114.5,62.3,38.6,37.5,20.6,27.7,15.9,14.0,57.0,24.2,78.1,43.0,40.0,27.9,54.0,38.4,139.11744966442953
71.8,166.6,39.2,93.7,84.8,101.2,115.1,60.6,38.5,37.3,22.0,28.6,16.7,16.6,56.5,25.4,80.1,43.0,40.2,24.0,55.3,41.8,125.35972696245733
70.9,159.9,37.9,98.9,92.9,100.0,111.6,63.9,37.7,37.5,19.4,27.7,15.0,14.2,54.8,24.9,77.2,46.4,38.2,26.7,58.6,36.5,141.28571428571428
67.2,167.3,36.9,94.0,83.5,100.7,101.3,61.9,38.8,36.2,22.3,25.8,16.2,13.3,54.0,24.6,78.6,46.2,38.8,24.6,57.2,36.7,112.11636363636362
62.0,164.7,37.0,83.5,77.2,96.9,105.5,56.4,37.7,37.7,21.8,26.4,16.2,14.9,53.8,24.5,76.5,45.8,38.5,21.4,56.8,37.1,108.24074074074073
59.5,167.8,33.9,89.7,80.5,94.1,96.7,56.9,36.9,33.8,19.7,25.0,14.9,13.2,54.0,24.5,83.3,42.8,40.3,24.6,56.8,36.5,122.00574712643677
74.1,167.9,36.4,97.9,86.8,101.1,112.8,64.7,40.3,38.2,21.1,27.6,15.5,14.8,59.3,26.4,83.5,41.1,40.9,25.1,59.2,39.3,132.2972972972973
60.5,161.5,36.1,85.3,79.2,102.1,101.1,61.5,39.0,37.9,20.9,24.8,15.0,14.1,51.7,23.2,73.3,43.5,37.8,20.6,53.2,35.9,114.04925925925924
80.0,151.7,38.2,109.0,113.7,110.7,111.9,69.5,38.6,41.3,21.7,29.0,16.0,13.3,50.0,22.5,66.4,47.8,33.4,30.9,56.0,34.2,153.5909090909091
74.7,167.4,37.2,94.1,88.1,105.0,109.5,67.7,42.7,40.6,21.8,27.2,15.5,15.4,58.5,26.5,83.9,42.6,41.5,24.1,55.4,38.8,127.87108013937282
49.1,162.3,33.8,85.7,70.2,86.7,91.9,49.2,32.9,32.6,20.1,24.6,14.6,13.2,54.7,23.6,77.0,42.5,39.3,20.9,53.6,33.0,112.3934426229508
70.3,166.8,36.8,97.3,95.4,103.8,106.4,61.4,37.5,35.3,21.2,26.7,15.2,14.2,53.0,24.1,80.0,46.8,40.5,25.7,57.2,37.2,121.625
71.5,164.4,36.0,97.5,79.6,98.1,106.6,60.3,40.2,39.6,21.3,28.5,15.1,14.3,58.4,27.0,83.1,43.7,38.1,26.8,57.6,38.3,136.0054347826087
70.8,157.9,38.4,102.6,100.0,106.9,108.7,63.0,35.7,34.4,19.5,26.7,15.8,15.6,53.2,23.9,77.4,44.2,37.0,26.6,56.2,37.0,152.50408163265305
48.8,144.6,33.4,83.2,74.2,91.7,95.4,52.9,37.7,34.3,20.5,24.5,14.5,12.8,41.0,16.9,61.0,40.0,30.8,20.3,54.4,33.8,115.41654135338347
69.1,162.0,35.8,92.1,91.2,99.7,101.7,64.3,42.5,40.0,23.1,25.3,15.5,14.6,53.5,24.5,77.4,45.0,37.1,23.6,55.0,37.3,121.35529411764705
73.0,168.4,36.0,103.2,91.3,104.2,107.7,63.9,41.5,37.1,21.5,26.7,16.0,14.7,55.2,25.0,82.2,42.0,39.7,25.6,54.7,38.6,119.95324675324676
61.0,161.9,37.5,90.4,82.1,96.0,102.1,56.5,36.9,35.3,20.7,26.6,15.4,14.2,56.9,25.0,80.2,41.3,40.6,23.1,52.5,37.0,117.55437262357414
65.8,159.2,36.6,95.1,93.0,105.6,104.2,61.1,37.8,36.8,21.3,24.5,15.3,14.0,53.2,24.4,75.5,39.9,37.1,23.7,54.5,36.3,129.93516483516484
70.9,165.5,36.2,95.0,90.1,103.5,101.0,62.5,40.2,34.9,21.7,26.6,16.0,11.8,53.3,23.1,78.9,45.6,39.5,24.9,55.0,32.9,135.36630036630038
72.8,172.3,37.0,96.5,93.5,103.4,105.2,60.1,39.9,37.0,23.4,25.6,16.0,14.5,56.4,25.8,83.9,43.4,42.5,25.5,57.3,37.0,131.4982394366197
84.6,167.7,38.8,111.5,107.7,115.4,113.0,70.2,40.9,37.8,20.7,28.0,15.0,14.6,55.2,24.3,80.9,48.1,37.2,29.5,56.4,37.0,152.2121710526316
94.5,165.4,39.1,117.0,111.2,118.4,111.5,73.5,47.6,41.6,23.0,27.7,15.6,13.3,53.5,23.6,76.4,48.5,37.0,32.3,57.7,34.8,154.5
62.7,163.4,34.1,89.5,81.2,99.1,103.9,62.1,38.6,34.8,20.7,26.1,14.7,14.4,56.9,25.4,80.1,41.2,40.1,23.1,53.8,36.5,126.41058394160584
57.8,168.3,35.3,94.4,86.9,93.3,102.0,54.6,32.9,32.5,19.1,23.9,14.1,15.0,60.7,27.4,88.2,41.5,44.0,23.6,55.3,35.6,126.67647058823529
52.4,155.2,36.8,83.3,71.2,90.0,98.2,54.1,34.0,32.0,18.8,25.1,14.8,14.0,53.7,24.5,76.2,43.7,38.1,20.0,57.7,33.4,120.47520661157026
73.2,161.7,37.8,102.5,105.7,105.2,109.8,61.6,37.8,38.5,22.6,25.4,15.9,13.1,53.5,23.6,79.2,46.9,38.7,26.7,53.3,36.0,137.46655518394647
79.1,158.8,39.4,98.2,96.4,108.6,105.0,72.7,44.1,42.1,24.0,30.2,16.9,11.7,48.7,22.3,73.1,44.7,36.2,26.8,55.0,34.7,136.54817518248177
89.4,164.1,39.1,106.0,113.4,117.5,113.3,72.0,44.5,40.3,23.3,30.8,16.6,14.9,51.3,23.1,74.4,51.7,39.0,30.2,58.2,37.3,142.83687943262413
68.9,168.5,35.5,99.1,86.9,97.9,103.6,58.0,37.9,38.0,22.1,25.2,15.4,13.8,54.9,25.4,81.2,44.4,39.0,26.6,55.9,36.8,128.08843537414967
75.8,165.6,38.3,99.4,94.2,102.1,106.1,63.7,44.0,41.8,24.2,29.1,16.1,14.5,52.2,23.5,77.5,47.2,37.6,28.0,55.3,37.1,125.53851851851853
73.1,160.3,39.4,107.1,101.9,104.1,109.2,61.4,40.4,38.9,21.6,28.4,16.5,14.3,52.5,23.9,74.6,47.9,34.0,29.0,56.0,36.0,136.98837209302326
74.8,160.8,36.9,94.5,86.5,113.6,107.1,68.6,43.4,39.3,21.4,28.4,16.0,14.4,52.9,24.0,74.3,43.2,37.5,23.2,55.5,37.5,126.78469750889681
80.6,166.4,41.6,109.4,97.5,104.6,112.2,64.5,40.5,39.3,21.8,29.0,16.2,14.9,53.3,24.4,79.5,43.1,35.0,30.3,56.5,39.5,165.23958333333334
71.4,161.9,37.0,93.2,81.4,103.0,110.8,65.2,42.3,41.0,21.2,27.7,16.1,15.8,56.4,24.3,80.7,39.8,38.4,23.8,55.7,39.1,125.47420494699648
71.2,162.0,37.7,101.3,94.7,105.3,112.1,64.6,38.1,35.9,20.0,26.7,15.8,17.2,57.0,26.0,80.8,45.0,42.1,25.2,56.5,40.3,138.96750902527077
65.7,172.0,37.3,91.0,79.4,100.9,103.2,59.8,39.5,36.2,21.7,26.7,16.0,14.9,58.5,26.6,86.9,42.2,42.2,23.0,56.0,37.9,132.84671532846716
47.7,158.2,35.0,79.3,67.9,88.0,95.4,49.3,36.1,33.0,19.9,24.6,14.9,13.2,50.7,22.5,77.4,41.3,37.7,18.9,54.1,34.0,111.14015151515153
69.6,172.0,35.7,95.4,89.0,105.0,108.4,63.7,38.6,36.7,21.5,24.8,15.2,15.2,58.0,24.6,82.3,47.0,40.6,26.7,56.8,37.9,128.84280442804427
119.6,172.0,40.2,116.1,133.4,130.6,114.6,87.0,53.5,48.2,23.8,31.1,16.7,15.7,54.4,24.7,80.4,53.2,40.1,30.0,58.0,34.9,156.16006389776356
88.7,170.1,38.5,113.5,107.6,116.0,113.0,67.4,41.4,40.4,24.2,28.8,16.5,13.6,60.4,25.4,83.7,45.1,41.6,30.3,55.3,37.6,150.47903225806454
75.4,162.7,37.5,109.5,100.7,107.5,108.2,61.4,39.4,36.8,21.1,27.2,15.4,13.9,51.7,23.2,73.7,47.6,37.1,29.6,56.5,35.5,142.5295081967213
67.8,153.6,35.4,101.4,89.7,104.4,109.2,62.3,36.1,38.8,21.8,26.8,15.6,15.7,49.5,22.3,69.4,44.2,35.4,25.9,55.7,37.3,148.44123711340205
60.7,154.6,35.0,94.6,83.2,100.6,107.7,59.8,36.7,35.6,22.0,24.3,14.8,16.0,50.5,22.6,72.3,41.1,33.3,23.8,55.5,38.2,121.62857142857145
57.2,165.4,33.8,81.4,76.6,98.1,97.0,58.3,37.6,35.9,21.3,23.7,14.5,15.1,54.6,25.2,80.3,40.6,41.5,20.8,55.2,35.6,108.109375
68.9,160.5,35.4,94.0,87.8,102.8,109.6,64.5,41.0,39.4,22.1,26.8,14.7,15.4,53.0,23.8,77.4,43.8,38.3,24.2,58.0,38.1,131.46376811594203
71.2,163.0,36.3,98.8,94.3,105.5,107.2,64.9,39.5,39.5,21.7,27.1,15.2,13.8,56.0,23.8,79.4,42.7,40.3,27.6,54.5,35.6,140.089552238806
60.4,161.2,36.5,90.4,82.5,97.9,102.4,59.3,38.6,36.3,20.9,25.2,15.0,14.2,53.2,22.8,76.6,41.9,36.9,22.7,57.0,37.1,126.69442379182155
69.7,175.7,35.6,87.6,81.2,98.5,103.8,62.6,39.4,35.5,19.5,26.6,15.5,14.4,60.5,27.4,93.4,43.0,44.8,22.3,55.5,36.7,116.90977443609022
85.4,167.0,37.6,109.0,106.2,116.7,110.5,71.7,39.7,36.0,20.5,27.7,15.2,14.3,58.5,27.0,82.5,45.0,41.6,28.7,57.4,36.8,150.05666666666667
61.7,163.2,35.1,94.3,91.4,105.1,92.6,61.0,36.2,31.6,19.3,23.7,14.2,14.3,52.1,23.4,77.0,42.8,36.3,25.7,56.5,35.3,121.64349442379182
79.0,163.5,39.2,113.2,98.7,106.6,110.5,64.9,41.7,40.9,23.3,28.4,16.5,14.3,54.6,23.9,76.7,42.2,39.8,29.6,54.8,38.8,139.68589743589743
67.2,168.2,37.9,97.7,86.8,100.7,105.0,61.5,39.4,36.0,19.8,25.1,15.2,15.7,55.0,24.8,77.4,43.5,37.4,25.9,55.3,38.5,139.72536764705882
69.5,166.1,36.8,97.7,83.9,105.0,102.1,62.0,40.3,37.2,23.5,26.6,15.5,13.8,56.0,24.4,77.7,39.3,40.8,24.5,57.3,36.0,138.46690647482015
66.9,159.6,36.2,100.6,81.4,97.4,103.5,61.4,41.3,37.6,21.4,27.0,15.6,13.8,54.2,23.8,75.4,40.1,37.1,26.2,56.3,34.9,123.03344947735191
57.4,159.6,33.9,93.6,80.4,98.9,103.3,57.3,35.0,32.6,19.5,24.5,14.6,15.1,51.9,23.6,75.8,41.0,38.3,24.8,55.4,38.5,132.7418181818182
81.5,166.5,39.4,106.5,92.5,108.8,115.4,69.3,41.8,41.2,23.0,30.2,16.4,15.5,57.5,25.4,77.5,43.0,38.5,26.4,56.1,39.4,138.24519230769232
61.8,161.7,34.2,89.0,80.5,99.3,102.1,60.8,37.4,37.8,21.6,24.9,14.9,17.2,53.5,24.1,77.6,41.3,38.2,23.0,55.2,37.4,116.9810606060606
64.5,155.5,35.7,90.0,81.1,104.2,105.7,63.9,40.9,39.4,22.4,26.0,14.9,15.0,53.5,24.8,77.1,36.1,37.9,24.6,55.4,35.9,131.1740890688259
55.7,157.8,33.8,86.2,75.7,96.9,95.4,57.3,38.9,36.3,20.7,25.1,14.5,14.0,50.0,21.3,72.9,41.9,36.0,21.4,53.7,34.1,117.7284046692607
61.4,158.1,34.9,89.6,83.9,96.7,99.0,59.5,39.0,36.7,22.2,23.8,14.9,14.1,53.4,23.7,71.8,45.2,36.9,23.8,56.4,36.0,120.70641509433963
66.8,169.8,36.4,94.3,82.1,105.1,103.7,62.6,38.0,36.2,20.8,25.2,15.0,15.7,55.7,25.1,76.2,44.0,41.2,23.9,54.5,38.0,128.125
73.0,155.4,37.7,109.2,100.1,102.8,108.4,63.5,41.6,37.6,21.5,28.0,15.5,14.2,51.1,22.7,70.5,43.9,38.3,28.9,54.9,36.0,129.6521739130435
73.7,175.6,37.2,92.0,86.0,104.5,104.6,63.2,41.0,40.5,22.3,27.2,15.0,14.4,57.3,26.2,83.5,44.5,42.5,24.1,57.5,38.7,127.66666666666666
69.3,156.6,40.3,107.1,92.2,101.6,109.4,61.3,39.2,35.4,19.7,26.2,15.2,13.3,52.0,23.7,71.4,43.4,35.5,29.7,56.0,35.4,141.34285714285713
75.7,165.1,37.5,100.1,101.2,105.7,105.5,67.7,44.3,39.3,20.8,27.9,15.3,14.4,56.2,26.4,81.6,44.6,40.1,26.0,59.9,37.2,126.06450511945393
74.0,158.5,37.6,112.6,98.1,104.9,112.0,63.2,41.0,37.7,20.0,28.9,15.3,14.9,51.9,23.1,72.3,42.7,36.9,28.1,55.0,37.9,147.74267515923566
68.2,165.7,36.0,98.2,87.0,103.0,102.5,61.3,39.5,36.7,21.2,26.3,16.1,14.1,55.7,24.8,80.8,40.4,40.7,26.7,56.4,36.6,131.52418772563175
86.7,171.9,37.9,106.9,93.1,120.0,115.5,68.6,41.1,39.9,23.7,27.4,16.7,17.1,58.9,26.1,80.8,40.8,37.4,27.5,58.0,41.0,130.19871794871796
88.2,182.2,39.2,106.1,89.5,116.5,113.7,69.4,41.4,41.6,24.3,29.5,16.4,17.3,59.9,27.2,88.8,44.8,45.8,27.0,56.5,41.6,145.17174603174604
78.6,164.9,37.4,103.1,92.5,114.1,108.2,72.4,41.6,36.2,20.6,28.3,15.3,13.8,58.0,26.2,78.5,42.0,39.4,25.8,54.5,38.0,148.62956204379563
62.2,168.7,34.7,92.4,75.1,98.5,107.7,58.4,37.3,36.2,22.3,25.0,15.9,15.8,54.9,24.5,77.3,39.9,40.7,25.7,55.0,36.4,132.14943396226414
78.2,169.8,39.0,99.9,101.9,111.5,107.2,66.7,40.6,38.7,21.2,27.5,15.4,14.8,56.3,25.4,82.8,47.6,40.7,26.6,55.2,38.2,135.8071174377224
60.8,153.0,35.0,86.5,78.4,106.0,97.4,64.6,41.1,36.4,19.5,28.2,14.5,12.9,52.7,24.2,73.3,38.5,36.6,23.5,57.5,33.7,124.36695278969958
67.4,158.1,37.2,99.8,91.7,102.3,106.7,61.6,40.0,36.8,22.8,27.2,15.2,12.8,51.2,22.8,71.2,40.6,36.1,27.0,53.8,35.9,132.17658862876254
68.6,160.9,36.7,93.0,86.5,103.2,108.4,64.7,41.5,39.1,21.2,27.4,15.5,15.6,55.5,26.0,77.3,41.2,37.5,24.4,56.0,37.0,134.85
67.0,164.4,38.8,93.4,84.7,101.5,103.9,59.7,40.2,36.8,21.3,26.6,15.8,14.5,56.7,26.8,79.8,42.2,41.8,24.4,55.2,37.6,117.60218978102189
63.5,154.8,34.3,85.6,78.5,101.1,101.0,64.4,44.0,39.3,24.5,27.4,15.4,15.5,53.5,25.3,76.0,39.7,38.2,21.3,55.3,36.8,119.20330578512396
77.3,160.6,38.8,97.9,100.4,108.4,106.2,68.2,42.3,41.8,23.7,28.7,16.0,13.3,53.3,23.7,73.2,47.6,38.6,27.0,57.4,36.1,150.46887159533077
55.5,164.2,33.7,85.2,75.9,94.5,98.2,54.3,36.6,35.4,19.6,25.5,15.2,13.4,55.7,24.8,76.3,42.5,42.4,21.6,53.6,36.1,112.51603053435115
72.7,162.2,38.0,101.4,95.5,110.4,104.8,64.9,40.0,37.1,21.7,27.6,15.5,15.3,53.4,23.9,71.4,42.1,40.3,25.2,54.0,36.0,133.32222222222225
59.3,166.9,37.7,84.1,69.4,94.7,103.0,59.2,37.3,37.5,21.3,24.7,15.1,15.1,57.1,25.4,79.4,42.5,40.9,22.4,58.5,36.6,122.1965811965812
99.8,174.5,40.1,105.7,106.8,120.5,114.2,79.1,51.3,45.3,24.0,29.4,16.7,16.3,60.2,27.3,84.5,44.5,41.5,29.7,55.0,40.4,137.6228187919463
58.1,149.5,35.4,98.6,94.8,99.9,101.5,59.3,36.7,33.0,19.0,24.6,14.4,13.6,48.9,22.6,68.3,42.8,35.7,27.1,53.0,35.6,131.10942028985508
64.2,149.3,36.7,95.1,91.2,104.5,103.0,62.4,40.0,37.0,20.7,26.5,14.7,14.5,49.0,22.4,69.1,40.4,34.1,26.6,53.1,35.0,151.45555555555555
75.8,164.1,39.0,106.8,98.9,102.7,110.8,61.2,39.2,39.4,23.3,27.5,16.0,14.7,54.1,24.2,79.0,41.5,39.4,28.2,55.6,37.3,138.35454545454544
68.3,160.7,37.5,94.5,88.7,105.1,103.1,64.8,43.0,39.0,22.5,26.3,15.4,14.0,53.2,23.9,72.1,44.6,35.6,23.8,54.0,37.9,128.70967741935482
47.1,156.0,34.6,82.6,69.8,87.1,94.5,50.8,32.2,32.0,20.3,23.7,14.5,13.2,51.2,23.5,72.9,41.2,39.0,20.0,54.3,35.0,118.09477911646586
66.5,162.5,36.0,97.8,82.2,97.5,104.5,61.9,38.2,37.0,22.0,26.1,15.4,13.7,53.6,24.7,76.4,42.9,37.4,24.5,55.0,35.4,128.8581081081081
68.5,167.0,36.3,97.8,88.5,102.7,104.7,63.9,38.2,36.4,19.6,23.8,14.7,14.6,55.5,24.1,76.6,47.1,41.8,24.8,55.2,37.3,138.57879858657245
57.9,161.6,35.3,87.0,76.4,94.7,101.4,54.1,36.5,35.4,22.0,25.6,15.6,14.7,52.0,23.5,75.0,40.9,37.9,22.7,55.8,37.2,120.61363636363637
64.7,158.2,37.4,108.0,94.3,96.6,108.0,53.0,34.8,35.2,21.0,26.1,15.7,13.7,51.1,22.6,72.5,39.9,36.5,28.6,54.9,37.7,143.04635761589404
59.1,173.0,35.7,92.1,80.9,95.1,103.6,54.2,36.0,32.5,19.7,24.4,14.6,17.0,59.3,27.4,84.7,43.4,43.3,24.1,57.3,40.1,114.27222222222221
45.0,150.1,32.6,84.6,73.9,87.4,95.5,49.7,33.0,30.4,18.7,22.5,13.6,14.5,47.9,21.2,70.9,38.3,35.6,22.5,52.1,35.5,126.54152542372881
57.2,151.5,34.4,95.9,82.6,96.0,99.0,54.6,37.2,36.1,21.0,27.4,15.5,12.8,48.0,21.3,67.4,43.7,35.1,24.7,53.2,33.9,135.0501872659176
72.1,157.6,38.7,102.2,96.2,103.0,111.8,63.2,39.6,38.3,22.2,28.5,16.0,15.1,53.8,23.3,73.8,42.4,36.8,27.2,56.6,38.7,144.86936026936027
67.6,162.8,35.3,87.8,84.9,102.9,101.3,64.5,41.7,36.4,20.2,25.9,15.2,15.8,54.1,24.5,79.0,43.0,41.9,24.4,58.8,37.4,118.11190476190477
71.1,158.6,35.9,102.9,95.1,104.8,106.7,61.4,37.7,36.5,20.7,25.9,15.2,14.3,51.5,22.4,71.6,42.1,36.8,27.7,58.0,36.1,147.59014598540145
79.1,173.7,38.2,93.6,88.9,108.3,105.3,66.7,42.6,43.8,26.0,28.3,16.3,16.5,54.9,24.2,82.9,45.3,39.7,23.9,57.7,39.8,123.04719101123597
53.6,157.6,32.8,83.4,79.0,97.4,97.2,56.0,36.4,35.3,22.0,23.8,15.2,13.6,50.5,23.3,73.4,40.4,37.1,20.6,54.6,34.8,115.70513833992095
63.9,162.6,36.0,93.1,81.1,96.6,103.8,59.6,38.6,37.8,20.7,25.7,15.2,13.6,54.8,25.9,79.0,40.7,39.8,24.5,54.9,36.9,132.7537037037037
62.8,160.4,38.8,98.1,83.1,99.1,108.2,58.2,37.3,34.8,19.0,24.7,14.3,15.3,52.9,24.1,78.2,40.5,37.8,27.0,57.2,38.0,142.62765957446808
78.8,167.3,36.9,103.7,95.8,106.9,106.9,62.1,42.2,42.3,22.8,25.3,15.3,14.6,54.7,24.7,78.4,44.5,40.4,27.8,57.5,36.7,141.8505016722408
59.8,164.2,35.9,98.1,76.1,95.5,97.0,57.0,38.0,35.8,22.7,25.1,14.9,12.5,53.8,23.6,77.4,41.9,38.6,24.4,55.2,35.3,124.25999999999999
75.2,153.8,37.6,105.2,107.0,107.9,110.7,67.5,40.6,39.6,21.4,27.3,15.4,13.5,50.9,23.2,72.4,45.5,36.8,27.8,58.3,37.7,139.786301369863
68.6,157.4,39.1,102.8,92.3,100.5,107.9,60.5,36.2,36.0,20.9,27.6,15.1,13.7,52.7,24.5,73.3,45.3,39.2,25.6,56.0,36.7,136.37441077441076
66.8,163.7,37.6,94.6,94.9,105.5,99.9,60.5,39.3,36.0,20.3,27.7,15.3,14.0,54.7,24.6,77.8,46.0,40.4,25.1,56.0,35.3,124.47368421052633
61.3,162.0,35.6,93.0,85.8,97.6,104.6,58.9,35.1,35.7,20.3,26.0,15.0,14.8,53.8,24.1,75.3,43.7,40.8,24.2,55.2,36.1,119.28260869565217
74.2,173.3,35.1,93.7,85.9,104.1,106.0,60.0,39.7,39.3,24.3,26.6,16.5,14.7,57.2,26.7,82.4,43.5,41.0,24.6,57.6,38.0,127.68274647887324
52.2,152.6,34.8,81.0,72.1,87.6,97.9,53.1,36.5,34.8,21.4,26.0,15.2,13.6,50.6,23.1,71.4,41.5,35.2,21.5,57.8,35.2,110.60240963855422
76.7,173.2,40.4,99.1,90.8,106.9,105.3,65.6,42.2,39.0,21.3,29.0,15.7,13.8,57.5,25.9,82.0,44.7,41.0,27.5,57.3,37.1,134.05527272727272
66.1,162.4,39.1,98.5,88.0,103.0,107.8,58.6,35.7,34.5,20.4,24.7,15.3,15.2,56.3,25.3,75.5,41.4,35.2,26.5,56.0,37.8,138.5677966101695
50.5,150.7,35.2,84.4,75.9,90.2,95.2,54.2,34.8,34.2,19.3,26.5,15.0,13.5,48.1,21.5,69.4,38.6,40.0,21.3,52.8,34.2,119.0520325203252
63.7,156.0,38.2,96.5,91.9,103.3,98.3,61.8,38.0,37.3,21.1,26.0,14.6,12.9,51.2,23.4,73.2,42.0,35.9,25.6,54.3,34.7,121.14568345323741
66.6,164.0,36.5,98.5,90.8,98.0,104.3,60.7,36.4,37.3,21.6,27.7,15.2,13.9,54.1,24.6,80.6,42.2,41.8,25.4,59.8,36.9,144.10185185185185
61.0,167.5,35.5,86.2,73.1,96.5,101.1,57.2,37.6,36.2,22.1,26.2,15.4,15.8,55.6,25.8,80.6,42.7,38.7,21.7,56.6,36.5,112.15984555984558
58.1,152.6,35.2,86.3,82.0,97.5,98.9,59.7,39.3,36.2,22.0,24.5,15.3,13.1,51.5,23.2,69.6,37.7,37.0,22.6,55.0,35.0,109.6593984962406
60.9,162.3,36.1,87.0,82.1,93.2,101.7,60.1,39.4,36.3,21.2,26.1,15.1,15.4,54.3,24.4,77.0,44.5,39.6,21.0,57.5,37.0,117.11538461538461
57.5,158.4,33.7,81.5,74.0,105.4,97.1,63.4,37.8,37.2,20.1,25.0,13.9,13.9,51.2,23.2,73.8,38.9,35.1,19.9,56.8,35.4,115.05882352941178
79.7,167.1,38.3,105.7,102.4,110.0,106.6,66.4,41.6,39.8,22.4,27.6,15.8,15.2,55.4,24.1,76.8,44.9,38.4,29.7,56.3,38.4,145.98426573426573
74.5,155.2,37.1,113.7,93.2,109.0,104.4,66.5,40.7,36.9,20.4,27.6,15.8,13.1,51.4,22.0,69.9,43.3,39.0,31.7,54.2,33.8,173.49777777777777
61.4,163.3,36.8,87.4,82.7,98.1,97.7,58.3,40.2,36.8,20.8,26.2,15.1,12.7,53.1,24.3,73.8,41.6,38.7,23.2,56.7,35.9,114.62846153846154
67.7,153.0,36.0,100.4,89.6,106.1,104.2,63.4,39.7,38.4,21.7,26.0,15.9,13.4,49.2,23.0,71.5,36.7,37.0,28.2,56.5,35.6,111.95683453237409
50.8,160.6,32.9,84.4,73.8,96.8,95.6,54.9,37.7,32.0,20.5,22.1,14.2,15.3,53.1,24.5,75.4,42.0,39.4,21.2,55.2,37.2,118.92727272727272
63.3,161.7,37.0,95.0,83.2,103.3,100.7,61.2,39.3,35.3,21.8,25.4,14.8,13.3,52.6,24.5,76.3,42.6,36.2,25.0,55.0,35.7,141.751968503937
71.1,164.5,37.5,101.3,85.1,104.2,105.9,65.7,40.0,39.3,24.0,26.3,15.8,14.4,52.3,24.1,74.8,43.5,38.9,28.4,56.3,36.4,132.79964664310953
72.7,168.1,36.4,96.0,85.9,104.9,107.2,65.8,41.3,39.1,22.0,26.5,15.8,14.5,55.5,26.9,80.8,40.8,42.7,24.5,62.0,38.7,127.78156996587032
67.9,165.5,35.9,99.2,90.6,105.0,98.7,57.8,37.7,37.1,22.1,26.1,16.2,14.6,54.2,24.6,78.2,43.7,41.4,26.5,54.3,36.4,128.77283018867925
83.3,162.6,39.3,106.9,102.8,113.6,107.5,70.2,44.3,40.6,23.0,29.0,15.9,14.2,54.2,24.2,76.3,45.7,36.2,28.7,60.0,36.5,146.76101694915252
62.2,163.5,36.7,83.8,78.6,99.0,99.8,59.7,41.4,38.0,23.5,24.0,15.2,13.4,53.6,24.4,80.0,38.1,39.2,21.3,57.5,35.0,128.26530612244898
61.6,157.2,37.9,96.2,85.3,96.6,103.8,59.4,36.5,33.8,20.1,28.1,15.2,13.3,53.2,24.5,73.7,42.2,36.8,23.9,58.3,35.9,138.46969696969697
57.3,160.8,35.5,89.9,74.5,95.0,100.4,57.0,37.0,36.2,22.4,24.3,15.5,14.0,55.3,24.1,74.2,40.0,37.3,24.0,56.0,37.2,122.525
50.7,166.2,34.9,82.8,73.7,92.5,95.3,52.7,35.4,32.4,21.1,24.4,14.2,13.4,54.0,23.9,79.5,41.2,38.6,19.9,53.4,35.6,112.96744186046513
61.1,158.2,36.6,94.0,80.2,99.8,102.7,59.4,39.0,35.5,21.0,24.9,15.4,14.4,52.0,24.1,74.5,40.6,39.7,24.6,59.6,38.8,136.42801556420233
86.6,170.1,39.6,115.6,104.5,111.4,121.3,69.0,41.2,35.6,22.0,27.9,16.2,17.3,55.6,26.8,85.2,45.4,39.5,29.8,58.1,40.5,171.32899022801303
52.3,160.2,34.9,88.6,76.3,92.5,97.6,52.5,34.1,31.6,19.1,23.3,14.4,14.3,53.5,24.1,74.2,44.2,36.4,22.1,53.8,36.6,127.01640625
67.6,154.9,38.5,99.1,95.5,109.0,105.4,63.5,37.4,35.0,20.0,25.8,15.6,14.0,52.7,24.4,70.5,45.5,35.6,27.9,57.3,36.9,142.18695652173912
54.9,156.1,34.1,89.9,71.9,92.0,97.4,57.0,35.1,33.3,18.8,25.8,15.3,13.6,53.5,25.2,75.5,39.2,36.3,22.9,55.5,33.5,116.87
57.1,167.7,34.6,88.9,74.6,93.5,101.0,54.6,36.3,33.8,19.8,25.4,15.3,14.5,59.0,27.7,82.5,37.9,39.3,22.2,58.4,36.9,116.10074626865674
64.4,159.4,36.0,90.7,87.4,103.5,101.4,64.2,41.3,37.7,21.7,26.9,15.2,13.8,51.7,24.3,75.4,44.0,40.7,22.9,54.4,35.1,121.75680933852138
64.9,162.8,37.0,94.0,77.2,101.8,102.5,63.4,37.4,35.7,21.6,26.4,15.0,12.9,51.1,22.7,75.6,39.0,37.1,24.1,54.0,34.9,136.3358778625954
59.2,154.9,36.9,94.9,80.2,97.2,99.7,56.9,36.7,36.4,21.3,24.5,14.6,13.4,53.5,22.5,72.5,42.8,36.1,23.2,56.0,34.8,135.95602836879434
56.3,155.9,35.0,86.6,71.9,97.4,97.9,56.5,37.6,36.5,22.3,25.0,15.1,14.7,51.8,22.3,70.7,39.1,35.2,23.7,55.0,36.2,143.84406779661018
58.0,161.9,37.2,90.7,86.2,95.5,100.1,53.2,36.0,33.3,20.0,24.6,15.2,14.7,52.7,22.8,73.4,45.9,38.2,24.2,57.0,36.6,128.08778625954199
81.0,169.0,41.4,98.3,104.4,108.8,104.7,66.1,43.3,38.5,21.3,29.0,15.4,13.3,57.8,26.2,80.0,49.7,39.8,27.7,56.1,37.1,140.53828125
64.9,169.8,35.9,89.5,81.7,100.1,100.8,59.6,40.0,40.5,23.1,25.6,14.7,14.8,57.4,26.0,80.5,45.5,41.2,21.6,54.3,37.7,121.30036630036632
65.4,170.5,37.2,89.2,81.7,99.7,102.8,57.8,37.8,35.0,22.0,27.0,16.7,15.0,58.0,25.8,79.8,42.6,40.7,23.4,57.7,37.0,137.65432098765433
57.0,162.5,34.9,87.5,81.6,95.5,96.1,57.6,36.4,33.6,21.7,24.0,14.5,13.0,56.0,25.1,79.5,40.2,41.7,23.0,54.3,33.8,136.19246861924688
80.5,166.6,37.9,101.2,93.9,113.9,105.8,69.7,40.4,38.3,22.6,26.5,15.3,13.9,53.5,24.1,77.1,40.6,37.3,27.2,56.2,37.1,133.99303135888502
67.1,155.9,35.5,102.6,86.3,103.5,99.8,64.1,41.3,39.3,22.1,26.5,14.4,13.2,49.8,21.8,73.2,39.6,37.0,27.1,53.1,34.2,142.31612903225806
67.3,159.5,35.7,97.7,91.5,106.4,100.3,64.7,38.9,36.4,21.0,24.6,14.5,14.4,54.5,24.0,74.5,43.4,38.4,25.5,55.5,36.1,123.68014981273409
55.0,163.4,34.0,81.2,76.4,93.2,101.0,56.2,34.4,33.8,18.7,23.0,14.0,14.3,52.0,23.5,79.9,40.1,40.3,19.8,55.0,37.0,118.67692307692307
70.8,164.3,35.8,91.3,89.9,106.8,104.9,68.4,40.4,37.4,20.5,24.9,15.0,13.5,57.0,26.3,81.4,42.7,39.3,22.4,57.5,36.4,144.0665399239544
53.8,166.7,34.5,94.3,78.2,93.3,95.6,53.9,33.3,31.1,19.5,23.4,14.7,13.0,55.5,24.8,78.2,41.8,36.1,25.8,54.8,35.2,125.73333333333332
77.1,166.1,36.8,103.2,89.7,105.1,112.2,66.9,40.5,40.8,23.1,29.5,16.3,14.9,57.5,26.6,78.3,44.5,40.5,27.1,58.7,38.2,162.00882352941176
60.2,156.0,34.9,87.8,81.7,100.8,96.8,60.8,39.5,35.4,20.1,25.5,15.0,13.3,54.6,24.9,77.6,41.2,37.8,22.6,54.8,35.0,128.48780487804876
71.9,161.0,37.0,97.1,90.0,106.2,108.9,66.9,41.7,38.1,19.8,26.6,15.4,15.8,57.6,26.7,74.6,42.2,37.8,24.3,57.2,40.0,130.07735849056604
61.7,161.0,38.4,90.6,83.0,100.9,99.8,62.7,39.0,35.0,20.5,25.0,15.2,14.3,50.6,23.6,76.6,41.4,39.9,22.7,55.4,36.3,131.27755102040817
76.1,168.2,38.3,102.4,94.7,106.2,110.7,64.5,42.9,41.6,22.2,29.6,16.3,16.4,56.8,25.8,78.1,43.0,39.6,27.0,53.6,40.3,138.84745762711864
73.9,160.4,39.9,102.8,95.8,105.0,109.4,63.8,38.3,34.7,19.6,27.1,15.7,15.2,54.8,24.4,75.4,46.0,39.8,27.7,56.7,38.5,152.9286219081272
56.0,154.0,33.9,88.1,76.7,98.1,97.3,56.1,37.7,35.3,20.2,27.1,14.0,14.5,49.2,22.4,72.1,40.8,33.3,22.9,54.1,34.7,119.31653543307087
64.7,163.8,35.2,91.9,77.7,94.8,99.0,60.2,40.3,40.1,21.8,25.6,15.2,14.3,54.0,23.7,79.5,41.1,38.3,24.4,54.4,36.3,117.58858267716535
72.4,165.6,36.7,91.8,89.6,108.1,103.7,67.8,42.2,40.0,23.7,27.2,15.9,15.3,51.9,23.7,74.0,44.5,39.7,23.8,54.7,37.4,130.65168539325842
70.8,159.7,41.6,111.8,96.8,99.2,110.7,59.7,38.1,37.1,20.7,27.2,15.3,13.8,50.9,23.4,77.1,41.6,37.5,29.9,52.8,37.4,161.7684887459807
95.3,174.9,41.2,113.0,99.7,110.1,115.4,68.8,48.6,41.7,25.4,32.3,17.9,15.8,59.3,28.2,88.0,47.0,43.5,29.7,55.8,40.5,147.5690789473684
74.8,166.1,38.1,100.2,87.9,105.8,105.6,66.3,42.2,39.3,21.0,28.8,16.2,13.9,56.7,25.1,77.5,42.7,41.1,24.8,59.0,36.3,145.10444444444445
70.0,152.6,34.8,103.9,100.0,103.0,103.2,68.2,38.3,37.3,19.9,28.0,15.3,13.3,54.1,23.6,74.9,40.0,37.4,27.1,54.2,34.9,140.2286713286713
65.5,158.3,33.8,93.4,93.1,107.8,98.7,62.3,38.4,36.5,21.6,25.2,15.3,14.5,52.7,23.7,73.3,43.7,37.6,23.4,54.4,36.3,124.19856630824373
49.9,153.3,34.8,84.4,74.8,91.6,92.9,52.7,37.4,33.0,19.2,23.0,14.2,13.6,50.0,23.6,72.2,41.0,33.6,20.6,58.5,34.6,119.50756302521009
55.3,157.5,33.8,82.1,73.4,94.0,98.0,58.2,36.2,34.7,19.7,26.0,14.9,14.9,53.7,24.6,77.3,39.3,38.9,21.3,53.7,36.5,112.25918367346938
92.4,177.6,41.1,107.2,102.1,117.1,111.6,72.5,42.6,39.8,23.1,29.2,16.5,15.2,56.8,25.6,82.5,45.1,41.2,27.3,57.2,39.5,135.51698113207547
71.6,171.3,37.4,108.4,87.4,101.6,107.1,60.2,37.4,37.2,22.0,26.7,15.2,14.8,58.5,25.4,80.6,41.7,41.9,28.5,53.3,38.6,140.61678321678323
67.6,165.3,36.8,91.8,80.3,99.2,103.6,62.0,42.7,38.4,21.8,27.1,15.9,15.4,52.0,25.7,74.8,47.1,38.9,23.8,59.8,38.8,129.43448275862067
64.1,151.6,36.4,103.2,93.5,101.7,104.0,59.2,36.2,34.2,20.1,27.0,15.4,13.1,50.1,22.1,70.9,41.2,35.0,26.4,52.3,34.3,146.82061855670105
66.6,165.8,38.1,97.1,81.0,98.3,107.2,60.6,40.5,37.4,23.3,27.4,16.2,15.9,57.3,26.0,82.0,41.3,39.3,25.0,59.5,39.3,152.1110266159696
66.3,161.7,38.5,102.2,88.2,102.1,102.9,60.7,39.2,36.9,22.3,27.1,15.3,13.5,50.9,23.2,74.9,43.5,36.8,26.6,55.3,35.4,137.0072463768116
76.3,168.7,39.0,98.7,92.0,108.4,100.2,69.9,41.7,39.4,22.6,27.8,16.2,13.5,57.3,26.4,82.9,46.2,40.3,25.2,55.6,36.2,109.97999999999999
71.7,160.3,37.7,103.6,108.5,109.9,102.5,67.5,39.3,32.8,21.5,26.0,14.1,15.0,55.7,25.9,77.9,46.0,37.3,27.0,54.2,36.8,147.9439393939394
64.3,153.9,35.9,99.0,92.3,100.3,99.5,59.9,39.6,34.8,20.6,25.8,15.2,13.2,51.0,22.9,69.2,41.9,35.7,27.0,54.5,34.4,131.76
59.1,160.3,36.6,96.5,84.0,97.3,102.7,57.7,37.2,35.1,20.3,25.1,15.1,14.5,53.4,23.3,75.6,39.9,39.9,25.5,56.3,37.2,140.72916666666666
52.9,162.0,35.0,81.7,78.3,92.0,97.6,55.0,36.0,33.3,20.3,24.4,15.1,14.0,53.5,24.2,75.8,44.4,40.1,21.0,54.6,35.9,115.0336
69.4,161.7,38.0,99.3,92.4,107.6,101.7,64.2,39.2,36.7,22.1,26.8,15.1,14.0,54.5,24.5,76.5,41.8,38.6,25.7,55.7,37.6,129.52173913043478
69.9,160.0,35.9,103.1,97.2,104.0,102.9,64.8,39.0,34.9,21.3,25.3,15.5,14.6,51.2,23.6,73.8,42.2,37.7,27.0,53.3,36.6,127.44833948339483
59.2,157.2,35.4,87.7,77.4,98.1,102.7,56.6,39.1,37.1,21.4,25.6,15.4,15.4,53.0,24.2,76.9,39.4,34.5,22.7,55.1,36.9,121.98872180451129
54.0,163.2,34.8,81.8,70.8,92.6,97.7,57.0,36.4,36.5,20.6,24.0,15.6,14.4,51.5,23.2,77.4,42.2,39.2,19.7,56.3,35.7,108.7420634920635
70.1,169.0,37.8,94.5,87.9,109.2,103.9,68.5,40.7,37.0,21.4,26.3,16.0,14.3,56.1,24.3,78.0,42.4,39.3,25.3,55.2,37.7,135.50943396226415
68.1,168.2,37.9,91.6,83.0,101.0,106.6,63.8,38.5,37.8,22.5,26.0,15.7,14.5,56.2,25.8,77.6,41.1,37.7,23.0,59.1,38.8,136.88150943396226
86.4,165.7,37.2,105.0,98.0,115.0,109.8,71.1,46.0,44.4,25.6,30.8,17.0,14.4,56.6,24.4,78.0,41.7,38.6,28.5,54.2,37.2,156.98019801980197
67.2,167.2,34.6,88.1,88.3,101.0,107.8,63.8,38.0,35.5,20.4,24.7,15.1,14.7,55.4,24.4,80.8,43.6,38.9,22.2,55.7,38.9,112.64214285714286
55.9,162.1,35.0,91.2,75.4,93.3,100.6,55.2,35.5,35.2,19.8,23.9,14.2,14.1,50.5,23.0,74.5,39.7,37.8,24.5,56.0,37.5,113.5007299270073
56.6,162.3,34.5,85.4,76.7,95.6,94.2,54.0,36.6,35.0,19.6,23.4,14.7,13.3,50.5,22.6,73.6,43.3,38.6,22.6,56.5,35.0,105.08203125
58.5,163.3,35.4,88.7,86.8,95.8,99.6,53.8,35.8,33.6,22.0,23.8,15.4,14.0,52.6,23.7,76.7,42.2,36.3,22.4,56.7,37.5,117.1509433962264
62.8,152.6,35.0,100.5,93.8,97.9,104.7,62.1,37.3,36.2,19.4,27.5,15.4,14.9,50.5,23.6,72.7,43.3,37.0,26.3,55.7,35.9,147.79411764705884
46.7,157.0,35.2,82.5,68.2,83.6,91.7,49.9,32.9,35.0,21.0,23.7,14.0,12.9,51.2,23.2,75.3,39.3,36.3,21.5,55.6,34.5,110.0
59.9,161.6,33.0,87.4,76.2,97.8,99.7,57.2,38.7,36.9,22.4,26.8,15.2,14.3,53.7,25.1,77.6,38.3,37.8,20.7,55.7,35.5,123.09859154929578
64.2,169.0,37.3,97.2,80.2,102.0,104.7,59.8,37.0,35.5,20.8,24.4,15.4,13.8,55.7,25.2,80.5,40.6,39.0,26.2,56.5,37.7,130.92985074626864
81.3,163.7,38.1,102.6,106.0,114.4,105.7,69.7,43.8,42.1,23.5,28.1,15.4,13.5,54.4,24.6,74.8,47.0,36.5,27.2,57.5,36.7,129.276
71.9,171.8,35.5,97.9,92.2,106.0,102.1,62.5,39.9,34.8,21.1,26.6,15.8,14.4,58.3,27.5,83.3,41.7,41.9,25.6,58.0,35.3,130.7824427480916
54.8,158.8,35.0,87.3,78.3,97.4,94.7,62.0,37.6,35.4,22.3,23.9,14.5,13.9,52.1,23.3,73.2,42.1,35.3,22.9,54.6,35.6,121.23036437246962
48.5,152.0,32.3,84.4,70.7,87.7,97.7,52.1,35.7,32.0,19.0,23.1,14.5,14.9,48.7,21.3,70.0,37.4,35.7,20.9,52.1,35.4,114.54285714285716
65.8,161.8,36.5,92.1,79.5,106.1,104.1,62.8,40.5,35.7,21.3,25.0,15.6,15.7,55.2,25.8,78.5,38.8,38.7,24.2,59.0,37.9,140.717843866171
75.3,163.1,39.8,100.0,86.2,105.9,108.2,67.9,44.6,40.6,23.3,28.4,15.8,14.4,54.8,25.3,76.0,42.8,40.5,25.2,56.6,38.4,138.35125448028674
63.6,164.2,36.2,93.8,92.9,97.4,102.6,60.7,36.6,36.0,20.9,24.6,15.1,13.1,55.9,25.6,80.7,42.5,38.0,23.5,57.3,35.6,129.85
75.2,171.9,38.8,95.2,85.8,105.6,110.5,66.1,39.3,37.6,20.7,28.2,15.9,15.1,59.3,27.4,85.9,41.2,43.1,25.5,59.2,39.8,125.78772563176895
75.5,171.5,37.9,93.1,78.4,106.7,110.0,66.4,43.8,39.8,23.6,28.1,16.5,15.7,58.3,28.0,85.3,41.0,42.9,24.4,62.0,40.4,141.34615384615387
46.9,165.3,34.6,81.4,63.2,83.2,97.6,47.8,33.5,29.4,19.0,22.6,14.4,16.0,55.2,26.2,84.0,39.6,40.8,19.8,55.9,38.3,121.42166666666667
53.7,159.0,36.4,91.3,80.9,95.1,96.5,54.1,35.6,32.2,19.3,24.3,14.4,12.3,52.9,23.9,75.1,40.8,36.8,23.3,55.4,33.9,127.88713235294117
75.8,175.1,37.5,95.0,91.2,107.1,107.1,64.9,38.9,38.7,22.2,28.0,16.9,14.7,60.1,27.3,85.0,45.0,40.5,24.5,54.8,38.6,126.66666666666666
67.9,158.3,38.1,95.0,94.1,107.9,104.0,66.3,38.2,35.6,20.1,25.5,15.0,13.4,56.6,25.8,78.0,41.0,36.4,24.1,60.5,34.8,130.9848484848485
68.4,162.7,37.4,91.5,85.4,105.5,103.8,68.2,39.3,37.2,20.0,26.6,15.1,14.2,56.5,26.1,78.5,40.6,39.4,23.9,54.3,34.5,135.9100418410042
67.7,158.6,37.6,92.3,88.5,100.4,112.1,62.6,40.1,37.2,22.5,28.1,16.3,15.8,54.0,25.2,76.8,38.5,39.8,24.2,57.3,39.8,138.78442028985506
61.7,167.5,35.2,90.9,78.3,95.7,99.2,56.7,37.5,35.2,21.0,25.5,15.8,13.5,54.2,24.3,76.3,42.3,39.2,22.8,56.0,34.0,129.3292682926829
71.7,160.6,38.7,98.6,92.7,104.5,104.2,62.6,39.6,37.5,21.0,24.6,15.6,13.3,50.0,22.9,71.6,44.0,37.8,26.6,55.1,35.8,142.3018315018315
64.2,168.0,37.8,87.0,78.5,99.1,105.2,62.6,39.3,36.3,21.3,26.8,15.0,14.5,55.9,25.1,83.1,41.8,39.3,22.5,59.8,38.3,122.54474708171207
74.0,177.3,37.9,94.2,85.8,103.1,104.2,62.4,40.9,38.7,22.7,26.3,16.2,13.8,61.6,28.6,87.1,43.6,45.2,26.0,57.0,37.3,121.54838709677419
79.2,168.0,37.6,110.5,95.8,101.5,116.4,62.5,39.5,35.8,23.1,28.7,17.2,14.9,56.5,27.1,83.6,42.6,40.6,30.1,58.2,37.8,164.81355932203388
58.1,164.5,37.5,83.8,70.7,94.6,99.6,58.5,36.6,34.7,21.7,24.7,14.9,14.8,55.8,25.8,78.7,40.1,39.3,21.5,60.0,37.9,111.6188524590164
72.7,155.8,40.0,108.6,100.4,103.7,107.7,63.0,40.5,38.0,23.3,27.2,16.1,14.3,51.2,23.8,70.4,40.8,34.6,29.3,56.8,37.8,152.1903114186851
70.4,166.5,38.1,98.5,90.5,105.5,100.2,63.5,39.7,38.3,22.7,26.6,15.7,11.7,54.5,24.0,78.5,43.4,37.5,25.6,55.0,34.0,116.31740614334471
65.3,160.1,35.5,96.0,98.9,100.2,100.7,61.5,38.1,36.9,20.9,27.0,14.7,13.2,54.1,24.1,78.9,41.4,35.8,24.2,53.7,35.6,137.910447761194
72.5,165.8,37.9,96.4,90.6,106.6,106.8,66.4,42.0,38.9,21.4,26.4,15.4,14.8,57.3,24.9,77.5,43.2,41.2,25.7,53.7,38.5,145.8732075471698
72.1,162.3,37.7,101.5,85.4,106.5,106.5,65.3,40.2,39.4,23.0,28.1,15.3,14.1,52.6,23.9,74.4,40.2,37.1,26.7,55.7,37.6,122.84870848708488
56.1,166.1,36.0,86.2,73.8,93.2,97.3,54.4,34.6,33.3,21.4,23.9,15.1,14.0,54.5,24.4,77.8,42.3,40.3,23.9,55.8,36.1,136.2516129032258
58.3,156.3,35.0,86.1,78.4,91.9,101.5,57.3,37.5,37.0,21.4,26.1,15.7,13.5,51.0,23.4,73.7,39.0,36.5,20.9,54.6,36.0,120.21509433962262
67.7,163.0,37.6,92.7,87.1,98.9,104.4,61.5,38.9,38.8,22.4,27.1,16.0,13.7,55.2,25.6,76.1,43.0,36.6,24.5,56.4,37.0,128.4354961832061
57.6,152.8,36.1,90.6,81.1,96.5,99.7,59.5,33.4,32.4,19.9,24.2,14.6,12.5,50.5,23.4,69.4,42.0,35.1,23.2,55.3,34.3,137.43849056603773
55.9,165.3,34.0,84.7,72.8,92.3,99.1,57.0,36.3,34.3,21.2,24.6,15.1,14.3,52.9,24.1,77.2,41.6,38.3,21.3,57.1,37.0,124.0488188976378
46.8,151.2,33.5,84.1,76.3,86.7,93.3,49.1,33.7,29.8,17.0,23.7,14.3,12.5,53.2,23.8,74.1,39.1,36.4,22.7,52.0,33.4,132.6058091286307
56.7,162.9,35.4,85.5,79.3,95.0,99.5,55.6,38.1,34.4,20.7,24.8,15.7,14.6,53.2,24.1,76.2,39.9,36.5,21.0,55.3,36.8,126.42023346303502
82.0,167.5,36.6,107.2,100.1,109.3,113.6,70.1,42.8,41.4,22.4,27.3,15.8,15.8,56.0,25.4,79.5,46.7,38.9,30.1,55.4,38.5,169.32296819787985
66.4,149.8,37.4,98.8,92.2,105.4,105.8,64.5,40.2,39.8,22.0,27.1,15.1,13.9,49.9,22.2,64.2,41.1,33.4,25.7,57.5,36.1,140.4190476190476
62.6,153.8,36.7,98.4,82.9,101.9,105.6,59.5,41.0,36.5,20.6,26.0,15.4,15.2,49.5,24.3,73.1,40.5,40.0,25.6,58.5,38.0,141.36338028169013
65.3,156.7,35.2,93.8,85.0,105.7,107.0,63.3,39.3,36.8,22.0,26.1,15.3,13.9,50.8,23.0,71.6,40.2,35.4,23.6,52.1,37.0,133.2231884057971
53.9,159.0,36.8,86.6,73.1,91.7,96.5,54.5,35.1,33.5,21.2,24.0,14.6,13.0,54.4,23.8,74.8,35.8,36.8,22.5,56.8,35.8,126.75725806451612
75.0,157.3,35.7,106.3,99.6,104.2,107.9,61.8,41.2,39.7,23.3,27.7,16.0,13.5,52.2,23.7,73.4,40.7,35.5,29.2,56.1,36.1,133.7913793103448
70.4,159.5,35.0,94.9,87.1,109.1,106.0,67.1,41.3,37.6,22.7,25.7,16.0,14.5,51.5,24.0,75.0,38.0,39.2,25.4,56.0,36.6,135.76934306569345
67.5,161.0,37.2,98.2,103.6,100.8,102.3,61.2,37.2,35.6,22.5,25.0,15.2,12.5,52.5,23.8,76.6,44.0,36.3,27.4,55.5,34.2,143.20833333333331
64.0,156.5,35.6,93.5,83.5,102.1,103.1,64.8,38.7,35.0,20.0,25.8,15.1,14.0,53.1,22.8,74.7,37.6,37.4,23.8,54.5,36.3,133.28000000000003
47.0,152.3,32.8,84.5,66.5,88.4,93.5,53.0,36.6,32.7,18.7,24.2,14.4,14.0,48.5,22.6,69.2,37.1,33.0,21.8,53.5,33.7,122.13445378151259
50.2,157.0,33.8,83.6,67.1,92.0,95.6,52.5,35.3,31.5,18.6,25.1,15.1,14.9,51.0,23.0,75.5,39.4,34.4,21.7,53.1,35.9,122.87758620689655
59.7,155.6,36.2,94.9,76.9,97.7,101.5,57.9,37.8,35.8,21.2,26.8,15.1,14.5,51.5,23.3,73.2,38.4,36.5,25.7,54.5,36.6,124.81413043478263
64.6,159.9,36.0,95.4,85.0,96.4,104.1,61.5,37.8,37.4,23.2,26.0,15.7,14.9,52.3,23.3,73.4,43.6,35.3,25.7,55.7,37.5,136.1325842696629
72.6,161.1,38.3,94.0,93.6,105.1,107.0,65.9,40.4,38.3,21.9,27.8,16.2,14.1,53.9,24.4,78.5,43.5,37.0,25.5,59.8,36.1,133.19434628975267
63.1,168.1,39.0,91.5,75.8,96.5,104.9,59.5,38.9,40.3,23.7,25.8,16.2,14.5,54.5,24.2,75.4,41.8,38.6,22.6,56.2,38.0,129.44767441860466
63.1,158.5,36.1,92.5,88.8,101.4,106.8,62.5,40.2,35.7,20.7,24.3,15.1,15.9,52.3,24.7,76.9,42.6,36.7,24.5,57.4,39.0,135.4087452471483
66.0,161.4,35.6,103.2,94.1,102.2,105.2,60.6,39.0,35.6,21.8,26.6,16.2,14.1,52.5,23.7,77.6,40.8,36.3,25.4,54.8,36.4,134.08979591836734
78.9,167.4,37.7,98.8,81.2,115.9,106.6,71.5,42.0,41.1,22.8,26.7,16.3,14.4,60.0,27.1,82.8,41.1,41.8,24.9,57.4,37.8,134.368
53.1,165.3,34.1,83.8,70.4,91.0,94.7,54.4,35.7,35.4,20.7,24.2,14.8,13.9,56.8,25.8,84.3,36.5,41.1,22.6,55.7,36.8,109.77107438016529
70.8,159.3,38.1,99.2,102.7,105.7,100.3,63.8,39.4,35.3,20.6,25.5,14.9,11.9,51.7,23.7,74.6,45.2,37.8,27.1,56.8,34.6,139.57209302325583
62.5,159.2,35.1,96.9,88.5,96.9,100.7,59.9,40.0,36.5,21.2,26.6,15.6,15.2,54.5,24.6,78.2,42.2,39.0,25.5,55.4,36.9,125.89370078740157
68.0,161.7,36.0,95.7,87.2,102.1,103.6,61.6,39.8,35.8,21.4,27.3,15.5,13.8,51.5,23.3,74.7,41.4,40.3,26.4,57.7,36.6,138.1125
73.4,158.9,35.3,109.3,104.1,112.6,102.2,61.9,38.8,35.3,20.5,26.1,14.8,13.0,51.5,22.6,75.8,41.9,39.4,28.4,55.8,33.7,148.13026315789475
68.8,159.7,37.8,99.7,85.9,102.3,108.9,64.4,37.6,36.9,21.8,28.4,16.0,14.3,52.4,24.6,77.0,37.8,37.5,26.3,55.5,37.7,140.6877777777778
84.0,169.8,38.6,109.0,102.2,111.5,107.5,65.6,42.2,39.1,22.5,27.5,15.6,12.6,53.8,23.8,77.2,47.0,39.4,28.3,55.5,36.2,135.98019801980197
64.7,161.9,36.4,92.3,79.0,101.3,102.6,61.4,39.4,37.8,23.1,25.5,16.1,14.0,51.3,23.7,73.4,40.6,38.1,23.9,55.4,37.9,116.98095238095239
56.1,166.3,36.3,84.4,71.1,91.4,104.4,52.5,37.3,33.9,19.7,26.2,15.7,15.5,53.3,25.3,78.3,42.3,38.0,20.8,62.0,39.3,124.32769230769232
73.5,160.6,36.7,101.1,94.1,107.7,101.3,66.5,41.5,39.7,22.8,28.5,15.8,13.6,51.7,24.1,75.7,44.0,38.4,26.4,55.4,35.9,137.59819494584838
73.3,160.9,36.8,99.7,107.6,110.8,104.7,62.5,38.0,35.4,20.4,26.7,14.7,13.8,52.2,23.7,75.7,44.8,38.5,25.3,54.0,36.5,139.65070921985816
60.5,169.6,35.7,94.3,79.7,98.3,99.8,56.2,35.0,35.6,21.0,25.2,14.9,13.8,55.4,24.9,81.5,42.7,43.8,25.5,56.6,36.5,129.0421052631579
72.2,172.3,38.2,93.4,90.4,106.3,101.9,63.9,40.3,38.0,23.0,27.4,15.9,14.2,53.1,24.3,81.5,46.2,39.3,23.1,56.4,35.8,125.8171821305842
90.8,174.8,40.0,103.1,97.9,113.5,112.4,72.4,43.9,42.3,23.3,30.6,16.3,16.2,56.0,25.4,83.0,46.8,42.6,29.2,60.0,39.7,161.21814671814673
76.0,169.5,34.9,98.5,88.8,111.4,101.5,66.3,42.2,40.2,23.6,25.7,15.2,13.5,53.2,24.0,79.6,42.3,43.1,25.3,55.6,36.3,138.03873239436618
60.6,164.8,36.8,93.5,76.9,96.9,103.4,57.4,37.7,34.2,19.7,26.8,16.3,14.7,54.5,24.5,75.7,43.0,37.8,23.6,54.7,38.4,139.8984962406015
57.3,157.9,35.0,87.2,80.7,98.5,100.0,56.5,36.5,36.9,22.4,24.5,15.1,14.2,50.2,22.5,71.4,42.0,37.1,22.6,53.9,37.4,122.22295081967214
60.2,158.7,37.6,99.6,83.9,97.8,103.5,58.5,36.5,35.1,21.2,26.6,15.0,13.3,51.4,23.4,76.1,39.4,38.5,26.1,55.4,36.9,135.4982332155477
66.9,160.4,38.7,99.4,97.5,106.3,101.3,59.3,37.4,37.1,19.8,25.9,15.4,13.4,54.4,23.6,75.7,41.5,39.4,26.2,56.1,35.9,143.24182509505704
82.9,160.3,42.4,113.1,112.7,113.1,112.5,66.0,39.1,36.6,19.3,28.7,15.3,12.7,56.5,24.6,77.4,50.1,40.4,30.4,56.0,37.1,155.701
76.5,171.2,36.1,96.6,93.0,111.5,103.7,67.5,41.5,40.4,23.4,29.2,16.7,13.7,55.8,25.8,81.0,46.4,41.9,25.3,56.9,37.2,138.36315789473684
67.1,162.8,40.8,90.8,90.7,100.6,106.4,61.3,37.2,34.2,21.0,26.3,15.2,14.6,52.6,24.3,77.2,45.7,38.9,22.9,58.7,36.6,113.6732824427481
58.9,152.0,36.5,98.5,91.9,100.4,103.9,60.3,34.7,33.9,20.0,26.3,14.7,15.2,48.8,23.0,68.8,41.7,37.1,25.2,52.8,37.3,161.47540983606558
61.5,164.0,33.9,89.6,83.9,100.7,100.7,61.2,39.2,37.3,21.0,26.2,15.5,14.4,55.0,24.1,79.5,42.7,38.6,22.3,54.0,37.2,126.51385767790262
52.9,161.6,33.3,86.4,69.7,93.4,95.3,54.6,35.7,32.8,20.7,23.5,15.8,13.7,53.2,23.8,77.4,40.7,38.5,22.5,56.4,35.6,121.44578313253012
84.7,168.4,38.3,109.5,108.8,115.8,113.9,67.4,42.7,39.1,21.8,29.6,15.2,14.4,56.8,26.3,82.5,45.3,40.1,29.4,57.0,37.8,149.00316455696202
59.6,164.9,37.3,89.0,80.5,97.1,97.3,57.5,37.4,36.5,21.7,24.5,14.9,13.2,54.7,24.6,78.5,43.2,40.8,21.3,58.2,36.2,106.39080459770116
66.6,167.7,36.8,96.5,84.4,101.8,102.7,61.2,39.1,35.7,21.2,25.1,15.8,13.0,56.2,25.4,80.6,40.6,40.2,26.6,56.6,34.6,134.572265625
67.6,165.3,37.4,95.8,91.5,101.1,104.0,58.6,41.7,36.7,21.2,27.7,15.5,13.9,53.6,24.1,78.3,44.4,43.8,25.7,56.8,36.8,112.23284671532846
65.8,163.8,36.8,92.6,86.2,104.6,97.4,64.1,40.3,37.3,20.7,24.9,15.0,12.7,53.3,24.5,79.0,45.0,40.7,25.0,56.9,35.1,132.1288537549407
59.6,164.6,35.5,87.8,83.5,103.5,97.8,60.5,38.1,34.5,21.1,25.3,15.4,12.3,51.1,23.4,77.3,44.4,41.2,20.6,52.5,34.7,133.24941176470588
73.5,161.9,36.9,95.1,100.0,107.9,103.0,63.9,39.3,38.2,22.7,28.1,15.6,13.6,52.0,23.8,75.6,45.3,39.1,26.2,57.5,35.4,124.08959107806693
55.6,153.0,36.0,85.8,78.9,99.7,100.5,61.4,36.1,35.3,19.0,25.6,14.8,14.2,50.0,23.5,73.4,42.2,37.8,21.2,55.5,35.8,125.125
56.1,160.3,35.0,87.0,77.7,97.5,99.6,59.0,36.2,33.5,20.0,25.6,14.6,13.0,53.7,24.0,78.3,39.5,38.3,25.0,56.0,35.1,117.91735537190081
56.0,168.0,35.4,87.5,79.6,92.5,99.6,55.1,35.2,34.2,19.8,24.6,15.3,15.9,57.7,25.8,85.0,43.6,42.5,21.8,58.6,37.5,119.44444444444446
87.1,160.2,39.6,113.9,101.7,114.2,112.9,70.1,42.4,43.1,22.9,28.5,16.2,13.9,52.0,24.2,73.4,41.5,39.2,31.4,55.5,38.7,149.8485049833887
73.6,144.7,37.1,106.4,107.4,115.2,109.3,73.2,40.1,37.2,20.8,26.7,15.2,13.9,46.0,20.4,63.9,42.7,35.5,27.0,53.8,35.9,159.21167883211677
61.3,162.7,35.8,92.3,68.8,92.1,101.8,60.5,36.5,38.6,21.9,25.6,15.3,13.9,53.5,26.2,79.3,41.8,39.5,24.7,57.7,37.0,134.9300847457627
50.5,159.4,34.6,86.1,71.3,92.1,98.2,51.5,35.3,32.4,20.3,24.3,15.3,14.9,53.6,24.1,75.9,39.8,36.0,21.8,55.1,37.5,119.21538461538462
82.3,168.8,39.2,105.7,103.5,109.2,112.5,64.6,41.9,39.2,22.0,28.0,16.8,14.8,54.9,24.8,78.7,47.2,39.8,28.2,59.0,39.4,146.62760942760943
56.1,154.7,37.4,89.6,82.7,94.2,102.0,56.0,36.4,32.0,19.4,26.2,14.7,14.4,50.2,22.0,70.9,40.5,37.5,23.7,54.7,36.9,136.34782608695653
75.4,162.1,40.7,99.1,95.0,108.2,111.7,64.6,39.0,37.5,21.7,28.5,15.7,13.7,54.0,23.8,75.1,44.1,38.4,28.6,57.8,37.7,153.8375451263538
59.3,162.5,33.4,90.4,80.5,100.6,101.1,56.4,36.2,35.0,20.0,24.5,15.6,14.9,55.1,24.7,76.8,42.2,37.9,24.8,55.7,38.0,127.3818181818182
69.5,159.7,39.0,98.1,89.6,102.0,99.8,59.9,41.1,41.2,23.1,28.4,14.6,12.2,54.0,23.2,77.6,44.5,41.4,26.0,52.7,35.8,136.35521235521236
82.0,160.2,37.2,104.6,90.5,111.8,106.3,72.4,43.4,43.1,23.8,30.2,15.9,13.8,53.9,25.2,76.8,41.0,38.4,28.1,58.6,37.0,144.2886524822695
58.3,161.4,35.0,95.2,83.3,94.3,100.5,57.8,35.1,34.0,20.6,24.8,14.7,13.3,54.2,24.1,80.3,38.9,37.6,26.1,57.0,36.8,134.37846153846155
92.0,174.3,40.2,106.7,105.5,120.6,112.5,71.6,46.6,39.6,22.7,28.0,16.7,13.7,54.2,23.1,78.3,44.2,42.5,27.7,56.7,38.8,150.01386138613861
84.1,160.3,41.1,110.5,107.1,114.6,114.3,69.1,40.7,40.1,23.3,29.4,16.3,14.4,49.2,22.6,72.1,45.5,36.6,29.5,59.3,39.4,144.06484641638227
84.2,157.6,38.3,119.6,111.1,117.6,113.0,66.8,42.1,40.1,23.7,26.6,15.3,13.6,49.5,22.5,70.6,46.4,38.4,32.3,60.9,36.2,159.07961165048545
66.0,161.9,37.9,99.9,87.1,102.2,104.8,61.0,38.8,37.8,23.3,24.6,15.6,14.0,53.8,24.4,75.8,42.3,37.7,26.5,55.5,39.4,132.32037735849056
89.6,175.4,38.8,105.2,96.9,115.1,116.7,71.1,44.7,40.4,22.4,28.1,16.8,17.2,56.6,27.0,83.5,48.0,43.5,27.5,60.0,41.1,159.78831615120276
84.2,170.9,38.4,101.4,94.2,107.9,111.9,70.0,43.9,39.3,22.0,29.3,16.3,15.2,57.5,26.4,83.3,45.8,42.2,26.7,60.9,38.6,150.01123595505618
84.5,178.9,37.8,104.8,96.4,111.7,105.5,70.0,42.2,37.9,21.3,27.2,16.0,13.7,66.2,29.7,90.4,40.4,46.3,27.2,60.7,37.2,149.2
59.6,158.7,35.0,89.6,88.7,100.5,99.1,58.5,38.1,35.6,19.8,26.2,15.2,14.1,52.7,23.9,72.6,40.4,37.7,22.1,58.3,37.0,123.0692607003891
68.8,168.7,36.6,94.3,83.8,103.7,103.9,60.5,40.7,36.3,21.3,26.4,15.2,13.4,54.2,23.8,79.5,41.7,40.3,23.4,56.4,37.3,115.25555555555556
69.0,166.5,34.8,89.9,82.6,108.1,105.2,65.8,42.4,37.6,22.1,26.3,15.1,13.7,55.3,24.5,80.4,41.0,41.6,23.4,54.8,37.7,142.25140562248995
74.8,157.3,39.8,99.6,95.0,108.7,108.5,66.5,42.6,39.6,23.4,28.4,15.9,12.4,53.8,24.0,75.5,41.3,38.8,25.9,59.0,36.9,139.8088888888889
69.9,165.4,36.7,91.1,81.9,103.8,101.8,62.2,43.1,39.8,24.8,26.5,15.8,13.2,52.3,23.6,74.5,42.4,38.3,24.7,57.4,37.2,131.74461538461537
69.1,158.2,38.8,100.5,92.0,99.9,104.7,61.2,39.3,37.3,21.7,28.0,15.8,14.0,52.2,23.2,72.4,41.5,38.9,26.6,55.7,36.8,150.3777777777778
56.6,157.5,37.8,87.3,74.4,97.7,98.3,60.8,35.6,32.7,20.4,23.9,14.6,13.1,53.0,23.5,72.4,39.4,37.8,21.5,53.5,35.9,124.81735537190082
69.9,160.0,35.5,97.6,88.0,102.6,104.7,65.3,40.2,37.5,20.7,27.1,15.4,14.1,54.3,25.3,75.6,41.1,38.2,25.6,56.8,37.1,139.37841726618706
46.8,158.4,34.6,83.4,74.0,86.8,93.7,49.8,32.3,30.7,19.5,23.4,13.9,12.9,54.9,24.0,75.0,45.4,39.4,21.3,54.4,34.1,120.05564516129031
70.1,153.5,36.5,98.6,82.9,112.1,103.0,68.6,43.3,40.7,22.0,25.7,14.6,13.4,48.7,22.2,68.4,36.8,38.1,25.6,58.4,35.5,128.91166077738515
83.2,159.3,38.0,106.2,102.9,110.0,104.9,70.5,50.2,41.8,24.6,29.6,16.3,13.3,53.2,24.2,72.5,43.9,35.8,29.8,56.0,36.8,139.24825174825176
78.9,158.3,37.0,100.4,97.3,110.4,104.5,75.1,45.4,43.2,23.8,30.3,16.0,13.2,51.4,25.2,72.3,46.8,38.4,27.4,58.1,36.5,139.01538461538462
59.2,160.8,36.5,89.6,84.5,95.5,100.5,57.2,37.3,35.7,20.3,24.9,15.5,13.2,53.4,24.4,72.2,41.8,37.7,22.3,55.2,37.0,122.18181818181817
58.3,166.3,34.0,86.1,82.8,96.1,101.3,57.0,36.7,32.6,19.9,23.4,15.3,15.3,54.5,24.1,79.8,44.4,41.5,19.7,55.2,38.1,115.42391304347825
74.6,160.9,37.0,95.1,102.0,111.3,108.4,70.1,43.3,40.0,22.4,27.2,14.5,14.7,54.4,24.9,73.9,46.7,35.3,25.6,59.3,37.8,143.93513513513514
42.8,151.3,32.7,77.2,67.5,87.1,85.2,51.1,33.7,31.3,18.8,22.5,13.9,11.4,50.8,22.6,74.0,36.7,35.9,19.3,54.2,31.1,97.85915492957747
85.3,170.4,37.1,103.4,100.7,114.0,108.8,72.8,44.9,43.0,22.7,28.2,16.1,14.5,58.3,26.2,81.3,41.0,40.3,25.6,56.4,38.1,125.86275862068968
66.4,170.8,35.0,89.9,85.8,99.7,98.7,60.2,39.1,36.7,21.6,26.0,16.2,14.2,55.5,24.8,81.2,47.9,41.5,23.4,56.1,34.8,143.98921161825726
57.7,150.6,34.6,95.5,80.4,97.3,97.6,63.1,39.9,38.3,22.7,25.2,14.6,11.5,49.1,22.1,71.0,40.8,36.0,24.3,52.8,33.8,128.75101214574897
56.5,158.3,36.4,86.7,81.1,94.4,95.2,56.5,37.1,35.0,21.8,24.7,14.6,11.7,51.8,23.2,73.3,39.5,38.7,22.1,56.4,33.7,128.8114285714286
71.4,173.1,41.2,97.1,86.4,103.0,104.0,62.3,38.7,38.2,22.4,27.1,15.7,13.1,58.0,24.8,79.9,45.6,40.0,23.5,57.8,38.6,142.1425855513308
76.2,166.9,37.1,96.6,87.1,103.6,101.8,67.4,45.2,41.2,23.4,28.2,16.4,13.2,57.2,26.4,85.2,40.1,43.2,24.9,58.4,33.6,120.75
55.6,164.0,35.0,80.0,82.4,93.3,101.7,54.3,37.3,36.2,21.5,24.9,15.2,14.7,54.3,24.4,78.7,46.2,39.8,19.2,55.0,38.1,118.44961240310076
56.1,161.3,37.9,81.2,72.4,90.9,99.2,55.4,35.5,35.7,20.3,25.1,14.9,12.5,54.0,24.8,76.7,41.5,40.1,19.7,56.1,35.5,113.61451612903227
64.1,164.0,35.7,94.6,84.9,98.8,105.9,58.8,37.0,38.0,21.8,27.0,15.9,14.7,53.1,24.6,78.7,43.6,39.9,23.9,58.3,38.7,130.0307116104869
76.6,158.1,41.5,100.8,91.8,105.0,107.0,67.4,43.2,42.4,23.5,29.2,16.8,12.7,52.4,24.5,73.0,44.2,38.0,27.5,61.1,36.3,152.67153284671534
70.2,166.4,37.6,97.1,82.9,98.7,104.7,60.8,40.7,36.9,21.5,27.5,16.1,13.7,56.3,26.7,83.5,43.4,43.1,25.3,57.3,37.4,135.0471264367816
56.1,156.2,36.0,91.8,79.9,96.6,94.9,55.6,40.4,35.4,20.7,25.7,15.1,12.2,49.8,21.9,71.3,43.8,35.8,24.4,53.3,31.8,131.93927125506073
81.2,172.2,38.7,98.7,101.7,110.1,107.7,68.2,41.7,41.7,24.8,27.7,15.8,13.4,57.9,25.4,84.6,46.2,42.7,26.1,56.4,37.8,125.26046511627908
72.5,156.4,38.6,96.9,90.0,107.3,104.8,68.3,43.2,40.8,24.0,27.5,15.6,13.5,48.3,22.6,69.8,43.8,36.4,24.8,56.4,34.7,132.44117647058823
68.6,158.9,36.0,97.9,91.7,103.9,103.9,67.7,43.0,39.9,23.8,26.4,16.0,13.2,52.8,23.7,75.9,44.2,37.0,24.1,55.8,37.6,123.26824817518248
92.4,178.9,39.8,101.7,97.0,116.5,111.3,77.5,46.1,42.6,24.2,28.9,17.0,15.3,63.0,27.5,85.0,44.2,42.3,24.3,55.8,40.5,130.22970297029704
66.2,160.8,39.8,105.8,88.4,94.4,105.7,56.7,35.3,36.5,20.1,25.9,15.3,12.6,55.4,24.8,74.8,43.4,37.1,26.1,55.1,36.2,142.6
56.2,159.5,35.1,88.7,79.6,97.3,97.0,57.9,36.4,32.5,19.7,24.5,15.1,14.5,54.8,25.3,76.4,41.5,39.1,22.8,57.3,35.7,120.19755102040817
56.4,159.0,33.7,85.9,78.5,93.8,95.9,56.5,38.5,37.0,21.1,25.6,15.3,14.2,54.6,25.1,76.1,39.6,39.1,20.6,55.5,34.9,120.796875
65.3,157.5,38.6,98.0,87.0,98.5,103.8,57.5,40.4,37.1,21.6,25.7,15.5,13.6,49.9,21.0,68.5,42.6,36.4,24.5,56.2,37.6,125.65853658536585
67.9,153.9,35.7,103.7,90.5,108.3,96.4,66.5,39.3,37.6,21.0,24.9,14.0,12.6,51.4,23.8,73.7,41.1,40.0,28.0,59.0,32.8,149.56730769230768
77.7,165.4,39.0,98.4,95.8,110.0,109.2,67.2,38.4,35.4,19.7,27.8,14.8,13.1,59.4,26.2,78.1,43.5,44.2,29.0,60.5,36.7,143.36179775280897
63.2,161.6,36.8,95.9,85.5,102.1,100.1,60.5,36.0,35.1,20.8,26.3,15.3,12.8,55.0,24.6,76.6,42.9,39.4,25.0,57.1,35.5,130.28645418326693
69.7,164.6,35.8,98.8,86.9,101.0,108.2,62.8,38.2,36.6,21.3,28.3,15.6,14.5,57.0,26.7,82.2,39.7,42.0,25.2,56.3,38.4,148.2
68.1,154.8,36.6,90.0,87.5,106.4,100.7,64.7,41.6,39.3,22.5,25.4,15.4,13.7,53.3,24.0,75.8,43.9,38.9,23.3,55.8,35.9,136.8
57.0,161.7,35.8,82.7,72.2,98.5,99.8,60.8,39.6,36.6,22.0,23.9,15.0,13.7,53.2,24.5,75.3,41.8,37.8,19.8,57.3,36.4,103.7084677419355
74.2,152.7,38.5,108.9,103.4,108.9,109.3,64.2,38.5,35.8,21.1,28.4,15.7,14.3,50.0,22.8,69.4,40.2,36.2,29.5,56.6,37.8,143.96949152542373
58.9,165.3,34.6,89.5,75.7,90.8,99.8,56.4,39.4,34.6,21.0,27.3,16.2,13.6,58.2,26.8,79.5,43.4,41.1,22.6,55.9,35.9,132.15234375
75.0,160.6,38.0,102.4,99.5,103.5,109.2,63.6,38.6,39.3,21.8,28.6,15.9,12.9,55.0,24.2,76.7,45.5,41.5,27.2,57.4,37.3,140.88590604026845
74.4,170.0,36.5,94.8,81.2,102.9,107.5,65.1,41.8,40.7,22.8,29.2,16.7,14.3,59.0,28.8,84.5,42.5,42.1,23.6,61.0,38.2,141.85401459854015
81.5,167.2,40.7,113.1,95.4,111.9,108.2,65.4,40.9,37.8,22.4,28.3,16.3,13.2,58.4,26.8,79.5,41.7,38.3,30.0,54.5,36.0,152.5891525423729
76.5,172.8,38.0,98.8,92.8,103.9,108.9,64.7,40.6,37.2,22.8,27.8,16.8,13.9,57.5,26.1,84.7,45.4,40.4,25.4,58.0,39.2,142.3985765124555
82.7,167.7,38.9,109.8,104.9,108.2,111.6,68.9,39.0,35.5,22.0,29.2,16.1,14.4,60.0,28.3,83.2,47.3,38.9,27.9,61.4,37.4,145.668
79.3,179.0,39.9,103.3,95.8,106.4,106.4,65.6,39.2,37.7,23.4,26.6,16.3,14.0,55.8,26.0,85.5,46.9,42.8,26.5,58.4,39.0,130.68489932885907
73.5,164.3,38.6,96.0,91.2,108.4,101.8,66.8,42.8,39.5,21.0,27.2,15.1,13.5,51.0,23.1,75.6,44.3,39.0,24.7,56.3,37.5,129.29889298892988
62.0,158.4,35.7,95.5,82.2,98.9,100.2,61.3,39.9,35.0,20.5,27.0,15.4,12.4,54.1,23.8,76.8,40.4,38.3,23.7,56.6,35.4,132.03598484848484
65.9,158.3,39.1,102.3,93.5,100.4,100.0,59.9,39.9,35.2,20.8,25.8,16.4,12.7,52.5,23.8,75.2,43.9,37.2,26.3,57.3,36.8,131.17212543554007
70.5,164.0,38.3,100.0,95.7,103.7,109.6,63.5,41.1,37.7,21.5,29.2,15.1,15.5,54.1,24.2,78.5,42.6,42.5,26.4,53.3,38.7,127.73722627737227
49.3,156.2,33.5,86.6,70.7,91.1,95.8,53.0,36.7,33.0,20.4,23.7,14.2,12.9,54.1,24.1,74.6,38.9,37.8,22.8,51.7,35.6,120.3951219512195
64.3,165.0,35.6,88.1,77.1,100.1,100.3,62.4,41.4,39.7,22.7,25.8,14.8,14.6,57.1,26.0,80.5,40.3,41.0,22.6,58.6,37.5,114.82696629213483
65.4,165.6,36.8,95.0,80.6,100.9,103.0,60.8,40.2,36.2,21.8,26.6,16.3,12.9,52.6,23.7,77.0,41.3,38.8,25.0,57.0,37.3,133.20652173913044
65.5,162.4,36.7,102.0,100.2,99.8,102.0,58.6,37.3,35.1,21.3,25.5,15.1,13.5,52.0,23.8,75.2,47.8,36.5,25.9,55.5,35.3,156.95202952029518
85.6,163.1,39.5,115.9,104.4,113.8,110.5,68.8,43.7,40.2,23.4,28.2,16.3,14.1,52.1,24.7,72.1,45.9,37.7,30.6,56.8,39.5,157.0501628664495
63.2,171.5,37.6,86.6,81.5,97.5,102.5,58.0,35.9,36.0,21.1,25.4,15.6,15.1,60.5,27.5,85.0,43.5,43.6,21.4,55.5,39.1,118.4189393939394
64.8,160.7,36.0,90.8,75.2,104.8,105.2,64.2,40.3,38.6,22.5,25.4,15.5,15.0,54.7,23.9,75.9,39.6,37.1,23.4,55.3,37.2,123.59847908745249
60.4,160.0,36.4,88.3,83.1,94.1,101.3,56.2,37.6,36.8,21.2,25.6,15.0,13.7,52.9,23.6,74.4,40.0,38.9,21.7,56.7,37.1,126.18992537313434
70.2,157.1,38.2,99.3,88.0,109.9,103.9,64.1,43.4,40.0,23.5,27.5,15.5,12.4,50.2,21.7,71.6,42.9,36.4,25.4,55.7,35.8,143.39350180505417
65.9,160.3,37.0,92.0,81.7,106.2,102.3,65.4,42.3,38.4,22.7,27.1,15.5,13.4,53.5,23.6,75.7,40.8,37.4,23.2,55.7,36.3,120.8759124087591
77.1,159.9,38.0,112.2,93.8,107.5,104.1,68.2,42.2,39.1,20.7,27.2,15.2,13.3,52.8,23.9,75.3,42.0,36.3,29.6,57.6,34.9,141.06173633440514
52.4,160.2,33.5,82.9,79.7,96.4,96.2,58.1,35.7,34.1,19.3,25.2,14.2,12.9,51.5,22.0,75.9,43.9,38.9,19.0,56.0,35.3,118.66733870967741
68.5,164.2,35.8,92.5,77.3,103.6,100.6,65.2,42.2,37.2,22.3,27.9,15.8,13.6,56.2,27.8,82.5,41.0,41.7,25.1,57.2,35.2,126.75925925925927
101.7,171.5,40.5,109.6,110.3,123.7,114.4,80.8,50.4,44.9,23.7,29.9,16.2,13.8,57.0,25.4,79.5,49.2,43.0,30.5,56.6,38.8,144.81573770491804
48.7,163.4,35.8,86.2,67.9,88.3,93.1,52.6,35.2,31.7,21.7,23.4,14.7,13.3,52.4,23.2,75.1,42.0,38.9,24.8,54.0,34.9,123.34895397489541
82.4,165.7,39.3,105.9,105.5,118.4,104.8,68.5,43.8,39.6,22.6,29.1,16.2,14.8,54.2,24.0,78.4,47.3,41.3,28.1,54.6,37.1,161.0816091954023
72.4,162.6,35.7,108.6,85.6,100.0,99.6,63.0,39.8,38.4,23.9,28.1,16.3,12.1,55.5,24.8,75.6,43.2,38.0,28.1,53.3,33.2,139.18050541516246
61.7,153.6,38.5,96.8,86.8,96.7,105.0,57.7,38.3,33.8,22.4,27.4,15.3,14.6,52.2,24.9,73.9,43.0,34.5,24.7,60.1,37.4,133.7274074074074
69.6,169.8,36.1,90.8,81.8,106.8,98.1,65.5,42.4,39.4,22.7,25.6,15.7,12.7,53.7,23.5,79.7,43.0,40.2,20.8,57.2,35.4,119.55871886120997
75.3,165.2,37.2,95.6,84.6,104.7,106.8,65.3,40.6,43.3,25.0,28.7,16.4,15.3,54.7,24.8,75.9,45.4,40.5,25.3,58.0,37.9,122.15555555555554
78.5,161.1,37.5,104.3,103.2,114.8,105.1,67.0,40.5,39.1,23.0,28.2,16.4,13.3,54.6,24.1,75.0,43.2,40.9,27.6,56.2,36.5,137.40546075085325
81.2,176.4,39.2,100.3,91.1,112.8,107.8,68.9,42.7,39.7,23.2,28.1,16.3,13.3,60.1,26.0,84.9,42.7,42.2,24.9,57.3,38.6,133.26573426573427
48.5,158.6,35.4,82.5,65.0,91.2,94.6,51.9,34.4,33.3,20.3,23.1,14.7,14.0,51.2,23.2,73.7,41.2,38.2,19.9,55.3,37.2,110.4382470119522
59.5,159.2,36.7,89.9,80.4,99.1,97.0,59.9,38.5,37.2,21.7,25.8,15.0,13.5,51.7,23.1,75.7,40.7,38.1,21.8,54.4,35.5,111.85232558139535
74.0,178.2,37.1,95.8,88.0,103.4,105.4,61.1,40.9,37.5,23.8,25.7,16.5,14.6,61.2,26.6,87.7,45.5,45.1,25.2,57.7,38.1,140.15185185185186
79.9,170.8,39.2,102.8,97.0,106.3,108.4,65.8,46.1,40.9,25.7,27.3,16.6,13.6,56.6,25.5,83.8,47.2,40.4,27.1,60.5,38.0,119.12297297297297
64.5,165.0,36.9,95.7,84.1,98.6,102.0,59.3,39.0,37.1,21.8,26.7,16.5,14.0,53.5,24.0,78.0,43.4,38.6,24.5,56.0,36.9,124.44505494505495
72.5,161.2,38.7,100.7,94.9,110.1,105.8,68.0,38.6,37.8,22.7,27.1,16.1,12.5,53.8,24.1,77.0,41.1,37.4,26.1,56.2,37.0,142.62846975088968
60.0,166.0,37.3,84.2,76.6,96.0,101.2,57.6,38.2,36.8,21.4,25.4,15.5,14.2,54.7,23.9,78.7,45.1,40.7,20.8,56.6,37.2,125.6523076923077
63.0,162.9,37.0,88.4,81.1,99.4,101.1,63.6,40.3,39.2,23.9,26.8,15.2,12.9,53.9,24.0,75.9,42.2,38.1,22.4,56.6,36.2,128.1109375
76.2,163.0,39.1,99.2,97.8,104.7,110.2,64.4,41.0,37.5,23.9,26.8,16.4,14.5,54.0,23.9,73.5,43.3,37.1,25.9,57.5,38.6,136.79490445859875
69.6,174.3,37.5,91.3,73.8,102.4,101.6,61.0,41.2,40.6,24.6,28.0,16.8,13.3,56.1,24.6,82.6,43.7,41.9,24.5,54.7,36.3,125.19166666666665
81.8,168.8,39.8,115.2,100.1,106.7,112.2,63.9,40.0,38.9,21.3,27.5,16.9,13.7,55.9,26.0,78.7,45.3,39.1,29.6,57.9,38.2,158.66503067484663
50.8,158.0,36.5,83.6,70.5,88.8,97.8,54.6,34.4,33.5,20.3,23.5,15.0,14.0,53.5,24.3,75.5,41.9,38.8,20.2,55.7,36.6,114.03040000000001
66.5,161.0,36.4,95.7,90.1,98.5,103.2,59.4,38.0,36.4,22.6,27.3,15.6,13.4,53.7,23.6,76.3,41.7,38.6,24.3,54.1,36.1,126.66176470588235
40.0,155.6,30.2,75.7,62.0,83.2,88.1,48.3,32.7,28.8,19.0,21.4,13.4,12.8,51.4,23.4,72.8,40.3,37.2,18.4,53.5,33.1,99.95021645021646
73.6,158.5,37.9,98.5,100.0,108.1,106.2,68.6,41.1,41.2,22.5,28.3,15.7,13.5,51.3,23.8,75.3,43.2,36.5,26.1,57.2,36.6,143.1385767790262
77.0,168.5,37.8,103.6,95.2,103.4,111.0,61.7,40.6,37.9,22.8,26.8,16.0,14.6,54.0,23.7,79.0,44.4,39.3,26.6,57.0,37.4,149.5257731958763
63.0,159.2,38.2,94.3,82.3,99.9,104.6,61.5,38.6,35.6,22.3,26.9,15.8,13.4,51.1,21.6,71.5,40.3,34.3,24.3,56.1,35.8,124.93029197080291
76.1,169.8,36.6,96.0,91.9,107.6,106.0,65.1,45.7,41.5,25.3,28.1,16.7,14.7,54.2,24.5,79.7,43.3,42.7,25.3,55.7,37.4,131.04182509505705
69.0,164.8,38.1,87.5,88.6,105.1,102.9,65.1,40.3,39.7,22.5,27.0,16.1,13.4,56.1,23.8,78.2,42.6,37.9,22.8,54.0,36.5,115.40354330708662
57.3,157.5,36.5,87.9,79.1,95.0,100.1,56.0,39.8,36.7,24.1,25.6,16.2,12.8,50.5,24.2,73.8,42.2,35.6,21.6,56.6,35.2,109.875
61.7,160.2,36.5,93.5,79.4,98.3,101.1,57.4,38.5,34.8,23.3,26.1,16.0,12.0,49.3,22.1,76.7,39.5,35.6,23.3,57.1,36.2,122.51724137931035
66.3,166.9,39.2,88.6,82.2,102.5,101.6,61.8,40.1,38.8,23.5,26.6,16.4,13.4,55.7,25.3,81.3,42.6,39.4,22.7,55.3,37.0,132.18548387096774
85.0,163.7,40.9,101.8,99.6,112.8,110.4,71.4,47.9,44.8,27.1,31.5,18.2,12.5,53.5,23.5,72.6,47.0,35.1,27.4,55.3,37.5,140.34926470588235
60.1,169.0,34.0,92.9,79.8,96.2,100.1,57.8,38.0,36.0,22.8,24.8,15.4,15.2,54.5,25.4,83.3,40.9,39.6,24.4,54.5,36.9,127.43531598513012
65.5,166.4,36.3,93.5,79.5,103.9,99.8,62.0,43.0,38.5,22.1,25.0,15.5,13.2,55.5,23.7,77.8,42.3,37.4,24.8,55.2,36.2,122.43207547169811
71.6,171.0,37.0,93.2,94.0,105.0,103.6,64.3,41.7,36.0,22.5,27.2,16.5,13.8,57.0,26.8,83.0,46.3,40.0,23.1,55.2,36.9,120.75182481751824
61.1,159.6,35.9,90.6,71.6,97.3,99.2,61.4,40.5,38.2,20.9,25.8,15.3,13.3,53.6,25.5,78.5,36.2,37.9,23.4,56.5,36.1,125.87175572519084
100.0,165.6,38.6,115.0,116.4,125.0,110.0,78.2,53.3,47.1,27.4,31.5,16.9,14.0,57.7,27.4,78.4,46.0,37.8,31.0,57.5,38.5,170.3114186851211
79.1,158.6,35.9,99.1,87.0,114.7,109.3,71.3,45.4,41.1,21.8,28.5,15.6,13.8,55.8,24.2,74.9,39.5,38.6,26.7,56.4,37.6,125.97457627118642
67.6,165.3,41.0,100.0,88.6,104.1,105.3,60.2,37.1,35.3,20.9,27.5,15.8,13.3,54.0,24.7,77.4,43.7,37.9,26.8,57.8,36.8,133.78839590443687
74.0,166.1,36.5,104.5,83.1,104.6,102.9,64.3,43.7,38.7,21.8,27.5,15.7,12.6,52.0,23.4,72.8,39.7,37.8,27.5,62.1,35.4,120.03378378378379
50.1,149.5,34.2,86.2,74.9,90.4,93.7,55.2,37.4,34.4,20.1,25.0,15.0,13.0,48.0,21.9,71.3,39.9,33.9,24.5,54.0,33.6,119.02092050209205
58.7,163.3,36.2,90.0,81.1,97.0,102.4,57.6,39.2,34.4,20.0,25.9,15.0,15.3,53.0,24.9,77.6,43.0,40.5,24.2,53.7,38.9,115.85820895522389
69.6,165.2,36.5,97.6,85.0,107.0,107.2,64.0,42.1,37.9,22.4,26.7,15.7,14.6,52.2,22.2,78.0,42.8,39.8,25.7,54.5,37.8,139.88158844765343
59.9,159.6,36.3,89.9,77.9,103.0,102.5,63.0,40.0,36.6,20.2,25.3,15.2,12.8,52.5,22.2,76.2,40.8,39.8,23.0,55.7,35.7,116.0
80.9,171.5,36.9,100.3,100.9,107.6,111.5,64.0,43.5,39.5,23.4,27.4,17.1,16.3,57.6,26.4,81.8,45.9,40.4,26.5,57.7,40.0,137.60456140350877
78.8,172.4,39.5,99.5,93.9,108.0,114.5,64.0,41.1,40.4,24.2,27.6,16.5,15.0,56.6,25.8,82.8,42.4,41.3,26.0,57.1,39.9,146.6315789473684
79.7,174.1,39.3,95.5,90.7,113.7,111.1,68.6,44.4,40.4,23.5,27.0,16.5,14.7,58.7,25.7,85.5,42.9,39.7,24.8,55.9,39.7,133.63250883392226
74.6,170.7,37.7,91.0,85.1,110.5,109.2,65.2,43.6,40.9,24.2,26.9,16.2,14.7,56.6,25.2,79.5,44.2,36.6,23.5,56.6,40.3,128.72363636363636
74.0,168.4,37.7,94.5,91.7,110.0,101.2,65.7,43.2,42.1,23.1,27.1,16.6,13.5,54.3,26.0,76.8,43.4,38.2,24.6,56.4,35.2,139.62857142857143
56.9,158.6,36.7,89.2,78.0,93.6,98.2,57.8,37.2,35.6,21.7,24.8,15.2,12.8,51.5,23.4,75.7,41.0,35.3,23.2,56.0,35.3,119.27906976744187
82.9,161.1,39.0,106.6,104.6,111.4,111.4,66.4,44.2,40.3,22.3,30.9,16.5,13.7,52.3,23.2,73.8,45.4,32.4,29.1,58.8,38.3,158.06206896551726
77.0,165.8,39.2,104.0,93.9,103.8,108.0,63.6,43.7,41.5,23.0,28.7,17.0,13.2,54.4,22.7,78.3,45.0,38.1,27.1,55.8,36.1,133.27152317880797
75.1,167.3,38.0,98.0,90.9,110.8,107.6,67.1,39.2,37.6,21.6,26.1,15.8,14.0,55.5,24.3,78.7,40.7,45.0,23.8,55.8,38.3,116.91228070175438
88.9,177.0,38.9,110.0,107.6,117.1,111.0,64.1,44.4,41.7,24.6,27.7,16.5,13.5,59.0,25.8,84.0,49.5,40.8,29.1,56.2,37.7,152.87539936102237
66.1,157.4,35.4,87.2,79.9,104.0,101.3,63.2,44.5,40.2,23.2,27.1,16.2,14.1,51.1,22.7,72.3,42.3,37.2,23.2,53.3,36.4,110.30149253731345
84.2,171.5,41.0,105.9,100.9,115.1,110.4,67.7,44.0,39.3,24.8,28.4,17.5,14.7,56.3,25.5,82.1,44.0,37.8,28.4,56.6,40.4,142.59801980198023
55.8,152.5,36.5,85.2,86.5,98.6,97.9,58.3,38.3,33.8,20.3,24.9,15.2,12.3,49.5,22.2,68.7,42.0,35.7,21.4,54.8,34.3,118.42471042471043
98.3,165.0,40.1,114.2,115.4,119.5,115.2,72.7,49.4,46.9,27.2,28.4,17.0,15.5,54.2,24.9,77.6,50.2,37.3,32.5,55.1,39.2,162.34313725490196
53.5,153.7,34.5,87.0,81.4,95.5,90.4,54.6,38.4,36.2,20.7,23.0,15.0,11.8,50.5,22.6,71.9,40.4,34.5,24.1,54.9,33.3,117.8125
58.1,156.8,34.0,88.0,80.1,97.3,97.8,57.9,38.1,35.9,21.4,25.7,14.7,12.6,53.5,23.6,75.7,41.4,37.9,23.1,54.6,35.3,119.05882352941178
68.4,156.9,37.4,89.2,83.0,100.4,107.2,63.0,43.3,39.9,23.4,28.4,16.0,15.3,52.7,23.4,72.0,40.5,39.3,24.0,60.0,37.9,133.28339768339768
72.5,171.1,37.4,95.7,80.7,103.6,106.5,63.0,43.3,40.5,25.4,27.9,16.9,14.7,55.4,24.4,80.6,44.2,37.1,24.0,56.9,39.0,133.1038732394366
75.7,163.9,37.9,107.0,107.3,106.0,111.1,64.7,40.7,35.8,21.7,25.6,15.3,13.5,52.0,23.4,76.0,46.2,35.9,26.9,57.3,37.5,143.01980198019803
73.3,163.8,37.2,96.2,94.6,107.5,101.5,65.2,42.7,43.0,23.1,26.8,15.6,13.3,51.7,23.7,77.3,44.4,40.0,26.0,56.0,36.7,125.49398496240602
70.4,175.6,40.2,93.0,84.5,105.3,102.8,62.0,40.9,36.0,21.3,27.1,16.1,12.5,57.0,26.2,81.8,48.2,40.6,23.4,59.0,38.3,125.1923076923077
59.0,161.8,36.8,89.5,74.8,96.6,103.5,57.0,37.8,35.5,22.0,24.8,15.0,13.9,53.9,23.5,78.7,40.8,37.1,23.6,56.8,38.1,131.98638132295721
83.5,174.5,42.3,105.0,100.3,111.4,112.0,69.1,42.2,39.5,23.5,28.5,17.2,14.5,57.5,24.8,84.3,46.1,41.4,27.5,58.5,40.1,139.64285714285717
63.5,156.9,36.2,92.5,81.4,104.3,102.5,65.5,41.0,37.4,21.6,27.1,15.3,13.7,49.6,21.5,69.1,40.1,34.4,23.8,54.6,35.5,137.6908396946565
54.6,166.8,35.8,89.5,78.2,92.5,100.4,54.0,34.6,33.2,19.7,23.3,14.7,13.6,55.7,25.0,81.8,39.3,42.8,22.6,54.4,35.8,139.0324427480916
61.0,161.9,36.3,89.5,78.0,99.0,105.0,57.4,37.8,35.8,22.7,25.6,15.7,14.2,52.6,23.0,74.6,44.0,38.9,22.6,56.3,38.2,125.3
82.0,165.7,40.3,110.1,101.6,110.3,108.2,68.4,42.5,40.3,26.3,28.4,16.4,13.5,52.6,23.2,76.6,43.4,36.8,29.3,59.4,38.7,136.524
68.5,162.8,37.9,91.0,84.7,101.7,107.0,62.0,41.4,38.8,21.2,27.5,16.6,15.1,54.0,24.4,76.6,44.7,37.8,23.7,56.2,38.6,124.42181818181818
57.4,166.0,36.5,90.3,80.3,94.5,99.0,57.0,35.9,34.8,21.1,26.0,15.8,13.2,56.1,24.8,83.2,41.0,40.9,23.5,58.0,35.5,119.23783783783783
61.6,168.3,36.5,87.8,73.3,95.3,102.0,56.0,38.9,36.5,22.5,26.0,16.4,13.2,55.9,25.0,78.2,42.6,39.9,22.6,57.9,37.3,106.37307692307691
67.8,167.2,37.8,84.6,86.6,101.7,103.3,61.3,40.8,38.0,21.9,26.4,15.7,13.4,54.6,24.5,82.3,42.7,40.1,20.0,57.8,38.0,120.17045454545455
55.8,162.3,34.7,83.6,74.5,93.7,95.0,55.5,37.8,37.7,21.3,24.8,14.6,12.6,54.1,23.6,77.5,41.2,40.4,22.9,54.8,34.4,111.46666666666665
58.8,167.2,35.5,87.0,70.5,91.7,104.3,56.5,39.3,37.1,22.0,26.1,16.5,15.0,52.8,23.5,79.5,42.3,39.1,22.2,54.6,39.0,127.48846153846152
59.1,161.9,34.4,86.9,78.4,98.4,97.6,58.3,37.2,36.6,21.8,24.6,15.4,13.1,54.6,26.1,77.5,39.9,40.1,24.5,55.1,36.1,105.23046875
51.1,155.8,33.5,79.4,71.2,94.8,95.6,57.2,36.2,34.7,20.4,24.1,14.8,13.5,50.5,22.6,70.7,41.0,36.7,20.1,54.4,34.7,117.04382470119522
59.1,164.9,35.1,84.5,74.2,95.1,101.7,58.3,40.2,38.2,23.8,24.7,16.0,14.4,52.8,24.4,77.3,43.3,39.3,20.5,54.5,37.0,122.73384030418251
67.1,173.0,39.2,88.0,80.5,102.2,102.5,58.5,39.4,37.4,23.9,25.9,16.9,14.7,57.0,24.6,83.6,43.3,41.3,22.7,56.2,38.7,124.23529411764707
52.2,152.7,34.1,84.3,73.0,91.7,97.1,54.4,38.3,37.8,21.5,25.3,15.2,12.5,50.3,22.8,69.3,41.3,36.9,20.3,56.4,34.3,106.56792452830189
56.5,167.0,36.4,83.8,76.1,94.0,103.7,56.2,38.0,34.7,20.9,25.0,15.4,14.5,55.9,23.8,79.2,44.0,40.8,21.3,53.9,38.7,118.0515873015873
77.4,158.3,39.5,107.7,100.0,108.4,111.1,67.1,42.2,40.8,23.4,30.2,16.7,14.8,52.5,23.8,73.4,44.7,37.6,28.3,55.0,38.3,154.28304498269895
73.0,164.3,37.6,96.3,88.5,103.8,105.7,63.5,41.2,42.0,24.0,27.2,16.7,13.0,52.7,23.7,77.6,42.3,38.8,25.8,56.4,36.4,128.17630662020906
66.9,171.7,38.2,101.2,80.0,102.0,107.2,58.2,39.5,37.3,21.4,26.2,16.2,12.5,60.2,27.0,83.7,41.9,41.1,27.4,56.4,36.2,129.60701754385963
71.8,162.3,36.1,100.0,94.5,109.8,108.5,66.7,41.7,36.8,21.2,26.2,15.0,15.0,54.8,25.0,79.8,40.2,41.9,25.5,57.0,38.8,124.59016393442623
59.4,163.0,37.2,86.0,81.0,96.4,101.8,58.0,37.2,36.4,21.3,25.9,15.6,12.2,55.2,24.5,74.7,41.9,38.3,22.2,56.8,36.4,115.38078291814948
68.0,171.0,37.8,92.5,80.8,99.5,107.7,58.3,40.2,38.4,22.7,27.1,16.1,14.5,60.2,25.9,80.2,44.4,40.4,23.5,56.3,38.6,134.6643109540636
77.9,173.0,38.2,100.2,96.1,110.2,111.0,66.4,43.3,36.6,23.4,26.6,16.0,13.4,56.7,25.5,81.5,46.0,40.9,26.7,56.5,38.5,137.1157894736842
69.5,172.5,38.3,96.0,77.2,104.4,104.2,61.0,42.6,41.5,24.7,26.2,16.4,13.5,54.0,24.6,81.4,45.4,39.1,25.5,58.1,37.6,129.06666666666666
75.5,168.0,37.6,95.7,92.8,107.5,106.8,66.5,42.9,41.9,24.6,26.6,16.4,13.7,56.5,25.6,81.3,45.0,39.6,24.4,55.5,37.2,143.37725631768953
64.5,168.2,35.6,92.2,88.9,101.1,101.2,59.8,39.6,36.0,22.6,25.2,15.9,13.5,56.0,25.4,82.6,46.2,41.7,25.1,56.7,35.6,129.43461538461537
84.3,168.0,37.4,115.7,105.0,104.5,113.2,61.5,43.3,40.2,24.7,29.4,17.1,14.0,53.0,23.2,78.6,48.0,38.1,32.2,58.0,38.5,138.6182108626198
68.8,182.9,36.2,91.5,77.7,99.7,105.2,56.6,39.4,38.1,21.9,27.0,17.0,15.0,62.2,27.7,91.7,44.7,43.6,24.3,54.0,39.4,118.33082706766916
64.3,167.5,40.3,88.5,86.6,101.2,104.2,58.6,40.1,35.9,21.5,25.6,15.5,13.8,55.3,24.3,81.5,44.7,39.9,21.8,58.1,38.7,118.52678571428571
68.9,172.7,40.0,104.0,84.2,100.6,110.2,58.8,39.0,35.8,22.1,26.2,16.4,13.8,55.5,24.9,82.5,43.6,44.9,26.1,58.3,39.9,129.57928802588998
65.1,161.5,36.6,100.3,84.2,95.6,103.5,55.6,37.9,36.0,20.7,26.7,16.1,12.4,54.2,23.6,76.5,42.6,39.2,24.8,55.3,35.3,139.74
46.0,149.7,35.5,83.7,69.0,85.0,96.5,49.0,31.9,32.6,19.6,25.4,14.9,12.8,49.0,21.7,69.2,37.1,37.8,20.3,55.9,34.0,113.20344827586207
61.0,161.3,35.4,87.1,75.0,103.7,97.5,61.2,39.1,35.9,21.8,25.2,15.1,12.9,50.2,22.3,73.8,42.7,34.5,23.5,56.2,33.9,123.66049382716051
92.5,177.1,38.5,111.5,95.0,113.7,111.7,71.4,46.5,44.0,24.0,31.5,16.8,13.9,56.8,25.6,83.7,46.3,40.8,30.4,58.0,40.1,141.64495114006513
66.6,158.8,37.1,92.4,82.9,101.0,101.4,61.6,40.2,40.4,24.4,26.2,16.7,12.2,53.0,23.5,73.5,42.0,35.9,24.4,56.1,35.7,124.72243346007606
82.1,173.6,38.9,99.7,99.5,107.5,108.4,66.2,42.3,40.2,25.4,27.9,17.4,14.1,60.5,27.7,87.7,44.8,42.8,25.0,56.0,39.6,132.14474576271186
59.1,166.4,34.6,87.0,76.7,101.4,95.6,58.9,38.8,35.0,21.5,23.6,14.8,12.1,54.5,24.2,79.5,41.6,40.0,23.4,56.7,34.6,129.97165991902835
72.2,158.4,39.0,102.5,89.8,108.6,107.5,64.4,42.3,37.9,22.8,27.8,15.7,13.2,53.8,24.7,74.5,42.4,38.2,27.0,56.1,37.6,148.05555555555554
77.0,171.2,37.0,100.6,94.0,109.7,107.6,66.5,40.7,36.8,21.1,26.2,15.3,14.5,61.0,28.9,87.0,46.4,40.8,27.1,58.8,37.7,126.03471698113208
61.7,165.8,38.7,87.6,78.7,97.8,103.5,58.3,36.7,38.7,22.0,26.2,15.2,14.1,55.3,24.4,79.0,40.9,38.5,20.5,57.0,37.5,119.6076923076923
68.5,164.6,35.7,93.3,81.2,105.6,104.4,66.2,39.6,36.3,20.7,26.1,15.4,13.5,57.1,26.1,82.5,41.0,38.8,24.4,54.7,37.0,129.70975609756096
68.9,172.3,37.9,96.6,82.0,102.6,106.0,60.8,38.3,35.4,22.5,26.2,17.2,14.0,55.2,23.6,81.7,44.0,42.6,25.1,60.0,39.1,115.575
58.7,157.8,37.3,90.0,81.3,100.2,98.8,61.2,35.7,32.2,19.7,24.9,14.9,12.0,51.5,24.0,75.7,40.1,39.7,22.5,59.2,35.0,112.04819277108433
74.2,167.1,37.9,104.0,84.5,105.9,107.0,66.2,40.2,39.4,20.9,27.5,14.9,13.5,56.0,24.8,82.4,43.9,41.6,27.3,56.0,37.1,128.05693950177937
82.0,158.0,39.4,104.5,101.1,113.6,107.8,71.5,41.3,37.8,20.7,28.9,15.4,12.6,52.3,24.1,77.2,45.5,39.9,27.4,58.1,37.5,143.39285714285714
55.7,158.4,36.0,92.5,75.8,96.7,100.1,57.8,37.3,34.0,20.0,24.6,14.7,14.2,52.0,22.1,74.8,43.0,36.5,23.4,52.8,37.1,129.91573033707866
64.8,167.0,38.1,97.5,81.4,92.8,105.0,54.4,37.5,37.1,21.6,28.3,16.3,11.9,54.0,23.7,79.0,43.0,39.3,24.9,55.2,36.6,115.22727272727272
56.6,158.5,36.5,91.0,77.0,94.6,98.5,58.0,37.7,34.0,20.1,23.7,15.0,13.0,52.8,25.0,77.7,39.7,39.0,22.1,58.0,35.3,128.74031007751938
58.4,163.8,37.6,95.2,80.9,94.4,102.5,56.2,36.4,33.7,20.1,25.1,15.9,14.2,51.2,23.7,77.4,45.1,35.4,23.9,53.7,37.6,133.42424242424244
59.9,158.9,37.0,90.7,81.7,101.3,99.0,62.0,37.5,35.5,19.8,24.1,14.0,13.5,55.5,25.8,76.7,43.0,45.5,25.0,60.4,34.7,121.17813765182186
78.5,165.9,38.0,108.9,93.8,106.0,105.0,63.0,43.0,40.8,23.7,27.4,16.0,13.7,54.8,24.1,77.8,44.7,37.7,30.7,56.0,38.0,142.49288135593218
65.4,155.0,37.1,94.3,84.5,101.5,98.5,64.3,41.7,36.4,23.0,27.9,16.0,12.5,50.9,24.5,75.7,42.0,40.0,24.2,59.0,35.5,130.87262357414448
83.8,173.0,40.5,104.7,99.5,106.8,106.9,65.2,42.0,37.9,23.7,30.5,15.8,14.0,58.0,27.2,85.6,48.9,44.0,29.7,56.6,37.0,139.98351648351647
64.4,150.0,39.0,102.7,90.7,107.4,99.0,63.8,37.0,34.3,19.9,23.4,14.3,11.5,48.7,21.5,69.3,39.2,39.3,28.3,52.8,33.0,143.93560606060606
80.9,161.5,39.8,103.8,98.3,106.2,114.3,68.0,43.9,38.9,22.2,28.2,16.3,14.7,56.0,26.1,80.0,45.4,40.7,26.6,57.6,39.6,144.48351648351647
67.7,164.5,38.1,90.6,80.1,104.2,102.6,61.7,44.7,41.4,23.5,26.8,16.0,12.6,53.0,24.6,76.6,40.0,40.1,23.6,60.9,37.2,110.41875
84.7,172.7,40.3,109.5,102.9,109.6,110.5,67.8,42.3,40.3,22.8,27.5,17.2,14.1,55.9,26.4,86.8,49.7,41.8,27.7,57.0,39.2,164.61993243243242
78.1,166.7,37.2,103.2,105.2,109.6,106.0,72.2,44.0,40.8,24.7,27.2,15.5,13.5,61.1,27.3,83.7,48.0,40.2,27.9,59.5,37.6,141.75824175824175
55.2,151.9,36.2,98.1,84.8,90.1,99.0,54.2,37.2,32.7,20.4,24.0,14.5,12.5,50.0,24.1,69.5,44.1,36.4,24.9,55.8,36.2,126.07922535211267
83.2,170.0,42.5,111.3,95.5,105.4,114.9,63.0,40.3,38.8,21.2,27.6,16.1,14.2,56.8,25.4,81.5,48.0,41.8,30.2,60.8,40.0,168.86896551724138
69.4,162.8,38.5,86.0,80.7,106.9,105.6,63.6,41.4,39.9,24.0,25.5,15.8,14.5,51.0,23.4,78.3,42.7,37.9,23.3,58.0,38.4,126.4505928853755
78.6,160.0,38.5,106.8,85.5,110.2,109.0,69.0,44.2,39.8,23.3,27.6,15.7,12.7,54.0,24.3,73.9,45.2,37.2,29.5,55.5,39.4,130.6993006993007
85.1,174.7,39.7,102.5,96.9,108.2,109.5,67.7,44.7,38.3,21.0,28.4,16.0,15.0,55.0,27.0,86.0,47.9,41.1,27.0,58.9,38.9,143.859649122807
67.8,158.3,37.3,92.5,90.0,106.1,100.4,64.8,40.5,37.3,21.7,26.7,15.4,13.5,52.0,23.5,74.2,42.6,36.3,25.1,55.2,35.2,132.88246268656718
64.5,166.2,37.2,92.7,80.0,99.0,99.5,58.5,39.5,39.3,21.6,25.2,15.0,14.0,54.0,23.8,78.7,43.9,38.5,23.6,58.7,36.0,118.07794676806084
61.8,169.7,36.0,87.3,72.0,95.2,101.1,60.7,38.4,34.9,20.1,25.4,15.2,14.0,56.0,26.2,84.2,44.2,42.5,23.8,62.5,36.3,123.16182572614109
84.3,173.2,39.5,94.8,94.2,105.1,104.2,70.0,44.7,41.4,23.5,28.5,16.2,14.3,57.7,26.1,83.0,48.0,41.0,25.3,60.9,36.9,136.93333333333334
79.3,164.7,40.9,98.2,101.5,110.6,115.2,68.4,44.7,40.6,25.2,28.2,15.9,15.8,54.5,24.4,78.7,46.0,39.8,25.3,57.8,40.4,146.0940350877193
72.7,158.9,36.6,102.9,101.9,103.5,106.5,66.4,40.5,35.6,21.1,27.1,14.4,14.1,55.6,24.7,79.0,43.2,41.5,29.0,60.5,37.0,148.23908045977012
64.5,154.5,36.4,96.5,82.9,102.9,105.1,65.3,39.7,36.5,22.2,26.5,14.9,14.6,51.0,23.6,74.2,37.9,37.9,24.3,54.4,37.4,136.04323308270676
75.5,165.9,38.9,102.8,93.7,105.3,110.6,63.9,40.7,38.4,23.3,25.9,15.0,15.0,59.0,26.5,83.6,45.1,41.4,27.0,55.3,40.4,136.17164179104478
55.5,152.2,34.5,89.1,88.5,95.0,98.5,58.1,35.6,35.6,21.1,24.0,14.8,14.0,48.5,21.5,70.5,42.0,36.1,21.9,54.0,36.8,130.8345724907063
77.9,165.1,37.9,99.7,81.6,108.5,108.7,67.7,42.3,39.0,21.3,27.0,14.9,13.4,57.2,25.2,81.3,42.3,42.1,27.7,59.4,37.6,148.80597014925374
76.3,176.7,35.7,101.6,92.2,105.9,104.0,64.1,44.7,40.4,25.2,27.2,15.6,14.5,57.2,25.4,86.2,45.7,43.3,25.3,56.4,37.8,148.05650557620817
78.5,160.8,36.0,100.8,96.5,111.6,101.7,70.3,44.4,41.7,24.7,27.2,15.4,12.8,54.0,23.1,76.8,42.2,40.2,28.5,54.4,35.3,149.79442231075697
71.7,160.5,37.3,99.7,93.1,108.6,104.7,67.7,39.4,36.5,21.1,27.5,15.2,13.0,57.6,24.5,78.9,41.2,42.0,27.6,57.2,36.9,150.45636363636362
67.4,173.4,37.6,90.2,89.5,100.3,103.6,61.5,38.8,34.4,20.4,25.6,15.3,14.3,58.6,25.6,82.8,47.5,40.7,24.2,56.2,37.2,122.2175572519084
73.0,166.1,36.1,97.2,82.9,110.5,98.3,69.1,46.7,39.9,22.2,27.2,16.4,13.3,53.3,24.4,75.5,44.1,40.1,27.0,55.6,34.7,119.50819672131146
75.4,158.9,37.8,96.0,98.0,113.7,103.3,73.3,42.5,39.0,20.8,26.4,15.4,13.2,54.2,24.1,76.8,42.7,39.1,25.8,55.5,35.5,146.2153846153846
77.6,174.1,37.0,91.2,80.0,107.6,105.0,65.5,43.7,42.4,24.6,28.6,16.9,13.9,53.2,24.8,82.7,42.9,40.8,24.0,56.8,36.9,132.95824175824174
81.0,167.0,38.6,107.9,101.2,108.5,108.7,67.7,41.6,37.3,20.8,26.8,15.1,14.0,55.6,25.2,79.9,44.2,41.1,29.0,58.8,37.0,143.62364864864864
66.7,168.0,36.0,86.5,80.1,103.0,99.1,61.5,39.6,38.7,24.4,26.1,15.4,14.2,54.2,23.9,81.0,43.0,40.0,22.6,55.5,36.9,114.22007722007723
79.1,173.6,41.2,95.7,91.5,113.0,107.6,67.6,41.8,38.8,22.6,26.9,15.5,14.9,55.5,24.5,79.0,44.9,40.1,23.5,56.6,39.2,132.91666666666666
76.3,168.2,37.3,99.0,93.7,105.8,107.2,66.3,42.2,40.3,21.5,27.5,15.1,14.5,58.0,28.9,84.5,43.0,41.5,27.8,56.5,38.7,132.84926470588235
65.0,171.4,37.5,93.6,81.1,99.7,107.7,60.1,40.7,38.8,22.0,26.8,15.6,15.3,55.5,24.7,79.8,44.7,40.4,23.4,55.8,39.6,130.12682926829268
51.3,154.6,34.9,85.6,69.1,88.8,93.5,51.5,39.5,36.7,23.3,24.4,15.5,12.6,50.0,21.8,69.5,41.9,35.6,22.4,53.3,34.2,131.5772925764192
59.1,163.4,36.3,91.7,81.3,95.3,99.5,56.8,35.8,35.8,21.9,23.6,14.5,13.8,56.1,25.3,80.2,43.6,39.0,24.2,55.5,36.3,135.19407114624505
65.8,156.8,36.0,93.0,89.0,103.2,101.6,63.7,43.4,38.7,24.7,27.4,14.7,12.5,52.4,23.9,74.2,40.6,36.8,24.0,55.5,35.4,127.78625954198473
50.4,153.6,33.0,87.6,78.2,91.5,93.0,56.5,33.3,31.3,17.8,22.4,13.4,12.1,49.5,22.5,73.5,39.0,41.2,22.5,56.0,33.7,120.67717842323653
68.5,158.4,37.2,96.2,92.7,102.8,103.7,64.3,39.5,38.3,22.3,26.5,15.1,14.9,53.9,24.1,76.7,41.2,38.4,24.2,56.4,37.1,143.2389705882353
62.9,164.6,37.7,88.2,87.4,98.1,102.8,62.3,37.1,35.1,21.3,25.6,15.1,13.8,55.8,25.7,81.0,42.5,41.3,23.6,54.7,37.0,124.39362549800796
56.8,166.4,36.7,89.1,76.5,93.5,94.0,56.8,35.8,35.9,20.7,24.0,14.5,11.5,53.5,23.8,77.5,44.0,39.6,21.7,58.0,35.1,115.75984251968502
66.1,165.8,36.6,90.2,80.0,96.5,105.0,61.3,37.9,37.9,22.1,27.4,15.7,14.5,51.9,22.6,79.5,43.1,38.7,22.6,55.8,37.9,126.34632352941176
68.3,173.8,36.5,91.0,73.4,100.3,106.0,59.7,39.4,36.6,21.4,26.2,16.4,15.5,58.0,25.1,84.0,43.5,37.6,22.7,57.9,39.5,121.90566037735849
79.1,174.5,38.2,92.3,77.5,106.5,108.0,67.7,47.4,41.9,23.2,27.6,16.2,14.4,58.2,26.9,86.7,44.4,41.8,23.4,61.7,39.4,124.08095238095238
90.7,159.5,38.0,107.2,106.1,122.0,110.9,80.3,51.2,45.3,23.3,30.6,16.3,13.9,53.4,23.8,76.2,43.7,37.8,27.1,57.0,38.1,150.00424028268552
78.3,162.5,38.1,98.7,92.6,109.7,102.5,70.5,46.8,42.3,26.1,28.1,15.8,14.3,54.5,24.2,78.1,43.2,38.1,25.4,55.7,38.1,121.21052631578948
70.9,162.3,37.7,96.7,86.5,105.7,103.9,64.5,44.0,41.2,22.7,27.1,15.9,12.6,55.9,25.2,76.0,41.3,40.3,25.1,56.0,36.4,113.28722627737227
50.9,151.8,33.9,84.1,75.2,91.5,93.9,54.0,38.1,36.7,21.6,23.7,14.4,12.7,47.5,22.0,69.5,42.0,34.2,19.5,56.0,34.4,113.56569343065694
62.3,152.5,37.1,100.8,87.7,99.0,101.0,61.9,34.7,35.4,19.9,24.4,14.5,12.7,49.3,21.7,70.6,42.7,35.7,25.8,55.5,35.6,126.52137931034483
66.4,155.7,34.9,91.9,90.0,105.3,97.0,64.8,43.7,38.7,24.0,25.4,14.9,12.1,52.9,24.1,75.0,44.0,36.6,24.1,57.2,34.6,121.57976653696498
92.1,173.0,41.5,109.3,105.4,111.3,117.0,67.5,44.9,43.0,23.3,30.2,16.5,14.3,59.6,27.9,86.3,46.0,41.0,30.5,55.5,38.0,167.33224755700326
67.1,160.1,35.0,98.3,90.3,103.5,100.5,63.2,41.7,36.5,20.8,25.6,15.0,13.5,54.2,24.0,74.2,44.0,38.3,25.7,56.5,35.9,130.95328719723184
54.7,159.7,34.2,83.9,72.8,93.8,97.5,54.9,38.0,34.8,21.7,24.5,14.3,12.9,52.7,23.8,78.8,41.0,39.1,20.5,54.9,35.4,120.89527559055118
78.4,174.3,40.3,102.7,94.7,103.4,107.0,64.6,39.9,37.2,22.7,27.8,16.6,15.0,56.9,25.4,81.2,50.2,39.9,26.3,59.5,39.6,137.49638157894736
59.0,168.3,35.5,92.5,75.4,96.0,99.1,55.7,36.0,35.6,20.1,23.7,15.0,14.0,56.5,25.0,79.3,42.0,40.8,22.1,55.6,37.0,122.87822878228783
76.3,175.2,37.6,101.5,92.1,100.5,108.2,59.4,40.9,41.3,24.4,26.7,16.2,15.2,58.5,26.6,86.5,45.0,42.8,27.2,57.4,39.1,131.9158249158249
70.9,161.8,36.1,96.7,85.1,107.5,98.5,66.0,42.6,38.3,21.8,25.1,14.2,13.4,52.7,23.4,74.3,40.9,36.9,25.4,57.5,35.1,133.4680608365019
70.3,162.0,35.6,101.8,85.1,104.0,99.0,62.7,41.3,36.7,23.2,26.8,16.0,12.3,52.6,23.8,76.9,42.7,38.3,28.3,56.6,34.8,137.35514705882355
58.1,164.9,35.2,86.2,79.0,94.9,100.5,57.7,35.6,36.2,21.2,24.0,14.3,13.5,55.0,23.7,79.9,43.8,38.6,22.5,54.1,37.7,124.5859375
59.3,170.9,37.5,84.6,76.4,92.2,103.7,56.5,37.0,36.0,21.0,23.8,14.6,15.0,58.5,25.9,83.5,44.0,41.2,21.4,55.8,40.3,112.28727272727274
75.3,158.7,37.7,104.4,99.2,105.9,99.6,63.9,44.0,38.8,20.1,26.4,14.6,13.3,49.9,21.1,72.2,44.4,35.4,28.5,55.8,34.8,142.33079584775086
66.2,163.2,35.7,91.7,81.6,95.5,102.5,60.9,40.6,37.5,20.4,27.1,14.7,14.0,53.7,24.1,77.0,43.5,37.7,23.9,57.1,37.4,131.04888059701494
68.3,152.7,34.7,105.7,96.5,102.7,100.6,62.1,38.8,37.3,22.4,26.7,14.6,12.5,50.0,22.5,69.8,44.6,34.4,29.0,54.6,34.0,145.38661710037175
75.8,166.0,40.2,103.4,97.5,102.1,105.1,64.8,42.6,39.5,23.7,27.7,16.9,13.8,51.3,23.7,77.3,47.1,40.1,27.3,57.2,36.8,132.16267605633803
61.3,163.2,35.1,86.4,73.4,98.0,102.6,60.7,41.1,36.3,20.8,24.7,15.2,15.0,56.0,25.2,79.5,43.1,40.6,22.4,55.4,38.4,134.47470817120623
73.0,174.2,36.2,94.2,82.0,103.4,107.2,62.2,40.4,39.2,23.6,26.2,16.3,14.8,56.8,25.4,82.8,48.6,42.6,24.8,55.4,38.3,121.44250871080139
70.0,170.9,35.7,88.5,84.8,103.1,98.7,65.5,41.6,42.4,23.2,27.4,15.9,13.9,54.8,23.8,81.0,45.5,38.7,22.9,56.5,35.0,119.77443609022555
75.1,161.9,38.7,104.8,92.5,103.3,105.3,64.0,39.9,37.7,20.8,27.8,15.4,13.0,52.2,22.9,74.0,43.1,38.0,27.4,55.1,36.7,138.6957095709571
73.8,167.5,36.9,99.6,92.7,100.9,105.7,60.5,40.4,38.5,22.2,27.7,16.4,13.7,55.1,24.2,79.2,46.6,39.4,27.8,54.4,38.2,141.5179856115108
64.2,163.4,35.9,98.8,83.7,100.4,95.1,62.1,40.0,38.2,21.7,25.7,15.1,12.5,53.1,23.2,77.8,43.5,38.2,25.6,57.0,33.4,134.59169811320754
59.5,167.9,36.4,89.2,80.2,98.0,100.7,57.9,36.3,35.3,22.4,24.0,15.0,13.5,55.1,24.3,80.8,42.8,40.7,23.0,55.6,37.6,122.4058394160584
56.9,161.4,34.7,84.8,84.6,94.5,97.9,56.2,37.1,35.5,21.9,24.0,14.7,13.7,54.0,23.8,76.4,44.4,37.7,20.5,53.0,36.6,122.5625
59.6,168.4,34.2,86.1,77.8,98.3,101.1,58.0,36.8,34.3,20.3,25.8,15.4,14.7,57.6,24.8,82.7,44.4,37.7,22.1,54.4,37.3,125.86506024096386
63.1,159.7,36.4,93.7,85.3,96.8,103.5,60.6,39.3,34.9,20.2,27.7,15.0,13.5,51.3,24.0,77.9,45.5,39.0,24.9,56.6,37.5,115.35037878787878
58.9,161.0,35.1,85.5,73.0,95.7,98.4,58.0,36.9,39.3,21.0,23.9,14.2,13.5,50.0,22.7,77.7,40.2,36.8,24.5,53.8,35.1,124.1701244813278
74.6,168.8,37.1,94.3,88.6,110.0,109.1,67.1,42.0,37.7,23.9,26.3,15.3,15.3,57.0,25.2,84.9,44.5,41.6,25.5,60.2,40.1,135.4308510638298
86.4,172.5,39.0,99.7,92.9,115.7,109.5,72.5,44.0,38.6,21.7,27.9,15.6,15.6,59.5,26.7,86.5,45.3,41.9,24.7,58.0,38.9,135.95454545454544
60.8,160.9,38.2,93.6,90.0,94.6,101.0,57.5,36.7,33.8,20.6,24.3,14.6,14.0,53.5,23.3,79.5,44.3,36.5,25.3,55.1,38.7,142.71330798479087
50.4,158.5,35.0,81.0,75.9,90.6,89.9,50.9,36.7,34.3,21.7,22.5,14.9,14.1,50.7,23.1,74.8,43.2,35.6,21.5,55.0,35.5,112.5
54.9,156.2,32.7,88.7,81.6,95.6,93.6,55.5,37.3,35.7,20.8,23.5,14.7,12.8,50.7,23.0,76.1,40.8,36.9,23.6,54.6,34.8,118.73228346456695
53.0,154.7,34.6,89.7,77.0,91.6,94.1,51.6,35.8,33.2,19.7,24.3,14.3,12.7,49.3,21.3,70.5,42.6,33.9,22.5,56.7,34.4,119.71634241245135
69.2,161.1,37.0,96.1,89.5,103.6,103.8,64.2,41.6,38.1,22.1,26.7,15.4,12.7,52.0,22.8,75.8,43.5,38.0,24.8,54.4,36.6,134.68560606060606
71.3,174.0,36.5,100.4,88.0,99.1,105.7,58.2,38.2,38.0,21.2,25.8,15.1,15.7,56.5,24.7,87.0,43.7,42.6,25.4,56.8,39.4,136.53010380622837
70.5,155.5,37.5,97.2,90.4,107.9,102.0,66.0,41.4,40.3,22.7,26.5,15.5,13.1,46.6,21.0,71.8,40.7,35.7,25.8,55.0,35.5,135.78320610687024
69.9,165.0,34.2,97.1,93.8,102.3,101.2,60.1,39.0,35.6,23.0,26.9,15.2,13.7,54.4,24.5,81.3,46.6,40.5,26.4,56.4,37.0,131.0136029411765
65.9,158.3,38.1,91.3,90.6,103.0,102.9,61.6,39.8,38.3,21.2,25.4,15.1,12.8,50.0,22.7,70.8,44.1,33.3,23.8,56.5,37.5,122.30111940298507
63.2,164.7,36.9,85.8,75.0,100.5,99.9,59.3,42.3,37.2,22.2,26.9,15.6,12.9,53.4,23.2,77.2,40.8,36.4,23.4,53.4,35.9,115.79512195121951
69.6,153.2,36.0,94.6,84.5,106.1,103.5,66.9,45.3,38.7,22.3,28.6,15.0,13.7,53.5,24.7,76.9,41.2,37.4,25.7,60.0,35.2,133.14074074074074
59.3,161.9,36.2,92.0,81.1,97.2,99.0,55.6,38.4,33.4,21.3,25.5,14.8,12.0,56.8,25.5,79.7,42.3,37.8,24.4,55.6,36.1,122.1875
69.5,170.4,36.7,90.2,88.8,100.8,103.2,60.4,40.4,39.8,22.9,28.0,15.2,13.7,53.0,23.4,80.9,43.3,39.4,24.4,57.5,36.9,128.85714285714286
79.7,168.9,35.2,97.0,77.4,105.6,106.1,67.1,48.8,45.4,26.4,29.2,16.2,14.0,55.1,25.3,83.4,41.1,40.5,26.5,56.4,36.0,137.5095785440613
61.9,165.7,38.3,91.1,84.6,100.4,100.0,60.3,38.7,34.8,24.8,24.5,15.6,13.4,55.5,25.0,80.2,45.5,38.3,25.4,55.6,38.0,118.76740740740743
67.7,164.7,35.7,92.6,86.1,100.5,100.9,62.5,43.1,36.7,21.3,26.4,15.1,14.4,57.7,25.4,84.0,38.4,41.0,25.1,60.5,36.0,133.15736434108527
54.4,167.0,33.0,89.2,72.4,87.9,97.7,54.1,34.0,32.3,21.3,23.3,15.0,14.7,59.5,26.7,84.2,43.3,41.5,22.5,56.0,37.5,127.1796875
64.6,149.6,37.4,97.1,92.8,100.2,103.0,64.2,39.3,36.2,22.7,26.4,14.5,11.2,52.0,23.0,75.0,42.0,34.5,25.8,57.7,33.2,142.4877394636015
88.2,171.7,38.8,111.7,102.6,110.1,112.0,65.1,39.9,36.0,21.8,29.3,16.6,16.0,60.6,28.1,82.4,45.3,41.8,30.8,55.0,41.2,144.18790849673204
63.4,153.1,36.6,94.3,91.5,104.3,100.1,62.6,40.1,35.5,20.8,24.6,14.5,12.7,50.6,21.8,71.9,41.8,36.8,24.8,55.6,35.4,140.05296296296297
76.5,166.6,36.5,98.1,98.7,109.2,103.5,65.0,41.7,38.7,21.0,27.8,15.3,14.2,56.3,25.2,83.1,45.3,41.1,26.5,56.6,37.4,130.56474820143885
65.4,157.4,35.3,89.2,91.5,104.5,102.7,65.4,40.7,36.4,21.2,25.0,14.4,13.7,51.0,23.1,74.3,45.6,36.1,22.7,55.5,36.4,132.34036363636363
83.7,166.3,38.4,100.0,88.8,110.5,107.5,66.9,47.4,42.0,24.7,30.0,16.8,15.3,56.6,24.6,80.3,47.4,36.1,27.7,63.5,39.7,142.64150943396226
65.2,161.7,36.7,97.5,86.3,98.2,100.5,61.9,38.3,35.1,21.6,26.0,16.0,14.0,55.5,25.1,78.0,39.9,39.6,26.7,55.4,38.2,129.88138686131387
62.4,158.5,35.9,100.5,85.7,96.6,101.5,61.5,37.8,33.6,19.6,24.1,14.5,13.5,55.5,24.2,77.6,43.0,35.9,26.7,57.5,36.5,149.59923664122135
99.4,164.7,41.1,119.5,103.7,121.7,112.0,78.0,50.3,44.4,24.4,30.5,16.6,12.0,56.5,24.4,81.2,44.9,39.6,32.3,58.4,36.4,155.5621301775148
74.8,164.3,37.8,101.6,95.0,107.5,110.0,66.3,39.3,36.8,21.0,26.0,15.6,14.1,55.5,24.4,80.4,42.4,37.9,27.0,61.4,39.5,138.2190812720848
64.9,167.7,37.5,90.1,87.7,99.9,106.3,59.6,38.8,35.6,20.2,25.6,15.6,15.2,57.5,26.9,83.5,44.2,40.5,23.8,60.0,39.5,126.48653846153846
54.2,167.0,35.0,88.9,66.5,91.9,99.0,51.4,35.9,32.8,20.3,23.5,15.3,14.2,57.9,25.5,82.6,41.5,39.7,22.2,53.5,36.8,126.22442748091603
81.4,165.1,38.6,98.3,88.5,116.5,107.9,71.9,43.5,42.3,24.2,27.9,16.5,14.0,54.1,25.3,76.0,42.5,37.0,27.5,53.4,37.7,134.7901515151515
56.3,152.5,35.0,88.3,81.2,96.9,97.8,57.5,38.4,34.5,21.8,25.2,15.3,12.0,49.0,21.4,70.0,41.9,35.1,23.0,53.7,34.4,130.87944664031622
96.7,171.5,40.0,115.2,109.6,119.7,116.0,75.7,44.8,41.7,24.7,28.9,16.5,14.5,57.8,26.0,78.7,47.0,36.6,32.4,57.1,40.4,173.77627118644068
83.7,160.2,39.6,114.8,100.6,103.5,110.5,68.0,46.8,40.2,23.1,30.9,17.2,13.5,53.0,24.0,75.3,45.5,33.9,31.3,56.4,36.8,157.05537459283386
50.2,157.0,35.2,85.5,68.5,87.3,96.4,52.0,36.3,35.6,21.2,24.5,14.4,12.9,50.5,23.1,76.2,40.3,34.0,22.5,56.5,35.3,124.05882352941175
65.7,166.2,37.5,90.1,94.4,100.1,106.0,60.5,38.1,35.5,20.7,25.7,15.8,13.6,56.5,25.1,80.8,44.6,40.0,21.8,58.2,38.4,127.727969348659
70.7,156.1,35.7,98.3,97.3,106.3,99.3,66.6,41.7,39.1,22.6,26.6,15.3,12.8,52.7,23.4,73.6,44.4,36.9,26.7,56.3,33.6,137.6922794117647
66.9,154.3,35.3,96.8,97.5,108.0,96.8,63.1,41.1,37.7,23.4,27.5,15.8,12.4,51.5,22.3,74.2,42.2,37.5,25.6,56.0,32.1,120.81526717557252
59.7,156.2,35.2,92.3,85.3,98.1,101.7,58.5,37.3,36.6,21.1,25.8,14.6,12.9,53.9,24.4,76.6,39.8,36.8,23.7,56.2,35.3,122.49479553903345
72.0,162.7,36.6,89.7,88.5,107.2,102.4,64.7,43.4,41.2,27.5,29.2,16.4,13.1,53.4,25.0,76.0,43.6,38.6,23.9,55.0,36.8,119.70640569395019
75.0,167.8,38.0,94.0,81.6,105.7,110.5,64.2,43.8,40.0,23.4,29.0,16.8,15.6,53.5,23.8,78.3,43.0,37.8,25.2,57.2,40.3,142.0
67.3,160.8,33.5,99.0,98.2,107.6,103.4,64.5,38.4,35.4,22.0,24.6,15.1,12.4,53.5,23.7,78.7,41.9,41.1,26.3,53.4,36.3,129.3554006968641
78.4,167.2,38.2,90.6,85.6,113.2,98.0,70.8,48.1,43.3,24.7,27.4,16.6,13.0,55.4,25.0,82.6,44.0,38.0,22.9,55.7,35.2,112.82899628252787
51.6,166.1,35.6,76.9,71.0,89.8,95.6,50.6,35.5,34.2,19.8,24.3,15.5,13.5,54.1,23.8,78.1,41.3,35.5,18.8,55.8,36.8,93.13784860557769
63.0,157.4,37.2,101.0,89.0,101.1,103.9,58.3,38.8,35.4,20.4,25.5,15.2,14.1,53.5,23.7,73.7,39.4,39.5,24.2,56.0,37.7,137.66438356164383
79.3,167.0,37.0,104.6,99.0,106.2,107.5,65.3,41.2,37.2,21.7,27.9,16.2,14.0,58.2,27.8,80.8,45.0,38.3,28.7,54.7,38.0,153.26007326007326
56.4,158.5,36.2,89.5,79.3,100.1,101.0,57.0,36.9,32.3,21.1,25.6,14.5,13.9,50.5,22.6,71.4,44.3,34.8,23.3,54.3,37.2,131.26666666666665
68.7,157.4,38.5,99.7,96.2,104.9,97.5,63.4,40.3,36.5,21.7,26.6,15.8,11.0,51.0,22.8,69.8,40.5,33.5,24.3,55.6,33.6,120.3860544217687
59.0,161.7,35.9,84.6,72.7,96.9,98.9,59.5,36.9,36.3,20.7,24.8,14.7,12.9,55.5,25.0,80.3,38.0,38.9,21.2,60.7,35.1,106.58267716535434
60.3,159.2,38.2,90.4,77.0,99.4,104.0,58.7,40.1,36.3,20.2,25.5,15.5,14.0,54.0,25.5,78.8,41.7,36.3,23.7,60.0,38.9,136.8605577689243
69.9,170.5,39.2,99.1,93.0,102.0,103.0,59.8,38.3,35.9,21.9,25.1,15.5,13.6,56.0,24.8,80.3,43.2,39.0,26.0,57.3,37.0,129.7568345323741
57.3,162.0,34.9,87.8,84.9,94.7,96.8,55.7,34.7,33.7,19.7,23.1,14.3,12.5,52.8,23.7,79.6,42.8,35.8,23.5,54.9,33.7,115.67301587301588
65.4,157.9,36.0,95.7,88.2,100.3,99.8,64.7,39.6,37.2,19.2,24.6,14.3,12.0,53.0,24.6,79.0,40.1,36.5,25.1,60.0,35.5,139.86923076923077
60.3,166.1,34.5,87.6,74.9,95.8,96.7,57.9,39.0,34.6,21.9,25.6,15.7,13.0,53.5,23.3,81.2,38.5,37.7,23.0,53.1,35.7,117.73440000000001
77.1,159.5,40.5,95.5,93.5,107.4,109.1,66.8,47.0,40.2,23.4,28.9,16.0,13.9,52.5,23.6,77.8,42.5,36.7,23.9,57.0,39.0,128.7457337883959
76.7,164.6,38.7,106.2,90.3,103.8,108.5,67.0,40.6,38.8,21.5,27.8,16.2,13.5,52.5,24.1,76.2,44.8,35.1,29.2,54.4,37.8,137.02027972027972
66.7,152.2,36.4,93.2,89.0,103.8,101.4,67.4,42.3,36.5,19.6,25.8,14.9,12.0,51.5,23.3,72.5,43.2,35.3,23.6,55.4,35.6,113.02978723404256
78.3,176.0,37.4,92.8,90.0,107.9,107.8,63.5,41.3,39.2,22.5,28.3,16.5,14.5,58.5,25.9,87.5,46.4,41.3,23.5,57.9,39.4,133.632
51.8,150.5,33.3,85.0,75.2,89.7,97.0,55.3,37.0,36.3,20.1,23.7,14.2,13.5,47.5,21.0,72.1,37.7,32.5,21.8,54.0,34.9,113.33333333333333
66.3,170.8,36.2,83.8,80.3,99.4,97.7,60.3,42.2,39.5,23.1,26.5,16.1,13.0,58.0,25.9,86.1,44.0,39.1,21.9,53.7,36.2,114.88709677419354
65.5,165.9,39.3,93.8,86.1,96.3,110.3,58.9,36.8,35.0,19.3,28.2,15.0,14.5,61.0,27.2,83.9,42.1,38.7,23.7,59.8,40.2,117.65853658536585
69.0,161.3,38.8,100.4,90.6,99.2,106.4,60.5,36.7,35.9,20.7,28.0,16.2,13.5,54.5,24.2,79.7,43.7,38.0,28.1,56.2,36.3,150.95857142857142
68.0,166.6,36.0,90.5,87.0,98.8,104.0,61.4,39.0,34.7,21.6,26.5,15.1,14.2,58.1,26.0,81.6,41.7,39.9,24.3,58.5,37.6,118.63295880149812
60.9,156.5,35.1,91.8,86.0,101.4,100.0,62.8,38.4,34.8,20.8,24.6,14.6,14.2,53.0,23.6,76.7,38.6,36.6,23.5,55.3,34.2,116.67709923664123
64.6,157.8,34.3,85.9,78.5,103.7,98.8,64.5,42.0,37.8,21.5,25.8,15.3,12.0,53.1,24.2,79.5,41.2,39.5,21.9,59.7,35.4,118.03053435114505
54.0,148.0,33.3,88.0,77.0,93.0,96.0,58.3,35.8,36.8,21.9,24.7,14.9,12.5,51.4,23.3,73.3,38.2,35.9,22.2,51.1,34.5,130.16666666666669
53.0,163.6,35.2,82.9,75.6,93.3,95.9,54.3,36.3,34.3,20.9,23.7,14.8,14.5,55.0,24.6,79.9,40.3,37.7,20.7,54.3,37.5,110.20436507936509
78.9,160.8,38.7,94.5,90.1,106.3,111.9,67.9,44.6,41.6,25.5,27.6,15.6,15.0,54.5,25.5,80.3,41.2,35.4,25.0,57.1,40.7,132.9406779661017
43.1,155.2,33.2,82.5,65.8,80.1,94.3,44.8,32.0,32.6,18.2,22.8,13.9,13.8,53.5,23.7,78.7,37.3,37.5,22.0,52.2,35.1,110.22540983606557
74.6,155.9,37.7,98.5,87.3,108.9,108.0,67.7,44.2,41.3,23.2,30.3,17.6,13.9,51.8,24.1,75.1,35.7,36.1,26.0,57.6,37.4,146.32246376811594
71.2,159.5,35.5,99.8,103.3,109.0,96.5,66.7,41.7,38.0,23.0,26.3,15.2,12.9,52.6,24.0,76.7,48.2,36.7,26.0,55.4,35.2,129.70397111913357
72.7,167.4,38.8,101.6,86.3,105.2,110.8,63.7,38.3,36.0,22.0,27.9,15.9,13.9,56.8,24.9,79.9,41.2,36.5,27.3,55.6,39.1,142.57866666666666
61.3,166.1,37.6,84.5,76.1,97.4,101.7,56.7,38.4,37.2,23.0,26.6,16.0,13.2,54.2,23.4,80.2,40.4,38.9,20.4,56.4,37.6,115.375
57.4,155.0,35.8,87.8,79.2,91.7,99.3,56.5,37.2,31.7,19.6,27.0,15.7,13.1,56.9,25.8,80.0,39.9,35.7,23.9,54.6,36.1,124.1434426229508
65.5,159.7,37.0,90.2,83.2,101.3,102.8,63.0,40.7,38.7,22.1,25.6,14.2,12.6,51.6,24.2,76.8,41.2,36.3,23.9,57.0,35.2,127.25891472868219
57.7,154.3,34.6,88.4,75.3,94.6,102.2,57.4,38.9,36.8,21.8,26.4,15.7,14.4,52.6,23.5,72.9,37.4,36.8,23.4,54.8,37.1,119.49723320158103
58.5,163.6,34.9,83.7,76.0,93.0,102.7,59.8,37.3,35.4,20.8,25.3,15.5,14.0,56.0,26.1,82.3,41.5,37.6,22.8,56.7,37.6,128.50207468879668
62.7,156.3,37.3,92.3,91.3,101.2,98.2,60.4,38.7,36.3,22.5,28.6,15.4,11.5,49.5,22.2,72.2,44.0,35.8,24.0,53.5,31.6,134.76501901140685
53.5,150.6,37.5,90.5,77.9,93.4,103.6,55.6,34.2,34.1,19.4,25.5,14.5,14.7,50.2,22.3,71.8,39.6,32.5,23.5,55.4,37.6,132.66477272727272
65.2,168.9,36.2,85.1,80.3,96.9,104.5,57.1,40.4,38.1,23.3,27.7,15.8,14.0,54.4,24.6,83.2,42.8,40.6,21.8,56.6,37.8,107.46204379562043
70.2,160.0,35.0,99.2,87.8,104.7,104.0,64.4,39.9,38.7,22.6,26.4,16.0,13.7,51.7,23.7,75.6,40.8,34.8,24.2,55.7,37.0,129.32013201320132
93.1,182.7,39.5,102.1,108.0,113.6,113.1,71.6,45.2,42.2,23.0,30.3,16.6,13.2,61.5,26.4,91.8,51.3,44.3,26.7,56.6,38.0,148.9655737704918
53.2,159.4,35.7,82.4,74.2,93.7,99.0,57.4,35.4,33.0,17.7,24.0,14.1,12.9,54.5,24.7,82.9,40.3,39.3,21.5,55.7,35.0,111.25738396624472
73.5,176.8,38.2,97.4,81.7,101.4,115.6,62.4,40.5,37.3,21.2,27.6,16.3,16.1,57.3,27.6,89.8,41.2,40.1,24.9,55.7,42.2,139.05131578947368
55.7,165.8,36.3,78.3,75.9,89.7,96.0,53.0,39.1,38.6,22.0,24.5,14.7,13.6,53.7,23.2,81.8,42.7,40.1,19.2,53.3,36.0,99.24069767441861
65.5,162.9,36.9,94.5,86.5,98.1,100.8,58.2,38.7,36.7,23.3,26.2,15.0,12.9,53.0,23.2,76.9,43.5,38.5,24.6,55.0,36.5,123.79151291512915
69.1,167.2,35.7,97.5,85.5,102.7,101.7,63.3,41.8,39.2,22.7,26.1,15.3,13.8,55.2,24.0,80.6,42.5,41.0,22.8,57.0,36.2,120.88682432432434
96.5,178.3,42.3,101.3,96.7,113.4,113.6,70.7,47.2,43.7,24.3,29.6,17.4,14.7,63.2,28.7,91.0,45.3,44.0,27.1,58.0,39.1,140.28956834532374
70.2,157.1,37.2,97.0,99.2,101.1,107.5,61.7,39.4,37.5,22.2,26.6,15.6,13.2,50.0,23.8,76.5,45.4,35.0,25.8,57.4,35.9,123.20701754385964
52.3,152.5,33.0,83.8,73.6,87.5,99.3,54.2,37.7,35.4,21.3,24.9,14.9,14.7,48.9,23.3,75.3,35.6,34.1,21.2,54.3,36.4,99.28112449799197
66.0,159.5,36.9,92.3,87.6,99.9,103.3,60.2,40.5,35.6,23.1,27.7,15.5,13.9,55.7,24.1,81.2,44.0,38.1,24.8,59.7,36.8,132.4304347826087
81.4,170.8,38.9,100.9,94.7,108.2,110.2,67.0,45.3,43.6,25.7,28.4,16.5,13.6,56.5,24.9,85.5,45.7,41.7,27.5,56.4,37.6,142.42563176895308
95.2,181.8,40.0,102.9,100.0,114.5,114.8,71.0,46.1,45.2,26.0,29.7,17.4,15.9,60.7,25.9,89.1,47.2,40.4,28.4,59.5,41.1,137.90721649484536
65.8,168.8,37.5,83.2,80.2,95.6,103.9,57.2,39.7,36.9,22.9,27.3,15.8,14.8,58.5,26.6,84.4,44.8,43.0,21.0,60.9,36.8,104.8062015503876
50.3,156.8,35.3,78.2,69.5,93.6,92.9,57.2,35.3,32.7,20.0,24.6,14.5,13.9,50.5,23.2,76.0,39.9,34.8,19.9,53.0,33.7,116.09427312775331
54.7,155.5,33.8,88.5,80.7,94.3,97.5,58.2,37.9,35.1,21.2,24.3,15.0,12.2,51.6,23.0,74.4,39.1,37.2,23.4,54.0,34.8,102.8215767634855
68.8,164.5,37.2,98.8,91.8,103.4,105.8,63.3,41.5,36.9,22.5,25.2,15.3,13.5,54.6,24.0,76.3,47.0,37.9,26.3,54.7,39.4,140.99217081850534
60.4,163.1,35.0,83.3,75.0,95.8,96.8,55.6,39.7,39.0,22.5,25.1,15.5,14.0,56.4,25.4,83.8,40.0,40.0,22.8,50.8,35.6,120.75
66.9,156.3,35.7,91.9,88.1,100.5,100.1,63.1,42.2,39.4,22.7,28.5,14.9,12.7,48.5,21.9,74.3,45.7,35.8,26.3,54.9,34.1,131.28571428571428
59.9,156.6,34.4,92.6,80.6,100.0,98.2,61.0,36.7,36.9,21.8,25.1,15.4,12.7,54.2,24.0,76.4,38.6,37.7,23.4,55.7,34.4,119.05714285714286
61.6,158.5,34.6,87.0,87.5,101.4,100.2,62.3,38.1,35.4,19.3,25.0,14.5,12.2,57.8,25.7,81.3,38.2,36.5,22.5,57.5,34.8,132.2827868852459
54.8,151.8,37.5,87.2,79.8,95.2,94.2,57.5,37.4,34.8,20.3,24.2,14.3,10.7,49.6,22.9,73.2,37.4,33.6,23.3,54.7,33.0,116.97560975609755
60.4,159.0,35.4,83.8,71.6,93.8,100.4,58.5,40.1,37.0,21.1,26.6,15.9,13.4,55.2,25.2,80.5,36.7,38.6,21.6,56.6,35.7,117.31999999999998
51.9,146.2,36.8,84.5,82.9,92.0,94.9,56.7,37.5,35.0,20.7,25.5,14.6,11.8,47.1,21.1,69.5,41.7,33.8,21.9,52.4,32.2,123.55179282868525
64.0,159.9,37.1,93.0,94.3,100.7,103.7,59.6,37.4,33.3,19.3,26.0,15.4,13.7,53.0,22.8,74.2,45.4,35.6,24.9,55.8,36.1,127.70149253731343
66.9,166.5,36.7,84.5,83.4,105.8,97.6,62.5,44.3,36.9,21.8,27.3,15.7,12.5,52.5,23.1,82.0,41.1,39.4,21.6,54.3,34.2,127.73255813953487
79.1,171.2,38.9,100.7,95.8,106.3,110.6,64.9,41.4,38.3,21.4,26.0,15.3,14.4,59.0,26.5,82.8,47.4,37.4,28.3,56.2,39.1,135.21554770318022
59.8,163.4,36.8,90.8,79.6,95.8,102.3,59.2,38.9,34.3,20.5,24.6,14.6,14.1,52.9,23.3,82.8,41.5,38.5,23.2,55.4,36.4,128.00751879699249
73.6,162.8,39.5,97.5,86.5,103.0,109.1,62.2,39.9,39.4,22.7,27.3,16.2,13.5,53.9,24.9,79.8,40.9,37.9,25.4,60.5,38.3,146.42857142857142
82.5,162.5,36.4,108.0,105.2,107.7,112.5,67.7,43.4,39.2,21.6,28.4,16.1,12.7,55.5,25.9,81.1,45.7,38.0,29.0,56.4,36.5,154.61052631578949
75.6,171.8,39.0,99.6,88.1,108.3,112.3,62.5,44.2,37.4,20.5,26.0,15.9,15.3,55.5,25.0,80.9,43.2,37.9,26.5,57.8,41.8,145.56923076923076
59.5,160.4,34.5,77.3,76.7,94.6,94.5,59.5,42.1,40.8,22.5,25.6,14.9,14.7,53.5,24.4,78.3,41.9,33.5,18.7,54.4,36.5,105.7094017094017
86.3,174.8,36.2,99.6,97.8,117.1,104.1,71.6,45.3,42.1,23.2,27.3,16.0,13.5,57.0,25.2,84.1,44.5,40.3,26.0,60.1,37.2,134.44240282685513
68.6,165.0,37.5,93.5,93.6,98.3,106.7,57.5,39.2,39.1,21.3,26.6,16.1,15.3,54.9,24.5,79.0,44.5,38.8,25.6,56.0,39.9,137.328125
76.3,167.9,39.2,96.5,97.0,106.3,110.8,65.7,42.7,40.6,25.2,27.0,16.4,14.1,53.8,22.4,78.7,48.9,37.5,26.1,56.0,39.3,145.85496183206106
72.5,163.5,35.1,99.5,90.4,105.2,104.4,64.5,41.1,37.6,23.0,27.7,16.0,13.1,54.5,23.6,80.2,40.9,40.5,25.3,55.4,36.8,121.76573426573427
63.9,167.3,37.0,86.2,78.3,97.9,105.0,58.0,38.8,36.4,21.7,26.9,15.8,14.7,58.0,26.9,82.3,43.0,38.0,23.1,56.4,38.7,117.8515625
55.9,164.3,34.4,85.6,77.2,92.7,98.0,55.5,37.5,34.0,21.3,23.0,14.6,13.6,54.0,24.5,80.2,41.5,39.4,21.4,55.7,37.4,117.7
76.4,169.1,37.5,96.4,96.0,104.4,104.6,68.2,43.0,37.8,20.7,26.2,14.9,14.0,56.5,25.6,83.9,45.0,38.9,25.6,55.8,36.5,136.38814814814813
69.9,167.2,38.9,96.9,87.1,100.1,104.7,60.5,41.3,38.9,22.8,28.4,15.5,13.6,56.0,25.0,82.8,41.3,40.0,25.5,57.8,37.9,135.08364312267656
63.0,163.8,36.1,83.9,82.5,101.0,103.4,61.2,40.2,36.6,22.0,25.6,15.2,13.5,53.0,24.7,79.2,44.9,38.9,21.5,54.8,38.0,117.39738805970148
60.6,167.6,37.5,80.3,73.4,95.4,102.1,57.8,38.4,35.9,21.2,27.8,15.4,12.9,55.5,24.5,81.8,43.7,37.2,19.8,56.0,36.6,113.42375000000001
68.0,165.5,37.3,91.8,85.2,101.7,103.0,63.1,41.2,39.6,22.7,27.5,15.9,13.5,54.9,24.0,81.1,42.5,38.4,23.9,55.9,37.7,124.38549618320613
65.4,167.5,36.5,91.4,81.3,102.9,98.2,60.7,39.2,37.2,21.5,23.9,15.1,12.5,54.7,23.9,79.8,44.5,36.5,24.3,58.2,34.9,122.7969465648855
53.8,150.8,34.2,82.0,76.5,96.0,97.4,56.3,37.5,35.7,19.7,24.9,14.6,13.0,50.0,24.2,72.9,38.5,35.1,21.7,54.9,34.8,115.26104417670683
73.1,167.9,37.0,100.6,95.5,105.8,103.1,61.6,38.8,36.4,21.1,25.6,15.7,12.4,56.2,24.3,77.8,46.0,38.5,26.4,54.2,33.8,129.29225352112675
76.6,169.2,37.0,97.0,88.2,109.9,109.9,65.9,41.4,39.3,21.7,27.2,15.0,15.7,56.4,25.3,80.6,44.4,38.8,24.6,56.0,40.8,127.57966101694915
57.7,163.1,34.0,88.2,80.0,93.5,94.8,55.2,39.4,35.7,22.5,24.7,15.5,13.0,52.5,23.5,78.3,45.0,38.2,22.9,56.7,33.3,111.46535433070866
59.8,153.3,36.2,90.9,82.7,98.4,98.1,59.6,38.8,36.3,20.6,26.4,15.1,12.5,49.6,22.7,72.3,40.4,32.3,24.2,55.8,34.9,118.02906976744187
68.6,156.3,35.0,99.6,88.7,106.4,103.0,64.1,39.4,38.8,21.4,26.4,15.4,13.0,50.0,22.0,76.3,40.7,37.6,25.7,55.5,35.9,144.74244604316547
70.8,165.5,36.5,90.8,83.0,104.9,108.0,64.0,42.7,38.4,22.5,27.6,16.1,12.7,56.6,24.9,77.5,39.2,37.5,23.6,56.6,37.5,118.40586080586081
48.8,149.6,34.5,78.6,69.7,88.0,90.8,52.4,33.0,34.7,20.1,22.1,14.0,13.2,45.5,20.5,66.5,39.7,33.3,19.8,54.8,33.2,106.12658227848101
76.6,177.7,37.4,93.5,85.7,105.2,106.7,64.4,42.3,38.8,23.2,28.4,16.5,13.2,58.0,26.0,87.5,44.8,40.3,23.8,54.9,38.8,117.7671755725191
58.3,154.6,37.3,89.7,78.8,94.8,102.3,60.5,37.1,35.1,19.9,26.3,14.5,14.0,52.1,24.0,75.0,41.2,34.7,24.1,58.4,35.2,127.35185185185188
68.5,168.5,37.2,90.6,93.6,103.9,101.1,60.6,41.2,37.5,22.7,26.1,15.7,14.0,57.0,24.7,82.5,42.0,40.5,24.0,55.5,36.6,121.24907063197027
58.5,160.8,36.3,85.0,76.8,97.5,100.5,56.6,39.1,36.6,20.0,26.0,15.1,13.8,53.7,24.1,76.3,40.3,36.9,20.9,56.0,37.4,111.71428571428571
71.9,163.2,37.7,92.9,83.3,104.4,108.5,65.3,42.5,39.9,22.5,28.8,16.2,14.6,56.2,25.6,81.5,44.6,36.7,25.0,56.7,37.8,129.2218045112782
64.9,169.0,38.4,89.2,80.2,99.3,107.8,60.0,39.5,36.0,21.1,26.8,15.6,14.9,57.0,25.3,85.4,41.5,39.4,20.9,57.5,39.3,131.34945054945055
58.3,165.5,36.1,79.8,74.2,92.6,101.1,55.7,37.2,37.0,22.3,26.7,15.5,13.7,55.6,23.7,81.7,40.1,36.4,19.2,55.4,37.2,114.35905511811022
64.8,157.4,34.2,93.3,85.0,102.7,99.5,60.4,40.5,39.8,20.5,26.0,15.5,13.7,54.0,23.9,77.0,38.8,39.0,25.0,54.1,36.4,133.54705882352943
56.4,165.9,35.5,84.1,75.8,92.3,100.1,53.8,38.5,37.1,22.7,26.3,15.3,13.4,54.8,24.6,80.9,41.3,37.2,20.2,55.5,35.2,120.40885608856088
47.8,154.1,34.6,81.2,70.6,87.0,96.2,51.3,34.3,33.4,19.0,23.5,14.5,13.2,49.0,21.5,70.8,39.8,33.1,19.8,56.0,35.1,108.04297520661157
59.1,167.5,35.5,84.3,77.5,95.1,102.2,57.5,37.0,34.9,19.8,25.7,15.7,14.0,58.3,26.5,85.3,39.5,38.3,21.0,56.5,39.1,133.475
66.5,165.2,37.0,93.6,91.2,103.8,105.1,60.1,40.8,37.2,21.1,24.4,14.7,13.7,54.5,24.1,77.9,46.7,39.5,23.9,56.3,38.3,134.89411764705883
64.9,159.3,37.0,94.5,88.6,104.2,102.1,62.0,39.5,36.8,20.7,25.8,14.9,13.4,53.9,23.5,76.3,41.6,37.3,24.7,54.4,35.9,127.48909090909092
51.2,156.5,34.9,78.4,75.5,90.5,94.0,53.9,35.4,35.2,21.1,23.8,14.7,12.0,50.5,22.2,73.5,40.2,34.3,18.3,55.3,35.3,99.52
49.6,153.0,34.6,80.4,76.5,87.2,91.5,52.2,35.5,34.3,19.8,22.7,14.2,12.7,49.5,22.5,71.6,42.0,35.1,20.0,53.4,34.6,105.24463519313306
74.4,160.0,38.0,93.2,89.7,102.6,108.3,66.3,45.5,39.5,22.2,27.3,15.4,14.1,52.4,24.0,76.4,38.6,35.5,26.7,56.5,39.0,156.16335877862596
68.0,161.5,37.2,92.7,86.8,98.4,102.0,59.4,40.7,38.0,23.4,26.2,16.4,13.5,53.5,26.1,79.8,43.9,38.2,24.2,59.5,36.7,126.88973384030416
50.6,155.7,35.3,78.3,79.0,90.0,98.5,52.8,35.6,33.5,19.0,24.5,14.6,13.5,53.1,24.6,77.5,41.0,38.2,19.2,56.5,35.2,112.3983870967742
59.1,167.9,37.5,84.6,78.5,93.8,100.8,54.1,36.0,34.0,21.3,24.3,15.0,13.3,56.6,24.6,80.2,43.4,37.3,20.9,56.8,36.5,110.8325581395349
71.2,166.2,38.4,90.9,86.4,104.5,103.0,63.3,43.2,38.8,22.7,27.2,16.1,13.4,54.9,24.9,80.2,45.0,38.2,23.8,55.9,36.8,122.86483516483517
84.4,169.6,39.2,112.1,96.7,112.1,110.5,66.5,40.5,37.8,21.2,28.0,16.6,13.9,55.5,23.5,81.1,43.4,40.7,32.2,56.9,37.1,157.33333333333331
54.7,165.7,34.9,89.2,76.0,93.9,98.8,54.8,34.0,33.9,19.0,23.2,15.1,14.9,59.0,27.8,83.5,40.6,40.4,22.5,56.1,38.4,116.56818181818183
48.7,149.5,34.4,81.4,72.6,90.3,96.5,55.4,37.7,36.4,20.8,24.5,14.7,13.0,47.5,21.3,68.4,42.2,32.6,19.3,55.5,35.6,111.71902834008097
61.2,164.4,34.0,93.9,84.2,98.9,99.5,57.9,37.4,35.5,21.2,24.3,15.0,13.7,55.5,24.3,79.2,43.8,38.8,25.3,55.4,36.6,131.6050193050193
72.2,165.2,36.2,93.3,86.5,103.5,104.5,64.0,45.2,40.3,22.0,27.0,16.7,12.9,55.0,23.7,79.3,42.6,37.1,23.0,56.1,35.3,130.9720754716981
56.7,156.6,34.8,89.4,88.8,95.9,96.4,57.5,37.2,34.7,19.8,24.3,14.2,12.5,52.5,22.9,77.8,42.9,36.0,22.5,55.7,32.2,122.2265625
68.8,165.3,37.4,95.7,81.9,100.2,107.7,61.7,43.1,38.2,21.8,28.0,16.5,14.1,55.1,25.4,81.6,45.6,37.9,23.6,58.1,38.7,126.76679104477611
54.2,160.4,32.1,78.7,73.9,94.5,94.0,55.8,40.4,37.0,20.7,23.0,14.6,12.5,51.1,22.3,74.7,42.3,36.2,19.0,54.8,34.6,104.50327868852457
61.1,159.4,36.1,85.3,80.5,98.0,100.6,60.3,42.1,37.4,21.4,26.3,15.9,13.1,51.5,22.8,76.3,39.7,34.6,22.0,54.5,36.4,119.08549019607842
67.2,162.7,41.0,98.9,88.0,103.8,102.9,58.8,38.7,35.0,20.3,24.0,14.7,13.2,53.1,23.6,76.1,43.2,35.7,25.6,56.6,36.5,129.27883959044368
74.9,172.9,38.0,92.7,81.0,102.9,105.5,63.1,44.2,40.6,23.0,28.5,16.2,13.2,57.1,26.5,85.5,41.0,39.1,24.0,60.6,37.4,127.23529411764704
58.5,160.2,34.9,88.3,80.3,92.8,98.7,54.3,40.0,36.2,20.7,23.9,14.9,13.9,52.7,23.0,77.3,45.1,37.2,21.7,53.7,36.9,123.76184738955824
60.5,161.5,34.0,93.0,78.7,97.7,102.2,57.5,37.7,35.7,19.5,25.6,14.9,13.4,54.1,24.1,78.3,40.4,39.8,25.2,55.0,35.8,130.55769230769232
60.1,164.5,34.9,86.2,78.7,98.6,100.7,57.7,38.8,36.9,22.7,25.1,15.1,13.7,52.8,23.2,76.5,43.3,37.4,20.6,54.5,37.2,109.9456603773585
62.1,162.3,35.5,87.7,82.1,94.8,95.5,57.8,42.0,40.5,22.4,25.6,15.2,12.8,53.0,23.2,75.9,44.6,36.0,23.2,54.4,33.3,122.27053941908714
60.9,159.5,36.4,83.0,72.3,92.2,101.3,57.7,40.6,37.3,21.7,27.0,15.3,12.2,52.0,24.3,78.5,39.6,38.4,22.1,55.8,35.5,124.5
47.0,148.0,34.7,79.8,62.8,83.3,93.2,52.0,36.4,32.8,20.0,24.9,14.4,12.0,47.6,21.8,68.5,36.1,31.7,19.7,58.5,33.9,114.4672131147541
78.6,169.6,36.0,95.5,95.1,108.5,104.3,66.5,47.8,41.0,21.9,27.3,16.0,14.4,56.7,26.4,83.1,42.8,44.0,25.1,59.8,37.6,108.38754325259515
72.5,168.0,36.4,95.8,85.7,106.6,106.5,64.8,39.8,39.1,21.5,28.6,15.7,14.1,55.1,24.4,85.3,43.0,41.4,24.5,56.6,38.4,144.0628787878788
51.6,159.0,33.6,78.7,72.6,89.4,94.7,53.6,37.3,33.3,19.5,24.0,14.6,12.8,54.2,23.6,77.5,38.8,37.7,19.7,55.4,35.3,109.42061403508771
50.1,152.9,36.0,80.2,70.0,87.0,92.7,54.3,37.8,37.5,20.6,24.3,14.4,12.4,48.0,21.6,70.7,39.5,35.7,20.5,56.0,34.9,104.13064516129032
62.6,155.1,35.3,91.7,86.0,98.0,98.3,59.7,38.6,35.7,19.7,25.7,14.7,12.2,51.0,24.5,76.5,40.4,37.8,24.7,53.4,34.2,109.89444444444443
78.7,170.9,37.3,94.2,83.2,107.2,105.8,68.7,45.5,41.0,22.2,26.6,16.3,13.2,58.5,26.7,86.7,43.9,39.2,26.0,58.4,38.0,136.3421052631579
57.2,158.9,36.4,94.7,81.8,92.7,100.6,53.0,36.4,34.2,20.0,24.7,14.8,12.5,51.5,22.4,73.7,43.2,39.3,24.8,55.1,33.9,149.87644628099173
67.0,161.6,37.7,90.2,81.3,105.8,102.4,65.6,37.7,34.8,19.4,24.4,14.4,13.3,57.1,25.5,82.1,39.6,41.8,23.4,59.8,37.4,138.42938775510203
53.5,164.3,34.9,82.5,70.5,92.5,93.0,55.5,37.1,33.7,20.0,24.1,15.2,12.0,51.0,21.5,77.5,42.1,33.8,20.9,54.5,36.0,102.72373540856032
63.8,158.7,33.7,84.4,76.8,103.7,99.5,64.7,40.8,36.9,20.5,25.8,15.0,13.3,53.7,24.4,79.4,38.6,37.5,20.7,57.6,35.0,116.75333333333333
75.2,169.1,38.6,88.8,77.9,104.3,104.3,66.9,46.7,42.7,23.4,27.9,16.1,13.6,58.6,25.5,82.3,42.8,42.0,23.3,57.8,35.1,141.25569620253162
51.9,155.8,36.8,82.4,69.9,89.4,99.2,53.2,34.6,33.8,20.0,24.3,14.6,14.1,50.4,23.6,75.3,41.4,38.0,20.8,56.7,36.4,120.45762711864408
60.2,161.1,36.3,84.3,76.8,96.1,99.0,58.5,38.7,37.3,20.4,24.7,14.9,13.5,56.3,25.0,80.6,38.6,37.3,21.2,61.1,35.9,114.55282258064517
70.1,172.4,37.9,91.5,89.8,101.1,106.1,59.9,40.7,39.2,21.1,27.3,15.7,14.0,59.0,25.0,86.7,44.2,45.7,23.7,56.8,39.2,124.9589552238806
78.2,162.3,38.2,95.8,90.0,106.3,106.6,66.4,46.3,40.8,25.5,30.2,16.9,13.8,52.9,23.6,76.7,43.3,36.7,24.2,57.2,38.3,134.74028776978417
61.1,168.6,35.6,88.0,79.1,90.3,102.1,56.2,39.5,35.4,23.0,25.5,16.2,14.7,53.9,23.8,80.5,44.1,42.5,22.1,56.4,37.6,126.39382239382239
63.1,158.7,37.9,101.1,89.5,97.3,105.1,57.8,35.9,33.0,18.7,24.4,15.0,13.4,52.9,22.4,74.0,44.4,37.9,26.5,54.3,35.1,138.19424460431654
54.0,154.6,35.5,80.3,71.0,90.3,96.0,55.2,40.4,37.0,19.9,25.7,14.6,12.4,53.1,23.5,71.2,41.8,34.8,18.4,57.0,32.9,99.10039682539683
61.9,168.2,37.6,91.4,82.7,94.1,103.3,55.8,35.6,32.5,20.4,25.3,15.5,12.5,56.2,24.1,85.6,41.9,45.3,25.3,59.9,35.4,128.94605809128632
57.7,151.9,36.3,84.8,81.2,98.5,98.1,58.5,40.7,36.7,20.9,24.9,14.4,13.2,49.5,22.2,71.7,40.6,33.7,21.1,55.3,34.9,116.07604562737643
67.3,163.1,38.3,86.7,80.8,100.2,102.9,62.9,44.1,38.7,22.5,28.6,15.4,12.1,55.4,25.1,82.8,41.7,38.0,21.7,54.5,35.4,119.9407114624506
60.8,152.5,38.4,90.9,78.9,102.7,98.8,60.9,40.8,38.3,22.7,25.0,14.7,12.2,51.1,23.2,75.3,36.9,34.5,22.9,53.3,35.9,124.37093023255814
90.5,165.7,39.5,111.0,109.2,115.8,107.2,71.9,48.2,43.8,24.2,28.5,16.7,13.5,54.0,23.4,78.9,45.5,36.5,29.6,56.5,37.2,164.96896551724137
68.2,165.3,36.7,97.5,81.5,99.5,102.5,62.3,38.5,36.3,20.6,26.8,15.7,15.2,54.6,25.3,81.6,40.9,39.0,26.7,56.0,35.7,135.83015267175574
68.3,144.7,35.2,101.8,93.7,103.6,97.1,65.0,41.7,39.9,21.6,27.8,15.0,12.0,45.9,20.2,67.8,40.4,32.8,27.3,54.0,35.0,125.66520146520148
77.8,161.5,39.0,106.8,104.0,105.6,109.2,64.2,39.8,35.6,20.7,29.2,15.8,13.5,54.2,24.6,80.8,45.5,38.9,27.1,58.2,38.3,140.42906574394462
64.8,173.2,35.2,95.8,85.4,100.9,99.1,57.3,39.0,35.7,21.2,25.8,15.6,12.5,57.0,24.5,85.5,44.5,41.2,25.8,55.5,36.5,126.2305882352941
108.2,173.3,40.8,121.2,107.6,126.5,115.9,79.2,51.2,45.6,23.5,30.3,17.2,13.2,59.2,25.2,84.6,47.3,40.3,33.2,56.9,37.9,168.8
87.5,176.0,36.0,100.4,103.1,116.5,103.3,72.8,45.6,38.8,22.6,28.7,16.3,13.6,59.4,26.3,85.7,46.7,40.6,25.7,54.4,33.9,140.56
78.8,166.9,41.0,105.2,93.0,107.8,112.5,64.1,43.4,39.3,23.1,28.4,16.6,14.9,56.4,24.7,80.3,40.9,39.4,25.3,58.9,40.6,153.17972972972973
84.4,160.2,37.0,107.3,97.6,112.4,108.5,73.1,52.2,43.3,22.0,30.5,15.7,12.6,56.7,25.6,80.6,42.7,37.0,28.3,55.2,36.3,163.87636363636364
66.7,161.1,37.3,91.0,91.6,99.8,101.4,59.0,41.7,37.6,21.1,26.8,14.7,12.7,53.3,23.8,75.7,43.8,38.2,23.4,55.6,36.3,129.85393258426967
74.9,160.7,36.1,105.7,92.7,103.0,108.0,63.1,41.4,39.5,21.2,28.7,16.0,14.9,56.6,24.3,82.6,40.0,39.9,28.5,59.5,37.7,147.15830388692578
82.7,158.2,37.3,104.3,103.2,115.8,104.7,71.6,45.0,41.4,21.7,27.8,15.8,12.5,52.4,23.2,74.3,39.8,36.6,28.3,54.5,35.2,154.50410447761192
69.5,163.6,35.7,90.2,92.5,105.7,103.1,66.4,42.3,37.8,21.0,26.5,15.2,12.8,53.4,23.9,79.8,43.1,38.1,23.6,57.4,37.1,130.44307692307692
69.7,170.2,37.3,90.9,88.9,102.7,103.3,59.0,38.1,38.3,23.2,28.8,17.0,14.4,56.0,25.5,82.9,44.0,42.2,23.9,56.1,36.6,123.80037313432835
52.8,159.1,37.0,78.3,70.8,88.7,100.4,54.0,35.3,34.6,19.6,25.4,15.5,12.0,55.5,25.5,77.5,38.8,38.5,18.1,56.3,35.7,106.06374501992032
78.5,172.4,39.6,103.6,92.5,106.2,103.9,64.2,42.5,38.4,22.4,27.8,16.4,13.0,55.1,25.2,81.9,45.3,42.3,26.7,55.7,35.7,124.32000000000001
66.9,165.7,39.2,96.5,83.3,103.0,106.0,59.9,37.7,37.3,21.3,26.2,16.6,13.3,59.4,27.3,82.0,39.2,39.6,24.9,57.1,37.6,142.15192307692308
55.6,159.1,36.4,83.0,82.7,92.9,98.7,55.0,38.8,35.7,20.7,25.6,16.0,13.0,52.0,22.1,74.5,45.5,35.6,21.4,55.1,36.9,120.63953488372093
84.0,163.0,36.9,107.7,104.2,116.0,108.0,69.2,45.8,42.0,21.3,27.3,15.7,11.6,55.1,23.2,76.4,43.1,38.6,28.7,55.5,33.8,153.28089887640448
83.1,173.0,41.4,94.5,96.1,106.1,105.6,65.0,48.4,45.2,26.7,30.5,17.0,12.5,55.4,24.1,82.7,47.0,37.6,24.8,55.8,37.2,124.96153846153845
73.5,169.5,38.2,94.3,86.6,106.4,102.1,66.5,44.4,38.3,21.8,26.3,15.7,12.5,55.2,25.1,83.7,43.0,39.8,24.2,61.1,35.8,129.97153558052435
76.3,159.8,37.4,94.8,91.1,111.0,105.8,70.2,43.9,39.7,22.1,28.2,15.7,14.3,56.1,24.8,78.8,42.1,37.9,24.6,57.5,37.5,138.3089552238806
63.7,160.6,37.5,95.3,87.5,100.6,101.3,59.2,38.3,35.3,20.3,26.0,15.7,12.8,52.7,23.5,75.2,43.0,35.9,25.3,56.3,34.9,132.85315985130111
70.0,164.4,37.6,97.5,90.6,101.6,100.5,62.9,41.3,37.6,20.8,26.5,15.7,12.5,54.1,24.9,81.4,40.5,38.7,26.0,58.1,36.7,149.296875
62.6,157.5,36.2,92.3,83.5,103.7,99.4,61.1,41.0,37.1,20.9,25.8,15.5,12.4,50.0,22.2,73.7,41.7,34.1,23.2,56.8,34.8,125.64030418250952
60.7,164.2,36.6,88.1,78.7,96.0,98.6,58.5,40.6,35.5,20.8,25.1,15.4,12.3,54.7,24.2,79.0,39.6,38.5,23.0,56.3,35.2,117.5850806451613
70.5,161.5,37.0,98.6,94.3,103.1,106.0,63.5,39.5,36.1,19.8,28.1,15.9,12.0,59.5,27.0,81.4,41.0,38.8,25.9,55.7,36.3,117.89130434782608
68.9,157.0,36.6,98.8,91.3,111.0,99.3,64.6,41.5,39.0,20.6,27.3,15.0,12.5,52.0,23.8,75.6,43.2,36.9,27.9,55.8,34.6,164.80504201680674
63.3,160.7,34.0,89.6,77.8,97.4,102.5,60.1,40.8,38.8,22.7,26.8,15.0,14.5,51.5,22.6,78.9,39.1,39.6,22.6,55.6,34.9,122.33846153846154
56.4,162.6,34.6,82.3,72.2,91.6,97.4,52.9,38.1,37.4,21.3,25.5,15.4,13.3,56.5,26.1,82.3,40.5,39.5,22.0,58.5,34.5,113.3759336099585
72.9,172.9,35.3,93.5,84.3,100.9,106.0,59.0,40.9,38.9,22.6,28.4,17.0,15.5,58.0,25.5,83.8,43.0,39.5,24.0,58.4,39.6,117.81684981684982
61.8,150.1,35.5,93.2,78.2,97.0,97.7,62.6,40.3,37.3,21.3,25.5,14.8,11.4,50.0,21.7,74.5,35.3,35.2,25.3,58.2,33.3,135.12128514056226
61.8,165.7,37.0,88.3,79.1,94.7,101.2,58.9,38.1,35.9,20.6,26.2,15.0,12.2,54.8,24.4,81.9,40.6,39.8,22.1,57.0,34.8,112.25736434108528
54.6,161.4,35.2,81.3,76.1,91.1,98.1,55.2,35.8,33.0,20.9,23.0,15.4,12.9,55.3,25.3,82.9,40.7,39.5,22.5,54.8,36.6,116.14285714285715
68.6,166.0,36.6,95.4,85.3,101.5,106.2,60.5,41.4,36.7,21.8,26.0,15.8,14.0,56.5,26.2,82.9,41.0,38.7,24.5,58.2,38.5,133.98876404494382
64.1,167.5,37.4,88.4,72.5,92.7,102.1,58.1,42.0,37.1,21.8,26.9,15.8,13.1,53.5,25.1,82.1,39.3,39.8,23.1,57.5,37.5,133.83266932270917
63.5,163.8,36.7,86.5,77.9,97.0,104.6,59.0,39.1,37.3,21.0,27.4,15.8,13.4,59.7,26.4,84.0,39.7,40.9,23.3,56.0,38.2,123.47177419354838
63.4,158.4,34.2,86.9,83.4,101.0,99.3,65.4,42.7,35.5,20.4,26.1,15.5,12.5,52.6,23.9,81.8,38.0,38.7,23.3,54.7,33.4,121.66
68.4,168.0,36.9,92.7,80.0,102.1,106.2,62.5,43.0,37.4,22.3,26.6,15.1,15.0,55.0,25.0,81.1,44.5,38.4,23.0,57.6,38.6,125.41764705882353
68.0,166.7,34.2,89.6,83.5,96.5,105.9,60.8,42.6,40.1,22.8,27.7,15.3,14.5,57.4,25.4,82.2,45.2,39.7,21.8,55.3,37.4,127.43111111111111
75.1,175.8,37.8,94.6,82.5,105.3,107.2,63.5,43.5,38.4,23.7,27.7,17.2,14.2,57.8,25.7,85.9,45.1,41.2,24.4,57.0,36.7,117.304
85.1,168.8,38.7,95.0,96.2,113.9,110.5,70.0,47.7,42.3,24.1,28.5,17.0,13.9,57.9,25.6,84.8,42.2,37.9,26.5,58.7,39.0,147.46268656716418
58.2,163.6,36.9,89.5,82.3,96.5,99.3,56.7,37.4,33.3,21.6,25.0,15.4,12.1,56.8,23.4,77.5,40.9,36.7,23.0,55.8,35.5,116.78252788104089
70.9,160.7,36.3,91.0,84.6,103.6,105.0,64.0,45.4,40.2,21.8,28.0,15.5,14.1,52.4,25.5,76.9,39.0,36.9,24.1,58.2,37.5,128.5114503816794
66.4,159.4,38.2,87.6,95.9,106.2,96.8,61.6,42.8,38.0,22.0,26.6,14.5,12.8,52.8,23.6,77.8,44.5,34.8,23.2,52.8,34.5,120.9402985074627
75.7,169.4,39.3,96.2,90.7,102.5,105.0,61.7,45.4,40.8,23.8,27.4,16.6,13.6,55.4,24.0,79.4,45.1,36.4,27.0,56.6,36.9,134.68
63.2,160.6,35.6,91.0,80.7,99.3,103.9,60.4,39.4,36.2,20.8,26.9,15.6,13.6,54.9,25.7,79.4,40.1,38.2,24.4,57.8,36.8,134.73643410852713
67.4,168.7,36.2,86.3,85.3,98.7,98.3,59.9,39.7,36.9,22.7,25.6,16.1,14.0,58.7,27.9,83.8,43.3,39.3,22.3,60.0,36.7,116.57459677419357
60.2,157.4,34.2,89.6,75.3,97.8,106.2,60.7,37.7,35.9,20.7,26.4,15.1,13.2,54.4,23.8,79.9,36.2,36.9,22.7,56.6,38.4,130.98152610441767
61.6,160.3,36.3,89.8,83.9,96.5,98.8,55.3,40.0,35.7,21.7,26.0,16.3,12.8,55.5,24.8,78.3,40.6,36.6,24.0,55.7,35.8,127.57301587301588
58.4,155.9,36.3,92.1,76.2,92.2,99.8,59.3,38.5,36.3,20.6,27.0,15.1,12.9,52.4,22.4,78.1,38.5,35.8,24.5,55.2,35.6,127.81224489795918
71.7,165.9,37.0,91.4,86.1,104.2,106.7,62.0,40.7,38.8,21.5,27.8,15.5,14.3,54.3,24.1,78.7,42.8,36.1,22.4,57.7,38.8,129.34584837545125
60.6,161.4,35.8,92.0,84.5,96.0,97.3,57.0,38.9,34.4,20.3,25.9,15.5,14.8,52.8,24.2,77.4,41.9,34.9,25.7,53.6,33.8,125.0625
64.8,163.0,37.9,86.9,81.8,99.4,103.2,60.0,41.2,40.2,22.6,26.3,16.0,12.8,56.1,25.4,79.0,41.9,37.6,21.9,54.7,37.8,126.79961089494164
47.8,143.5,34.2,86.0,76.0,88.5,93.5,53.7,36.7,34.4,19.7,23.5,14.6,11.2,44.4,19.4,65.3,39.8,31.1,22.2,54.0,32.2,124.38016528925621
75.1,167.2,37.2,95.1,88.5,103.7,105.5,63.0,41.0,38.9,23.0,28.6,16.5,14.4,55.2,25.1,82.3,43.5,41.4,26.1,59.3,37.8,128.00532319391635
73.9,170.8,38.2,93.6,87.2,102.0,105.8,62.5,40.7,38.0,21.3,29.0,16.7,12.9,58.9,25.9,88.0,39.9,42.3,24.5,62.0,37.5,134.10327272727272
68.6,167.6,38.5,101.7,88.7,99.1,104.4,54.4,38.5,38.2,21.7,26.3,16.0,12.8,54.6,23.4,77.8,45.7,38.9,26.3,57.5,37.1,150.9554006968641
62.0,160.9,36.8,84.4,78.8,101.8,99.9,60.6,39.5,36.3,22.2,25.7,15.4,12.9,52.5,22.8,76.8,41.4,37.5,20.2,57.6,36.1,128.70999999999998
74.0,159.0,37.8,100.0,93.7,105.5,101.4,63.8,43.7,43.7,24.4,27.3,15.8,12.5,52.5,22.4,75.3,45.2,37.1,27.3,56.2,35.2,132.97101449275362
59.8,162.9,37.7,83.2,79.8,94.6,101.7,55.2,39.4,35.5,21.7,25.9,15.7,14.3,55.3,23.7,80.9,40.3,38.8,20.7,57.1,36.2,114.24477611940299
64.5,159.8,36.4,88.8,82.6,98.7,102.3,61.0,39.8,37.4,21.7,26.3,15.8,13.0,55.4,24.9,78.1,39.4,35.2,24.6,56.3,36.1,119.1219512195122
56.3,156.0,34.5,89.5,76.1,93.9,96.3,55.8,38.6,35.5,20.5,24.3,14.5,12.6,55.6,25.3,80.4,38.6,39.0,23.4,58.8,34.0,131.04008438818568
68.6,168.8,37.3,91.9,82.2,95.9,103.6,59.8,40.7,38.8,21.2,28.0,15.6,13.6,56.5,25.7,83.7,47.2,39.1,23.5,54.8,37.6,123.11793893129773
69.6,174.5,40.1,90.6,80.3,97.0,109.8,59.1,38.7,35.4,20.5,27.0,16.3,16.0,58.1,26.5,87.0,43.7,43.5,24.9,58.4,39.7,130.94264150943394
63.1,167.3,36.5,86.5,79.1,95.5,101.5,58.8,36.5,34.9,20.3,27.2,16.5,13.2,57.0,25.1,85.1,39.9,40.0,23.3,56.3,36.0,135.5755102040816
72.9,166.2,39.3,95.0,84.6,103.5,108.0,64.1,40.6,36.5,21.7,29.7,16.2,14.5,55.5,24.0,80.6,42.0,38.6,25.8,57.1,39.1,147.42592592592592
54.8,157.6,38.1,90.6,76.2,88.9,101.6,51.7,35.2,34.1,19.0,24.7,14.9,13.6,51.4,22.3,73.0,42.8,32.9,24.8,55.5,37.1,129.21639344262297
65.0,172.0,36.0,90.8,86.0,95.4,101.4,58.5,37.4,35.9,19.7,25.6,15.8,13.0,57.6,24.9,85.3,44.0,40.8,24.2,54.0,35.8,122.1103448275862
70.0,170.1,35.0,90.6,86.7,103.3,104.9,59.5,41.0,38.1,22.5,26.5,15.8,14.7,57.0,25.7,83.2,41.9,38.0,22.8,56.4,38.8,120.34415094339622
58.0,162.0,34.8,81.5,79.3,93.0,98.6,54.0,35.9,36.4,19.8,25.1,14.6,13.5,54.7,23.5,78.0,41.6,39.2,21.7,57.0,35.5,117.13562753036436
73.8,167.0,37.9,95.2,92.8,104.4,108.0,62.8,41.1,37.3,22.7,26.4,16.0,14.1,55.4,23.9,79.6,42.2,36.8,24.1,56.7,38.5,130.56944444444443
47.8,163.0,34.0,77.5,67.2,85.3,93.2,47.6,33.3,33.0,19.5,22.9,14.4,12.0,54.6,23.6,78.7,39.5,39.6,19.8,55.8,36.0,126.24434389140272
58.3,163.6,34.9,81.5,78.5,95.8,96.7,57.1,37.5,34.6,21.6,24.4,15.2,13.2,53.8,23.4,79.7,41.0,38.8,20.0,54.2,35.2,111.01968503937007
84.9,171.4,37.5,95.6,91.6,117.7,103.0,72.8,49.3,45.5,25.4,30.0,16.9,11.5,56.0,24.8,83.5,45.8,37.1,24.4,59.1,36.7,123.01470588235296
73.2,170.2,33.6,92.7,85.4,102.7,104.8,65.5,43.4,40.7,23.3,25.7,15.3,13.7,57.1,24.5,85.3,42.0,40.3,24.3,57.4,37.5,127.80330882352942
60.9,159.0,34.2,85.5,77.8,98.1,98.5,61.4,43.1,38.0,20.7,25.6,15.0,11.9,52.3,22.7,78.0,40.5,37.8,22.7,55.1,35.7,119.35102040816328
65.4,164.3,35.3,90.0,77.1,103.1,103.0,59.8,40.7,38.9,22.7,25.9,15.2,14.0,54.1,23.8,79.5,43.5,36.0,22.6,55.8,35.5,121.6304347826087
83.2,176.9,41.8,94.6,89.7,110.1,112.3,65.8,43.7,40.5,22.5,27.8,16.4,13.7,59.9,26.2,86.8,44.2,39.4,23.1,57.7,39.6,143.68797250859106
59.1,154.9,36.2,88.2,82.2,97.0,102.7,58.1,39.8,35.7,20.4,25.7,15.7,14.2,50.9,22.3,74.5,41.3,35.9,22.1,54.3,37.1,121.59926470588235
69.5,153.3,38.4,97.3,93.5,98.5,112.9,59.9,44.8,40.7,22.9,29.3,16.5,15.2,49.9,22.5,69.8,40.0,33.8,25.6,56.0,39.6,145.21842105263158
60.9,159.2,36.9,84.8,82.8,96.4,98.9,58.5,39.6,37.2,20.7,25.6,15.3,12.5,54.7,24.7,76.8,40.2,36.0,22.3,57.3,34.4,117.9361344537815
65.0,160.9,36.4,90.3,84.1,97.5,104.9,58.8,40.6,36.7,21.2,26.3,15.8,14.2,54.5,24.0,77.8,43.5,35.1,23.4,56.7,37.8,137.41304347826087
55.0,156.9,34.4,81.5,75.4,93.3,98.5,55.2,36.4,35.1,21.8,24.6,15.3,13.3,51.4,22.5,73.9,39.3,35.4,20.2,57.7,35.9,112.48347107438016
65.9,158.6,37.8,88.3,86.5,101.7,103.2,63.8,40.5,38.2,21.8,26.5,15.5,12.9,51.0,21.5,75.5,41.4,35.2,23.1,55.9,37.8,123.87410071942445
70.1,157.4,37.8,90.2,82.7,105.9,106.3,62.9,44.7,39.5,21.8,27.5,15.8,13.5,51.4,22.4,75.7,40.5,33.8,24.3,55.3,36.4,121.09527559055118
68.9,161.7,38.6,93.0,88.7,101.2,105.0,61.2,39.7,37.6,22.2,27.4,15.0,12.9,52.7,22.1,74.7,42.0,36.7,25.3,56.9,36.2,136.80434782608697
60.7,158.9,35.6,86.6,83.6,97.2,102.6,59.5,37.5,36.3,21.5,26.2,15.5,14.0,55.5,24.2,79.2,43.3,38.2,21.5,60.8,36.8,115.90570342205322
73.6,167.9,38.6,93.1,91.7,104.0,102.1,64.8,41.8,38.0,22.5,27.6,16.2,11.1,57.2,26.4,86.4,41.8,39.9,23.5,57.4,35.7,117.92666666666666
56.4,170.0,37.9,82.6,73.9,91.5,100.3,53.0,34.2,33.8,19.2,25.6,14.5,14.2,56.1,24.1,83.2,41.4,41.1,20.7,51.9,37.3,123.23387096774192
56.6,162.3,37.1,84.7,77.9,93.1,99.2,53.6,37.0,33.8,21.5,25.0,15.7,14.3,51.6,21.8,75.4,42.5,37.6,21.5,57.9,38.4,111.54830188679246
68.1,167.7,37.0,85.7,77.5,98.1,104.8,59.0,41.0,38.6,21.5,28.6,15.9,13.1,56.6,24.7,82.1,40.6,39.5,22.1,60.7,38.1,119.7775590551181
66.0,159.8,35.9,92.0,86.0,101.8,104.9,63.0,39.7,36.6,21.0,25.1,15.0,14.0,54.9,24.7,76.9,40.2,37.8,23.6,56.4,36.8,130.75590551181102
53.6,162.5,35.7,78.4,70.0,89.8,98.2,49.8,37.0,35.2,20.3,25.9,16.0,14.0,57.4,26.1,80.7,40.0,38.4,18.3,55.0,37.6,105.84
64.7,168.5,36.9,84.0,81.2,96.3,104.2,58.7,38.8,36.1,21.3,27.0,16.6,14.1,57.6,25.9,86.1,43.0,40.9,21.6,57.5,36.8,128.57142857142856
77.6,168.5,37.6,102.5,90.8,105.9,108.8,64.9,42.7,38.7,22.4,26.6,16.5,15.2,54.8,25.7,78.7,43.6,37.5,27.8,55.8,38.3,129.43430656934305
56.3,162.3,36.9,79.4,73.3,89.8,100.6,56.2,35.2,34.3,21.7,24.8,15.0,14.0,54.2,24.0,82.3,43.4,40.1,19.0,55.5,37.8,105.3456692913386
67.5,167.4,36.4,94.5,90.4,99.4,105.4,57.9,37.4,35.5,21.9,26.8,16.1,13.5,57.1,24.8,82.8,41.2,40.5,24.9,53.4,36.8,123.43604651162791
60.4,165.3,35.5,89.0,81.4,95.9,97.6,57.3,40.7,36.7,21.3,26.7,15.0,12.8,54.1,23.2,80.1,42.0,37.5,23.2,55.0,36.7,109.9203187250996
54.2,158.7,36.3,95.7,87.2,96.5,96.5,54.8,35.4,31.3,18.5,23.7,14.1,12.1,50.6,22.8,74.1,43.7,36.9,24.3,52.6,34.3,127.84351145038167
66.4,159.5,39.3,100.8,98.0,107.1,103.3,62.8,39.2,36.0,20.3,26.4,15.0,13.5,51.5,22.5,76.5,44.0,38.4,26.9,55.7,35.9,129.27881040892194
74.4,156.3,37.1,99.8,104.6,109.6,102.1,68.5,43.4,38.1,22.7,27.5,15.3,12.4,50.8,24.1,72.3,45.2,37.4,25.7,54.6,35.2,138.2942857142857
62.1,167.4,38.6,90.9,84.1,98.0,105.5,55.7,35.7,34.8,21.4,25.8,15.4,13.3,56.4,25.8,79.6,42.3,38.6,24.1,54.8,37.5,128.8017667844523
58.5,143.9,35.5,98.2,82.4,97.7,97.5,60.8,39.7,37.7,21.8,24.5,13.7,12.8,46.2,20.2,61.7,40.2,32.7,26.1,53.5,33.7,124.58208955223881
81.0,171.8,40.0,101.8,95.5,107.4,107.7,65.4,41.8,39.3,21.9,28.9,16.1,12.8,58.9,26.5,82.2,45.8,40.8,27.0,56.2,35.8,136.08680555555557
51.1,158.9,35.6,79.6,71.7,93.0,97.8,52.2,34.5,32.5,19.4,25.1,14.9,13.9,54.0,23.9,71.0,42.7,36.7,18.8,54.6,35.9,112.13492063492065
71.7,164.5,39.6,111.2,96.4,103.0,112.4,60.8,38.0,37.6,21.6,27.3,15.4,14.4,53.3,24.3,78.3,44.0,39.5,29.1,55.1,39.0,152.04197530864198
60.7,167.7,37.5,91.3,75.8,100.5,105.5,58.0,38.4,35.8,21.2,24.7,15.0,14.2,56.5,25.0,81.3,43.7,40.6,22.9,55.4,38.4,137.12625482625484
59.1,155.2,34.9,88.4,82.9,103.0,93.2,60.1,40.0,36.0,21.2,25.0,14.4,11.9,50.0,23.5,72.3,36.4,36.1,23.7,52.4,32.7,116.59055118110237
63.6,152.3,39.0,107.3,99.9,100.5,103.5,57.5,36.2,36.0,19.7,24.9,15.2,13.6,50.3,22.6,73.0,42.7,36.4,28.5,55.4,36.0,150.61018181818181
71.5,161.2,38.2,101.2,94.1,108.8,106.3,68.3,40.3,36.9,19.7,27.8,15.6,12.8,56.6,25.3,77.8,44.3,40.6,27.4,56.2,33.8,143.21444043321299
57.4,164.2,38.0,91.7,77.6,94.6,98.9,55.9,34.4,33.9,19.6,24.2,15.7,12.9,55.9,25.3,82.1,37.7,40.6,23.9,56.0,35.5,121.31517509727625
71.6,173.2,38.0,97.9,82.2,100.3,102.8,61.5,42.3,37.8,23.0,26.7,16.7,12.4,59.2,25.7,85.1,43.2,42.6,26.2,55.7,35.9,136.11375464684016
54.0,160.0,35.2,87.7,75.2,93.1,97.5,56.8,35.2,33.7,19.5,23.8,14.9,13.4,53.3,22.7,76.9,39.6,34.5,22.8,54.5,36.4,122.06408163265307
42.6,140.9,34.1,82.4,71.6,81.5,92.5,49.3,33.6,35.4,21.1,23.4,14.0,12.0,45.0,20.0,64.0,38.4,30.4,20.4,54.4,33.7,119.72649572649573
58.5,162.0,34.9,88.9,75.9,92.6,98.9,54.5,36.8,36.4,21.2,26.0,15.6,12.9,55.5,24.5,78.9,42.3,40.7,23.0,56.6,35.1,103.77431906614785
82.8,174.6,38.6,96.0,89.8,111.2,112.2,68.6,44.4,39.2,22.4,29.1,16.6,15.5,60.0,27.3,89.9,46.5,42.0,24.3,55.0,41.1,133.6537102473498
74.0,168.8,37.4,98.3,85.2,105.5,105.2,64.6,43.6,40.9,21.1,27.2,16.5,13.5,59.8,27.6,91.1,39.5,41.7,26.3,61.9,36.7,132.3125475285171
76.5,160.6,39.1,97.6,92.0,105.4,106.9,66.8,46.7,43.2,24.1,30.7,16.8,13.4,50.0,21.9,74.2,43.9,37.0,25.2,54.9,36.9,142.18705035971223
85.2,165.8,38.3,102.9,104.7,113.0,107.8,69.3,43.7,44.5,25.2,31.3,17.7,13.3,54.1,25.4,79.5,43.5,35.4,27.3,56.3,37.6,143.03829787234042
67.1,159.0,35.6,91.5,90.4,106.6,98.5,65.1,40.4,37.0,21.9,27.8,15.9,12.7,54.6,23.1,75.1,44.7,38.2,24.5,53.4,34.8,123.83734939759036
76.0,178.1,37.7,92.2,87.5,106.0,106.2,65.1,43.7,38.9,22.7,28.3,16.2,13.9,56.5,24.2,85.0,47.5,40.7,23.6,54.5,39.0,124.45371024734982
69.5,169.0,38.4,99.2,85.0,106.2,102.5,64.0,43.3,38.6,21.9,26.7,16.2,13.0,57.7,24.7,80.7,45.0,36.6,24.9,57.4,34.6,136.1203007518797
75.4,165.4,38.5,101.5,98.7,107.9,108.3,65.6,44.1,39.5,22.3,27.7,16.1,14.8,56.0,24.9,83.0,44.8,36.7,26.8,54.4,39.3,138.89473684210526
66.3,158.3,37.2,94.5,87.0,107.9,104.7,62.9,40.7,38.5,23.0,28.1,15.9,13.4,51.6,23.1,73.5,40.6,35.0,24.3,55.9,37.8,108.14620938628158
48.0,152.3,33.1,84.3,74.3,91.2,96.5,52.9,35.9,32.3,19.3,23.2,14.5,12.7,50.4,22.3,75.0,39.2,35.4,21.1,52.8,35.0,124.07056451612902
83.0,168.5,37.9,109.6,91.0,110.0,108.7,67.7,44.7,41.5,22.1,28.5,16.0,14.5,57.6,25.4,82.2,44.5,39.5,29.5,55.2,38.6,138.87671232876713
75.6,167.2,35.4,97.4,96.4,109.5,104.2,65.3,42.0,38.5,22.5,27.2,15.8,14.5,56.9,25.9,87.7,43.5,40.7,25.7,57.3,37.3,128.12114695340503
78.4,164.1,39.1,103.2,93.4,104.6,110.7,62.6,41.3,39.6,22.7,28.6,17.0,13.9,54.4,25.5,81.0,43.2,36.9,28.4,57.2,38.8,153.69428571428574
59.4,164.4,35.2,88.2,78.0,98.5,102.7,58.5,38.0,36.3,20.4,25.0,14.8,14.7,54.0,23.3,78.8,40.5,37.9,21.7,55.5,39.0,127.43726235741444
76.6,159.7,37.2,101.3,95.1,110.4,105.9,66.9,41.5,40.2,21.3,27.4,15.6,12.9,57.1,25.5,79.7,43.7,38.3,26.6,55.9,36.0,146.75971731448766
67.8,173.2,35.8,89.9,79.5,96.9,107.4,59.4,39.4,35.8,21.4,27.9,16.4,15.4,57.9,26.6,87.7,41.5,41.2,23.7,57.1,38.9,131.8996138996139
51.7,152.9,36.4,84.7,81.5,90.7,94.7,50.4,35.2,34.4,19.7,25.9,14.2,12.3,51.2,23.1,72.0,39.9,35.4,21.9,55.3,33.9,109.69344262295083
66.2,162.0,36.9,95.3,84.8,101.5,102.2,60.0,40.2,36.9,21.6,26.0,15.5,14.0,54.2,23.2,77.1,43.8,39.1,26.5,53.4,38.7,124.2112359550562
66.5,164.3,37.5,99.3,79.7,96.6,103.3,57.1,38.4,35.3,21.2,26.4,15.6,12.6,54.4,23.3,78.6,39.5,38.0,26.6,55.6,33.9,141.4934065934066
61.3,155.6,36.4,89.7,92.7,96.1,98.0,59.3,39.8,36.6,20.2,25.2,14.7,12.9,50.5,22.1,74.2,45.0,34.9,23.1,55.0,35.4,128.0916
72.9,163.0,36.1,101.5,98.6,108.6,106.6,64.5,40.9,38.5,21.7,27.7,16.4,15.5,55.8,24.6,80.6,44.7,38.1,28.0,53.4,38.0,140.99272727272728
70.1,161.4,35.5,92.4,88.4,110.3,98.7,63.2,41.0,36.8,21.5,26.2,15.0,13.8,54.0,24.3,74.3,41.5,37.4,25.1,57.0,36.2,132.75862068965517
42.6,146.4,32.2,73.7,67.3,87.2,89.5,51.7,33.6,33.3,19.1,22.3,13.9,12.4,46.0,19.9,66.7,37.0,30.7,17.1,54.5,32.7,106.17796610169492
72.9,174.9,38.7,96.2,81.0,103.9,111.2,60.4,38.3,37.2,21.4,26.1,16.2,15.6,57.8,25.8,85.4,43.4,40.8,24.4,57.4,39.8,145.7358208955224
76.1,161.8,39.0,99.8,93.3,107.6,103.5,66.3,43.5,40.9,25.0,26.9,15.9,13.0,54.0,23.5,76.8,47.1,36.2,26.7,55.2,35.7,144.89481481481482
71.9,163.1,36.0,93.7,99.5,107.7,102.2,67.2,41.8,38.3,19.6,28.7,14.6,13.7,54.5,24.5,81.5,44.4,38.1,23.9,56.1,36.4,143.62213114754098
79.4,170.4,38.5,100.4,96.6,110.0,110.0,67.2,42.7,38.9,22.7,29.0,16.9,15.4,56.9,24.5,81.7,49.2,38.8,27.2,53.6,39.0,145.57999999999998
70.5,166.9,38.8,92.4,87.4,103.6,104.5,59.7,42.0,37.2,22.1,26.2,16.1,12.6,53.1,22.6,78.9,44.8,35.0,24.3,57.4,38.0,125.72999999999999
72.7,158.6,39.2,102.3,101.3,104.4,105.0,63.2,42.2,39.3,21.1,27.3,15.6,13.1,52.3,22.9,76.8,47.0,35.0,27.9,55.7,36.1,134.292
60.9,160.2,36.5,88.7,73.5,99.8,100.7,60.6,39.6,35.7,21.8,24.7,16.1,14.2,52.6,23.9,79.1,37.6,35.7,22.6,53.5,37.5,113.63574297188754
80.0,162.0,40.7,95.0,107.2,113.0,107.6,69.3,42.7,39.4,21.1,29.2,15.6,11.9,52.6,22.3,76.2,46.9,35.5,26.0,55.5,37.4,135.8679245283019
62.5,157.5,35.0,91.7,83.4,104.6,100.0,60.9,42.2,36.8,22.0,26.2,15.2,12.0,50.9,22.1,79.0,39.8,35.3,23.6,57.2,35.7,132.9294573643411
76.8,151.3,37.4,105.2,106.5,116.7,103.7,69.7,45.0,40.4,23.3,27.3,14.8,12.8,49.6,22.0,71.0,43.9,33.2,28.4,56.9,36.2,157.8
57.8,157.3,35.2,86.8,81.8,97.3,100.0,59.3,37.0,35.3,20.0,26.9,15.3,12.9,51.0,23.1,78.0,40.5,38.6,21.8,53.7,35.4,126.22166666666666
63.9,164.9,36.4,86.1,82.8,99.0,102.8,58.7,40.4,36.8,21.0,27.0,15.5,14.7,54.5,24.1,82.4,41.7,38.8,21.5,55.5,37.2,130.71862348178138
74.9,165.7,38.8,98.0,94.5,104.0,107.5,64.9,41.0,37.8,22.1,27.4,16.3,13.8,56.5,25.4,78.7,45.4,35.5,25.0,59.4,37.8,135.90243902439025
65.0,153.8,39.0,94.5,90.0,100.2,106.6,60.4,38.9,38.0,21.7,25.6,15.1,14.1,52.7,24.1,75.6,41.1,33.3,25.8,56.4,38.0,134.34514925373134
63.3,168.4,34.7,85.7,83.1,103.3,99.3,61.6,40.2,34.4,19.5,25.5,14.8,12.6,57.5,24.9,86.3,40.5,40.0,22.5,58.0,33.8,108.19624999999999
52.6,155.0,36.5,88.5,82.2,93.2,97.8,55.4,32.2,32.5,19.7,24.5,14.4,13.4,52.4,23.9,75.0,40.4,32.1,22.7,54.1,33.4,119.36344537815128
76.6,163.0,36.2,99.4,102.1,111.7,107.0,67.1,42.6,39.2,21.1,27.1,15.4,13.2,53.3,23.9,78.2,44.5,37.4,25.7,54.5,36.5,155.44468085106382
93.4,169.3,39.5,120.2,115.7,114.8,117.0,71.4,46.9,41.2,23.1,29.0,15.3,14.0,59.4,24.6,91.2,46.0,40.5,31.4,56.2,40.0,171.1456953642384
66.7,155.7,39.0,98.2,86.1,104.2,105.5,63.5,40.9,36.2,20.4,26.9,14.9,13.2,53.5,24.0,76.3,42.5,36.0,25.3,56.7,37.0,132.20565371024736
62.2,162.7,36.0,88.2,76.5,97.1,100.0,60.3,40.8,37.3,23.5,26.5,15.4,13.0,50.5,22.0,75.3,42.8,32.7,22.2,55.4,36.9,127.73793103448277
94.2,166.6,43.1,120.8,108.5,107.8,116.3,67.2,43.8,40.3,22.4,31.1,17.4,13.6,58.5,26.5,82.7,47.8,39.6,32.1,60.0,39.1,170.35897435897436
64.1,159.9,37.9,93.0,88.0,99.5,102.9,57.9,41.3,37.0,21.6,28.6,15.2,12.6,53.7,23.1,77.4,42.5,34.1,22.8,57.7,38.0,133.2755905511811
69.2,154.7,35.9,98.5,101.2,107.4,100.0,65.9,41.0,35.3,19.1,26.0,14.7,11.7,52.7,22.5,76.0,44.9,37.8,26.3,57.6,33.1,130.8320610687023
64.6,163.6,38.2,92.2,83.1,100.6,99.0,60.5,40.2,37.2,22.1,26.8,15.7,13.2,54.6,24.5,78.3,43.9,34.2,24.9,56.3,36.9,122.93333333333332
52.5,154.7,37.0,88.9,79.7,91.6,94.6,53.6,38.2,36.8,21.0,24.6,15.0,13.3,48.9,22.3,75.0,43.3,32.8,22.4,53.4,34.7,117.71343873517785
49.0,162.9,34.6,79.2,76.2,91.8,88.4,49.5,33.8,29.8,18.4,22.6,14.7,12.7,51.2,22.9,80.7,43.9,40.0,22.6,52.3,31.2,116.38309859154928
74.9,156.0,38.7,99.7,92.2,110.8,106.3,69.6,43.1,39.0,20.2,27.5,14.9,13.1,50.1,22.4,74.7,49.0,35.1,27.3,60.2,35.4,132.0652985074627
85.2,175.1,39.7,105.1,103.5,109.2,104.7,65.4,44.7,39.6,23.8,27.7,16.9,12.9,60.3,26.4,87.2,46.5,41.8,28.0,57.0,36.0,134.96654676258993
77.2,162.5,38.0,90.8,101.2,108.3,102.8,68.8,46.6,40.7,23.3,28.7,16.1,13.2,54.5,25.6,77.5,46.5,38.8,23.2,56.5,36.4,123.88217054263566
64.3,157.3,34.8,96.4,86.4,98.6,107.2,61.7,38.4,34.6,19.8,27.6,14.8,14.0,52.2,24.2,76.4,38.8,34.7,25.3,59.0,36.5,138.78599221789884
72.2,159.9,38.7,98.0,96.2,107.9,98.7,68.6,41.9,37.8,20.4,25.8,15.9,11.7,52.4,22.2,79.0,41.6,37.6,26.9,54.0,31.1,144.24719101123597
69.3,154.7,37.2,97.2,91.4,98.3,105.0,59.9,41.7,38.7,21.4,27.3,15.2,12.3,50.7,21.2,71.2,41.5,33.0,26.0,56.9,36.1,138.1263157894737
73.7,173.5,39.1,92.1,86.2,109.4,105.4,63.6,42.7,36.3,21.8,26.6,16.1,13.5,57.7,26.4,82.1,43.1,37.3,23.1,55.0,39.0,113.85055350553505
72.5,167.0,38.2,100.3,95.7,104.5,104.7,62.5,41.2,37.2,21.6,26.1,15.0,12.9,57.6,23.9,80.1,44.0,39.2,26.8,55.7,37.8,134.9490909090909
81.6,167.8,39.6,103.5,89.7,114.7,111.1,69.6,45.0,40.6,22.3,30.3,15.9,13.9,55.4,25.7,78.5,39.9,36.5,26.0,55.7,38.4,148.38709677419354
57.0,160.4,35.0,86.3,81.2,96.4,96.0,58.1,39.5,33.5,21.0,26.1,15.5,13.9,53.6,23.7,76.2,43.0,38.5,21.8,55.5,36.1,119.09399999999998
66.0,163.1,38.0,93.9,86.5,99.8,98.0,56.7,41.8,37.4,23.1,25.7,16.4,12.0,54.5,23.5,79.1,44.4,35.4,25.4,55.7,33.3,131.60227272727272
80.4,168.4,36.5,98.0,105.4,119.0,107.2,71.6,42.4,35.5,20.5,26.7,15.1,14.1,54.4,24.9,86.0,46.0,41.3,24.1,61.8,37.2,151.84615384615387
85.2,171.5,37.2,103.0,97.3,116.3,103.5,67.4,45.5,42.8,23.9,27.3,15.3,12.9,58.6,23.9,81.7,46.9,38.5,26.8,58.3,36.3,141.00344827586207
66.2,163.5,36.3,103.5,94.7,96.6,101.3,53.6,36.1,35.2,20.3,26.2,15.2,13.0,52.5,23.3,80.0,44.6,39.4,26.3,55.5,35.6,139.34098939929328
70.6,166.6,38.4,93.3,90.2,104.1,106.0,62.9,40.9,36.1,20.8,28.6,15.9,13.0,55.6,26.7,82.2,45.3,35.7,25.2,56.5,36.7,140.13151750972764
57.7,170.5,36.7,86.0,78.2,90.9,98.9,53.3,38.5,33.7,20.0,26.2,16.1,13.6,58.2,27.1,86.8,42.9,41.7,21.6,53.8,36.9,121.72307692307693
52.6,162.9,37.4,87.3,75.5,90.5,101.8,53.5,32.2,29.7,18.5,23.9,14.2,13.3,56.8,26.8,83.5,39.4,41.8,21.4,56.2,37.4,139.3925925925926
80.8,171.8,40.2,97.6,99.0,109.8,105.7,69.5,42.0,37.2,19.9,27.1,15.7,12.5,55.5,25.5,83.3,47.8,40.9,25.4,60.9,37.5,152.256
83.4,162.6,39.4,100.3,97.2,112.6,111.3,71.2,43.6,41.3,21.8,28.0,16.3,14.1,58.1,25.8,77.7,41.5,38.6,25.6,56.5,38.6,150.45
75.0,161.6,39.4,95.1,92.2,106.9,109.7,68.3,43.8,38.2,21.3,27.9,16.0,13.8,53.7,24.3,79.3,44.6,36.4,24.6,57.6,38.8,132.8653429602888
61.9,160.2,35.8,92.4,89.5,103.1,96.7,60.2,36.5,32.6,19.0,24.8,14.3,11.8,53.5,22.6,73.3,42.4,36.9,25.1,52.6,33.5,114.30222222222221
67.5,166.7,35.0,96.6,88.5,103.4,99.0,63.1,42.5,37.8,23.6,27.0,15.6,12.8,56.5,24.8,80.7,46.4,36.6,25.4,53.6,35.8,141.8247191011236
70.2,164.5,38.5,102.2,91.0,102.3,105.8,61.3,40.5,37.8,22.5,27.0,15.3,12.8,56.4,24.4,80.0,43.6,38.3,28.1,57.6,36.3,147.0503597122302
65.9,167.0,37.6,94.7,82.7,100.0,107.2,59.0,37.8,35.5,21.5,27.5,15.9,14.0,57.5,25.9,81.8,42.2,35.3,25.6,54.5,37.2,133.22813688212926
71.2,162.1,35.2,94.1,84.0,108.5,101.8,64.3,41.8,39.3,21.6,26.5,15.6,13.9,54.8,24.6,78.3,41.5,36.3,25.6,59.2,36.1,142.09477911646587
102.8,172.1,38.4,106.6,103.2,119.6,114.1,77.6,50.6,45.3,24.5,32.6,17.0,13.3,57.8,26.4,84.2,42.7,42.3,28.1,57.0,38.0,145.9489932885906
75.9,160.6,39.3,109.1,90.3,106.1,104.6,64.0,43.5,37.6,22.2,30.8,17.2,13.0,53.8,23.3,76.2,42.5,33.7,29.4,52.7,35.6,139.42610169491527
65.9,156.7,36.4,95.3,87.5,100.5,106.7,57.8,41.5,38.7,21.4,25.8,15.4,13.6,52.6,23.6,73.2,41.0,34.4,24.2,58.0,38.7,134.16347517730497
64.4,172.0,36.9,90.4,79.0,97.9,103.6,57.6,41.5,38.7,21.4,25.0,15.4,13.1,56.0,24.8,82.6,44.3,38.2,23.3,58.0,37.4,140.81538461538463
68.9,163.9,36.8,90.0,87.5,106.3,100.7,65.8,43.7,39.7,22.5,26.2,16.0,14.4,52.7,23.7,75.3,43.2,34.3,22.6,57.0,36.6,132.16535433070868
86.3,173.0,37.7,101.3,98.3,111.0,105.9,71.1,47.5,41.3,24.5,30.0,16.7,13.4,58.5,26.4,85.3,42.0,39.4,24.7,55.8,37.1,155.55430711610487
94.9,168.2,42.0,114.7,113.9,116.8,114.5,70.7,48.5,44.0,23.2,31.8,17.2,13.9,54.1,25.0,82.4,46.5,37.7,30.4,55.4,36.7,176.34149659863945
63.0,172.0,37.7,87.4,79.2,99.5,103.7,60.4,36.5,34.6,19.6,26.6,14.9,14.4,55.4,23.4,82.5,45.9,39.0,22.4,56.0,35.5,132.63035019455253
106.9,178.3,44.8,121.4,113.3,118.1,120.7,73.0,47.5,44.4,24.4,32.0,17.6,14.8,60.1,27.2,88.0,48.3,41.6,31.8,61.0,41.9,161.26804733727812
63.9,164.1,35.9,89.3,88.1,99.1,99.8,58.3,41.5,37.0,22.0,25.7,15.5,13.3,54.4,24.9,78.7,41.8,38.3,21.9,58.4,36.2,116.39101123595506
68.3,156.8,36.5,90.2,90.7,110.1,98.5,68.0,43.5,37.7,23.3,27.6,15.5,12.0,49.4,21.2,71.8,43.4,35.8,22.7,55.8,33.8,131.6147859922179
63.0,164.0,36.4,94.0,85.0,99.4,104.9,59.1,38.5,33.4,20.1,25.6,15.4,13.6,58.5,26.7,84.9,39.5,40.0,23.2,56.4,37.8,137.9150579150579
71.8,155.6,37.7,98.9,94.5,105.4,108.6,65.1,41.4,38.6,24.7,27.7,16.2,13.7,52.2,23.6,74.9,41.6,34.7,25.3,60.5,35.4,154.64363636363638
87.4,164.7,38.4,103.3,106.9,116.0,110.5,71.8,51.0,41.7,23.3,29.6,16.7,13.6,55.0,25.9,83.0,45.4,38.1,27.2,53.5,37.6,153.36076923076922
75.2,163.0,39.9,99.5,92.0,111.1,107.9,64.1,39.5,37.4,21.7,27.3,16.2,14.3,54.5,24.5,77.3,42.8,37.1,26.1,55.0,38.4,147.95539033457248
85.2,158.7,41.3,115.4,109.5,115.7,109.2,68.0,41.5,36.9,22.1,30.5,15.7,12.8,54.5,23.6,77.4,42.0,36.0,31.3,56.8,36.3,167.52896551724137
82.7,162.7,39.5,117.2,103.9,109.8,112.5,66.8,41.5,37.0,21.7,27.3,16.2,13.3,54.0,24.4,75.5,47.2,37.9,30.6,63.0,36.1,169.6
55.9,163.8,35.3,87.0,76.5,93.6,98.1,53.2,35.8,34.1,20.0,25.0,14.6,12.0,54.2,23.0,80.9,39.4,36.0,21.2,57.4,35.9,116.81978798586572
82.1,164.4,39.4,111.0,104.2,107.8,111.8,65.1,44.3,39.0,22.1,28.0,16.1,14.5,55.3,24.7,82.9,45.3,37.3,29.1,57.0,38.8,144.7029702970297
66.3,160.3,38.2,98.2,88.0,99.0,103.4,57.7,40.5,37.5,22.5,24.9,16.6,14.3,53.2,23.6,74.0,41.2,35.1,26.5,55.4,36.3,140.02592592592592
63.8,171.3,38.3,89.7,81.1,97.8,102.2,56.7,38.7,37.8,22.4,26.0,16.1,12.8,55.4,26.1,83.8,46.4,37.4,22.5,55.6,35.5,116.24044943820225
79.9,172.1,37.7,96.6,98.7,111.4,108.9,66.9,44.4,39.4,21.7,27.0,16.1,14.9,59.1,26.9,86.7,47.0,38.0,25.5,56.0,40.2,129.76119402985074
58.9,157.3,36.6,83.8,79.3,99.9,97.6,60.2,39.5,36.8,21.2,25.4,14.7,12.0,52.3,21.9,72.1,41.4,35.7,21.9,55.6,35.0,132.38991596638655
76.1,161.9,37.2,99.6,91.8,110.2,108.0,67.3,46.5,41.0,21.2,28.4,16.2,14.0,53.0,24.8,77.3,43.4,36.3,28.5,59.6,38.1,130.561797752809
67.2,152.4,33.6,100.6,104.0,106.0,99.9,63.7,42.4,36.7,20.4,25.0,14.8,12.4,51.2,22.4,71.2,46.2,34.9,26.7,56.4,34.5,136.47286821705427
54.1,160.5,36.1,88.2,80.3,90.1,103.2,49.9,34.5,31.0,19.0,24.9,15.4,13.9,52.0,23.2,74.8,43.4,37.7,21.3,54.6,35.1,120.72765957446809
69.7,161.7,38.1,103.5,83.8,98.3,108.0,57.8,41.4,38.8,24.5,28.1,16.4,13.4,54.6,24.6,77.1,40.8,36.1,29.1,61.4,36.5,135.6206896551724
61.6,160.1,34.9,89.5,87.8,98.8,100.2,60.2,39.5,35.8,21.2,25.7,15.4,13.3,54.4,23.9,80.8,42.6,37.2,23.9,59.2,35.8,128.4758064516129
85.2,170.3,38.4,105.3,104.0,114.8,112.2,68.7,44.0,36.5,22.7,29.5,16.7,13.9,57.5,26.2,88.9,42.0,42.0,29.4,58.6,38.3,146.25
58.2,157.4,36.2,88.2,78.5,95.7,98.3,58.9,40.9,34.8,19.7,26.6,14.6,12.2,52.0,22.6,75.6,40.0,35.1,22.7,55.9,36.0,123.06976744186048
74.2,159.6,39.4,103.6,94.3,102.7,113.1,62.1,39.5,35.7,20.3,27.8,16.6,13.7,53.7,24.4,78.7,43.9,34.5,27.9,60.8,38.0,157.3044117647059
60.9,160.2,35.4,87.6,80.0,96.6,105.0,57.1,39.5,36.4,21.1,25.2,15.6,14.1,56.2,25.5,78.3,41.6,38.3,21.9,58.6,37.4,120.40772200772201
69.0,159.9,37.4,96.4,91.6,102.6,102.5,61.3,41.0,37.7,21.2,26.9,15.8,14.6,52.1,23.9,77.5,44.5,35.1,23.7,55.0,37.0,139.78
67.5,163.2,34.8,93.5,96.1,101.3,104.7,58.7,39.3,38.0,22.7,26.1,16.2,14.0,52.4,23.6,76.0,46.1,36.2,25.1,55.6,37.4,141.8871595330739
88.6,166.0,38.0,109.8,106.5,115.9,108.0,69.0,47.4,41.5,22.7,30.8,17.9,13.9,53.9,23.7,76.3,47.6,38.0,29.0,58.0,36.2,142.38580645161292
65.2,156.8,37.6,92.4,84.7,104.6,103.6,62.8,41.5,35.5,20.8,27.3,16.2,13.0,53.1,23.9,75.9,40.5,34.5,23.7,56.0,36.1,148.76756756756757
82.6,163.9,39.2,103.2,102.0,115.8,109.1,70.0,44.4,38.8,20.7,29.0,16.5,14.3,57.2,25.1,79.6,42.5,35.7,26.2,59.5,38.3,143.66330935251798
55.6,159.1,35.4,92.3,79.0,90.4,99.6,52.7,34.3,32.3,19.7,24.5,14.7,13.0,55.5,24.9,78.3,38.9,39.6,23.7,56.0,35.7,136.647265625
71.9,162.8,36.0,93.4,88.7,108.0,102.0,66.7,46.8,38.7,21.0,27.9,15.0,12.6,55.5,24.9,79.0,46.4,35.5,23.1,59.8,35.4,131.28514056224898
82.2,161.5,38.8,107.7,97.5,108.8,110.6,66.4,42.6,40.6,22.6,29.1,16.4,13.0,56.1,26.2,77.5,46.7,35.5,28.3,57.8,35.2,164.15241635687732
96.5,168.0,45.5,109.8,110.0,120.5,114.5,73.0,48.0,44.4,24.4,32.2,17.3,12.6,56.6,26.8,84.5,47.0,38.2,29.2,58.1,38.0,174.6125
62.4,159.0,35.6,90.7,89.6,98.2,97.8,61.2,39.7,36.9,20.9,26.6,15.1,11.5,53.4,24.5,82.5,43.0,40.0,24.0,58.6,33.6,130.63786008230454
43.5,156.3,33.2,72.6,66.0,85.4,89.8,49.3,33.4,32.3,18.6,22.1,14.2,13.1,54.0,24.1,77.9,38.2,37.7,18.5,54.4,35.5,94.12300884955752
75.3,164.1,39.2,109.0,102.1,102.2,105.4,59.4,41.5,38.2,21.5,28.7,16.8,13.0,55.6,24.4,78.0,48.0,35.8,28.5,56.7,34.7,155.50170648464163
55.3,171.0,36.6,83.6,79.0,90.0,94.1,50.0,34.5,33.3,19.8,24.3,14.8,13.4,57.1,24.8,83.4,41.6,40.2,20.2,54.4,36.4,112.97297297297298
57.8,156.6,36.5,90.1,81.6,98.9,101.0,57.3,38.4,34.9,19.1,25.0,14.7,12.5,50.4,22.5,75.0,42.3,33.7,22.8,55.5,35.6,130.4648
71.3,157.3,39.0,102.3,96.6,104.8,108.1,62.0,41.1,36.9,22.1,27.9,16.2,13.1,55.5,25.0,78.4,41.4,33.8,25.6,56.2,38.7,138.64835164835165
77.6,166.9,38.2,98.0,96.6,108.3,107.3,64.7,42.7,41.6,24.3,26.9,16.0,13.6,54.0,23.3,83.3,41.5,38.8,25.0,56.2,34.8,124.42320819112629
65.5,160.7,39.1,97.6,80.9,98.5,106.3,59.4,39.4,38.2,22.7,26.5,15.6,13.5,53.8,23.7,74.5,38.5,34.9,24.6,54.1,38.2,139.72949640287771
57.8,163.3,39.1,92.2,78.7,89.0,102.6,53.0,33.7,34.5,21.2,26.0,16.1,13.8,55.0,24.4,81.6,42.4,38.2,22.6,58.3,38.6,118.54285714285716
84.3,169.9,39.7,112.6,90.7,108.9,111.0,64.5,46.2,39.9,22.7,29.2,16.4,13.9,57.0,26.7,84.3,42.3,38.2,30.1,59.9,37.5,149.0871080139373
67.0,163.8,38.0,89.2,87.7,100.2,101.5,60.6,40.6,37.7,24.2,27.5,16.1,13.4,53.2,23.9,78.3,41.6,37.2,23.5,56.6,37.4,129.56045627376426
76.4,163.4,37.1,100.0,87.8,110.2,103.7,64.8,41.3,39.7,23.5,26.7,15.8,13.1,57.0,25.5,82.4,37.9,35.7,26.4,58.7,34.8,133.8403041825095
66.3,166.0,36.9,86.4,73.4,98.2,101.9,58.2,40.7,38.0,22.0,27.7,15.7,13.1,56.3,26.2,83.0,38.6,36.5,22.5,57.5,35.9,126.69723320158103
67.1,160.4,38.0,88.0,86.1,101.0,102.2,63.5,42.6,37.0,21.3,27.7,16.5,14.6,54.0,26.0,80.3,41.5,37.7,23.9,56.7,36.0,117.33333333333333
70.6,169.3,38.0,98.0,88.5,96.1,106.7,55.5,40.5,37.7,24.0,25.6,15.8,14.3,55.5,24.3,80.3,43.7,38.4,25.3,56.6,38.9,133.18791946308724
63.6,159.5,34.9,93.6,82.0,98.5,95.5,57.6,39.5,38.7,21.8,24.0,14.8,12.5,51.5,23.5,77.3,40.4,36.3,25.0,54.1,34.3,144.39069767441862
64.6,169.4,37.0,88.2,79.6,96.2,101.2,58.7,39.4,38.1,22.0,26.4,16.0,13.4,56.0,25.3,83.5,41.5,38.9,22.5,54.4,36.6,135.93176470588236
65.8,162.6,38.7,93.4,83.5,97.5,100.4,58.6,40.2,35.0,21.5,25.7,15.8,12.5,50.9,23.4,77.0,41.8,37.5,22.6,55.0,37.4,120.83216783216783
78.9,161.3,39.0,102.1,92.2,109.2,106.0,68.2,45.3,43.2,23.2,28.0,16.7,12.8,54.5,24.3,75.9,42.2,38.2,26.8,59.7,35.4,136.59795221843004
58.5,161.4,36.7,88.7,76.9,96.3,97.4,56.9,38.3,36.0,20.1,25.0,15.0,12.6,52.0,23.2,78.7,42.2,38.9,22.8,56.1,36.5,131.60772357723576
58.9,163.0,36.7,90.0,81.2,95.9,100.4,54.9,36.0,34.8,19.7,24.4,14.7,13.8,56.0,24.3,79.5,41.2,40.0,22.6,55.6,36.2,127.32558139534885
78.5,171.6,39.2,103.5,97.3,106.3,107.9,62.7,40.0,38.3,23.6,27.1,16.5,13.6,57.4,24.5,83.9,44.2,39.9,27.4,57.4,39.7,152.015625
67.6,151.0,38.6,101.3,95.2,102.1,105.2,60.1,38.0,38.8,20.6,25.6,14.7,12.6,51.3,23.2,72.5,39.1,34.9,27.2,57.8,35.0,146.81159420289856
86.2,163.9,39.0,110.0,111.3,111.0,106.6,64.5,44.7,39.2,23.8,30.8,16.8,13.0,54.0,23.5,78.7,49.2,38.0,29.1,58.4,36.5,149.82078853046593
60.5,157.6,33.5,98.1,90.7,95.2,99.7,54.3,36.1,34.5,20.6,24.6,14.6,13.3,51.0,21.7,74.7,42.4,37.8,25.8,56.6,35.3,138.79333333333332
95.0,167.7,41.0,109.5,106.8,115.6,110.9,72.6,50.7,42.7,22.0,31.9,16.0,13.3,57.4,25.8,84.4,41.1,40.5,28.5,55.8,36.0,170.33333333333331
64.9,166.9,39.9,98.5,84.3,95.5,105.0,57.2,37.0,36.3,20.6,27.0,16.5,13.0,57.0,26.2,84.1,41.5,39.9,24.8,60.6,36.8,138.17361111111111
61.6,159.2,36.2,88.4,75.5,99.9,98.5,62.2,38.5,35.8,20.9,25.7,14.5,12.2,54.5,23.7,80.3,39.7,38.5,21.3,57.7,34.3,136.41975308641975
71.5,160.6,40.8,103.0,91.0,102.5,105.3,63.0,41.3,37.6,21.0,27.2,15.1,12.6,55.7,23.3,76.3,42.0,35.3,26.3,57.2,36.6,144.4160839160839
76.5,159.7,35.9,101.2,94.3,110.2,104.7,67.7,44.4,38.6,21.7,28.3,15.5,12.7,54.0,23.2,77.1,41.1,36.6,25.1,56.8,35.8,139.94944237918216
65.2,161.0,36.4,89.0,81.9,104.5,102.7,61.0,40.5,37.2,21.7,26.4,15.5,13.9,54.0,23.5,77.9,43.1,39.7,22.1,54.5,36.1,121.27099236641223
77.3,181.1,39.5,87.8,90.5,110.4,107.9,66.7,39.5,36.5,21.7,25.5,15.5,15.1,61.9,27.9,91.3,45.7,47.4,22.1,61.0,41.3,134.42248062015503
73.4,163.9,37.4,102.8,101.8,108.7,102.0,61.5,39.2,35.7,20.1,26.5,15.7,12.0,55.3,23.7,78.8,45.6,37.8,26.5,56.7,35.4,156.1838596491228
54.9,163.5,36.5,82.5,75.7,92.8,99.6,53.8,36.4,32.3,19.5,22.7,14.2,13.8,53.6,24.1,78.3,41.2,35.9,19.4,57.5,37.2,111.52777777777779
80.2,175.1,39.5,104.1,89.3,109.2,109.5,63.3,40.5,38.7,23.6,26.2,15.7,14.5,59.5,25.3,83.5,42.8,40.6,26.9,57.9,37.6,152.34146341463415
69.5,162.6,36.2,102.3,84.9,104.1,104.7,60.9,41.1,38.7,22.7,25.3,15.0,13.7,55.0,24.5,78.0,41.6,36.5,26.5,55.8,36.5,148.52444444444444
64.7,168.8,38.0,94.9,76.8,99.0,103.0,57.6,39.3,37.9,21.0,26.5,15.7,13.7,56.1,23.6,79.6,41.4,37.6,23.8,54.2,37.8,129.31428571428572
65.7,158.8,36.8,91.4,85.0,105.1,99.8,64.3,41.4,38.7,22.7,25.5,15.3,12.4,51.5,23.1,74.5,38.2,37.8,23.6,55.0,34.6,131.672030651341
87.1,163.5,39.2,111.1,109.0,113.9,111.1,68.8,42.8,40.7,21.8,28.0,16.1,13.8,54.9,22.7,76.1,46.2,37.8,29.1,55.5,37.5,169.91764705882352
58.0,162.4,35.2,85.5,83.5,97.6,96.1,59.6,37.7,32.8,20.0,23.2,14.0,11.8,55.4,25.0,82.6,42.1,40.4,21.4,56.5,35.9,108.11157024793388
79.6,163.4,39.3,101.5,94.6,110.7,104.1,67.5,44.8,38.6,22.5,28.2,15.6,12.3,53.1,23.2,78.7,43.7,38.3,28.2,56.1,36.3,160.26315789473685
76.1,174.9,39.3,92.9,85.2,106.6,107.6,63.2,43.7,39.9,23.0,27.2,16.3,13.6,61.1,27.0,88.4,44.3,42.4,23.8,57.2,37.9,140.55873605947957
57.6,164.6,36.8,92.5,74.1,93.9,97.0,55.5,37.2,34.8,18.8,24.7,15.1,12.2,56.0,25.0,79.3,44.0,39.2,24.7,56.5,31.6,126.81451612903224
87.0,160.0,39.6,112.9,106.0,113.8,106.7,66.7,47.4,42.2,25.2,30.2,17.2,13.1,57.5,23.7,78.0,39.6,38.2,29.0,58.8,35.6,147.1732142857143
76.6,160.0,39.7,100.8,101.7,106.0,103.3,64.8,43.1,37.5,20.0,29.2,15.5,12.2,55.3,26.4,82.3,42.0,39.8,27.3,57.6,35.1,153.1384615384615
54.8,151.7,36.1,84.5,78.2,100.2,94.0,60.1,40.5,35.8,22.3,23.8,14.5,11.6,51.8,23.2,73.6,38.4,35.5,20.7,54.0,33.1,116.14403292181069
82.6,165.9,39.9,103.9,103.0,111.5,102.0,67.3,44.6,42.1,23.0,29.0,16.9,13.0,58.4,26.0,81.0,42.5,39.6,26.2,55.5,32.7,150.61472868217055
65.1,171.8,37.3,90.2,85.3,100.7,102.0,58.1,37.6,34.9,20.5,26.2,15.9,12.6,57.5,25.0,80.6,42.5,39.7,21.7,56.5,36.8,123.29496402877696
57.0,153.3,37.0,94.8,88.1,96.5,97.5,57.2,38.0,33.8,19.2,24.8,14.7,11.0,51.6,23.2,73.8,39.7,36.1,24.5,53.9,33.7,126.65587044534414
71.9,159.2,38.1,105.1,94.8,104.3,108.2,63.7,42.3,36.6,22.3,25.8,15.4,14.8,52.5,21.6,74.1,44.7,34.9,26.6,52.8,38.6,153.40912280701755
72.6,163.6,39.8,100.3,84.6,104.4,108.1,64.1,43.0,40.1,21.8,27.0,15.5,13.8,53.4,23.9,79.7,40.0,35.9,26.5,58.1,39.0,162.64864864864867
71.6,164.8,36.1,88.2,87.5,102.6,103.2,65.6,45.5,38.9,21.8,28.6,16.6,14.2,55.6,25.1,81.3,40.2,37.2,20.8,54.5,36.0,115.78378378378379
83.2,166.9,37.8,105.6,98.2,109.1,107.4,67.3,42.9,41.2,22.9,27.2,16.4,13.8,57.0,25.1,80.1,44.0,36.7,28.9,57.3,35.6,139.2166089965398
60.4,165.5,36.9,96.5,79.1,95.4,102.2,55.3,35.5,34.8,19.9,24.9,14.6,13.5,59.0,24.5,81.8,41.6,38.5,24.0,54.8,36.6,131.90647482014387
76.4,177.0,39.8,93.2,84.4,102.3,110.0,61.9,41.7,39.0,23.3,29.5,16.9,14.1,59.5,27.6,88.0,43.0,40.9,24.6,56.1,38.7,131.41870503597121
93.4,175.2,39.0,105.1,102.8,118.1,112.2,72.7,49.7,44.4,24.4,31.7,16.4,13.7,60.5,27.9,88.0,48.1,40.5,28.9,56.8,39.8,141.13428571428568
57.3,174.1,35.0,85.0,76.8,96.1,97.9,53.2,36.3,31.8,21.0,23.9,15.6,14.3,57.5,25.4,85.0,41.8,43.0,20.9,55.4,36.6,115.63953488372093
58.2,160.8,33.9,83.0,77.5,99.3,93.6,60.2,39.4,35.5,21.8,24.7,14.4,12.1,51.4,23.8,77.2,38.8,38.2,20.0,56.8,33.2,116.00772200772201
55.3,163.6,36.4,88.9,71.8,89.0,100.9,50.8,34.6,36.3,21.1,25.0,16.3,13.8,54.6,23.1,77.0,42.4,38.5,22.0,55.6,37.9,124.39108527131785
69.8,155.5,37.3,100.5,87.1,102.1,105.2,60.8,43.1,39.6,22.2,27.0,15.5,13.3,49.7,22.1,73.1,40.5,34.6,26.9,55.8,36.7,151.4889705882353
64.0,157.3,35.0,92.5,84.0,106.3,95.5,63.1,40.9,36.1,20.3,25.6,14.6,11.6,52.5,22.6,75.2,40.1,34.7,23.3,53.7,33.8,123.69186046511626
59.0,162.3,36.8,84.4,71.9,95.1,98.1,55.4,38.2,39.0,22.2,24.9,15.2,13.5,52.9,22.5,74.5,42.9,36.9,20.9,55.0,35.6,127.87878787878788
60.4,153.4,33.5,90.0,81.1,97.6,96.9,61.1,43.0,37.5,20.0,24.9,13.9,12.5,52.9,23.9,77.0,40.2,35.5,21.6,56.6,34.2,129.19354838709677
66.6,154.3,37.5,95.4,92.0,107.0,104.2,64.1,39.1,35.2,20.0,25.1,14.4,14.3,49.6,21.9,71.8,41.7,37.1,25.1,57.2,36.5,138.82835820895522
67.0,174.4,36.8,92.5,81.2,99.8,99.8,57.0,38.7,36.0,21.6,25.4,16.2,13.0,55.2,24.6,85.4,42.8,42.4,24.1,58.0,36.1,128.72623574144487
63.3,162.3,35.7,90.2,81.4,103.3,94.2,61.5,39.5,36.7,21.8,26.2,15.2,12.7,52.2,23.3,77.6,41.4,36.7,23.5,57.3,34.3,123.58110236220473
61.8,158.7,37.5,94.7,81.8,100.8,99.7,58.6,38.2,38.4,22.4,26.7,15.3,14.0,51.5,22.5,72.3,42.6,34.2,24.0,54.3,35.9,140.817843866171
64.5,156.3,39.8,94.4,84.4,103.6,98.6,62.8,39.4,36.0,21.0,26.1,14.7,12.0,50.5,23.0,74.8,42.0,37.0,25.8,53.8,34.4,130.272
58.2,165.5,36.2,89.9,78.7,93.0,98.1,54.7,33.8,33.4,19.2,23.7,14.2,13.9,55.6,24.3,82.0,40.4,39.9,24.7,55.3,36.3,123.22200772200772
79.6,161.2,36.5,103.3,94.8,118.2,96.0,72.3,47.2,41.7,22.8,27.0,15.0,12.1,56.8,25.1,79.9,40.0,37.3,27.3,56.2,35.1,140.6884328358209
60.9,163.6,36.1,90.0,83.4,99.5,97.7,58.8,38.2,36.9,20.7,25.3,15.2,13.8,55.0,23.5,76.6,43.6,37.8,22.4,55.6,36.5,132.55230125523013
82.3,170.9,37.5,99.6,97.2,112.7,108.9,67.8,43.0,38.7,21.8,27.3,16.0,15.4,60.1,25.1,84.1,44.7,40.8,25.6,57.0,41.0,136.95
56.7,154.7,33.7,90.6,76.3,92.5,95.4,57.6,39.4,34.3,20.8,25.4,14.7,12.0,53.2,23.3,76.9,38.7,38.2,22.6,56.8,33.8,132.67782426778243
51.0,165.7,34.5,89.6,71.0,89.4,93.3,48.7,31.2,32.6,20.6,21.7,14.4,12.5,54.5,22.5,79.9,41.9,39.4,23.4,54.6,34.6,130.98152610441767
60.1,169.5,35.6,87.6,80.5,94.5,97.4,56.2,36.9,35.8,20.5,24.7,14.8,13.0,57.0,24.6,85.0,40.5,39.5,21.7,55.7,36.2,119.69770992366412
71.6,172.0,36.7,95.5,84.3,104.6,100.5,64.6,42.1,38.8,20.2,24.3,15.0,13.5,60.5,27.4,90.7,41.0,41.7,25.4,58.7,33.8,132.95098039215685
68.1,158.7,37.3,91.2,86.6,104.0,99.5,63.8,45.7,41.2,24.8,27.4,15.3,13.7,54.4,23.5,74.5,42.5,36.1,23.8,54.9,34.3,136.8
94.0,167.6,43.8,116.0,98.1,114.2,113.4,73.7,43.9,41.0,22.8,34.2,17.3,12.6,58.9,26.4,82.0,42.6,41.0,30.7,58.1,38.8,158.4950495049505
68.6,172.6,37.0,84.4,84.0,103.3,100.4,60.7,42.7,37.4,23.2,25.2,15.2,13.3,57.0,25.0,83.9,44.3,40.2,20.9,57.6,36.8,129.2170542635659
67.1,161.6,38.1,94.8,86.6,104.2,101.1,61.2,40.6,38.8,21.7,25.7,15.8,12.5,54.7,23.2,75.0,41.0,38.3,23.1,52.4,34.9,126.61868512110728
68.9,174.7,39.4,92.8,74.5,98.4,106.8,58.2,39.7,36.7,21.3,27.8,16.2,14.0,59.0,25.7,87.3,41.1,42.3,23.2,59.2,40.0,131.4952029520295
78.6,170.5,37.5,104.2,93.0,101.6,104.2,62.7,42.0,41.4,22.2,27.3,15.8,14.3,59.0,25.2,84.4,45.3,39.0,29.3,55.2,37.2,148.05395683453236
70.4,168.5,38.3,90.6,82.4,101.5,103.5,60.6,39.8,38.3,21.2,28.3,15.5,14.3,58.2,27.3,83.5,41.0,42.6,23.7,56.6,37.7,140.34117647058824
50.4,159.4,32.5,77.6,66.9,88.7,91.5,54.1,37.0,34.5,20.1,23.2,15.1,12.0,52.5,24.4,77.7,41.0,38.9,19.1,55.4,31.8,109.93333333333335
59.8,168.7,36.5,87.2,76.9,94.4,102.4,55.4,36.2,34.1,19.8,24.8,15.0,14.0,57.9,25.3,81.2,44.7,41.1,20.2,54.3,38.9,130.00727272727272
76.0,170.0,37.8,100.5,87.7,102.2,110.5,63.3,40.8,39.3,21.2,27.9,16.1,14.9,60.2,26.0,86.5,42.5,42.3,26.6,53.1,37.3,143.83152173913044
78.0,165.8,38.1,105.5,97.0,107.2,109.0,66.3,41.6,38.3,21.4,27.2,15.2,13.5,57.0,25.5,81.1,43.1,39.8,27.2,55.9,36.3,141.26271186440678
71.2,156.2,35.2,100.6,88.0,110.1,104.7,66.4,42.6,37.4,20.7,27.2,15.4,13.7,50.4,22.2,75.5,39.2,38.3,26.0,56.3,36.1,161.41044776119404
66.5,165.8,37.0,95.3,87.0,99.7,104.0,57.2,39.6,35.8,21.2,24.9,15.0,13.3,54.4,24.6,79.9,44.8,42.0,24.6,56.0,37.2,133.01590106007066
73.5,168.8,36.7,93.5,90.0,108.0,105.1,67.2,38.3,37.4,20.0,26.7,15.8,13.6,56.3,23.3,80.3,43.5,38.8,24.0,56.1,34.8,120.5482142857143
54.4,152.4,36.1,89.5,75.2,93.7,97.2,55.3,35.5,32.8,20.1,25.2,14.7,12.0,50.1,21.9,70.6,38.6,35.1,22.2,55.7,34.6,110.87313432835822
67.8,161.1,36.4,99.2,80.5,100.8,106.5,61.7,41.8,38.9,22.3,26.4,16.2,14.3,54.1,24.6,78.7,41.7,36.3,25.9,55.5,38.8,134.62857142857143
64.8,162.7,39.6,90.0,84.2,99.4,98.2,60.6,39.4,36.0,21.3,25.1,14.7,11.5,56.3,25.9,82.5,40.5,40.7,23.2,58.7,32.2,130.70539419087135
66.3,161.4,34.8,95.3,91.7,100.1,98.8,59.5,38.9,37.2,22.0,26.2,16.2,12.3,54.3,23.4,77.1,42.9,39.2,25.7,53.9,34.0,122.12518518518519
77.9,159.8,39.7,97.1,85.3,114.2,111.3,71.3,47.4,39.4,22.8,28.6,16.5,15.2,56.4,25.7,76.8,40.7,37.4,25.0,55.0,40.3,140.40592334494775
70.2,164.3,38.0,99.0,95.3,101.9,99.8,62.0,40.4,38.1,20.7,27.7,15.7,13.0,53.4,23.4,80.3,42.2,38.3,27.2,55.3,33.0,124.29197080291972
59.2,161.1,36.0,87.3,81.6,96.2,100.5,56.9,38.0,35.2,20.8,26.2,15.0,12.8,54.0,24.8,81.2,38.4,37.4,23.0,53.9,36.6,116.85826771653544
56.3,152.0,35.4,85.2,77.8,98.5,96.5,59.5,39.6,35.8,21.3,25.1,15.0,11.6,50.5,21.8,71.1,42.0,36.1,21.9,53.3,33.9,134.3402489626556
92.7,169.7,39.9,103.9,96.3,114.3,110.6,70.1,49.8,43.4,23.7,30.1,18.2,13.2,58.0,26.5,81.1,45.0,39.0,29.6,55.9,36.7,156.40860215053763
80.1,164.0,39.2,99.2,93.1,106.8,108.1,67.4,46.8,40.2,23.9,29.0,16.7,13.2,54.0,26.2,82.0,42.5,40.6,27.3,56.1,37.2,135.1044776119403
77.2,167.2,37.2,97.0,88.9,110.4,106.5,69.5,43.7,39.8,22.2,27.7,16.1,14.0,54.1,23.8,79.5,41.3,38.6,24.1,56.7,37.4,129.44482758620688
70.4,166.2,38.4,93.6,80.5,100.8,105.7,61.3,38.9,36.7,21.3,27.2,16.2,13.9,57.6,26.7,84.5,37.5,41.4,23.9,56.3,37.8,130.62089552238805
59.0,160.1,36.4,88.2,77.6,96.7,99.0,57.5,37.3,35.2,20.8,24.5,14.7,12.6,55.6,24.0,79.7,40.5,37.9,21.8,54.8,35.2,123.14716981132074
64.0,158.0,36.3,97.8,79.5,100.7,98.7,58.2,39.9,36.8,21.2,26.7,15.0,12.5,53.3,22.7,74.9,39.9,35.9,27.0,54.2,31.7,153.62575107296135
84.2,167.6,39.7,99.7,93.6,111.2,106.8,71.3,47.7,41.4,23.3,30.9,16.5,13.0,55.3,24.9,79.9,43.2,39.9,26.0,55.5,35.4,124.625
54.6,153.6,34.7,82.2,70.2,95.7,96.8,56.4,39.6,37.0,22.2,25.6,14.9,13.5,52.0,22.8,72.3,38.8,32.1,20.3,55.4,34.8,129.51680672268907
71.5,156.1,33.3,93.2,91.8,115.6,96.7,72.6,42.5,37.8,22.3,25.3,14.8,12.4,52.5,25.2,77.0,39.5,38.1,24.0,55.6,33.2,139.27245283018868
57.5,147.5,32.8,90.3,82.8,101.2,95.0,61.9,39.3,37.4,21.2,23.9,14.0,12.8,49.5,22.0,71.5,41.2,36.4,24.3,54.4,34.3,122.90833333333335
52.2,153.2,33.5,79.8,69.8,90.7,97.0,54.9,35.9,36.4,20.6,23.3,14.6,13.5,51.5,24.3,76.2,35.7,37.2,21.3,57.2,36.0,130.73617021276596
72.5,164.6,37.5,95.7,83.9,107.2,105.4,63.3,41.8,40.1,24.4,24.6,15.0,13.9,57.0,25.1,83.0,41.6,38.3,26.5,55.0,37.8,153.92053231939164
51.7,165.7,37.3,85.4,77.4,91.3,97.1,52.2,34.3,31.8,18.8,22.2,14.4,14.0,55.0,24.4,80.8,45.2,37.9,19.9,55.0,37.2,128.91178707224333
63.1,164.8,38.9,89.6,82.8,99.4,98.3,56.2,38.8,36.8,21.1,25.9,15.2,11.5,54.4,25.1,81.1,42.9,38.3,22.6,56.0,37.0,101.84748201438849
53.7,158.6,34.5,80.4,72.2,91.2,93.5,55.8,37.7,35.7,20.4,23.0,14.0,12.6,53.2,22.9,81.7,42.2,38.2,20.2,55.0,33.4,105.23902439024388
59.7,160.9,36.0,90.0,80.5,96.3,101.3,55.1,36.7,35.3,22.5,25.3,15.4,13.8,53.1,22.6,77.3,43.9,38.2,22.8,54.1,37.1,110.8695652173913
60.7,156.2,39.2,94.4,82.1,95.7,99.8,57.1,36.6,35.4,20.3,26.5,15.1,12.6,55.3,24.4,75.4,39.1,35.0,25.0,55.4,35.8,128.0367816091954
57.7,150.7,35.2,87.5,79.7,97.2,98.0,59.6,45.3,39.4,22.0,26.2,15.3,12.2,48.5,21.0,72.2,40.7,33.4,22.4,54.5,34.6,122.70114942528737
49.9,146.8,35.8,88.1,76.4,91.1,95.4,55.6,35.1,34.4,19.9,24.1,14.1,12.1,49.0,21.9,69.7,38.0,33.8,23.3,53.4,34.5,121.49274193548388
68.7,163.6,37.7,92.6,84.7,101.1,101.3,63.5,40.8,39.5,23.5,27.1,16.0,13.3,51.7,23.1,77.3,43.9,37.7,24.5,55.4,36.7,131.80291970802918
68.0,158.5,37.0,102.1,86.3,99.5,105.7,61.7,40.4,37.0,21.1,26.5,15.7,13.2,52.7,23.2,75.4,40.8,37.4,27.5,54.7,36.1,131.80802675585284
63.2,160.7,37.0,91.9,86.8,100.7,99.7,58.5,36.1,35.2,21.3,25.2,15.2,13.8,53.3,22.4,76.4,42.6,38.4,23.5,59.6,36.1,134.399209486166
77.6,165.7,36.3,98.9,90.7,105.1,102.2,63.1,39.7,38.5,20.0,27.4,15.7,13.2,54.7,24.1,78.2,43.0,37.8,26.5,55.7,36.0,136.2543165467626
63.8,160.6,38.0,96.1,88.3,104.6,98.8,59.9,34.6,34.7,19.8,24.4,14.9,12.5,54.5,23.4,79.8,44.9,37.6,27.6,56.8,34.3,125.50373134328359
78.3,170.5,37.7,99.4,94.6,109.8,101.5,65.7,42.0,39.7,22.2,25.9,15.9,13.7,57.1,23.8,83.3,43.5,41.5,26.8,55.3,35.1,129.95759717314488
60.2,160.5,37.5,83.6,73.5,98.2,100.6,56.4,37.7,35.3,21.4,28.0,15.0,13.5,55.5,24.9,80.8,39.7,38.7,20.8,56.0,36.0,108.38260869565218
77.1,166.6,37.6,94.4,95.2,110.2,103.2,69.7,42.5,40.2,21.3,26.5,15.9,13.6,55.5,25.3,81.5,46.4,40.4,24.3,58.4,37.0,130.6550724637681
61.7,163.5,37.0,89.6,83.3,95.4,101.5,58.4,38.8,35.7,20.9,24.6,14.8,14.0,54.0,22.9,79.8,43.2,36.6,22.7,55.3,37.7,115.00383141762453
46.2,149.8,34.9,84.1,73.7,86.4,92.8,48.8,36.0,33.0,20.4,23.2,14.2,12.5,49.6,22.6,71.0,42.5,34.3,20.8,54.3,34.4,111.6901185770751
59.1,161.9,35.8,86.3,71.5,100.3,94.3,59.0,39.7,37.4,23.4,25.4,15.4,12.0,51.8,23.1,78.5,40.5,37.1,22.6,55.3,34.6,106.1065573770492
57.4,155.9,35.5,87.0,80.8,95.9,94.7,58.3,38.0,35.4,21.4,24.2,14.5,12.4,50.3,21.5,74.7,39.6,35.8,22.5,55.5,34.2,121.66666666666667
62.1,163.9,35.0,90.2,75.8,94.9,97.5,57.3,40.5,38.9,22.0,24.8,15.2,13.2,54.0,23.8,80.8,40.3,38.4,24.5,57.2,33.9,121.35341365461848
61.8,157.4,38.0,91.4,88.3,97.7,98.7,59.4,39.0,35.0,21.4,26.0,15.0,10.8,53.4,24.4,74.3,44.3,35.5,25.5,55.6,34.3,132.06083650190115
51.8,153.0,36.1,82.4,78.9,92.0,94.6,55.4,36.2,33.8,19.6,23.5,14.0,12.7,49.5,20.8,73.6,39.4,35.7,20.5,54.6,35.1,111.59685039370079
63.1,155.2,37.5,88.1,81.2,102.2,98.5,63.0,40.3,39.2,21.6,25.6,14.9,13.4,53.7,22.0,74.9,40.4,38.0,22.5,56.0,36.0,125.2671875
65.3,157.2,37.0,92.9,83.8,100.8,102.9,60.6,39.6,35.8,21.6,25.0,15.4,12.5,53.0,22.0,75.5,41.6,36.7,25.1,56.0,36.5,120.14628975265018
64.6,167.0,36.3,90.0,77.0,96.4,106.4,57.8,39.4,38.3,20.3,24.8,15.0,14.0,59.0,27.0,84.6,41.3,41.1,22.8,57.7,38.6,139.48339483394835
56.9,157.4,33.8,80.7,70.7,92.8,97.2,57.4,39.5,37.7,20.7,26.1,15.2,13.5,53.3,23.1,76.9,40.9,39.5,21.7,59.0,35.8,107.82323651452282
66.1,163.6,37.0,95.0,79.8,100.8,101.3,61.4,39.8,38.0,22.7,26.4,15.2,14.0,57.6,25.1,82.9,41.1,38.4,24.6,59.0,37.7,138.90151515151516
59.8,157.5,36.1,89.2,85.6,99.4,99.1,56.8,37.2,35.1,21.3,26.4,15.2,12.5,51.0,22.9,73.2,44.2,37.8,21.1,53.7,35.8,118.48955223880598
53.3,167.6,35.3,85.2,71.6,94.4,91.8,54.2,36.1,32.7,19.5,23.9,14.6,12.6,57.4,24.6,82.0,41.4,41.8,21.2,56.3,35.3,113.26190476190474
75.5,170.5,39.5,107.1,94.0,101.1,110.1,58.3,39.1,37.1,22.0,27.7,16.7,14.8,60.6,26.8,84.3,46.4,40.8,30.1,56.4,39.8,151.30570469798658
70.2,160.3,39.4,98.7,90.7,103.4,104.8,62.6,40.5,38.9,22.5,27.8,15.8,13.9,52.5,23.2,80.0,40.8,38.1,27.0,56.4,37.9,124.50848056537104
65.5,159.3,36.9,96.1,83.2,103.2,102.2,61.6,39.0,35.7,21.2,24.7,15.0,12.7,55.3,24.3,75.6,44.0,37.1,26.7,57.7,33.9,128.62053231939163
64.4,161.1,38.6,91.2,83.6,96.5,105.9,58.9,38.8,35.4,19.6,25.8,15.9,13.7,56.5,25.3,81.8,39.2,39.3,24.4,58.8,37.8,128.793893129771
68.0,167.3,38.1,94.7,84.0,102.6,99.8,60.2,40.7,36.4,22.0,25.1,16.0,12.9,56.3,24.4,80.3,43.0,39.3,24.3,55.8,35.7,101.48737201365188
71.5,168.9,37.7,89.3,79.0,104.0,108.0,61.6,40.2,39.8,21.7,27.6,16.6,13.5,57.6,26.4,84.5,41.0,39.7,23.2,55.4,38.9,122.66483516483518
49.9,152.9,36.0,83.7,73.3,91.8,97.0,54.5,36.3,35.9,19.2,23.5,14.3,13.0,50.8,22.5,71.2,42.5,36.3,20.0,53.7,36.6,108.15168539325843
52.3,160.2,33.4,88.2,70.0,89.9,94.8,51.3,35.4,33.7,19.8,24.5,14.8,13.9,54.4,23.8,77.7,40.1,38.1,22.0,53.9,32.1,119.67529411764706
74.0,176.4,37.8,105.7,80.5,100.6,103.4,58.1,39.0,37.5,20.8,27.1,15.7,13.1,56.5,24.3,84.7,45.5,41.4,28.6,57.0,36.3,160.26714801444044
75.0,164.8,38.6,95.6,93.7,110.2,102.1,67.6,45.3,41.5,22.0,27.9,15.9,13.0,58.6,25.9,82.3,42.1,39.7,24.5,52.4,36.9,128.50579710144928
60.4,158.7,37.2,97.6,86.7,97.6,98.0,57.6,34.4,32.2,18.8,25.7,15.1,13.1,53.0,24.4,78.6,43.2,38.3,24.8,53.7,34.9,145.64923076923077
43.0,149.2,32.8,80.8,64.1,82.2,90.6,47.4,33.1,31.8,19.8,21.8,13.7,14.6,51.4,23.0,74.0,37.0,31.8,20.5,57.3,34.3,114.46666666666667
75.0,156.7,40.7,108.2,95.1,106.3,107.8,63.2,40.9,36.5,20.9,27.0,15.7,13.4,52.0,22.1,72.4,42.6,36.3,26.1,58.0,37.5,136.8411764705882
71.6,156.3,37.8,100.2,84.5,110.3,110.1,65.6,44.4,37.2,21.8,27.0,15.6,14.8,56.7,24.4,79.6,36.1,35.2,26.7,56.6,39.1,144.41637010676158
72.3,166.3,37.6,96.6,87.6,101.9,105.4,61.8,41.9,35.9,20.4,27.2,15.3,13.2,57.0,25.4,81.6,42.5,41.6,24.3,56.7,37.6,144.72044609665429
76.5,161.7,39.2,103.0,95.1,108.1,108.5,66.2,44.4,40.3,22.4,26.4,15.5,14.3,53.6,23.5,74.9,44.1,34.3,27.6,57.1,38.6,136.66013071895424
66.0,168.3,35.5,90.4,79.0,96.9,107.0,57.8,40.7,37.3,21.2,26.0,15.0,15.9,61.9,27.0,85.3,41.3,38.0,24.4,56.3,40.6,126.21886792452828
60.0,163.6,36.0,91.4,75.2,97.9,98.7,58.8,37.4,36.7,20.5,24.1,14.5,14.0,54.0,23.8,80.5,41.3,39.0,23.3,55.6,36.6,128.23283582089553
69.5,162.8,35.9,93.3,80.7,100.8,105.6,61.9,41.4,43.0,23.8,27.2,14.8,12.7,56.0,23.4,80.6,41.3,38.4,23.4,56.9,37.0,120.34347826086955
63.7,153.6,36.2,91.7,85.2,98.4,101.0,61.3,38.4,37.3,21.7,25.7,15.6,12.0,53.2,22.1,75.2,38.4,36.9,25.0,54.4,34.8,128.05249999999998
60.2,153.0,37.1,87.4,88.0,98.9,102.3,58.5,38.1,35.7,20.8,24.9,15.4,12.5,53.3,22.9,72.0,42.1,34.5,21.9,58.8,37.6,120.5984496124031
81.5,167.8,39.0,102.2,91.3,110.5,107.1,67.0,43.7,40.5,24.5,28.1,16.4,13.4,60.5,26.1,84.0,41.4,38.7,27.6,56.5,37.5,143.5148936170213
77.3,168.2,38.6,95.6,88.5,105.4,107.4,63.0,43.3,37.8,22.7,28.3,17.0,13.9,60.1,27.1,85.1,44.1,40.4,25.6,58.0,37.0,135.83320463320462
53.7,158.5,36.1,85.0,74.2,90.0,99.4,52.3,35.2,32.7,20.3,25.3,15.6,12.6,54.6,24.5,80.4,40.8,36.9,21.0,52.0,35.5,132.2983870967742
67.2,158.8,35.0,91.2,82.6,100.2,102.2,63.4,42.2,40.7,23.8,26.4,14.5,13.5,56.5,23.4,79.7,41.2,37.1,23.9,56.6,35.0,125.4
69.8,171.8,37.6,89.5,82.0,99.3,108.2,61.2,38.3,35.2,22.9,26.1,16.0,14.7,60.0,26.5,87.6,43.1,41.5,22.4,58.8,39.8,128.67735849056604
80.9,165.5,39.0,102.1,101.0,117.6,106.8,68.1,43.7,37.0,22.6,28.2,15.7,12.3,57.8,23.2,79.0,46.4,39.3,25.3,54.5,34.4,149.25163636363635
72.2,170.5,36.5,89.3,82.0,105.3,104.3,64.7,41.4,38.8,21.2,24.7,15.0,12.1,57.7,25.2,85.4,45.0,40.6,23.6,56.3,39.0,114.72116788321168
63.0,160.8,37.0,97.6,79.2,96.5,100.9,54.1,37.7,39.4,21.7,27.5,15.8,12.4,54.3,23.9,77.5,42.5,39.9,25.1,54.9,34.8,136.86436781609194
65.4,160.7,36.6,88.6,76.6,98.9,103.9,59.2,42.3,39.3,22.1,27.2,15.3,13.9,59.4,25.6,82.9,39.1,41.1,22.5,58.5,36.5,126.08461538461538
48.4,149.0,35.2,84.7,72.8,90.0,91.6,51.8,35.7,32.8,21.6,24.3,15.2,11.7,48.8,21.1,70.0,39.8,32.7,22.9,53.5,32.7,121.3919028340081
65.3,156.3,37.5,95.6,89.5,98.7,102.3,61.0,39.5,36.5,20.7,24.6,14.7,12.9,53.0,23.5,77.3,42.0,36.8,26.0,55.8,35.7,125.58523985239852
66.9,167.7,36.5,82.4,81.1,106.4,99.1,63.2,42.6,38.4,21.6,24.6,14.8,13.4,56.8,24.9,84.6,41.5,38.9,20.9,57.1,34.7,106.48615384615384
66.8,161.5,37.8,94.5,85.6,102.5,103.7,62.5,39.4,36.7,21.1,26.7,15.4,12.6,56.9,24.5,77.7,40.9,37.9,24.6,56.3,36.4,135.75559701492537
67.2,157.0,36.1,90.7,77.2,107.6,103.1,64.3,41.0,40.7,22.2,26.9,15.7,13.1,54.7,24.4,78.9,36.0,35.9,25.0,59.2,36.8,121.71139705882351
59.7,156.3,34.5,88.7,82.6,103.4,98.0,62.3,39.0,35.4,20.5,23.8,14.4,12.8,52.8,22.5,73.3,38.3,36.2,22.9,53.7,35.3,125.46159695817491
65.8,162.7,37.1,92.9,84.4,98.3,102.3,61.5,39.0,37.7,22.6,26.8,15.2,12.7,56.4,23.2,78.2,42.8,38.5,24.0,55.8,35.9,130.7746153846154
65.7,174.3,39.0,86.3,75.6,99.0,103.3,58.7,38.0,35.1,20.3,26.1,15.0,14.0,58.2,26.0,88.7,43.0,45.4,22.5,60.0,38.8,111.37584905660376
68.1,163.5,36.0,91.7,89.3,105.0,101.7,60.4,40.8,37.4,21.3,25.5,16.0,14.3,54.7,23.2,78.6,41.5,38.6,23.5,57.8,36.4,130.0223880597015
89.4,169.9,40.3,107.0,105.9,119.3,110.6,70.4,45.3,40.5,22.5,29.4,16.7,13.3,60.6,26.6,84.2,46.5,41.7,28.8,58.0,36.9,140.327868852459
64.3,150.3,38.1,88.3,78.1,103.5,102.9,65.4,42.7,39.3,22.7,27.5,15.0,13.5,51.1,23.2,72.8,37.4,37.0,22.8,57.0,36.0,130.1633466135458
85.7,163.7,40.5,110.3,93.2,111.6,108.6,67.1,44.7,43.5,25.8,30.2,17.4,15.1,53.5,22.5,77.0,44.6,38.0,30.2,56.6,37.8,157.62343234323433
56.0,154.4,36.7,85.4,74.6,93.5,97.6,57.6,39.5,34.7,20.7,24.8,15.4,11.5,51.5,23.4,75.4,40.5,36.2,21.9,56.3,34.5,117.6264150943396
61.3,149.3,35.9,90.8,80.1,96.2,104.4,60.3,41.3,38.4,23.1,27.2,15.4,12.0,52.0,21.5,72.0,39.7,33.4,24.1,56.4,36.1,135.17593984962406
66.2,164.5,38.0,91.3,92.8,101.0,104.1,58.4,37.8,35.3,21.8,25.2,15.8,12.5,56.6,24.1,79.9,45.5,36.2,22.8,55.7,38.4,112.12280701754386
71.9,170.7,38.4,92.3,80.6,102.5,104.6,60.3,42.9,42.5,25.7,28.8,18.0,14.2,59.1,25.5,84.2,43.8,36.9,24.9,53.4,39.4,125.0952380952381
58.6,161.1,35.4,88.9,74.9,96.7,99.9,57.9,37.1,36.9,19.6,24.0,14.0,13.6,52.2,22.3,78.4,41.4,35.8,24.7,55.6,35.6,143.32857142857142
57.6,154.3,37.8,84.5,76.7,92.6,103.4,55.3,39.0,37.7,22.2,28.2,15.4,12.7,51.2,22.4,75.0,42.0,34.2,20.9,56.2,36.5,110.01568627450982
56.0,160.4,34.9,87.4,74.8,93.2,98.0,55.5,38.0,34.4,20.7,24.4,14.2,13.0,53.5,22.2,77.6,41.9,37.0,22.7,57.0,35.9,118.44555984555984
61.6,158.8,36.3,85.1,79.8,99.0,96.2,59.3,40.9,39.9,22.0,25.9,14.9,11.7,54.0,23.3,77.8,43.0,38.6,23.9,55.6,33.7,118.64564315352698
53.3,154.3,36.2,81.1,72.2,91.2,94.7,54.9,38.4,37.0,24.7,26.5,16.2,12.7,50.8,23.3,74.2,39.2,35.5,21.8,56.8,33.7,121.83348416289593
67.8,163.0,37.0,99.8,88.8,103.4,100.6,62.7,38.5,36.5,21.3,25.6,15.2,13.0,54.0,23.4,80.3,41.6,37.5,26.7,53.7,35.4,146.34850746268657
77.6,167.4,40.8,97.4,78.4,100.0,113.4,58.2,40.6,37.8,23.7,27.5,16.2,16.4,53.8,24.7,81.0,42.3,38.9,25.2,58.8,39.9,134.17346938775512
65.8,156.0,35.0,93.5,77.8,101.2,106.5,62.1,42.4,38.4,22.7,25.4,14.5,14.2,54.0,23.1,72.6,40.3,35.3,24.0,57.8,36.1,147.6315789473684
66.6,162.0,37.9,100.1,93.0,99.7,98.4,59.1,39.0,37.0,21.7,26.0,15.4,11.3,55.0,23.4,77.8,44.0,34.9,27.7,56.5,34.9,121.44485294117646
54.9,161.3,35.7,79.0,74.0,95.7,95.7,58.4,38.4,35.0,21.7,25.2,15.4,13.7,53.7,24.6,77.8,41.6,36.0,19.2,54.1,36.3,105.75806451612902
53.9,154.1,34.2,85.4,81.8,92.7,99.8,52.9,36.7,35.0,21.3,23.4,14.7,13.4,50.8,21.9,74.2,41.9,33.4,22.9,55.2,36.3,103.56343283582089
81.4,159.5,39.3,105.6,102.6,115.3,108.5,70.4,45.0,39.9,22.5,29.9,14.7,13.0,54.7,24.0,77.0,44.3,36.9,28.0,57.7,36.8,150.0431654676259
61.1,160.0,36.5,92.3,79.6,95.0,100.8,57.4,38.6,36.3,23.8,25.9,15.5,11.6,54.7,24.4,79.4,43.6,37.8,25.8,56.4,33.5,105.04291044776119
77.7,169.0,39.5,94.2,86.5,107.8,104.4,66.2,43.4,42.7,23.8,26.7,15.8,13.2,57.6,25.7,82.6,41.8,38.7,25.2,57.5,36.6,126.92210526315789
72.5,161.2,37.7,93.0,89.2,104.6,100.1,63.9,43.0,41.1,25.5,27.8,16.1,13.0,53.0,23.5,79.1,44.4,37.5,27.1,57.0,33.0,126.62307692307692
66.4,155.9,39.2,94.5,89.1,99.5,101.9,62.4,40.4,37.2,21.7,27.1,15.8,12.0,51.8,21.9,73.9,44.7,33.3,24.8,53.7,34.5,129.5509090909091
80.6,167.8,37.7,103.7,98.5,111.0,107.4,64.5,41.9,39.9,24.4,27.2,16.5,14.0,59.1,25.2,81.3,45.0,39.3,27.2,56.7,37.6,138.7155844155844
52.2,160.8,34.0,83.6,76.7,94.9,91.2,53.3,35.7,33.8,20.1,24.8,15.1,13.8,53.6,23.8,78.5,41.3,37.3,21.6,54.7,33.0,106.99423868312758
47.8,155.9,35.0,79.0,69.8,88.1,93.2,51.0,34.4,33.3,21.6,23.0,15.4,12.2,51.1,22.7,71.9,43.2,34.7,20.1,55.3,34.7,108.625
84.5,168.3,39.7,104.0,103.1,111.3,107.5,70.8,44.5,41.6,22.0,27.3,15.5,13.4,56.0,24.3,85.8,43.5,38.9,27.5,57.2,37.6,137.9935275080906
68.5,158.6,37.8,98.5,86.9,106.0,108.1,60.8,39.7,37.4,22.5,25.1,14.8,13.7,54.4,24.1,76.9,41.8,37.2,24.8,56.8,38.3,131.33333333333331
64.6,164.6,37.0,93.2,85.3,98.3,99.0,58.2,38.0,37.7,23.5,27.0,16.0,13.3,55.1,24.2,81.1,43.4,39.1,24.8,55.4,34.9,120.48669201520912
67.9,165.6,38.2,90.8,78.8,101.9,104.8,60.7,41.5,37.6,22.0,25.8,16.3,14.0,53.6,23.9,81.1,40.5,38.2,24.5,59.7,36.7,127.19066147859921
50.9,151.5,37.7,82.0,75.5,90.1,94.2,54.5,35.3,35.0,20.8,24.6,15.2,12.4,50.2,21.9,72.9,40.3,33.6,20.5,57.7,34.3,114.8
74.5,175.4,39.6,95.3,86.8,101.8,108.5,60.7,40.1,38.9,22.7,27.1,16.4,13.6,59.2,26.1,86.3,45.2,38.9,23.8,55.7,40.0,116.55156794425086
67.0,169.9,37.7,93.4,77.3,102.8,103.0,59.2,41.7,39.2,23.0,26.9,15.7,15.0,56.8,24.7,82.8,46.6,38.8,23.5,59.3,38.1,129.60942028985508
57.3,157.3,36.1,96.9,84.7,94.0,92.7,53.5,35.7,32.7,19.5,24.0,15.0,11.4,54.6,23.2,75.0,41.2,38.3,26.2,56.7,33.6,133.37566539923955
59.7,165.7,35.5,84.1,79.9,98.2,94.9,56.6,38.5,36.3,21.5,24.2,15.0,12.0,56.5,24.8,82.0,42.4,42.4,21.5,53.8,32.2,116.80555555555554
66.5,165.5,35.4,99.8,89.5,97.3,99.0,57.0,39.8,38.3,22.9,24.3,16.0,12.5,57.2,23.8,80.8,44.3,37.3,24.2,56.8,33.4,121.28472222222221
50.5,150.2,33.8,82.6,74.0,89.6,93.5,53.2,35.8,34.7,20.2,23.8,14.6,12.7,50.0,22.0,72.7,37.4,34.8,21.2,53.6,33.5,111.25714285714284
74.9,165.3,39.1,95.3,92.7,107.4,101.1,63.4,41.5,39.3,22.3,28.6,15.9,11.7,54.0,23.1,77.3,46.5,38.7,25.0,56.8,35.0,137.53522727272727
75.6,163.3,39.9,100.1,90.5,104.6,106.5,64.9,44.7,39.2,24.9,29.2,16.5,13.9,53.7,22.7,76.5,44.0,37.0,27.1,55.8,37.1,146.40960854092526
63.4,158.5,36.8,95.6,83.7,95.3,103.1,59.9,37.4,36.6,21.1,26.8,15.0,13.4,56.8,24.4,78.7,41.3,38.1,25.3,53.0,36.4,121.99701492537312
76.8,163.2,40.0,97.5,89.6,112.3,105.4,67.3,43.3,41.3,23.7,27.8,16.8,12.3,56.2,24.7,75.1,43.0,37.0,25.2,56.5,35.3,121.46464646464646
80.4,161.6,39.9,101.9,96.8,112.2,111.1,68.3,43.5,40.3,23.0,30.1,17.0,12.8,56.0,24.2,77.3,43.0,37.5,28.3,55.5,37.6,133.89590443686006
76.2,167.0,38.5,97.1,94.1,109.1,105.6,65.2,41.8,40.0,22.2,26.0,15.7,14.8,55.5,24.1,81.5,45.0,37.5,24.7,54.7,36.8,130.93275261324044
52.6,163.2,36.2,89.0,69.8,91.9,96.5,51.7,35.6,33.2,19.0,23.5,14.0,11.7,52.7,22.1,76.6,42.1,36.4,22.4,55.6,35.4,125.56589147286823
65.3,164.8,34.7,83.4,78.5,98.3,105.5,61.7,42.3,37.7,21.7,24.1,14.9,14.5,59.0,25.2,85.5,40.6,36.2,21.5,61.1,39.3,120.0
72.6,157.6,38.0,104.6,92.8,103.0,102.7,62.5,41.2,37.3,20.7,27.9,15.2,12.4,57.7,25.7,80.1,43.9,36.8,27.9,57.4,34.6,133.3923344947735
55.7,160.6,36.4,92.0,78.3,91.5,97.0,53.8,35.3,34.2,20.1,22.1,13.9,12.9,54.0,22.7,76.2,43.2,37.4,23.5,54.7,36.0,127.578125
59.9,165.2,35.6,86.9,77.2,98.1,100.3,57.3,37.4,35.9,22.7,25.4,15.4,13.0,55.0,24.9,79.3,43.0,36.5,21.5,55.2,37.0,118.82916666666668
75.9,162.5,37.0,100.3,97.0,107.1,104.0,63.6,41.8,39.3,22.7,25.8,14.5,13.5,53.5,24.6,80.0,44.6,38.1,27.2,56.7,37.0,128.71833333333333
60.7,159.8,37.6,95.5,88.0,96.0,98.4,58.6,38.1,35.3,20.2,26.2,15.3,12.2,51.0,22.0,77.8,44.0,37.6,25.6,52.7,33.5,134.36627906976744
66.9,161.8,36.2,106.8,94.6,106.4,99.4,61.5,36.8,33.8,19.7,25.2,14.6,12.1,56.2,24.2,76.5,39.6,37.3,28.7,55.1,35.2,139.48612099644126
69.7,167.4,39.1,98.8,91.5,101.4,102.4,58.7,36.8,37.4,21.3,25.0,16.5,12.5,56.1,24.6,80.4,40.9,39.8,26.7,54.7,36.2,134.92043010752687
61.4,156.3,35.9,91.2,85.5,102.5,103.5,59.7,38.1,35.3,20.5,23.5,14.7,14.1,50.9,23.5,72.0,40.6,34.5,23.3,55.7,36.7,119.58041958041959
74.2,172.8,38.5,102.7,88.1,109.8,107.5,62.9,42.0,36.0,21.6,26.9,16.5,14.7,56.6,26.4,82.1,40.6,40.9,25.9,57.2,39.3,134.86227758007118
67.1,159.0,36.7,99.5,85.5,105.5,103.9,63.1,40.6,37.2,20.9,25.8,15.0,13.5,52.5,22.7,75.3,41.7,38.6,26.0,54.8,36.5,144.43548387096774
57.7,163.6,37.6,83.4,82.5,97.4,104.3,58.2,35.7,35.8,19.6,24.7,14.9,14.1,55.3,23.8,80.2,39.7,39.2,18.7,55.6,38.2,105.63999999999999
80.3,165.5,40.7,97.2,93.9,106.1,112.1,66.2,46.8,41.1,21.7,29.8,16.0,14.9,55.0,25.1,80.3,42.0,38.6,25.5,57.4,37.5,136.76210526315788
63.4,170.7,35.1,92.8,83.7,100.3,103.9,57.7,36.7,35.7,20.6,27.2,15.9,14.4,55.6,24.3,81.0,45.1,39.1,23.2,56.0,37.5,114.92669039145908
68.1,167.6,38.8,89.1,82.2,106.2,99.6,63.2,42.9,38.9,22.6,26.7,15.5,13.9,54.7,24.7,81.4,42.4,38.0,23.2,56.2,36.6,113.01286764705883
73.4,163.3,38.6,99.8,89.5,108.3,105.5,63.9,42.8,39.4,24.0,26.3,16.0,13.7,55.5,23.7,74.9,41.6,34.6,26.8,58.0,36.7,140.6902777777778
67.2,160.7,38.2,98.3,80.3,103.2,105.0,61.8,43.1,38.4,22.0,26.8,15.2,13.9,53.2,22.9,76.3,38.9,33.4,24.8,56.7,37.6,131.39433333333335
66.2,161.8,34.9,91.9,91.1,103.6,100.0,59.9,40.8,37.7,21.4,25.2,14.7,13.2,51.2,22.5,73.9,44.0,36.9,24.7,54.8,33.8,122.15514403292181
70.3,170.8,36.2,91.6,82.2,108.6,106.3,63.7,41.7,37.8,21.7,26.8,16.2,13.5,53.5,23.8,80.1,44.1,36.3,23.0,55.2,37.7,127.82985074626865
70.9,173.5,38.5,92.0,79.0,102.2,107.2,60.8,40.0,38.7,23.6,25.8,16.4,13.4,55.6,24.5,82.7,41.5,38.3,23.9,57.6,37.5,130.9608540925267
58.6,171.5,37.9,85.5,70.0,91.5,102.5,53.0,35.5,34.6,19.7,25.0,15.2,13.5,58.5,26.5,85.0,41.5,40.0,23.6,57.5,37.8,117.5625
49.3,157.0,34.2,92.3,72.7,89.8,95.0,51.6,34.5,32.7,19.7,23.5,14.4,13.5,52.0,22.9,73.7,41.2,35.1,23.4,52.3,35.1,119.55393700787401
73.3,164.2,37.6,98.8,84.9,104.5,102.5,64.5,44.4,41.4,22.7,28.7,15.2,13.0,53.2,23.8,76.9,39.6,37.9,25.7,56.5,36.4,140.62773722627736
99.6,178.8,40.9,109.8,117.4,117.0,109.3,72.8,47.6,43.9,22.7,28.2,17.2,14.2,58.1,25.3,82.6,51.5,39.5,29.7,58.2,37.5,140.20065146579805
64.8,160.0,36.4,91.3,83.7,103.5,101.8,61.9,39.8,35.1,22.6,26.4,14.9,12.2,54.2,24.7,78.5,40.6,38.2,24.0,54.6,34.6,137.66889763779528
72.9,167.5,35.7,93.6,83.5,103.3,104.5,64.6,43.8,40.7,22.6,27.8,15.0,14.5,56.0,24.0,77.5,43.7,37.1,26.0,54.7,36.6,146.58113207547171
90.2,163.4,43.2,109.3,111.4,116.5,110.8,70.2,47.7,41.3,22.3,31.6,16.7,14.9,53.5,23.0,77.6,50.6,39.3,29.1,53.1,36.3,166.3089928057554
75.4,157.6,36.7,103.7,96.0,107.8,101.7,64.7,45.5,43.3,22.9,27.1,15.4,12.6,52.2,22.2,73.4,45.3,37.6,27.0,53.9,34.3,127.74117647058824
65.4,159.9,36.1,90.3,81.4,98.8,106.9,62.9,43.2,37.8,22.0,26.6,15.8,15.4,54.1,24.1,77.8,42.6,36.2,23.2,56.0,38.8,127.2409090909091
70.8,159.8,37.7,88.3,82.4,105.4,102.9,67.2,44.9,43.2,23.6,28.3,16.1,13.0,51.2,23.3,76.1,39.9,34.9,22.8,56.9,36.2,120.83157894736841
64.7,154.8,37.7,98.6,88.9,101.6,101.0,60.0,38.9,36.2,20.2,26.0,14.9,12.9,50.0,21.8,72.8,39.3,36.2,26.8,55.4,34.8,132.53840579710146
63.1,160.7,36.8,92.0,79.0,99.3,103.1,59.3,40.7,36.7,22.2,27.4,15.5,13.5,54.2,25.8,78.7,43.1,37.9,24.2,58.7,36.7,133.22962962962964
66.6,168.6,37.8,90.4,77.5,102.7,99.6,62.8,41.3,37.8,21.7,27.7,15.1,12.9,56.5,24.5,80.4,46.0,37.5,23.9,56.9,35.1,123.97714285714285
66.7,164.0,37.3,86.5,82.7,100.3,98.8,61.7,41.8,40.7,23.7,25.5,15.2,11.9,52.6,22.7,74.7,45.0,35.4,22.0,57.5,35.5,109.3131868131868
49.7,156.3,33.5,86.4,70.7,90.3,94.0,53.0,36.6,34.4,22.3,22.8,13.8,12.7,53.1,22.2,74.1,41.9,34.6,22.0,54.2,34.3,103.15437262357413
55.8,159.1,34.4,84.8,78.8,95.3,95.6,57.9,38.0,34.0,20.3,25.1,14.0,12.0,52.5,22.9,75.1,42.7,35.4,21.8,55.5,35.1,106.7601593625498
92.1,167.8,39.7,109.7,98.2,116.0,110.1,70.1,46.6,42.2,22.0,30.5,16.6,14.3,59.5,26.2,83.9,43.5,40.4,30.5,56.3,35.4,159.49556313993176
69.5,167.0,35.5,93.7,80.4,104.4,102.4,64.2,41.5,39.4,23.6,25.3,15.4,14.4,54.5,23.8,80.6,45.1,36.3,24.3,58.7,36.6,129.41083916083915
56.3,152.9,36.7,94.7,84.7,91.4,99.0,53.8,35.7,34.4,20.4,24.2,14.8,11.4,51.4,22.3,71.8,40.6,34.1,25.4,57.7,34.8,139.4672727272727
60.3,161.6,36.7,86.0,75.7,97.0,99.9,57.8,39.4,35.7,21.8,27.3,16.2,13.8,53.5,23.2,77.8,43.4,36.9,22.2,52.7,35.7,121.63346613545818
64.7,162.0,36.6,95.9,86.0,102.2,103.0,60.2,40.6,38.8,21.7,24.7,15.5,15.7,53.7,23.0,78.5,44.8,35.3,25.1,54.4,39.7,127.6289962825279
64.2,151.0,36.8,94.5,82.7,104.1,100.5,63.2,43.6,39.4,22.7,26.3,14.5,13.6,49.1,21.9,70.9,38.0,30.7,23.8,55.5,35.2,140.6679389312977
70.1,162.6,36.9,102.2,85.2,106.9,104.4,64.7,41.1,39.1,23.9,25.8,15.3,13.6,51.0,22.5,76.1,40.5,36.7,26.1,57.1,37.2,140.0
58.3,160.0,36.0,85.9,81.5,98.5,97.4,58.6,38.2,37.0,20.2,25.4,15.2,13.4,53.7,23.9,76.0,44.0,33.8,21.5,55.4,36.1,114.76518218623482
84.3,167.9,40.2,107.6,96.6,110.8,111.0,67.0,42.7,42.0,25.0,28.6,17.1,14.6,56.8,23.9,78.2,45.4,36.9,28.8,58.5,39.2,141.11475409836063
69.6,160.0,37.0,105.5,92.8,106.8,101.7,63.5,40.0,36.5,21.5,27.3,15.7,13.5,54.0,23.7,73.6,43.5,35.8,27.6,55.7,36.1,149.09201388888889
73.5,161.8,38.4,107.2,90.6,106.2,106.0,62.1,41.7,38.0,20.8,27.9,15.6,12.2,54.4,24.4,78.7,42.5,36.0,29.0,57.8,35.2,146.27959866220735
47.0,162.9,36.8,86.3,72.9,85.9,93.8,49.5,32.7,30.8,18.3,23.6,14.6,12.2,52.4,22.7,78.9,42.4,37.2,22.3,52.7,35.0,120.95590551181101
60.8,165.1,36.9,90.1,77.5,97.3,99.2,58.4,39.3,36.4,20.7,24.5,14.9,13.5,56.6,23.9,78.6,43.3,35.7,24.0,57.3,37.5,118.97374517374517
51.5,159.6,34.0,79.1,74.2,93.3,91.7,55.2,38.2,33.3,19.7,23.4,14.3,14.5,56.0,25.0,79.6,38.0,37.1,19.7,56.3,35.2,106.48076923076924
71.7,165.4,39.0,98.3,88.2,107.0,104.0,65.1,39.7,37.4,21.7,26.4,15.0,11.7,56.6,24.5,81.6,41.7,38.4,25.2,59.1,36.6,119.8780487804878
88.9,177.6,43.3,103.5,99.5,116.7,116.1,70.8,43.2,37.8,21.2,28.9,16.1,14.6,62.5,27.6,89.7,44.6,38.8,28.3,59.4,40.4,127.12861736334405
53.2,154.6,35.5,84.5,70.5,95.6,94.5,55.5,37.7,34.1,20.6,24.7,14.5,12.5,48.3,20.4,74.2,40.3,35.4,21.0,53.8,35.0,118.92592592592594
74.7,167.6,36.5,99.0,87.6,99.9,106.5,59.8,44.4,40.0,24.1,25.1,15.4,14.0,57.0,23.9,81.3,43.6,41.3,26.1,56.7,37.5,129.79264214046822
62.2,158.5,37.5,92.4,77.5,101.8,99.2,61.9,42.2,37.4,23.1,25.7,14.8,13.4,51.2,21.5,74.0,37.5,33.4,23.5,54.1,35.7,122.85393258426966
57.4,159.4,36.6,89.9,73.3,92.4,101.5,53.8,36.5,34.8,20.9,25.7,15.6,12.8,51.7,22.4,72.9,38.5,34.1,23.1,54.8,35.7,125.52075471698113
56.5,162.9,35.9,87.0,78.1,95.0,100.4,54.1,37.4,35.3,21.0,23.4,15.0,15.1,53.2,23.3,75.5,43.7,35.1,21.1,55.1,38.2,108.18819188191883
64.6,158.1,36.4,97.2,84.0,101.7,102.4,60.9,42.0,38.3,23.0,26.4,15.3,13.2,53.0,22.7,76.9,38.8,35.1,24.0,57.7,36.5,143.68695652173912
52.9,161.4,37.0,85.5,75.1,90.2,92.4,53.1,32.3,34.0,19.5,26.2,14.0,10.8,53.7,21.7,77.3,41.3,36.9,22.5,53.3,33.3,110.76923076923076
64.8,155.9,38.7,94.7,83.4,101.2,103.4,63.0,41.3,37.7,20.8,26.0,15.2,13.1,51.4,21.9,72.6,39.0,35.6,25.0,54.9,36.6,128.10445205479454
75.1,169.7,37.3,96.7,87.8,105.4,109.5,63.3,41.4,38.0,21.8,26.3,15.7,14.9,57.0,26.2,83.1,41.8,38.6,25.8,59.7,37.7,135.65827338129495
74.0,167.4,36.9,102.6,87.9,103.1,110.8,62.8,39.4,38.7,23.7,27.9,17.1,13.7,57.3,24.1,78.9,44.4,36.2,27.1,57.7,38.7,137.59271523178808
75.8,169.2,38.5,101.8,97.4,103.9,108.7,61.8,39.3,38.8,21.7,27.5,15.4,14.6,59.8,24.6,80.5,47.0,37.1,28.1,56.2,37.8,133.09662162162164
55.4,161.5,34.8,84.9,76.0,90.3,94.0,54.3,38.2,36.7,21.8,24.4,14.5,12.8,53.2,23.5,75.3,44.0,36.0,21.3,53.9,34.4,116.12758620689655
85.2,176.2,40.7,104.5,96.4,107.5,110.0,65.6,41.7,39.2,21.2,28.9,16.0,14.5,60.7,27.5,87.4,44.8,39.0,27.4,59.5,35.0,148.0700325732899
81.4,157.3,39.8,98.6,102.5,115.5,106.1,73.9,43.3,42.2,22.2,27.7,15.0,13.0,52.0,23.4,73.5,43.7,37.0,27.0,56.9,35.5,144.89605734767025
82.4,167.4,39.3,106.4,96.6,110.2,111.0,69.2,46.4,40.7,23.3,28.2,16.2,13.7,57.0,24.2,78.0,48.7,37.9,26.8,54.4,38.2,138.13966101694913
50.3,153.1,34.5,87.4,76.1,93.0,94.3,54.2,35.5,32.0,18.8,24.8,14.3,12.1,49.8,22.9,73.5,38.9,35.6,24.2,52.3,34.3,118.7926530612245
60.7,150.5,35.6,96.4,90.5,99.8,97.3,60.1,40.7,37.2,20.7,23.9,14.0,13.1,52.3,22.4,70.4,43.0,32.6,26.2,55.3,35.4,135.17343173431738
69.2,170.0,38.2,85.8,85.1,100.7,105.5,61.8,39.9,37.4,21.9,26.1,16.0,14.3,57.4,26.0,84.2,46.2,39.4,22.5,59.0,39.0,119.74285714285713
64.0,153.9,34.7,99.2,90.3,98.1,98.0,59.1,40.5,37.7,22.0,24.8,14.9,12.3,50.5,21.7,72.5,40.3,35.3,26.7,55.5,34.5,134.95406360424028
65.0,162.0,37.3,88.5,82.0,98.9,100.1,59.6,40.9,37.5,22.5,28.1,16.1,13.8,56.3,23.9,76.4,44.0,36.9,23.0,55.5,37.1,120.74163568773236
58.0,171.2,36.5,82.8,71.9,93.5,99.9,54.5,36.6,34.4,20.7,24.6,15.5,13.0,56.2,24.4,80.4,43.0,39.6,20.4,54.5,36.8,113.05384615384617
60.1,155.4,38.1,92.7,81.0,101.0,99.9,60.3,38.8,37.4,22.7,24.2,15.0,13.7,52.8,23.3,73.0,40.0,34.6,23.8,55.4,37.6,123.12277992277993
60.1,159.8,38.3,82.1,72.8,98.5,98.4,59.0,41.4,36.4,20.5,25.8,15.0,11.4,52.0,23.5,76.4,41.8,35.4,21.5,63.4,35.1,120.27818930041153
66.4,161.2,37.6,96.8,84.5,100.2,102.9,60.7,40.0,38.8,22.7,26.3,15.4,12.7,53.5,23.1,78.7,42.0,38.0,25.3,55.8,32.3,135.1862068965517
70.3,170.7,35.5,85.7,80.6,105.3,101.0,63.6,42.4,38.7,23.2,25.0,15.5,15.1,57.5,25.8,86.7,45.4,37.0,21.0,58.5,37.8,117.51287878787878
61.6,161.1,37.0,92.2,76.4,98.0,99.6,63.0,39.9,38.2,22.0,23.8,14.7,13.8,50.5,21.5,77.5,39.6,35.9,24.2,56.2,35.2,120.6735294117647
65.4,159.9,37.4,96.7,85.4,97.5,100.0,58.5,35.2,36.2,20.2,25.3,14.9,12.7,51.7,20.9,72.1,47.4,36.2,24.0,55.8,35.4,137.29419795221844
58.9,156.9,35.5,84.8,74.7,96.4,99.5,58.3,39.3,34.2,21.0,25.5,15.4,12.2,53.8,23.9,77.0,37.9,35.4,23.3,58.3,35.0,125.38521400778211
52.4,166.3,35.6,86.4,65.6,90.2,96.0,53.3,35.2,34.4,19.2,22.4,14.0,13.6,53.7,21.8,78.3,42.0,40.2,21.6,52.1,37.1,115.64824902723736
70.6,166.6,37.5,96.2,88.6,101.6,103.5,62.3,40.2,40.0,22.9,25.5,15.5,13.6,55.5,23.2,78.6,45.4,38.0,25.3,55.9,36.6,123.2455516014235
67.6,165.9,38.2,83.7,80.1,99.8,101.2,62.1,41.7,38.5,23.4,27.7,15.5,13.4,54.2,23.9,79.4,43.5,40.1,21.1,58.7,37.9,117.52163265306122
62.3,154.3,36.2,96.5,89.5,96.6,98.9,57.7,36.7,35.8,20.2,24.8,14.8,12.3,54.0,22.8,73.0,42.5,34.5,25.3,58.1,34.5,126.11191335740071
62.8,157.1,37.0,93.1,91.6,99.8,102.8,58.5,39.4,36.2,22.4,25.2,15.0,12.3,52.5,22.6,75.3,43.3,35.1,24.0,53.7,35.3,132.03272727272727
50.3,161.8,37.3,79.5,68.1,90.8,94.1,51.2,35.5,36.5,20.7,23.5,14.4,12.7,52.2,22.8,77.3,41.3,37.9,20.2,54.3,34.0,126.67219917012446
59.9,161.0,36.0,91.0,79.0,99.6,99.6,59.4,37.0,35.8,20.4,23.4,14.5,12.8,54.6,22.1,75.7,42.5,37.1,25.3,52.6,35.2,132.78210116731515
50.8,151.2,34.0,78.6,68.0,92.2,98.8,58.6,38.4,36.1,23.2,23.4,13.8,14.5,49.5,21.1,74.5,36.4,36.0,18.5,55.5,36.9,112.60653061224491
52.0,155.5,37.5,78.5,72.5,88.4,96.8,53.7,37.2,32.9,19.9,26.2,15.0,11.1,52.7,24.1,74.2,43.5,35.9,20.2,55.0,35.0,98.9636752136752
83.1,172.9,41.6,105.0,94.2,105.5,111.4,64.3,42.9,39.9,23.2,29.2,16.8,13.5,56.6,24.2,80.9,47.3,39.0,27.3,57.2,38.7,140.93959731543626
62.2,159.3,38.7,96.4,83.8,95.0,102.7,58.5,37.2,36.2,20.5,25.7,15.8,12.7,54.0,23.2,76.4,41.0,39.6,26.1,52.5,36.3,113.70256410256411
70.6,160.9,38.2,97.3,88.3,102.7,105.4,60.5,39.3,39.5,22.5,26.8,15.6,13.1,55.6,24.4,77.0,40.4,35.5,24.7,58.7,36.9,132.0960264900662
66.7,164.8,38.0,91.7,90.7,103.2,103.4,61.3,39.0,36.7,21.6,26.4,16.1,13.0,56.0,24.0,81.2,42.0,37.7,25.0,55.6,36.7,116.38846153846153
73.0,163.1,36.9,95.3,87.8,104.5,103.1,62.9,42.4,40.4,20.4,27.0,15.3,13.2,54.7,23.6,78.4,42.6,36.1,25.3,57.8,36.8,124.9339222614841
84.2,171.2,38.5,103.2,98.0,112.9,111.5,67.1,43.8,41.7,24.4,27.8,16.8,14.5,58.2,23.8,80.1,45.6,39.1,25.8,58.3,39.2,141.09639344262297
54.9,154.1,36.0,79.9,79.4,95.5,96.9,57.8,38.6,35.6,21.2,24.9,15.3,13.9,50.5,21.9,74.3,38.7,36.8,20.8,51.8,33.6,125.8
60.9,166.3,36.6,86.4,75.4,98.1,103.7,60.1,37.4,37.4,21.4,26.3,15.4,14.3,57.1,25.7,83.4,41.8,37.9,21.2,56.7,38.2,126.59340659340657
67.0,161.4,37.2,99.0,84.4,98.6,105.6,58.2,40.0,37.9,21.0,26.5,15.1,12.5,57.0,24.2,77.3,41.3,37.6,26.5,57.4,36.9,129.56375838926175
71.1,159.8,39.7,100.6,86.0,101.3,102.4,60.2,39.8,41.0,23.7,26.3,15.5,12.5,55.2,23.5,77.5,44.6,37.0,26.7,57.4,34.6,146.70833333333331
65.5,161.7,36.9,95.1,86.5,100.6,99.3,58.7,38.7,36.8,20.6,24.3,14.6,12.2,53.7,21.2,74.9,41.8,37.4,24.1,55.0,33.4,129.06428571428572
77.1,165.8,38.6,99.9,90.0,105.3,112.1,63.8,44.4,39.7,21.3,27.0,15.3,14.2,55.5,23.8,77.8,48.1,36.8,26.6,56.1,38.3,150.92805755395682
66.8,164.2,37.0,93.5,76.9,100.2,103.7,61.7,40.2,38.2,22.9,26.7,15.4,13.1,58.0,25.1,78.3,42.0,39.3,25.2,58.7,36.6,132.04198473282443
70.7,169.8,37.8,90.5,86.3,106.6,103.2,64.8,40.4,39.0,24.4,24.8,15.3,14.1,55.7,24.0,82.2,43.2,38.3,23.3,57.4,38.3,128.74905660377357
75.7,164.8,38.7,104.5,93.6,102.7,107.9,62.7,42.3,40.3,25.0,27.5,16.5,13.4,54.0,23.1,80.2,43.9,37.5,28.0,57.5,37.7,145.04180602006687
85.7,175.6,38.2,99.0,86.6,111.6,111.4,69.5,47.7,45.1,24.7,29.3,17.0,14.1,57.1,23.8,86.4,43.5,40.3,24.7,56.8,37.2,147.66101694915255
67.8,165.1,40.6,92.2,84.2,101.8,99.0,60.2,41.1,39.7,24.7,26.4,15.2,13.0,57.5,25.1,80.9,41.0,39.1,24.6,57.0,35.6,119.51851851851852
63.0,163.4,36.2,89.3,81.9,99.8,101.1,60.8,37.4,37.0,21.8,25.9,15.4,13.0,53.8,23.9,77.4,42.8,37.4,22.6,57.7,36.1,127.8985347985348
74.5,170.9,38.8,88.2,79.4,102.5,108.4,64.8,43.5,39.9,22.4,28.7,16.5,13.2,59.2,25.5,84.7,42.2,41.2,22.4,61.0,37.5,116.22021660649821
56.4,168.6,36.3,82.8,74.6,91.8,105.7,52.1,35.9,33.4,20.7,25.2,14.9,15.5,57.4,25.9,86.0,39.8,41.1,20.4,56.6,40.1,121.11529411764704
72.1,164.5,35.9,100.9,87.8,104.0,101.8,60.5,39.2,38.8,22.2,26.8,15.7,12.5,54.7,23.4,75.7,45.4,37.8,27.2,55.0,36.9,105.59302325581396
64.6,156.5,36.5,92.5,83.5,98.0,103.8,60.6,40.7,37.7,22.1,26.4,15.4,13.0,55.4,24.4,77.7,40.0,36.8,24.5,55.0,36.3,123.00179211469533
44.4,153.7,33.7,80.5,69.0,85.3,94.1,48.6,33.4,30.4,18.1,21.8,13.4,11.8,53.6,22.7,74.7,40.0,35.6,19.9,54.4,32.9,113.00961538461539
59.1,151.1,36.5,91.8,80.0,98.2,100.1,58.0,40.0,35.8,22.4,25.1,15.0,12.3,48.6,20.8,68.4,41.1,35.4,25.7,53.8,34.5,113.81707317073169
69.6,164.9,37.6,94.1,84.8,103.4,101.9,63.5,43.4,37.2,23.6,27.4,16.6,12.2,54.0,23.6,82.1,41.2,39.1,24.3,55.0,35.7,126.60727272727271
44.5,145.8,34.4,80.8,69.4,87.6,93.4,51.0,36.0,32.8,21.3,22.5,14.0,12.5,47.6,21.2,68.6,38.3,33.4,19.9,54.4,35.0,107.28630705394191
72.6,175.9,38.4,89.3,76.5,99.7,107.5,61.6,43.3,40.3,23.3,26.6,15.5,14.5,61.1,27.0,87.1,44.5,39.2,22.3,56.6,39.4,121.19285714285715
70.7,155.8,36.4,90.4,88.5,109.0,103.1,67.5,45.7,42.6,25.7,27.3,15.6,12.1,49.7,22.0,72.3,42.0,34.6,23.8,54.7,35.5,131.73531598513011
64.3,168.8,38.1,93.7,79.7,98.0,104.0,56.9,37.4,36.2,22.4,26.5,15.9,13.1,55.2,24.3,79.1,42.1,38.9,25.4,57.8,37.5,126.51191335740073
65.4,158.1,33.7,86.9,83.1,101.9,103.2,61.2,39.4,39.4,22.7,26.0,15.3,13.3,58.5,24.7,78.2,40.0,38.7,24.6,56.4,35.9,130.00787401574803
62.6,158.3,36.3,90.2,84.0,97.5,104.9,58.3,37.7,35.0,20.7,25.9,14.9,14.4,54.5,22.4,75.9,45.5,37.8,22.7,55.5,38.2,130.32699619771864
73.6,164.3,38.0,92.6,87.1,105.9,110.2,67.9,41.1,37.7,23.0,27.3,15.9,15.5,56.5,24.7,77.5,41.6,37.9,24.9,60.7,39.8,132.98936170212767
85.3,175.2,41.0,103.1,95.5,110.9,112.2,66.5,43.3,40.0,23.7,28.0,16.5,13.8,61.0,26.4,84.6,44.4,40.3,26.8,58.2,39.4,136.50311526479751
75.0,160.0,37.2,94.8,93.6,118.8,101.7,70.4,44.2,39.1,24.2,26.2,15.1,12.1,51.5,21.2,74.9,40.6,37.0,24.5,53.8,35.6,130.0505415162455
79.7,161.8,40.6,108.6,90.5,109.4,108.0,66.4,42.3,39.4,24.0,29.5,16.7,12.7,57.5,25.2,75.0,40.5,38.8,29.7,56.4,35.9,176.61992882562276
83.7,171.0,37.7,105.3,100.5,105.2,112.1,67.4,42.4,42.5,24.7,28.5,16.3,15.9,58.4,25.7,84.1,44.4,39.0,27.8,55.8,40.4,143.4375
59.0,158.5,35.8,83.8,75.6,95.2,98.5,57.8,40.4,36.6,21.4,25.6,15.1,13.4,54.1,24.5,77.7,39.5,38.0,21.8,56.4,36.1,107.8356589147287
51.2,159.5,36.8,84.0,71.9,88.7,100.6,51.6,37.0,34.4,21.0,22.9,14.6,13.9,54.6,23.2,77.9,41.4,35.6,22.1,52.5,37.0,129.7560975609756
62.1,161.4,37.2,94.5,79.4,98.7,102.4,59.9,38.1,35.6,21.7,26.4,15.0,13.2,55.0,24.1,77.5,40.6,37.3,26.0,56.0,36.2,121.24528301886792
81.0,166.3,36.8,105.8,96.7,107.4,104.7,62.8,44.0,39.8,23.4,26.5,15.3,13.5,56.5,22.7,78.1,44.5,39.2,29.7,57.7,34.8,142.01342281879195
61.4,161.7,36.9,91.5,84.6,97.2,98.4,56.8,39.2,39.4,23.8,25.9,15.4,11.2,54.0,24.7,76.5,42.8,37.4,23.2,54.4,35.9,111.01102941176471
54.4,159.6,35.2,85.3,73.8,95.2,97.8,59.2,39.5,35.3,21.5,24.6,14.8,13.2,55.1,25.5,80.1,36.0,36.8,21.6,59.5,35.3,107.78217054263567
60.3,160.2,34.4,87.5,79.0,96.0,97.3,59.7,38.9,35.5,20.0,25.9,15.9,13.1,57.0,24.6,79.8,40.8,39.7,21.2,56.4,33.3,121.337890625
79.2,169.4,39.0,102.1,92.6,106.4,109.9,66.8,45.0,39.5,22.7,30.0,16.5,13.6,56.7,25.0,80.8,45.6,38.7,27.9,56.2,37.3,144.11949458483755
61.8,151.0,36.5,101.5,85.3,101.4,97.6,60.7,36.1,36.5,20.3,25.9,14.2,11.9,47.6,21.7,73.4,39.7,35.3,27.7,52.4,33.3,132.95070422535213
60.3,153.4,36.2,99.5,88.6,95.4,103.6,56.0,37.5,35.8,20.5,24.4,14.3,14.0,49.5,22.5,70.5,42.5,33.7,25.6,54.2,36.1,141.51111111111112
88.5,163.4,42.6,112.7,97.0,110.2,112.9,67.7,44.1,41.5,23.7,27.5,17.0,14.4,54.8,24.3,76.6,45.7,38.5,29.6,57.0,39.9,163.1184210526316
84.2,167.9,39.5,103.8,100.0,114.6,107.0,69.8,46.7,40.8,23.1,28.6,17.0,14.3,55.1,23.8,77.2,44.0,38.0,25.7,55.5,37.9,138.61898734177217
79.8,161.8,39.3,101.1,95.6,118.9,103.0,72.4,48.8,41.4,21.5,25.7,15.0,12.5,52.0,21.1,74.1,41.7,39.0,27.3,54.3,35.5,148.01330935251798
63.4,165.8,36.9,90.8,84.0,97.5,96.4,59.1,39.6,36.8,21.2,24.0,15.8,12.1,54.0,23.4,77.2,45.5,36.7,23.5,55.5,35.3,123.6641791044776
56.1,164.3,34.4,87.0,74.9,91.4,97.0,54.7,38.3,36.3,20.3,25.4,15.0,14.1,56.0,24.7,82.2,41.8,37.2,22.4,52.7,33.6,118.18867924528301
77.4,165.2,38.0,99.2,90.5,114.0,108.1,69.2,42.6,38.5,21.0,29.4,15.3,12.6,58.5,26.1,79.7,43.6,38.5,26.0,58.3,35.2,126.77545126353792
73.0,161.5,35.5,98.8,84.7,107.8,102.0,66.1,46.3,40.3,23.1,27.6,15.8,13.2,53.6,23.7,76.2,44.0,37.6,26.7,55.2,35.2,136.57647058823528
85.0,167.4,40.0,102.2,93.3,113.3,104.4,70.2,47.7,43.5,23.7,29.4,16.6,12.3,55.9,24.9,82.4,41.7,38.1,27.5,57.9,36.0,141.90359712230216
64.3,152.7,37.7,99.5,88.3,98.0,103.0,59.1,40.7,37.1,20.3,26.0,14.6,12.7,50.9,22.2,72.2,40.5,36.0,26.0,54.6,34.6,127.17781690140843
50.5,151.8,35.1,87.7,71.0,90.8,99.3,54.0,35.1,34.0,19.7,26.2,14.5,12.0,50.6,22.8,71.6,39.6,36.3,22.7,53.1,34.9,117.39370078740157
72.9,165.3,36.8,84.0,82.5,111.6,103.8,69.8,44.3,40.5,22.8,27.1,15.8,14.3,57.0,23.2,78.4,42.0,37.7,21.3,55.4,37.5,116.94117647058822
83.5,165.9,41.8,103.5,86.6,110.5,112.7,67.3,47.8,43.4,24.7,29.6,16.9,13.3,53.7,25.4,78.7,39.5,36.7,25.6,59.5,38.8,157.24736842105264
46.3,157.0,33.7,80.7,66.8,91.8,88.8,54.4,34.3,31.8,18.7,22.6,14.0,11.6,51.5,22.4,72.7,40.9,34.1,22.0,51.8,32.5,101.3116883116883
80.2,157.0,42.9,106.3,112.1,101.5,105.7,66.2,41.4,41.7,21.9,28.7,16.4,12.0,51.6,22.8,74.1,46.7,36.9,28.5,57.2,35.8,140.73050314465408
95.1,165.3,42.7,115.3,112.1,115.0,117.5,72.6,45.0,42.5,24.2,30.4,17.0,14.2,54.4,23.0,73.0,43.2,34.2,30.8,55.7,39.4,147.76954022988505
58.2,171.2,35.0,81.5,68.0,94.5,102.3,56.0,35.0,33.6,20.2,23.5,14.6,15.0,56.5,24.2,86.4,41.0,40.4,20.4,54.7,38.7,119.6626984126984
70.3,151.9,37.5,99.9,86.3,103.5,100.6,65.7,44.8,38.8,20.5,26.3,14.8,11.6,49.8,22.3,69.9,41.5,36.7,26.6,55.4,32.8,131.1636690647482
101.9,170.2,42.0,114.5,112.7,123.2,118.6,75.5,46.3,42.8,23.4,31.7,17.8,13.0,59.3,26.5,85.2,46.3,41.9,33.3,55.7,39.7,165.21812080536913
64.5,162.7,36.9,91.5,80.1,98.5,99.4,61.5,42.2,40.0,22.4,26.9,15.4,12.6,49.0,22.3,74.7,40.7,35.7,24.2,55.4,34.9,121.54981549815497
72.1,151.6,37.8,106.5,94.2,108.6,104.3,68.1,43.2,39.7,21.2,28.2,15.0,12.4,53.0,23.4,74.1,36.6,35.6,28.5,57.7,35.7,130.63489208633092
66.1,158.3,37.1,103.2,90.0,97.4,103.6,59.8,37.3,35.0,18.8,27.2,15.0,11.7,52.7,24.3,76.0,41.3,38.6,26.8,55.4,33.2,128.1103448275862
58.9,164.7,38.1,89.6,77.5,98.4,98.0,59.8,35.0,34.3,19.3,24.8,14.3,13.4,59.1,26.6,83.9,39.5,39.9,23.5,57.0,34.6,120.03018867924527
52.8,159.4,34.1,83.7,70.2,92.9,93.1,55.2,37.7,35.9,20.3,24.3,15.0,12.2,53.5,22.6,75.1,40.6,34.2,20.5,53.1,33.1,119.8125
62.3,161.7,35.8,91.3,78.3,98.2,100.7,59.7,40.2,37.3,20.4,24.2,15.7,12.6,55.0,25.0,78.8,43.0,38.2,23.4,58.8,35.4,122.66259541984732
89.6,167.4,44.0,118.8,103.2,105.6,115.4,65.7,46.5,39.4,22.5,29.0,18.2,12.8,57.0,24.3,82.2,44.4,38.6,33.7,61.0,38.3,178.7766990291262
83.3,160.5,40.4,103.0,98.1,113.0,108.2,69.1,44.8,44.2,23.2,30.4,16.2,14.0,56.2,24.3,76.1,44.5,35.5,29.0,55.7,36.3,140.77854671280278
91.6,164.9,40.7,113.9,109.0,110.0,109.3,67.2,49.3,42.8,23.2,30.1,17.0,13.9,56.1,24.8,78.7,50.0,41.7,32.7,58.8,36.9,165.31319444444443
67.7,160.3,35.7,86.9,78.0,109.4,104.7,65.9,42.2,37.3,21.1,25.2,15.3,14.9,59.1,25.2,78.3,38.8,36.1,21.9,55.1,36.6,128.11360294117648
53.5,162.0,33.4,77.3,72.6,95.7,91.0,54.8,38.0,35.5,22.0,24.1,14.9,13.9,53.0,22.8,78.0,41.5,35.9,18.8,54.7,35.7,103.3698039215686
71.2,158.4,38.7,105.2,90.8,100.4,105.1,60.4,40.3,36.2,20.7,28.5,15.5,12.8,55.5,23.9,76.2,41.4,39.7,27.9,55.6,35.5,151.8271062271062
52.7,157.9,35.0,86.0,72.5,91.8,93.9,55.0,39.0,34.9,19.7,24.0,13.9,13.1,53.0,24.2,78.7,40.2,37.0,22.5,56.8,33.5,118.25
72.1,160.8,37.7,104.5,93.3,107.0,106.7,66.4,39.9,36.2,20.7,25.4,14.3,13.4,52.2,21.1,75.4,43.9,37.4,26.4,54.1,37.4,133.9259927797834
58.9,165.6,38.2,93.2,78.1,93.5,97.5,55.6,38.0,33.6,20.7,25.0,15.6,12.5,53.7,22.4,78.0,44.0,38.8,24.9,55.5,35.0,122.17228464419478
73.1,163.9,36.0,95.3,86.7,110.1,97.2,68.5,43.8,39.9,22.9,28.1,15.3,12.2,56.0,24.4,78.0,39.0,37.1,24.9,57.6,34.4,133.05346153846153
62.0,163.0,37.2,85.4,77.1,98.6,98.5,59.1,40.3,38.1,21.4,26.2,15.2,11.7,55.0,23.0,76.6,43.0,34.7,22.5,56.4,35.5,117.55465587044534
69.5,161.5,37.5,103.3,99.1,103.1,101.0,60.1,40.5,34.4,21.3,25.2,15.4,13.0,56.1,22.8,74.7,45.0,35.5,27.1,55.0,34.1,127.13846153846154
62.0,158.4,37.7,93.9,85.0,92.3,98.0,54.1,39.1,36.7,21.0,23.7,14.7,12.5,49.7,20.0,69.0,45.7,34.1,24.6,55.4,34.0,130.22627737226279
66.9,166.4,36.8,95.4,81.4,98.9,104.2,60.8,37.8,36.3,21.0,27.7,15.5,12.1,56.9,25.4,82.1,42.0,39.9,25.9,58.9,35.7,140.76
54.3,154.5,36.0,89.3,83.0,90.1,96.1,51.4,34.3,34.2,19.3,23.3,13.7,12.0,50.5,21.0,70.9,43.2,33.9,23.9,54.0,34.6,124.44618473895582
64.8,168.8,37.7,86.7,86.2,102.5,97.2,61.3,36.7,33.3,19.3,22.5,15.2,12.8,55.7,24.0,80.5,43.2,40.3,24.8,56.1,34.0,122.25062761506277
62.5,167.3,36.6,84.2,70.1,97.3,99.4,58.6,39.8,37.5,20.8,25.0,15.3,15.3,55.4,23.1,81.6,42.9,39.5,22.3,55.7,38.2,107.34661354581674
64.3,164.7,34.4,86.6,80.7,107.9,98.2,66.1,38.7,34.9,19.5,23.5,14.4,13.2,53.5,22.6,78.0,48.6,38.2,23.0,54.7,35.3,123.9098814229249
73.6,163.7,36.0,95.7,95.7,111.1,103.3,69.4,42.7,39.8,23.3,26.2,15.8,14.6,53.6,23.8,75.2,46.0,37.3,24.5,54.6,38.1,130.590625
82.4,178.7,37.8,103.6,92.2,111.8,108.3,67.0,43.2,40.0,22.5,25.5,16.2,14.3,59.2,26.3,88.3,44.2,39.3,28.4,57.0,37.0,127.34883720930233
70.1,150.3,37.2,99.2,89.5,110.3,98.5,68.1,45.2,39.5,22.5,29.1,16.4,11.6,53.1,24.6,71.7,39.5,32.9,26.1,58.0,33.3,138.88
69.9,156.2,39.1,104.0,94.0,102.1,100.4,60.0,40.4,38.7,22.7,27.9,15.8,11.1,51.7,23.0,73.3,44.9,36.9,28.5,54.8,34.8,148.57142857142858
75.4,155.8,40.1,102.1,91.2,108.8,101.4,65.0,46.7,42.8,23.9,27.3,15.8,13.0,49.8,21.9,71.9,39.7,34.7,26.6,60.2,33.3,139.56115107913666
64.7,157.6,36.7,94.6,81.8,102.6,104.2,62.0,41.3,37.1,20.3,27.1,15.8,12.6,54.4,24.1,75.4,37.2,36.6,24.2,59.4,36.6,127.9288256227758
66.6,162.8,37.6,96.1,83.0,105.0,102.4,63.2,41.6,36.2,20.4,27.2,15.3,12.0,53.0,23.4,78.3,40.4,39.2,25.2,56.1,34.5,129.9970909090909
83.1,174.8,40.7,110.0,94.4,111.7,107.1,64.4,44.2,38.2,21.2,28.7,16.5,13.5,57.8,24.5,80.6,46.3,39.8,28.8,57.4,36.5,157.679180887372
63.2,157.2,37.9,99.4,84.0,97.2,100.0,58.2,39.4,36.7,22.2,26.0,15.5,12.7,50.5,22.5,74.2,38.3,34.0,26.2,56.8,34.6,137.40588235294118
74.6,174.3,37.3,93.7,82.4,107.0,105.3,64.2,41.2,40.5,22.7,28.1,16.1,14.0,58.1,25.3,83.8,45.8,37.5,24.2,56.8,38.3,119.49198606271777
58.9,156.1,36.2,92.0,90.4,100.0,100.4,56.9,36.2,33.3,20.0,24.5,14.4,13.0,53.1,23.2,75.3,40.2,35.1,23.5,54.7,33.2,141.11553784860558
64.3,162.3,38.0,92.5,82.5,98.9,102.6,57.9,39.8,37.9,21.3,25.0,15.1,13.0,54.6,23.0,77.4,40.7,38.4,23.5,55.7,38.5,107.63636363636363
70.5,164.9,37.0,96.5,90.8,104.7,105.5,63.9,41.0,35.3,21.7,26.7,15.8,12.5,56.8,25.2,82.9,43.8,38.5,26.2,60.1,36.2,136.6137254901961
76.0,166.1,39.6,107.4,90.1,107.3,109.4,66.9,40.3,39.3,21.2,26.7,15.5,13.3,57.5,25.5,80.0,44.0,37.1,28.0,56.7,36.1,157.1707317073171
68.0,166.8,34.4,97.6,84.7,101.0,100.3,61.7,41.3,37.9,22.7,25.0,15.4,13.5,55.1,23.9,84.3,42.4,38.7,27.0,58.6,34.9,141.1338129496403
69.5,172.2,38.9,94.1,84.2,107.4,104.8,61.9,41.5,38.8,21.0,25.5,14.9,13.2,57.5,25.4,82.9,42.1,37.5,23.5,55.1,38.8,117.21799307958477
86.8,167.4,40.0,104.5,107.7,111.3,111.0,68.6,43.3,39.6,21.9,26.9,15.5,13.7,57.0,26.8,81.7,50.0,38.3,26.1,59.3,39.0,149.03523489932886
65.3,166.3,37.3,90.2,77.0,100.3,106.0,59.7,40.6,38.0,21.3,25.2,15.6,13.9,57.3,24.1,81.2,41.5,37.3,24.5,55.0,37.7,137.76000000000002
80.4,154.3,38.0,100.1,85.6,116.4,102.8,73.9,51.7,45.8,23.2,29.1,15.9,11.4,52.5,23.3,71.9,41.0,35.9,26.8,59.8,32.9,135.69111111111113
67.3,156.1,37.8,93.5,76.3,104.2,103.7,64.3,41.5,38.7,20.3,26.5,15.0,14.4,54.2,23.9,76.3,39.4,33.1,25.5,58.0,38.3,126.20722433460078
51.6,158.7,36.8,80.2,68.2,88.5,98.0,51.8,36.0,33.0,20.2,24.1,14.5,14.1,53.5,23.5,79.4,39.8,37.1,20.7,58.8,34.0,109.00653061224492
52.6,149.5,37.7,92.8,84.1,87.8,96.6,51.8,34.5,32.6,19.5,22.3,13.8,12.0,51.5,22.2,70.1,42.6,32.4,24.5,53.5,33.6,141.44237918215612
91.4,164.5,39.9,112.9,110.6,117.8,108.7,72.8,44.7,39.3,23.0,27.9,17.0,13.0,55.4,22.7,78.0,48.4,39.4,31.0,56.2,34.8,148.55263157894737
91.9,165.3,38.9,106.1,104.5,119.4,103.5,72.6,47.7,45.3,24.9,27.1,15.0,12.3,57.5,24.3,77.1,48.0,36.8,29.7,55.4,33.5,143.0358361774744
75.7,168.5,40.2,100.5,99.3,105.3,103.0,64.1,39.7,39.3,22.4,27.0,15.4,13.3,56.7,22.8,80.5,46.9,38.5,26.2,54.9,37.9,130.65
71.7,156.9,42.0,104.8,101.7,108.0,109.5,60.7,37.7,34.7,20.6,26.4,15.2,13.0,53.0,22.5,76.2,44.7,39.7,26.5,56.5,37.5,140.75080906148867
73.8,165.6,36.7,91.5,85.1,103.2,107.7,67.3,44.2,39.8,21.9,28.2,16.2,13.2,55.5,24.2,82.1,42.7,39.0,24.3,58.0,36.0,115.92170818505338
76.9,167.2,39.0,92.0,86.0,110.2,105.0,67.8,48.0,40.4,21.9,29.7,15.7,13.4,55.6,23.5,77.9,43.5,37.7,23.7,55.9,36.0,131.75714285714287
69.2,162.2,39.4,93.2,78.5,101.5,108.0,63.7,43.3,36.9,22.0,27.1,15.7,13.7,55.0,23.3,78.7,39.3,36.9,24.8,59.8,39.1,126.52980132450332
60.9,166.4,36.8,89.4,76.5,95.1,102.5,54.0,37.2,37.1,21.5,24.5,15.0,14.0,57.5,25.6,77.4,44.5,35.2,24.2,56.2,37.8,120.59352517985613
59.6,163.6,36.0,85.4,73.7,95.4,100.0,56.9,39.0,37.4,20.6,24.3,15.0,14.0,53.3,21.4,77.0,42.8,37.4,23.0,55.2,36.2,123.24772727272727
74.0,166.6,41.1,104.5,95.3,102.9,107.6,58.6,38.7,35.4,19.5,27.7,15.8,13.3,60.5,25.5,84.1,46.0,43.7,28.1,54.8,37.7,144.2723880597015
80.4,155.8,37.2,105.6,97.3,113.4,105.3,71.7,48.0,42.2,23.0,28.2,14.8,14.0,52.6,22.9,74.4,42.0,36.8,28.1,55.7,36.7,140.19310344827588
93.4,167.4,39.0,109.3,95.8,113.5,112.1,68.2,51.9,48.0,26.3,30.0,15.7,14.0,57.0,24.3,84.5,44.7,40.4,29.3,56.5,37.8,152.94539249146757
56.8,153.4,33.0,95.2,81.2,102.8,95.5,60.0,35.3,33.5,20.0,23.3,14.0,13.0,51.6,22.5,73.3,37.3,34.3,26.0,53.4,33.1,131.54909090909092
62.6,163.0,35.3,84.7,92.3,107.1,96.0,63.2,39.8,34.6,19.2,24.8,15.3,13.9,55.5,24.5,81.1,46.3,37.7,23.5,55.2,34.0,121.62051282051281
73.8,167.1,38.0,100.5,87.8,107.0,104.5,67.9,43.8,36.9,19.8,24.8,14.5,13.2,58.4,25.0,80.6,42.3,38.3,24.1,55.3,36.6,142.25704225352112
80.8,178.9,38.5,96.8,81.6,110.2,107.8,62.6,43.8,39.5,23.9,26.4,16.2,12.8,56.6,24.5,85.5,42.6,40.7,27.4,52.5,37.3,118.34794520547943
62.4,155.3,36.2,85.2,83.1,103.2,100.8,62.5,43.3,40.4,21.0,26.4,15.6,13.2,54.7,24.3,74.7,39.5,34.6,21.7,55.3,38.3,110.72684824902724
77.5,167.3,36.4,101.0,90.3,115.9,102.1,71.6,44.0,40.7,22.3,27.6,16.5,12.9,55.0,23.7,76.5,45.6,34.4,27.3,55.7,36.5,137.72727272727272
63.1,159.8,35.6,90.2,82.4,104.3,101.4,60.5,40.4,38.3,23.1,25.3,15.4,12.3,53.5,24.0,76.8,41.0,36.1,23.5,54.9,37.0,100.71802120141342
87.5,179.8,42.1,99.0,97.2,107.0,117.2,66.2,46.0,39.0,23.3,28.0,16.5,17.5,60.4,26.1,90.7,47.6,41.3,26.7,59.0,42.1,139.26000000000002
65.0,164.1,37.0,88.8,80.0,96.0,103.5,59.5,40.8,37.1,22.8,25.9,15.5,13.7,55.9,23.9,80.4,43.2,37.0,22.1,58.3,37.8,126.39416058394161
65.0,171.8,37.3,84.8,77.2,96.5,105.5,57.2,39.8,36.7,21.5,24.6,14.7,15.0,59.7,26.0,82.0,44.4,40.8,21.3,57.9,39.6,125.97101449275362
63.8,156.8,38.5,100.1,92.5,99.0,106.7,57.3,37.4,36.2,20.1,25.5,15.0,14.5,53.7,22.6,76.7,43.5,37.5,26.8,55.3,37.4,141.7523489932886
64.2,165.2,35.2,92.3,84.0,99.1,100.0,62.1,37.8,35.1,19.8,25.7,14.2,11.5,58.5,25.8,81.9,40.3,39.1,24.8,55.7,33.6,127.49610894941634
69.8,167.6,37.8,95.4,82.9,103.7,105.9,61.2,42.7,38.5,22.7,26.4,16.3,13.0,55.0,24.0,81.8,41.0,36.8,25.5,55.8,37.4,129.51875
83.1,159.5,38.2,108.3,96.8,110.7,110.5,70.9,49.4,42.9,22.2,28.5,16.3,14.0,55.0,23.8,74.4,41.8,37.0,29.4,55.7,36.7,162.05474452554745
96.2,169.7,39.2,105.3,109.5,126.6,106.9,80.6,49.8,42.4,22.3,30.9,16.0,12.6,56.0,25.1,80.4,50.0,39.9,30.0,60.3,34.4,154.94714828897338
93.0,170.3,42.2,116.7,105.0,118.1,109.5,71.5,44.3,41.3,22.7,30.5,16.5,14.0,59.5,26.7,82.5,46.0,38.4,30.0,58.8,38.2,156.3627450980392
48.9,156.7,35.3,82.6,69.6,88.2,95.2,50.8,34.2,32.6,19.3,24.5,14.9,13.1,51.3,23.6,75.6,39.9,36.3,20.8,59.3,35.1,111.44444444444446
53.6,155.4,36.2,81.8,76.0,92.6,99.1,54.9,36.7,35.3,21.5,24.5,14.6,12.1,53.0,23.1,76.2,40.0,36.5,21.3,57.7,35.0,111.71906614785992
62.9,164.5,37.2,93.0,73.6,98.7,105.0,59.1,38.1,34.3,20.6,24.8,15.5,15.0,54.8,23.9,82.1,39.0,38.8,23.8,58.0,38.8,126.66666666666667
51.0,162.5,36.4,81.8,65.1,87.4,101.4,51.8,34.6,32.7,19.9,23.5,14.7,13.6,53.3,22.4,76.1,37.5,35.4,19.5,59.0,39.0,110.85637065637066
65.4,156.0,39.6,96.6,83.7,103.5,98.4,62.7,41.0,35.8,20.0,26.7,14.7,11.4,53.5,23.4,75.5,38.5,36.3,25.0,56.7,33.0,130.49473684210528
58.8,150.1,35.4,94.6,79.8,100.3,96.7,59.7,39.1,34.7,19.9,24.2,14.0,11.8,51.7,22.7,74.4,35.8,36.7,24.0,58.8,34.0,135.45
65.0,161.7,36.0,93.1,88.0,99.0,105.3,59.8,40.7,37.2,21.6,26.3,15.1,13.8,57.0,25.6,77.5,42.9,35.7,22.6,57.1,36.5,127.93111888111889
67.9,166.0,38.4,91.3,79.0,101.0,104.0,61.2,41.8,39.3,22.0,25.4,15.7,13.7,52.5,22.8,80.7,40.4,38.2,22.8,59.9,36.5,125.77040816326533
71.9,163.5,37.2,105.3,104.5,104.2,101.7,60.0,37.5,34.7,20.3,25.1,14.7,12.5,55.8,23.4,78.0,45.7,37.3,28.2,56.9,33.6,143.48978873239437
92.0,162.1,40.9,98.4,103.3,117.4,112.5,75.7,52.5,44.5,24.2,30.1,16.5,13.8,56.2,24.5,77.3,43.1,40.1,28.0,60.2,38.4,154.52167300380228
61.8,159.6,36.7,92.0,75.7,99.6,101.2,60.2,40.8,41.3,21.3,25.4,15.0,14.0,52.6,22.0,73.4,39.4,36.2,23.3,56.5,36.5,125.29850746268657
71.2,164.9,37.7,95.1,88.5,107.7,103.5,63.1,41.4,38.0,20.8,25.9,16.3,13.2,52.8,23.3,75.9,42.8,37.6,24.8,56.0,37.2,128.58591549295775
64.3,159.0,37.9,92.1,89.3,105.0,102.8,62.0,39.5,36.8,21.3,26.3,15.0,13.2,52.8,23.0,76.5,42.2,36.9,24.1,54.9,36.0,126.92226148409893
79.3,163.0,39.0,93.5,96.8,111.2,105.6,69.0,46.6,42.3,23.6,30.2,15.4,12.0,56.4,25.3,78.5,43.4,39.4,24.0,60.6,37.1,127.4065934065934
57.5,150.5,35.5,90.3,93.0,100.5,96.5,60.7,36.6,35.9,19.6,24.7,14.2,12.3,49.0,20.4,70.8,40.8,33.3,23.4,51.6,33.8,125.60526315789473
68.6,159.0,37.3,97.9,83.7,105.1,103.2,64.8,43.3,39.3,21.4,28.2,15.5,12.5,52.6,22.3,75.4,40.0,35.2,24.0,55.2,36.5,130.53333333333333
68.8,161.3,39.7,88.2,84.0,101.9,105.8,63.5,43.4,38.3,21.3,26.3,15.3,12.8,55.5,25.4,80.4,41.5,36.1,23.0,56.5,35.9,124.84191176470588
77.8,162.0,38.1,98.1,90.0,106.4,104.2,66.9,47.9,38.7,22.0,28.0,15.8,13.5,51.3,24.2,77.2,43.4,39.3,27.5,55.0,35.9,135.31034482758622
76.5,168.7,39.0,105.3,95.5,109.7,106.6,63.8,40.8,38.3,21.6,27.2,15.8,14.0,56.0,23.4,78.4,44.0,40.5,28.0,54.2,39.2,151.1908783783784
59.0,161.3,36.0,88.7,79.6,96.4,97.9,57.5,37.3,35.7,21.6,24.0,16.0,12.9,54.6,22.6,76.2,40.0,37.4,21.7,57.7,36.1,113.33888888888889
62.6,164.8,36.2,96.4,83.3,97.5,98.3,59.7,38.7,34.8,20.2,24.5,15.0,13.6,53.5,23.9,79.2,42.5,38.7,25.3,55.4,37.0,134.5283582089552
90.8,182.0,38.8,101.6,89.1,114.7,109.1,74.3,48.0,41.1,22.7,28.4,16.5,15.5,63.6,28.6,93.0,43.8,42.3,27.8,59.1,39.8,138.70307167235495
50.0,161.3,33.9,86.3,65.6,86.6,99.7,49.6,33.8,32.6,19.8,24.0,14.7,14.3,56.2,25.6,81.7,38.0,39.6,21.5,54.9,36.5,119.09399999999998
68.8,171.9,37.2,97.8,80.8,100.8,101.4,58.8,41.4,37.9,22.2,27.3,15.6,13.5,55.5,24.0,83.6,44.0,38.3,25.5,56.8,36.1,134.64718309859157
56.7,154.3,36.0,92.6,80.3,99.5,91.6,61.5,38.6,35.0,20.3,23.7,14.7,11.6,49.5,21.2,72.3,42.2,34.7,24.0,53.3,33.5,123.09920634920634
62.2,167.4,38.4,91.3,80.7,97.9,104.1,58.4,36.5,34.3,21.0,23.8,15.7,14.8,55.0,23.0,83.2,43.5,41.2,23.7,57.0,38.4,130.89605734767025
70.7,166.2,36.9,98.1,86.5,99.3,105.5,61.1,40.0,38.2,22.0,26.3,16.0,14.5,61.5,27.6,83.7,41.0,37.3,26.8,59.2,37.7,126.91258741258741
68.5,161.2,37.8,94.5,87.6,102.4,103.0,63.9,41.6,38.5,21.5,25.9,15.3,12.5,56.5,23.1,78.7,36.2,39.5,24.5,55.7,35.5,138.8645038167939
57.1,160.5,35.5,83.6,72.3,93.6,95.6,56.2,38.2,37.8,23.3,26.0,16.1,12.5,53.6,23.7,78.1,40.4,38.0,21.0,54.0,35.5,123.97094017094018
84.6,156.0,40.3,111.2,105.6,118.1,111.4,70.0,47.1,41.7,24.3,28.3,15.6,13.7,50.5,22.4,70.0,42.0,35.7,29.6,57.1,36.5,151.2925170068027
61.8,166.4,36.4,81.4,71.1,100.1,98.6,60.6,39.8,37.1,21.2,25.2,15.3,13.2,55.8,26.5,83.8,38.4,38.8,21.4,60.3,35.9,112.4562248995984
67.2,166.2,37.8,94.3,78.0,97.7,104.9,59.2,40.8,37.4,21.5,29.4,15.9,14.0,53.8,25.0,79.4,43.7,37.4,23.3,57.5,36.3,117.03900709219856
69.2,162.0,37.5,92.4,77.8,105.5,104.0,66.7,43.4,39.2,23.6,27.2,15.4,14.0,52.8,22.2,76.3,37.2,37.3,25.0,54.2,36.2,130.78153846153847
46.9,156.7,37.2,76.4,63.7,88.0,93.4,49.6,34.2,33.1,19.6,22.8,14.4,12.1,51.2,23.7,73.7,37.3,36.5,18.8,55.7,35.8,112.05333333333333
67.4,168.9,37.9,87.3,79.0,99.4,110.2,57.7,39.2,37.7,23.5,26.2,16.7,15.0,57.5,25.5,82.7,41.8,42.1,21.9,58.9,37.9,120.58949416342412
52.9,157.6,35.4,84.5,71.8,90.5,93.5,55.7,36.6,36.0,20.0,24.6,14.5,11.8,55.5,24.1,80.4,37.6,38.1,22.1,56.8,31.9,122.12890625
64.4,159.6,37.3,86.1,84.0,98.1,101.8,63.0,42.9,37.7,21.9,24.8,15.6,13.2,53.2,23.2,75.7,40.0,38.2,21.3,55.6,35.8,116.39444444444443
81.9,168.4,39.0,102.3,102.6,108.3,106.1,65.9,43.8,40.5,23.0,28.9,16.2,12.5,55.1,24.0,78.9,48.1,37.1,27.9,57.8,37.2,136.88028169014086
68.3,170.2,37.2,90.8,81.7,101.4,104.4,59.5,39.7,37.4,23.0,26.7,16.0,13.4,55.0,23.8,81.1,43.0,40.5,22.5,56.5,35.9,124.64059040590408
58.2,174.5,37.3,85.2,68.9,93.2,98.8,54.7,37.0,35.1,20.5,25.7,15.4,12.5,57.0,24.1,84.3,42.4,41.4,21.8,55.5,35.2,110.56488549618321
53.2,159.9,34.7,86.1,76.4,94.9,94.8,52.7,36.7,36.2,21.5,24.9,15.3,12.9,52.0,23.7,79.9,39.3,37.9,22.2,54.0,35.2,114.37638376383764
70.3,162.8,36.7,98.5,85.8,103.8,105.2,60.6,40.2,37.9,22.1,25.5,15.0,14.8,54.0,23.2,75.3,41.5,37.1,25.2,56.1,38.1,135.92293906810036
80.7,165.1,39.5,103.7,85.5,115.0,106.5,70.3,45.3,41.2,24.8,26.8,15.9,13.1,52.1,22.2,76.5,43.6,38.8,27.9,54.8,36.3,148.39827586206897
56.9,159.2,37.7,88.6,82.5,97.0,95.5,54.2,34.3,33.9,19.4,24.7,15.1,11.5,52.2,22.3,73.9,41.7,36.8,22.6,53.3,33.9,118.34657039711192
50.4,158.7,35.7,89.7,78.7,91.2,95.3,52.2,34.8,31.4,19.9,22.6,14.2,12.2,53.7,23.1,74.5,40.2,38.4,22.6,55.0,33.5,112.98091603053436
74.3,162.8,37.7,95.5,94.1,103.5,105.8,63.7,44.7,39.4,22.8,28.1,16.4,13.7,53.0,23.3,78.0,43.4,39.8,25.2,58.1,39.2,117.48561151079136
64.8,162.7,35.7,91.8,84.0,102.6,98.3,65.4,40.5,36.3,21.0,24.8,14.9,12.8,53.5,22.9,77.5,43.8,38.3,24.9,55.4,35.3,125.5078125
65.2,161.7,37.7,94.9,84.6,96.0,105.8,58.0,39.3,38.3,21.7,25.3,15.5,14.6,54.1,22.9,76.9,42.8,37.4,25.1,55.9,38.0,134.8578947368421
54.8,158.2,33.9,83.0,79.0,95.7,96.9,57.4,36.3,34.6,19.9,23.3,14.4,14.0,54.0,24.2,79.0,40.6,38.8,21.0,56.5,35.3,115.421875
56.1,153.7,33.9,89.7,77.6,93.6,96.7,59.7,37.6,33.5,19.3,24.5,14.6,11.7,51.6,22.1,76.2,39.2,37.8,24.5,56.2,34.0,128.39411764705883
66.3,162.9,38.9,91.6,82.3,99.6,105.4,59.0,37.5,36.3,20.3,26.0,15.3,14.5,58.0,24.6,79.3,41.7,39.9,23.5,59.8,38.3,128.7080291970803
57.7,164.0,35.9,90.0,72.5,97.1,97.1,58.2,37.4,33.5,20.2,24.7,14.5,12.9,53.8,24.1,81.4,39.4,40.2,23.4,55.4,35.1,123.26848249027236
79.0,167.5,37.9,93.4,90.8,115.0,104.3,69.7,45.2,38.3,21.7,26.7,16.0,12.4,58.7,25.8,82.7,42.5,38.5,23.6,58.8,35.8,138.43214285714288
67.1,159.2,39.3,99.6,90.8,101.9,106.0,61.7,39.3,34.7,20.3,27.9,15.1,13.2,55.4,23.9,79.9,40.4,37.6,26.0,57.5,36.4,125.03741007194245
69.1,163.3,38.1,102.0,94.2,98.0,106.1,61.0,38.3,37.8,21.2,26.4,15.0,13.1,54.1,24.2,81.1,43.9,37.9,28.3,55.7,37.0,130.314381270903
77.3,173.3,39.0,91.9,86.3,112.6,106.5,65.7,43.5,38.8,22.2,27.1,16.0,14.3,59.5,26.5,87.7,42.3,40.0,25.0,58.3,38.2,140.98714859437752
62.2,161.0,38.8,89.3,73.3,94.5,104.2,58.0,39.5,36.2,21.0,26.1,15.9,13.2,54.0,24.1,78.3,41.6,38.3,25.6,54.3,37.7,138.54362139917697
62.0,156.6,35.6,94.3,85.2,96.4,102.8,60.6,38.3,33.2,19.1,25.5,14.9,13.1,53.3,24.5,77.3,39.9,37.6,24.1,58.5,36.5,122.55595667870037
69.1,163.9,36.9,99.0,89.8,98.7,101.5,59.2,41.3,39.7,23.6,27.8,16.3,12.5,53.6,22.3,80.4,40.8,41.1,26.7,56.0,35.2,134.68197879858656
62.6,158.0,34.7,88.5,87.9,105.6,100.1,61.8,39.6,35.7,19.3,24.2,14.3,12.6,56.2,24.6,76.3,43.5,39.5,23.9,57.8,33.2,129.70992366412213
58.7,155.7,36.4,87.3,75.1,94.0,99.6,57.3,40.6,38.5,21.3,26.5,15.4,13.4,52.5,24.1,75.9,37.5,38.1,23.5,57.4,35.8,109.125
69.4,168.3,38.0,91.3,86.4,103.0,102.7,61.8,40.0,36.0,22.3,27.1,15.4,13.6,55.5,24.4,80.5,44.1,38.4,23.7,58.5,37.2,132.64339622641506
64.7,159.7,37.4,93.0,77.9,103.4,102.0,60.6,41.6,37.7,21.4,25.5,14.8,12.5,54.7,23.7,75.3,39.5,36.0,24.3,56.7,35.0,133.78947368421052
62.1,159.8,37.9,88.3,88.4,99.9,95.4,60.1,38.3,38.2,22.5,25.7,15.1,11.0,53.5,23.6,77.1,42.6,36.8,23.9,56.7,33.7,117.49596774193549
69.8,161.3,36.2,95.6,94.0,107.7,103.1,66.0,43.3,37.2,21.2,26.8,15.2,13.2,52.5,23.4,78.7,41.6,39.0,25.5,54.1,36.8,139.56204379562044
65.6,164.9,37.2,83.5,76.9,101.3,98.1,61.3,42.0,40.3,25.6,26.7,16.7,12.8,53.2,23.0,78.7,42.1,35.2,22.2,55.3,34.8,101.63857677902622
60.2,167.2,38.0,84.7,75.7,98.6,99.1,57.6,39.7,35.4,21.6,26.0,15.8,14.0,55.5,24.6,83.3,43.8,38.4,23.0,53.5,37.0,118.10756972111555
74.3,171.3,40.1,89.1,78.4,108.4,102.5,67.2,46.8,39.3,23.0,27.1,16.0,12.9,57.5,26.1,82.8,41.1,39.0,24.5,61.9,37.4,125.15603112840465
74.4,164.1,38.0,103.2,99.1,106.9,106.2,64.7,38.5,38.2,22.0,27.2,15.4,12.9,58.1,23.8,78.1,44.8,38.6,26.0,52.6,37.1,150.88551724137932
63.3,161.2,35.3,92.8,78.8,98.9,101.3,61.2,39.0,36.0,21.4,25.6,14.8,13.9,53.3,24.1,75.6,40.0,37.4,24.6,55.3,37.1,139.74588235294118
62.1,159.6,37.3,89.2,80.7,97.0,99.3,58.8,39.5,36.7,20.8,25.8,14.7,13.3,53.9,23.4,75.2,39.8,37.4,22.7,55.8,35.0,127.231007751938
46.7,144.2,34.3,82.1,72.0,90.1,90.1,53.0,34.2,32.6,18.8,24.1,13.8,11.1,46.0,19.4,68.3,38.6,33.2,21.5,51.7,28.3,105.36166666666668
63.9,155.5,36.8,97.8,84.9,100.1,103.6,59.4,38.0,37.7,22.1,25.3,15.5,13.7,53.1,23.9,73.2,41.3,35.1,26.5,55.5,38.0,126.93191489361702
57.9,149.7,35.8,91.5,85.8,101.1,95.9,61.1,37.0,35.0,19.5,25.6,14.0,11.3,49.6,21.5,72.3,38.7,34.2,23.1,54.5,34.0,121.1943396226415
70.8,161.2,38.2,97.3,88.9,105.8,100.8,63.8,41.3,36.6,21.2,26.6,15.2,11.8,54.0,24.1,74.2,45.0,36.1,25.5,55.0,34.6,142.68246268656716
69.8,169.0,38.0,91.1,75.7,103.3,101.3,62.7,42.3,39.9,21.1,25.2,14.7,12.2,57.0,24.4,82.9,40.5,39.4,25.2,56.9,35.9,124.09685039370079
65.4,163.4,35.1,98.1,82.8,105.4,101.1,63.4,38.7,35.0,20.4,25.4,15.2,13.4,54.9,23.4,76.4,42.0,37.3,26.8,54.8,36.2,135.83076923076925
54.2,150.9,34.2,90.0,82.0,91.5,97.3,57.3,36.1,34.6,20.3,25.7,15.4,13.8,50.0,22.6,72.9,39.6,34.6,24.5,53.6,34.3,120.12096774193549
59.3,158.2,33.7,86.2,73.9,104.7,99.4,62.3,37.4,34.5,19.6,25.2,13.9,13.0,55.0,24.2,75.4,37.5,36.6,22.6,54.4,35.5,140.47407407407405
49.7,146.5,32.5,90.9,78.9,90.2,96.3,53.1,34.0,33.5,19.0,24.1,14.4,12.5,48.3,21.8,67.1,35.3,32.8,22.6,53.0,33.9,125.83544776119402
52.6,154.5,35.5,91.3,73.3,89.4,95.5,53.6,35.0,34.3,20.3,24.9,14.5,12.2,53.0,21.6,73.4,38.2,36.3,23.9,58.0,33.0,124.5
48.0,147.5,33.9,82.5,74.0,90.3,90.2,54.5,35.8,34.5,20.6,23.8,14.5,12.5,47.2,21.7,69.9,39.5,31.3,22.1,53.8,32.1,100.91201716738198
55.7,163.3,35.7,95.1,80.8,92.6,102.5,51.6,33.8,32.0,18.8,25.0,15.2,13.2,55.0,23.4,81.3,40.3,39.4,24.4,53.5,37.5,134.97010309278352
72.4,163.1,38.5,97.6,96.7,109.0,108.5,66.7,38.5,36.2,19.6,26.0,14.3,13.5,54.8,24.4,79.9,41.7,39.2,26.4,55.5,35.2,139.5267605633803
66.1,162.6,35.8,94.5,90.9,103.3,102.0,60.4,41.2,34.4,20.5,25.1,15.4,11.8,53.4,22.7,77.4,43.6,36.6,25.1,54.2,35.2,126.68478260869566
79.4,153.3,39.9,105.7,96.2,111.5,116.7,70.2,44.0,40.0,23.5,26.8,15.7,15.0,50.7,22.0,73.6,37.5,36.5,27.9,57.8,38.7,144.2888888888889
57.2,155.3,35.7,90.4,83.4,96.3,95.5,58.3,35.7,35.4,20.6,24.7,14.3,12.0,50.5,22.2,74.1,39.2,35.3,24.3,57.5,31.3,131.35673469387757
78.5,175.2,37.4,94.6,94.8,105.8,110.8,63.8,41.7,37.5,21.9,26.1,15.3,15.3,59.5,25.2,87.0,45.0,41.5,24.4,58.2,40.4,123.32343234323432
67.6,161.8,36.5,97.6,84.8,102.7,102.0,61.6,40.3,37.5,21.6,26.3,15.8,12.3,53.6,24.0,76.8,41.3,36.7,26.6,57.0,35.6,136.41818181818184
53.0,163.4,33.5,88.7,72.1,90.2,96.1,52.7,35.3,34.9,21.6,25.1,14.2,13.1,52.7,22.8,77.3,41.4,38.9,23.1,53.7,36.1,131.49688715953306
77.7,168.9,38.7,99.1,86.5,111.6,99.7,69.0,47.0,41.1,22.4,26.0,14.8,13.6,54.1,23.3,78.9,42.0,38.6,26.8,55.3,35.8,138.01927272727272
52.4,153.4,32.0,87.7,79.3,97.3,93.7,56.6,34.4,32.9,19.0,21.8,13.5,12.6,52.1,21.9,72.9,41.0,35.7,23.1,53.2,33.3,131.0130612244898
60.1,162.9,36.3,90.0,73.1,96.8,104.0,58.6,38.8,35.5,21.3,26.0,15.2,15.1,54.0,24.9,78.7,38.3,37.4,22.3,53.1,37.8,125.3932584269663
55.9,162.8,36.6,89.3,75.0,89.9,98.1,51.3,35.1,34.9,19.4,25.1,14.6,13.0,52.7,22.5,77.7,44.9,37.3,23.2,55.4,36.0,138.07153846153847
53.0,160.3,32.4,84.5,74.4,92.8,97.0,53.6,37.2,35.5,21.0,24.2,15.0,13.5,54.2,24.2,76.2,42.5,38.3,21.4,55.3,36.6,117.02719665271965
57.8,154.7,34.0,88.0,78.0,99.7,97.0,59.7,40.3,37.3,21.2,25.8,14.2,11.6,50.1,21.7,72.4,38.0,34.8,22.8,56.8,33.5,108.64615384615385
64.4,158.5,35.0,101.0,86.0,104.5,98.0,62.0,37.7,37.0,20.8,25.5,14.5,12.7,52.5,22.3,76.4,41.7,38.0,27.7,54.6,34.2,143.75912408759123
69.3,163.8,36.5,101.6,90.0,107.1,103.2,63.6,37.7,36.0,19.4,26.3,14.5,14.0,56.1,23.7,82.1,41.0,38.2,28.2,52.5,36.0,152.94234875444837
84.9,175.4,40.7,103.3,95.5,114.3,113.7,66.7,42.0,40.2,23.9,28.1,16.5,14.4,61.1,25.9,85.8,45.5,40.0,28.0,55.5,38.4,161.40625
60.7,162.3,37.5,89.5,75.3,95.4,99.4,56.1,39.4,35.9,21.2,24.8,15.3,12.5,51.5,22.3,74.3,41.0,37.1,23.8,57.5,36.4,116.88432835820898
62.3,161.4,35.7,91.9,82.5,97.1,99.0,58.3,40.0,36.8,21.4,25.6,15.0,13.0,54.2,23.3,78.3,41.2,38.0,23.1,55.3,36.2,125.47232472324723
60.1,167.6,37.3,87.0,77.4,94.5,101.1,53.5,36.0,36.4,21.2,25.0,15.4,12.0,54.4,24.6,80.5,45.9,39.5,21.9,58.9,37.3,111.203007518797
51.6,156.0,35.1,82.5,67.9,87.7,96.3,52.5,35.5,34.7,20.2,25.3,15.2,13.2,51.9,24.1,75.9,41.7,35.8,21.1,56.4,34.6,117.34913793103446
50.5,163.7,33.0,79.2,71.6,93.0,92.9,51.2,36.3,33.7,20.7,24.6,14.9,12.6,54.0,23.6,79.9,38.6,37.9,21.1,52.7,34.6,106.4873949579832
53.2,154.2,34.5,89.2,69.9,95.7,92.9,57.8,38.0,34.7,21.2,23.5,14.2,12.8,50.6,21.3,73.3,38.0,35.7,23.3,53.2,31.7,128.24738955823292
56.6,153.6,34.2,90.4,81.4,97.8,100.4,60.3,37.1,34.7,20.3,25.0,14.9,14.2,51.3,23.2,69.8,40.2,34.7,23.4,53.7,36.6,129.14285714285717
73.2,161.3,39.0,94.5,85.3,103.0,106.4,65.1,41.7,40.6,21.5,27.2,16.2,14.0,57.1,25.8,77.3,41.9,36.4,25.0,59.5,38.9,139.28171641791045
57.6,159.5,36.5,90.8,78.3,93.9,96.9,57.2,37.6,35.1,20.7,24.3,15.2,13.0,54.0,24.1,77.8,43.4,35.9,24.5,55.0,35.5,134.24310344827586
80.7,165.9,36.3,100.5,86.0,117.8,110.0,75.7,43.9,38.6,19.6,27.8,15.3,15.1,53.2,23.9,80.5,38.0,40.0,27.1,59.2,38.3,135.35977859778598
62.2,156.4,36.5,89.5,75.0,103.7,97.7,61.5,39.7,39.3,21.9,26.2,15.2,13.2,52.8,22.6,74.8,40.5,34.0,22.2,54.5,34.0,119.89622641509433
72.6,168.6,36.6,101.4,96.0,103.9,103.8,59.4,36.5,34.6,20.3,26.2,15.2,14.4,54.4,24.4,80.8,43.5,39.7,27.8,55.2,36.5,142.7111111111111
71.1,167.8,34.7,97.8,87.3,103.7,101.2,61.5,39.1,38.9,21.7,27.2,15.3,14.2,54.0,24.2,79.3,43.8,37.9,26.6,56.0,37.0,129.2627906976744
57.2,157.3,36.4,97.5,92.3,93.7,102.1,55.4,34.7,33.5,18.0,22.8,14.3,13.5,53.1,22.9,76.2,43.3,36.0,26.9,53.5,35.0,153.4362549800797
62.3,158.9,37.5,88.9,79.1,98.0,98.0,60.1,39.7,37.2,22.0,26.9,15.4,12.1,52.0,23.4,75.3,40.7,38.3,23.1,54.4,34.7,120.23639846743296
60.2,162.1,36.5,88.4,77.1,97.0,102.4,55.4,39.0,37.7,22.3,26.3,15.4,14.7,51.6,23.9,77.8,42.7,36.4,22.4,54.1,37.9,123.43854545454546
80.5,167.9,40.7,113.5,98.3,109.8,107.2,63.9,41.5,37.1,20.6,27.0,15.1,13.1,57.9,23.8,83.2,41.4,38.9,29.9,56.2,37.5,153.81206896551723
56.1,159.8,34.1,91.4,78.7,94.2,93.8,54.8,38.0,35.7,19.4,24.0,14.6,13.2,53.1,22.6,75.5,44.0,35.4,25.2,54.2,34.3,140.87685950413226
52.0,171.3,34.1,76.6,65.7,92.3,95.2,53.7,33.3,31.1,19.2,23.6,14.7,13.6,56.6,26.2,86.9,37.5,40.5,18.7,54.2,37.2,105.6008230452675
57.8,155.0,36.3,88.0,78.1,95.5,99.0,59.4,36.6,34.8,19.2,25.6,14.2,13.8,52.0,22.2,74.2,38.4,34.3,23.7,56.5,34.3,130.55737704918033
58.0,158.3,36.3,83.4,74.0,97.1,101.5,58.6,39.1,35.9,21.2,24.7,14.8,13.7,53.9,23.2,80.2,39.1,37.4,20.1,57.8,38.1,117.81412639405205
61.2,154.0,34.6,83.4,81.9,105.7,94.6,64.9,44.6,38.6,21.1,26.3,14.7,11.6,50.0,21.2,73.9,38.9,33.5,22.0,54.2,32.9,113.63250000000001
58.5,154.1,37.4,93.6,80.5,96.3,96.5,56.3,37.0,37.3,20.3,26.1,15.6,12.6,48.5,19.9,69.8,42.7,35.9,24.6,55.7,33.9,128.35588235294117
87.5,162.2,38.5,105.2,101.0,118.1,105.0,69.6,48.8,44.6,24.8,29.0,16.4,13.3,53.2,22.7,74.8,44.2,36.0,28.8,57.7,36.1,149.49473684210528
77.3,179.3,38.7,101.5,90.5,105.4,107.0,62.2,39.6,36.4,22.1,28.1,17.3,13.0,57.8,24.4,87.8,44.5,40.1,25.7,57.0,36.1,131.1904761904762
75.5,171.3,39.0,102.6,92.0,106.1,107.6,66.2,39.9,39.2,21.5,27.1,15.5,13.3,60.8,28.4,84.6,41.0,39.2,25.9,56.4,38.3,133.99253731343285
67.8,160.3,35.6,104.3,92.4,103.2,101.3,60.9,40.4,35.9,20.4,25.0,14.6,13.1,52.8,22.2,74.5,41.8,33.7,28.7,55.0,36.3,135.62820512820514
88.8,171.1,42.1,106.2,100.3,111.7,109.7,71.5,43.2,36.8,21.9,27.9,16.3,14.4,59.0,26.1,83.1,44.0,40.3,29.3,60.0,38.3,136.69306930693068
66.5,164.1,36.9,92.1,78.0,98.0,104.4,61.8,41.5,39.9,22.6,25.5,15.3,13.7,53.0,23.4,79.7,41.8,36.9,22.5,55.7,36.7,124.20528169014085
58.0,149.4,33.9,96.3,100.3,101.5,96.1,58.3,35.4,33.3,18.2,22.0,13.8,13.0,51.1,22.1,74.9,40.7,39.8,25.7,53.6,35.0,148.55581395348838
66.5,167.2,36.6,102.9,86.3,98.5,104.3,57.3,36.5,33.9,20.1,26.7,15.8,12.7,57.8,23.9,80.7,43.0,39.0,29.0,56.2,37.3,149.56840148698885
64.9,161.6,38.6,88.4,85.6,103.0,101.9,59.9,39.1,35.4,22.0,27.1,16.0,12.5,56.4,24.0,75.5,41.5,34.7,22.4,58.2,37.7,111.71428571428571
67.3,158.5,36.4,98.3,90.2,102.2,102.8,61.2,39.6,37.0,21.2,25.9,15.3,13.3,55.7,23.3,75.4,41.2,35.9,25.8,52.7,36.5,129.88375451263536
74.4,161.2,42.0,106.5,101.0,107.5,104.9,64.8,37.5,36.4,20.5,27.2,15.1,12.6,54.1,23.2,77.7,45.4,37.6,29.8,55.3,33.7,154.33157894736843
57.6,166.3,33.5,86.9,75.9,98.2,95.4,54.5,37.5,36.0,20.2,25.7,14.7,14.5,54.1,23.1,81.7,43.1,39.9,21.7,54.8,36.2,118.5
73.5,165.6,38.4,100.4,89.3,109.3,103.5,64.8,42.0,40.0,22.5,27.1,15.9,14.0,54.2,22.9,74.9,42.9,36.7,25.5,54.7,37.4,137.73285198555956
63.6,159.8,40.3,94.0,84.4,103.9,98.1,62.0,37.5,34.6,19.8,26.8,15.2,12.1,51.5,23.2,77.4,42.2,37.8,23.6,53.5,34.2,125.91791044776119
43.2,154.5,35.1,77.0,66.5,85.1,92.1,48.1,31.5,30.2,17.9,23.1,13.5,12.6,51.4,24.0,76.4,39.6,37.4,18.9,56.0,34.2,103.80971659919028
74.7,163.4,36.2,107.2,93.0,108.3,105.5,65.2,41.6,39.4,22.8,26.0,15.4,13.9,52.6,23.5,76.4,43.7,37.6,28.7,54.7,36.3,157.17580071174376
66.9,170.4,38.0,97.1,80.7,99.1,107.3,61.0,36.1,34.2,20.5,27.5,15.3,14.0,59.0,26.3,85.4,43.2,41.0,26.3,57.3,39.2,140.25555555555553
82.6,166.4,37.6,110.0,95.7,111.1,106.0,64.2,42.6,40.8,23.8,27.0,15.8,13.0,56.6,23.8,80.0,43.5,36.2,28.0,57.0,37.5,132.53012048192772
57.8,152.2,34.0,87.3,86.8,101.5,96.6,61.2,39.0,34.3,19.6,24.5,14.2,12.6,51.0,21.9,72.8,40.5,34.7,22.8,54.3,35.6,116.63562753036437
63.7,164.6,36.3,90.7,78.2,101.3,100.3,61.4,38.0,37.2,21.4,25.1,15.0,13.6,54.0,23.7,80.5,43.2,37.8,23.8,56.0,37.2,116.42581818181819
75.8,155.7,39.0,101.9,96.6,106.0,107.6,63.8,39.9,40.8,23.3,28.0,15.3,12.5,51.5,22.6,72.4,40.7,36.6,26.9,54.3,35.8,138.63945578231292
59.4,162.5,35.9,95.0,77.8,102.4,97.8,58.8,37.2,35.0,20.7,24.4,14.6,13.1,55.8,23.3,75.4,42.8,35.8,25.7,54.9,35.7,125.8108108108108
87.2,167.1,38.1,114.3,98.0,112.0,107.7,68.9,45.2,42.7,22.9,30.0,17.0,11.8,60.7,26.1,81.3,42.7,40.3,31.0,55.0,35.1,164.1332179930796
69.3,153.5,37.0,97.0,85.0,108.3,104.1,65.7,44.2,39.9,21.7,26.7,15.0,13.3,53.5,22.9,73.6,39.6,32.1,25.9,56.0,36.5,153.31086142322098
50.0,159.1,34.6,90.3,67.0,88.6,95.4,51.6,33.2,34.7,21.0,23.7,14.9,14.0,52.0,22.4,74.5,41.9,35.0,22.3,53.8,36.6,123.79838709677419
56.7,156.7,35.4,91.6,74.5,96.1,100.0,56.0,39.3,36.9,21.7,24.9,14.5,12.6,50.4,22.4,70.8,39.4,35.6,24.0,53.8,35.0,107.45384615384617
58.9,154.0,35.6,86.8,82.6,102.6,101.2,61.1,40.0,35.3,20.2,26.4,14.6,12.7,53.0,23.2,75.2,36.2,34.7,22.1,51.7,36.2,128.7148288973384
64.0,157.3,36.2,98.7,86.0,97.2,99.7,60.5,36.4,33.9,19.8,25.6,15.0,12.2,51.5,22.1,75.1,40.0,36.4,27.8,54.2,34.1,132.08921933085503
68.3,163.7,38.0,94.2,79.7,102.9,102.7,64.1,41.8,36.5,21.0,28.6,15.7,13.0,56.0,24.6,81.1,39.4,39.2,23.4,57.3,36.1,127.38790035587189
56.6,160.4,36.1,90.8,70.6,94.3,93.6,55.2,37.3,36.4,21.1,24.8,15.4,12.1,49.8,21.1,74.1,39.9,35.9,24.3,54.5,34.4,116.21044776119405
63.2,174.0,38.2,88.1,73.0,94.5,103.0,54.4,36.9,36.1,21.4,26.9,15.8,12.9,59.1,27.9,87.5,42.5,41.1,23.3,55.0,36.5,135.33659574468086
59.1,156.3,36.8,88.2,74.3,93.9,101.8,60.2,39.6,37.9,21.1,25.9,14.8,14.1,54.6,23.2,77.0,37.0,37.7,22.6,55.4,34.5,134.4512195121951
76.0,177.3,38.7,90.7,80.5,108.1,106.8,65.0,42.5,40.5,23.0,26.2,16.0,14.1,59.5,26.8,84.8,44.1,39.6,25.3,55.5,40.2,130.06037735849057
66.4,167.2,35.8,96.6,91.2,100.2,104.4,60.8,36.9,34.6,21.4,25.8,14.8,14.5,56.3,24.2,82.9,43.7,38.8,26.6,54.2,37.5,148.07027027027027
65.8,156.4,35.5,93.1,85.3,104.4,106.1,64.0,43.1,36.7,21.5,26.6,15.3,13.0,48.7,21.7,70.3,41.0,32.1,24.3,54.6,34.3,119.793006993007
71.0,160.0,34.7,96.8,84.7,108.1,104.5,65.6,43.7,39.8,23.4,27.9,15.8,14.7,54.5,22.0,78.5,40.7,37.5,24.5,53.0,37.3,148.28164794007492
55.1,158.6,35.3,83.0,72.6,94.7,98.9,58.8,38.0,35.9,20.2,24.4,14.8,14.3,51.2,22.3,75.0,40.2,37.1,20.4,55.2,37.1,121.0702479338843
59.3,156.6,33.8,88.3,79.5,98.4,99.6,58.7,42.9,35.2,22.4,24.6,14.2,13.1,53.7,22.4,76.5,40.4,35.5,21.7,54.9,35.4,113.18764478764479
66.1,168.3,36.4,95.9,83.7,97.1,103.1,58.8,37.8,39.3,22.3,25.5,14.6,12.3,58.5,24.3,80.6,42.6,37.9,25.3,53.4,35.9,120.78754325259516
65.8,161.3,37.3,91.0,81.6,105.7,97.6,63.3,42.2,40.7,22.1,26.2,15.2,13.2,52.5,22.6,74.3,41.1,34.7,23.8,53.9,35.4,123.47583643122678
63.4,157.2,39.1,94.0,81.4,102.3,100.2,58.7,37.9,35.8,21.5,26.8,15.8,12.1,51.1,22.7,72.6,38.2,33.4,24.7,57.6,35.8,123.58565737051792
48.0,158.4,35.1,86.9,69.3,87.1,93.3,49.4,33.2,31.8,19.3,23.6,14.6,12.0,51.2,22.6,75.3,39.4,36.0,23.0,53.7,35.0,114.48730158730159
66.0,170.6,37.4,90.0,79.8,100.5,102.9,58.6,38.5,37.5,21.2,25.6,15.7,13.4,56.0,23.8,82.0,41.4,37.3,22.8,56.1,38.5,128.57142857142858
60.1,162.0,36.8,88.7,80.7,97.8,100.2,58.6,37.1,34.0,19.7,25.2,14.9,14.1,51.9,23.9,74.2,45.5,34.1,23.2,55.3,37.5,126.71428571428571
54.6,164.0,35.0,80.7,77.8,94.3,97.7,57.1,34.2,29.7,18.7,24.1,14.2,13.4,58.3,25.8,84.7,44.6,37.8,20.8,56.5,36.2,120.19873417721519
116.6,171.1,43.8,126.6,130.5,126.1,122.5,78.8,47.2,42.7,23.0,31.4,17.7,13.9,58.6,26.5,85.1,50.9,39.7,33.4,57.5,38.1,180.10357142857146
79.3,164.1,41.2,104.2,91.9,108.0,111.9,67.8,42.0,39.3,22.4,28.3,16.3,14.4,54.5,24.8,81.9,44.0,38.1,27.2,60.2,38.3,150.64119850187268
45.4,156.7,32.6,79.1,61.1,85.3,91.6,47.8,34.7,32.7,18.8,24.7,14.6,12.8,50.2,22.2,72.3,41.0,33.3,19.5,53.8,34.3,105.25403225806451
49.9,162.9,35.6,81.4,69.8,86.7,99.2,50.6,32.5,31.0,18.8,23.5,14.7,14.0,57.0,26.4,83.1,41.8,39.8,20.8,60.5,37.6,129.68813559322035
35.8,147.9,32.6,69.5,61.5,79.8,87.1,46.5,30.2,28.2,17.3,20.0,12.4,12.8,47.8,21.3,69.8,36.5,32.6,17.0,53.8,34.2,96.98409090909091
70.0,166.3,38.4,91.2,85.9,103.7,104.5,63.8,41.3,37.6,21.9,26.6,15.3,14.5,57.8,25.9,81.3,48.5,37.8,23.9,57.7,38.6,130.48615384615385
77.0,174.9,36.4,93.4,88.7,108.9,103.5,67.4,43.5,38.9,21.5,27.9,15.8,13.2,63.9,29.4,94.7,45.0,43.1,24.1,60.5,37.3,133.53574297188754
64.9,159.2,38.2,98.4,91.1,99.8,104.0,56.5,37.5,35.7,21.0,26.5,15.2,13.1,50.6,21.8,73.5,43.7,35.7,26.0,54.4,36.5,148.88988764044944
55.0,159.1,36.4,88.7,73.3,93.2,98.4,53.6,36.1,35.8,21.3,23.9,15.1,13.0,52.9,23.2,75.4,40.4,34.8,22.6,55.8,37.2,123.02452107279694
87.5,171.0,37.2,108.1,97.9,109.5,111.5,66.5,46.5,40.0,23.3,30.5,17.0,14.5,60.4,29.0,86.9,40.5,41.7,28.7,56.3,38.9,141.77049180327867
76.8,168.4,38.6,101.2,96.8,105.7,108.9,61.1,44.6,38.8,21.7,30.1,16.0,14.0,60.0,27.2,84.3,46.8,41.0,26.6,57.1,38.8,132.52380952380952
76.3,162.5,37.1,101.8,94.1,109.0,111.3,65.6,41.0,39.5,22.2,28.4,16.0,14.2,56.3,25.7,81.8,42.0,39.4,26.8,57.0,38.0,151.44098939929327
65.0,166.6,36.3,93.5,73.2,98.5,103.5,58.6,39.0,37.2,21.3,27.0,15.9,13.0,56.1,24.6,79.5,39.0,37.7,24.8,54.6,38.3,126.12410071942448
55.5,157.6,35.3,89.6,76.0,93.3,98.7,55.0,34.9,32.9,20.0,25.3,14.8,13.3,51.8,22.9,74.0,41.2,37.8,23.7,53.9,35.5,121.1392
75.5,168.5,36.3,103.6,90.5,108.2,100.0,64.1,42.0,39.2,23.0,26.0,15.4,12.8,56.8,23.9,81.7,47.8,37.3,28.2,55.5,35.8,141.66515151515154
54.8,162.9,35.7,85.0,71.5,96.4,99.3,55.7,35.8,34.8,19.5,22.7,14.5,14.7,55.0,24.9,76.6,43.3,37.0,21.5,53.0,38.2,124.0725806451613
70.5,163.7,35.8,92.6,87.8,105.1,102.1,65.1,44.7,38.6,21.2,27.7,15.0,12.3,54.5,23.3,80.7,42.3,37.1,24.1,56.8,33.8,121.87794117647059
54.8,159.7,34.0,88.8,78.8,94.2,94.0,57.3,34.3,34.3,21.0,23.1,14.5,13.0,50.0,22.0,72.6,42.5,37.6,23.5,52.3,34.9,134.06381322957196
76.3,167.6,38.9,96.7,90.3,106.3,110.6,64.3,39.7,40.6,22.8,26.8,15.9,14.1,55.4,24.6,82.7,42.0,38.6,25.7,57.0,39.4,141.22374100719426
78.4,167.2,38.5,102.6,87.0,103.6,107.1,65.6,44.3,41.2,22.7,29.4,16.0,13.7,58.3,26.0,85.1,39.0,41.7,27.2,57.0,36.6,131.35640138408306
69.8,170.7,36.7,92.0,84.8,106.5,101.0,64.5,40.8,38.4,20.8,25.4,15.3,13.9,57.0,25.0,83.0,44.8,40.7,23.2,55.0,38.2,129.27881040892194
65.0,164.9,35.8,87.9,82.5,102.7,97.3,62.9,41.2,39.1,23.3,27.8,16.1,13.5,55.3,23.4,79.4,42.3,36.7,22.5,55.2,35.6,127.30344827586207
79.4,161.5,36.4,97.2,95.5,118.1,104.5,71.2,41.3,41.5,24.6,27.5,16.3,13.2,52.5,22.7,74.4,45.0,35.4,25.3,56.8,35.4,149.09163346613545
89.7,162.9,41.0,115.7,110.5,113.0,108.9,69.4,47.4,39.4,23.1,27.7,16.3,14.0,57.5,24.4,78.3,44.9,35.7,32.6,56.3,37.2,163.6913183279743
52.5,161.5,35.3,85.0,78.5,92.8,98.1,51.8,33.7,31.0,19.2,23.1,14.4,13.8,54.6,23.7,75.5,45.0,36.7,21.8,53.8,38.2,145.25316455696202
77.2,153.7,36.6,97.6,97.2,113.4,108.3,70.2,45.1,39.6,22.0,28.4,16.1,13.7,50.0,22.4,74.7,40.2,38.4,25.6,54.6,36.4,141.05693430656933
65.7,166.3,38.0,89.9,79.3,98.9,103.0,60.3,41.2,37.5,22.4,25.6,15.3,12.8,53.7,22.8,78.1,42.0,39.0,22.9,55.3,38.5,124.39651162790699
53.7,158.2,35.7,88.8,79.8,94.2,97.4,57.2,37.2,31.7,18.8,22.8,14.2,12.5,52.6,22.5,77.7,40.7,36.5,23.3,54.0,36.0,136.6153846153846
66.7,149.9,35.3,101.0,95.5,106.7,98.0,62.7,41.5,39.7,22.0,25.7,14.4,12.7,45.5,20.0,68.0,43.0,33.5,28.1,55.9,34.2,138.6746031746032
83.3,177.1,41.0,101.0,92.0,111.2,108.5,68.5,42.4,37.9,22.2,26.5,15.9,14.1,60.3,25.9,85.1,45.6,38.5,27.1,55.6,39.3,135.57966101694916
59.9,154.5,36.9,96.7,85.5,96.1,100.0,56.3,34.6,33.5,19.5,25.0,14.9,13.4,52.4,22.3,73.6,40.8,35.1,25.1,55.0,36.8,127.79434628975267
64.9,160.3,36.3,97.5,91.4,99.4,100.3,60.4,36.6,36.1,20.2,26.0,15.4,13.0,52.2,24.3,75.5,42.1,37.7,24.6,54.4,35.3,135.22988505747125
78.8,158.0,37.1,106.6,93.8,110.5,105.6,67.5,43.0,41.6,22.5,30.1,15.2,12.5,53.1,23.6,74.8,40.9,36.7,29.1,53.8,35.4,129.83333333333331
75.2,160.8,37.2,106.2,96.0,101.6,102.1,64.0,42.1,43.0,21.5,26.8,14.8,12.4,53.0,23.6,76.4,40.6,36.1,28.7,55.2,34.2,144.48979591836735
64.3,156.1,35.1,94.1,90.0,100.0,102.7,63.1,40.4,34.3,19.3,24.8,14.3,13.0,54.0,22.8,73.8,40.5,35.6,24.3,54.3,35.4,126.84542124542125
61.3,164.2,36.0,88.0,78.0,96.5,97.0,58.0,40.0,38.7,21.7,26.2,15.4,12.5,54.5,23.2,77.3,41.3,36.4,22.3,57.4,35.7,108.78228782287822
84.7,160.0,41.5,102.7,93.5,116.5,110.8,74.5,49.0,42.5,23.9,29.4,16.9,14.2,53.3,22.3,74.0,43.8,35.3,28.2,58.5,37.7,140.21771217712177
68.7,159.1,36.4,95.3,89.0,107.7,104.2,64.2,41.3,37.5,21.0,26.7,15.0,14.2,54.5,23.6,76.5,41.5,35.5,25.6,57.7,37.2,139.79805447470818
69.7,169.7,39.2,99.7,82.1,98.8,106.5,59.8,38.3,37.9,22.6,25.6,16.2,14.1,55.5,23.0,80.9,45.2,40.0,25.5,57.7,38.4,138.5900709219858
60.2,169.1,34.8,87.0,79.3,96.5,102.6,55.5,35.3,33.5,19.6,23.4,14.8,15.0,54.5,23.6,79.4,43.7,37.3,20.7,55.7,39.2,121.13076923076922
63.1,156.3,36.0,95.6,77.5,106.8,102.5,63.5,37.9,35.9,21.8,26.1,15.4,14.0,51.2,22.3,72.6,39.1,36.5,26.0,50.7,36.7,125.77034220532319
95.2,159.8,38.8,115.2,103.4,121.0,108.4,75.8,51.0,45.3,22.5,29.6,15.7,13.1,52.6,23.0,73.7,44.5,38.2,31.4,56.3,36.7,163.584
51.3,163.1,36.3,79.5,66.4,91.4,94.3,52.0,35.0,33.2,20.7,24.8,15.1,12.7,54.5,23.2,79.7,40.6,38.2,19.8,54.3,32.4,104.97683397683397
69.4,164.8,36.8,93.7,90.7,105.0,104.8,60.6,37.8,37.4,21.7,27.8,15.4,13.1,53.1,24.4,78.9,44.9,37.1,23.0,57.7,36.8,129.47636363636363
50.9,149.6,35.9,82.6,76.8,90.0,96.6,54.8,37.0,35.0,19.6,25.5,15.4,13.8,51.1,22.7,72.0,40.2,32.8,21.6,54.7,34.9,118.4388429752066
52.0,152.2,33.9,87.8,67.2,91.5,93.6,55.0,36.4,34.2,20.3,24.5,15.0,12.0,51.8,22.2,72.3,34.5,35.5,23.6,55.0,33.2,127.07894736842107
88.9,176.9,41.3,104.7,96.5,111.5,113.0,69.5,42.3,38.9,20.3,30.9,16.8,14.5,59.6,27.1,89.2,46.8,41.5,28.4,58.0,39.9,153.21951219512195
78.5,176.1,39.2,90.0,78.4,106.9,105.0,66.4,44.5,37.5,21.7,28.3,16.6,14.3,60.4,27.5,87.0,42.5,40.4,24.2,58.9,39.0,132.95454545454544
67.8,161.8,37.5,97.6,90.3,107.2,101.4,64.5,40.1,35.5,20.2,26.1,15.9,13.7,52.5,22.8,78.5,41.0,37.4,27.1,54.8,38.0,131.54782608695652
64.4,161.2,37.0,91.2,84.1,100.7,101.5,58.4,37.9,35.1,21.1,25.9,15.6,14.3,54.7,23.7,77.7,42.3,37.8,22.5,56.0,37.6,125.98762886597937
65.7,165.3,39.5,94.0,87.0,99.9,101.3,57.1,38.6,37.7,21.1,26.1,15.0,12.9,55.0,22.8,80.3,41.5,36.7,24.3,55.4,37.8,130.86925795053003
66.1,159.8,36.0,95.5,85.2,106.3,95.7,65.1,40.9,36.5,20.5,24.4,14.5,12.2,52.7,23.2,77.3,43.9,35.4,25.6,57.3,34.0,137.08870967741936
92.5,177.0,40.5,113.0,99.3,114.5,106.5,69.1,43.0,41.3,23.7,27.5,16.2,12.6,60.4,24.9,83.0,46.4,40.5,30.0,55.5,36.7,155.09803921568627
61.1,156.6,36.7,100.1,86.6,98.1,97.6,58.8,39.2,35.0,19.0,25.4,14.6,12.0,50.6,21.6,72.9,42.2,37.0,26.4,50.2,35.4,155.13505976095615
61.1,166.8,38.8,96.1,75.7,97.5,99.5,53.9,35.2,36.3,21.1,25.4,15.4,12.6,55.0,23.3,80.3,41.4,38.8,26.6,56.8,35.4,138.36954887218047
79.7,161.4,39.1,97.3,90.7,114.3,106.6,71.2,47.7,44.5,24.7,28.7,16.1,12.7,57.4,26.5,82.6,44.6,37.7,25.8,57.1,37.8,135.4034965034965
68.2,167.3,39.9,102.1,85.3,96.7,106.2,58.3,39.3,34.3,20.8,26.3,16.0,13.6,57.3,23.5,79.5,44.5,37.7,27.3,58.2,39.3,135.23178807947022
48.9,158.8,35.7,84.0,77.9,87.5,95.0,51.4,32.9,30.5,18.2,22.8,13.3,13.0,54.2,24.3,75.8,44.1,37.0,22.5,52.9,35.5,128.5344827586207
66.9,153.4,37.4,105.3,92.6,99.2,101.5,61.5,41.0,35.9,21.0,26.4,15.5,13.7,52.5,23.8,75.6,41.5,38.4,29.1,55.8,35.7,155.3073359073359
61.7,149.0,35.7,88.8,82.5,102.3,103.5,63.4,42.5,36.2,20.5,26.0,15.5,14.3,49.5,22.3,71.3,41.5,34.0,22.4,56.1,36.2,136.25587044534413
70.6,161.1,37.6,95.5,93.8,105.6,103.2,65.0,43.0,37.3,21.1,28.4,15.5,13.8,52.1,23.8,76.3,46.1,36.1,24.3,57.9,37.3,135.7836363636364
61.1,159.9,39.3,90.9,75.5,94.9,103.2,58.6,36.6,38.6,21.0,25.8,14.9,11.8,54.5,24.7,77.3,41.5,33.9,23.0,56.9,36.7,138.61379310344827
66.2,164.5,37.7,100.1,86.7,99.6,104.4,56.3,37.8,35.2,22.3,27.3,15.8,13.6,52.7,22.7,76.7,43.5,36.8,27.3,57.5,38.2,125.47256944444446
53.2,157.1,34.1,91.0,78.4,92.5,94.8,55.5,32.9,33.3,18.3,24.3,14.8,11.0,51.1,21.2,73.1,41.7,36.5,23.5,52.5,32.9,126.97674418604652
61.6,165.7,36.4,93.3,75.3,95.8,100.9,57.0,36.8,35.6,20.5,25.8,15.6,13.6,55.6,24.3,80.2,40.6,37.5,25.3,55.1,36.6,132.11564885496182
73.7,164.1,37.8,97.4,91.4,109.4,103.7,67.4,41.6,38.2,22.5,27.0,16.7,13.1,57.0,25.2,77.3,42.2,36.4,24.4,55.0,36.1,129.63309352517985
65.7,171.0,36.0,94.7,82.6,103.9,92.4,59.5,37.7,34.4,22.2,24.8,15.8,11.6,56.0,26.1,80.4,43.0,40.0,25.3,54.1,32.3,121.12790697674419
67.1,167.4,35.4,98.6,87.5,104.0,105.0,61.0,36.9,36.8,21.0,25.5,15.4,14.5,55.5,23.9,80.4,41.9,40.5,23.8,53.7,40.0,138.65625
83.1,156.1,41.2,118.0,109.5,112.9,106.6,68.1,43.4,37.5,21.5,27.4,15.9,12.3,50.5,22.0,72.0,45.4,37.5,32.5,55.2,36.2,172.18367346938777
86.6,166.4,37.2,110.0,107.6,117.9,105.0,69.5,45.3,38.9,21.0,28.9,15.6,13.5,54.1,23.4,78.3,45.3,39.3,29.0,56.3,35.9,164.80144404332128
105.4,174.3,40.7,110.1,108.7,127.5,111.3,77.9,51.3,45.0,23.8,30.8,17.1,13.1,58.4,24.9,83.4,49.6,38.4,30.8,56.0,36.0,136.6758620689655
92.0,168.1,42.2,108.0,101.1,117.0,117.5,74.2,45.5,40.5,22.5,30.3,17.2,14.2,54.3,24.6,81.1,42.8,40.2,28.6,59.5,40.4,157.48494983277592
61.7,149.8,37.2,91.3,93.1,103.2,98.9,64.7,41.3,37.2,18.9,27.5,13.9,11.3,51.0,21.6,74.1,40.0,35.8,23.0,52.8,33.2,132.27716535433072
77.2,159.5,39.9,102.6,88.8,110.5,106.8,67.8,44.5,38.5,21.0,28.6,15.6,13.4,54.5,23.5,75.7,42.4,37.6,28.3,56.3,36.7,159.30981818181817
77.7,177.1,37.3,104.7,97.1,108.3,100.3,64.9,41.7,36.4,21.2,24.9,16.0,13.5,57.0,25.1,85.3,45.8,40.6,27.2,55.3,36.4,134.61428571428573
80.2,158.5,39.0,111.3,101.5,110.5,109.3,67.9,41.5,37.3,21.3,28.8,16.3,14.7,55.0,24.8,77.8,41.0,37.8,29.6,58.0,38.9,158.417
95.3,181.9,40.9,108.0,99.5,122.3,117.9,75.0,46.7,39.0,21.7,29.1,15.7,14.1,64.0,27.8,89.6,47.7,41.5,29.2,56.0,41.3,180.4
87.0,168.3,36.1,109.4,106.7,118.5,106.6,73.5,44.7,38.6,22.0,27.5,15.7,13.7,54.6,22.1,79.5,47.8,39.5,29.8,55.3,34.7,152.94046822742476
73.0,168.6,38.5,97.4,85.3,106.6,102.4,62.4,40.4,37.5,20.5,26.0,16.2,12.8,59.0,25.3,80.7,40.5,37.4,26.3,56.0,35.5,139.14285714285717
87.7,170.3,40.4,109.6,93.7,114.2,105.4,70.9,45.0,41.4,23.7,29.3,16.4,13.6,55.0,26.7,79.3,42.0,39.4,28.6,58.1,35.7,148.0561403508772
82.3,170.7,41.5,97.6,96.7,112.2,109.2,68.9,45.7,38.1,22.9,27.2,17.0,14.0,58.2,26.4,81.3,47.0,38.6,25.4,58.0,39.9,134.92771929824562
83.1,167.8,38.4,107.8,111.2,107.8,108.7,63.6,40.5,37.8,21.0,28.0,15.9,15.7,56.6,25.2,84.7,49.5,42.3,30.0,57.7,39.3,132.16575342465754
59.9,164.6,37.2,88.6,70.0,96.1,97.5,56.8,36.0,33.9,20.2,26.1,15.3,12.8,56.6,26.3,80.4,40.2,35.8,23.0,55.8,35.5,138.8864864864865
72.5,167.6,38.0,96.2,90.7,107.4,103.5,63.9,41.4,36.9,22.1,28.2,15.9,14.1,57.4,26.1,82.0,42.2,36.3,23.8,58.3,37.6,128.61904761904762
63.0,170.3,36.0,87.2,81.0,100.6,99.8,63.6,35.6,32.8,19.4,24.4,15.0,13.5,59.0,26.4,88.4,42.5,40.5,22.8,55.8,37.0,116.26666666666665
62.3,160.9,36.6,90.1,90.0,102.5,97.1,61.9,38.0,33.9,19.6,26.8,15.3,12.0,53.6,24.5,80.3,43.6,41.0,25.1,55.9,33.9,132.5
82.1,163.6,39.7,110.0,93.5,113.2,109.9,71.1,45.2,40.8,21.4,28.0,15.4,13.2,53.6,24.0,79.7,40.4,38.9,28.6,59.2,37.6,165.0
62.4,162.5,37.4,91.0,85.8,98.2,100.9,58.5,38.5,34.4,20.2,26.3,15.0,12.5,55.9,24.9,77.3,45.6,38.0,24.5,55.7,36.2,131.93172690763055
56.7,161.5,36.5,88.3,79.0,99.8,96.0,59.1,37.7,34.0,19.2,25.2,15.1,13.2,52.2,24.5,78.4,42.4,37.9,22.7,55.9,36.9,120.570281124498
67.5,160.3,38.3,106.0,96.0,104.9,103.4,60.0,37.8,36.0,20.5,25.7,15.8,13.5,52.4,24.5,75.5,45.0,37.8,27.2,57.7,37.1,141.33333333333331
62.3,164.1,36.5,84.6,77.8,99.3,97.5,61.5,39.4,34.3,19.2,25.5,15.5,13.5,56.7,25.4,82.4,39.8,39.5,22.7,57.3,35.4,120.3658536585366
64.4,169.7,36.4,92.0,79.1,95.6,106.0,56.0,39.0,35.4,20.5,27.0,16.3,14.6,61.0,27.0,84.6,41.0,41.3,23.8,56.5,39.7,112.8659793814433
62.6,157.1,35.7,92.6,83.8,100.5,95.0,59.6,38.2,36.7,18.9,24.0,14.9,11.2,50.6,23.2,74.1,40.4,37.5,26.2,53.0,34.0,147.84206008583692
71.3,154.8,36.7,94.6,84.5,109.7,101.2,70.3,43.0,40.3,21.7,28.0,15.1,11.8,53.0,22.4,75.3,38.7,35.5,25.2,55.2,34.5,131.58646616541353
63.0,163.3,37.9,89.9,79.9,99.2,99.5,59.9,38.0,34.8,20.5,24.7,15.3,12.7,54.3,23.3,79.3,42.9,39.2,22.5,53.4,36.7,127.01780303030303
82.0,166.7,39.3,103.2,92.2,110.2,111.7,66.5,40.7,39.9,23.8,27.5,16.0,14.2,54.8,24.4,77.7,45.2,37.0,28.2,55.0,39.2,148.75986622073577
76.2,158.4,38.0,104.3,95.6,106.9,105.5,65.7,43.3,41.3,22.9,25.5,15.2,12.0,53.0,23.3,78.0,39.7,38.2,27.4,54.7,36.2,146.3148409893993
69.7,164.2,36.9,92.9,84.3,106.8,102.7,64.4,40.2,37.6,21.2,25.6,15.8,13.3,57.3,24.8,79.6,42.0,37.9,23.9,56.2,37.7,138.28625954198475
91.0,173.6,40.5,109.8,106.4,120.6,110.8,70.6,44.1,40.3,23.9,28.2,17.2,13.5,61.0,26.0,87.5,45.2,40.7,29.9,55.6,39.3,150.3302013422819
80.1,167.1,38.3,96.5,95.7,114.3,100.8,68.6,43.0,40.7,24.0,26.1,16.3,12.0,55.5,23.6,80.4,43.7,37.6,25.0,54.7,36.5,126.1660777385159
68.3,159.5,37.5,91.2,82.0,106.0,107.3,64.1,39.3,37.7,20.9,26.1,14.5,14.5,52.0,22.8,79.3,40.0,35.2,23.0,58.0,39.2,142.24477611940299
76.9,171.6,39.5,96.4,87.5,107.1,106.4,64.2,41.8,40.8,22.4,27.2,15.6,14.3,58.0,24.2,83.3,44.0,40.0,24.7,57.5,38.7,139.43571428571428
60.1,157.4,37.3,87.9,76.8,97.1,98.5,60.3,38.9,37.3,21.6,25.5,15.4,12.7,49.7,22.2,73.7,40.0,34.8,23.0,57.5,35.0,118.74792452830188
82.1,161.0,39.4,105.4,107.3,113.4,103.9,67.3,42.0,40.9,22.8,29.5,16.4,11.4,54.3,23.8,75.3,46.2,36.8,27.6,57.1,34.5,140.78700361010831
84.2,164.3,35.8,94.7,91.3,116.0,102.2,70.1,47.3,46.0,21.9,27.6,15.7,13.5,55.1,24.2,79.9,49.2,39.8,27.7,53.7,35.7,136.62252964426878
79.1,169.7,39.4,99.2,95.9,108.3,109.6,66.8,40.5,38.1,23.0,28.0,16.0,13.1,56.0,23.4,79.9,45.7,39.0,27.7,56.0,38.4,142.22222222222223
57.5,150.1,33.9,94.1,84.0,98.0,95.6,58.0,37.7,32.5,20.0,23.7,14.8,13.0,48.5,22.6,68.6,41.5,34.7,24.3,54.0,34.2,123.48300395256918
56.8,163.2,35.7,88.4,78.7,93.5,96.0,54.8,35.5,34.4,20.5,26.7,15.5,12.5,54.2,24.1,79.2,40.2,38.0,22.2,53.5,34.0,124.37674418604652
72.0,165.4,41.1,101.5,89.3,103.6,105.6,62.0,38.4,36.4,21.0,26.1,16.2,14.0,59.0,26.0,82.1,43.0,38.0,27.5,55.8,39.0,141.95804195804195
52.1,157.1,35.4,78.7,70.6,95.1,94.4,57.9,36.0,35.6,19.9,23.2,13.9,13.2,50.1,21.5,74.7,43.0,35.3,20.6,53.8,36.1,118.8801687763713
68.9,159.6,38.0,103.1,85.0,99.3,101.0,60.3,37.0,38.1,21.0,26.0,14.8,12.3,55.6,24.6,80.3,39.5,36.5,27.9,56.0,35.6,127.52787456445995
65.2,158.9,36.9,88.1,79.6,101.6,96.4,62.9,41.0,38.4,23.0,27.8,16.4,12.0,49.8,23.5,74.8,41.6,33.8,22.9,57.6,34.5,117.03321033210332
82.7,165.0,38.9,113.1,101.0,110.0,102.1,67.0,41.0,40.5,22.5,29.0,16.2,12.0,52.6,24.1,78.8,45.1,38.5,30.1,54.2,35.4,147.75967741935483
66.2,161.1,36.9,92.7,91.0,100.8,100.5,56.4,37.2,38.7,23.2,26.0,14.8,13.3,53.5,23.4,77.4,46.0,40.5,25.3,53.1,37.7,132.47672727272726
71.5,163.2,36.4,97.1,101.3,109.0,98.7,61.3,39.6,34.9,20.2,27.0,15.7,12.3,55.2,24.7,80.5,45.5,41.6,25.8,55.8,35.1,132.47214285714284
97.3,172.9,39.5,122.0,104.6,119.4,110.6,74.8,46.3,42.6,22.5,27.5,15.6,13.2,56.2,23.5,82.4,47.8,41.7,32.8,54.0,37.1,158.74698795180723
45.0,153.3,34.4,80.0,65.0,85.0,93.7,51.4,33.9,31.5,17.9,22.9,13.8,12.8,53.0,23.2,76.6,37.7,38.0,20.0,52.0,35.5,129.68036529680364
50.4,161.1,32.9,79.3,72.0,88.4,93.6,52.2,35.8,33.5,20.2,22.9,14.3,13.7,52.1,22.3,75.8,40.9,36.3,20.0,54.0,35.5,110.68958333333333
57.7,165.0,35.0,84.8,74.7,94.8,95.8,57.8,36.0,33.8,19.5,23.8,14.7,14.3,57.0,24.6,81.5,42.2,40.1,22.5,56.5,37.0,128.66206896551722
56.2,147.3,35.2,93.2,86.7,94.9,100.0,57.3,37.0,33.6,19.4,24.0,14.8,12.3,51.5,22.9,71.4,38.7,36.0,23.8,56.2,33.2,148.60629921259843
72.8,170.0,39.4,94.1,81.0,101.6,108.5,63.0,40.8,37.1,22.2,27.9,15.8,15.2,57.0,25.7,85.7,39.7,42.1,25.0,59.5,39.8,137.7509505703422
72.2,169.2,38.8,94.0,80.7,109.1,104.5,63.8,41.7,38.9,23.8,27.3,16.2,15.3,55.8,25.2,83.6,40.2,38.6,23.3,58.8,39.9,129.29122807017546
56.0,161.1,37.0,82.6,73.8,94.7,95.1,54.3,37.0,35.3,20.7,24.7,15.5,12.7,54.5,24.5,79.7,42.8,37.4,20.8,57.3,35.3,120.88669527896995
82.4,173.4,37.0,99.0,92.0,110.6,109.0,68.2,43.6,40.8,23.0,27.3,16.3,15.4,58.3,24.7,82.6,43.5,40.7,26.6,58.1,38.6,142.44604316546761
82.5,169.2,39.3,104.7,91.8,109.6,110.3,66.6,43.9,41.1,23.8,27.8,16.4,14.5,59.2,26.7,87.3,43.5,40.9,27.9,61.0,39.4,143.31276595744683
99.5,164.7,40.4,107.1,109.3,125.7,112.7,78.2,54.0,45.2,24.2,31.6,17.0,15.8,57.0,27.5,80.7,46.0,39.4,30.1,56.8,39.8,154.87122302158272
98.8,159.9,45.0,122.2,114.0,121.0,107.3,72.0,49.4,42.9,23.6,33.3,18.0,12.7,53.1,22.6,77.8,50.0,39.8,33.9,55.7,35.9,159.05396825396826
81.5,161.4,38.8,110.2,101.7,107.4,105.7,67.5,44.4,37.5,22.9,28.2,16.3,13.2,52.8,24.3,74.3,43.0,36.6,29.3,58.4,36.0,172.14
72.3,154.9,36.6,95.0,94.5,114.0,101.4,69.8,43.2,38.0,20.8,28.4,15.5,13.0,54.6,24.6,76.5,39.8,35.0,24.6,54.3,32.3,136.24031007751938
73.6,163.4,37.6,95.7,86.8,108.5,108.0,65.9,42.0,39.3,21.7,27.7,16.3,15.3,53.5,23.1,76.9,43.4,38.6,24.4,56.8,40.5,149.64000000000001
69.8,176.0,39.3,95.1,80.5,102.2,103.0,59.1,38.0,39.5,22.5,26.5,15.7,13.2,59.0,25.4,86.7,44.6,38.5,23.5,54.7,37.1,135.1421052631579
76.6,168.3,39.9,102.6,94.4,104.8,108.5,61.8,38.8,38.8,22.7,26.2,15.6,13.5,57.0,24.7,78.4,42.0,38.4,26.0,56.0,38.4,137.02280130293158
65.1,161.8,35.6,90.0,81.4,106.6,101.0,64.6,39.2,36.9,20.3,25.9,14.4,13.6,54.6,22.8,78.1,39.6,36.9,23.8,54.7,36.6,127.78625954198473
51.8,156.5,34.0,80.0,73.5,91.7,93.3,55.3,37.6,32.4,20.6,24.3,15.4,13.2,54.7,24.7,74.4,42.0,36.5,20.6,53.9,33.4,103.2258064516129
54.9,159.2,36.4,86.8,81.4,93.1,96.6,54.3,33.7,34.0,19.6,26.0,14.7,12.5,52.5,22.9,77.6,42.3,37.5,21.6,56.0,34.9,124.92392156862745
57.6,163.6,37.6,86.2,78.7,94.5,101.3,54.5,36.6,33.5,20.5,25.0,15.8,14.3,55.1,25.1,79.4,40.7,38.9,22.2,54.6,39.3,120.35471698113206
58.3,153.8,35.9,91.4,80.8,95.6,99.6,60.2,38.5,35.8,21.7,25.1,15.1,13.3,48.3,20.9,73.6,38.8,37.6,23.4,54.8,35.4,130.57142857142858
67.0,164.8,37.0,88.3,82.2,103.6,96.2,64.7,40.9,39.2,21.8,27.0,15.3,12.7,53.5,23.5,80.0,44.0,37.4,24.2,55.0,35.2,125.93606557377049
63.1,164.5,38.1,93.6,80.1,101.4,100.1,61.9,35.5,35.3,19.0,25.4,15.5,12.3,56.0,24.3,79.5,42.2,38.1,24.1,53.8,35.9,125.78656126482213
62.7,162.3,38.1,88.0,84.2,98.5,101.8,56.6,35.2,37.7,22.2,28.1,15.7,13.5,54.5,23.6,76.4,44.2,36.0,22.3,57.5,37.1,131.16981132075472
67.6,161.1,37.2,94.1,84.4,101.5,101.8,61.7,40.8,39.0,23.7,27.4,16.5,13.3,55.6,24.1,79.4,41.3,36.4,23.8,54.8,37.0,132.61067615658362
53.4,160.2,35.0,87.2,74.7,95.8,95.0,54.9,36.7,31.5,20.5,25.1,15.3,13.6,51.9,24.0,75.2,39.3,36.3,21.4,54.3,35.3,114.55686274509803
74.8,167.0,38.1,100.8,87.3,111.9,104.3,66.6,41.2,38.3,21.8,27.2,16.4,14.1,56.2,24.3,78.6,45.0,36.8,26.3,55.7,38.3,134.7536842105263
64.4,164.3,37.8,91.5,75.7,96.4,97.3,60.2,40.6,36.8,21.7,25.4,16.0,13.5,51.6,21.9,80.2,42.1,39.0,24.8,56.7,35.2,129.44767441860466
67.7,162.8,39.2,97.9,85.4,100.2,104.5,59.8,42.0,38.3,21.1,28.8,15.8,13.1,51.0,22.0,77.6,42.4,36.2,24.9,54.3,36.2,141.9368029739777
62.0,157.5,35.7,90.4,77.8,99.8,101.6,59.3,39.6,38.0,22.0,26.5,15.9,13.0,53.6,23.4,76.0,39.8,36.1,23.9,53.5,36.5,123.42435424354244
53.6,161.3,35.2,83.4,71.3,95.4,95.6,53.9,34.3,34.3,20.4,24.8,15.1,14.0,55.1,23.9,77.0,41.5,35.2,19.1,55.0,36.2,116.37209302325581
59.9,159.8,35.9,86.8,77.1,100.8,97.1,61.5,38.8,37.0,22.0,26.0,15.3,12.0,51.5,23.2,75.9,39.7,35.0,22.0,56.5,35.8,118.45647058823529
64.4,161.0,35.0,89.8,85.7,98.8,100.8,61.2,38.4,36.4,21.0,25.6,15.3,13.8,52.8,23.5,77.3,46.1,38.3,22.7,55.7,36.9,122.42397003745319
53.6,159.7,35.2,82.2,73.9,95.5,93.0,57.8,36.0,35.2,20.5,25.2,14.4,12.5,53.5,23.8,79.3,41.8,36.8,20.5,53.4,33.3,120.08347826086955
88.2,159.0,44.4,108.6,97.2,115.3,113.3,72.8,45.6,41.7,22.5,31.2,16.9,14.0,52.2,22.1,75.8,43.0,36.4,30.6,57.4,38.0,171.6701030927835
64.6,168.8,38.8,93.0,84.0,98.9,103.1,58.1,37.2,33.2,19.0,24.4,15.6,14.0,59.0,27.5,86.4,43.0,40.2,24.7,57.3,38.6,129.7674418604651
66.2,150.2,40.6,93.6,87.8,99.9,111.1,62.8,38.3,37.1,20.8,29.5,16.3,13.6,53.2,23.5,73.4,39.0,36.2,24.3,57.1,38.3,146.66197183098592
69.8,159.3,38.5,91.5,78.8,107.2,106.2,66.4,40.0,37.0,22.5,27.9,16.5,15.1,55.0,24.3,77.3,39.5,37.4,23.1,59.0,38.3,134.7674418604651
67.7,160.7,37.0,103.6,89.5,105.6,103.5,64.1,38.4,36.3,19.3,26.4,14.5,12.5,53.3,22.4,76.8,39.9,36.5,27.3,53.5,35.5,158.02753623188406
58.6,162.5,34.9,88.1,74.0,93.5,98.5,52.6,37.2,36.0,20.0,25.8,14.8,13.4,52.8,22.3,75.5,41.7,34.9,22.9,54.3,34.1,121.98461538461538
52.6,152.5,35.4,88.6,76.7,90.7,95.4,54.6,34.9,34.0,20.8,23.4,14.7,13.0,49.5,21.8,70.3,39.1,35.8,22.5,56.7,34.2,124.38745098039215
56.4,156.3,36.5,89.4,79.7,93.9,93.5,56.8,37.5,36.8,21.0,23.3,15.2,13.7,52.5,23.3,74.4,40.2,36.4,22.9,53.4,33.7,125.37370517928287
76.5,173.4,37.4,92.3,84.0,112.6,100.8,69.4,42.6,40.7,21.6,26.6,15.6,13.2,57.0,25.5,84.3,42.7,39.0,23.5,57.2,37.6,137.40113636363634
87.1,173.4,39.5,99.6,94.7,109.3,109.4,70.6,43.2,40.1,22.3,29.0,16.6,15.0,62.4,27.7,88.0,44.0,40.6,26.8,55.6,39.5,138.23487544483984
68.2,172.8,38.1,92.0,81.2,100.8,101.4,59.5,39.8,37.5,20.2,24.5,15.5,14.7,57.6,25.2,81.9,43.5,39.7,23.2,55.4,38.3,129.15384615384613
62.9,166.1,37.8,89.3,85.6,102.1,97.4,60.7,39.2,35.6,20.1,27.0,14.5,12.7,57.0,25.0,80.4,43.4,36.8,23.7,53.1,35.5,119.801646090535
56.8,170.3,35.0,87.2,73.3,96.9,97.0,55.7,34.8,33.3,21.7,25.1,15.1,13.8,54.5,23.4,81.2,45.3,40.4,22.1,54.5,38.0,123.06451612903227
68.0,170.2,38.6,97.1,85.7,102.0,100.8,59.6,38.8,36.6,21.4,26.3,15.2,12.0,58.0,24.4,82.3,43.5,39.1,26.0,57.0,32.9,120.93040293040295
66.9,177.2,38.0,91.1,78.2,99.0,102.6,57.8,37.7,36.3,21.3,24.5,15.7,13.7,60.0,26.6,84.7,45.6,42.7,24.0,57.5,39.5,149.816796875
71.2,162.6,38.0,92.8,91.8,108.5,101.9,65.9,42.2,41.9,21.2,26.4,15.2,13.0,53.0,23.3,76.8,44.1,35.4,24.6,55.1,37.3,121.61155234657039
78.1,166.1,36.2,99.9,87.5,111.0,102.7,67.3,41.2,38.5,22.0,26.0,16.3,13.1,55.6,25.0,76.8,44.4,35.9,27.9,54.1,36.6,139.3953488372093
67.5,154.9,36.6,96.6,83.5,102.1,99.9,64.0,39.0,38.0,19.3,27.1,13.7,13.1,53.2,23.3,76.8,39.5,36.6,27.3,55.4,35.3,147.48395061728394
66.3,163.4,38.5,93.8,79.5,101.9,99.0,62.5,40.5,36.9,21.5,26.6,15.4,13.5,55.5,24.4,80.6,44.1,38.3,25.0,55.9,36.6,138.66086956521738
79.3,166.1,40.6,101.6,96.7,107.7,105.1,64.2,41.8,37.3,21.6,30.0,16.5,11.8,53.0,23.5,78.1,46.2,38.1,27.3,57.5,36.6,126.24053156146178
60.4,156.4,37.6,94.6,90.2,96.2,97.2,60.3,37.6,34.8,21.2,26.0,14.8,12.5,48.9,22.9,77.9,41.7,36.5,25.2,53.5,34.7,134.62307692307692
73.2,166.4,38.0,107.5,90.2,105.9,105.5,62.4,39.6,36.0,20.5,24.8,15.5,13.0,56.0,24.0,78.4,42.8,37.3,29.7,55.5,34.9,154.72321428571428
71.2,155.3,38.8,104.4,98.6,104.3,98.6,61.5,40.7,36.2,21.5,26.9,15.9,11.7,48.5,20.8,67.7,47.4,36.0,28.1,54.5,34.4,153.17080291970802
72.2,170.0,37.3,90.9,84.0,108.5,105.0,67.2,40.7,37.9,21.3,26.2,16.2,14.7,60.4,26.7,85.0,44.0,39.1,24.2,55.4,38.3,139.98600000000002
61.0,154.2,38.7,92.6,82.7,98.8,99.5,58.0,38.3,34.8,19.2,26.3,15.6,12.6,53.5,24.5,77.0,41.4,38.2,25.3,60.0,35.8,140.2560669456067
81.7,174.3,38.8,98.7,97.5,112.8,109.5,68.2,41.5,36.3,21.0,29.0,16.4,13.7,60.1,27.0,85.7,44.8,41.2,24.9,57.2,38.2,141.4581227436823
79.9,162.3,37.0,98.0,90.5,110.6,109.7,70.3,46.3,44.5,21.6,28.7,15.4,15.1,55.4,25.6,82.4,41.0,40.6,24.5,56.2,39.6,142.2027972027972
60.2,159.0,35.2,84.5,77.0,100.7,99.9,62.1,41.0,34.8,19.7,26.2,15.3,14.0,54.5,25.0,79.9,38.1,37.8,20.9,55.1,35.9,123.86546184738957
58.4,160.4,36.4,88.2,73.7,97.3,101.0,58.0,36.9,36.3,20.8,27.2,14.9,13.0,51.6,23.4,75.1,41.1,33.2,22.3,52.8,38.0,110.66920152091254
60.1,162.7,37.0,87.2,75.2,98.1,99.0,57.6,37.5,34.1,20.5,24.1,14.7,13.8,56.5,25.4,82.0,39.3,40.8,22.1,57.3,36.0,127.15219123505976
83.4,171.8,39.9,101.4,91.8,109.2,113.8,66.8,42.3,39.8,20.8,29.8,15.8,15.0,60.2,26.3,84.2,47.0,41.3,25.0,60.1,40.0,145.71818181818182
97.3,170.5,40.4,117.3,95.7,117.9,112.6,71.5,45.7,41.0,23.9,31.7,17.1,15.0,56.0,25.5,84.4,42.5,40.2,32.4,59.6,38.2,156.0311320754717
55.7,156.1,34.4,85.7,68.6,92.9,96.0,57.2,39.7,36.5,20.1,24.4,15.1,13.7,49.0,22.4,71.4,41.0,33.5,21.5,54.8,35.3,123.63833992094862
55.3,166.1,36.2,80.3,78.2,89.7,97.2,52.5,35.5,32.1,18.6,25.8,15.3,14.7,60.2,27.1,87.2,45.1,43.3,19.8,55.5,37.6,118.96296296296296
52.6,162.0,36.1,84.1,70.0,87.0,95.9,52.0,34.8,35.8,19.7,25.6,14.6,13.9,53.5,24.1,81.9,39.2,39.5,20.3,57.7,35.7,110.91929133858268
61.4,166.0,34.5,85.7,69.0,98.3,96.6,60.2,40.8,37.0,22.2,24.6,15.4,12.9,57.0,26.0,87.1,37.0,38.7,22.1,57.5,35.3,130.33541666666665
89.4,169.7,39.0,108.3,103.4,114.0,109.0,70.0,42.7,41.3,22.7,25.8,15.7,16.0,60.3,28.7,84.7,49.4,40.4,30.3,58.0,37.7,161.09139784946234
89.3,169.9,40.8,106.6,99.0,114.4,113.1,70.1,46.7,40.2,22.5,31.2,16.4,13.7,57.9,26.5,82.9,45.0,38.2,29.2,55.0,39.8,151.2318339100346
70.2,174.0,39.3,90.1,80.0,106.1,103.1,62.1,38.8,36.9,22.6,27.2,15.6,12.4,56.0,24.1,83.4,44.8,38.2,22.2,54.9,38.7,123.34723247232473
73.8,170.1,36.5,103.0,87.9,105.8,103.0,62.8,39.4,38.4,22.2,27.1,15.5,12.8,56.2,24.1,82.5,44.5,39.7,27.0,56.3,36.3,146.3882783882784
60.1,170.7,35.4,90.0,72.7,92.6,100.4,54.5,37.0,33.5,20.0,26.0,15.6,13.6,58.3,25.0,83.8,40.5,41.8,22.3,59.7,37.3,109.9624060150376
78.2,156.0,39.7,99.8,99.1,114.8,103.0,70.2,46.8,40.9,21.6,28.7,15.9,12.8,51.3,22.3,72.4,44.3,33.5,26.8,54.1,35.3,132.25244755244756
44.2,148.3,34.2,78.0,64.7,87.1,91.0,51.2,33.3,30.2,18.2,23.2,13.4,11.7,49.5,21.7,70.5,36.6,33.1,20.0,51.6,33.0,111.23478260869565
47.6,158.7,35.5,80.2,67.8,87.4,94.7,48.9,32.9,33.2,21.0,23.5,14.3,14.5,54.0,24.4,79.0,41.0,36.6,20.3,52.8,36.8,112.28
64.2,157.9,36.6,90.7,84.6,103.3,102.7,64.9,39.3,35.8,19.3,26.7,14.5,12.7,55.0,24.2,77.8,40.1,38.5,23.6,57.3,35.6,130.81730769230768
73.7,165.9,37.0,94.0,85.0,105.5,102.5,64.3,44.0,41.8,22.3,25.7,15.3,14.5,55.6,24.7,76.9,44.4,37.0,25.3,56.3,36.3,138.9402390438247
77.6,168.4,37.7,97.2,85.1,113.2,107.2,71.2,42.1,38.5,21.1,27.8,15.3,13.8,56.5,26.9,84.1,44.2,40.0,25.1,56.9,37.7,146.51999999999998
62.0,159.3,37.9,90.0,77.0,101.9,103.1,59.0,38.2,38.5,22.0,26.9,16.2,13.1,54.0,23.0,73.8,40.0,35.9,24.3,54.6,37.6,135.35433070866142
64.6,158.9,37.4,95.3,84.3,98.6,105.0,60.7,39.0,37.5,21.5,27.5,15.7,14.6,56.6,23.4,79.9,39.0,35.9,24.3,55.9,36.8,122.7708185053381
69.7,168.3,38.2,94.5,85.6,103.5,104.2,61.3,40.8,37.9,22.1,28.2,16.1,14.0,50.7,22.9,77.6,44.1,36.7,23.7,53.9,38.0,132.890625
72.4,170.4,40.0,95.3,79.5,105.0,106.2,60.0,39.5,37.0,22.1,28.6,16.2,14.0,58.1,24.4,81.0,38.1,39.1,24.6,57.5,38.1,126.05283687943263
69.7,173.6,39.0,102.2,88.3,97.5,104.5,56.3,37.6,36.6,19.8,25.4,16.0,13.8,56.5,24.6,84.5,46.0,40.8,25.9,55.2,37.9,148.0857142857143
62.0,163.3,37.8,92.7,76.8,98.6,104.0,57.8,38.5,36.0,21.0,26.3,16.0,15.8,55.5,25.5,80.1,40.5,38.6,22.5,58.0,40.1,134.67735849056604
88.4,172.4,38.0,101.3,85.7,116.9,107.2,68.5,47.2,44.3,23.2,27.5,17.0,14.5,60.6,28.0,86.1,43.1,41.9,26.2,58.5,38.6,155.37744360902255
71.2,148.7,38.2,100.1,98.2,110.4,101.0,70.1,45.9,37.8,20.2,27.2,15.3,12.0,50.5,21.0,69.5,41.5,32.7,26.1,53.5,34.6,141.4
68.4,156.0,41.2,101.8,91.5,96.0,102.0,55.9,38.9,40.1,21.0,27.7,16.8,12.2,52.2,22.3,70.9,43.1,35.8,27.7,55.8,35.7,144.12134831460673
62.3,156.1,37.3,97.8,92.0,100.0,95.6,59.3,37.4,34.9,20.2,25.1,15.1,12.3,52.0,22.7,75.8,42.5,36.4,25.9,56.1,34.0,138.78970588235296
61.4,161.8,38.8,93.0,81.6,101.0,97.3,58.9,37.6,33.7,19.3,25.0,14.6,12.7,55.7,24.0,76.7,41.5,36.5,23.0,58.0,34.7,123.29545454545455
55.1,160.4,36.0,93.0,66.7,94.3,95.7,54.9,36.7,37.3,21.0,24.2,14.4,13.2,50.6,22.0,75.1,40.2,35.2,23.9,54.0,35.2,134.79775280898875
112.1,165.8,45.0,114.1,119.8,134.1,115.2,86.8,60.0,46.1,21.7,30.0,16.3,13.2,56.0,25.6,81.6,46.8,40.7,32.0,58.0,38.6,158.15841584158414
74.9,165.8,39.5,97.0,88.2,110.5,105.9,65.8,42.3,40.2,21.8,27.3,15.9,14.8,54.0,22.9,76.5,44.4,37.1,24.5,56.8,37.9,139.08088235294116
70.9,159.1,35.1,95.6,87.0,108.1,98.5,66.7,42.0,38.5,21.9,26.7,15.6,13.0,54.0,23.1,75.7,43.5,35.9,25.6,55.0,34.8,131.45
58.8,163.8,35.4,87.2,78.0,96.9,95.8,53.9,36.5,34.7,21.0,24.6,15.3,12.8,54.5,22.9,78.5,42.8,38.0,23.5,56.5,35.4,118.23728813559322
87.6,175.1,39.4,100.3,101.6,115.2,109.3,70.6,42.8,36.4,21.2,28.7,16.7,13.1,61.5,27.8,85.3,45.5,40.7,27.3,59.0,36.8,135.15602836879432
59.7,158.7,35.0,85.7,75.3,99.8,96.7,59.0,38.8,35.6,20.6,25.9,15.4,13.0,51.6,23.7,75.3,43.3,36.9,21.2,53.8,35.4,119.45057915057916
68.0,154.0,37.1,104.4,93.7,101.9,105.0,63.1,41.1,37.4,20.8,27.8,15.4,13.2,52.0,22.9,72.6,40.5,32.6,27.5,54.7,36.7,137.4661921708185
70.7,157.6,35.9,100.9,94.6,107.3,101.0,68.3,44.5,38.0,21.8,26.4,14.8,13.1,49.1,22.3,72.0,46.0,35.4,25.8,54.6,35.7,142.06137184115522
68.6,173.7,37.2,92.0,74.5,103.4,102.2,59.7,40.3,38.6,23.3,26.9,16.0,14.8,58.5,25.8,83.7,43.0,39.2,23.8,56.3,39.9,130.22058823529412
62.4,157.3,36.4,90.1,82.6,99.9,101.6,61.2,37.2,37.4,20.3,26.4,15.5,14.7,53.6,23.7,75.3,39.7,35.9,23.6,55.0,38.4,120.83178294573642
61.0,162.2,35.8,90.3,80.5,95.3,100.7,58.6,36.0,35.2,20.2,25.3,15.2,14.6,53.2,22.6,77.9,45.5,35.0,24.2,54.3,38.1,128.03731343283582
58.2,158.8,36.0,89.1,77.3,96.3,98.0,58.7,37.1,35.9,20.1,25.3,14.3,13.0,50.2,21.3,76.8,38.0,37.3,23.8,53.0,36.5,121.53103448275863
48.9,154.8,34.5,84.3,62.4,86.3,94.8,50.4,32.2,33.5,19.8,23.8,14.0,13.0,49.0,21.2,71.9,35.7,36.2,21.3,55.3,35.5,108.5205223880597
69.6,166.2,37.5,93.8,86.5,102.9,103.0,62.8,40.4,39.5,22.5,25.7,15.7,13.0,53.5,22.9,77.1,43.8,37.3,24.0,55.5,38.7,127.66281588447653
79.5,171.8,38.4,97.6,89.5,107.6,105.6,64.7,41.5,41.1,24.1,27.7,17.0,14.0,56.9,26.2,85.7,42.5,41.0,26.0,57.0,37.8,135.89444444444445
60.0,151.9,34.8,88.5,80.5,104.2,100.0,62.4,39.7,36.4,20.5,24.9,15.3,13.2,51.5,23.1,68.8,41.0,34.9,22.1,54.7,36.5,125.9423076923077
64.0,157.3,35.7,95.0,82.6,98.6,100.3,60.1,40.4,39.4,21.5,27.0,15.4,13.2,53.0,24.5,75.9,41.7,35.5,24.9,54.2,35.2,142.67399267399267
71.2,156.6,36.6,93.2,88.3,108.5,97.3,66.8,43.5,41.7,21.3,27.0,14.9,13.2,52.2,23.4,73.5,41.8,34.7,24.0,53.8,34.4,136.8875
47.5,152.9,33.1,82.0,69.6,87.1,90.6,53.3,33.6,31.5,18.4,23.8,13.5,12.5,51.5,23.8,74.0,40.5,36.4,21.3,52.3,33.9,110.44897959183672
73.5,158.5,38.5,90.9,82.0,110.1,100.6,69.1,43.3,43.6,22.4,27.5,14.8,14.2,51.0,21.7,72.5,40.1,37.0,25.2,55.0,36.7,131.733984375
54.6,161.1,35.2,89.3,73.0,86.9,99.9,50.5,36.2,35.9,21.5,26.7,15.7,14.1,51.2,22.5,76.5,42.8,36.7,21.9,54.6,37.7,116.12271062271063
56.2,161.0,36.0,92.5,77.0,94.0,94.8,56.8,34.6,34.5,19.1,24.2,14.7,13.5,52.5,23.2,76.5,40.5,37.7,24.0,55.6,35.4,131.09962406015038
58.2,154.1,36.1,94.7,83.0,96.6,100.0,58.3,36.9,35.1,21.5,25.6,15.8,13.2,50.0,22.0,70.8,41.2,33.3,23.8,55.7,35.8,143.4324817518248
81.2,176.6,36.8,99.9,87.0,109.4,112.4,67.9,40.8,38.1,22.3,27.9,16.1,16.4,60.1,27.0,86.5,40.0,40.6,27.0,54.8,42.0,153.66297709923663
51.8,162.6,35.4,83.8,73.8,90.0,96.8,51.2,34.2,33.5,18.9,24.5,14.6,14.7,54.2,23.2,79.0,40.5,38.9,18.8,54.0,37.5,116.38888888888889
52.3,164.4,35.8,85.2,70.6,89.6,94.2,52.5,33.3,33.9,19.2,23.5,14.2,12.3,52.8,23.9,78.8,43.5,39.2,20.6,56.0,33.3,96.74725274725274
75.6,167.9,37.3,102.3,86.5,102.3,106.0,63.5,43.7,38.5,22.1,28.3,16.1,15.0,54.6,25.5,80.2,46.0,38.5,25.8,59.5,38.3,145.60948905109487
67.4,174.3,37.9,91.2,81.2,104.5,101.1,62.3,39.5,34.4,20.2,24.9,15.8,14.3,56.3,24.4,85.8,46.0,41.3,23.6,55.0,36.7,127.2256227758007
55.2,165.8,35.8,82.5,67.0,94.2,97.0,53.0,36.0,34.3,22.4,25.0,15.2,13.5,54.5,23.3,79.5,42.0,35.6,20.8,54.0,36.4,127.79411764705883
69.0,161.0,38.2,103.1,90.0,101.5,105.0,58.7,38.2,37.9,22.1,28.3,16.2,14.2,53.8,23.4,74.6,43.3,36.8,27.1,54.8,36.9,142.64014336917563
63.6,167.5,37.0,89.3,84.0,100.1,93.4,58.7,38.4,34.7,21.8,25.2,15.4,13.8,53.3,23.4,80.4,46.3,37.2,24.6,58.6,35.5,121.043359375
64.1,163.7,36.4,95.1,78.4,103.7,98.8,60.7,40.8,36.6,21.4,26.0,15.2,13.2,54.5,23.7,79.7,42.9,39.5,24.1,53.0,36.6,116.50627306273063
70.1,162.8,37.8,93.4,93.3,106.2,105.5,63.9,38.1,38.0,21.5,25.6,15.4,14.0,53.0,23.4,76.7,47.1,37.9,25.3,55.0,37.8,142.53815261044178
79.3,164.5,40.3,100.4,97.8,109.6,106.0,67.0,42.9,41.9,22.8,27.3,16.7,13.1,52.6,23.2,75.3,44.0,38.0,28.5,55.6,36.2,154.21151079136692
66.0,159.5,35.8,95.7,88.3,104.1,100.1,63.6,42.2,35.6,20.4,27.0,15.2,12.5,52.0,23.5,76.1,42.8,34.9,25.7,54.2,35.6,119.15953307392996
93.1,173.1,41.3,111.7,103.2,117.0,108.1,73.2,46.1,41.2,24.2,30.3,16.9,14.0,57.5,25.1,80.7,47.5,35.9,31.3,57.0,36.8,150.85257731958762
66.1,156.7,39.0,96.0,91.2,103.2,101.0,61.7,39.8,36.9,20.8,25.8,15.0,13.3,54.0,25.6,75.9,45.2,33.3,27.0,53.9,35.9,137.910447761194
51.0,162.8,34.7,78.0,67.2,92.5,94.9,53.0,35.5,33.3,18.8,22.8,14.0,14.5,55.9,25.4,78.9,40.0,38.8,20.2,55.3,36.0,113.97413793103449
68.6,168.8,37.6,91.6,87.7,103.0,103.0,62.3,39.0,36.3,22.5,26.8,16.0,13.0,55.6,24.0,81.7,44.6,38.3,24.7,54.6,38.1,133.79775280898878
83.9,170.6,38.4,106.3,93.2,116.0,101.5,69.1,43.7,40.8,19.9,28.2,15.1,11.5,57.7,25.6,82.8,49.0,40.3,27.3,53.3,33.0,140.85689045936397
65.2,154.3,36.0,89.3,84.0,102.8,104.1,63.6,42.0,38.2,20.7,28.6,15.0,13.1,53.9,23.7,74.6,40.8,36.7,21.2,57.5,37.2,127.06719367588933
92.0,166.5,40.0,110.2,103.2,117.8,110.4,70.5,45.8,39.3,21.1,28.3,16.2,14.3,56.6,25.1,80.5,47.3,35.7,30.9,55.6,37.1,162.42020905923346
66.7,169.0,36.8,90.0,78.3,103.5,101.8,63.1,38.8,37.2,22.5,26.0,16.2,14.1,54.5,24.4,79.3,44.2,34.1,24.0,56.6,38.2,127.84090909090908
46.4,147.1,32.6,82.3,66.8,87.5,91.0,54.0,34.9,33.9,19.8,23.6,13.7,13.6,46.5,19.8,69.1,37.5,30.8,21.1,53.1,33.2,114.13621399176955
62.7,161.6,36.6,94.3,88.2,100.8,96.2,58.9,38.1,35.9,21.6,25.4,15.2,13.0,54.3,23.7,77.4,43.8,34.9,25.1,54.2,34.2,137.9090909090909
59.3,175.3,36.8,90.1,72.7,92.6,97.0,53.9,35.8,32.8,19.7,24.2,15.3,14.7,60.2,25.8,88.0,41.5,40.6,25.1,56.5,36.3,117.52173913043478
50.8,162.6,34.5,79.5,69.8,91.9,93.0,53.7,34.4,34.2,20.4,22.1,14.8,14.2,52.5,22.6,78.2,43.8,36.0,19.7,55.2,37.0,107.26190476190477
72.7,169.8,37.8,94.4,86.6,104.2,101.5,60.3,44.9,42.8,23.2,26.6,16.0,15.1,54.5,24.3,80.4,46.2,38.2,23.7,56.5,38.7,123.63582089552237
58.3,154.5,36.5,97.0,77.7,93.2,99.1,54.7,37.7,33.8,20.5,25.5,15.3,12.5,52.5,22.5,69.8,42.0,34.7,25.6,55.8,35.1,138.98507462686567
66.9,175.9,37.3,94.2,78.5,102.3,101.5,60.3,38.4,36.1,21.7,26.2,16.3,14.3,55.4,23.6,82.3,44.2,39.8,24.7,55.8,37.7,132.30337078651687
84.2,173.2,37.2,104.1,105.5,113.2,105.5,68.3,44.0,43.0,22.0,27.8,15.7,15.5,59.0,26.1,85.7,52.4,37.8,28.2,55.3,36.9,154.068
60.1,158.7,35.9,88.4,83.0,97.8,102.5,60.0,36.6,34.5,19.2,26.0,15.4,16.0,54.0,22.5,76.7,44.7,38.2,22.3,55.5,38.7,120.38910505836577
60.9,160.5,35.2,92.0,77.3,99.3,99.8,58.6,36.1,33.7,19.9,24.4,15.3,14.6,54.0,23.0,76.6,41.0,37.8,25.2,53.6,37.0,135.7560975609756
68.7,153.0,38.0,94.3,87.2,103.2,99.0,63.8,41.6,39.1,22.2,27.0,15.1,12.6,48.5,21.5,70.9,39.7,33.4,25.6,56.0,35.0,142.88969465648853
54.9,159.8,36.3,88.7,71.5,95.8,96.0,54.9,34.9,34.3,19.7,23.2,13.6,13.4,52.6,23.9,75.7,39.8,37.3,22.6,55.5,31.7,132.21320754716982
45.2,152.4,33.7,82.6,67.4,89.5,85.8,52.4,34.2,33.0,20.0,22.2,14.0,11.2,48.7,22.7,74.5,39.0,33.2,22.0,50.0,29.6,105.99115044247787
83.5,168.3,41.8,105.5,106.6,109.5,111.3,64.3,43.0,38.9,22.6,28.3,16.3,14.0,54.0,25.6,78.0,48.6,36.5,28.3,57.2,38.2,149.15517241379308
64.1,157.7,36.3,90.1,82.2,95.6,99.3,59.8,41.1,38.8,22.0,26.3,15.4,12.7,55.0,23.8,77.8,39.0,35.4,23.6,57.2,35.8,128.95353159851302
58.8,158.3,35.7,90.6,74.9,99.1,95.5,57.4,36.5,35.1,21.0,24.7,15.4,14.5,51.1,22.2,73.1,43.0,32.8,23.2,55.5,37.7,127.80456273764257
56.3,158.2,35.2,87.8,75.0,93.8,98.5,56.9,36.2,34.4,20.6,26.2,16.0,13.4,50.0,21.9,73.7,43.0,35.5,24.0,54.3,36.3,132.96460905349795
70.2,156.9,36.6,101.6,89.5,101.1,101.9,62.1,41.6,38.8,21.4,30.3,16.0,13.2,52.6,22.1,73.4,39.7,35.4,26.7,56.7,36.8,129.17714285714285
77.9,165.1,41.3,101.5,87.6,107.1,109.2,67.5,43.0,40.5,21.8,29.1,16.8,15.4,59.7,26.4,82.4,44.5,39.8,26.3,58.6,39.4,153.53249097472923
62.6,146.3,39.0,99.8,90.2,93.8,99.8,59.5,41.7,39.8,22.6,26.5,15.9,12.1,49.5,22.3,68.9,41.2,31.7,27.0,58.2,34.5,147.628679245283
99.2,165.9,39.5,119.8,111.3,120.0,109.5,75.5,48.2,42.2,25.4,30.7,18.3,13.5,53.2,23.3,78.5,47.5,35.9,34.2,57.4,37.0,167.08947368421053
62.6,159.6,37.6,88.3,78.4,101.9,100.2,59.2,40.0,37.0,20.4,29.1,15.1,11.8,53.0,22.9,76.5,38.8,34.5,22.8,55.7,34.0,132.9819277108434
71.3,160.0,36.7,105.0,90.3,105.9,104.8,63.2,40.4,37.3,22.0,27.0,15.3,14.2,52.8,23.7,72.6,42.0,35.0,29.0,53.8,37.8,153.69565217391306
52.8,155.7,35.9,87.2,71.5,97.0,95.5,55.1,36.5,32.8,18.3,24.3,14.6,14.3,52.5,24.7,74.0,41.0,35.2,22.6,53.8,35.8,113.29133858267717
55.2,156.5,33.5,89.6,78.3,92.5,97.6,54.2,35.3,35.7,20.0,24.6,14.9,12.8,53.9,24.6,77.0,39.1,36.8,24.5,55.4,35.1,130.0992
62.2,152.5,37.7,96.2,82.7,94.7,100.0,59.8,38.8,36.2,21.2,28.2,16.3,13.2,51.5,22.7,72.8,38.0,33.6,25.1,51.9,32.0,117.14391143911439
61.2,161.3,35.5,86.3,86.0,96.5,101.0,57.6,38.1,35.1,21.5,24.2,15.6,14.7,56.0,26.1,81.0,42.2,38.2,22.2,53.7,36.4,122.55241635687733
52.9,167.4,37.0,81.4,72.7,91.5,96.4,52.5,34.7,34.2,20.1,25.5,14.6,12.4,51.5,23.7,78.6,44.8,37.1,19.7,52.9,36.6,108.01153846153845
74.8,161.4,36.7,99.6,92.3,115.5,101.3,69.2,41.0,37.7,20.8,26.6,15.8,13.9,51.0,23.8,74.9,45.5,34.9,26.6,56.0,36.1,130.7954716981132
58.2,155.8,35.5,89.8,81.5,99.3,94.5,59.6,38.3,36.3,21.1,25.2,14.8,12.2,50.5,21.3,73.4,40.2,32.8,23.0,53.1,32.6,108.70526315789473
79.0,177.4,39.1,94.2,90.7,107.6,108.6,66.2,41.6,39.2,22.1,28.6,16.7,14.5,58.0,26.3,85.7,47.2,36.9,23.0,54.8,40.2,137.42876712328768
61.8,163.3,35.0,92.2,78.5,100.6,94.5,58.6,38.6,37.0,20.5,25.8,14.7,12.7,52.6,22.8,79.0,41.0,37.3,25.1,52.0,34.4,139.20392156862744
71.6,161.1,36.6,99.2,100.4,102.6,99.3,60.3,41.3,34.8,20.7,26.8,15.3,12.2,54.3,24.3,73.8,45.5,36.2,26.7,54.0,34.4,115.43914590747332
69.2,176.8,37.7,95.8,85.8,99.5,101.6,58.8,37.6,35.8,20.4,26.7,15.3,14.2,63.1,28.3,89.3,43.6,40.8,26.4,55.0,36.1,139.84597701149426
63.5,157.8,36.7,97.3,85.0,102.2,104.3,61.2,37.9,36.1,20.5,26.2,14.7,12.7,53.1,23.2,76.9,39.1,34.5,25.7,54.4,36.3,132.52329749103941
70.4,161.9,34.5,91.7,90.1,112.8,101.0,68.3,42.7,35.7,19.5,25.3,15.0,12.3,55.6,24.3,79.7,41.0,38.0,24.7,59.5,35.4,124.72605363984674
66.8,168.1,37.9,94.6,89.0,99.9,101.0,59.2,38.5,36.8,21.6,26.2,16.6,14.2,54.8,23.6,79.4,45.5,36.6,25.3,55.6,37.1,151.36
53.5,161.3,35.3,84.1,72.8,93.8,97.0,54.0,34.1,33.3,19.4,23.8,14.1,14.8,53.1,22.7,76.1,40.2,34.4,21.6,52.5,36.1,118.14858299595141
61.5,157.5,36.3,96.7,80.8,96.2,99.0,55.4,34.6,35.7,21.5,25.7,15.3,12.5,51.6,22.8,75.7,40.3,36.5,24.9,54.9,35.2,142.4317689530686
75.1,164.8,38.0,101.8,91.8,114.6,107.7,65.2,38.7,35.4,20.3,27.0,15.0,13.7,54.6,24.8,79.4,43.5,37.4,26.0,57.3,37.2,151.2762237762238
54.6,159.0,37.2,86.7,69.0,90.9,100.0,54.0,35.5,32.7,18.8,25.0,14.6,13.4,53.2,23.8,75.3,41.5,34.8,23.7,56.8,36.6,129.32142857142858
69.5,160.9,36.2,97.3,90.5,105.3,100.1,66.7,40.8,37.3,23.0,26.4,15.5,14.5,52.2,22.5,75.4,46.2,34.4,25.9,53.8,37.8,134.75
77.3,162.5,37.6,99.0,91.9,111.5,105.8,68.4,40.7,39.0,21.5,27.5,15.6,15.0,58.9,26.5,80.2,42.2,41.5,25.6,58.0,37.0,139.59712230215825
75.1,167.6,40.6,101.2,96.0,107.8,105.9,64.0,40.3,37.1,21.1,29.0,16.0,13.5,54.5,24.7,82.0,43.6,39.3,27.0,58.0,36.6,147.26865671641792
70.0,162.3,36.2,104.0,94.5,105.8,98.3,62.3,38.5,36.4,21.1,24.8,15.3,13.1,53.3,22.8,74.8,43.7,34.4,27.6,54.0,35.4,142.43478260869566
50.2,161.2,34.7,82.9,73.5,88.2,97.5,50.3,31.2,31.3,18.6,22.8,14.2,14.8,57.2,26.0,80.7,44.5,38.8,20.8,56.5,36.9,127.64518828451882
71.7,172.0,37.4,98.4,86.6,106.0,105.4,61.2,39.5,37.5,21.7,28.0,16.2,14.1,56.1,24.8,80.2,44.8,37.7,25.8,55.7,38.1,135.34197952218432
64.4,156.7,37.2,91.0,93.5,106.0,102.4,65.3,38.6,32.9,20.3,26.7,15.9,14.8,53.0,24.4,73.8,43.3,36.6,24.2,56.9,37.3,132.6315789473684
107.2,177.0,45.7,120.3,107.6,116.8,119.9,73.2,47.9,43.3,22.5,31.3,18.0,14.6,60.0,27.4,85.8,49.0,41.7,35.3,59.0,41.0,178.83523489932887
94.0,166.8,41.6,119.6,117.6,116.1,110.1,72.5,43.2,39.4,21.2,29.5,16.7,14.3,57.7,25.9,80.7,52.0,39.1,30.8,57.4,38.3,177.43289473684212
76.4,158.8,37.7,96.8,88.6,110.8,103.0,69.8,44.7,42.8,22.0,29.6,14.8,13.0,53.6,24.5,76.8,40.6,36.2,26.4,55.7,34.9,147.88888888888886
89.7,161.6,41.3,114.0,113.5,115.7,117.5,68.3,43.0,37.6,21.8,30.8,17.0,16.1,52.1,23.7,76.9,48.3,37.7,30.3,54.3,41.3,187.1467576791809
77.7,159.3,38.8,109.1,97.4,104.9,109.8,66.3,42.2,37.9,22.7,30.5,16.9,14.2,55.4,25.3,75.6,42.3,37.8,28.5,54.9,37.6,153.13672727272726
49.7,157.2,34.0,87.0,72.1,89.6,94.6,50.8,34.0,32.6,20.3,25.0,14.3,13.6,50.1,22.4,74.7,40.5,34.9,21.6,54.3,35.0,122.28915662650601
66.2,167.4,36.1,91.3,83.7,97.1,104.3,59.3,38.8,37.5,20.3,27.1,15.5,13.4,58.8,25.1,84.5,42.9,39.5,23.2,59.4,37.8,115.1625
69.6,165.2,39.8,104.9,85.1,101.8,103.2,60.9,38.0,38.3,22.2,28.3,16.3,13.6,54.1,24.3,79.8,42.0,37.0,25.6,54.0,37.9,142.98013698630137
84.4,166.4,42.5,107.1,99.6,112.6,104.1,68.0,41.6,39.3,23.5,28.8,16.4,12.1,55.6,23.7,77.4,47.2,37.3,29.1,56.6,35.3,126.10750853242321
64.7,169.1,34.3,91.0,85.2,98.2,100.0,55.5,38.3,37.2,22.2,26.0,16.1,14.6,56.4,24.6,81.4,44.4,38.2,24.3,54.4,37.3,125.61568627450981
78.0,165.7,37.1,101.9,93.5,104.4,103.4,64.4,43.3,38.5,22.2,28.7,15.7,12.3,56.5,25.6,78.4,43.6,38.7,28.3,60.6,35.3,146.09318996415772
77.3,170.4,40.0,96.5,92.7,110.4,107.6,66.9,42.1,37.6,21.2,29.7,16.2,14.0,56.2,26.2,81.4,45.0,40.1,25.5,60.5,39.5,126.61347517730496
73.4,165.4,37.2,95.2,92.1,109.2,102.6,65.0,41.3,38.3,22.6,28.6,16.9,13.6,53.5,23.3,79.0,44.5,37.0,24.9,57.3,36.5,126.32307692307693
69.5,157.8,36.8,98.2,93.7,109.8,99.1,67.1,41.0,34.1,20.0,27.6,15.6,12.7,50.0,23.5,72.7,43.5,35.4,25.6,52.6,34.7,139.17553956834533
70.7,164.5,37.5,103.5,87.2,102.6,101.7,60.3,39.1,35.1,20.3,25.3,15.4,12.7,55.1,23.7,76.1,43.8,36.2,28.1,55.6,36.2,141.3031914893617
93.6,163.1,40.5,114.2,102.5,120.8,109.6,73.1,48.8,44.9,24.9,26.8,16.8,13.6,56.5,24.3,78.1,44.5,36.8,30.3,58.7,35.4,162.86254295532646
85.7,156.1,38.6,105.5,110.6,117.1,111.1,72.3,45.5,38.5,21.6,30.6,16.2,13.3,53.1,23.5,76.3,45.0,38.0,28.7,56.8,35.2,162.27951388888889
57.3,151.6,37.7,91.4,76.7,98.7,101.5,60.2,38.4,32.8,18.8,26.4,14.5,14.8,50.0,22.0,72.8,40.4,36.3,23.3,57.4,37.1,141.70542635658916
67.6,174.9,36.7,93.0,82.3,103.1,98.0,60.2,39.5,36.3,20.5,26.3,15.8,12.6,57.2,24.4,86.6,44.8,38.1,25.2,54.0,35.6,119.36781609195403
85.5,171.5,38.7,100.6,93.3,114.0,107.5,67.9,46.2,43.3,23.1,30.5,17.0,15.1,57.3,25.4,82.3,47.8,39.2,28.8,58.6,39.5,131.69454545454545
54.9,160.0,35.3,92.9,73.5,94.8,95.1,55.4,34.3,32.8,20.1,23.8,14.3,13.5,50.5,21.7,75.3,42.2,37.5,24.8,56.2,34.1,145.01463414634148
58.8,168.3,37.1,87.2,77.2,94.6,104.3,53.2,34.9,33.3,20.2,24.7,15.4,15.0,56.6,24.2,82.6,42.8,37.7,22.3,54.5,40.5,132.84375
71.5,155.7,38.6,98.3,98.7,107.5,103.2,66.4,42.6,39.9,22.5,29.7,16.1,12.3,49.5,22.4,74.7,42.2,37.2,26.7,54.0,35.1,140.93614457831328
58.0,154.8,31.1,87.3,83.7,96.0,99.7,58.0,37.0,34.9,20.4,25.1,15.4,14.2,52.6,24.1,76.6,40.0,36.5,22.2,57.3,36.6,125.65909090909092
69.7,171.4,38.1,93.4,87.3,103.2,101.4,59.9,37.8,36.5,21.5,27.4,16.4,14.8,56.0,24.6,83.0,42.8,39.1,24.9,54.0,37.9,128.15348837209302
68.5,164.9,34.6,100.6,80.3,101.0,100.4,59.5,40.7,39.3,22.8,26.2,15.5,13.6,55.0,24.2,77.1,43.1,36.8,26.6,53.8,36.6,145.3111111111111
58.6,152.8,35.4,90.7,80.4,102.1,93.6,59.6,39.2,37.3,21.6,23.8,14.6,11.5,50.5,22.2,75.3,40.1,33.3,23.3,53.9,34.6,124.88692307692308
84.2,159.6,40.7,110.1,105.5,118.1,105.8,69.3,45.3,40.8,22.4,29.0,17.2,12.7,52.0,23.0,72.3,45.5,35.5,30.0,55.5,36.9,163.16978417266188
90.9,165.8,36.7,106.8,90.1,124.1,108.0,77.1,47.2,42.4,22.1,28.4,16.0,13.0,59.4,28.0,82.9,39.5,38.3,28.4,55.4,36.6,167.11510791366908
104.7,170.1,40.7,116.8,117.2,131.4,110.5,83.2,50.1,45.2,21.0,28.1,15.7,15.0,60.0,25.9,84.9,44.7,40.7,32.2,59.5,37.7,168.30555555555557
66.3,168.3,35.9,89.6,79.1,100.0,102.6,60.2,40.2,36.1,21.8,27.3,16.6,15.5,56.7,26.6,83.3,41.8,40.4,23.1,53.9,38.0,122.64638783269962
76.6,163.4,38.8,115.4,96.2,99.9,107.4,59.3,38.0,36.2,20.7,26.0,16.1,13.5,57.5,23.9,76.2,47.3,36.2,29.3,54.6,37.7,165.45761589403975
71.5,169.5,37.7,94.1,74.5,103.4,107.5,62.8,39.5,38.3,22.7,27.2,16.2,15.0,56.5,25.7,82.8,38.4,39.1,23.6,57.5,39.0,140.8163120567376
59.1,154.8,37.0,89.8,80.1,98.4,100.8,58.0,38.4,37.4,21.3,24.9,15.3,14.5,52.4,22.5,74.5,41.5,33.9,21.5,55.3,38.8,122.30824372759858
66.5,158.7,39.4,95.2,95.5,101.6,105.2,62.7,39.0,35.5,19.8,25.7,15.8,14.5,49.7,22.2,74.3,46.2,34.2,23.8,55.0,38.1,130.9
67.6,154.9,38.3,99.1,103.2,104.5,98.3,60.7,37.6,34.7,20.1,25.3,15.3,11.0,50.1,22.8,72.3,45.0,34.6,25.1,53.2,33.0,148.46301886792452
79.2,160.6,39.1,109.1,104.2,114.2,109.8,68.4,43.0,37.6,21.1,28.3,15.5,14.2,55.2,23.7,74.1,42.1,37.8,27.9,54.3,38.5,147.8010135135135
65.2,150.8,37.7,100.5,96.6,104.9,100.4,62.7,38.2,34.3,17.9,26.5,14.9,12.2,49.0,21.2,71.2,43.0,35.5,26.1,54.3,35.1,135.52272727272728
75.3,173.3,39.4,93.1,84.4,111.0,102.7,67.5,42.9,39.3,21.7,27.7,16.5,15.9,60.4,27.1,85.1,44.5,39.6,24.4,58.9,39.6,124.25
51.7,156.0,34.5,88.6,75.2,91.8,102.7,54.2,33.6,33.7,20.1,24.8,14.4,14.7,52.6,23.1,76.2,38.2,35.9,21.9,54.0,37.9,123.15057915057916
86.5,173.9,39.2,106.0,95.4,116.4,108.4,71.9,44.3,39.0,21.6,29.3,16.5,14.7,61.2,27.0,84.8,45.7,40.6,28.2,57.0,39.3,170.07462686567163
73.2,162.9,37.5,95.2,85.7,105.8,101.7,61.8,43.1,40.2,22.9,29.6,16.7,13.6,54.7,26.4,80.8,41.1,37.4,24.9,56.5,35.2,131.7596958174905
74.1,160.9,37.0,92.3,84.0,110.6,105.4,67.9,42.5,40.8,22.5,26.0,15.3,15.8,55.5,24.8,78.3,40.4,36.6,24.7,58.6,38.0,152.52664092664094
90.6,174.0,41.0,109.3,109.0,114.0,106.5,64.1,44.6,38.6,22.4,29.1,17.6,12.8,59.0,25.1,83.4,45.7,35.7,29.5,56.4,37.1,159.74615384615385
84.5,167.8,39.1,94.3,96.0,115.7,105.0,72.4,46.5,41.2,23.6,28.8,16.0,14.1,57.6,25.4,77.6,44.2,37.7,24.5,57.9,36.8,127.25241635687732
63.1,154.5,39.3,97.4,83.0,97.7,101.6,58.8,38.0,35.3,20.2,25.7,15.2,13.2,55.6,25.1,76.4,40.1,37.6,25.1,54.7,36.2,146.84923076923076
89.8,180.9,41.3,111.3,100.3,111.5,110.5,68.8,41.9,41.0,22.0,30.6,16.6,14.4,61.6,28.3,84.3,46.0,41.1,30.4,57.5,39.0,148.90135135135137
97.0,176.4,41.1,109.0,97.7,116.4,112.8,69.7,45.7,44.3,24.0,31.1,17.6,14.4,57.2,26.1,86.7,46.1,39.9,30.0,57.2,40.1,145.21262458471762
66.3,160.6,36.5,94.0,85.5,103.8,99.7,63.3,39.5,36.6,21.1,28.7,15.0,14.5,52.5,23.7,75.2,43.1,36.2,23.9,54.5,37.1,122.95057034220534
59.4,156.7,35.8,95.2,86.3,96.3,98.4,57.4,37.3,33.8,19.5,23.9,14.2,14.0,51.7,22.3,73.8,41.4,35.8,23.8,53.6,37.2,127.40520446096654
65.7,159.4,37.7,105.9,91.7,88.7,106.0,51.9,34.9,34.5,20.3,25.3,15.0,13.1,54.0,22.6,73.4,42.7,33.3,26.8,55.8,37.6,145.79383561643834
78.6,158.7,42.4,112.5,91.9,107.0,105.5,62.2,42.1,41.2,21.0,27.7,15.9,12.4,50.1,22.8,71.6,44.6,35.5,29.5,56.8,36.3,169.70338983050846
52.0,157.3,36.2,83.7,69.5,95.2,94.7,55.1,37.3,34.3,20.7,23.1,14.3,13.0,50.5,22.6,75.1,40.1,34.8,20.9,53.7,34.5,116.78300395256917
64.1,162.4,38.4,92.0,79.2,102.7,105.0,62.4,39.7,36.2,20.5,26.9,15.7,13.7,52.4,22.6,73.1,43.6,34.0,24.1,57.0,38.6,131.52592592592592
79.8,163.5,39.7,103.7,101.4,112.6,104.2,69.1,40.1,36.2,22.1,27.3,15.5,12.2,53.0,22.3,77.5,46.3,37.3,26.7,56.1,35.2,142.63174061433446
74.0,158.0,37.3,102.1,90.6,111.2,101.4,66.4,42.2,38.4,21.0,27.9,15.0,12.8,55.5,24.5,79.1,41.2,38.1,26.0,51.8,34.5,154.27610294117648
64.1,169.1,38.0,93.5,79.5,99.2,96.0,59.3,39.2,35.8,21.0,25.0,15.0,13.5,54.0,24.1,83.0,42.5,39.6,25.3,54.2,34.3,140.98622047244095
80.3,165.6,40.7,107.2,101.2,113.2,106.0,66.4,42.5,38.7,21.0,27.1,15.5,13.4,52.3,22.9,76.8,44.2,34.8,27.1,57.7,37.8,135.33554817275748
71.4,161.5,39.0,108.9,96.5,108.1,103.7,64.5,37.6,33.8,20.2,24.8,15.2,13.7,54.5,23.7,75.7,45.7,36.6,29.0,55.9,36.6,152.0778947368421
92.4,174.9,37.6,97.3,86.9,119.1,109.6,72.5,51.0,46.0,24.2,30.0,17.5,15.8,61.1,27.5,85.3,43.3,39.8,25.6,60.8,37.1,125.20220588235296
66.8,156.1,38.0,104.2,90.3,99.1,97.8,57.5,42.2,37.7,21.0,26.8,15.2,12.9,49.5,21.8,73.7,40.9,36.8,27.8,55.0,34.9,150.72472324723248
67.8,167.4,38.1,92.5,81.7,104.6,100.0,64.0,39.5,37.3,21.9,26.8,15.8,14.8,55.5,25.2,81.5,40.7,38.7,23.9,54.7,36.2,136.75490196078434
57.7,172.1,34.2,86.5,68.1,90.6,99.0,54.6,39.2,34.1,20.3,24.5,15.4,15.0,60.6,26.6,88.3,42.0,40.3,22.3,54.1,38.3,118.62857142857142
68.7,170.4,38.0,103.0,91.5,102.5,104.8,59.3,35.0,34.5,20.0,26.2,15.5,14.2,54.5,24.1,82.1,43.7,38.2,27.0,53.8,37.8,151.9672131147541
75.8,163.6,38.8,103.8,87.0,110.2,100.2,67.0,40.8,39.2,23.3,25.7,15.5,13.6,52.8,22.5,78.1,42.6,33.2,28.3,54.3,36.0,142.67781818181817
65.2,158.3,38.4,104.7,94.1,96.6,104.0,56.1,37.5,34.6,20.4,23.8,14.3,13.1,53.4,23.4,76.7,41.8,35.5,28.5,54.0,35.7,146.7301075268817
69.9,160.4,39.9,99.4,84.7,105.5,102.6,65.3,43.6,38.3,21.1,28.1,15.5,13.4,48.9,21.9,72.2,42.2,34.9,25.5,53.9,36.0,125.14388489208632
47.4,153.3,33.8,80.2,75.5,87.8,93.0,52.3,31.3,29.3,17.7,24.1,14.0,12.2,50.2,21.8,73.3,39.3,35.9,18.7,53.0,34.3,108.99768339768339
55.8,159.4,33.8,93.1,74.2,99.1,99.1,56.6,36.8,34.6,21.3,23.7,14.9,15.0,54.3,23.1,74.6,41.7,33.9,24.2,52.3,36.0,137.77298387096772
76.8,171.9,37.6,99.0,96.0,111.0,104.8,64.7,41.8,37.5,20.7,26.0,15.0,14.7,58.7,25.5,81.2,47.8,36.7,25.2,54.7,38.5,129.7607142857143
83.2,168.7,39.1,108.2,104.3,108.9,103.6,66.0,42.3,37.3,22.3,26.2,16.2,14.5,55.5,23.7,77.9,44.7,38.6,29.3,58.2,36.8,139.16758620689654
71.7,161.3,39.9,101.6,97.1,101.6,105.1,61.6,38.3,37.5,20.2,26.1,15.7,14.2,52.5,23.7,73.2,44.6,38.1,26.9,57.0,37.8,139.65635738831617
76.2,164.4,40.2,109.3,98.2,106.3,105.4,64.0,41.2,37.0,21.3,28.8,15.9,13.6,56.6,25.9,79.3,44.4,38.6,28.6,55.9,36.3,153.4035087719298
63.2,161.6,38.0,92.2,83.7,105.1,99.6,62.3,40.0,37.0,19.9,25.8,14.6,13.6,53.0,23.0,76.3,45.0,35.7,24.3,55.8,37.6,130.78740740740741
61.0,164.1,38.1,90.2,89.1,97.4,99.7,59.2,37.2,34.3,21.0,25.9,15.4,13.5,54.2,24.9,78.3,46.2,40.4,21.9,56.1,36.1,110.42867647058824
